Depth,Qc,Fs,u,andrus_2007_holocene Vs,andrus_2007_pleistocene Vs,andrus_2007_tertiary_age_cooper_marl Vs,robertson_2009 Vs,hegazy_2006 Vs,mcgann_2015 Vs,mcgann_2018 Vs,Ic
0.06,0.967,0.04,0.0096,68.08114003312966,82.88138786641872,136.17693002138336,56.40576842135652,78.39552773166822,30.7621200139554,86.41556554773925,2.9057366173806054
0.08,1.2095,0.0489,0.0064,75.08150375128652,91.40356978417489,152.5011060575667,64.4528835076534,91.27994204341292,34.9932855246454,95.55709914274358,2.8258682572126665
0.1,1.6633,0.056,0.0042,83.07889468925862,101.13952396953223,176.00701112439208,72.4641871413805,100.46876987143655,39.421867494979296,103.1476602893918,2.6697175826831026
0.12,2.2714,0.0621,0.0092,90.80220621710404,110.54181626430058,201.91493405901687,80.14980876196014,107.79346341806644,43.74849261689898,109.73144328967017,2.507838783530276
0.14,2.6984,0.0637,0.0021,95.50257464553698,116.2640039163059,218.85015706691942,85.41070537519836,111.82095508583637,46.90987774127864,114.6194872914848,2.410386285166591
0.16,2.8595,0.0628,0.0018,97.857200540303,119.13050500558627,226.7242137078405,88.74100648059336,114.26264974862208,49.03425747205705,118.3895613533115,2.3708520022574806
0.18,2.8978,0.0591,0.0029,98.84786704592679,120.3365337950413,230.56595404040257,90.59254910656227,114.03050633320991,50.50835114388898,121.02340786131624,2.3453849071063746
0.2,2.8621,0.0536,0.0005,98.88652011296777,120.3835897027434,231.85212943066009,91.30807966161521,111.64632147164865,51.49765472045163,122.71318675895338,2.325818638920047
0.22,2.7417,0.0486,0.0015,98.35332356827303,119.73448086572368,230.25280453990914,91.48636597882948,109.3846344273409,52.12871372382842,124.07856329992033,2.3250263266006765
0.24,2.6454,0.0443,-0.0004,97.89536935012522,119.17697138276114,229.06852773546177,91.63623336442099,107.21271077724307,52.72381309170776,125.28876258736732,2.321925593726683
0.26,2.6198,0.0421,-0.0003,98.19596806500775,119.54291764435726,230.03618853854337,92.56795934227014,106.81939219253677,53.6076092759368,126.99887362036097,2.3142383730156375
0.28,2.5783,0.0394,0.0006,98.1783920248177,119.52152072586503,230.33375563516725,93.06593581197534,105.57311333617322,54.298265749624456,128.2770942574057,2.3063379278173772
0.3,2.5471,0.0385,0.0012,98.60332203971413,120.03882683095634,230.84514798241935,94.17165536766026,106.3410564796299,55.14693701746896,130.13258835795958,2.3076866939881215
0.32,2.5069,0.037,0.0002,98.74511199901764,120.21144069445626,230.90274555134982,94.87739368548873,106.20394591562669,55.832360509861644,131.57777493674902,2.3071375671914045
0.34,2.4317,0.0365,0.0008,98.88858320024653,120.38610128725664,229.61502596626974,95.75388753728635,107.40476430594178,56.469027563827325,133.34530459718383,2.322170957853338
0.36,2.3382,0.0339,0.0016,98.24822659544519,119.6065367248898,227.4980956436664,95.50132640960595,105.60746012294703,56.70161798071188,133.95532214323953,2.3268721611255128
0.38,2.2386,0.0303,0.0001,97.13910680256207,118.25630393355382,224.92413745081788,94.54359627806046,102.04226391490374,56.670104952539006,133.78960550051127,2.3249421711801426
0.4,2.1372,0.0277,-0.0008,96.1992782216836,117.11216479161483,222.0864492368591,93.85877956288972,99.62953945275322,56.67793584259151,133.91960430070606,2.3308048183414796
0.42,2.0722,0.025,-0.001,95.36864349473791,116.1009572979418,220.54047271039124,93.12124614292317,96.60226767297641,56.71217544077797,133.75672337609603,2.324413661243089
0.44,2.0671,0.0226,0.0,94.97612530815289,115.62310907079483,221.36719156521002,92.70173525220311,93.55587650574861,56.95091704540627,133.573730304038,2.3015894695262356
0.46,2.1035,0.0213,-0.0017,95.22657434181286,115.9280035465548,223.8020689233622,93.05711786557964,92.11140698213701,57.52064266265542,134.06536962447814,2.2773905687987677
0.48,2.2061,0.021,-0.0027,96.29986737558909,117.23462115289107,228.85782147250796,94.35272955974523,92.19809381307472,58.536818746943666,135.31474492838262,2.2456213126272293
0.5,2.3476,0.0207,-0.0026,97.55851971445257,118.76689356542053,235.31120169379736,95.8011249850313,92.15643615534694,59.665995827344915,136.52680587249367,2.2049914254000598
0.52,2.4317,0.0201,-0.0043,98.26070760536865,119.62173099784012,239.3988406379915,96.70691676468212,91.70193772342103,60.47878594911366,137.39781388106763,2.17739837196591
0.54,2.4126,0.0204,-0.0017,98.75845236649197,120.2276811418163,239.61313603756957,97.70861652134568,93.14664147379082,61.12241126446481,138.97532227190786,2.185318273143267
0.56,2.4452,0.022,-0.0011,100.12588606744964,121.89238303863436,241.72341120636366,99.82902158167471,96.84922237579586,62.2518767259014,141.65757443379354,2.194677955077049
0.58,2.526,0.0234,-0.0008,101.64925573910435,123.746920030214,245.6010351571408,102.01107824301613,100.00269816653656,63.481345514707584,144.10634592647068,2.1895943511444353
0.6,2.6336,0.0246,-0.0007,103.20117960182576,125.63621864570094,250.3870328252781,104.15571398414095,102.67905104834637,64.73671498044496,146.34087731330877,2.1763398465351753
0.62,2.7375,0.024,-0.0007,103.93337361181399,126.52758526655617,254.94211722748054,105.09392615960255,102.14337780234727,65.56004457229244,147.12915300308632,2.1472279829245844
0.64,2.7732,0.0234,-0.0007,104.269568844573,126.93686641948018,257.0137723460509,105.68024272884938,101.76051203340943,66.12566666369483,147.84253856921774,2.133555292916283
0.66,2.7282,0.023,-0.0008,104.25604618441085,126.92040405058714,256.1901799980616,105.99683579061752,101.91551408450562,66.44168240827838,148.64642670092644,2.1394670636830315
0.68,2.6717,0.0233,-0.0007,104.47615175918267,127.18835866335283,254.90383847079113,106.70843344236455,103.37559227002582,66.86568062029856,150.002676748308,2.1551674222025907
0.7,2.6567,0.0238,-0.0003,104.99487768232053,127.81985109152066,255.09328756932692,107.73659225045085,105.0889967317633,67.47086652882405,151.51816378295052,2.163590602131771
0.72,2.731,0.0248,-0.0001,106.21025438455331,129.29944012032578,258.51848818546983,109.5193400938057,107.46120176545661,68.50559951707774,153.45193744535945,2.156740436746058
0.74,2.829,0.0265,0.0002,107.82143148244927,131.26087310906868,262.73988434903316,111.84810425650237,111.00960671628539,69.76358549984604,155.89759947089507,2.151342596967268
0.76,2.9271,0.029,0.0003,109.7084151774916,133.55807065085935,266.88870042727376,114.63114789630427,115.91065194794866,71.15903404611132,158.84332592741526,2.1526932339041456
0.78,3.0605,0.0331,0.0,112.29853958570261,136.71126558259448,272.1657104977977,118.43321296496654,123.30217806950708,72.93230664708298,162.71672428842973,2.15866674048244
0.8,3.1867,0.0356,-0.0004,114.17235799741658,138.99243582294193,277.08744339085064,121.16870892881731,127.84075726414373,74.32387071291267,165.36924613220577,2.1526837463151565
0.82,3.3665,0.0367,-0.0002,115.7637746656641,140.92981263646067,283.6540681164294,123.31815836047684,129.84983439964836,75.62041883060893,167.1330621345043,2.1270827993222223
0.84,3.4862,0.0388,0.0005,117.37827649672803,142.89529312645152,288.1612456353236,125.72094275306178,133.65086706819034,76.86687560811458,169.4197147227673,2.120161554755123
0.86,3.4882,0.0418,0.0008,118.72146359248875,144.53047741694283,288.90057407712,128.06027994504083,139.21924306379915,77.85753008294321,172.09015684181014,2.1393565267174437
0.88,3.3744,0.0474,0.0001,120.21242179136661,146.34555696340283,285.90403758321844,131.0942070958474,149.16402322543559,78.80139635261689,175.9031879724092,2.1934284086083466
0.9,3.1557,0.0555,0.0009,121.52783268064034,147.94692674164912,279.31084121732516,134.51472057549387,163.15273763010697,79.5688974805136,180.48225409072373,2.278047265741194
0.92,2.9013,0.0627,0.0031,121.9537629357749,148.46545053050858,271.10852143316583,136.976344269391,175.9084104420568,79.89827164362566,184.27483947771157,2.364172154988487
0.94,2.5914,0.0695,0.0003,121.41405198756078,147.8084111152914,260.1724086840295,138.58686721432923,188.57845305125585,79.75925091954267,187.6200649325051,2.463883102420796
0.96,2.234,0.0776,-0.0075,120.03379163962721,146.12809416998095,246.2089781208364,139.86619113860087,203.84014870913282,79.25300259403836,191.134734042747,2.58893821167548
0.98,1.9159,0.085,-0.0086,118.11658998051524,143.79410954149682,232.60984628919303,140.60997877962583,218.37875051091072,78.55650104677554,194.20212238889235,2.7115618312300227
1.0,1.7168,0.0893,-0.0186,116.49134185837444,141.81554661019499,223.279913569194,140.901783538092,227.93219706942054,78.07969920163889,196.29415633797376,2.796216886963089
1.02,1.5762,0.0922,-0.027,115.15378150278264,140.18721226425714,216.31388947740695,141.09888843691334,235.13310119531678,77.75661888054657,197.97618101067036,2.860715122097575
1.04,1.5116,0.0914,-0.0252,114.3942862305605,139.2626093241606,213.30883596502343,140.91685908972804,236.1895982673194,77.65162289275696,198.66439024671348,2.884110712888563
1.06,1.5023,0.0896,-0.0224,114.32928889720492,139.18348213572773,213.26887510245996,140.99252223955529,234.96437093169345,77.86591268580325,199.09950482876545,2.8816240938813276
1.08,1.5837,0.0898,-0.0174,115.86077877792313,141.04790459921077,218.1524209718401,142.6111091959779,235.148837181114,78.88318964186229,200.1794395007269,2.8486108646318415
1.1,1.7609,0.0863,-0.0107,118.12256207910595,143.80137992238986,227.76550161168922,143.9504839339555,228.84967580819657,80.24161876264127,200.2312898133494,2.769598995097432
1.12,1.9764,0.084,-0.0063,120.68491817174304,146.9207699482089,238.57112109103656,145.78565530678995,224.0640217662249,81.81286317369903,200.6123642523881,2.6892260255012945
1.14,2.2074,0.0828,-0.0147,123.19647715554893,149.9783200154509,249.15799231976308,147.8608568722532,221.02200419596267,83.43586238638987,201.3007283492496,2.617419224658117
1.16,2.4063,0.0805,-0.0211,124.9725908457372,152.14054537741922,257.8625031663503,149.16731007421043,216.91895095766495,84.69008507160923,201.5779756306913,2.5562397666337002
1.18,2.5316,0.077,-0.045,125.66251155072578,152.98044884436183,262.9743530822419,149.3717132257447,211.8562652944225,85.40211845088668,201.36075047849423,2.51409245529588
1.2,2.6362,0.0735,-0.0327,126.20702741854289,153.64333772692177,267.749990811161,149.44408749346803,206.78780709501507,85.97119070422704,201.05978072176774,2.474031389855445
1.22,2.6968,0.0734,-0.0392,126.91124352230487,154.50064428802332,270.4339832823963,150.41559308782786,207.09532798114495,86.64047954630364,201.90057743740718,2.460216115761816
1.24,2.7304,0.0786,-0.04,128.38610296064712,156.2961253433965,272.1489144996897,153.2058976992482,215.3479920797282,87.6850807871768,204.56364200931142,2.4728352433257776
1.26,2.7738,0.0836,-0.0426,129.85151537903783,158.0801056788287,274.1960269137374,155.91311635477717,223.11610472014203,88.72924299392123,207.0709020797697,2.481675246629992
1.28,2.7768,0.0897,-0.0475,131.12625301575673,159.63196019309515,274.6597102503397,158.67080219865414,232.64794435012868,89.65497418499423,209.81142110868674,2.502665168444489
1.3,2.7799,0.0986,-0.0524,132.76318125159338,161.6247423932441,275.12132576580024,162.24494401467055,245.86992521028998,90.76659837858358,213.24420524682193,2.5311859858238708
1.32,2.7074,0.1014,-0.0324,132.88626219725492,161.7745800662234,273.073302076675,163.35156416755433,251.24324123787562,91.01774579628886,214.8081634839656,2.554390420409713
1.34,2.5406,0.0924,-0.0353,130.3334553538592,158.66681521339382,266.83415686298076,159.92483435916364,241.33147919137758,89.86996175375755,212.93701131967597,2.5661160077473797
1.36,2.4049,0.082,-0.0364,127.68249233579851,155.43955588705907,261.6283289991138,155.96145918469887,228.4707132653,88.6474322706879,210.35896144197346,2.5647177124258467
1.38,2.3338,0.0706,-0.0392,125.24612836283612,152.47354757214833,258.9507559011978,151.70158799328976,212.56853436440088,87.52984566921904,207.0224511370685,2.5396869186690427
1.4,2.4429,0.0638,-0.0368,125.12554172446677,152.32674644717696,263.9593375602131,150.23744208018277,201.54974990297708,87.72026854583953,205.12913032386376,2.4816479316826543
1.42,2.9622,0.0601,-0.0342,128.5026995916295,156.43806906807072,284.6886585245646,152.46907197221367,192.60518194281488,90.09756095789777,204.56547294676753,2.3444985268790552
1.44,3.6079,0.0563,-0.0355,131.56703211426787,160.16856083476088,307.4719019207986,154.6666478658515,183.591143548628,92.55064278920221,203.85212381921545,2.20403848897527
1.46,4.0633,0.0526,-0.0396,132.86228499975263,161.7453904344815,322.2000167966056,155.4535904004158,176.18741986654658,93.97845340045079,202.94337495735476,2.112045073808933
1.48,4.183,0.0512,-0.0023,133.2217542148546,162.18300513112735,326.7151773246573,155.84580988790884,173.95585908161365,94.51793813914591,202.97384301307565,2.084477676986738
1.5,4.2592,0.0503,-0.001,133.46713802663754,162.48173324981963,329.43014361701313,156.2230104365847,172.76521058214192,94.97833951799507,203.2224624705633,2.068523071712799
1.52,4.3511,0.0503,-0.001,134.04189648509214,163.18143919924262,332.56358679312956,157.13105115419805,173.0132166076428,95.62220377619605,203.936825286282,2.0554586213107555
1.54,4.3919,0.0516,-0.0012,134.8305374911828,164.14152390230953,334.1812642019068,158.5171947587036,175.61018589549462,96.30314282557325,205.3064469246485,2.056734507471287
1.56,4.3879,0.0527,-0.0014,135.3794700199536,164.80978958950877,334.48952530255264,159.603431212776,178.03072709726158,96.80587400412432,206.54199068694768,2.063127767677953
1.58,4.3656,0.0537,-0.0017,135.8196525241952,165.3456639424985,334.2566481162144,160.5524311871375,180.3516478450664,97.2296419299379,207.7078836562048,2.071494021064481
1.6,4.3486,0.0553,-0.0018,136.45313646883906,166.1168617881519,334.1734026038009,161.824719400485,183.63831858975735,97.75335832429064,209.1607373193704,2.0820572618590343
1.62,4.2993,0.0576,-0.0017,137.14566501972695,166.95994002401542,333.1315193490055,163.29636002307154,188.18969193416157,98.26239365818476,210.9158027772912,2.1004533045830556
1.64,4.2254,0.0593,-0.0015,137.53512842686558,167.43406938922766,331.33679438744315,164.33351773392755,191.8608911089698,98.59001201589915,212.34585161002022,2.119322286164752
1.66,4.1565,0.0608,-0.0018,137.86365703566315,167.83401726080731,329.65365057817786,165.2712900198641,195.1949504393017,98.89370995800229,213.66488460230767,2.136564515902997
1.68,4.1676,0.0598,-0.0028,137.84268163885915,167.80848199513287,330.3684871119123,165.33596379804564,194.12247391212884,99.12508890150713,213.85593833798845,2.130362905893751
1.7,4.338,0.0593,-0.0021,138.62635645224753,168.7625208983883,335.8680311847126,166.34342800547722,193.16525560420678,99.9576086256971,214.32675337342786,2.103303294683712
1.72,4.6338,0.0595,-0.0041,140.03732935674068,170.48022704298864,344.81571337903955,168.18996544587816,192.88102378530806,101.26855392674192,215.16101974514817,2.0637523174398025
1.74,4.8243,0.059,-0.0172,140.7595808159447,171.35948968897617,350.41365720484185,169.18484339539947,191.9368169894735,102.11411344580821,215.6189320189641,2.0373160023800603
1.76,4.8286,0.0571,-0.0218,140.39485466230602,170.91547524106818,350.8762209399398,168.71179665739274,189.38266250380056,102.17423594840572,215.32647534576245,2.027942349662076
1.78,4.7044,0.0531,-0.0032,138.9314400237426,169.13392698542577,348.0039311050562,166.6007513776572,183.6704218196745,101.49812971031334,213.87244538574507,2.0230047700619274
1.8,4.5402,0.0486,-0.0007,137.0553662733183,166.85001111534405,343.72192163540063,163.8840254908186,177.0161590293497,100.55257287474525,211.96725177938671,2.020709927515316
1.82,4.3573,0.0456,-0.0011,135.53412216521673,164.99806176635082,338.73018480119794,161.80769885602808,172.82111022123817,99.7376348704396,210.74314423848614,2.0289833095952647
1.84,4.1758,0.0434,-0.0017,134.23856216638325,163.42085828951005,333.62186775358555,160.12172843648503,169.92844025499863,99.0228315316644,209.90645937451552,2.042088095510715
1.86,4.0248,0.0418,-0.0015,133.233023747067,162.19672456164676,329.31498088727295,158.87494616940495,167.95130541977457,98.48798058996314,209.39897658435456,2.0548528059596194
1.88,3.9223,0.0415,-0.0011,132.87794851709415,161.76445906428856,326.43598361745313,158.63415099713094,168.21272099625443,98.35616197223942,209.729801507683,2.068823670777046
1.9,3.8803,0.0443,-0.0008,133.88378346291915,162.98895378094508,325.4409048044786,160.60005685910002,174.0983562537742,99.02832586446573,212.06768919965293,2.0927090403787756
1.92,3.8785,0.051,-0.0008,136.2711611561149,165.89532662483558,325.7207087461481,164.93719468570245,186.82842790117937,100.47811426534994,216.55848336308958,2.1310540292471187
1.94,3.847,0.0592,-0.0007,138.71046008388896,168.86490792821266,325.04217816368924,169.6062070545112,201.8491823126727,101.90300720247106,221.36314640258985,2.1775257336865517
1.96,3.7597,0.0649,-0.001,139.9561084762941,170.3813494494015,322.52745444372005,172.43448590474412,212.49884602218066,102.63686551013221,224.56831774069175,2.2178864046377647
1.98,3.5698,0.064,-0.0011,138.88002833549822,169.07133884321524,316.5203944117605,171.43687527642413,212.58877197912472,102.04327845532735,224.65133818845433,2.2460361139945615
2.0,3.3646,0.0643,0.0,137.93960549222987,167.9264762514103,309.7661058651922,170.8760079524052,214.85631803670591,101.49954326919894,225.26155525556885,2.2840149331306314
2.02,3.1841,0.0772,0.0073,139.86367452662947,170.26882116285327,303.72023490246977,176.0956521784935,238.0974608487805,102.5198174664157,231.16708812920788,2.3708193316047663
2.04,2.9992,0.0881,0.009,140.79253371519286,171.39960626197393,297.1815003020713,179.78517175326968,257.56306970464067,103.04259599132469,235.65295825787513,2.4471789947997746
2.06,2.8309,0.101,0.0127,141.768674974387,172.58795214273204,291.04736626113345,183.84646096169635,279.6144777760684,103.63554041100055,240.36663424658883,2.5242104627064923
2.08,2.7732,0.1057,0.0148,142.16248670558252,173.0673751198396,289.08255188399863,185.52185015196227,287.96975618366235,103.99846893288063,242.34696670668092,2.5508354303425524
2.1,2.7767,0.1035,0.019,142.05299319134588,172.93407866772543,289.56577231016075,185.26469059899458,285.3315451813746,104.11253144394314,242.27332336881187,2.5432822319968342
2.12,2.9288,0.1084,0.0233,144.27527486263986,175.6394650501703,295.85538148966083,188.54283811378917,291.861379208865,105.59660166551893,244.41622874597383,2.524108253154862
2.14,2.8752,0.1093,-0.0003,144.0415916225411,175.3549811057022,293.66909460214185,188.84600793894379,294.55322669517784,105.66387319239563,245.22751923704752,2.54033842935801
2.16,2.4807,0.1076,-0.0199,140.21179307175635,170.69261765257295,277.47364451770477,185.54077946126293,297.1129613559272,103.57503193315493,245.03718754976546,2.6296390730083985
2.18,1.9914,0.0954,-0.0819,132.84079273856395,161.7192259425996,254.00274503978753,176.95236546914268,285.37588096666116,99.60704763180435,241.40391548725313,2.7390777977637333
2.2,1.6032,0.0832,-0.0835,125.8192983992338,153.1713197903716,233.60339272284145,168.48705665521223,271.61043094654013,95.69732401421979,237.31524343465463,2.8371009876138302
2.22,1.3021,0.0729,-0.0865,119.31453508923389,145.2524774999369,215.44272309151646,160.52667283349425,258.9160455071168,92.09140938722297,233.44791783653636,2.93327932830616
2.24,1.1344,0.0705,-0.0873,115.74607786119803,140.90826870058893,204.2150778812713,157.08312013777157,258.29340228036864,90.2553187209732,232.72463576617912,3.014086809999329
2.26,1.0498,0.0701,-0.0871,113.94999099858605,138.72172817219172,198.23420536684276,155.61870600915194,259.8626229649711,89.4321991898892,232.94249427857324,3.06375041959552
2.28,0.9871,0.0648,-0.0854,111.84742047320191,136.16207709781102,193.67979945192025,152.38659541069407,251.21690589331422,88.28205659967435,230.9831475041458,3.0813341598860617
2.3,0.9353,0.059,-0.0837,109.82676902550224,133.7021535962636,189.802512571804,148.95585009774524,240.8504735652336,87.13162485087938,228.59814207075578,3.0897588346624096
2.32,0.8821,0.0528,-0.083,107.57773997057673,130.96420518157166,185.62015342451355,145.07389021130027,229.11396563555215,85.8137073221066,225.7186568938786,3.097092735464175
2.34,0.8219,0.0451,-0.0828,104.70413596347056,127.46590465118156,180.62763981982695,139.93341164279528,213.31865921663174,84.04084637424077,221.50522660715404,3.1002586186731835
2.36,0.7783,0.0394,-0.0824,102.47407528494703,124.75104817297901,176.90243404744712,135.83533899645653,200.76822176057243,82.64921226367558,218.02961556128898,3.099699919116113
2.38,0.735,0.0357,-0.0818,100.54598325178391,122.40380569782388,173.06310074152458,132.68380142488343,192.58468704205688,81.49351603643515,215.62103181631716,3.111658108609324
2.4,0.7091,0.0318,-0.0816,98.97770701356563,120.49459984260164,170.7402948900228,129.59142082714646,182.92881654739816,80.48591340353283,212.79624520413526,3.105083257953122
2.42,0.676,0.0281,-0.0815,97.1360961788009,118.25263882636632,167.6331897278359,126.2343259853294,173.43798064146094,79.30004678125573,209.7676293531656,3.1051832160237813
2.44,0.6086,0.0262,-0.0813,94.56115216848842,115.11792437902938,160.81644359756476,123.16564434412602,169.71606627130944,77.83501302508641,208.1385888398954,3.1597355466745856
2.46,0.5519,0.0255,-0.0812,92.47721926707173,112.58096258600037,154.68726040480368,121.12340403301107,169.37063024699154,76.74825582279902,207.68557243407872,3.221727646038239
2.48,0.5196,0.0259,-0.081,91.4614356994391,111.344356503665,151.05868188319604,120.5495886760051,171.81620100898877,76.35467399173929,208.43994583652494,3.2691441691115153
2.5,0.5231,0.0273,-0.0808,92.06174353610338,112.07516604395195,151.60412823472677,121.82016860899142,176.1812026187148,76.93480277758684,210.3087047449861,3.2786260000741474
2.52,0.5631,0.0297,-0.0806,94.2792588349543,114.77474988603133,156.35790038987466,124.884196075823,182.1713863070728,78.4748103071672,213.17033295891085,3.2489363716052027
2.54,0.6409,0.0316,-0.0803,97.5629003036586,118.77222645662786,164.91020051534792,128.46882996869877,185.35751596682795,80.54033342604302,215.53224593267205,3.174977721109349
2.56,0.7115,0.0333,-0.0801,100.30401747870003,122.10923866972179,172.1290223875038,131.48476785678392,188.25737379178372,82.29711122743113,217.6047199997106,3.1171549848098
2.58,0.8375,0.0349,-0.0799,104.31562969511543,126.9929404984014,183.86096933798675,135.42051808202072,189.62075548780078,84.76419173275052,219.63266645119333,3.01915625386215
2.6,0.8995,0.0358,-0.0798,106.19899006874982,129.28572704021718,189.3016865896645,137.34482681293233,190.78669786439028,86.00602441812437,220.9084937968348,2.978292152520697
2.62,0.8857,0.0349,-0.0797,105.74908651086835,128.73801836105713,188.28993520250677,136.59347846194197,188.90670362908108,85.81621768547026,220.58054670994497,2.981985250099604
2.64,0.8643,0.0329,-0.0796,104.81727469429084,127.60363875826712,186.61363721913602,134.91931746896654,184.22247901214135,85.27675462830551,219.27662242761562,2.98274347716227
2.66,0.8049,0.0308,-0.0796,102.84149930706566,125.19834698251472,181.53571431980356,132.32988121519546,179.9187131448165,84.12236328564802,217.70524530307313,3.0134273432394996
2.68,0.7768,0.0273,-0.0794,101.21184107392263,123.21441522042755,179.12133514244357,129.19811605663028,170.69404646058004,83.03196630195382,214.66799036420048,3.0058682231473335
2.7,0.7611,0.0247,-0.0792,100.09522311708713,121.85505422949738,177.80549333700762,126.84662052172627,163.39082874042666,82.27320285910687,212.25995137649127,2.993926247594648
2.72,0.7536,0.0217,-0.0792,98.98491069386664,120.50336954035939,177.23279628909847,124.14395875772554,154.2780398671264,81.44462432000947,209.09146047431318,2.96784928518816
2.74,0.7733,0.0205,-0.079,99.16804791480646,120.72631920063395,179.20663107674704,123.52706582692255,150.1474232985773,81.52863354206059,207.97561873597576,2.936249906711521
2.76,0.8039,0.0198,-0.0789,99.77596300143722,121.4663897408801,182.13646533934798,123.5626810020888,147.44543012450586,81.91488968814316,207.4792755540069,2.901637566813132
2.78,0.8299,0.0185,-0.0788,99.97926786293415,121.7138913113981,184.59505476081299,122.85524861138055,142.81483899077594,81.99308740323612,206.08017008922178,2.863754489014306
2.8,0.8252,0.0188,-0.0786,100.09141638283899,121.85041994432574,184.3165753542885,123.15754405786839,144.00539123535668,82.1991610067955,206.8777556141257,2.871700926094026
2.82,0.8026,0.0193,-0.0785,99.84085778732896,121.54539208892221,182.4222186847052,123.30010238367052,146.14579814098215,82.21218865298147,207.91629316061432,2.8970722847032455
2.84,0.8487,0.0193,-0.0782,101.05444937073915,123.02280792959549,186.6629948664768,124.29104018903217,145.54217961579272,83.03901391470507,208.3744788752498,2.8597233677463403
2.86,0.9795,0.0207,-0.078,104.59869744954061,127.33754472117988,197.71687021888147,128.10066726364616,148.36054654413522,85.43144621062527,210.87735203560305,2.7818801328429807
2.88,1.1686,0.0214,-0.0779,108.53462783630822,132.12911214854915,212.10968434619255,131.7935094770686,148.40894367203185,88.04347284110601,212.44209368237858,2.6745854886212035
2.9,1.3248,0.0199,-0.0779,110.44956442726512,134.46033930275755,222.96339224663467,132.511438072018,142.42827391076412,89.28097364319973,211.0091369477234,2.5759696523062576
2.92,1.3481,0.0179,-0.078,109.89981500987113,133.79107914245182,224.64087447402756,130.80117640614205,136.0919456747912,88.8916650072409,208.51267240490517,2.539820437255437
2.94,1.3043,0.0166,-0.078,108.67742326588431,132.30295006281568,221.90332422168694,128.89703686367736,132.31948430407195,88.08494983636129,206.78521077654455,2.54357087070175
2.96,1.2531,0.0177,-0.0779,108.58428582738182,132.1895653550735,218.59620841814734,129.54606477357632,136.4205431625489,88.21219826394109,208.81330985329814,2.5843985262269857
2.98,1.1608,0.0168,-0.0779,106.73777340561365,129.9416371894427,212.26818095934954,127.36916731093676,134.35964505040945,87.03134200906284,207.63754320186902,2.621726136108722
3.0,0.9984,0.0151,-0.0781,103.02811184715574,125.42552746610265,200.15689953752522,123.01308762683126,130.11677144477434,84.56924956841195,204.89591021481564,2.695268287365636
3.02,0.7942,0.0144,-0.078,98.34692437920327,119.72669054859529,182.9148108408899,118.56157396600246,129.96826529163835,81.65706069203242,203.63298010976072,2.836262276985325
3.04,0.6401,0.0122,-0.0777,93.16675782335294,113.42040082842968,167.9009802558309,112.40175684359112,123.5228933971483,78.22115642910047,199.30572963812241,2.944989339936362
3.06,0.5631,0.0081,-0.0772,88.34577393648827,107.55137696615964,159.55654449977672,104.22905978714898,106.0502420491188,74.35958410305058,189.10571836396895,2.943169815246314
3.08,0.5521,0.0065,-0.0768,86.82902398001555,105.70489875827981,158.40663662559516,100.99413875232585,97.87132100485668,72.93857703741025,184.0487000659989,2.9111409044482572
3.1,0.5696,0.0062,-0.0764,87.19753593918574,106.15352201292178,160.5448722049939,100.91576384287121,96.10389011216755,73.11171330895355,183.26367929791,2.8801233983558787
3.12,0.6066,0.0071,-0.0759,89.15942478565623,108.54190843471193,164.80771766492535,103.72315335732438,100.64244547724215,74.74552377834786,186.9123211822539,2.8644175550133864
3.14,0.6494,0.011,-0.0756,93.19835276278647,113.45886423295745,169.5127871056857,111.26725354158606,118.64567632153053,78.41544781686953,198.2789435824693,2.912107348923739
3.16,0.7717,0.0122,-0.0752,97.23068974984564,118.36779621720338,181.75438373493208,115.74440980700008,122.19505059135797,81.22529212667276,201.5461396358308,2.8182379976807996
3.18,1.0559,0.0134,-0.0748,103.96660649086039,126.56804268452568,205.91909269086867,122.46779019444219,124.12542449952397,85.79143701689901,204.8199468933952,2.6323556335148313
3.2,1.5165,0.0146,-0.0744,111.58636545845759,135.84427099290488,237.45474689910273,130.11621865895452,125.3820124676665,91.18682862973588,208.0016619596101,2.4198945742368334
3.22,2.2578,0.0216,-0.074,123.09141348933274,149.85041642179638,277.35075125643806,144.9540029459351,143.04749127632596,99.92913409434581,219.85864702676022,2.2593707174799387
3.24,2.9754,0.0287,-0.0736,131.78614318367227,160.43530474534015,308.7799180514402,156.69605178277988,158.2597392784906,106.64587575412162,228.95837032836772,2.1556000338526893
3.26,2.9683,0.0339,-0.0677,134.18374142100092,163.35411999078374,308.78273764209024,160.9839034760966,170.64594592477735,108.27794702157101,234.329155112629,2.1982950714358367
3.28,2.7293,0.0382,-0.0618,134.37550155905882,163.58756711537598,299.22726595449564,162.68622354320757,181.80281265922483,108.22644531071134,238.2159597186704,2.2812957094327473
3.3,2.4903,0.0365,-0.056,132.03780559900952,160.74167638140293,289.11461904253264,159.86404412269854,179.56851599041997,106.58479305780793,237.01406393205568,2.3264339054816197
3.32,2.3208,0.0326,-0.0551,129.23938985934595,157.33490939398635,281.54449490023745,155.73967468058126,171.62360004043933,104.69913705063028,233.79310437632205,2.341489682968019
3.34,2.4897,0.0246,-0.0536,127.10822833712592,154.74045188867504,289.47796421626816,150.38861807588052,150.71867517919588,103.49327386280592,225.85029563262304,2.227558177513146
3.36,3.0501,0.0201,-0.0551,128.96167564100327,156.99682251948224,313.1809835370636,148.39511237259973,135.09257338197833,104.96551529867803,220.65969026449847,2.0697021102428153
3.38,3.8373,0.0191,-0.0585,132.94457016287325,161.84556367654136,342.24591830756384,150.31014973482667,129.12139754207496,108.21367437964807,219.90333149834888,1.9347778739956552
3.4,4.3705,0.0175,-0.0654,134.2429757998102,163.42623140846462,359.912311082879,150.58391128366662,123.7087690175828,109.64216484161766,217.9509659189569,1.8467808925620808
3.42,4.8108,0.0184,-0.0661,136.701591537765,166.4193288285835,373.64467762933947,153.0052425813281,124.90508683606424,111.81401731784008,219.85841122049308,1.8053417748770604
3.44,5.219,0.0205,-0.0675,139.61720424358853,169.9687703834991,385.7246068310568,156.52005787673681,129.02832105517427,114.33763668189683,223.43293443078417,1.781892743834337
3.46,5.5453,0.0248,-0.0688,143.37169170440293,174.5394507705775,395.02492819523724,161.83048732636135,138.07269082438617,117.36691105452331,229.47203774363058,1.7853635125146652
3.48,6.1345,0.0194,-0.0697,141.92059986113165,172.77290417876895,410.863691707141,157.78516317347626,124.7101135756682,116.87041790864644,222.75276053841765,1.6883607428171323
3.5,7.0465,0.0197,-0.0703,144.4304336878959,175.82835405482982,433.54615408322076,160.27678326912329,124.04165947803443,119.56872928552778,223.75079321850032,1.6191751035734865
3.52,7.6465,0.0216,-0.0739,147.01663604879357,178.97677432027044,447.56801810176603,163.52979165076542,127.23589670705404,122.10542865769584,226.90896812369434,1.5922571739445992
3.54,8.0127,0.0248,-0.0774,149.8210976179553,182.3909014479456,455.8938895430382,167.37547306199016,133.1508401564966,124.54444982472457,231.43245534000266,1.5917592869188741
3.56,8.3691,0.0279,-0.0775,152.40589925768074,185.53761648761133,463.8245066939987,170.9113668879048,138.61773886299082,126.7569592257161,235.4143726599095,1.5902772974515231
3.58,8.5538,0.0298,-0.0764,153.93408013811927,187.39801060292783,467.9926470906619,172.9661431820794,141.9337713143647,128.05253001712026,237.81445723983373,1.5913328599356664
3.6,8.5513,0.0329,-0.0763,155.7588879228661,189.61951573218485,468.1992335552436,175.6398023228009,147.7386448153317,129.30335880004964,241.23304159859154,1.6110099946300638
3.62,8.3773,0.0374,-0.0761,157.95697397581898,192.2954465792579,464.7796263177749,178.91758773218714,156.26252772313396,130.50108859707086,245.59374530175816,1.649392370926847
3.64,8.0989,0.0404,-0.0758,158.9392608850492,193.49127412092946,459.04758950150506,180.92124412049614,162.5413617304137,130.90221949655108,248.35352905106356,1.6839527723022207
3.66,7.751,0.0426,-0.0755,159.37257123707332,194.01878237556753,451.62973733663654,182.02769760893622,167.52789447173308,130.85010503413076,250.33695489010506,1.720251048834762
3.68,7.4669,0.044,-0.0753,159.50318782487312,194.1777938737586,445.4487368567831,182.61295470600442,170.97327928260123,130.69600029055204,251.66877776269988,1.74868432761919
3.7,7.4552,0.0444,-0.075,159.80265084823853,194.54235755437736,445.42267406290665,182.9521606250738,171.77725738990162,130.9618579717816,252.30785795033967,1.7521755406406334
3.72,7.926,0.0396,-0.0746,158.85556118107357,193.38937882913305,456.2560560950527,180.3201025299715,161.7510009152161,131.06938043388917,249.0350603574634,1.6937864848843864
3.74,8.5729,0.0339,-0.0741,157.19886003878548,191.3725252646084,470.4452456377726,177.33782317139233,150.21154741042287,131.0548508483922,244.52731374468127,1.6170779223579694
3.76,9.0346,0.0304,-0.0746,156.3839659006156,190.38048022683643,480.2504903242201,175.04414718389694,142.740386108648,131.05374538239283,241.50691601405487,1.57052037686924
3.78,9.0404,0.0281,-0.077,155.2261775438983,188.97099874909358,480.60046394942566,173.17396402049428,138.5697390835369,130.40498365256337,239.37169272995936,1.5562937288008276
3.8,9.0735,0.0282,-0.0778,155.47858464033953,189.27827695345684,481.51895746423645,173.3966891632904,138.76146590576627,130.70371036435392,239.80869364712112,1.5555026466237942
3.82,9.1022,0.0283,-0.0779,155.7244239937141,189.57755964452156,482.35205577567433,173.61190744367988,138.95882677697873,130.99260832232454,240.2435330426224,1.554955078731945
3.84,9.0877,0.0315,-0.0777,157.66300807356015,191.93757504607325,482.3083074233818,176.36276485565136,144.87218116117106,132.32413165819872,243.9318371428449,1.576159811613236
3.86,8.9867,0.0367,-0.0776,160.39811990635354,195.26727640773476,480.4940619020101,180.43310139074342,154.43107856152614,133.99074819021527,249.13203393515,1.6128451170410372
3.88,8.8712,0.0409,-0.0773,162.44836023936392,197.76322116096478,478.36423009138457,183.43770419068332,162.050569914016,135.14361711896174,252.9724818721949,1.6435208713943057
3.9,8.7165,0.0437,-0.077,163.58103576239904,199.14213049335538,475.39299089838516,185.35855147718337,167.41160832996374,135.7384889849154,255.45841872604439,1.667627518092443
3.92,8.6382,0.0441,-0.0768,163.77393494427244,199.37696427998384,473.99275766495145,185.58978064498632,168.35249887490087,135.8578386919028,256.07529345793773,1.675174543928565
3.94,8.66,0.0446,-0.0764,164.18789644695516,199.88091741368456,474.6936894791026,186.05815214008382,169.20965015634752,136.22698423363659,256.7860717234049,1.6768034733028339
3.96,8.6794,0.0449,-0.0759,164.50799659737967,200.2706045533318,475.34375849969535,186.37895276772335,169.72526893985747,136.53878953103649,257.3436672797618,1.677581546694578
3.98,8.6296,0.0445,-0.0756,164.39381347858662,200.1315990174098,474.53545451218815,186.08647891290457,169.2118483480039,136.51546534548072,257.36133754808003,1.679341955249963
4.0,8.4255,0.0435,-0.0754,163.72454255784734,199.31683441824893,470.43553096323467,185.0950426353994,168.0497131060758,135.9787007529415,256.88216019122274,1.688175821386762
4.02,8.1965,0.0421,-0.0753,162.8061566524584,198.19879940299285,465.7216587834521,183.7475187031075,166.22946184015404,135.26037138787578,256.06278801122517,1.6968619891767898
4.04,7.9894,0.04,-0.0751,161.5785050408383,196.70426700623796,461.4017636762126,181.88519398008052,163.05873042882948,134.37697538769447,254.63649310345028,1.7005119879936832
4.06,7.8515,0.0391,-0.0748,161.02307879211497,196.02809592083565,458.557912146353,181.0175574971245,161.82730852176869,133.97134289491075,254.1689353995825,1.7058208138286093
4.08,7.759,0.0381,-0.0746,160.50218138410153,195.39395994586275,456.7023206762732,180.1457332445129,160.28072285592918,133.63805604978603,253.60720403551622,1.7074045168003396
4.1,7.7406,0.0378,-0.0743,160.46480230753005,195.34845498308005,456.51041104219286,179.94735866763466,159.8202469576037,133.68636065685348,253.6558818760153,1.7075840821002108
4.12,7.7922,0.0383,-0.0741,160.95655656680105,195.9471123421926,457.89763358543433,180.49957446770048,160.6509450144062,134.14169829275127,254.41509557343417,1.7072418756746925
4.14,7.8318,0.0384,-0.0738,161.23056543012282,196.28068834971475,459.01156079276615,180.72041762331384,160.7780034610165,134.44958876147572,254.82291335703673,1.705527534443798
4.16,7.7992,0.0396,-0.0737,161.87536915592793,197.06566679852097,458.49749433086885,181.63678463484106,163.0882588409579,134.8930820605098,256.1485564158427,1.7149897187410545
4.18,7.6753,0.0382,-0.0734,161.0946519849486,196.1152285034157,455.9094003988953,180.39813026561788,160.89342179662344,134.35994587872125,255.23210220789318,1.7167112076050839
4.2,7.3442,0.0367,-0.0732,159.78569043665289,194.52171009679483,448.47670069686814,178.634690940445,159.0040011016037,133.24300429693176,254.13027328931594,1.7332324195007995
4.22,6.9727,0.0367,-0.0732,159.0449011553385,193.61987966736862,439.8406397664428,177.91814752456108,160.04204915610313,132.42552667029213,254.33818110175167,1.7626637281337612
4.24,6.6685,0.0331,-0.073,156.63839661538992,190.69022196656167,432.5803642752674,174.3993442304503,153.94958636615632,130.6265055579991,251.1647944593012,1.7662659759710813
4.26,6.4453,0.0312,-0.0725,155.20645029781082,188.94698297124796,427.16941281540915,172.34262037710303,150.7975393471708,129.52080486589665,249.4760622046888,1.7735051038005978
4.28,6.0962,0.0314,-0.0638,154.47016352328575,188.05063385443484,418.42543396366557,171.74067492018392,152.18171534777008,128.72202916611445,249.87644658292476,1.8059415797024834
4.3,5.7442,0.0296,-0.0541,152.60223616827307,185.77663533528897,409.28410075786303,169.3469394310923,149.49116988597387,127.16521247894326,248.14955218466613,1.8270017690453069
4.32,5.3371,0.0268,-0.0586,149.86539516610182,182.4448288978631,398.0339025998083,165.74647604888668,144.7033725715432,124.95379810500786,245.1188588463398,1.8484076979258581
4.34,5.1123,0.0229,-0.0594,146.95008794352415,178.89575923559462,391.6829783917368,161.35645940026217,136.59953051962682,122.72896296604492,240.36267604740038,1.842109804942264
4.36,5.0975,0.0207,-0.0602,145.65463757475436,177.31868922144008,391.41552851100903,159.0856319749079,131.55553355542224,121.80918781315921,237.49825642779444,1.8255254914246748
4.38,5.0657,0.0204,-0.0611,145.47058053716077,177.09461978436966,390.64206316960826,158.71669646349287,130.95286840572757,121.70684736108846,237.31159549266775,1.826890926385887
4.4,4.9394,0.0191,-0.0619,144.27963251472164,175.644770017922,387.0376420925561,156.96171711807855,128.15882534257858,120.75705722189568,235.51621295619424,1.8294289035228686
4.42,4.6734,0.0179,-0.0646,142.56870415073638,173.5619007052443,379.0303469292222,154.79093392088438,125.81682907657385,119.30514169509037,233.71025401723054,1.8487669633773542
4.44,4.4683,0.0243,-0.0648,145.97559125659183,177.70941544280743,372.71344513308765,160.69691636635756,141.61403744875344,121.73518050346928,243.38147321705526,1.9335566132448672
4.46,4.3129,0.0296,-0.0649,148.1945636771195,180.41077317214547,367.83883048761743,165.17042788718751,154.3687817864328,123.26986424701991,249.92326771335323,1.9951583165899371
4.48,4.1631,0.0307,-0.0647,148.12281774496876,180.32343029822283,363.0368162715906,165.65898832427388,157.5051102333799,123.16905843028091,251.33025183268617,2.023816805776409
4.5,4.0919,0.0298,-0.0642,147.45760402579754,179.5136049009709,360.8028083466257,164.650562064558,155.80854693819754,122.71228792295084,250.61027947242025,2.027782480246592
4.52,4.2774,0.0257,-0.0627,146.3881587381607,178.2116715073261,367.1877932751044,161.57190569809026,145.64152011986346,122.14077116691973,246.19079822714406,1.9718402426513755
4.54,5.3516,0.0236,-0.0621,149.45213667091994,181.9417315993808,400.370537497595,163.24153891269327,137.90426682911644,125.4101511385457,244.15421462685524,1.8284748064139855
4.56,7.5327,0.0286,-0.063,158.32177220274158,192.73954876855498,456.6592364469029,173.4287386606806,143.82846776647406,134.01991146580693,251.24352607600096,1.6777363073302243
4.58,9.1517,0.0334,-0.0686,163.98776858015222,199.63728348888097,492.1977110631044,180.7346635764378,150.0269502331061,139.78663106156745,257.01642307161643,1.6014764306012932
4.6,10.021,0.0383,-0.0708,167.92919827576344,204.43554572701638,509.81356117067395,186.1051363890696,157.1408154032123,143.4171841773073,262.09580466255653,1.5793211558702003
4.62,10.6938,0.0413,-0.0709,170.40598159223032,207.45076019923692,522.8880808253324,189.46630237288244,161.06452425454455,145.85024492955785,265.09605151678426,1.5592977825311136
4.64,11.0405,0.0462,-0.0707,173.321085138571,210.99958190782556,529.5458059366503,193.49433832882698,168.42774746733315,148.06945723514784,269.3459055374204,1.5657842149155325
4.66,11.4366,0.0523,-0.0702,176.6817204251099,215.0907900827425,536.975827319081,198.17827264348506,177.29180371292557,150.5426325124386,274.0930409271478,1.573880273869193
4.68,11.8501,0.0566,-0.0697,179.12070970405884,218.05999442233252,544.5642923333622,201.5446077094276,183.0800285607367,152.49159400317444,277.29601933842696,1.5723397298301545
4.7,12.0771,0.0586,-0.0691,180.3364002001114,219.5399654610052,548.7716011182008,203.1608483615077,185.67242809050268,153.53208685403135,278.8905040736544,1.570123443329636
4.72,12.2472,0.0594,-0.0686,180.9819046199637,220.32579692865147,551.9540503592723,203.958868535198,186.57461143220712,154.19676917601402,279.71180211213016,1.5658286108847448
4.74,12.3546,0.061,-0.068,181.8903868274786,221.43177526823484,554.0385869145306,205.13959686598747,188.7686106264236,154.91372947942105,280.99855506275907,1.5675772423764303
4.76,12.4902,0.0625,-0.0673,182.77573382200578,222.50958900070268,556.5960004960596,206.28680509816382,190.74068112475902,155.65267539496608,282.21060527687195,1.567581602293151
4.78,12.6903,0.0643,-0.0667,183.83219742648956,223.79571860616122,560.2299768353602,207.68084568796567,192.99766641951402,156.55979393670367,283.588184103912,1.5657668660778479
4.8,12.8692,0.0655,-0.0659,184.61907199208838,224.7536528599337,563.4790034594371,208.68866965820948,194.41469651314222,157.2991363510939,284.600618086641,1.5626820706836335
4.82,13.0156,0.0674,-0.0653,185.642895378381,226.00004654759428,566.1615643453032,210.03801093150204,196.87916419737718,158.11261260470016,285.98514672422124,1.5635892605355222
4.84,13.0839,0.0688,-0.0647,186.39234474236045,226.91241968635188,567.5338138419178,210.99160120764077,198.7734176037188,158.68461885214938,287.0621837273503,1.5660533784037798
4.86,13.034,0.0694,-0.0639,186.7233404541561,227.3153709876683,566.9412759445948,211.34139458504768,199.77394980036456,158.8937201113437,287.678256377272,1.5708088486227154
4.88,12.9643,0.07,-0.0633,187.03331789865157,227.69273483314103,566.0131191047484,211.66223250411,200.8152768381961,159.0660648854883,288.28832757193084,1.5764409552107046
4.9,12.904,0.07,-0.0625,187.12237861001628,227.8011565687155,565.2383764788821,211.66447028503745,200.99289678047217,159.1401553254874,288.5768370950391,1.5795622042068664
4.92,12.7887,0.0702,-0.0618,187.23285895462755,227.9356543795466,563.5319290217842,211.70075296561015,201.56819505405437,159.15236750476652,288.9623538430583,1.585859342368914
4.94,12.669,0.0707,-0.0612,187.44792975468977,228.19747970136146,561.7369048547638,211.8921035185506,202.57862033929348,159.2101027239467,289.50594778818834,1.5934576819605062
4.96,12.5325,0.0711,-0.0606,187.60330422396248,228.38663122917174,559.6405544956579,212.0020832083911,203.4878937320896,159.21513031649363,289.9914187659918,1.6015279488591798
4.98,12.3919,0.0709,-0.0601,187.38480767757932,228.12063543357482,557.4545379089003,212.00745814522472,203.86567193879074,159.09739745397766,290.15630372006484,1.6064428759825877
5.0,12.2498,0.0713,-0.0596,187.59004941067488,228.37049493473467,555.2228126390954,211.99475974749683,204.65510505433204,159.08472843191726,290.6383772171897,1.615550584292093
5.02,12.0357,0.0714,-0.0591,187.61344327913585,228.3989744267741,551.7096457599714,211.68252654206898,205.14805156125814,158.87599481315723,290.94711249706586,1.6272879726231089
5.04,11.5986,0.0724,-0.0585,187.5867059391261,228.3664246215448,544.1706246389273,211.66638854515213,207.66263610376382,158.38943710696662,291.6871492274662,1.6524587567141458
5.06,11.0221,0.0722,-0.058,186.89068621352664,227.51909625994548,533.8658864187568,210.74576598953277,208.8510483961479,157.36796183262788,291.76448613845685,1.6816420860943135
5.08,10.5436,0.0699,-0.0575,185.51670461966484,225.84642301524417,525.079664044594,208.79826285685235,206.78078187827663,156.1169094722577,290.73373356716206,1.6996143454513732
5.1,10.2021,0.0662,-0.0565,183.7898747294421,223.7441953227991,518.7115103040634,206.2421223073027,202.22581661700107,154.8477303132223,288.9022016155473,1.7055520460184754
5.12,9.9574,0.0639,-0.0554,182.68435538697375,222.3983456884898,514.1202503239713,204.58134035011145,199.43533832762486,154.02260369462297,287.81037619646145,1.7113129326586627
5.14,9.9203,0.0608,-0.0544,181.58260102894542,221.0570795134988,513.5924626311781,202.77960881151168,194.83567114370047,153.4719952177364,286.2300150368263,1.7018230861499908
5.16,10.1274,0.0561,-0.0534,180.15872349892953,219.32366339000117,517.8787445317547,200.37836012743674,187.11586454549845,153.06999369095834,283.57372416709364,1.671218222546293
5.18,10.6875,0.0494,-0.0519,178.05178557654727,216.75869548449236,528.8761304579576,197.285959134054,175.65906577370205,152.8055031974152,279.30799761699245,1.6108103106123122
5.2,11.4577,0.0473,-0.0528,178.15504097651666,216.88439771054203,543.3522902276928,197.09914077163702,170.9155356717833,153.95374562730524,278.14923559076493,1.5630901602372558
5.22,11.9869,0.0503,-0.0584,180.22091118318306,219.39937013604896,552.9921192121001,199.950344647978,174.72688093908295,155.917246542208,280.7479938903049,1.5515840718672835
5.24,12.2114,0.0546,-0.0649,182.52247807832313,222.2012776605673,557.0970019965455,203.06753364028475,180.88505792594322,157.56985522773726,284.0715094470254,1.5600453680324213
5.26,12.1159,0.0578,-0.0631,183.9637194411345,223.95583236312027,555.6477076450919,204.94886586918167,185.85555307370961,158.30516633443375,286.4419355646454,1.5780693284968332
5.28,11.7277,0.0597,-0.0372,184.376784995513,224.4586947771463,549.1642451067585,205.78068904192884,189.67745548027804,158.15487129375362,287.85579434168716,1.6030030639922968
5.3,11.3407,0.061,-0.0238,184.77874547446956,224.9480379689195,542.4663420133186,205.7571595651244,192.0986744752484,157.8399850817898,288.8675539449082,1.6292023050045172
5.32,11.1038,0.0623,-0.0229,185.2599195275739,225.5338150770465,538.3131676902028,206.015293481397,194.3359225875131,157.80170070000818,289.89140191533454,1.648007068552455
5.34,10.8673,0.0643,-0.0225,185.7084347109216,226.07983356112197,534.1018505712714,207.09599263574847,198.19046502124743,157.89098050388586,291.31471348645556,1.6670139395884502
5.36,10.73,0.0649,-0.0213,185.88411400698885,226.29370400850817,531.7180277254014,207.27590403259086,199.43677190548013,157.88770220439872,291.9151909083854,1.6770794496675958
5.38,10.7476,0.0648,-0.02,186.00610006085927,226.44220876974174,532.2578496250947,207.31607331840235,199.28510338791105,158.06833414544224,292.1353599410259,1.676208425986924
5.4,10.8338,0.0651,-0.0185,186.37620214311949,226.89276782640633,534.0938521869963,207.69768788547992,199.56555087511305,158.47433845302734,292.6026689461857,1.6731726422520001
5.42,10.8891,0.0658,-0.018,186.85410902470002,227.47456750833047,535.334213516225,208.25120214244785,200.50726743518916,158.89462992613358,293.2950151556331,1.6733237153077944
5.44,10.8401,0.0663,-0.018,187.11008148527475,227.78618615598668,534.6069723150507,208.51558996619207,201.39510240706377,159.0540505483773,293.84769073053343,1.678275705044426
5.46,10.7538,0.0661,-0.0175,187.0473344968838,227.7097985179455,533.173630974229,208.32402953776804,201.34124663641407,158.99337207994046,293.9877552686897,1.6826266224585145
5.48,10.6591,0.0653,-0.0162,186.7430335296095,227.33934516648114,531.576703828607,207.77928382793337,200.42010273427263,158.791908907863,293.7751672861737,1.6852012952905706
5.5,10.5289,0.0647,-0.0145,186.45932248453005,226.99395780725396,529.289866113538,207.28158216817775,199.87349317108252,158.550223336155,293.66670240521313,1.6904920489252948
5.52,10.4247,0.0643,-0.0133,186.2853449742566,226.78215909909497,527.4808322369695,206.9375061363841,199.56088681081664,158.40159518532306,293.6780169454811,1.6951848636470213
5.54,10.3323,0.0638,-0.0118,186.08759788891436,226.5414235169392,525.8894771272049,206.55424888318652,199.06908169604446,158.25521235530502,293.6293555740873,1.6988765704681654
5.56,10.3149,0.0629,-0.0105,185.8464058262833,226.2477983972145,525.7489951731761,206.072210138637,197.79701922633836,158.1887454522641,293.3512227246463,1.6968312317244738
5.58,10.3491,0.061,-0.0088,185.2842336419956,225.5634148685164,526.6155341625392,205.09787433128992,194.8937266945883,158.01942553708508,292.4565587065267,1.6879053655337388
5.6,10.3423,0.0604,-0.0073,185.16615659671126,225.41966890034413,526.6820559670502,204.79867779563793,194.0380250086174,158.0319966873546,292.3440741319724,1.6863412989690567
5.62,10.3332,0.0605,-0.0056,185.32327694264612,225.6109458432214,526.7046939186985,204.90443180998085,194.24471264139848,158.19036609049843,292.6689030109541,1.6876853929566447
5.64,10.4052,0.061,-0.0045,185.75838422847787,226.14064166945136,528.2986632965363,205.3879123367071,194.87219671752683,158.61339189561622,293.2607226810006,1.6861014623180022
5.66,10.4557,0.0611,-0.003,186.00178849743858,226.43695990992524,529.4745316146036,205.59940001811674,194.94450772022313,158.9018888724068,293.5965060006491,1.684131700172068
5.68,10.5387,0.0615,-0.0019,186.4100951373074,226.93402886280901,531.2707734307974,206.04209147528545,195.39543118092607,159.32525746929977,294.12522574063684,1.6815750494629491
5.7,10.5855,0.062,-0.0012,186.80466962157303,227.4143804088715,532.3617079842355,206.47673957494888,196.0752867696514,159.6900957626504,294.70661062942736,1.6814225434416423
5.72,10.5546,0.0626,-0.0005,187.12669450440671,227.8064107010169,531.95759985477,206.82945425729034,197.0749134195616,159.90616391276828,295.3310321260119,1.6859119992326088
5.74,10.5326,0.0627,0.0007,187.2636994135175,227.9731992860213,531.7271748304644,206.91010666490354,197.3079549291447,160.03451577238607,295.6487232614,1.6879547875956467
5.76,10.5537,0.0631,0.0017,187.58017376480873,228.3584724093324,532.3251855027787,207.2386421128849,197.89063238293107,160.32010678561278,296.1581274975864,1.6887898126297451
5.78,10.5435,0.0631,0.0025,187.69417847069357,228.4972607469313,532.3177202685046,207.28220073727212,197.94811445708038,160.45232349305283,296.41583646589265,1.6898032138330137
5.8,10.5015,0.0633,0.0039,187.84011786228942,228.67492609322193,531.6999372430514,207.38258097459286,198.3736881281253,160.5563570457419,296.78830259969914,1.6933333657748073
5.82,10.4622,0.064,0.0037,188.18206385275047,229.0912081685658,531.118416470906,207.7690178520284,199.53719235903466,160.77001976876122,297.4636327877818,1.6986814268657957
5.84,10.435,0.0639,0.004,188.23069552643483,229.15041194522502,530.7732763325521,207.72329057259444,199.48468916578227,160.84222750657943,297.6556711410118,1.7002772224073244
5.86,10.3826,0.0636,0.0049,188.16370521670584,229.06885852468537,529.9404083837114,207.51794863380672,199.19153898310427,160.81567669330113,297.7199535791531,1.7025045605192843
5.88,10.2947,0.0633,0.005,188.04082842025792,228.91926938118357,528.4014217902729,207.24494553924077,198.97934620362636,160.70803824335158,297.7748692034073,1.7067667621151048
5.9,10.1526,0.0635,0.006,188.02493179204794,228.89991696423226,525.7888768109639,207.15279023276165,199.6386290792098,160.5802128234011,298.1223736910356,1.7160879976333299
5.92,10.0297,0.0634,0.0068,187.91695780519908,228.7684703715467,523.5310323631243,206.9220757463243,199.80896303717543,160.42872414688068,298.28971659580264,1.7232575954564562
5.94,9.911,0.0629,0.007,187.6562368117536,228.45107090126524,521.3318900537382,206.46771854400808,199.37101576304278,160.1988428835845,298.2109451682641,1.7287295816208594
5.96,9.7671,0.0616,0.0087,187.03820869751559,227.69868884914942,518.615220256873,205.50160849606837,197.7794071289433,159.73413476944873,297.6232243651089,1.7325835068676319
5.98,9.6473,0.0606,0.0093,186.56793676221022,227.12618388442988,516.3532741487448,204.74371972588926,196.57337226341883,159.38241858677088,297.21532511430075,1.73625366911171
6.0,9.5296,0.0599,0.0097,186.21261619233076,226.69361971240266,514.1120221678954,204.15672783885915,195.81263723275129,159.09518999617765,296.990570926477,1.7410568421524666
6.02,9.4486,0.059,0.0107,185.83720517784323,226.23659760780916,512.6165978417046,203.52094922253684,194.6508405718588,158.8470959103958,296.6375656450651,1.7428180161483444
6.04,9.3954,0.0585,0.0114,185.66650600909406,226.02878992411453,511.68674541796224,203.17241611942285,194.03426343313694,158.75222773236325,296.54590859200357,1.7445132329997661
6.06,9.3132,0.058,0.013,185.44236966854334,225.7559282921397,510.1538473548179,202.76263723972085,193.48258414424157,158.58422415963963,296.44375145367775,1.748003717668001
6.08,9.1652,0.0581,0.0135,185.33421932383473,225.62426700292926,507.21329872539116,202.56799263337885,194.0201089919274,158.38646913937026,296.72224662285566,1.75823560527473
6.1,9.0141,0.0578,0.0133,185.05075814067314,225.27918382342818,504.1666659220845,202.1229108287505,193.94828811892472,158.08415758376285,296.7325906274636,1.7671807210797559
6.12,8.9024,0.0573,0.0144,184.75675970040538,224.9212726787544,501.94499243736794,201.63814790980754,193.46627224005542,157.83037012066904,296.61582562635647,1.7728203509610654
6.14,8.833,0.0559,0.016,184.1775514269851,224.21614956328622,500.6238449717616,200.6990070287375,191.4571356993454,157.47201888030415,295.8905460005396,1.7718773160415495
6.16,8.7969,0.0531,0.0174,183.0681777385609,222.86560768172632,500.0155782373173,198.9559446040509,187.11507652504696,156.85110282216536,294.1534881784969,1.7624701983469626
6.18,8.7865,0.0501,0.0176,181.87573191378428,221.41393450373738,499.9521059472414,197.09169352484003,182.32983628176518,156.20993146561665,292.1749522451325,1.7500036170725692
6.2,8.8017,0.047,0.019,180.62984060228203,219.89719725495203,500.4548478561212,195.15952868187813,177.25611580731223,155.5623229982231,289.99957867871484,1.7347522270435665
6.22,8.8765,0.0464,0.0197,180.60570516140154,219.86781497909752,502.2402557992157,194.97735855743116,176.14440359389684,155.72536425754487,289.7697520783903,1.7273767889528162
6.24,9.0283,0.0483,0.0206,181.8676325736682,221.40407443750914,505.66980488525473,196.61087652359524,178.97662772130872,156.76677067592667,291.55874211308645,1.7271051445846872
6.26,9.1427,0.0505,0.0228,183.17579989053348,222.99662595369293,508.28621400758254,198.32673652526375,182.32164545210708,157.77325867992653,293.5167513145473,1.7304443401135456
6.28,9.1822,0.0528,0.025,184.3690766198528,224.4493106676469,509.30344802579634,199.91070999865272,185.9335225864366,158.59648262829703,295.46889033982,1.7387310013671535
6.3,9.2218,0.0553,0.0273,185.61911475760323,225.9710962266474,510.321433827632,201.5826403986131,189.8125668700083,159.44618859882453,297.4998956027696,1.7475684582073572
6.32,9.2617,0.0573,0.0289,186.6358766392415,227.2088932999462,511.3373001267309,202.92049348432076,192.86557444358576,160.1575684251205,299.12643035212704,1.7539761082443137
6.34,9.3263,0.0581,0.0293,187.1967454803862,227.8916901500354,512.8589430291586,203.582429636568,193.9818137054112,160.64359206593014,299.9211442239016,1.7537064695123092
6.36,9.417,0.0587,0.0296,187.72051177557964,228.52931868331436,514.9191934839303,204.177847893775,194.7245418685703,161.14590496270503,300.5829288461611,1.7509786818031696
6.38,9.4168,0.0593,0.0332,188.08275690197596,228.9703127502316,515.106647684184,204.5823658292772,195.6689488961769,161.42232310948788,301.21970719801544,1.753829342483217
6.4,9.3047,0.0598,0.0297,188.19504231970583,229.10700804138105,512.8870533713116,204.6828476539905,196.72561790390355,161.39690269384127,301.7608124395181,1.7634601889809882
6.42,9.181,0.0597,0.027,188.04166312514184,228.92028554365095,510.4087164610681,204.40642393796998,196.8935587418361,161.2035451521719,301.9035129222078,1.771456102903891
6.44,9.1109,0.0588,0.029,187.6710902931711,228.46915340038223,509.0929697590272,203.78076922034316,195.69782481870382,160.96195436114493,301.528026813485,1.7726784357079926
6.46,9.0677,0.0582,0.0308,187.46760337581446,228.2214301966437,508.3429274989759,203.38486492805956,194.8959002033807,160.85355342650035,301.35198002042875,1.7734028508025503
6.48,8.9704,0.0587,0.0318,187.59750640206406,228.3795730112084,506.41925964941265,203.51272859873214,195.92560079302817,160.8561009836886,301.89922103018387,1.7822651551299837
6.5,8.8245,0.0592,0.0299,187.6203859928256,228.40742642604854,503.39780562927456,203.52392457785396,197.08101412898617,160.72736072214963,302.4313188224468,1.7945075600625102
6.52,8.6014,0.0581,0.03,186.84216198870737,227.4600232906003,498.6572339162343,202.41812189347908,195.94493490473175,160.02330303883147,301.8721903882588,1.805482802761626
6.54,8.2785,0.0562,0.0306,185.5025787607748,225.82922631746501,491.58705068670173,200.57880903102387,193.78423552255396,158.84062574789192,300.7180447728964,1.8204001441197013
6.56,7.9536,0.0546,0.0295,184.2271816991043,224.27656902499658,484.2731821244058,198.86618462619512,192.07968698698042,157.68313981054254,299.73374642042216,1.8375160911335635
6.58,7.5754,0.0542,0.0293,183.2490287428815,223.0857741217688,475.499346997585,197.70647003575635,192.46093800829132,156.61774412925243,299.57006590216014,1.8649520092926481
6.6,7.2212,0.0536,0.0291,182.18005872142197,221.78441931303547,467.03296362396196,196.44243097910058,192.48911184595136,155.52903036070063,299.2605729804859,1.8910228914991944
6.62,6.8293,0.0532,0.0281,181.00179561730536,220.35001205585002,457.32658726436136,195.14738251143393,193.00475689222608,154.3182114036598,299.0747323525339,1.9227255630887286
6.64,6.3741,0.053,0.0274,179.5874777301861,218.62823375848745,445.57955291482807,193.72474285421154,194.1332823486177,152.87334341253393,299.003892562096,1.96319769259288
6.66,5.8474,0.0525,0.0262,177.62720556097796,216.2418154655384,431.27968372958804,191.7929724016193,195.1240216151599,150.9939424164927,298.67231596893765,2.012650401535864
6.68,5.2593,0.0505,0.0257,174.59267074992295,212.54759917381926,414.31517103789076,188.5626661184335,193.87790107459347,148.35168653842666,297.16040827260605,2.066769560420332
6.7,4.7252,0.0463,0.0261,170.63176257508525,207.7256240044516,397.8667986551079,183.87419390553984,188.44108406397095,145.15311107857775,293.8142929662211,2.1099914585976305
6.72,4.3739,0.0394,0.0276,166.16479172354533,202.28757253301174,386.4594306933169,177.69791276368323,176.64200036771064,141.75480263945835,287.7670865112249,2.118076949718553
6.74,4.3616,0.0324,0.0341,163.02425399911596,198.4643092163151,386.2506814403625,172.31893431057478,162.3794703714193,139.53061556702153,280.7468807622947,2.075347296723817
6.76,4.6598,0.0267,0.0261,161.49839281693485,196.6067390814859,396.1085267141289,168.70150160116873,149.2776526867765,138.73573108261172,274.1123805489861,1.9960560868673674
6.78,5.1616,0.023,-0.03,161.30326999622824,196.36919825627788,411.2569370616958,167.16206457481275,140.1053691527637,139.17589861026508,269.2527147602775,1.9102343672610596
6.8,5.5592,0.0259,-0.0499,164.61780917352948,200.4042894286446,422.98971875065774,171.3112288272819,145.676904495887,142.18079955869928,273.7956668825001,1.891869163535385
6.82,5.4456,0.0282,-0.055,165.6641006515631,201.67803557581595,419.7128226803471,172.96254681224548,150.75025419661483,142.87990124411576,277.0041813448887,1.9217967547223094
6.84,4.8813,0.0274,-0.0572,163.09194268942494,198.54671283929994,402.54640175583415,170.17845048715594,150.38618549296055,140.425451197997,275.9508175099938,1.9805631130090517
6.86,4.4239,0.0256,-0.0555,160.10428057976267,194.90955896666762,387.7578569161224,166.71594013933642,147.61339879849695,137.7830542909814,273.52681683120545,2.0248118676286233
6.88,4.2011,0.0237,-0.0545,157.9843045361009,192.32871856568804,380.2619654561186,163.98548895165482,143.87634528734677,135.99902546533625,270.8942592368609,2.039948447344618
6.9,4.3299,0.0205,-0.0531,156.68206024896193,190.74337769438844,384.8285159438282,161.41405410881453,136.0615402037533,135.0660668955764,266.08875010161546,1.9942045895004066
6.92,4.9798,0.0176,-0.0533,157.49579539555623,191.73401178589455,406.16391617361535,161.13120928346868,128.14127661737172,136.18942379423834,261.3259947229737,1.8864136960118285
6.94,5.5035,0.0183,-0.0627,159.97453105127786,194.75160301894698,422.0523230507063,163.9341904853585,129.22732743350488,138.7238738851345,263.040772610427,1.8371670694211755
6.96,5.6912,0.0209,-0.0671,162.55022349706613,197.887228605124,427.58846509906897,167.2967388840008,134.86282407100154,141.05376650868527,267.88439697238124,1.8420782747557873
6.98,5.5826,0.0223,-0.0685,163.23951877238318,198.726370679423,424.5407721872312,168.30163940808893,138.09926747010164,141.5348509058949,270.3095563342751,1.8655884254269253
7.0,5.3645,0.023,-0.0684,163.03811225033724,198.48118013084536,418.2128887033155,168.20240589604117,139.98842728382198,141.19870072627015,271.51429180854154,1.894929861309282
7.02,5.1693,0.0226,-0.0681,162.15274339312862,197.40333978293918,412.4213744286486,167.10994565261944,139.45208280918263,140.35397302007541,271.01700195756126,1.9135390970022397
7.04,5.1182,0.0236,-0.0673,162.69724473336987,198.06621097975463,410.97659273055433,167.89784339123548,141.77243806438022,140.76918715086316,272.7229376210388,1.9281127366460893
7.06,5.2982,0.0258,-0.0663,164.84185234477607,200.6770376371187,416.5986097666533,170.64498446496714,146.2158267554683,142.63445520247026,276.1699722662511,1.9259676086154
7.08,5.6632,0.0283,-0.0654,167.73138247474776,204.19472649099728,427.5231849595881,174.20146443792535,150.7361590160958,145.233316974533,279.84855210801805,1.9061136728897599
7.1,6.2513,0.0305,-0.0646,170.98800914235247,208.1593154776465,444.1779423284014,178.06938572582183,154.02293635288183,148.34887587052833,282.99403225853695,1.8640551461062225
7.12,6.8885,0.032,-0.064,173.72056519451996,211.48590545419825,461.1623641388188,181.30278703125876,155.78239773148306,151.15574595727855,285.17326862097076,1.8176165275089757
7.14,7.3815,0.0343,-0.0632,176.32182797978348,214.65266014930165,473.6887445268176,184.57167035259772,159.24044138024416,153.66967179533873,288.1097189571546,1.7920678247747535
7.16,7.7222,0.0388,-0.0625,179.59714603209102,218.64000386515428,482.09421070096846,188.89664121591704,166.7310419022244,156.3836649829669,293.0691860304133,1.7923767073893604
7.18,7.9009,0.0395,-0.0617,180.45529348550866,219.68470511279318,486.4823543703964,189.91730899038512,167.65214566336113,157.25461613518567,294.0083527243185,1.783235831509186
7.2,8.0337,0.0396,-0.0609,180.89538727686255,220.22047146748486,489.74272063987297,190.3798160426161,167.6109641093925,157.78757631970862,294.3483642451282,1.7743979004621537
7.22,8.2179,0.0398,-0.0602,181.483545384461,220.9364900332569,494.1581560956076,191.04171884670913,167.6583340320362,158.49188170845954,294.7974320236975,1.7625793628962088
7.24,8.4306,0.0423,-0.0594,183.27777171667535,223.12076556812653,499.1645645672624,193.36947764716086,171.56809211565803,160.0055388144277,297.4056488852285,1.761332854879332
7.26,8.5712,0.0459,-0.0587,185.40703104852037,225.71290736341612,502.48152693072643,196.18323683851202,177.33065538200862,161.60197012274602,300.82704495556436,1.7703218762525192
7.28,8.5285,0.049,-0.034,186.88178483618753,227.50825980057613,501.8913356511479,198.15052465897986,182.4804379546904,162.48837043643425,303.5938309509537,1.7880323567147656
7.3,8.3889,0.0505,-0.0048,187.39283914561113,228.13041287291793,499.14618774798834,198.81937078882495,185.19115062875005,162.63285461072047,304.96060132345036,1.8044640362582605
7.32,8.2492,0.0516,0.0244,187.7038667963148,228.5090552302963,496.3696740766484,199.22048874495601,187.25890064556967,162.65414411430896,305.9898126370688,1.8190994356865118
7.34,8.1431,0.0519,0.031,187.70899146693486,228.5152939597468,494.1217832234932,199.17953053189504,187.99097838546524,162.55260921662767,306.40260928521997,1.8284215839330045
7.36,8.0942,0.0526,0.0327,188.00397975312367,228.87441013423754,493.13741485483337,199.52311689459725,189.24461758001726,162.71542251734806,307.134410451586,1.8355998306288426
7.38,8.0575,0.0525,0.0336,187.9840066393832,228.85009503924914,492.4246195740439,199.40587990319074,189.18563795583614,162.7059964795396,307.2589957164286,1.8382802264115126
7.4,8.073,0.0515,0.0351,187.69960311670988,228.50386466382074,492.93234550636936,198.87207767297613,187.55689142010002,162.61375343094775,306.70607548259716,1.8329701748994442
7.42,8.1164,0.0505,0.037,187.47130266002665,228.22593367307593,494.0916450961634,198.40545124101067,185.86104350274104,162.5966631833607,306.1463684010624,1.8255399286904825
7.44,8.1982,0.0507,0.0384,187.84775711822002,228.6842260569635,496.13011832545266,198.7836559811127,186.0258652138982,163.0069888610546,306.53513452156096,1.8209228761732916
7.46,8.3562,0.0503,0.0405,188.12170652018563,229.01772967674773,499.9070182487076,198.98261699765072,185.0644313675191,163.4702138438935,306.4709976736584,1.808104437571019
7.48,8.6096,0.05,0.0416,188.6184879869391,229.62250711453459,505.77742138790404,199.4762556241391,184.08737386540605,164.2156432905032,306.5080140848629,1.7893824325200356
7.5,9.012,0.0519,0.0434,190.3544756118751,231.7358833535871,514.815159416904,201.6840796362774,186.33742883831272,165.93499832804972,308.3100547161843,1.7714027208009921
7.52,9.4525,0.0534,0.0433,191.91586505994337,233.63670529036585,524.4047632278524,203.67946723398933,187.86358192781043,167.59884825435844,309.77208433937074,1.7502181852877332
7.54,10.013,0.0558,0.0449,193.99680887213896,236.17002819216918,536.2049282161821,206.42494636469795,190.52819509120573,169.73794612855153,311.88991137965274,1.7268045189933927
7.56,10.6119,0.0584,0.0454,196.11907118356953,238.7536518756499,548.3625960885304,209.27754738684217,193.3763787375001,171.93859037879938,314.08725145417475,1.703558994334817
7.58,11.0304,0.0623,0.0451,198.45312675464262,241.59511083173885,556.6537185898993,212.3998784600532,198.3621378069294,173.95684072733147,317.0404573602257,1.6965806874922236
7.6,11.2447,0.0638,0.0133,199.44872780706257,242.80714689555444,560.6455495318077,213.6848609332599,200.18919861040592,174.91240519630594,318.27996142427384,1.6920449915877325
7.62,11.4374,0.0659,-0.0044,200.6552233006828,244.27592401822253,564.3013890461547,215.2481037929519,202.8733682978092,175.94135287295535,319.8755820535395,1.6906601773941778
7.64,11.4462,0.0666,-0.006,201.0584176343802,244.76676929402808,564.6010664855453,215.69005931261734,203.87281617226128,176.24360567979548,320.52958316699636,1.693260613920626
7.66,11.4148,0.0662,-0.0021,200.9687185543191,244.65757041395372,564.185700106339,215.46438996246022,203.38778985989896,176.21386228612917,320.4840632830598,1.693740090043456
7.68,11.5817,0.0674,0.0039,201.77621836844307,245.64061366593072,567.516637063713,216.4926277785377,204.80169127372935,176.974309455402,321.4799156680932,1.6897827065056337
7.7,11.973,0.0699,0.0088,203.36000906958319,247.56870669340563,574.950794035066,218.6291317951963,207.6133590606479,178.49048913085164,323.29772145757335,1.67926379226504
7.72,12.3364,0.0729,0.012,205.0657228149091,249.64522777467195,581.7269906909803,220.92451919170603,211.10966764047782,180.0167650709369,325.3541161950581,1.6722466449687563
7.74,12.5635,0.0759,0.013,206.58085017245278,251.48973064472514,585.9506722710432,222.91764174943387,214.78319014257553,181.22571014031715,327.3226571855228,1.6719254542538975
7.76,12.7374,0.0779,0.0144,207.63675733102772,252.7751828377729,589.1953057256065,224.28470868564432,217.16903944997088,182.10783190997313,328.6792128468746,1.6707021641126278
7.78,12.9198,0.0777,0.0168,207.86919791248533,253.05815398041696,592.5713149075831,224.573487981697,216.61165489139972,182.57273833054413,328.8180267122784,1.661850464116794
7.8,13.0472,0.0779,0.0199,208.1892999861725,253.44784346142742,594.9693252879102,224.9577176225122,216.6830923962235,183.00047861864232,329.16555854925673,1.6569507590439732
7.82,13.072,0.0804,0.0216,209.26028048513817,254.7516458079943,595.5641880474446,226.2775118588096,219.95330600132817,183.6617871825181,330.7389028237586,1.6643113372671419
7.84,13.0199,0.0825,0.0234,210.0854407270881,255.7561887112377,594.8205252166093,227.24536659161566,222.81120942056054,184.08011101179767,332.05408636772,1.6737768951422274
7.86,12.967,0.0824,0.0253,210.10540211164613,255.7804895272214,594.060629978038,227.15336090779078,222.7991864269572,184.08404081930954,332.2057991619246,1.6762779402007053
7.88,12.9384,0.0802,0.0279,209.38436788101896,254.90270872471874,593.7286568493428,226.09581166600677,219.99795785585093,183.74240080402004,331.2466330238995,1.6709292998894543
7.9,12.9198,0.0783,0.0307,208.77038995271127,254.15525733373545,593.572310060462,225.1883376682749,217.55517261874397,183.46837505442585,330.42411192389307,1.6659548731985305
7.92,12.8825,0.0784,0.033,208.8804098508187,254.2891946009967,593.083163998027,225.2210102319808,217.77539446577833,183.54040194634354,330.68334010470306,1.6683763316916829
7.94,12.9518,0.0788,0.0329,209.21406993143484,254.69538948174676,594.4462515973914,225.5950987205658,218.20977960409058,183.88874014512612,331.1265420072459,1.6668545397187713
7.96,13.1063,0.0782,0.0341,209.25887883460143,254.74993945081917,597.2997540408817,225.63646044989704,217.18518496140214,184.21498345309016,331.03734654780214,1.6581191803463922
7.98,13.3917,0.0777,0.0366,209.4596802710241,254.99439337342065,602.3975602454852,225.9606593005549,216.08547618954424,184.81785004096716,331.024244949942,1.6438489146677222
8.0,13.6006,0.0786,0.0383,210.10928872855436,255.78522106084878,606.1282761601415,226.82864720873982,216.95387247370107,185.5364627431652,331.76822007057524,1.6378366081747286
8.02,13.7338,0.0804,0.0409,211.02492136462772,256.89990426998156,608.5552943721614,227.99416187543764,219.10532563857066,186.27578956958715,332.9805054724647,1.6381280642384513
8.04,13.8821,0.0819,0.0364,211.8301630324755,257.88019847431804,611.1730238051865,229.0255522667114,220.83318545274764,186.97998158629213,334.0185690963836,1.6369005164592838
8.06,13.9658,0.0833,0.031,212.5338791249564,258.7368963260339,612.6892455494485,229.8874279906407,222.5249655469212,187.53484661445765,334.9807558870791,1.6381587229481098
8.08,14.0306,0.0846,0.0338,213.18205782040644,259.5259834335383,613.9428888104266,230.66873095630174,224.10404297219364,188.03075959894636,335.87783185434597,1.639736414202193
8.1,14.1335,0.0862,0.0364,213.96847849276844,260.48336512163115,615.8261387595954,231.65037903609868,225.99220185995003,188.6512648965422,336.9257918233217,1.640566734668689
8.12,14.2176,0.0879,0.0386,214.76742367356917,261.45599403738856,617.3878910039415,232.63682134673536,228.02390248785386,189.24850689564406,338.00793758799836,1.6424649678061136
8.14,14.2496,0.0891,0.0407,215.33581108927817,262.1479439347734,618.0828405303397,233.29603722932032,229.5018311114925,189.65261792086932,338.82072791833593,1.6450360959198291
8.16,14.3287,0.0918,0.0424,216.46740722772194,263.5255392337485,619.551950060928,234.7087484335339,232.76172392039712,190.404587331744,340.3633929946564,1.6499737926105755
8.18,14.3387,0.0943,0.0431,217.44965150862961,264.72131488007085,619.8719364725131,235.89188634173965,235.86216443773012,190.97878234536302,341.7677140941219,1.6571182483973275
8.2,14.3216,0.0963,0.0441,218.22284701432983,265.6625963652711,619.7465401574286,236.7926585695121,238.37367048135306,191.4087722285297,342.91020885440827,1.6638654711052736
8.22,14.3124,0.0922,0.0445,216.9279445255159,264.08619333541066,619.746846483163,235.0166592942394,233.3586893762088,190.83035127625533,341.18475474603974,1.6529463364434036
8.24,14.2541,0.0841,0.0458,214.0834293170203,260.623305255503,618.9404740416986,231.25260088660892,223.32342874558577,189.39608038718882,337.32767574626007,1.6315081413806767
8.26,14.0947,0.0761,0.0445,211.0351913859469,256.912406904631,616.4296925505068,227.09144369497116,213.22948233325909,187.65374806728695,333.1491625876734,1.613380063300771
8.28,13.8683,0.0773,0.0446,211.38427306810001,257.33737590899136,612.7808155535238,227.403266725236,215.23713625771342,187.58603310014834,333.99174797385854,1.6271298802390994
8.3,13.6623,0.0796,0.0449,212.1978117550789,258.32777083227,609.4400842992815,228.20525178160167,218.56026565435357,187.76418089781006,335.4347775526021,1.6440627440289375
8.32,13.4494,0.0812,0.0458,212.7087666089526,258.94980282829016,605.9505484582983,228.6356477538003,220.98915122464905,187.77530549338545,336.4694531343863,1.659076426117249
8.34,13.179,0.0825,0.0476,213.02621991670185,259.3362677246805,601.4303827619169,228.80053003262586,223.13141546521024,187.59909405211866,337.3190819837105,1.6758639567594555
8.36,12.9086,0.0843,0.0493,213.4951291508508,259.9071137488619,596.847673806586,229.18161247996255,225.9303518369658,187.50007832955907,338.4200100001647,1.694445024834294
8.38,12.7745,0.0856,0.0499,213.91282325142026,260.4156109147725,594.6204474143962,229.57365639292217,227.85627770154284,187.5808527250427,339.2727870764662,1.7051969524484067
8.4,12.7929,0.0861,0.0499,214.21876287286793,260.7880591495784,595.087360522002,229.88628119321058,228.4850812126665,187.83488912645996,339.7382106632515,1.7062555296311697
8.42,12.8547,0.0864,0.0457,214.50218455399636,261.13309423964773,596.2912578056067,230.18695662041384,228.78304283185162,188.14390132193705,340.1085575692392,1.7047238398712334
8.44,12.9537,0.0868,0.0443,214.8637285080774,261.5732347054855,598.1688856573102,230.607187467218,229.14097017292588,188.5484092007375,340.5365039007363,1.7017019025215152
8.46,13.0154,0.0875,0.0458,215.28800142274767,262.0897408624754,599.405606819967,231.09385016903806,229.94312273396218,188.9275684769394,341.10845929579835,1.7013022818532009
8.48,13.1222,0.0887,0.0421,215.93293686390237,262.8748796604029,601.3903864209711,231.8881011613815,231.30026106939508,189.48833876910905,341.93788872326564,1.700410555316222
8.5,13.2613,0.0899,0.0416,216.61105571991004,263.7004156590209,603.9516180245289,232.7415594097383,232.59111795821659,190.11252812613054,342.766713701557,1.697970025167072
8.52,13.526,0.0903,0.0394,217.14143042976508,264.34608921884444,608.6483075316196,233.46675854637067,232.65927261582902,190.84927074142166,343.21877258611926,1.687547232070821
8.54,13.8474,0.0909,0.038,217.78545239808037,265.13011596288044,614.258887560388,234.3795251594192,232.88963879326286,191.72596818968427,343.7779571066936,1.6754204385138278
8.56,14.1384,0.0917,0.0372,218.45342858691998,265.9433043666852,619.2904564457139,235.3160483975988,233.42602276043198,192.56609455106602,344.4265277595059,1.6654862050968404
8.58,14.3297,0.093,0.0342,219.1907750971793,266.8409435965661,622.5975103095094,236.28467322422978,234.74357006494023,193.29005779241115,345.29554655219675,1.6614953445084046
8.6,14.4613,0.0942,0.0345,219.8344929374273,267.6246000977376,624.9194584216905,237.09823690037453,236.02548270640037,193.87618875877638,346.0987376151298,1.6597344508502967
8.62,14.542,0.0948,0.0351,220.22282852310747,268.0973564629134,626.3961650434202,237.55448441782917,236.65079381367957,194.25929626945717,346.6024243855311,1.658413951915769
8.64,14.5557,0.0956,0.0364,220.61883759318837,268.5794544612728,626.7740553595175,237.9777280670108,237.62525579950727,194.54649654605961,347.18719824904093,1.6604570521699402
8.66,14.5084,0.0968,0.0382,221.09359833739217,269.15742406291224,626.1518079547924,238.4632102576483,239.1812312742216,194.78192905410847,347.9457715035045,1.666159527257227
8.68,14.4182,0.0978,0.0387,221.45541865187477,269.59790096749975,624.8096708135628,238.77959556091028,240.56257354043814,194.89810752450768,348.5982790268214,1.6731237908925891
8.7,14.2936,0.0992,0.0396,221.91067187418264,270.1521222816137,622.8920500761759,239.19914316635203,242.48354393461048,195.00917183244974,349.42396843431976,1.6826581121433857
8.72,14.1366,0.0992,0.0403,221.8636214731633,270.09484353254663,620.4185572909774,238.95781437046492,242.76795745379326,194.82359378823068,349.5984482284724,1.689781230062644
8.74,13.918,0.0992,0.0416,221.74729830926736,269.95323272432546,616.8896261626952,238.5976180496428,243.16036591331311,194.5107166244604,349.7608001457743,1.6996752042668462
8.76,13.5725,0.0997,0.0427,221.64187474855396,269.8248909982396,611.14799214758,238.19855877471994,244.38994915988704,194.01203950680517,350.1267945176317,1.7168028296779727
8.78,13.1552,0.099,0.0434,221.03619265885135,269.0875388890364,604.0518959497197,237.13287636876674,244.3069554373868,193.15104098762862,349.92725051714723,1.7343815920206955
8.8,12.5878,0.0975,0.044,219.94155302740785,267.7549341203226,594.116140875951,235.39432793062184,243.53910887223998,191.80687296535618,349.32052184715405,1.7576150538223885
8.82,11.9604,0.095,0.0437,218.370277406376,265.8420768425447,582.7710790536557,233.04496869758952,241.6623077840196,190.10981110928657,348.2111667459207,1.7822964283150635
8.84,11.3669,0.092,0.0426,216.6003470195596,263.68737898033345,571.6869978003159,230.47709594761733,239.0831871182905,188.3381915794839,346.8297533884959,1.8052475721593237
8.86,10.8572,0.0877,0.0435,214.46060250274434,261.0824726120366,561.9044092941022,227.44577108390072,234.6211047965745,186.47333265784877,344.75831241781856,1.8208941539725523
8.88,10.5086,0.0823,0.0452,212.15010957049068,258.2696986075539,555.0930696461558,224.1981938193744,228.26820265072664,184.73844080529554,342.03428897076105,1.824352066150082
8.9,10.2598,0.079,0.0467,210.66905579918554,256.4666766250955,550.1800969644498,222.08600069435298,224.37847873647917,183.59265158789884,340.35283839282954,1.8286346244671339
8.92,10.0681,0.0775,0.0496,209.89439443877112,255.52361062111265,546.3844580804454,220.93741472218778,222.75254326547184,182.91770203862683,339.65115560629124,1.8355167991268426
8.94,9.9804,0.0779,0.0489,209.9701496459629,255.61583435160702,544.6798728439371,220.94387004779682,223.48741934471985,182.87930671387286,340.0491643831452,1.8426621699065833
8.96,10.0666,0.0784,0.0516,210.41138754559321,256.15299353376565,546.6128743978616,221.43380643178338,223.99351202044457,183.3170280617818,340.5462503894222,1.8394075278705615
8.98,10.3106,0.0784,0.0514,210.96063118641132,256.82163796606596,551.7459680206792,222.06862005405438,223.5081680193358,184.06438537694882,340.7988007811734,1.8251305729498375
9.0,10.6229,0.0787,0.0502,211.71130941192382,257.73550711016816,558.1708731896689,222.99736690971622,223.30862641522788,185.03000000695425,341.235357214757,1.8082635874241302
9.02,10.826,0.0814,0.0469,213.10063582377472,259.4268610028562,562.3117613066582,224.78184021905994,226.5200894572065,186.17032689674033,342.9756164938487,1.8059850281389929
9.04,10.8312,0.0836,0.0417,213.9668336659356,260.48136272374774,562.4948134417647,225.84311083749972,229.4215497098781,186.71069457063348,344.36086578645,1.8132712116826848
9.06,10.6794,0.0852,0.0411,214.34905930566086,260.946680893848,559.5924986435044,226.2473973831159,231.83092306541656,186.73971653447794,345.36759269915353,1.8274149346094544
9.08,10.4753,0.0843,0.0439,213.78789826945885,260.2635283280369,555.6344877033933,225.38260959414183,231.0761734800408,186.1715648527437,345.0343167237372,1.8367976448798207
9.1,10.3179,0.0833,0.0471,213.26745670681288,259.6299472952505,552.5837388203471,224.57662733523563,230.09004302468995,185.69577149401061,344.65267498693254,1.8432702799431049
9.12,10.2384,0.0827,0.0493,213.019857357455,259.32852200038,551.0952614969052,224.13975580927183,229.46800504967499,185.49096761486615,344.50052115261934,1.8464663367947534
9.14,10.2522,0.082,0.053,212.91228912885975,259.19756937426405,551.5297782336986,223.88842673377766,228.5169490695489,185.5090379708982,344.3142444526004,1.8436998227318495
9.16,10.3416,0.0792,0.055,212.2107700441245,258.3435461406733,553.4949686542368,222.83788438892412,224.61404101802864,185.3188466717861,342.9742642309772,1.8295516956750204
9.18,10.5261,0.0714,0.0544,209.77324439475476,255.37612361100582,557.3534241862383,219.53009875232777,213.7127263147007,184.31112872176934,338.6136808482467,1.7922561356264528
9.2,10.7548,0.0637,0.0545,207.15046858478757,252.18317914669794,562.060622365115,216.12863323908985,202.6386295058143,183.25049170903478,333.8643589367025,1.7508342205397929
9.22,11.031,0.0618,0.0495,206.82849791092866,251.7912148480871,567.6007699384271,215.7817615931554,199.5607085492659,183.56995686885645,332.79786411682386,1.7284313129469453
9.24,11.3832,0.0626,0.0454,207.7318244850063,252.89091676435552,574.5337330580104,217.05192289479288,200.20120790170878,184.71083408270837,333.6151648508636,1.712880358643303
9.26,11.8847,0.0533,0.0437,204.13472717220992,248.51184177486428,584.1701347825933,212.9680467901769,186.35445297149423,183.50687512973525,326.99550675951633,1.6489071777539799
9.28,12.4053,0.0481,0.0438,202.08478322472962,246.01625783880127,593.9288391494971,210.99113227685513,178.27390351685196,183.18657752882882,322.93933536614264,1.6003314798487385
9.3,12.9165,0.0373,0.044,196.3964880098507,239.09137670764434,603.2782738264286,205.11290821063838,161.83419719606854,180.51478311528672,312.7019297724306,1.5237035503938836
9.32,13.5792,0.0289,0.0351,191.3714139926936,232.97389529545308,614.9693558400659,200.59022649320283,148.82689066283913,178.11637596837315,302.77636432669846,1.4490532979012711
9.34,14.6513,0.0336,0.0298,195.05864665010193,237.46270026968932,633.1608420698609,206.12518029903205,155.66263946876856,182.45114022192672,309.1071883225503,1.4315137196533914
9.36,16.1317,0.0294,0.0265,192.6935794251465,234.58348799583052,656.9735673286175,206.06518688509027,149.40968030649196,183.0675110904853,304.16870663839705,1.3545187842535078
9.38,16.8582,0.0249,0.0565,189.769625981279,231.02389249894838,668.4465307856177,204.4020916573497,143.29347237414362,181.81745355349102,297.9280482587788,1.3060413033599627
9.4,18.4368,0.0253,0.0512,190.22962413637808,231.58389025298203,691.7804352531614,207.61536245293192,144.24247913965758,184.52919534993381,298.90476826120045,1.259483101334461
9.42,19.6292,0.029,0.0568,192.74262590168135,234.64319674987297,708.7036780675983,212.09879604353648,149.20482544439665,188.43474410074222,304.5606935456306,1.2431374183123514
9.44,19.9633,0.0366,0.0537,197.7986666056193,240.79837673727567,713.4140451607001,217.50204870276846,158.98381081461503,192.6914405447845,314.124586803129,1.2693051903442476
9.46,20.0914,0.0414,0.0445,200.91683000469828,244.59440174485007,715.2547131302985,220.72318410758535,165.2054173437431,194.96652723686367,319.38354184327466,1.2874307029032073
9.48,20.345,0.0332,0.0399,195.69691490471203,238.2397224926929,718.8111604046578,216.0664385463627,154.68873666344902,191.88583207161955,310.5437568005699,1.2437249195136486
9.5,20.5795,0.0294,0.0569,193.23191415882053,235.2388520194337,722.2085584567213,214.13040946542668,150.00254730837156,190.38486818204476,305.8640241955211,1.2199568722479985
9.52,20.597,0.0215,0.0529,188.24530471296939,229.16819704187577,722.5707662164801,209.51464996252145,140.94666967595325,185.6346563389941,293.82859097422136,1.1847469220159041
9.54,21.1376,0.0278,0.067,192.25494124335646,234.04949368756436,729.9794293185527,214.16690449520266,148.26690619101242,190.45659094862253,304.0302031371363,1.198443377188872
9.56,21.3858,0.0269,0.0631,191.712956938335,233.38968670753826,733.3682216917113,214.08381989025727,147.32279382294544,190.36742191977444,302.91886943289535,1.1884228353982789
9.58,20.9554,0.0263,0.0662,191.48186100339268,233.10835252586938,727.8695753185032,213.07997677890447,146.5344255319295,189.56597075099685,302.14615126310827,1.1969636460331914
9.6,20.4111,0.0204,0.0467,187.94064317513852,228.79730473495127,720.6369365781995,208.80435288062114,139.85984885673304,185.01600230609424,292.4282400925971,1.1860081471102046
9.62,20.8637,0.0189,0.0474,187.20629570527015,227.90331651076366,726.847662135601,208.95048817169993,138.80171124978153,184.53518060335898,289.7387479140914,1.1694357231538934
9.64,19.9146,0.0234,0.0435,189.9687111970529,231.26625710945572,714.1717307185444,209.70944606129413,142.90089246801435,186.6881977904939,297.94985348477127,1.2122537985648947
9.66,19.5116,0.0264,0.0408,192.05663882764972,233.80808205105185,708.7508735437141,210.89919175758547,146.37330291593693,188.12077766567035,302.7719557916189,1.2374547884869143
9.68,19.0166,0.0267,0.0344,192.37658838361483,234.19758585831372,701.9396355194749,210.2786657996698,146.65776309417245,187.70971077587362,303.318058901452,1.253301870682935
9.7,18.6267,0.0227,0.0471,189.78030091518613,231.0368880706614,696.6293567922721,207.10516187679448,141.62531702766614,184.75239787522602,297.0950195463243,1.2453838307706107
9.72,18.6462,0.0357,0.0516,198.60153275231738,241.7757790028212,697.0766439498948,215.57540746651577,158.45382672932843,191.96653029613128,315.27429051103985,1.3079806686624857
9.74,18.3682,0.0595,0.0457,212.61574141239254,258.83655476291267,693.1981557499759,229.34591714343674,189.8496943555316,199.96211033462274,337.0594205821382,1.4183967015757408
9.76,18.7317,0.0668,0.0406,216.40559900196473,263.4502944371745,698.5127335158538,233.84568360011193,198.849150434363,202.5780725112639,342.3959118510551,1.4336042853098596
9.78,19.1104,0.0951,0.0382,228.8051474768123,278.54539692829326,703.9975958476874,247.90187590649938,232.4600706201455,209.3263281757599,358.7239303062618,1.5103895088769272
9.8,20.315,0.0543,0.0406,210.04762295253636,255.7101496813486,720.7754014927146,229.54967367941694,182.2422562689135,201.69386158013555,333.84261604817726,1.3388686819781561
9.82,21.392,0.0645,0.0211,215.46256025293548,262.3022472644432,735.1689113380344,236.65688318647435,194.35199821789408,206.2407470279316,341.7044109559247,1.3461747809113052
9.84,23.1476,0.0873,0.0449,226.13337697340106,275.2928067502274,757.9250285883037,250.21420790724588,219.994335596419,214.02450542066063,355.808821420617,1.3711607650026376
9.86,22.7764,0.0842,0.0238,224.90954644653795,273.80292610882884,753.3022447913374,248.35235602267988,216.77772216428818,213.00723781388595,354.2799513645393,1.372447639696507
9.88,20.3657,0.086,0.0551,225.84658336421631,274.94366670426336,722.1247794190737,245.96079534178915,220.8425744079412,210.08987869680627,355.1435374198026,1.4463322638523113
9.9,21.1305,0.0758,0.0429,221.41955241611404,269.55423772396495,732.4334553732381,242.26093085872782,208.26068357480398,209.12403916649816,349.63651978357717,1.3926451505732393
9.92,21.3591,0.0355,0.0473,198.95126220763234,242.2015366005959,735.6189797201026,220.33096887362433,158.4311868538131,196.77819194740255,316.9901797911033,1.2323372940910942
9.94,21.5642,0.0333,0.0253,197.5488578765451,240.49426176275054,738.3333296340917,219.34274558767316,155.7574648789269,196.1154062069742,314.54724651996395,1.217661722719221
9.96,20.4022,0.0537,0.0585,210.45281375240438,256.20342543770965,723.214811232052,229.80561344199091,181.7410987058687,202.54208337982348,334.740017867645,1.336057644313884
9.98,20.9669,0.0514,0.0465,209.1401580304961,254.60540977625612,730.8660834806851,229.3705608380291,178.6467433235594,202.71551105451607,333.0767674149173,1.3111216046836458
10.0,21.4435,0.0605,0.0592,214.20684532854253,260.7735508347474,737.3786370360572,235.14359360393513,189.76287176339568,206.25766453292545,340.439184945082,1.3324567323017626
10.02,22.2183,0.0714,0.0754,219.7618375414417,267.5361500504508,747.6685003564475,241.91966307933438,202.49730675131667,210.30149507664348,348.1173882776155,1.3489644231090885
10.04,23.3841,0.0826,0.0554,224.97195419054657,273.8789007537089,762.443517997705,248.9234882079351,214.81594249377886,214.55256655013673,355.0878429935978,1.3536369650284978
10.06,23.4368,0.0931,0.0736,229.6766688352943,279.60637945166263,763.3441450320203,253.83808019526748,226.68753502248165,216.88436357084535,360.8425561097971,1.3827899451045227
10.08,23.0819,0.1039,0.0725,234.184083559028,285.0936669414254,759.0570063781948,258.0712047436113,238.96791012116475,218.509360158814,366.1706244972171,1.4215559469351506
10.1,22.6124,0.106,0.072,235.09339080750323,286.2006496786996,753.2745694044053,258.3732504450715,241.7187723380882,218.346115846613,367.2526944033301,1.4399733464408269
10.12,21.7225,0.1208,0.0719,240.4347482997863,292.7031718432181,741.9698172337705,263.076947123793,258.5973247751101,219.57585023028508,373.62184359991363,1.5013367623936742
10.14,20.9493,0.1213,0.0806,240.53187508067938,292.82141314169667,731.9741220260987,262.21192817501344,259.9840690735333,218.6277228172081,373.9089981011903,1.5252070710176333
10.16,20.5484,0.1143,0.0715,238.13861440014773,289.90787840017987,726.690201389398,258.9615340061679,252.90073684126776,217.0661705489437,371.16279011590336,1.520947032559758
10.18,20.2084,0.1073,0.0817,235.6698449072518,286.90241988708914,722.2790875064313,255.71695059713346,245.60363183521167,215.5301742742154,368.26364158581146,1.5140123189269754
10.2,20.0315,0.1161,0.0812,238.84348639105576,290.7659834325896,719.9983876388783,258.9520959540951,255.40606095570078,216.788622027551,372.2172251082232,1.5418297973332151
10.22,19.9623,0.1215,0.0807,240.7139014180689,293.04301042199694,719.1854217824701,260.99133658396687,261.37584732767755,217.61825640976141,374.59959754884824,1.5569949978407471
10.24,19.7898,0.1272,0.0815,242.56748226710778,295.29954362952253,716.9524802259034,262.93472009406275,267.73791412046927,218.29370074014568,377.00111556607214,1.5756187835674969
10.26,19.0999,0.1277,0.0857,242.5253493216513,295.24825134809726,707.4783691830348,262.05524632180186,269.10151475826393,217.3697526772361,377.2806089781617,1.5991844640150692
10.28,18.4099,0.1252,0.0899,241.487173640151,293.9843853010534,697.7827417220997,260.0558442498024,267.3110298463261,215.9834499776264,376.39509627813845,1.6167039457233259
10.3,17.924,0.1204,0.0848,239.79969915240167,291.93006853335856,690.805377094691,257.49313091256,262.7566718022408,214.5720747715828,374.5971208599697,1.622630741037134
10.32,17.7437,0.1179,0.0827,238.99554476472693,290.9510979744502,688.2670216288358,256.28304342956955,260.2719674575885,214.00247074027294,373.73213380605904,1.6233523574601585
10.34,17.7448,0.116,0.0808,238.4826576865316,290.32671370534285,688.403424699587,255.601754143355,258.200846640449,213.83105838619548,373.12651902369976,1.619094685094811
10.36,17.7987,0.1129,0.0784,237.59288696115954,289.24351456141164,689.3169033347556,254.53700361961916,254.7289192710333,213.55873758956437,372.0050703573888,1.6099758717882362
10.38,17.9289,0.1103,0.0793,236.88860004236818,288.3861217907091,691.372793300744,253.78228977525333,251.70170246207775,213.48441694759194,371.0810693475516,1.5992612263222497
10.4,18.1967,0.11,0.0793,236.98537249303362,288.50393173064964,695.42486507941,254.21498004212864,251.14934993221542,214.00682489553233,371.17112636679286,1.5893390503790572
10.42,18.6014,0.1142,0.0791,238.70721152807877,290.60008359940025,701.414469876208,256.5742765945541,255.33148816018578,215.46955091043947,373.22568130230735,1.5864312742507882
10.44,19.1394,0.118,0.0783,240.3285140118226,292.5738431448275,709.2120909896373,258.94238291548385,258.8490262594022,217.060323622317,375.0782767956597,1.5782691379376004
10.46,19.733,0.1222,0.0808,242.06970322685726,294.6935517544349,717.6717034985156,261.50750195085493,262.68310249257274,218.76727141907662,377.05521985033215,1.5694961192286048
10.48,20.4203,0.123,0.0872,242.71154146387718,295.47492004298095,727.2774566611088,262.88189184795004,262.7168997072746,220.08443487493022,377.65330007839424,1.5504386390117957
10.5,20.9084,0.1255,0.0869,243.8017157694916,296.80208876285934,733.9948019423276,264.58241067603063,264.8215416946843,221.32071908619415,378.89136378659634,1.5418493739267447
10.52,21.2306,0.1275,0.083,244.65802727832695,297.8445549475285,738.4050821200278,265.8386684406453,266.5819376031486,222.21742490386816,379.89675366152056,1.5372417522941926
10.54,21.3423,0.1259,0.0832,244.22436711375337,297.31662083413454,740.024550246407,265.53147825322867,264.89956263021634,222.2697618386633,379.47062265242687,1.5303790982740744
10.56,21.4659,0.1231,0.0754,243.42306261539872,296.3411197057028,741.7521345887222,264.715185886792,261.84544439607646,222.1568359213149,378.5604306036831,1.520779776827836
10.58,21.7173,0.1198,0.0772,242.45267772515834,295.15978157845365,745.2032941050735,263.88655269154015,258.11810448267784,222.14512863488542,377.43865751348886,1.5061180196239277
10.6,21.9689,0.1135,0.0726,240.36869909555895,292.62276411633263,748.59946446609,261.85788756756847,251.17357624118455,221.6347769361953,375.0083887864199,1.4841908397226975
10.62,22.0032,0.1081,0.0715,238.4866333500983,290.33155364359794,749.1789039672158,259.80449621916654,245.3373759200424,220.90519698083335,372.821537920615,1.4700972361497802
10.64,22.0865,0.1061,0.0799,237.83810884605236,289.54204555171594,750.4450984112169,259.1678626875863,243.11123983706534,220.79856472708138,372.1050176005954,1.462845476316687
10.66,21.9664,0.1051,0.0714,237.54741922821205,289.18816253869295,748.9788249830962,258.63378078933096,242.15714350771853,220.567048204769,371.8088278880257,1.4640630249392552
10.68,21.6251,0.0985,0.0579,235.04890716120974,286.14649567451625,744.5817110378475,255.4337244716161,235.21181331113317,219.00287104153185,368.81933667784796,1.4568157586212782
10.7,21.1258,0.0901,0.0492,231.68528755381308,282.0516544133377,738.0625504041202,251.10861454611086,226.21059924732546,216.771292185168,364.6797861071305,1.4482775299981796
10.72,20.708,0.083,0.04,228.70816741457912,278.42733424383545,732.5410203818792,247.32071468122908,218.40650924581416,214.79261704945338,360.9263673662363,1.4400295278095527
10.74,20.4035,0.0796,0.0451,227.27579329046318,276.6835744405639,728.5743988091297,245.33011397439802,214.68976782051277,213.7028286416587,359.09912919469275,1.438911203499256
10.76,20.3392,0.0814,0.0516,228.17526225982718,277.7785801423983,727.8685957280043,246.1301180110908,216.87513276259986,214.11324666748612,360.30567563704204,1.4466816472202353
10.78,20.6456,0.081,0.0567,228.1018167196502,277.68916818044374,732.1970390807151,246.45841769150522,216.20672530936523,214.59779554351414,360.2840847295537,1.4364185422073867
10.8,21.1366,0.0843,0.0555,229.66831025787428,279.5962037921948,738.9219741930985,248.76437827677296,219.7023132113748,216.15156000192272,362.392173877369,1.4322510111937876
10.82,21.6465,0.0914,0.06,232.82070771041214,283.43390503876265,745.8353602735621,252.75096357102873,227.43978137202336,218.46776337802666,366.4579322090489,1.4384883085891933
10.84,21.8409,0.1025,0.0559,237.41406793054426,289.0258218284887,748.498326638154,257.82065002871684,239.66560114837887,220.95355866145343,372.15757933815405,1.4636454709170676
10.86,21.7544,0.1064,0.0592,239.0019770987871,290.9589286420017,747.520327678573,259.346275894838,244.03075217780932,221.6263802589166,374.1320912140395,1.476505611415414
10.88,21.7169,0.1107,0.0603,240.69969385741229,293.02571426119755,747.1705456063496,261.06766978340113,248.7493571042102,222.4148580532022,376.2342778529474,1.4887345727700159
10.9,21.1571,0.1142,0.0787,241.97327060588435,294.57615552020707,740.0001482848553,261.6680913444639,253.05679122044805,222.2666787492993,377.8623561928762,1.5137692056528613
10.92,20.6802,0.1193,0.0748,243.77227421131317,296.76624686594647,733.7044210348755,262.88112934099206,258.9221256256733,222.45632331817882,380.12676146520005,1.540902940236023
10.94,20.0126,0.1227,0.0715,244.73069423566568,297.93301906950603,724.6908302693371,263.251002650177,263.39890685681723,222.03755858374078,381.60194274380126,1.5693206684524803
10.96,19.8976,0.1338,0.0753,248.34614835085662,302.33444147060806,723.2524978993915,267.08471687821645,275.11719593295305,223.56731687987457,386.0843924326552,1.5982867304513326
10.98,20.0388,0.1278,0.077,246.56959317179084,300.1716786439193,725.346472525043,265.30569199646453,268.84956092735035,223.05751561537295,383.98566285977887,1.580496686825464
11.0,20.1144,0.129,0.0754,247.07936347000978,300.79226857218583,726.5105428901434,265.910115589626,270.0478559982704,223.46471364365175,384.6402422440213,1.5811342453695072
11.02,19.8471,0.1321,0.0691,248.09938577169152,302.034034852494,722.9063205549344,266.52579636489764,273.45562324507586,223.5875496740439,385.9686433020795,1.5972055103135
11.04,19.6893,0.1313,0.0592,247.87818301333266,301.7647445379702,720.7798316721434,266.0174030618223,272.82025758546376,223.33066415346343,385.8181456988521,1.6009137887969667
11.06,19.1722,0.1342,0.0675,248.61342833237583,302.6598257959358,713.6757359053433,266.2219780172463,276.44462981761484,222.99235189318242,387.01642957416954,1.6241905645401473
11.08,19.1171,0.1395,0.0697,250.26200097617408,304.6667837970815,713.0333548752319,268.005129447134,281.9969390680093,223.73004260979553,389.1396506422096,1.6376047155805675
11.1,19.0777,0.1332,0.0686,248.46070540238185,302.4739022289866,712.5931222869618,265.7933394093676,275.5398550702488,222.91906251020555,386.97945690554764,1.6257535167726085
11.12,19.0853,0.1331,0.0698,248.53479685119018,302.5641005144924,712.8355936084951,265.81308909737163,275.4383106132413,223.02953923873986,387.1190883248275,1.6255885109360795
11.14,19.1844,0.1315,0.0699,248.19748262930338,302.15345711393456,714.3727683963962,265.4589067212961,273.6683108186666,223.08341666722137,386.7015148755246,1.6191410237623158
11.16,19.4378,0.1313,0.0734,248.36309302471545,302.35506976921886,718.1054289783866,265.8612072051445,273.18137254756806,223.588583774342,386.8380626858629,1.610711184255349
11.18,19.7628,0.1325,0.0764,248.988367945344,303.1162740204188,722.8070094829814,266.8744039363866,274.07522593718153,224.4040769014719,387.5188874306442,1.6031834680657133
11.2,20.1183,0.1275,0.0807,247.66044760653318,301.4996753470839,727.8922051871524,265.7175216895726,268.4931895585956,224.37523612709631,385.811185509534,1.5811249923116175
11.22,20.5328,0.1226,0.083,246.28700616698123,299.82765968154234,733.7181646063134,264.65371312331337,262.9600301713217,224.41562098233973,384.0818862760208,1.5573067415695174
11.24,21.0203,0.1225,0.0825,246.53287556003875,300.1269789426559,740.4411165331243,265.3683414041451,262.2999690166943,225.27145075566386,384.28094641109334,1.5429067427067666
11.26,21.2962,0.1287,0.0894,248.7497084629908,302.82573204190186,744.30220978555,268.14977809552147,268.54800645986415,226.73367106364387,386.96671878751414,1.5488994152690991
11.28,21.0988,0.1322,0.0826,249.87949775293464,304.2011276992248,741.7558428060329,269.2002944915186,272.474774508977,227.0466405137152,388.4664834283347,1.5626091384030663
11.3,20.5879,0.1322,0.0845,249.75875732395974,304.0541393509075,734.9937719736679,268.5033941863079,273.1281693376598,226.3580668438201,388.5701365378398,1.5780162339634998
11.32,20.0701,0.1274,0.0864,248.2042356950991,302.161678237512,728.0274576850228,265.86275392114106,268.5302087062794,224.94861596440188,386.80652684337576,1.5841977263135403
11.34,19.5523,0.1196,0.0855,245.53836361889887,298.9162687534421,720.9282429809689,262.17778583782695,260.8628202055407,223.04085991353034,383.7397388586746,1.5829748154555316
11.36,19.1902,0.1163,0.0815,244.37617524926455,297.5014307382351,715.9090185215384,260.36351094253473,257.72555326492966,222.0340412411187,382.46405431686736,1.5872185979771463
11.38,19.0841,0.1127,0.08,243.19385729592958,296.0620871428708,714.5125339897481,258.8458622731775,253.96568694578437,221.38682877835498,381.05777497733044,1.5822334939718734
11.4,19.239,0.1141,0.081,243.8363872552557,296.84429752813736,716.8491019826542,259.689231204024,255.33907537780357,221.98026186954357,381.86228505061104,1.5808889142347495
11.42,19.7261,0.1205,0.0876,246.29619550408546,299.8388467006258,723.8810148310446,262.971363646956,261.70292836680204,223.9014272452466,384.8228936357012,1.580725302562612
11.44,20.376,0.1296,0.0856,249.61539942586955,303.87961669236296,732.999067919374,267.4057670471077,270.5885764157161,226.42250931891695,388.7475543854655,1.581427846695852
11.46,20.896,0.1406,0.0837,253.33950746180375,308.4133134317611,740.19410422728,272.13771704168994,281.31564418188026,228.89854037832447,393.1334727537363,1.589548165557274
11.48,21.062,0.1484,0.0854,255.82657650156565,311.4410496540799,742.5688606190423,275.0712988166239,288.9720390688983,230.30036447546712,396.10046962559915,1.6007761458663825
11.5,21.1522,0.1519,0.0868,256.9776068174029,312.84230395162086,743.9160713835803,276.4099298371767,292.3545157548273,231.00017889373848,397.4902228098284,1.6053061719379715
11.52,21.1731,0.1549,0.091,257.94199559319856,314.0163424612852,744.347968767882,277.4604255876494,295.2950507782965,231.52017416473728,398.68024993174805,1.6107862996309257
11.54,21.339,0.1585,0.0913,259.1262187351774,315.4580054167377,746.696428075836,278.92452749383915,298.6448316909253,232.33494291588013,400.0714108580515,1.6130587665043523
11.56,21.505,0.1619,0.0909,260.24139627431356,316.8156128556861,749.0322380236836,280.30965342258963,301.7744717481368,233.116637244487,401.37560174986805,1.6148768110132985
11.58,21.8436,0.1662,0.0927,261.6656522975921,318.54948975359036,753.6466750167644,282.2408875889767,305.55473361060893,234.26308819445438,402.96845725851796,1.6132306742761064
11.6,22.3242,0.1705,0.093,263.13053626590647,320.33282675849483,760.0586508155109,284.3746513976853,309.14612610585357,235.61015126643133,404.55049621817983,1.6075538849283653
11.62,22.6419,0.1729,0.0916,264.0028742792573,321.39480347040023,764.288148593364,285.64925872105385,311.0875714027611,236.4773576573285,405.50537030220397,1.6032136484709538
11.64,22.668,0.174,0.0913,264.4073648260062,321.88722674470324,764.7525739520248,286.06458031877656,312.10601111976604,236.75428091279923,406.0198995432576,1.6047360658005245
11.66,22.3435,0.1742,0.0927,264.425786058277,321.9096525926851,760.6959467504576,285.65003756580757,312.65119744700434,236.39853996182504,406.21360720847196,1.614499900829074
11.68,21.8387,0.1724,0.0933,263.82475808374227,321.17796636281673,754.2272848623475,284.3306920185934,311.5064824977255,235.5310578625087,405.77278600754624,1.626079925587731
11.7,21.4215,0.1691,0.0842,262.85095243613245,319.99246383529174,748.7762478316079,282.67587787365125,308.83825280053014,234.6128495988987,404.8719939408362,1.6328075559870472
11.72,21.0263,0.1623,0.0786,260.9287485433605,317.6523895310476,743.5717168059905,279.9564393356577,302.75079394989007,233.29959643663446,402.8360175623737,1.632513308702348
11.74,20.6239,0.1558,0.0805,259.037311274422,315.3497702471224,738.2473305625845,277.2691019021456,296.87507415140584,231.97332469710548,400.81678181942436,1.6327258506662636
11.76,20.0804,0.1505,0.0784,257.36327487265936,313.3118128884549,730.8774130336653,274.670535651694,292.2637196920233,230.52912811949602,399.110421601028,1.6396406486742712
11.78,19.4908,0.1473,0.0748,256.2223102988826,311.9228125377701,722.7179768485358,272.63032110578956,289.74974201419906,229.24111572474976,398.08023083067917,1.6525074652089993
11.8,18.7893,0.143,0.0716,254.65991835492787,310.02077017121655,712.7854559363633,269.98574487232264,286.23847464397113,227.58154354334826,396.61261768701627,1.6673527994891906
11.82,18.2804,0.1377,0.0732,252.88524502447444,307.86029829066456,705.4882664859293,267.30831077569115,281.44061676360707,226.08041334604707,394.75903926364634,1.6739671067538777
11.84,18.0967,0.133,0.0767,251.46597065439676,306.13248601404825,702.9156199250052,265.3961908747823,276.8181055217679,225.20788613038417,393.1195888309266,1.6705069460224684
11.86,17.8391,0.1266,0.075,249.43784995788843,303.66346951395116,699.1894807187626,262.70517331375447,270.44494104789084,223.9304059949829,390.73266836991087,1.6656811080990126
11.88,17.5257,0.1305,0.0736,250.50884236289644,304.9672863548305,694.5868095883666,263.5143753361966,274.8961125651136,224.02769976888612,392.3926637890544,1.6860362578507524
11.9,17.101,0.1322,0.0693,250.78596712660305,305.30465563238636,688.2066118390742,263.3071650209631,277.1808780790434,223.5821798499297,393.14937080803344,1.7057682745972143
11.92,16.7501,0.1256,0.07,248.62112215708567,302.66919219123474,682.9049890102466,260.34071156081484,270.67592240602437,222.07377149394438,390.6465830603043,1.7044417657119644
11.94,16.7027,0.1221,0.0627,247.59745306980375,301.4229863458481,682.2328868750991,259.02237678622976,267.0202276630415,221.56630134960017,389.37091510485635,1.698576092963179
11.96,16.8403,0.1221,0.0536,247.79590992237567,301.6645859924574,684.4252107969132,259.32066287670466,266.8704993319748,221.93145769489425,389.5594723067585,1.6938288160672526
11.98,16.4485,0.124,0.0776,248.17067671369688,302.1208238253701,678.5771369992684,259.26911257455686,269.3503670005258,221.56696324312765,390.43926276805786,1.7131579631608753
12.0,16.1368,0.1301,0.0603,249.80495833031722,304.11038405429923,673.6413199604305,260.7835649345384,276.19568221369605,221.94273471442463,392.9945322807508,1.7398051505771277
12.02,16.0446,0.1275,0.064,249.04977855171148,303.19103475860527,672.3063880006857,259.72335176420205,273.57162023147333,221.49094248434338,392.1130925951142,1.7378746187882315
12.04,15.7311,0.1243,0.0662,247.8931612977538,301.7829789711786,667.3909455188908,257.9734474743393,270.5676408093371,220.4988857945463,390.92686848054035,1.7434038161869143
12.06,15.2929,0.1197,0.0676,246.16232272996714,299.6758711495252,660.3581993238498,255.4255543578476,266.1802078906987,219.01846318915108,389.09718490184224,1.750897227665329
12.08,14.8702,0.1148,0.0646,244.30502426767043,297.41481215194665,653.424515422079,252.74309874668234,261.3796307903824,217.48095331923676,387.0706837322868,1.7572541017758159
12.1,14.5356,0.1106,0.0651,242.71547237961826,295.47970550562223,647.8884947022389,250.4644163237857,257.16431287588654,216.19924759254496,385.2961101705538,1.7615648470796994
12.12,14.2576,0.1061,0.0656,241.05097707662378,293.45336339762895,643.24457243812,248.1538117622874,252.47697777694668,214.95552564987238,383.32651579443205,1.7625719476965804
12.14,14.0557,0.1016,0.0664,239.42708225613305,291.47644796398805,639.8666679197498,245.96888178936516,247.62059675778346,213.84226839557607,381.29171925102787,1.7599632344933083
12.16,13.956,0.0918,0.0671,235.98578407128772,287.2870414780894,638.2416416366297,241.78891857299206,236.37173492949734,211.92923854942026,376.4339020328659,1.737179304622047
12.18,13.9241,0.082,0.069,232.33506982846427,282.84269370421737,637.8027772997739,237.51212583660748,224.68580177927925,209.9794462820802,371.0976438371784,1.7089997516798776
12.2,13.9438,0.0773,0.0709,230.54503843868233,280.6635250557872,638.2642029651511,235.45488830919564,218.91523852655206,209.0911440112245,368.417751143238,1.6931127864539766
12.22,14.0422,0.08,0.0733,231.8211878388009,282.21709823854025,640.0987090912799,236.9424307060197,222.14829694670806,209.99586800137223,370.2384242960419,1.6977918253990507
12.24,14.2016,0.0829,0.0788,233.20922356581156,283.9068808627271,643.002592283876,238.63449235994014,225.5231893959429,211.0559747176973,372.14127302053294,1.700127714411674
12.26,14.2354,0.0871,0.087,234.95892529189112,286.03695252925877,643.7487802236361,240.58508758997206,230.53438150161952,212.09230586253778,374.70124845714474,1.711800278921736
12.28,14.2382,0.0917,0.0952,236.77198115867228,288.24415097577497,643.9602596363947,242.5830005135628,235.97565786715455,213.10280031060842,377.37273857454676,1.725579813589684
12.3,14.2488,0.0959,0.0999,238.38736866240598,290.2107096759725,644.2806223820008,244.37504270676948,240.86622566023652,214.01610816045184,379.734562096625,1.7374457278896387
12.32,14.6805,0.0996,0.0997,240.19898699745593,292.4161580838594,651.7504648708963,246.86295773934424,244.64222914456886,215.71175236688947,381.8491786276999,1.7291136852183027
12.34,15.1069,0.1051,0.0995,242.57565096947025,295.3094881367464,659.002152373398,249.9924946905659,250.38767842534486,217.66956726545834,384.76604701025764,1.726024618627864
12.36,15.5175,0.1105,0.0995,244.83849560081057,298.06425551403026,665.8758667834487,252.97261967022598,255.92359611183642,219.5211451366568,387.5159705554278,1.7232269152709285
12.38,15.7936,0.1153,0.0994,246.73202755200236,300.36942484591594,670.4716884051762,255.3784633703006,260.8580157611115,220.95675242507625,389.8743366688611,1.7242792907052744
12.4,15.9383,0.1197,0.0989,248.34298038646475,302.3305848183049,672.9096327843387,257.3157668927333,265.439113867529,222.03554941916548,391.9636128912455,1.729429427284586
12.42,15.9984,0.1223,0.099,249.29427893725898,303.48868740188055,673.9834781145366,258.40232800460956,268.1487207347004,222.65222831798843,393.23134166018315,1.7334915006139608
12.44,15.9833,0.1239,0.0986,249.8616440622595,304.1793927714464,673.8456652708583,258.96522820512,269.8684830150019,222.96196135518326,394.0539753790481,1.7381545239103036
12.46,15.9389,0.1252,0.0983,250.30602168356478,304.7203742234702,673.2368782529344,259.35572228471034,271.2988969496886,223.16547104662308,394.7413068957651,1.7432636280694973
12.48,15.8594,0.1255,0.098,250.4131518583176,304.8507935666475,672.0601440142261,259.3185953538846,271.7121994309232,223.14861690627288,395.0097831147025,1.7474780690165599
12.5,15.7636,0.125,0.0992,250.2635725407688,304.6686970061533,670.6249605616003,258.9669158446826,271.2990399171144,222.97938648594274,394.9471101321129,1.7505050279378924
12.52,15.6793,0.124,0.0992,249.9725449137625,304.3144025037109,669.3622641865608,258.462071179597,270.34220474011045,222.75777265679488,394.67887993544855,1.7519463980137848
12.54,15.6435,0.1232,0.0994,249.78751485420776,304.089148518166,668.8866363570556,258.13094710489935,269.537188102992,222.66364404588026,394.49953461591633,1.751869577767234
12.56,15.6518,0.1228,0.0988,249.7655271018575,304.0623808196526,669.1232770806499,258.0350652367759,269.1041486015033,222.7192035791063,394.4933599284229,1.7509319268161654
12.58,15.7211,0.1232,0.0999,250.0460791972862,304.40392250104406,670.3635569580854,258.35511612550386,269.4481635785827,223.01972293297115,394.83198142289194,1.74934551674409
12.6,15.8661,0.1247,0.1009,250.73106438955733,305.23781751772196,672.8250829085255,259.22363987353896,270.8666228894335,223.63792659486947,395.63947934015926,1.7472586627444917
12.62,16.0569,0.1267,0.1004,251.60384939229974,306.30033839062577,675.9990865977202,260.35728784197096,272.75063249616034,224.41819649070894,396.65289533963244,1.7445290003556102
12.64,16.2442,0.1289,0.1023,252.5261959892662,307.4231951173676,679.1118401031447,261.5454430001585,274.83426529047085,225.2138324065553,397.73500197881646,1.742377339260322
12.66,16.3465,0.1316,0.1012,253.50856902469684,308.6191275083266,680.8373420114714,262.7111056036286,277.5219052175661,225.90497752616096,398.98639954190463,1.7447182800733916
12.68,16.3191,0.1335,0.1003,254.12851135583762,309.37383991145447,680.5026342067058,263.321246797511,279.5174644397729,226.21852892058556,399.88530320233167,1.7503072237718538
12.7,16.1467,0.1332,0.1002,253.96989282952006,309.18073909680703,677.8596077440262,262.8786184043569,279.4111865380272,225.92962001092366,399.89637375369955,1.7567781642086828
12.72,15.9721,0.1311,0.1006,253.28300952563674,308.3445333355578,675.165365350661,261.82033556551545,277.44381615421247,225.3774154961406,399.197877433434,1.7594303495893444
12.74,15.7825,0.1272,0.1006,252.0409255838083,306.8324311455058,672.2051358760082,260.10195515401506,273.6000306019105,224.52498143132962,397.75664708946766,1.7586465804660134
12.76,15.5324,0.1226,0.0989,250.50128429136146,304.95808522426614,668.2189285794549,257.976476577441,269.043642879036,223.42273972497804,395.9669173335749,1.7586248794052644
12.78,15.1937,0.1177,0.097,248.74260338906396,302.8170823866866,662.7193142259536,255.50523468822777,264.2045623371591,222.05849780965903,393.96470172484686,1.7614545971191395
12.8,14.914,0.112,0.0969,246.74335229415945,300.3832114885419,658.1459308717125,252.82223980285437,258.3457676241936,220.65046470287632,391.5315983408317,1.7596338078021296
12.82,14.7782,0.1065,0.0953,244.89357705552672,298.1313111980325,655.9465022676368,250.47439056795184,252.44092003512412,219.53623566024072,389.10433938353844,1.751745919502916
12.84,14.8111,0.1039,0.0974,244.1398639148332,297.21374737457955,656.6186688012216,249.5796512343241,249.5104931793199,219.2514949714648,388.0154991782951,1.7437445559153972
12.86,15.0202,0.1047,0.0994,244.70106192013924,297.8969449462565,660.2506009526992,250.3875085393154,250.18236837306264,219.92960280690414,388.5958778489574,1.7371770479523263
12.88,15.3173,0.1082,0.1021,246.24601920821596,299.7777625143499,665.3167124766775,252.41385534937558,253.74312298229958,221.24911135001557,390.4706191427078,1.7340490205136005
12.9,15.5263,0.1128,0.1045,248.04350520262847,301.96600633363465,668.879688375289,254.62281842667895,258.5481847215921,222.54467442023923,392.7833212528247,1.7373161692767376
12.92,15.6996,0.1174,0.1047,249.768356602218,304.06582542878715,671.8182744998195,256.7086714164375,263.32147948672747,223.73772121261032,395.0168300317414,1.741824159292073
12.94,15.847,0.1205,0.1055,250.96780142075573,305.52601912092007,674.3228105688655,258.1678491491749,266.46644730598405,224.62073968729692,396.5400451003772,1.743562225875397
12.96,15.9044,0.1233,0.1044,251.97524833618263,306.7524762353528,675.347981222171,259.30637153056153,269.36598880309447,225.26329818247908,397.8920379043534,1.748160356034462
12.98,15.797,0.1249,0.1054,252.45044862880445,307.33098093941413,673.7166871837097,259.656169821568,271.1695832769504,225.3811626521695,398.69502985352324,1.7565213884110704
13.0,15.7124,0.1252,0.104,252.54799675716697,307.4497351826381,672.4328906399306,259.59810522485884,271.581038315143,225.3482335487923,398.9589213201015,1.76100565093905
13.02,15.7889,0.1247,0.1041,252.5617589882277,307.4664892030598,673.7814122770576,259.6197657006369,270.9696660047517,225.52737350502966,398.9208881189311,1.7570509851984797
13.04,16.0109,0.1226,0.1059,252.21911595392305,307.049358552602,677.4899827087005,259.40053343861086,268.5148173633636,225.75925836686451,398.23683129583503,1.7434891180373986
13.06,16.3075,0.1226,0.1051,252.57209399574995,307.4790709513478,682.3421039022929,260.066986541267,268.19640668458396,226.45322968049706,398.4453905011289,1.7320300746339958
13.08,16.552,0.1255,0.1022,253.7663139267898,308.9329039108746,686.3064354543408,261.6268212673838,270.97490402224753,227.4765714316124,399.8569900912226,1.7295511123701024
13.1,16.7506,0.1285,0.0997,254.9379287671868,310.35921762961874,689.5202419152314,263.10710770543193,273.8801932822819,228.4118207759355,401.2773294392904,1.7290626848743875
13.12,16.9581,0.1317,0.098,256.16303937106863,311.8506566256488,692.8561372151099,264.6580560606976,276.9544476117143,229.38201533897055,402.75464478486424,1.7286275168330143
13.14,17.2463,0.1353,0.1029,257.5587331565898,313.54976210367454,697.4568691915524,266.4980392181412,280.3173706805397,230.55219774592982,404.37532429110877,1.7258949579414302
13.16,17.5151,0.1252,0.1077,254.77911655665005,310.165881025487,701.7157174811314,263.6378166026172,269.68225686495106,229.68018906159818,400.51732927641916,1.6936899803577083
13.18,17.8144,0.1149,0.105,251.69382476877587,306.40987363155324,706.3496910853759,260.56834873791956,258.60388895474244,228.7030319696989,396.27407857192895,1.6587288551017252
13.2,17.9456,0.1164,0.1042,252.36574887854562,307.2278681999686,708.4288037757833,261.40762257598345,260.07904400942135,229.2880510651292,397.11668686139797,1.657990762515788
13.22,18.0741,0.122,0.104,254.38527699728397,309.6864241706066,710.4628430626237,263.71119599424253,265.8365452994827,230.51765636070857,399.7240794153874,1.6670564751094
13.24,18.3352,0.1257,0.1065,255.82601965954674,311.4403717594482,714.4792404930098,265.5615101461226,269.4275897605437,231.66511698510857,401.47574766731196,1.6666649976874026
13.26,18.475,0.1291,0.1104,257.078922183356,312.965644397129,716.6816261185841,267.0481768474454,272.786437789133,232.53051913203205,403.0476593662101,1.6697203697294538
13.28,18.5132,0.1331,0.1144,258.4369566591711,314.6189037589909,717.3777490286577,268.5208555246951,276.81780502162326,233.2872488103929,404.81013639889403,1.677486779072798
13.3,18.67,0.1367,0.1125,259.7211726095735,316.18229708991555,719.7822364484766,270.06298476756456,280.2966910360365,234.1866573117708,406.39709551386557,1.6801822362918204
13.32,19.2566,0.141,0.1112,261.4551184484463,318.29318767636937,728.417818556934,272.64495080087784,284.0255214304948,235.93623652506608,408.2852570204066,1.6696946888674222
13.34,20.0246,0.1459,0.1106,263.42213808984974,320.68782028329537,739.4615068301656,275.71439784197673,288.1321306487172,238.04163644215373,410.37693236247503,1.6549367007088522
13.36,20.8734,0.1513,0.1127,265.51446356317274,323.2349991203842,751.378171652405,279.0260549428999,292.6012778890846,240.29241907352255,412.6034353563522,1.6393111149759954
13.38,21.9418,0.1568,0.1079,267.6553809101352,325.84133328190376,765.8977626862221,282.6740191107856,296.9240343904115,242.84521449652567,414.8332455835732,1.6182508957169008
13.4,22.8213,0.1599,0.111,268.9575828156718,327.4266225582092,777.5911571108486,285.17799482606887,299.10736552075304,244.72221463343962,416.16857986174654,1.5991184852982847
13.42,23.3413,0.1634,0.1057,270.22099330689514,328.96468750404625,784.3860326774059,287.1555246425183,301.96312018362073,246.06109287215995,417.56879279582597,1.5915226759113463
13.44,23.6705,0.1655,0.1067,271.0118957516775,329.9275252629118,788.7073930950453,288.37565074719197,303.65320809492937,246.92150976475745,418.4635597424056,1.5866601060204921
13.46,23.8872,0.1649,0.1112,270.9921936316327,329.903540073292,791.5930769237757,288.58632098308635,302.9216946713151,247.27343362603895,418.4516297135477,1.5799220581207203
13.48,24.0499,0.1669,0.1025,271.701351658022,330.7668628880268,793.7150655314558,289.4885063408169,304.65418193642364,247.86533925221863,419.2864813958192,1.5795984596032777
13.5,24.2273,0.1696,0.1011,272.60967592026344,331.87264894640765,796.0519729706082,290.62495113059293,307.01004065250544,248.56093761813958,420.34260967163317,1.580058313424576
13.52,24.2892,0.1698,0.0988,272.77575939665303,332.0748375263602,796.9316519848222,290.81880983418154,307.1494098465334,248.77897467841441,420.57244506796934,1.5790797428020893
13.54,24.2022,0.17,0.0963,272.90364316178136,332.2305221099947,795.9451992663035,290.7703113629109,307.4081951574598,248.77696767185316,420.7829782009517,1.5820562530546742
13.56,23.9727,0.1706,0.0981,273.10457400066815,332.47513356603076,793.183782388361,290.60933502188834,308.1483904403253,248.61052850704579,421.1032912498385,1.5895291689489812
13.58,23.625,0.1713,0.0937,273.2899643153186,332.7008261229966,788.8684498083285,290.27189389309774,309.080521229557,248.274068910991,421.439080600093,1.600525970686976
13.6,23.2238,0.1744,0.0956,274.10170516443605,333.6890323740961,783.8569234204866,290.54349881789534,312.25886899024704,248.1329221939357,422.5265931974496,1.6173277636049985
13.62,22.7259,0.1759,0.0924,274.40629130030317,334.0598328873256,777.5010819647173,290.15384481287816,314.05749424265616,247.63678710459172,423.08670546461445,1.634258230756508
13.64,22.1821,0.174,0.0897,273.7533381929942,333.2649334523408,770.4501010171439,288.6757854804002,312.79321001106297,246.6528786617252,422.5709259220161,1.6468611355018994
13.66,21.5266,0.1714,0.0855,272.83389185791833,332.14560747920495,761.773936310636,286.76696685345865,310.98481167984056,245.38300397720755,421.80741199988825,1.6619437472536789
13.68,20.8785,0.1694,0.088,272.04562624270636,331.1859797737295,753.0684110060082,285.01881813974137,309.722006891275,244.16660751834465,421.2249191487904,1.678351915897404
13.7,20.1792,0.1663,0.0887,270.8951735840172,329.78542871097744,743.4606577042764,282.81279702535704,307.4854288561846,242.69809385428255,420.26414587781574,1.695010963603467
13.72,19.5729,0.1635,0.0869,269.8428112455004,328.504291951044,734.9583986580235,280.8322477887569,305.43608239605805,241.3918401051595,419.3975627414785,1.7098877025259143
13.74,19.1235,0.1581,0.088,268.16676331540543,326.4638857752762,728.5898295742447,278.350363246319,300.755553477225,240.01323061981245,417.652553014475,1.7150270729794777
13.76,18.7615,0.1528,0.0901,266.54360398629706,324.4878657224486,723.4175976251241,276.03280767944494,296.0282539255386,238.77371380540274,415.8995353498229,1.7174058306280051
13.78,18.3764,0.1482,0.0893,265.06457180480015,322.6873048058437,717.8186982931578,273.8449738096465,291.9473655676236,237.5543618525279,414.33879736294006,1.7220034495439593
13.8,18.0031,0.1442,0.089,263.7356285860384,321.0694608873511,712.3249424813187,271.83759318246734,288.3981799497523,236.41135705695942,412.9564160639695,1.7274625610861887
13.82,17.5865,0.139,0.0835,261.99471459839384,318.95008733717515,706.0617512467794,269.31592318132004,283.664947457919,234.99310697718678,411.0688253698514,1.732162345731276
13.84,17.2464,0.1337,0.0835,260.2453825859115,316.82046575676185,700.9251538952599,266.8814500935284,278.68806058808303,233.67224998948268,409.08714981412214,1.7337193821471337
13.86,17.0103,0.1287,0.086,258.6303001120457,314.854278397273,697.3676363548069,264.72765726495226,273.84398938812836,232.56563650836097,407.17240046789635,1.7318288667743134
13.88,16.7979,0.127,0.0866,258.02175087107673,314.11343584304996,694.1385229679516,263.71570740977273,272.30879065049385,231.98212493270626,406.57967183846154,1.736415538610975
13.9,16.7198,0.1276,0.0879,258.22865270064904,314.36531633122496,693.013987976898,263.77482642655156,272.9978977187705,232.0100612391606,406.9630669140788,1.741080690408743
13.92,16.6644,0.1275,0.0914,258.23953554065287,314.3785650060122,692.2596567660381,263.6467813199013,272.9469424533933,231.97681956251648,407.0596450803847,1.7432530052921738
13.94,16.5469,0.1256,0.0943,257.6422820031556,313.65147374297203,690.5128144742422,262.7674991764628,271.10800911170435,231.54436204732144,406.39222772310717,1.7437616044441402
13.96,16.3475,0.1238,0.0929,256.996925353792,312.8658221698338,687.4180321528767,261.7300077215783,269.4431838029604,230.95574866109746,405.7410885329633,1.7477925704605557
13.98,16.1175,0.1208,0.0929,255.93908447745548,311.578015885598,683.8130897875714,260.19826661805143,266.5481523817135,230.1077457972422,404.5533241547376,1.7502498089869456
14.0,15.8788,0.1165,0.0959,254.4389108771213,309.751717589539,680.052857370301,258.1686284597609,262.26295900070244,229.01515071552987,402.7528010853053,1.7498509214786961
14.02,15.6636,0.1137,0.0915,253.4165141407415,308.5070606930766,676.5914764148445,256.69265179612677,259.5009814606132,228.19508047056965,401.58553475750796,1.752191973930216
14.04,15.576,0.1129,0.0943,253.15969301972464,308.1944088935778,675.2617872467999,256.2278095562166,258.7307336520771,227.9676022142782,401.3451508348813,1.7540938512006259
14.06,15.7074,0.1119,0.1014,253.03674312749095,308.04473076390207,677.5712120523962,256.1958002572771,257.5381068012441,228.16533290263447,401.0505577289116,1.7463273626054092
14.08,16.1583,0.1138,0.101,254.1414562332472,309.3895988926488,685.0103349663478,257.9276738244934,259.14897671694456,229.50816722981534,402.1581265608152,1.733040788958072
14.1,16.6442,0.1168,0.1074,255.6105075946957,311.1780092457165,692.9270037657791,260.11001640763016,261.8749374633655,231.07893302639596,403.75424933651345,1.7213959736605258
14.12,17.0663,0.121,0.1161,257.38877791030546,313.34286006471973,699.7252812931697,262.5430416617127,265.8743419038595,232.68646645495147,405.83347166415274,1.7153793779143331
14.14,17.4078,0.1209,0.106,257.68495507899064,313.70342357442337,705.0594758907486,263.25244032437126,265.47662534886393,233.42709310027706,405.9947146863872,1.7027612021293863
14.16,17.6661,0.115,0.1074,255.97442828348602,311.62104312772215,709.135815700003,261.71683877705823,259.1228368038298,233.0448911811815,403.55089870674016,1.679302495161206
14.18,17.9234,0.109,0.1094,254.1149699821278,309.35735476085125,713.1660247433559,260.06506749726935,252.59476112414376,232.5855618774387,400.9355792371355,1.6552057549536734
14.2,18.2021,0.115,0.1134,256.45593486242,312.2072250499026,717.4965904865933,262.8749859459194,258.6988740526161,234.2337109288516,403.9283400910079,1.660440241397931
14.22,18.3716,0.1253,0.1162,260.0804604792486,316.6196910182157,720.1528571067117,266.8945808291615,269.175523696434,236.31485079698135,408.63134788134965,1.6790833308283686
14.24,18.4172,0.1336,0.115,262.8177552390844,319.95204985627674,720.9261363577626,269.82148637731444,277.4963588751234,237.75394678316894,412.2069186986551,1.6963483663138945
14.26,18.2424,0.141,0.118,265.01561533247116,322.6277056221388,718.4302299048272,271.90097791827685,284.9691321174989,238.58549768927682,415.22403707440475,1.7185969804714947
14.28,18.0677,0.1451,0.1211,266.1648561472684,324.0267813966746,715.9203515681323,272.86242166383386,289.13168098429696,238.91569097123164,416.89226445428505,1.7335782380076177
14.3,17.9591,0.1477,0.1189,266.9054462008436,324.9283692879835,714.3630725343695,273.4656702500992,291.7532724371817,239.15353265207668,417.9852370713306,1.7431086033368366
14.32,17.8799,0.1504,0.1151,267.6819732537115,325.8737065697357,713.2357684093099,274.1489144476454,294.43096240946346,239.45401573793004,419.10520962666834,1.7517460166431125
14.34,17.7648,0.1517,0.1155,268.0318354491702,326.2996257642073,711.5839852254637,274.3210415108813,295.7844927778123,239.49528993208213,419.7025062303042,1.7588161236454285
14.36,17.6768,0.1501,0.1146,267.6037356006046,325.7784607311708,710.3312979192898,273.66297745431336,294.3236572261638,239.2062265135224,419.25679079027185,1.7591889712686903
14.38,17.5697,0.1499,0.1155,267.54412453218697,325.7058907348363,708.7921236059228,273.3914287290692,294.2267006773777,239.06301625318892,419.31289855018673,1.7630319802931482
14.4,17.5095,0.1498,0.115,267.55144222873776,325.71479923498515,707.9601560971745,273.25057692243246,294.18170915479016,239.02399208596802,419.4133281146027,1.7653759873544415
14.42,17.6309,0.1512,0.117,268.1317770105026,326.4212937519162,709.9365112006901,273.9675572037767,295.40535770698136,239.5391419255452,420.0897937483356,1.7639327003614698
14.44,17.9044,0.1534,0.1189,269.0580069541546,327.54887803114474,714.2219843262529,275.25320426974855,297.2451946912002,240.45134722049886,421.0749971279432,1.758516492303333
14.46,18.3182,0.1586,0.1187,270.898736747667,329.78976647542066,720.5632949442163,277.72104942728424,301.7847249563656,242.00531004915467,423.12343528694703,1.753986999891872
14.48,18.8668,0.1637,0.1186,272.784850518544,332.08590497909705,728.808790054079,280.4026739168386,306.050381387125,243.7687728010514,425.1093889666161,1.7446707840509201
14.5,19.3355,0.1688,0.1193,274.571380535466,334.2608110866543,735.7595508366583,282.87478983759723,310.34059713253566,245.3495235527858,427.0348387511749,1.7383368956885281
14.52,19.6183,0.1739,0.1199,276.1894305150881,336.2306110618464,739.9459436617915,284.92994326008056,314.7513613758114,246.56569081660777,428.8860782484249,1.7382969438775238
14.54,19.6291,0.1765,0.1154,276.94785334181006,337.15390841611656,740.1748284453993,285.70101936349204,317.0996388046278,246.98364446020324,429.8657319457131,1.7428634503940583
14.56,19.6027,0.1762,0.1152,276.9418476014236,337.14659707999397,739.8948016074987,285.5855792315304,316.84133899743387,246.99528559978043,429.91588125976676,1.7435130467153706
14.58,19.3194,0.1731,0.1141,276.02596833810145,336.0316136289931,735.8951219791184,284.151774848212,314.26673954235696,246.20913064755564,429.0277469811354,1.747843893400017
14.6,18.8168,0.1686,0.1151,274.5605682702187,334.24764832896193,728.6457481703176,281.84409320016346,310.5884541438662,244.83397632850424,427.62604722517347,1.7572294222283285
14.62,18.1128,0.1652,0.1103,273.168644230511,332.5531321067091,718.2033227790394,279.3735279524191,308.09212176629126,243.17445508897436,426.5223954570973,1.776241126272479
14.64,17.5561,0.1593,0.1092,271.20847066737247,330.16683385593177,709.8004493709486,276.45094931678955,303.093101722674,241.44587515608714,424.5594052302394,1.7858850422032249
14.66,17.3155,0.153,0.1121,269.39199576811916,327.95547310901463,706.1927940343685,274.066195121789,297.3388338546988,240.25204929902654,422.4408960794899,1.7829877527716065
14.68,17.1049,0.15,0.1135,268.4654966480114,326.8275611367096,703.0124016363643,272.707503405669,294.6568599370432,239.5259650720072,421.4619800294194,1.785321073310889
14.7,17.0261,0.1498,0.1134,268.422310729533,326.77498697508366,701.8708429517939,272.4881096909518,294.53144856465667,239.4308506392468,421.51965408699624,1.7882404816334323
14.72,16.9692,0.15,0.1144,268.5090124700556,326.88053692006775,701.0773700431083,272.44006411874335,294.76914592480614,239.43244793074422,421.72737156386165,1.791111789706231
14.74,16.938,0.1494,0.1162,268.4022618681786,326.75057966560877,700.6921682131793,272.2083763877973,294.21277911235705,239.37972819868568,421.6467684224862,1.7913892767846227
14.76,16.8798,0.1492,0.1172,268.3776524079987,326.72062032278103,699.8747017003876,272.0350570603615,294.06684973576336,239.32470563992237,421.70725133704866,1.7935237934136319
14.78,16.8006,0.1488,0.1166,268.2763330006621,326.5972749573277,698.7117891652252,271.75045165499506,293.7488464876987,239.1994237185754,421.6898732981158,1.7961071653671563
14.8,16.6817,0.1468,0.1159,267.69491079292396,325.88945661747266,696.9128301020397,270.88461946239426,291.92323506115025,238.77642559458133,421.0706152590303,1.7970268797624782
14.82,16.5361,0.1449,0.1154,267.1088297821758,325.1759666913445,694.6792310255095,269.98165481942857,290.2113681043771,238.30692599188268,420.4744836367187,1.7991925172234773
14.84,16.4254,0.1419,0.1162,266.24420198594936,324.12337633072093,693.0021857746376,268.8130895002899,287.3829514400357,237.75260480710747,419.4546968908205,1.797669952195572
14.86,16.4458,0.1405,0.1181,265.9547861021395,323.77104395043074,693.4351366304919,268.4438342030076,285.9841814550814,237.68846588250545,419.0609984276394,1.794199070587039
14.88,16.6833,0.1406,0.1199,266.30103332104693,324.1925623038833,697.3370849937197,269.04759070134634,285.8548313047062,238.28286963274226,419.2868821081724,1.7853087873560642
14.9,17.1659,0.143,0.1224,267.5191391297022,325.6754737231157,705.0623397371563,270.92256648059055,287.7517008728398,239.68920999988563,420.442005374502,1.771934944913201
14.92,17.7276,0.1478,0.1239,269.45303663137724,328.0297837251549,713.86652795399,273.682799375038,291.8818542439591,241.55394005791914,422.4943968448894,1.76097574999029
14.94,18.2632,0.1541,0.1244,271.73453323487155,330.807257851148,722.105019801863,276.78531457019255,297.4056548633139,243.52411746767635,425.0308645864142,1.754302600612127
14.96,18.7748,0.1604,0.1243,273.9424072841519,333.4951045198371,729.8406048473264,279.772901004172,302.8657471994321,245.40059659243408,427.4826306035482,1.7486279067677921
14.98,19.2105,0.1645,0.1237,275.45952835349937,335.34203451730355,736.3407891278617,281.90910051633836,306.28538566568784,246.8206236296874,429.1054175544189,1.741596362833498
15.0,19.2307,0.1681,0.1236,276.51436460131174,336.6261829929013,736.7323606247963,283.00692122589635,309.5694164009442,247.39368331232657,430.46337894927444,1.7478012553837885
15.02,18.978,0.1721,0.1212,277.4378604087378,337.7504387584634,733.1110030235592,283.6199921570086,313.4316316706859,247.49700065960147,431.8846958621553,1.7639750121945408
15.04,18.8243,0.1732,0.1215,277.67834020371436,338.0431967697392,730.9414786107818,283.61743214972205,314.5556426451431,247.42963158273056,432.36208526808974,1.7715387823341044
15.06,18.8959,0.1711,0.1216,277.2902920388834,337.5707903082059,732.0963358448628,283.2042456108657,312.5708026127659,247.40578352684403,431.8342600878469,1.7656054729114328
15.08,18.8841,0.1679,0.121,276.54070322349173,336.65824740251173,732.0145819205638,282.29421458080276,309.6467077902342,247.0873261570119,430.9183595483293,1.7605402112256356
15.1,18.3499,0.164,0.1158,275.1621988970486,334.98006822249397,724.1178913105156,280.03589971696886,306.515547743818,245.67937964212956,429.6566250214927,1.772528938346173
15.12,17.3895,0.1585,0.1114,272.92500477247654,332.25652754910186,709.5033012548755,276.3083011249523,302.2489564208866,243.1851165972619,427.7285975123201,1.7977605448485436
15.14,16.6757,0.1516,0.1101,270.45661733774443,329.25153415029763,698.3471067716034,272.63409468588924,296.3775833035321,240.918947159205,425.2711485888777,1.8121572034072424
15.16,16.2311,0.141,0.1107,267.1579239833367,325.23573354493163,691.289617448403,268.37047102018533,286.5565939511374,238.63134695024752,421.3390510934788,1.808589600201554
15.18,15.9958,0.1302,0.1114,263.8613202730191,321.22247685411025,687.5496891327564,264.38627374076253,276.0793435145292,236.64696892451101,417.0907762086823,1.795084893743375
15.2,15.8896,0.1195,0.1123,260.53073955563406,317.16785685033716,685.9030631416184,260.5678903439018,265.2980978889628,234.82922428298508,412.5838715133178,1.7750191331661003
15.22,15.7737,0.1131,0.1138,258.41786102261887,314.5956568971012,684.0927146820578,258.07512760503784,258.74286357195757,233.59789645467268,409.75617735931263,1.7644654962845594
15.24,15.5789,0.1147,0.1167,258.8478575274453,315.1191309029769,680.971679784865,258.1959523934165,260.571856375362,233.53754216793195,410.60380409282465,1.776818242836991
15.26,15.4925,0.1156,0.1203,259.1412955240448,315.47635976840235,679.6445523793276,258.3249302060679,261.57805194850044,233.5871674320938,411.14069906615737,1.782910726617103
15.28,15.4655,0.118,0.1239,259.971793309652,316.4874005508807,679.3066728368484,259.1152529458659,264.08808845749945,234.01232585883795,412.3717619035588,1.7901303340542623
15.3,15.4386,0.1214,0.1274,261.102752757307,317.8642207480259,678.9691173917954,260.2340545013954,267.6081669363853,234.59120797251873,414.0290511035434,1.7996292735241626
15.32,15.4117,0.1256,0.1295,262.45217038271943,319.5069900311367,678.6210607911819,261.59573288025695,271.90894585783553,235.28074059729164,415.9958232716086,1.8108263768550394
15.34,15.7469,0.1304,0.1278,264.3341954034734,321.79815092596766,684.2788518894857,264.0092177149666,276.44392976005787,236.83255653325458,418.23358228707036,1.8079138099471046
15.36,15.9632,0.1361,0.1277,266.3170311963882,324.21203797821175,687.930195282043,266.3795794380459,281.9056193692543,238.22869892428133,420.74733797742704,1.8117678521599112
15.38,16.0881,0.1405,0.1268,267.79056207681174,326.00590165872734,690.057238165698,268.0774324307922,286.0990990053545,239.2134001975571,422.6547611757997,1.8163375142546911
15.4,16.2253,0.1435,0.1265,268.86254638432126,327.3109260330868,692.378996406001,269.35106751381744,288.8803990985082,240.0131546003522,423.9832222639098,1.8173210696298088
15.42,16.3472,0.1453,0.1275,269.57618260103465,328.1797005577813,694.4510549632262,270.2123698425358,290.49843426817483,240.60750575493068,424.83384955221146,1.8163903298016244
15.44,16.4607,0.1474,0.1272,270.35857610616495,329.1321796075051,696.3703177576047,271.13761431421005,292.40364852695956,241.22127998263326,425.7884843615339,1.8164226846515812
15.46,16.5105,0.1485,0.1274,270.7963763524816,329.6651538204124,697.2624645605578,271.60506489559265,293.4007649518494,241.56211823699692,426.3493654230732,1.8169528136621704
15.48,16.4328,0.1464,0.1263,270.221769548414,328.9656324937214,696.0928456175598,270.80168756060783,291.45014262694815,241.19956724175591,425.6850645760623,1.8161239233049076
15.5,16.3246,0.1431,0.1243,269.27339580244023,327.81109054210117,694.419242147774,269.55114302593364,288.35926232913306,240.60101310450864,424.543173812077,1.8140250085656748
15.52,16.2471,0.1386,0.127,268.00035307460064,326.261299395166,693.268991288792,267.9908828092894,284.04562776528735,239.88538606199896,422.9064618405862,1.8079633708373624
15.54,16.1853,0.1336,0.1257,266.5630971488494,324.5115965290341,692.3431381994413,266.2771511721615,279.18055902751354,239.10933387737828,421.0165762540162,1.8000050509860652
15.56,16.2559,0.1298,0.1279,265.5783152542876,323.31273161391533,693.5948015345879,265.23998527369764,275.34430867515243,238.77226324494313,419.5902364299312,1.7889926649737307
15.58,16.5306,0.1294,0.1296,265.7961287726007,323.57789589707915,698.1345993687523,265.780956041899,274.71651720490445,239.37328557303786,419.610273617876,1.777351284706002
15.6,17.1163,0.1319,0.1309,267.15373563446485,325.2306346854355,707.5502490462178,267.9761778212656,276.7259620520737,241.04482027218685,420.9003970163677,1.7603114995936717
15.62,18.0868,0.1383,0.1321,269.93795703764084,328.62012161104104,722.6667697430386,272.22952873068283,282.23264994246404,244.01104239076028,423.81118690309614,1.7382180662820748
15.64,19.1625,0.1474,0.1334,273.46718832833585,332.91657709536537,738.8459151319803,277.4103375169762,290.13284457333697,247.4423561988149,427.6578731187857,1.719389359953107
15.66,20.1739,0.1547,0.132,276.28796422123884,336.35056513889947,753.5511743338897,281.7444864617945,296.2331760975888,250.37292790035917,430.6567472860233,1.700371206443999
15.68,20.9028,0.1613,0.132,278.65579973007107,339.23314749747783,763.906401196399,285.191836612884,301.7918072036555,252.6196462874,433.25570387520247,1.6899497900471858
15.7,21.3496,0.1671,0.1308,280.59609883781343,341.5952507590772,770.1771689371568,287.78158836798843,306.7443173392675,254.22432017686165,435.4585178491319,1.6870945576403238
15.72,21.5574,0.1699,0.128,281.5595194232484,342.7681106022154,773.1062424434544,289.0106683161378,309.11534887308216,255.02077357644055,436.5721232320898,1.686123604623491
15.74,21.6322,0.1722,0.1285,282.31212308512636,343.684323755806,774.227640883615,289.83183437312067,311.11685572946806,255.5232295741936,437.4878596849538,1.6882383661718174
15.76,21.8246,0.173,0.1292,282.7132996827574,344.17271265726987,776.9460785853524,290.4561175075666,311.68992439149855,256.03806889686376,437.920900701714,1.6841121775350703
15.78,22.2129,0.172,0.1321,282.71141550495645,344.1704188755991,782.2994309983712,290.948924825756,310.52429539218576,256.6560980805717,437.78855442741497,1.670989091928188
15.8,22.6528,0.1712,0.1292,282.76508914693204,344.23576070061296,788.2498555089169,291.5788455546841,309.5115145241218,257.3729245773868,437.72705395313665,1.6569894390636202
15.82,22.8997,0.1726,0.1279,283.339626983177,344.9351980664764,791.6049247851,292.46332698437936,310.59253788750317,258.0400397195927,438.3661770554854,1.6526538241870696
15.84,23.0571,0.1745,0.1291,284.01444876910944,345.756720240655,793.7800580683829,293.31961413025533,312.17166636346985,258.62032757102264,439.1531234353972,1.6517736324370482
15.86,23.1756,0.177,0.1284,284.83486874440507,346.75549238449315,795.4278536204334,294.26569529420823,314.29946573846706,259.20797010146146,440.12315207637187,1.6530652961331276
15.88,23.1842,0.1795,0.1272,285.60567643543544,347.69386696487794,795.6330017483633,295.0000910977713,316.4875970262498,259.61469758907896,441.06818443770237,1.6574368069336447
15.9,23.2582,0.1826,0.1262,286.5566734501108,348.85160246100446,796.69370366126,296.01512627833483,319.14617419887566,260.19428075962077,442.202294303622,1.6609287164743403
15.92,23.408,0.1846,0.1263,287.23817279473667,349.6812538370707,798.7454758841251,296.8644521789544,320.78330981632223,260.76162928453505,442.99086118439624,1.660361769884402
15.94,23.4476,0.1862,0.1243,287.7651162835375,350.32275025821957,799.348656788631,297.39427430700823,322.1391046552405,261.10311763885454,443.6345748531603,1.6622291143874766
15.96,23.3581,0.1893,0.1197,288.626247026543,351.3710833366611,798.2582666374047,298.0805183906486,324.86987034630204,261.4083576021891,444.7163465757077,1.6702174143983026
15.98,23.1807,0.1891,0.1221,288.58353016487956,351.31908020072296,796.0537734247558,297.71658870103687,324.80371370989957,261.1895433155077,444.77105334062213,1.6751409209757047
16.0,22.8518,0.1854,0.1192,287.55473794837366,350.06663750236794,791.8116516049477,296.11587902034455,321.8102785518336,260.31597790623175,443.72345607342174,1.6786834467331442
16.02,22.3449,0.1808,0.1188,286.1873974839516,348.4020491108976,785.165371120599,293.91001916254015,318.12730805145844,259.02588276638113,442.3429261822666,1.6859192187759922
16.04,21.5119,0.175,0.116,284.2975936474053,346.10141835336293,773.9576192978416,290.6902006015578,313.57298884127465,257.0055708289912,440.48713491907785,1.7011726442226331
16.06,20.6795,0.1676,0.1123,281.90756240527764,343.19181510207716,762.4764076277478,286.9452215586634,307.5331469556362,254.72266596183027,438.0301408959038,1.714251713977479
16.08,20.301,0.1623,0.1185,280.3058097377316,341.2418553328906,757.2574486192972,284.6719441303462,302.9935054082034,253.45700028179886,436.2818652430974,1.7168420724617468
16.1,20.34,0.1588,0.126,279.43209727663145,340.178205380247,757.9494650365571,283.76116656524454,299.7650913835239,253.15618624811526,435.190156756838,1.7091537558098506
16.12,20.5795,0.1599,0.1285,279.96559018290264,340.8276750052728,761.4459805277357,284.59792559574527,300.60016321323616,253.81620119448112,435.75545029328714,1.703767524518714
16.14,20.8838,0.1507,0.1248,277.52736794406377,337.85940445364287,765.7886240194763,282.49301974687273,291.93082628354307,253.19258108081965,432.59416965944575,1.6766093384342735
16.16,21.2534,0.1415,0.121,274.9351566141802,334.70366892161064,770.9974122475132,280.39256283821453,283.0835906558654,252.59630682303978,429.2563476657167,1.6466920712837667
16.18,21.6758,0.1335,0.1217,272.554947262953,331.8060227548994,776.9006393180473,278.65362209201015,275.2164495956183,252.17917251860248,426.2163453286872,1.6169748869788734
16.2,22.161,0.1414,0.1268,275.372736314492,335.2363746437294,783.6076656138654,282.15848973345004,282.45414428707215,254.28173438844252,429.61836555069317,1.6194058812147558
16.22,22.635,0.1514,0.1298,278.75089876538857,339.3489202361252,790.0664591814559,286.1965216758838,291.4972016060951,256.59654164369704,433.65500175933727,1.6259505408083006
16.24,23.0394,0.1623,0.1345,282.24434538010075,343.6018117670792,795.5392748110622,290.24609943510836,301.18890978821776,258.829052684506,437.7858435502459,1.6354089789684763
16.26,23.437,0.1732,0.1392,285.5958732431849,347.68193264387725,800.8666036833391,294.15164250461777,310.6652216351665,260.96045387351535,441.6942571889099,1.6441773197727092
16.28,23.8345,0.1858,0.1437,289.2776736219763,352.1641244093625,806.1380335203628,298.3987219617302,321.40805003239785,263.21231860980885,445.93913360312246,1.6550277745591027
16.3,24.7586,0.1955,0.14,292.2553640284988,355.7891388173029,817.9877961575609,302.70552699056066,329.13668068330503,265.8690074637933,449.16496246955444,1.6462051939979274
16.32,25.7538,0.2079,0.1377,295.8493661987531,360.1644458071777,830.455121841942,307.7249366176899,338.9400847771663,268.84198814708895,453.04283243672205,1.6399979882668465
16.34,26.6917,0.2151,0.138,298.0232709884602,362.8109385946472,841.9588828625467,311.2140172363571,344.33112509247604,271.0873333032007,455.3139558613218,1.627581933465977
16.36,27.253,0.2221,0.1377,299.9935349125254,365.20952076307435,848.7657663061565,313.94363671407365,349.71454813043033,272.7173524656749,457.4254338832383,1.6244383016284756
16.38,27.7232,0.2264,0.1352,301.2535159561788,366.7434107292611,854.409461195244,315.82147253306186,352.9200760624539,273.91844219453145,458.76697520308187,1.6196574992032025
16.4,28.0525,0.2283,0.1341,301.88536599922674,367.51261947731956,858.3625944660514,316.86425137271067,354.2573864336622,274.66815460305156,459.4476209733028,1.6148618436884814
16.42,28.2674,0.2282,0.1317,302.0010731386993,367.65348034276445,860.9557157537263,317.22406485237053,354.04977684028273,275.0533394263762,459.58909113658956,1.6099781523305596
16.44,28.4494,0.228,0.1272,302.08190470288366,367.75188398611925,863.1470811042318,317.50122070546905,353.7813801056464,275.380793777245,459.70008630452685,1.6057693695021655
16.46,28.5671,0.2295,0.1273,302.5614472365596,368.33567489668127,864.611454597866,318.0859835814124,354.9101954401627,275.78777152612423,460.247737064119,1.605429763867842
16.48,28.7548,0.2305,0.1234,302.93291983238606,368.78790240464394,866.8585197502501,318.66184040663956,355.60087466541313,276.2408517349008,460.6717772820136,1.6028210367434483
16.5,28.8878,0.2301,0.1223,302.95175100524443,368.81082731073235,868.4841941671958,318.8091990767375,355.200228972071,276.47783648454555,460.72485368545085,1.5994827723600775
16.52,28.8472,0.2286,0.1193,302.6659521564705,368.4628982774424,868.1081967067762,318.4005896048496,354.00961237084215,276.36489068424515,460.4696098053634,1.5985670785514265
16.54,28.558,0.2259,0.1196,302.03367245093426,367.69316646200696,864.8841467591927,317.28677031587796,351.9807998020544,275.78493723420956,459.8653990948868,1.60160237208271
16.56,28.0613,0.2244,0.1173,301.6449755004927,367.21997017451287,859.2083889486375,316.10833986096185,351.02165403664935,275.02933167861244,459.5481138854978,1.6112801654940507
16.58,27.7569,0.2238,0.1164,301.5131212539906,367.05945196137986,855.7400725196991,315.46716656890794,350.68685429597554,274.62882986523,459.49140946259774,1.6178643895336091
16.6,27.6749,0.2244,0.111,301.72686983824974,367.3196676291736,854.8504843154444,315.49271168123516,351.20268317785013,274.6648983304832,459.7815175446128,1.6209861900670983
16.62,27.6329,0.2227,0.1056,301.38737057194885,366.90636417454647,854.4306069122637,315.02438515247894,349.84303525314664,274.5234419787765,459.46198803466734,1.6198422062395632
16.64,27.4348,0.2213,0.1075,301.08050741097225,366.5327916307488,852.2001760206679,314.3646881661622,348.80420187399415,274.18731761128214,459.2007227961751,1.622789896329231
16.66,27.0142,0.2211,0.1068,301.0038681405778,366.43949164939914,847.2910248381456,313.6074175154104,348.8545168234939,273.64883387977045,459.2338029739465,1.632952028272324
16.68,26.5188,0.2196,0.1114,300.5754942072669,365.9179929479771,841.454784746585,312.3924915906437,347.8937580096875,272.8572920747511,458.90401499756535,1.6431846361002058
16.7,26.1386,0.2163,0.1104,299.731121502402,364.890060959446,836.928129834741,310.92285693479073,345.40695396589706,272.0391114022299,458.0915273348531,1.648126267700844
16.72,26.0082,0.2135,0.1097,299.0839918092725,364.1022508982448,835.4289336062029,310.0154745270413,343.18021201088476,271.63980721236794,457.4378249509082,1.6475240021950772
16.74,25.9009,0.2103,0.1079,298.33792358762526,363.1939939327612,834.202398456458,309.04272699408926,340.6037502368557,271.22819757157237,456.6647824891138,1.6457108146764916
16.76,25.6897,0.2092,0.1021,298.078295073768,362.8779244376306,831.6701712049481,308.4018258360279,339.80415497483153,270.88061024021414,456.4637736317733,1.6497707711948466
16.78,25.2637,0.2069,0.0954,297.4381627201645,362.098632876722,826.4460366348703,307.06106964315325,338.13244986508744,270.07082384563233,455.8893656018763,1.6576405727508725
16.8,24.5576,0.2021,0.0919,296.0463122920148,360.4042062685398,817.6370068773424,304.550698643054,334.53640877768146,268.5360398469694,454.5419808808428,1.6692492866352995
16.82,23.9307,0.1982,0.0893,294.8823331410907,358.9871881717627,809.6939558868025,302.3830277339989,331.6246865411311,267.1939556857123,453.4417197966944,1.680505309167229
16.84,23.4647,0.1911,0.0906,292.9381596953907,356.6203683248235,803.7455273462217,299.6633679596449,325.89477764552436,265.72065918171376,451.366438490044,1.6823194365120748
16.86,23.2018,0.1785,0.0934,289.55004098114017,352.49570206399676,800.4086793367292,295.8006619460632,315.2304647392401,263.879298940283,447.4788875878787,1.6688025406129354
16.88,23.1927,0.1634,0.1001,285.3453302047679,347.3769237275435,800.4199128486105,291.55903649051135,301.9577602970694,262.0220686159137,442.4980383859987,1.6421770301585925
16.9,23.4974,0.1564,0.1001,283.41464598307226,345.02652554460974,804.5078213134667,290.09910025115045,295.516119223376,261.64884964495144,440.16085393935435,1.6205647044653106
16.92,23.8645,0.1546,0.0559,283.02475165488136,344.5518715798556,809.1322565944151,290.2295958857254,293.7089678896337,262.0679112490702,439.68094768549525,1.6075937571238483
16.94,24.2079,0.1559,0.0292,283.5817142533411,345.2299130040674,813.5072427727396,291.25203212335913,294.7140337513252,262.87652324720614,440.3379586591346,1.6011980830188843
16.96,24.5703,0.157,0.0283,284.07494907061823,345.8303727816222,818.2265027756584,292.2614813802677,295.5228022715651,263.679876134789,440.92069890546054,1.593720608681688
16.98,24.719,0.1721,0.0282,288.7257969930871,351.49227460028,820.2088623305017,296.9400877429976,308.81914910314975,266.01538891529395,446.3689035765625,1.6178627837348436
17.0,24.7881,0.1891,0.0307,293.5758699901892,357.39671129240423,821.1925237967321,301.7476660667671,323.3989753838785,268.298995401905,452.0126938366439,1.6454028272750558
17.02,24.8242,0.2042,0.0327,297.6076492214467,362.3049642695873,821.7551932608745,305.7522369896822,336.00874516587805,270.16012178626625,456.6903614847359,1.6688533509244976
17.04,24.7212,0.2155,0.0334,300.4372755390416,365.7497267431811,820.5508928750266,308.3839796867442,345.3135078344735,271.2966979680083,460.0218096955249,1.6890189301131846
17.06,24.4207,0.2226,0.0363,302.0646220881575,367.73084428123525,816.8389038118253,309.53915918571704,351.2033545186258,271.6375147377666,462.0597406404909,1.7077623852974184
17.08,23.7923,0.224,0.0392,302.1412552103582,367.82413677782745,808.859569328903,308.65998653192617,352.66872523613546,270.84877825174226,462.48436735984154,1.7273085048697872
17.1,23.1431,0.2193,0.0416,300.7686459501087,366.15313420013234,800.4684010801759,306.2641203563605,349.2432928016673,269.3851483820973,461.253328133484,1.7390998421112547
17.12,22.4347,0.2118,0.0426,298.67043815060975,363.5987942703075,791.1230199129064,303.03097674046353,343.5481929330659,267.4953525931654,459.20159829676237,1.7488855743841787
17.14,21.8716,0.194,0.0437,294.09876091012666,358.03327415145856,783.581105931834,297.4505853390223,329.0956163776877,264.6690592805576,454.0397054419373,1.7382836099500873
17.16,21.4286,0.174,0.0468,288.7264293536431,351.49304443052205,777.5929268430517,291.2615915249236,312.19758596763813,261.6027604372603,447.72710246424236,1.7183310855569296
17.18,21.1205,0.1579,0.0492,284.1255366776163,345.8919576944894,773.410178041456,286.1054217570156,298.0893539860492,259.0462932588585,442.1942619182228,1.6986397288608222
17.2,20.918,0.1611,0.0531,285.0253378723446,346.9873678445935,770.6836612952098,286.626737348955,301.0688751074758,259.2021287543308,443.4480218345983,1.7113307301518235
17.22,20.7974,0.1657,0.0557,286.33694147617877,348.5841026666524,769.0889960557521,287.69578329669986,305.2280075912617,259.6761768718468,445.18583216078395,1.723964055144052
17.24,20.6435,0.1693,0.0836,287.32574417599926,349.78786247512954,767.1666411448629,288.4125972038416,308.48352642978585,259.94562291439837,446.53806260617415,1.7353624306718742
17.26,20.3319,0.1721,0.1184,287.97304797094625,350.5758844863694,763.0265315290461,288.5570994936044,311.1096675119128,259.8140317161226,447.57220237074966,1.7503075961879009
17.28,20.0203,0.1755,0.1488,288.74643545107654,351.51739967957144,758.820434988641,288.8380109778816,314.2500312894859,259.74174082275425,448.7921265051023,1.766450487170105
17.3,20.1007,0.1803,0.1487,290.13062981332615,353.20250585970143,760.0659042235668,290.30930621121854,318.3483826397804,260.55816989896397,450.51434774686095,1.7723903462483772
17.32,20.3425,0.1847,0.1466,291.5106284824081,354.88250423945334,763.6096865589641,292.0096392341048,321.9654558697346,261.6140781712844,452.10078321487447,1.7722159760393221
17.34,20.7163,0.1882,0.145,292.74380051965113,356.3837571543579,769.0019733944789,293.7478586594707,324.7053523386447,262.79424778877217,453.3988734113833,1.7662412776015555
17.36,21.1412,0.1926,0.1486,294.2210903741828,358.182196977266,775.0814388772429,295.81214041769357,328.1541523188173,264.15436057692443,454.9640809842489,1.7601825223908683
17.38,21.4363,0.1965,0.1464,295.4658693862371,359.6975801223756,779.2605704942373,297.4442869668336,331.235348735411,265.2078206279309,456.3310166188461,1.7575530022710637
17.4,21.4509,0.1997,0.1443,296.33878099231885,360.76025512108384,779.5392368666861,298.28987415875247,333.87815865800064,265.67460775215653,457.4256990953282,1.7624845574870862
17.42,21.2812,0.2004,0.1438,296.4730637365959,360.9237297662907,777.269798027856,298.1136906675039,334.543006632225,265.5327906276668,457.73994384719896,1.7691507225590086
17.44,21.1134,0.1976,0.1435,295.7606917941539,360.0564943581004,775.0158410476255,297.06777017081066,332.29444770928643,265.0052256821421,457.00931032554763,1.7702613425942295
17.46,20.9685,0.1933,0.1433,294.68925049045316,358.75213103185604,773.0720431484133,295.68544180175854,328.7629106967162,264.3437616904019,455.8129792019376,1.7682101420239398
17.48,20.9642,0.1908,0.1441,294.1499176115752,358.09555187496113,773.1039884518875,295.0552908015835,326.64330150319296,264.13455399821567,455.1733895368152,1.7645314763705156
17.5,20.9794,0.1892,0.1463,293.8437455578578,357.72282067913125,773.4179738816375,294.69494785769433,325.26582718074604,264.0614815644598,454.80936382703493,1.7616586755225427
17.52,21.163,0.1895,0.1491,294.1271054367178,358.06778053165647,776.0932585981113,295.1852881223989,325.39553858116193,264.5117626122875,455.0638665197581,1.7565830069477948
17.54,21.6353,0.1895,0.1473,294.512457641826,358.5369049552665,782.723246028147,296.2050110542653,325.1099735217604,265.43798646265833,455.26959271670313,1.7421749627652576
17.56,22.2176,0.1913,0.1471,295.3971230268329,359.61388890223134,790.7701704032739,297.9004519622666,326.28650406795936,266.74873491555417,456.0505268740129,1.7277141459660033
17.58,22.6554,0.1962,0.1468,296.9650754119835,361.5227005015451,796.7584958875611,300.0673582908935,330.13201244527323,268.1463045244426,457.7503351352557,1.7229246838229444
17.6,23.0164,0.2015,0.1468,298.56839504236217,363.4745678776583,801.6618369800149,302.15198279066414,334.31472878346307,269.43782183504175,459.5251586495499,1.7210664700505087
17.62,23.375,0.2061,0.1458,299.97588128439685,365.18802938970055,806.482782902925,304.0326425114955,337.8868889163609,270.6301454023691,461.06074751246274,1.718198063391134
17.64,23.5878,0.21,0.1465,301.1214752795194,366.58266555767585,809.3670300570686,305.43256367058507,340.93820872718385,271.4911148006534,462.3493928941896,1.7183783752755526
17.66,23.6325,0.2108,0.1442,301.42204523800575,366.9485768114853,810.0293227521727,305.73086733465635,341.54758850152086,271.7364451836563,462.7171034939697,1.7186183876159236
17.68,23.377,0.211,0.1455,301.4187724603705,366.9445925604511,806.7788876908178,305.2820567412152,341.8265204088589,271.41817070908496,462.8694561637039,1.726404244462274
17.7,23.023,0.208,0.142,300.582307986925,365.92628798408265,802.1724795545251,303.84439964472676,339.55775882061346,270.585776179805,462.08856718153896,1.7323156361782717
17.72,22.6954,0.2031,0.1389,299.2857608164635,364.347882733086,797.876018849719,301.9798612363138,335.70593218975364,269.5787835721959,460.7414725712136,1.7346078732154826
17.74,22.396,0.1979,0.1387,297.9112066575913,362.67451245271985,793.9366259100841,300.0792544816697,331.5588682921251,268.56936671708894,459.27651112468845,1.7355405871303606
17.76,22.2579,0.1942,0.1361,296.985896095026,361.5480474200317,792.1413402991211,298.8708818949239,328.5417537091904,267.99418760184307,458.2606924024772,1.7340295847608413
17.78,22.1328,0.192,0.1354,296.43889578576415,360.8821340000607,790.5260823963204,298.06417789619906,326.7555991080456,267.6073818532655,457.6936832215282,1.7344912295450554
17.8,21.9606,0.1901,0.1362,295.9369933407431,360.2711223278612,788.2692786410094,297.2324661152504,325.23971633394143,267.16949181216773,457.20593387547854,1.7368460455565229
17.82,21.6246,0.1885,0.1359,295.4083922539613,359.62760796134427,783.7376289253245,296.12510415167293,324.0599773853786,266.47319546674123,456.7814884323381,1.7447666474720325
17.84,21.3144,0.1881,0.1322,295.19178361331547,359.36391048577536,779.5001084011396,295.3689284623648,323.8768374247708,265.95538574215914,456.73613966828515,1.7540665327885567
17.86,21.1004,0.1861,0.1335,294.62386665268394,358.67253331631093,776.6027448319044,294.4059170788136,322.2895401591587,265.41635182665806,456.1971239804989,1.7577258494850834
17.88,21.0691,0.1856,0.1337,294.5570514633596,358.5911930858291,776.25082917714,294.2227993336891,321.8679876190562,265.3829304767337,456.1617364706341,1.7581454001404624
17.9,21.1887,0.1854,0.137,294.66671278239414,358.724693822045,778.03217637064,294.4474631221893,321.6174124679773,265.6581195182255,456.24593601854326,1.7542514459227176
17.92,21.3464,0.1851,0.1404,294.77267746060045,358.85369429986144,780.3393107595983,294.7271683630635,321.2626690772265,265.9887508225956,456.30382317318805,1.7490151140244499
17.94,21.4008,0.1872,0.1429,295.42959923516725,359.65342515585576,781.197148647002,295.4035133106768,322.99091165301843,266.4181248555031,457.1111072346832,1.7510603979538388
17.96,21.4882,0.1893,0.1446,296.10331232693574,360.4735976154,782.5071526264356,296.1460751943214,324.69407040388467,266.90412739857567,457.91736980967784,1.7520614389842166
17.98,21.6438,0.1903,0.144,296.5370763059352,361.00165811157336,784.7437542500227,296.74866808979704,325.4339020699143,267.38115888999533,458.38464036772956,1.7491599865377943
18.0,21.9617,0.1918,0.146,297.1944453469033,361.80193346579534,789.21311900607,297.82321808396273,326.50476189351554,268.2007024234491,459.03134842779747,1.7421121581435743
18.02,22.27,0.1927,0.1487,297.68578305780443,362.40008372254454,793.5180305362142,298.7179422120575,327.07957148160534,268.92708676902896,459.48725422654235,1.734493516115734
18.04,22.4922,0.1936,0.1462,298.1210364545199,362.92995742289384,796.5980927726889,299.4225546447285,327.7000694900132,269.49910199815287,459.92850906641604,1.72961491735204
18.06,22.7286,0.1937,0.1463,298.3564586103981,363.2165583083107,799.865704696666,299.95240031210307,327.64893923318397,269.9998865241032,460.1239439712596,1.7230513183318796
18.08,22.8709,0.195,0.1457,298.8452894826341,363.8116567614676,801.8543599995438,300.58921212230496,328.6410487982791,270.4759450719825,460.67447840242386,1.7212488660332583
18.1,22.9817,0.1967,0.1474,299.41808253257636,364.50897003965815,803.4295742913596,301.26195923166574,329.976001867072,270.9425778056475,461.3401256367545,1.7209877034977088
18.12,23.208,0.199,0.1462,300.1985650188587,365.4591226316541,806.5159910447342,302.31555587707714,331.74388994506205,271.6704719230523,462.2004855255331,1.7183755779261336
18.14,23.7426,0.1921,0.147,298.75433458787245,363.7009290634969,813.6377507883054,301.6596156792452,325.7720898114122,271.8490568561696,460.29096961258125,1.6923151636724498
18.16,24.2102,0.1819,0.1509,296.26420240913416,360.66946380242416,819.8170221523611,299.9273710545229,317.0006825337687,271.46504007145467,457.2312476412983,1.6624883191527036
18.18,24.5396,0.1718,0.1487,293.5711727063172,357.39099285986447,824.127125176786,297.8278855112094,308.24061953169553,270.7900862651107,454.0200548822947,1.636126352834411
18.2,24.7493,0.1694,0.1469,292.9971428787575,356.6921739393569,826.8838638289541,297.5724281405489,306.07740041522794,270.8884835840754,453.345098910361,1.626406507885959
18.22,24.6708,0.1749,0.1464,294.66677254323326,358.72476657437096,825.9706243702859,298.96630752110735,310.82590902272005,271.56650952157304,455.3478861893135,1.6385806469908935
18.24,24.6147,0.177,0.145,295.3351569992753,359.5384519991178,825.3365542931134,299.4498690664319,312.63214914304535,271.8294602238184,456.173867649895,1.6440446089825584
18.26,24.4634,0.1779,0.1481,295.62939802681495,359.89665846742696,823.5057676013499,299.4247137771453,313.45294403202547,271.7853624542994,456.58048881641145,1.6499469913416018
18.28,24.3121,0.1796,0.1511,296.14426393128196,360.5234517424302,821.6666626877008,299.6114860282555,314.95023730418274,271.83981500326394,457.25097620027015,1.657250818673889
18.3,24.2248,0.1813,0.1502,296.67197596443964,361.16588378279613,820.6252352892916,299.91375301409255,316.4155629802927,271.9942433888761,457.9258087728502,1.6628354849507985
18.32,24.5279,0.1866,0.1424,298.31348027550865,363.16423685714096,824.5695019509092,301.9144468984295,320.7251825809514,273.2170906156556,459.8136917410149,1.6638132408859465
18.34,24.8135,0.1926,0.142,300.1120968507106,365.3538570356477,828.3025164467351,304.04161377154287,325.5765015457068,274.47600532663563,461.8764236744009,1.6662173745684719
18.36,24.8805,0.1945,0.1392,300.72272302698036,366.0972280328457,829.2286512523324,304.67263590117165,327.10346644762825,274.8896987744609,462.6030041518985,1.6677774436127708
18.38,24.7271,0.1968,0.1401,301.3577439348328,366.87029696414425,827.370498873981,304.97877282005146,329.0478332232454,274.99632842491684,463.4169478002523,1.6758533799569664
18.4,24.4793,0.197,0.1374,301.39854584517184,366.91996885499185,824.2750791019834,304.5596630095964,329.30708512403646,274.70396618298923,463.5711355353775,1.6831970730427739
18.42,24.2774,0.1975,0.1338,301.5299083108076,367.0798883783745,821.7464363017685,304.3011320610118,329.79244530686043,274.51717521065694,463.82296716438407,1.689834466565294
18.44,24.0556,0.1965,0.1244,301.2587101290768,366.74973407018047,818.9138361331464,303.6164108950618,329.0578447688693,274.1218043336788,463.61278002028837,1.6947466124580004
18.46,23.8331,0.1944,0.1273,300.69949587130094,366.0689514954968,816.1218603622713,302.6580409207322,327.4151574220474,273.5936550576699,463.0608072207186,1.697815505914247
18.48,23.5215,0.192,0.1273,300.01620519775844,365.2371193711842,812.1255197265692,301.43476513809924,325.5592246633379,272.87637291969935,462.395239099302,1.7029940551111276
18.5,23.1509,0.1921,0.1256,299.9504062795905,365.157016340371,807.3017178535163,300.71793751814437,325.79477036405535,272.3466950063297,462.4987490708705,1.7140797144086204
18.52,22.7487,0.1918,0.1256,299.75145168800873,364.9148107506193,802.0131442376697,299.82381687152395,325.71534216571195,271.7066063822942,462.4712302751247,1.7256004578774753
18.54,22.4118,0.1918,0.1255,299.650955870836,364.79246801666994,797.5502408189496,299.1303976405075,325.85575694194813,271.20482527924827,462.54646187109165,1.7358698368221854
18.56,22.1144,0.1923,0.1271,299.69004925741353,364.8400599655469,793.5941686122262,298.6391104848054,326.3922129730348,270.8232858061857,462.78352039340433,1.7458893746832826
18.58,21.8164,0.1921,0.1263,299.5396997482661,364.6570257804979,789.5814016746481,297.9596526757976,326.3514267570267,270.3522984797587,462.8005562135554,1.7549421572997497
18.6,21.4611,0.1913,0.1288,299.1920190328012,364.2337623008015,784.754547403761,296.99880743715676,325.84180653533457,269.70105721796034,462.61925090204807,1.7648917589432398
18.62,20.9845,0.1904,0.1293,298.7219264688679,363.6614757012305,778.1537170048906,295.72913835332724,325.3097668921726,268.8053644798376,462.3846052649318,1.7787606522240167
18.64,20.6622,0.1896,0.1284,298.3686075088393,363.2313482716305,773.6550718014297,294.8132346251482,324.7865624178816,268.1932183278148,462.20417065921686,1.7881248314602647
18.66,20.3692,0.1869,0.1278,297.5501310126041,362.23494210230064,769.5347933752467,293.4761051304298,322.6646347958517,267.4034971910757,461.41957703864455,1.7935278425292347
18.68,20.0647,0.1839,0.1305,296.63681044780753,361.1230735886353,765.2291568931275,292.027266421632,320.2857073870293,266.5453935969445,460.5234299098131,1.798854198054031
18.7,19.7512,0.1805,0.1317,295.60074952650575,359.86178203226785,760.7401618868339,290.439211659443,317.5604859854273,265.60904469182265,459.47841098417035,1.803914177779178
18.72,19.5516,0.1781,0.1327,295.2242874030787,359.40348031679144,757.8888465060847,288.8031318240169,314.7451992389748,265.00508340557303,458.7691358508536,1.8090353541623443
18.74,19.4252,0.1761,0.1322,294.6843375441624,358.74615005376296,756.0955587290578,287.99242011747043,313.08934709448556,264.58817238659026,458.1978866678445,1.8102176928652784
18.76,19.4762,0.1759,0.1333,294.75348824817604,358.83033351951866,756.9378600898183,288.0729852569093,312.8778054921081,264.7416212107169,458.2627456476775,1.8083534048525698
18.78,19.6177,0.1762,0.1363,295.0240643630861,359.1597305289744,759.1265681296151,288.50155495289334,313.0514472735746,265.1337480782121,458.5124182933898,1.8042118047562627
18.8,19.8037,0.1786,0.1432,295.8759876814295,360.1968545686968,761.9827826998779,289.577244885081,314.9750186253764,265.87122624194535,459.47533520661057,1.8021895538836208
18.82,19.8417,0.1825,0.1438,296.9918030691661,361.5552385189848,762.6232520795468,290.66619725928143,318.20216133407814,266.5006384514843,460.8979491826578,1.807874538433764
18.84,19.8787,0.1856,0.1457,297.889747481235,362.64838823802523,763.256458967712,291.54094058300035,320.7409566385124,267.0239115802912,462.03878177746566,1.812117166297953
18.86,19.9002,0.1868,0.1498,298.2912507367179,363.1371748099175,763.67610441047,291.9022553322309,321.70149657991254,267.28720170056664,462.55389355186105,1.8136191497308434
18.88,19.9453,0.1891,0.1488,298.9829479610856,363.97924099610424,764.4087735747743,292.58478631330587,323.5564629910216,267.7249311926898,463.4223528634653,1.8162095470215418
18.9,19.9128,0.1913,0.1519,299.58343774842797,364.7102720415645,764.0333139833143,293.0558109846229,325.3511246694308,267.9980307609157,464.23846035605595,1.8211781318932083
18.92,19.9569,0.1913,0.1518,299.70057331910243,364.85287186673344,764.7566398201651,293.1686399743236,325.3087040753633,268.1622518744474,464.37030127752433,1.8199595590375586
18.94,20.0819,0.1882,0.1534,299.1111431223607,364.1353046707,766.6670593474593,292.7159136431441,322.68908763521284,268.11849661700046,463.53037116697976,1.8108598617359306
18.96,20.2286,0.1843,0.1553,298.3164221366992,363.16781825337296,768.886736812344,292.10395133619545,319.3870909005396,268.0121986166903,462.4185998254466,1.7996310716851753
18.98,20.3047,0.1833,0.1539,297.86516873360637,362.61846628439037,770.0587470256958,292.6112859402534,319.3936955207848,268.1146597164399,462.2277672741542,1.7935015038055362
19.0,20.4106,0.1823,0.1531,297.76519310018074,362.49675681761136,771.6612613904549,292.60951975287867,318.4891602720862,268.2723099080284,462.040043516401,1.788575970904505
19.02,20.6737,0.1805,0.1304,297.55691457571197,362.24320035304066,775.3786981421944,292.73671799291066,316.84461415357714,268.62484372805056,461.6109971642826,1.7774480082925077
19.04,20.9642,0.1809,0.1183,297.9341222557244,362.702409702621,779.5209899799067,293.49507679006234,317.03514808329396,269.2932755378717,461.9143403377538,1.7691546543370573
19.06,21.1805,0.183,0.1271,298.70790127427756,363.64440155129444,782.709760709016,294.5386515442472,318.6792901437116,270.02889709771443,462.7659728161837,1.7659564037002302
19.08,21.4827,0.1872,0.1324,300.07421287209655,365.3077374095089,787.0592651317593,296.29608966619224,322.0228940508294,271.1694694641565,464.3049358125186,1.7636551313097615
19.1,21.7174,0.1925,0.1368,301.6606591343378,367.23906329397647,790.4321147998538,298.1597940918381,326.27171498288186,272.3034712211865,466.1541668826693,1.7652580511189362
19.12,21.9059,0.1972,0.1422,303.04442199667,368.92364416985913,793.1524817941195,299.75164033950557,330.0095086261779,273.2684717092704,467.772020924263,1.767197396160516
19.14,21.998,0.2017,0.1447,304.29783118891703,370.4495336212903,794.517902706211,301.06267447723894,333.5952720610772,274.02579760918104,469.28477756071,1.7717109507779616
19.16,22.1839,0.2053,0.1461,305.37762822705616,371.7640691459814,797.1595289883535,302.34799790564045,336.38968038926436,274.8409959025821,470.51888802056146,1.771880657182394
19.18,22.3736,0.2063,0.1472,305.82269414502724,372.30588852438103,799.8384163749191,303.0129231779316,337.0882676351545,275.3690559687262,470.9701657227323,1.7679308196007826
19.2,22.4243,0.195,0.1503,303.1270922515617,369.0242862192925,800.6287060006217,300.38968989134776,327.92196934893923,274.253360750251,467.664910622463,1.7488488803578461
19.22,22.303,0.1837,0.1491,300.1946136373434,365.45431225415723,799.0516853706955,297.2870164298666,318.6532091588196,272.7637399112245,464.15329733247637,1.73413614609343
19.24,22.0723,0.1724,0.1471,297.06658031587216,361.64627168888785,795.9634991571791,293.83789161755163,309.2379418526352,271.00261249354116,460.42400018614364,1.721833586283682
19.26,21.8179,0.1729,0.1472,297.1546593901587,361.7534983880193,792.5383874581479,293.43649042492297,309.75193963294413,270.6938060213227,460.6789410731501,1.730792831764412
19.28,21.527,0.1752,0.145,297.7074079059643,362.4264096246522,788.5646783951504,293.4223332889085,311.8047830947473,270.5456361509714,461.5463758013672,1.7441926664567857
19.3,21.1731,0.1767,0.1521,297.98509141901116,362.7644591187962,783.723690900742,293.0512546262724,313.2014706633116,270.16951872003966,462.12270942325415,1.7581662115909782
19.32,20.804,0.1769,0.1592,297.8835480514669,362.6408411061337,778.6145245332522,292.2915505898848,313.5090931231718,269.5891185651391,462.25164168302683,1.7705471957234824
19.34,20.4349,0.1768,0.1663,298.0352744415281,362.8255514940342,773.4476446879175,290.8483019229125,312.66586948912123,268.9598114583549,462.2774327531238,1.7849162006461865
19.36,20.2831,0.176,0.1667,297.7978880040475,362.53655930927516,771.3366596128113,290.29277398973323,312.02886185602375,268.6472543690683,462.10030012298233,1.7888482808228463
19.38,20.3101,0.1795,0.1664,298.8233064610655,363.7848948221667,771.8044437748259,291.2558476731849,314.9162435333797,269.2154985502675,463.41032734175013,1.794325542873367
19.4,20.4098,0.1825,0.1639,299.7568992242984,364.9214425339285,773.3084075852788,292.2526596670284,317.3449902428967,269.8536532632748,464.54797657588284,1.796459660196636
19.42,20.6581,0.1852,0.164,300.7105943718101,366.082462713508,776.956650506543,293.5204017565563,319.4611564230322,270.7312093858258,465.5987502951878,1.793089413715358
19.44,21.0313,0.1884,0.1632,301.8681506361254,367.4916616439788,782.3461567754096,295.1922713242546,321.9323674448138,271.89412217057986,466.820194700847,1.7865576579024358
19.46,21.4635,0.1931,0.1648,303.43053340440235,369.39369284014197,788.5191397029772,297.3509588490062,325.5832883337324,273.3281351449117,468.51033171533976,1.780716398142352
19.48,21.8119,0.1975,0.1621,304.49122369818093,370.6849679803942,793.4336175791802,299.8243107505342,329.94598703812517,274.5538163198518,470.0627264948461,1.7749515089581327
19.5,22.0221,0.2019,0.1629,305.7970828256216,372.2747095268437,796.4223379049286,301.3657216323467,333.3846591458195,275.51510675328035,471.5669808403528,1.7756709797736077
19.52,22.1117,0.2049,0.1617,306.6683336768983,373.33536273709365,797.7288076196983,302.2901996498682,335.72853287615834,276.09260909522743,472.608802834282,1.7778686211291104
19.54,22.0854,0.2065,0.1619,307.475372146364,374.31784435209534,797.44932975998,301.98939371031685,335.9833088453976,276.30221975215824,473.20535996251095,1.7836646067450295
19.56,21.9392,0.2047,0.1612,307.0242667307283,373.7686725417562,795.5113621862947,301.24137082807823,334.58235776449175,275.91603327301766,472.7662092101913,1.7856716469352136
19.58,21.6964,0.2013,0.1596,306.11335710094124,372.65973907940673,792.2179321500513,299.8895556946661,331.9377342615618,275.1696992831815,471.82106319021324,1.7882117273424483
19.6,21.3994,0.1964,0.1558,304.78138045411936,371.0382022919714,788.127781919494,298.03992035292146,328.09491240188754,274.14074198626895,470.3854786827865,1.7901139089243223
19.62,21.1537,0.1922,0.1489,303.63911800559384,369.6476219198534,784.7076278237236,296.4551549113578,324.76976750168404,273.2721097900502,469.14641493373216,1.7915279695921689
19.64,21.0505,0.1876,0.151,302.4764964385573,368.23225653389585,783.3388537373806,295.09854688505044,321.04875788377205,272.6084217855195,467.7749500038007,1.7874994088908018
19.66,21.1115,0.184,0.1537,301.6613725055724,367.23993174591425,784.2976681956102,294.35811171696463,318.0671100549964,272.3608420863674,466.72830809120927,1.7797051997238578
19.68,21.2717,0.1819,0.1567,301.2876984387057,366.7850241862505,786.6558479130053,294.2132536205923,316.27306984391885,272.4748548519179,466.1783403211505,1.7712058426029185
19.7,21.5968,0.183,0.1602,301.4975096266975,367.0404465020665,791.3130265440558,295.8468863479971,317.971561962312,273.28446762136264,466.7161550057692,1.7606925122794592
19.72,21.908,0.1838,0.1608,301.9719256467659,367.6179964395411,795.7195283450269,296.75095805044015,318.4971069086189,274.02451306274077,467.1502438977038,1.7526184929877262
19.74,22.2022,0.1837,0.1614,302.188718275984,367.88191790119794,799.8559015702202,297.3813242041259,318.28747970336553,274.6163659403169,467.2831326484175,1.743675506234882
19.76,22.3384,0.1839,0.1629,302.394135589181,368.13199115204645,801.8100411705811,297.740762633311,318.3858400074078,274.96054062990646,467.4901463680374,1.7401123662282085
19.78,22.4345,0.1844,0.1649,302.6573892725929,368.45247389706964,803.2138405950972,298.08922845152136,318.7465316056872,275.2699777813327,467.78975546150474,1.7382807114056686
19.8,22.563,0.1869,0.1633,303.46874248938497,369.4402082479469,805.0342028947549,299.01075041872423,320.7382681001867,275.8820620187214,468.74904330924625,1.7388802425600112
19.82,22.8322,0.1896,0.1635,304.4006035353159,370.5746477821237,808.7607579030796,300.2804645221797,322.8315717969107,276.7604938164927,469.78507545419853,1.7355821751578262
19.84,23.0499,0.1919,0.1614,305.19338521772437,371.539773308534,811.7582993392301,301.3295921449369,324.60816480687635,277.4942395587565,470.6751774587635,1.7332122405047692
19.86,23.1628,0.1938,0.1596,305.82451814383114,372.30810904466404,813.3414316059503,302.0511859979099,326.0906489054523,277.9945797511184,471.4155983038519,1.7332680970804717
19.88,23.1962,0.1955,0.1554,306.3603687497875,372.9604489127848,813.8454754729236,302.54910498819675,327.43473452900525,278.33177133926154,472.07637116849,1.7353375338527326
19.9,23.0539,0.1939,0.1506,305.9507067770679,372.461729989474,811.9938134700125,301.85741882636466,326.1770371297943,277.973330612444,471.6708179880908,1.7372327393072584
19.92,22.7657,0.1918,0.1501,305.3320729987915,371.70861060722444,808.1893305193087,300.72838460878506,324.562023832212,277.296991099581,471.07944504844414,1.742594442732512
19.94,22.4708,0.1886,0.15,304.41366214965547,370.59054522566754,804.2644951416955,299.3015885377717,322.0473403829911,276.4677288724484,470.12420931992506,1.7464195106908504
19.96,22.1648,0.1871,0.1499,303.9264940137982,369.9974709733196,800.1536442165702,298.2658750779088,320.9151101854979,275.8164511789186,469.7079121674637,1.7534720510863253
19.98,21.8644,0.1846,0.1496,303.54539372242414,369.53352279251635,796.0825809908957,296.3516276439904,317.9994050580614,275.0444003689264,468.9586937240213,1.7611758522489571
20.0,21.6523,0.1826,0.1473,302.97085863120094,368.83408876841855,793.1972622439455,295.3724234041249,316.4054939201176,274.4867007405414,468.3798192805625,1.7647295228871167
