Depth,qc,fs,fs_corrected,u,andrus_2007_holocene Vs,andrus_2007_pleistocene Vs,andrus_2007_tertiary_age_cooper_marl Vs,robertson_2009 Vs,hegazy_2006 Vs,mcgann_2015 Vs,mcgann_2018 Vs,Ic,Measure Vs
0.4,0.1561,0.0003,0.0003,0.0001,44.46433990916685,54.13050075898574,81.74240139214398,38.471637176549606,26.524141847269554,26.708013235481967,72.93531749289674,3.1057219587999665,208.0
0.41,0.2603,0.0006,0.0006,0.0016,51.20684326664279,62.33876571591297,99.65835762253552,44.06220304050605,30.98320043443065,30.6610179339835,80.61729882997116,2.8943982768931598,208.0
0.42,0.1792,0.0013,0.0013,0.0007,48.47339562302756,59.01109032368573,86.6050533754812,44.204878663692085,36.21517698587261,31.190267305745696,89.43945886048627,3.1938563737244907,208.0
0.43,0.1059,0.0014,0.0014,0.0003,43.110415210046376,52.48224460353472,70.99965804410523,41.39387635367168,37.32499902578972,29.28435742229433,90.4915754724745,3.516179492487851,208.0
0.44,0.0692,0.0013,0.0013,0.0002,38.90840604723762,47.36675518794145,60.48626554868286,38.75072851840682,37.03580302705439,27.550548077140284,89.8633704668399,3.76625918392429,208.0
0.45,0.0509,0.0012,0.0012,0.0001,36.09882163724041,43.94639155837964,53.90629702686218,36.84006318395154,36.63782939979831,26.34816084169841,89.23717123816535,3.95091218907892,208.0
0.46,0.0417,0.0007,0.0007,0.0001,33.77266033024299,41.1145430107306,50.06381299606747,33.80173645412144,31.33276942405739,24.632428421032053,83.53899357079656,3.991763456766145,208.0
0.47,0.0371,0.0002,0.0002,-0.0001,31.612543455010048,38.48483551044701,47.96195634345073,29.7344032044312,22.941962835232328,21.96020349189088,71.30956379246877,3.895713647346842,208.0
0.48,0.0366,0.0002,0.0002,-0.0002,31.6053322233864,38.476056619774745,47.80393789803564,29.786013276949557,23.040149735700336,22.045992378437745,71.68321049193511,3.9073877701251862,208.0
0.49,0.0365,0.0001,0.0001,-0.0002,31.167706539848748,37.94329491807674,47.8515301914974,28.60778914151202,20.43664713018804,20.92485733834976,65.84765766775057,3.84188465209852,208.0
0.5,0.0403,0.0002,0.0002,-0.0002,32.55254322534966,39.62918305694741,49.797943066268,30.62588484183548,23.396221460664243,22.608976398980165,72.47902179208153,3.849510890434999,208.0
0.51,0.0441,0.0003,0.0003,-0.0001,33.76054490454577,41.09979379683833,51.65315446805995,32.27869607001127,25.75875522865804,23.818946721815333,76.83686174767733,3.8418641642357474,208.0
0.52,0.0441,0.0005,0.0005,0.0001,34.43577239552027,41.92180987280729,51.76958523215436,33.91307191224621,29.382126697368022,24.98506132741793,82.51702226059174,3.9143851234010985,208.0
0.53,0.048,0.001,0.001,0.0,36.17174922370263,44.035172967985815,53.56496384056625,37.111770528721465,36.09889253609028,26.931792079445486,90.79098661993989,3.9728371484035967,208.0
0.54,0.0518,0.002,0.002,0.0,38.055149224674615,46.32800775177779,55.24898486130224,40.97247112315786,45.67105519331507,28.99160529038529,99.87926006342896,4.053562505850065,208.0
0.55,0.0634,0.002,0.002,0.0,40.05687621663231,48.76489278546543,59.791211750213,42.40826068266446,45.41098915198817,30.00025826442213,100.49417189084238,3.9188208045682686,208.0
0.56,0.075,0.0052,0.0052,0.0,43.82581390864182,53.353164758346566,63.86859603970865,49.60470560669599,64.9028535152083,33.43883928400739,114.4477382035768,4.011505659778335,208.0
0.57,0.0866,0.0079,0.0079,0.0002,46.53154510895414,56.64709839350939,67.6051185645755,54.03767752804941,76.79944588180943,35.518666949554365,121.51370088384157,4.014734690576689,208.0
0.58,0.081,0.0133,0.0133,0.0005,47.23351278577527,57.50166773920467,66.03260969829459,58.41926448555133,97.8508981284992,36.91070447087122,130.53607205250424,4.189832920780296,208.0
0.59,0.0785,0.0147,0.0147,0.0001,47.232633004528765,57.500596701165456,65.33382121269729,59.39763810886512,103.28979413751102,37.22744679402859,132.78793076173588,4.238872878100899,208.0
0.6,0.0787,0.0161,0.0161,0.0001,47.61707710649532,57.96861560790734,65.50624742216284,60.57933957453265,108.2600143805824,37.69908241994112,134.94276313019452,4.262257916852764,208.0
0.61,0.0789,0.0168,0.0168,0.0002,47.87590044001895,58.283704883501336,65.68320006851322,61.29187984655144,110.93738454326956,38.02062712502697,136.26263411930233,4.272897747446842,208.0
0.62,0.1329,0.0169,0.0169,0.0002,54.59290799787047,66.4609314756684,80.28309401177485,65.78030168852248,106.3759183830612,41.19124384097325,137.45932574529357,3.928642104502016,208.0
0.63,0.2449,0.017,0.017,0.0007,63.33431011133744,77.10263839641081,101.56915870267665,71.23193353871484,101.47601748709369,45.20392454174125,138.748977469202,3.539973316260635,208.0
0.64,0.3105,0.017,0.017,0.0007,67.02434995148411,81.5948608105024,111.37654703289192,73.60847875403037,99.88439080497147,46.98075451462724,139.5477711915595,3.3916886902557923,208.0
0.65,0.3298,0.0187,0.0187,0.0035,68.55389561381969,83.45691639943267,114.2161992078323,75.6243835028973,104.2042884418031,47.97319941622728,141.90617639219232,3.377570243273404,208.0
0.66,0.3298,0.0205,0.0205,0.0039,69.13077237840834,84.15920115632319,114.39901379374189,77.09307087329506,109.16470391162544,48.54613970335024,144.1675200541098,3.401339932628228,208.0
0.67,0.3163,0.0245,0.0245,0.0036,69.46004242145808,84.56005164351419,112.75116092091164,79.34871303801711,119.61736853354698,49.17922570803454,148.06383896532807,3.474579898424833,208.0
0.68,0.3095,0.0316,0.0316,0.0045,70.49684595196742,85.82224724587338,112.00870492571023,83.01555110288267,136.05683235675895,50.27874892358162,153.59416592586513,3.5567914159049203,208.0
0.69,0.3379,0.0393,0.0393,0.0054,73.22174651729382,89.13951749931422,116.0084111614336,87.50879924542954,150.94233447295102,52.05925532785287,158.69843337028314,3.561976591883932,208.0
0.7,0.3664,0.0398,0.0398,0.0054,74.81762899691088,91.08233095276108,119.81272733939196,88.89911246060085,151.37640436445392,52.93646786809042,159.63482090086515,3.5149703643569423,208.0
0.71,0.4299,0.0392,0.0392,0.0054,77.66235679885112,94.54547784207963,127.5145549632205,90.68089730560249,148.59348267345635,54.31443917936174,160.08189822129648,3.410898535839248,208.0
0.72,0.5629,0.0386,0.0386,0.0054,82.52788134951952,100.4687251211542,141.50967015240022,93.66139553510912,144.36551233479517,56.61155746503916,160.64766513068204,3.238794145063288,208.0
0.73,0.8317,0.0372,0.0372,0.0048,89.56272321940811,109.03288044101858,164.44528044667274,97.71444359924298,137.29804569267418,59.93104454726297,160.90101168776408,2.9869755717517883,208.0
0.74,2.2408,0.0359,0.0359,0.0054,107.38122139952732,130.72496518203326,240.3959899950571,109.2802971481224,124.0385477214285,69.18232068798817,161.8939583186423,2.3687811057145987,208.0
0.75,4.1403,0.0359,0.0359,0.0012,117.18615138496492,142.66140168604426,304.2914184486845,117.8185559796561,118.24354781850276,75.85955210606699,163.1843736115158,1.994973000224838,208.0
0.76,5.0592,0.0338,0.0338,0.0,119.1001660404219,144.99150648399188,328.92975683096057,119.96548176883525,113.74616997020844,77.97796082877684,162.69528647833317,1.8585646283006223,208.0
0.77,5.0862,0.0316,0.0316,-0.0006,118.40107359886208,144.14043742470167,330.0232275249664,119.27789142798366,110.87700038687542,77.88555642251532,161.81863783510258,1.8391001692518043,208.0
0.78,5.0051,0.0289,0.0289,-0.0007,117.17229566794478,142.64453385662844,328.4218047996004,117.91957879812124,107.3105681667655,77.40875468548202,160.4545599738921,1.8276784437809124,208.0
0.79,4.3913,0.0278,0.0278,-0.0006,115.31166242453546,140.37941512552143,312.8057261890924,115.84608507686995,106.97998360082836,75.9883964655018,160.00753029972094,1.8972927816631089,208.0
0.8,4.3835,0.028,0.028,-0.0005,115.56448553637982,140.68719978341892,312.98339109938416,116.37620143834512,107.71538689224188,76.28043861050105,160.66509740906184,1.9000635508144748,208.0
0.81,4.3758,0.0282,0.0282,-0.0003,115.81526896089088,140.99250134369325,313.1591887494688,116.90231594414632,108.44842123765756,76.57016960280987,161.31794259596316,1.902812246913636,208.0
0.82,4.2832,0.0316,0.0316,0.0001,117.22875088734784,142.71326194981478,310.9905345073019,119.06577247402274,114.45475188067462,77.32265267798304,164.20601688516703,1.942978642095914,208.0
0.83,4.1905,0.035,0.035,-0.0002,118.4976264910966,144.2579800761176,308.77073516582533,121.10851663912348,120.37527606346892,77.99835834326899,166.88608468620643,1.9815139994727569,208.0
0.84,4.4144,0.0339,0.0339,-0.0001,118.93478155856958,144.7901688539108,315.34595931367835,121.66981591350276,118.6030966996836,78.63856173808082,166.76327904095777,1.9420110757137257,208.0
0.85,4.1828,0.0356,0.0356,0.0,119.058922296368,144.94129670862193,309.2831485581701,122.27003899412092,122.17559369231884,78.60639809869768,168.2635703516111,1.986944428531537,208.0
0.86,4.0091,0.0373,0.0373,0.0002,119.27489379914051,145.20421853808412,304.6661349655196,123.00708239125863,125.65774575229742,78.68627340284331,169.73545100543268,2.02457743066451,208.0
0.87,4.0515,0.0435,0.0435,0.0007,121.7557535776912,148.224395659798,306.2460222131077,126.74896379739668,135.2963399390173,80.07472668660029,173.68330991909292,2.058124290058292,208.0
0.88,3.8788,0.0411,0.0411,0.0005,120.46974230860394,146.65881672351784,301.53213438932505,125.35366454661568,132.69034488337687,79.45208541214886,172.85011346718076,2.0698347886289348,208.0
0.89,3.8578,0.0463,0.0463,0.0004,122.2308729401652,148.80280184020114,301.24371860826795,128.23653073576872,140.9298384201567,80.43116979917559,176.04344948741866,2.10475529732116,208.0
0.9,3.8535,0.0515,0.0515,0.0005,123.9142039745092,150.85207440375032,301.4492442555336,131.0243091553536,148.9030450558439,81.38425887954645,179.00014375475558,2.1343421414077004,208.0
0.91,3.8912,0.0515,0.0515,0.0005,124.24596449778886,151.2559567799169,302.903588007895,131.6032088842284,149.26410080391315,81.74917184374418,179.51419079755766,2.128401529367393,208.0
0.92,3.9289,0.0713,0.0713,0.001,129.48190096096545,157.63014030030575,304.3532070520338,140.102704809992,176.3041437513419,84.3591685021862,187.80074891662807,2.214351853754734,208.0
0.93,4.1094,0.0713,0.0713,0.0005,130.4741417245987,158.83808557777235,309.9490821032692,141.27279588529836,176.12805928256122,85.16214776259429,188.37772189915623,2.186751064657237,208.0
0.94,4.7851,0.0765,0.0765,0.0007,134.50584519210065,163.7462463208182,328.8561664632716,146.0564595734136,180.6452696371418,87.82043259092629,190.83950546590296,2.113608918403494,208.0
0.95,5.5649,0.08,0.08,0.0008,138.03128994452513,168.03809210637843,348.7443929660084,150.26941292952947,182.86095605698904,90.34982479026566,192.6823393164984,2.033867980167432,208.0
0.96,5.3178,0.0827,0.0827,0.0012,138.05098753784148,168.06207178519833,343.1033362676125,150.92382081022893,187.50891089009863,90.27086230510996,193.96372250914695,2.0716328906659665,208.0
0.97,4.731,0.0845,0.0845,0.0011,136.53782018410166,166.21995500673245,328.4529062049468,150.04507810277082,192.42659930876928,89.17902020058625,194.8493799676149,2.1500341074003027,208.0
0.98,4.6924,0.0852,0.0852,0.001,136.70482126041605,166.4232606648543,327.75879262129826,150.6112196668508,194.0331528347652,89.38940410931167,195.5534233395254,2.1575629947163653,208.0
0.99,4.3256,0.0853,0.0853,0.001,135.37367832763553,164.80273883364325,318.04475051222914,149.74282950149794,196.2957941845657,88.60614703684413,195.96818788748223,2.208074423383209,208.0
1.0,4.287,0.0847,0.0847,0.001,135.25561258448283,164.6590066245878,317.27316104288866,149.84896233587762,196.32727089180804,88.68746628300566,196.2738920718578,2.211519294541617,392.0
1.01,3.9898,0.0841,0.0841,0.0011,133.92157075554593,163.03495570240375,308.98912084136435,148.89825160058388,197.5446445860296,87.96586846141113,196.48236671728492,2.253697935918272,392.0
1.02,3.511,0.0837,0.0837,0.0014,131.47119046210224,160.0518840408201,294.5519584219446,147.0889174053431,200.09123273305235,86.56392163817152,196.66455626327348,2.331107868215878,392.0
1.03,3.2369,0.0836,0.0836,0.002,129.95406450378633,158.20494809156597,285.8268995898912,146.15154808709403,202.1352742933665,85.78044782853095,197.0014152008937,2.380898767628182,392.0
1.04,2.9705,0.0835,0.0835,0.0026,128.3065384125595,156.19926415442023,276.87142175508615,145.1392132288074,204.28410361348483,84.94552894094299,197.32738962056857,2.4335512588094352,392.0
1.05,2.9705,0.0827,0.0827,0.0021,128.32192325505392,156.21799352789174,277.13046212768586,145.28721942803926,203.82117049354375,85.10378221787762,197.5583103068452,2.4307402065945247,392.0
1.06,2.6462,0.082,0.082,0.0028,125.90853204937136,153.27995206010428,265.4140083205249,143.59222797032493,205.76685446204465,83.86042654904742,197.64477962778395,2.499598527017166,392.0
1.07,2.4686,0.0779,0.0779,0.0035,123.88538345483406,150.81698855371104,258.7099952236308,141.50223638147625,202.1582492082149,82.88902411430554,196.69705428737208,2.527300774400857,392.0
1.08,2.4686,0.0762,0.0762,0.0081,123.74612316550284,150.64745428843824,258.9833689813888,141.30878198524792,200.3586894757822,82.9516051071897,196.59580529433305,2.520608918980118,392.0
1.09,2.3412,0.0713,0.0713,0.0163,121.9185936194104,148.42263571058658,254.09340960569136,139.12769596877908,194.9968520810026,82.07822702149845,195.28286737493457,2.533445512896545,392.0
1.1,2.1791,0.0694,0.0694,0.022,120.21716182783156,146.35132744257757,247.50332224125805,137.69465087806284,194.1071250324489,81.25867503894955,194.94499377558267,2.5695939930236578,392.0
1.11,2.1791,0.0687,0.0687,0.0233,120.230506096317,146.36757263899463,247.7358736496356,137.79808523504266,193.5911916750969,81.39485080041322,195.13451613538209,2.5666207635806737,392.0
1.12,2.0903,0.068,0.068,0.0225,119.36164816613,145.30983255007132,244.0476198014767,137.24941731767322,193.83841134433175,81.0417320675204,195.2574519440848,2.5894140415187903,392.0
1.13,1.8702,0.0679,0.0679,0.0246,117.12057405684396,142.58156841702743,234.13883615328356,135.85612647562922,196.27263589166373,79.94120698817122,195.4985964767189,2.6576257898172613,392.0
1.14,1.7351,0.0676,0.0676,0.025,115.5973407678828,140.72719745655297,227.74688364277085,134.94529822959566,197.7391612988172,79.24751940089911,195.71348694093888,2.702704966345411,392.0
1.15,1.7351,0.0648,0.0648,0.0248,115.2443962742308,140.2975258990636,227.94198476420272,134.23093778002698,193.9291166077813,79.16173014897842,195.0707084175613,2.6904867972565216,392.0
1.16,1.683,0.0624,0.0624,0.0256,114.30178493933668,139.1499990565838,225.51093170307905,133.176650302525,191.2128295481038,78.75780027073421,194.4977787249705,2.6984261538109875,392.0
1.17,1.6782,0.0623,0.0623,0.0254,114.3472593860184,139.20535925254413,225.45529931604855,133.41743888496015,191.57561217902435,78.90299630583984,194.87587042345848,2.699808901124822,392.0
1.18,1.7211,0.0609,0.0609,0.0258,114.75002729791376,139.69568540615586,227.82923168319596,133.56483714884234,189.3494033910285,79.2282996375222,194.75612120251836,2.6777008709285703,392.0
1.19,1.7641,0.0582,0.0582,0.0262,114.87951031713251,139.8533169078135,230.17695923605308,133.15571598844045,185.0127461906304,79.39768260864045,194.06061185005225,2.649500518320272,392.0
1.2,1.9513,0.0553,0.0553,0.0322,116.50770785664427,141.83547043417565,239.4448068315126,133.7703823975764,178.9722871998945,80.40500026887885,193.32823037541283,2.572421685597731,392.0
1.21,2.8084,0.0526,0.0526,0.1658,123.37601377289492,150.19688633221992,276.24917202876304,138.62318400122044,168.9435448217221,84.5769585596727,192.99728392745232,2.328781452773906,392.0
1.22,3.6732,0.0496,0.0496,0.1784,127.50520991109104,155.22373380480647,306.1004017984442,141.7592511928392,160.5268568306428,87.68337423091195,192.31038635476264,2.148795015391678,392.0
1.23,4.6268,0.0468,0.0468,0.1344,130.4074429097868,158.75688702061,334.11371869329946,144.38033080038352,153.28945156692964,90.41537220696684,191.58468394959863,1.993927569242204,392.0
1.24,5.4838,0.0448,0.0448,0.0675,132.17305271696776,160.90632504674338,356.37629848166176,146.4363119816616,148.31951057280915,92.52793675027364,191.1308483547136,1.88047277666486,392.0
1.25,6.005,0.0432,0.0432,0.0005,132.79201991249167,161.65985032825074,368.9198629491804,147.39216230828188,145.06463307295743,93.67200826277472,190.74443318768547,1.817087024890336,392.0
1.26,6.3718,0.0413,0.0413,-0.0009,132.8198720890297,161.6937573257753,377.66237480942607,147.6640457993337,141.7291383551887,94.33186838089432,190.0984386440633,1.7695417035560606,392.0
1.27,6.6189,0.0405,0.0405,-0.0016,133.01101597613064,161.92645423181122,383.4886227921577,148.18653602441736,140.3576648322401,94.90458237104777,190.0487707484988,1.7415092263218697,392.0
1.28,6.8853,0.0364,0.0364,-0.0014,131.66786646822584,160.29131570044888,389.6164324619593,146.73270681497127,133.77610531986642,94.81007767084176,187.85713161665925,1.6912423816601991,392.0
1.29,7.0667,0.0315,0.0315,-0.0033,129.57152303182764,157.73924543005103,393.801871194209,144.34757933486,125.88326211252752,94.23424095603453,184.75811698148115,1.64142654036742,392.0
1.3,7.1903,0.0312,0.0312,-0.0035,129.6734592247321,157.8633416648913,396.7215190169943,144.7589677488805,125.50870357309356,94.59767788904576,184.91300173011507,1.628842774678665,392.0
1.31,7.2598,0.0299,0.0299,-0.0034,129.16634714896975,157.24598783352835,398.48471397615975,144.34916371078782,123.54285685843128,94.59607182643354,184.26272527150192,1.613432150493988,392.0
1.32,7.3177,0.029,0.029,-0.0033,128.84632464803516,156.856395223695,399.9972943180512,144.16685331802282,122.23692434904038,94.66432712016017,183.8963340750392,1.6018635778792265,392.0
1.33,7.3331,0.029,0.029,-0.002,128.98315750989565,157.02297435987296,400.6230506129834,144.50344878125082,122.47398807601992,94.89187508827668,184.25067543671292,1.6006025938858806,392.0
1.34,7.2984,0.029,0.029,0.0003,129.07076736304035,157.1296298332665,400.2035989500046,144.71649693414054,122.76248404956196,95.0247584006387,184.5937080407268,1.6034134333327597,392.0
1.35,7.1131,0.029,0.029,0.0012,129.0022824827233,157.04625693548925,396.5867664091292,144.55250589952368,123.21479419454582,94.8693943717638,184.9060727015724,1.6187751683122495,392.0
1.36,7.1131,0.0292,0.0292,0.001,129.2331242348723,157.32728167723585,396.8758208260309,144.98526920778622,123.8033273580229,95.11847961804273,185.41723731739057,1.6203286895874784,392.0
1.37,6.9664,0.0294,0.0294,0.0007,129.3013807786519,157.41037660009798,394.0134683644812,145.04471927494183,124.56047638649326,95.08065826002752,185.89746779675772,1.6343433822688207,392.0
1.38,6.6112,0.03,0.03,0.0008,129.3107568307886,157.42179092443828,386.49356635369287,144.82532969270537,126.27364661698394,94.71649874863532,186.65730950100044,1.6702886165865618,392.0
1.39,6.4143,0.03,0.03,0.0008,129.15739217402543,157.2350861249005,382.32858483573216,144.5773722201379,126.78419394786968,94.49449235693884,186.9567576484373,1.6884459297114482,392.0
1.4,6.2637,0.0314,0.0314,0.001,129.78302143939206,157.9967217523034,379.144257550454,145.41327683507672,129.66671642029002,94.7175016868158,188.37685922651156,1.71329733008228,392.0
1.41,6.0629,0.0318,0.0318,0.0006,129.77894952348848,157.99176463729034,374.7167257771827,145.39819429704698,130.91724784044953,94.56015286796928,188.9816130165565,1.7359151249978475,392.0
1.42,5.8545,0.0318,0.0318,0.0007,129.5302470974616,157.688996466475,370.0025990687886,145.06754582362225,131.5052783598254,94.27009970086964,189.2708169747445,1.7570181966065923,392.0
1.43,5.6576,0.0318,0.0318,0.0008,129.2737247486999,157.37670838972164,365.4530513873912,144.74954865843506,132.0891107120125,93.9900184384914,189.55916066641936,1.777673990263046,392.0
1.44,5.4761,0.0316,0.0316,0.001,128.9221073224012,156.9486523924884,361.1794717565162,144.32123459250133,132.3048141288888,93.68207488392784,189.69220060927864,1.7958721768143286,392.0
1.45,5.2561,0.0302,0.0302,0.0014,127.86488639119548,155.66160082406404,355.81207528479695,142.90807313308522,130.4308658474445,92.9596040179064,188.85116720032264,1.8099034644762328,392.0
1.46,5.036,0.0301,0.0301,0.0012,127.41669649061916,155.11597833640593,350.2825812870668,142.36801131314445,130.89905380559753,92.53995413955784,189.03843215341092,1.834952500441433,392.0
1.47,4.8005,0.0299,0.0299,0.0007,126.83499154310148,154.4078157916018,344.16269814350136,141.66981677695236,131.23257515638852,92.02758025285294,189.13409055295045,1.8623208364838864,392.0
1.48,4.6075,0.0294,0.0294,0.0001,126.17265939411496,153.6014983928356,339.03435445180787,140.87298266112202,130.93286316467783,91.52977986008185,188.98649298162223,1.8831458409569064,392.0
1.49,4.4221,0.0287,0.0287,-0.0014,125.39568892198848,152.65562129633378,333.9711276277864,139.92505452607614,130.23399673285712,90.97840435790587,188.6592828537844,1.9023142786083396,392.0
1.5,4.3411,0.0272,0.0272,-0.0011,124.502438650379,151.56818618307008,331.84212778082286,138.751865270516,127.73627538510532,90.50129254110294,187.63896982632195,1.90089477133134,147.0
1.51,4.2446,0.0264,0.0264,-0.0018,123.8965266830224,150.83055422280987,329.2170723315334,138.01116143177825,126.58985307101206,90.15193134141794,187.19550911984172,1.907555400962078,147.0
1.52,4.2098,0.0253,0.0253,-0.0029,123.31058474329828,150.11723360053705,328.3915937090188,137.25986236057648,124.68609298320412,89.89240390557003,186.462449769791,1.90277724576103,147.0
1.53,4.0978,0.0245,0.0245,-0.0028,122.62506348699247,149.28268598416474,325.2375298677229,136.41110730350297,123.5059624237462,89.46849562932059,185.9564103026779,1.911691839468303,147.0
1.54,3.9704,0.0233,0.0233,-0.0027,121.64528872637958,148.08991671037515,321.5445515905528,135.14217075272038,121.49323644730312,88.85282872723788,185.00784355515063,1.9193482009084328,147.0
1.55,3.8701,0.0224,0.0224,-0.002,120.89554243985552,147.1771821006937,318.62494645372493,134.19526178541292,120.00117038568082,88.39600047007183,184.32959191657585,1.925903185935231,147.0
1.56,3.7079,0.0219,0.0219,-0.0016,120.12726963928328,146.24189347391007,313.65772362272907,133.2861938924134,119.45726709451117,87.84514352655793,184.03039615824227,1.9465664307476205,147.0
1.57,3.5149,0.0217,0.0217,-0.0014,119.3663837512909,145.3155976102672,307.5130978921927,132.4560503896693,119.62955178525922,87.26006908827475,184.03562010797023,1.9766039030177052,147.0
1.58,3.2601,0.0215,0.0215,-0.0011,118.26804810681564,143.97849334742773,298.98815281638883,131.27407816269246,119.96866208587036,86.40564930318058,184.0072382212525,2.01974076569351,147.0
1.59,3.013,0.0214,0.0214,-0.0003,117.1339467353021,142.59784819949823,290.3061240107286,130.13128296252694,120.56542313461948,85.54732651464782,184.0821219867328,2.0661051277891027,147.0
1.6,2.7273,0.0214,0.0214,-0.0005,115.68701347906548,140.83636423538408,279.6375086477507,128.75624001615788,121.57697025304368,84.47594539169408,184.238472849339,2.12620610095963,147.0
1.61,2.5034,0.0212,0.0212,0.0005,114.30639239074507,139.1556081278636,270.8095429834572,127.44409109693684,122.02411131740897,83.51983904321727,184.18721780188784,2.1758029137665518,147.0
1.62,2.2756,0.0204,0.0204,0.0016,112.4218141134002,136.86133892066113,261.2872051516012,125.46047623032464,121.10280807583408,82.25913041828923,183.4262493005459,2.2246676240388497,147.0
1.63,2.0594,0.0196,0.0196,0.0022,110.43200483554246,134.43896240848647,251.6706353160692,123.40864921478956,120.14860764524504,80.95466742406438,182.624142540717,2.2759487466398465,147.0
1.64,1.8895,0.0182,0.0182,0.0019,108.32984146507546,131.87980700096145,243.67394860398028,120.99146588192912,117.44314113253654,79.6020570963942,181.03789715730665,2.3112509400863765,147.0
1.65,1.7197,0.0164,0.0164,0.0016,105.8376137167769,128.8457906117284,235.20498134835796,118.0011466096326,113.5043607147603,77.98580984133307,178.75378375343922,2.344872709220552,147.0
1.66,1.5729,0.0139,0.0139,0.0018,102.95136121057638,125.33209190852776,227.4625723638934,114.20207411233676,107.13076334484828,76.06818606120089,175.1034141295093,2.3625014266638127,147.0
1.67,1.4185,0.0127,0.0127,0.0014,100.54847356025176,122.40683737769778,218.7873449199963,111.4982668096032,104.27264570970134,74.50958351007414,173.1908897837,2.4055332596333123,147.0
1.68,1.2795,0.0117,0.0117,0.001,98.24873761637856,119.60715883733042,210.45681601854557,108.98379161508696,101.82668688507889,73.03432699709109,171.48228579485954,2.450455640369809,147.0
1.69,1.1405,0.0117,0.0117,0.0011,96.38801191953166,117.34192755421248,201.5324273029112,107.5386093561104,102.6484848386217,71.95342563568992,171.5938659476572,2.5200928074028988,147.0
1.7,1.0363,0.0118,0.0118,0.0011,94.8969287815111,115.52669590792657,194.4046779393504,106.50144519421492,103.72580575703874,71.13424747468454,171.9184892728712,2.580252978939584,147.0
1.71,0.9552,0.0119,0.0119,0.0014,93.63806187485008,113.9941622824262,188.5611368534146,105.67117919955108,104.74325129287053,70.4684502710132,172.25886217742183,2.631907194190668,147.0
1.72,0.8471,0.0125,0.0125,0.002,91.98915164078232,111.98679330182196,180.22130140683663,104.94064877654644,107.79407182559756,69.65637291293835,173.46564320848918,2.716595861488881,147.0
1.73,0.7313,0.0138,0.0138,0.0092,90.20987433472098,109.82071658139948,170.604506314346,104.66934647272944,113.53912649461948,68.87067926688175,175.77779326081483,2.829219221410768,147.0
1.74,0.6978,0.0161,0.0161,0.0092,90.49897343893724,110.17266331696706,167.67874709914247,106.63520125811824,121.76828647389742,69.39917708013256,179.53523241714015,2.8950000967532685,147.0
1.75,0.6822,0.0211,0.0211,0.0161,92.08119901703292,112.09885097725748,166.45645179362546,111.10180151658732,137.574649372937,70.85673412804472,186.19844408776336,2.9747174942521406,147.0
1.76,0.6977,0.023,0.023,0.0157,93.18678830196312,113.44478575891164,167.97256351975034,113.11561867828988,142.99191488656314,71.71038450536102,188.60023415599903,2.982675137070641,147.0
1.77,0.7132,0.0261,0.0261,0.0175,94.61454515102908,115.18292453168758,169.508343784897,115.9509131481704,151.49051243353406,72.81116590354864,192.0321841824951,3.001281355464477,147.0
1.78,0.7468,0.0287,0.0287,0.0193,96.30190091767746,117.23709676934646,172.6281449690438,118.61389671182272,157.94729506198115,73.99122228225248,194.76116982666,2.996995227837127,147.0
1.79,0.851,0.0334,0.0334,0.0252,100.18477990698536,121.96407988676478,181.60997050448745,123.7692691426432,167.97007754945255,76.47012128847288,199.11321815558853,2.9544463306981927,147.0
1.8,1.0402,0.0376,0.0376,0.0284,105.35457714750588,128.2577460926159,196.16085470564977,129.490561838746,174.83324081493296,79.61391794754842,202.78918215818052,2.8604038975843658,147.0
1.81,1.1483,0.0398,0.0398,0.0262,107.98326623289738,131.45788932700552,203.7568988351354,132.45965071348053,178.3670373545017,81.26260390297293,204.73007424086452,2.814480970734057,147.0
1.82,1.1019,0.0399,0.0399,0.0262,107.2323811072632,130.54376830449434,200.69498775551148,132.07612850781047,179.53574411646025,80.92205323158329,205.01996033664588,2.84102015762749,147.0
1.83,1.1792,0.0395,0.0395,-0.0347,108.409060447841,131.97624750171948,205.2779294329711,132.92426657529464,177.95803561174353,81.77214322642808,205.1385355449333,2.8021864924173223,147.0
1.84,1.0749,0.0391,0.0391,-0.0629,106.3555602876829,129.47633426326615,197.8281383737813,131.36935768609536,178.96626490265712,80.74299408283858,205.0093963025914,2.8611226251440813,147.0
1.85,1.0131,0.0382,0.0382,-0.0739,104.93643827990772,127.74870747119202,193.3023650120004,130.08189083565736,178.23273208505637,80.0233551298003,204.5805147474176,2.8938739707278867,147.0
1.86,0.9321,0.036,0.036,-0.085,102.70384115606728,125.0307631465167,187.09412434292247,127.63513891809872,174.834494735227,78.79853262844686,203.16078299306625,2.932629866662693,147.0
1.87,0.8896,0.034,0.034,-0.0864,101.3163166405866,123.3416028668011,183.8053191048366,125.85781678393144,171.08104769024786,78.01652232383269,201.860796431696,2.947524243365703,147.0
1.88,0.8973,0.0313,0.0313,-0.0866,100.86728161875573,122.79495153587656,184.51716539412388,124.40412643267489,164.551728305258,77.6938976753852,199.98351335579687,2.92000714782714,147.0
1.89,0.8703,0.029,0.029,-0.0866,99.68788830161402,121.35916836718228,182.4315963258756,122.53692937587016,159.39915907489973,76.97781366207415,198.23022872327672,2.919616163242369,147.0
1.9,0.8742,0.0266,0.0266,-0.0866,99.14273745537254,120.69550646741006,182.84495535005817,121.025715604306,153.25405879115104,76.58936263825288,196.28492625950776,2.8943141852769583,147.0
1.91,0.824,0.024,0.024,-0.0861,97.23103402026874,118.36821532902282,178.78170237932204,118.3116123844614,147.14827112080397,75.40430660296853,193.8503190416588,2.9059325045001656,147.0
1.92,0.7776,0.0233,0.0233,-0.0842,95.94887301050804,116.80732366496632,174.90825174807966,117.06701189335702,146.1133217123762,74.70247765899401,193.27818215111552,2.935594540073282,147.0
1.93,0.6695,0.0209,0.0209,-0.0846,92.33019013247186,112.40197059605268,165.0511501252572,113.06094374872434,141.1325544496537,72.55761191500342,190.60545517040973,3.005369961373431,147.0
1.94,0.5769,0.0163,0.0163,-0.0003,88.42991872749289,107.65381410303485,157.45618945547653,107.20238743953684,127.91396654753558,69.66854694824131,184.582330772268,3.023346070157879,147.0
1.95,0.5151,0.0138,0.0138,0.0003,85.44734766709226,104.02285802950362,150.87514764696664,103.159582521852,120.31074499464631,67.69705752194034,180.7135805288621,3.055762187248744,147.0
1.96,0.4649,0.0112,0.0112,0.0002,82.5257333513927,100.46611016691288,145.15152728316835,98.8181233640844,111.247703635481,65.65229032940678,175.96947772243743,3.072863636421655,147.0
1.97,0.4225,0.011,0.011,0.0002,80.87977163821463,98.46233069000044,140.0155380779414,97.45052607086824,111.35409750897892,64.74915028490419,175.6595951080703,3.130660480604603,147.0
1.98,0.407,0.0109,0.0109,0.0003,80.26563297418204,97.71468362074336,138.10248810616204,96.95682035071133,111.38431145545754,64.44344372339354,175.62748890856358,3.153031495644657,147.0
1.99,0.3645,0.011,0.011,0.0003,78.54950064724663,95.625479048822,132.47203430560293,95.79897612561544,112.9020989096022,63.56514116737163,175.91675063344985,3.2276072223097216,147.0
2.0,0.3613,0.011,0.011,0.0003,78.45986242886589,95.51635426122805,132.09216373509503,95.79522368756788,113.11747388508184,63.57300511384084,176.1284918315051,3.233697118174341,161.0
2.01,0.36,0.011,0.011,0.0005,78.4572408545734,95.51316277948068,131.98090159309237,95.858094680854,113.28538295148168,63.62817691698668,176.34617556085234,3.2362866735935776,161.0
2.02,0.3816,0.011,0.011,0.0007,79.4723031268879,96.74889076316788,135.02225142484392,96.70647993132414,112.90523064408085,64.25289516723325,176.64388300335867,3.19815238041848,161.0
2.03,0.4032,0.011,0.011,0.0014,80.44485673854662,97.93286907301328,137.97605140736138,97.5216975792494,112.55847555338148,64.85332839342077,176.93679404973744,3.1621651904422308,161.0
2.04,0.6271,0.0109,0.0109,0.0045,87.94660409980742,107.06543107802642,163.45771915227482,103.2823310323121,108.73570420203409,69.15409595337114,177.52598247493242,2.877006498458309,161.0
2.05,0.8471,0.0108,0.0108,0.0073,93.13901334056854,113.38662493634432,183.46340441101148,107.36945626766531,106.3691326857872,72.2573720044143,177.92840560688015,2.687529700120342,161.0
2.06,0.9166,0.0107,0.0107,0.0062,94.48947247799548,115.03066214712496,189.1393911842404,108.45452152678236,105.60880981012048,73.12496355468232,178.0361459013534,2.6372727378873773,161.0
2.07,0.9282,0.0107,0.0107,-0.001,94.7408706466804,115.33671209161092,190.03322168764663,108.7350884366658,105.66324373863914,73.35619863404813,178.2709962418526,2.6305643932385623,161.0
2.08,0.9398,0.0111,0.0111,-0.0026,95.2702067091826,115.98112121117882,191.00464695165968,109.57666452115868,107.21163073864454,73.81053289211172,179.3586096306503,2.631127002305833,161.0
2.09,1.0131,0.0115,0.0115,-0.0024,96.89134435608364,117.95468008566704,196.66285058331076,111.31000176295296,108.317296935871,74.93252110935389,180.5050314970478,2.592701452574864,161.0
2.1,1.2062,0.0118,0.0118,-0.0023,100.17040454106692,121.94657944129884,210.32220611333253,114.37519487193384,108.38900388855232,77.10550328129541,181.5634393295537,2.4916529380668844,161.0
2.11,1.4957,0.0125,0.0125,-0.0016,104.3905407358925,127.08413654804303,228.45685262595708,118.6475510239378,109.55660078613153,80.01833007947619,183.4405600096764,2.37336406953456,161.0
2.12,1.7891,0.0127,0.0127,-0.0022,107.59798176889888,130.9888473708334,244.74749795174048,121.82513539641256,109.27157820909416,82.32548271026496,184.2836086782357,2.268872314879073,161.0
2.13,1.7891,0.0133,0.0133,-0.0024,108.07854077584297,131.57387572711318,244.85956108712475,122.71040349334058,111.29388084949524,82.74969917400948,185.61368998366984,2.278548440586452,161.0
2.14,2.3721,0.0136,0.0136,-0.0019,112.91911405949152,137.46674755068534,272.85371407918825,127.8021437987072,110.71754542292076,86.45213688971967,186.76284555604684,2.114319558260787,161.0
2.15,2.3721,0.0135,0.0135,-0.0014,112.91435903030307,137.4609588194994,272.98385266942296,127.83032887929048,110.55233395342528,86.5112463226131,186.8039519809292,2.1128455616814743,161.0
2.16,2.6038,0.0135,0.0135,-0.0009,114.4145068102118,139.28722568199697,283.01241673582206,129.55171662892792,110.20252685690168,87.79325806560216,187.15241722971075,2.0575001396142327,161.0
2.17,2.8586,0.0134,0.0134,-0.0016,115.79385935210873,140.96643747213236,293.417367906242,131.18762094210143,109.5996816069775,89.04087422439083,187.31960225054752,2.0008773090108734,161.0
2.18,3.1481,0.0133,0.0133,-0.0014,117.16320701493484,142.63346940948588,304.57276161139936,132.91635079406953,109.0288735364916,90.34568212172152,187.4888825549628,1.9426647942181845,161.0
2.19,3.3798,0.0133,0.0133,-0.0028,118.20667960374548,143.90378386542926,313.0816158127251,134.34287003493768,108.87634216599972,91.39054713689492,187.8047719931529,1.901101742519933,161.0
2.2,3.6191,0.0133,0.0133,-0.0032,119.1822588321553,145.09144553479777,321.5146357381404,135.74619616619702,108.75457433924086,92.41224024498294,188.11656991669855,1.8611643648774296,161.0
2.21,3.8006,0.0133,0.0133,-0.0033,119.87875104855212,145.9393491025852,327.7285998356784,136.80871537720327,108.71610388575944,93.18312543052556,188.40074681509213,1.8326806069204469,161.0
2.22,3.982,0.0139,0.0139,-0.0035,121.01654984497192,147.3244954634441,333.76690265038644,138.5424486711241,110.26436088639458,94.2733107432244,189.76658022780617,1.8136305875433232,161.0
2.23,4.1712,0.0143,0.0143,-0.0035,121.97213320800827,148.487814340184,339.8903151703944,140.03847409066665,111.2619414290498,95.24826029180468,190.74998045753523,1.7918266686541802,161.0
2.24,4.372,0.0149,0.0149,-0.0037,123.0748647018166,149.83027007177674,346.20317496988315,141.77264922202002,112.7393029567996,96.34278013288912,192.05594366810192,1.772042544018163,161.0
2.25,4.4762,0.0161,0.0161,-0.004,124.34697056140052,151.3789206834441,349.4851074421941,143.70350037584487,115.74868655636804,97.4141569324687,194.25223598535868,1.7728790264235128,161.0
2.26,4.4916,0.0168,0.0168,-0.0041,124.98206358394334,152.15207740653972,350.0971072301424,144.682256301343,117.57537277153446,97.9278893045298,195.55420772917796,1.7790897977418654,161.0
2.27,4.4569,0.0172,0.0172,-0.0038,125.25511376093291,152.48448631765748,349.2155699558956,145.12137874428402,118.72020084427672,98.13018295413144,196.3612729170236,1.7882698305008955,161.0
2.28,4.4067,0.0176,0.0176,-0.0035,125.47968414977552,152.75787635624846,347.8605796305395,145.48923619675554,119.8855433320364,98.27738765335712,197.15162375707584,1.7995134104557569,161.0
2.29,4.3565,0.0177,0.0177,-0.0007,125.4837530096966,152.762829750935,346.50747562305344,145.54219572694,120.32661874173056,98.28103007917356,197.49871586118556,1.8073594684916745,161.0
2.3,4.3411,0.0186,0.0186,-0.0016,126.14369503451562,153.56623743332335,346.1831375932585,146.56605645411085,122.6606667554155,98.75568496238613,198.99025984027045,1.819527543423454,161.0
2.31,4.2523,0.0198,0.0198,-0.0009,126.7692255580847,154.3277528533205,343.6122158666881,147.54805945962212,125.8081125414874,99.0939192101224,200.80377723949613,1.8447605969909688,161.0
2.32,4.2098,0.021,0.021,-0.0001,127.49130948710246,155.20681154951606,342.44733691861427,148.69900878089663,128.86673958954083,99.55460075760745,202.5518707933396,1.8632555446807575,161.0
2.33,4.2049,0.0217,0.0217,0.0003,127.98810092135184,155.8116011216457,342.4431663569685,149.513856323932,130.66458578792424,99.92858636468532,203.63684548039743,1.8710530597305228,161.0
2.34,4.2025,0.0223,0.0223,0.0003,128.42182177666703,156.33960911942074,342.51368022715525,150.23617257331583,132.21576883415702,100.26612868585802,204.58083962478457,1.877377487960361,161.0
2.35,4.2274,0.0223,0.0223,0.0005,128.5699233892255,156.5199067347093,343.4336265284456,150.51471522595384,132.31568772538063,100.4704977299438,204.81063284389936,1.8738541035525853,161.0
2.36,4.2523,0.0223,0.0223,0.0007,128.71705448465596,156.69902285088554,344.35084882447444,150.79243571914725,132.41543169332746,100.67427356518274,205.03969218341683,1.87035194192829,161.0
2.37,4.3681,0.0229,0.0229,0.0007,129.50753531168507,157.66134733596445,348.04888949628804,152.026793264256,133.72817975010278,101.40662728859456,206.0097925049037,1.8600964145373904,161.0
2.38,4.4299,0.0235,0.0235,-0.0005,130.1235724936815,158.41130564448187,350.0607280527304,153.01283319570146,135.13146943018037,101.94961134720924,206.94544067388264,1.8574357994205584,161.0
2.39,4.4415,0.0248,0.0248,-0.0007,130.99729859719048,159.47497220527538,350.5549542072542,154.40448791100584,138.20048511180607,102.56429542605024,208.6242855372144,1.8679391282871127,161.0
2.4,4.3295,0.0272,0.0272,-0.0008,132.0679975009579,160.77843174029655,347.294302744733,156.17450733594734,143.9443848912087,103.09386041783476,211.32788004395,1.904572815495363,161.0
2.41,4.1519,0.0284,0.0284,-0.0007,132.1787381538157,160.91324644812346,341.92277937131394,156.55902636730696,147.187912089425,102.96071136437996,212.6750180492316,1.9401232765339247,161.0
2.42,3.9627,0.029,0.029,-0.0005,131.86558981973252,160.5320223892396,336.0235631572336,156.34618033469116,149.18762935400795,102.56714351917324,213.4036865393244,1.9734530893125035,161.0
2.43,3.8469,0.029,0.029,-0.0001,131.48478284541255,160.06843129006748,332.3761987340321,155.96083646519943,149.68781252799894,102.24718733505856,213.57956763134584,1.9915040044559105,161.0
2.44,3.8044,0.0272,0.0272,0.001,130.4672404629773,158.82968404188537,331.11019148282014,154.42153705813388,145.94049503366216,101.65824846154216,212.01054218456375,1.982980467486076,161.0
2.45,3.8044,0.0255,0.0255,0.0035,129.6295927145121,157.80993895679737,331.26008519679266,153.11759901716312,142.2074409851703,101.23018682299742,210.4568742564368,1.967823796492151,161.0
2.46,3.7986,0.0218,0.0218,0.0035,127.5396446566928,155.2656543646695,331.20064208785584,149.84394654485249,133.6264660507796,100.01277209360208,206.42148404892237,1.9332701133703092,161.0
2.47,3.7929,0.0186,0.0186,0.0001,125.5258150901734,152.81403576195024,331.12216556950256,146.76048840387227,125.86504474450489,98.7936499748294,202.41055497518164,1.9001519082484344,161.0
2.48,3.7929,0.0157,0.0157,-0.0011,123.6754108470668,150.56136972686394,331.2470344374563,143.50364890406044,118.25499635439728,97.5229751643302,198.2016993681389,1.868482443089548,161.0
2.49,3.6654,0.0146,0.0146,-0.0079,122.43951511952484,149.05680101507372,327.034448644428,141.72038434557635,115.59875087784556,96.56861585966772,196.4891435454712,1.8748528911131088,161.0
2.5,3.3913,0.0143,0.0143,-0.0144,121.04840159305964,147.36327150459434,317.5450942650837,140.28345008399813,115.48807087349626,95.43567966134378,196.0455426172261,1.914184304371114,127.0
2.51,3.3913,0.0122,0.0122,-0.0172,119.56050079197657,145.55191400762365,317.6515633584729,137.56184272042228,109.41253686919772,94.29045202857716,192.23333253373625,1.8875042585284607,127.0
2.52,2.6655,0.0119,0.0119,-0.0207,115.759170037594,140.92420700228837,289.7907333250048,133.09776374337457,109.70037068004652,90.98916971106874,191.463484936128,2.021443288820614,127.0
2.53,2.6655,0.0116,0.0116,-0.0288,115.55909894969317,140.68064219962648,289.84032994121003,132.8134394343841,108.87539945705358,90.89656509554388,191.02031115174057,2.0170318391853588,127.0
2.54,2.3065,0.0116,0.0116,-0.0332,113.3926944385992,138.0432801861208,274.2936616687283,130.36101336777827,109.56757394445644,89.12035492444396,191.0064706464449,2.102842544446237,127.0
2.55,2.0208,0.0116,0.0116,-0.034,111.33316674799528,135.536029084516,260.8372128413932,128.19410519914706,110.28365223421312,87.53492545982799,191.00944043986055,2.1817602917757672,127.0
2.56,1.7969,0.0117,0.0117,-0.0337,109.52910659206329,133.339781938164,249.45661402130384,126.46672467873094,111.32989757027848,86.2222601269459,191.24588776851576,2.2540007528881376,127.0
2.57,1.6038,0.0119,0.0119,-0.0334,107.81028519479617,131.24730371540403,238.91112067739837,124.9757866219052,112.76964993553833,85.03373575818505,191.69555918600363,2.326217944871235,127.0
2.58,1.515,0.0127,0.0127,-0.0326,107.45042524254951,130.80921333875594,233.84692470725693,125.24053534231406,116.01270970730054,84.88739948646572,193.4323367074581,2.374476977917876,127.0
2.59,1.434,0.0148,0.0148,-0.0309,107.8906193050764,131.34510176270172,229.0768435430213,127.12446652058534,123.63411461281284,85.38664656095412,197.4317897309888,2.441310901767177,127.0
2.6,1.4439,0.0172,0.0172,-0.029,109.44702571017346,133.23985738629816,229.79183647859043,130.13211388296153,131.43903509601762,86.6368432297827,201.533517598857,2.4709808314748893,127.0
2.61,1.4537,0.0172,0.0172,-0.0267,109.63187779444172,133.4648947062769,230.5027835858182,130.37085844132378,131.5004548345627,86.81386965566733,201.73944202478336,2.4666773776181894,127.0
2.62,1.4745,0.0173,0.0173,-0.0233,110.01007072623776,133.9253034928112,231.8881951827912,130.84409442921933,131.80439343636684,87.12609642002401,202.108205890802,2.459020617619807,127.0
2.63,1.6038,0.0175,0.0175,-0.0178,111.7231136775754,136.01074708574396,239.62721517030056,132.5837511920571,131.76424531544438,88.36480211853504,202.73167922677348,2.4094381617142377,127.0
2.64,2.0092,0.0184,0.0184,-0.0151,116.32905980582484,141.61798585056937,261.3364142775409,137.49237273809115,132.52960452896102,91.75694180366844,204.59463318665613,2.2825031980195223,127.0
2.65,2.4609,0.0191,0.0191,-0.0119,120.29452875333824,146.4455132649335,282.5466058135289,141.9101843240886,132.84863927304428,94.86881515665908,206.09592014276635,2.1672544695987805,127.0
2.66,2.9628,0.0195,0.0195,-0.0382,123.60061138244367,150.47030950906188,303.2424662171402,145.77802757578755,132.49703076979435,97.7086307096308,207.13329138196465,2.0605077020465927,127.0
2.67,3.4879,0.0201,0.0201,-0.0422,126.88052500337368,154.46324783019406,322.883322054986,148.95498674611457,132.17584541256744,100.3881488693466,208.3999285761451,1.974717152663324,127.0
2.68,4.0129,0.0207,0.0207,-0.0463,129.89999636809748,158.13912601333607,340.7891025343939,151.43746314177508,131.68847619978925,102.79283288269144,209.61366665164283,1.9058539762353983,127.0
2.69,4.4685,0.021,0.021,-0.0464,132.09393186285882,160.81000400695856,355.2409225611353,153.21603382889148,130.93423656565278,104.63005463109748,210.37144382009305,1.8517230963757396,127.0
2.7,4.8893,0.0218,0.0218,-0.0464,134.0507619958794,163.19223199498364,367.8249547471276,155.59632702067975,131.93018886397311,106.43399437740878,211.73592833926196,1.8088367070632327,127.0
2.71,5.2561,0.0212,0.0212,-0.0397,135.06261900750667,164.42405792218204,378.3228396629186,155.94572086472948,129.50698655945172,107.41000171294976,211.27959645929812,1.7663860384408543,127.0
2.72,5.5842,0.0221,0.0221,-0.033,136.72564883391132,166.44861597171814,387.3632203721459,157.7556581611364,130.78963612439676,108.8365874007041,212.7179773665389,1.7427987013504551,127.0
2.73,5.8197,0.0231,0.0231,-0.0222,138.10744731775677,168.1308054303126,393.7270000649554,159.40316471600403,132.5025692115358,110.00097113123483,214.2094997161948,1.7297135257307004,127.0
2.74,5.9896,0.0224,0.0224,-0.013,138.28645296855208,168.34872535301994,398.2705528399755,159.15333116634312,130.59098112488215,110.28802284067729,213.59723872376605,1.709635716013465,127.0
2.75,6.1247,0.0236,0.0236,-0.007,139.45941669716123,169.7766811965441,401.8534126379984,160.74427044737794,132.97100567607126,111.23570773834098,215.28507120180024,1.7079624369892032,127.0
2.76,6.2907,0.0257,0.0257,-0.0052,141.18419812428792,171.8764151078288,406.1348914281508,163.22990045926667,137.15029526853908,112.57129168537584,217.92719632844745,1.7103136573900544,127.0
2.77,6.3293,0.0284,0.0284,-0.0022,142.84236263159087,173.89505016019757,407.245001827264,165.92004004842997,142.79272853116092,113.72287726897832,220.9879296701088,1.726850181510801,127.0
2.78,6.3602,0.0296,0.0296,-0.0026,143.65316672396284,174.88211601178085,408.1471197885291,167.1518238864505,145.25153908596798,114.30869838364696,222.39073743042988,1.7330989355524549,127.0
2.79,6.3641,0.0303,0.0303,-0.0026,144.13141104123392,175.46432648498043,408.3878589767395,167.86600768872052,146.73615857559813,114.65517379926943,223.2712553944732,1.738115890682575,127.0
2.8,6.3486,0.0318,0.0318,-0.0026,144.9455932281545,176.45550479949247,408.1521328761261,169.23206534458132,149.90398501423456,115.1900146757866,224.8775390279777,1.7498813892445513,127.0
2.81,6.348,0.0322,0.0322,-0.0026,145.2532466434325,176.8300393920048,408.28147007661846,169.6570951652068,150.77107347674246,115.42235563323702,225.44636164522043,1.7531761872070415,127.0
2.82,6.3549,0.0322,0.0322,-0.0016,145.38766053491182,176.99367369467527,408.5992913084028,169.75123412871812,150.80055576109646,115.55447487178223,225.6508883836389,1.7532597955309148,127.0
2.83,6.3617,0.0322,0.0322,-0.0005,145.52157353928555,177.15669822173894,408.9146675249093,169.8449428459203,150.83015402124792,115.6860594240185,225.8548538814731,1.7533487594246877,127.0
2.84,6.3901,0.032,0.032,0.0005,145.6149883122545,177.27042055404897,409.75877087367326,169.80950301498962,150.38871797329872,115.81394944082598,225.8809206978141,1.7503389749179985,127.0
2.85,6.4606,0.0313,0.0313,0.0001,145.56928272999446,177.21477897564543,411.6211780053087,169.42420375795746,148.8120881436444,115.89752587472316,225.4510633335994,1.7406180632509358,127.0
2.86,6.5996,0.0312,0.0312,0.0003,145.98399117953275,177.71964143595292,415.12678013636304,169.6955104380954,148.266639667208,116.33568407571622,225.59262064966623,1.7292041049779898,127.0
2.87,6.7502,0.031,0.031,-0.0003,146.3638491130353,178.18207718108644,418.86224479847766,169.90011317104447,147.5059739393325,116.76524828823288,225.6409079603759,1.7164721391028006,127.0
2.88,6.8235,0.0307,0.0307,-0.0022,146.498804649876,178.34637087810995,420.7303040972452,169.86359673740927,146.766065541664,116.9656816074764,225.57226318220307,1.709419449748208,127.0
2.89,6.9084,0.0307,0.0307,-0.0056,146.8078573958774,178.72260900367684,422.8524791643646,170.1101757697031,146.60294599642458,117.28710451803256,225.7908257000936,1.703487696795285,127.0
2.9,7.059,0.0293,0.0293,-0.0087,146.53388941028365,178.3890827603453,426.48307049028176,169.25538275084085,143.4984411616443,117.30958464779523,224.65699168047868,1.683465398924643,127.0
2.91,7.2675,0.0281,0.0281,-0.0121,146.61635151266992,178.4894714067286,431.385312454221,168.43188234809085,140.4498405411883,117.50656861058184,223.6818533583114,1.6626809811917167,127.0
2.92,7.4875,0.028,0.028,-0.0132,146.9694778127526,178.9193642937858,436.4729628524549,169.06361187192635,140.0773093530054,118.0899331116226,223.8217327027688,1.6449238998662037,127.0
2.93,7.7269,0.028,0.028,-0.0127,147.3869709029131,179.42761675137248,441.90554564557567,169.8170070624153,139.8858671514116,118.73914026545364,224.06759182765347,1.6269360472395282,127.0
2.94,7.9508,0.028,0.028,-0.014,148.0448010825239,180.22845349176825,446.900830946951,170.12556434822866,139.33188963130925,119.34154525050464,224.3082330056405,1.614065517406876,127.0
2.95,8.1748,0.0279,0.0279,-0.0145,148.48988448495126,180.77029415559284,451.82065224052536,170.53272337380577,138.802061953009,119.89751995688935,224.4427610589753,1.5992801013837217,127.0
2.96,8.167,0.0278,0.0278,-0.0148,148.53240948435925,180.82206372008952,451.8060025196175,170.51860145050486,138.6847015833731,119.95811832375024,224.5285877317758,1.59971271747472,127.0
2.97,8.1825,0.0263,0.0263,-0.0148,147.81898652727423,179.95354881581213,452.28446917266825,169.29477542621314,135.8381912950101,119.55177514697424,223.1088208322333,1.5892539543122268,127.0
2.98,8.2018,0.0254,0.0254,-0.0148,147.43855227909265,179.49041147019977,452.8424988711188,168.601524771969,134.13121633635862,119.35869561991028,222.2940207722425,1.582429489718033,127.0
2.99,8.2172,0.0248,0.0248,-0.0147,147.21967394737285,179.22395089245387,453.31794869263695,168.16825073186007,133.00730365567838,119.26530917496449,221.7952500563848,1.5778498743773874,127.0
3.0,8.2365,0.0238,0.0238,-0.014,146.76072919802712,178.66523554542434,453.8773205064667,167.36641443604475,131.09913076749402,119.0091541420832,220.80196461679424,1.5701358337344198,110.0
3.01,8.2751,0.0217,0.0217,-0.0045,145.63440462645235,177.29405780611592,454.8766826120928,165.5470156920115,127.01145407897684,118.28912378003228,218.35762714206825,1.5529276378503083,110.0
3.02,8.2095,0.0214,0.0214,-0.0022,145.44606689711455,177.06477709213948,453.6538223907451,165.21704921989476,126.55427638724888,118.12605551622468,218.13293664162524,1.5553436375154033,110.0
3.03,8.0589,0.0203,0.0203,-0.0018,144.59731181706138,176.03151003816168,450.6054860500649,163.92856324828014,124.5960436125525,117.40450323987535,216.79320506835643,1.5571311147773457,110.0
3.04,7.8852,0.0201,0.0201,-0.0016,144.2766234121879,175.64110676266353,447.0168536407173,163.4559904756522,124.43227832446418,117.04772655832272,216.65996747034976,1.5673687472478413,110.0
3.05,7.6034,0.0189,0.0189,-0.0014,143.0859322580995,174.19156970551242,440.9894773317063,161.73091760652576,122.3365160236742,115.94836709547316,215.05379325122377,1.5771594283712538,110.0
3.06,7.3563,0.017,0.017,-0.0012,141.4292171747712,172.1746991692867,435.6006655102439,159.28716655601383,118.67363666888434,114.49185668283243,212.23593351733743,1.5788839969118316,110.0
3.07,7.2945,0.0165,0.0165,-0.001,141.06232911166762,171.72805283159536,434.3401951517952,158.6931051209614,117.72607072748951,114.17336862780674,211.57524091395143,1.5794525643335449,110.0
3.08,7.2829,0.0154,0.0154,-0.0005,140.36126555178467,170.87458414999873,434.2181469628408,157.56632545903253,115.46908292185228,113.59807394176576,209.85621353385744,1.571226925635896,110.0
3.09,7.2714,0.0139,0.0139,-0.0011,139.34830974486133,169.64142055896164,434.0927804191308,155.98472790113885,112.36441456114572,112.71183124246184,207.2464729556248,1.5591884905954287,110.0
3.1,7.2571,0.0135,0.0135,-0.0018,139.12388703913797,169.36821030851578,433.902196498253,155.58765214157398,111.57983692530318,112.50814498324056,206.6271097106357,1.557091111954344,110.0
3.11,7.2512,0.0135,0.0135,-0.0018,139.21193951493882,169.47540462688204,433.9057263365647,155.65106240776507,111.6345600517689,112.59573421663728,206.79429667641904,1.5580383402610551,110.0
3.12,7.2516,0.0135,0.0135,-0.002,139.31241418874987,169.5977216210868,434.0519286853477,155.7302215671153,111.68730436517768,112.697161062106,206.96240765699272,1.5585572337242286,110.0
3.13,7.252,0.0135,0.0135,-0.002,139.41277350057328,169.71989817461096,434.19860745880857,155.80919214015455,111.73983790008558,112.79835708654088,207.13011695583543,1.5590726370231065,110.0
3.14,7.2868,0.0136,0.0136,-0.002,139.65636141967096,170.01643998916467,435.1307870406284,156.08629500692467,111.99312343203724,113.0455056863032,207.50367234621737,1.5581483069135078,110.0
3.15,7.2714,0.0139,0.0139,-0.002,139.9471316515316,170.370421140995,434.91613181407695,156.4529567638753,112.6813040965514,113.31603830663268,208.2572949343412,1.5624619378984923,110.0
3.16,7.2771,0.014,0.014,-0.0018,140.13182437380064,170.59526445506165,435.18374330440656,156.65423053232507,112.94218646082,113.49623640124744,208.6198955784916,1.563514623119063,110.0
3.17,7.2829,0.0144,0.0144,-0.0015,140.53740086981247,171.08900975455433,435.4537024205511,157.18235292317922,113.83467271727253,113.87495298796004,209.5539854077315,1.567257266478896,110.0
3.18,7.3138,0.0143,0.0143,-0.0011,140.6246707911111,171.1952513978744,436.2963230647677,157.22902812588478,113.66423558210272,113.97826900069012,209.53769415271265,1.5647737791038112,110.0
3.19,7.3177,0.0144,0.0144,-0.0007,140.8050798822892,171.41487985669988,436.5225788361139,157.4243980081639,113.9246779519341,114.15256178819092,209.89509716972097,1.5659376399172786,110.0
3.2,7.3293,0.0146,0.0146,-0.0009,141.07359961807808,171.74177344809507,436.921286639466,157.7468960314355,114.39188548639513,114.4088983528075,210.4408433904927,1.567472543772598,110.0
3.21,7.3138,0.0146,0.0146,-0.0011,141.1416936055951,171.82467047637664,436.702085840628,157.78367147492455,114.44971372213762,114.47327624694138,210.60372997622255,1.5690786058773414,110.0
3.22,7.2868,0.0146,0.0146,-0.0007,141.18683834798904,171.87962929320406,436.22156559577417,157.7909470819887,114.51197603018709,114.51130096422528,210.76375862017528,1.5714735054165456,110.0
3.23,7.2405,0.0157,0.0157,-0.0016,141.99254841959635,172.86049372820423,435.2903360994957,158.93565582204792,116.90777643226856,115.19734443242632,212.92038152553923,1.5850290273514724,110.0
3.24,7.2327,0.0162,0.0162,-0.0021,142.43404520081523,173.39796807055768,435.2421315277175,159.52563172077024,118.01997898122914,115.57884418192724,213.95548185342705,1.5905168012496715,110.0
3.25,7.2636,0.0177,0.0177,-0.0021,143.64889327381877,174.8769135507359,436.08457480113134,161.25739640208374,121.20666983168478,116.60282030283209,216.60840008159843,1.6017647523835885,110.0
3.26,7.198,0.0197,0.0197,-0.002,144.8731429284022,176.36730443457657,434.708427707986,163.35374069714723,125.62053288910596,117.59030529056818,219.8000491801,1.6224250713307389,110.0
3.27,7.1092,0.0212,0.0212,-0.0018,145.92891147301629,177.65258788019375,432.7839221319681,164.51690545908318,128.71728462275587,118.19800874469578,222.05853596128588,1.6435223755477135,110.0
3.28,6.9393,0.0236,0.0236,-0.0014,147.09733189055206,179.07501273632425,428.93460664976095,166.61335900283913,134.0681804365541,118.94108703772292,225.30982702934497,1.6747154181611084,110.0
3.29,6.6575,0.0286,0.0286,-0.0011,149.40269811809898,181.88154553507704,422.32365428255497,170.64194408200612,144.88602170261035,120.23571009428213,231.1162086980092,1.7336573679011065,110.0
3.3,6.2714,0.0308,0.0308,-0.0009,149.6639753997908,182.1996222258323,412.9190774654773,171.72754336937678,150.328514499908,120.042462562985,233.42957141504613,1.7817764383288095,110.0
3.31,5.8583,0.0311,0.0311,0.0003,148.73507110236682,181.068782211577,402.43587802899935,171.0346469209062,152.13496377379383,119.06612755887764,233.7849760876429,1.8218805178775328,110.0
3.32,5.3912,0.0312,0.0312,0.001,147.3867658498749,179.42736712158683,389.98302944821467,169.95982785719403,153.83582867553653,117.78005300399175,233.9172556422694,1.8690885710660168,110.0
3.33,4.9086,0.0308,0.0308,0.0014,145.5378704878062,177.1765379851554,376.374456230524,168.30833979042984,154.70147843858712,116.17292656169334,233.54083367822915,1.9190090626385432,110.0
3.34,4.3797,0.0304,0.0304,0.0012,143.40240242782943,174.57683773822714,360.44137319627066,166.06494558761722,155.5670681604258,114.25253281524918,233.12447207674293,1.9829247899569244,110.0
3.35,3.8739,0.0297,0.0297,0.0013,140.72553665867008,171.3180446279462,344.03771669391256,163.71436366773318,156.23550531275126,112.12757639028158,232.38427038155447,2.0475644886769904,110.0
3.36,3.4145,0.0259,0.0259,0.0014,136.45105010460696,166.11432186647806,327.940325304374,158.4199292147174,149.4273401386385,108.95398705045037,228.24390162399163,2.089845426179841,110.0
3.37,2.6964,0.0239,0.0239,0.0014,130.66716680406023,159.07307263102987,299.7468911221994,153.1664423764658,148.30293428606103,104.6981247493897,225.6470454649413,2.20659211341469,110.0
3.38,2.3644,0.0224,0.0224,0.0022,127.24865003827507,154.9114000465958,285.1654036149045,149.84320502669368,146.42034294815434,102.2687783462173,223.70384975212104,2.267895969534461,110.0
3.39,2.0517,0.0199,0.0199,0.0037,123.08128278022322,149.83808338461958,270.21997608600407,145.2125025015348,141.475360401346,99.30303912099076,220.22206037766887,2.3240413356607856,110.0
3.4,1.7428,0.0187,0.0187,0.0064,119.0989824148734,144.99006554854154,253.99902099744364,141.6859129246893,140.33729818412235,96.57650010195093,218.34767012479944,2.404551676395826,110.0
3.41,1.5575,0.0179,0.0179,0.009,116.39532687252544,141.6986588013353,243.43083983855257,139.28570931812436,139.50959573901113,94.7588937370947,217.0908279280082,2.4603400304712992,110.0
3.42,1.3876,0.0169,0.0169,0.0134,113.53449482997618,138.21590674953623,233.0563900419147,136.58487127682395,137.92543867367917,92.82773096507508,215.4499450188623,2.5151267834595825,110.0
3.43,1.2448,0.0158,0.0158,0.0168,110.77341470052151,134.85459180933057,223.7125655343136,133.8069017148737,135.6942687532209,90.95204452205022,213.559219997232,2.5642140056225777,110.0
3.44,1.1367,0.0125,0.0125,0.0246,107.14068141789222,130.43213390004271,216.27191446201107,128.0239390771994,124.41679636508032,88.11251651240654,207.16630612505384,2.568631130361505,110.0
3.45,1.0672,0.0101,0.0101,0.0294,104.39790704574553,127.09310422960324,211.27273083366092,123.37379950155804,115.15759288127376,85.85342058145417,201.55741697743457,2.56352875461224,110.0
3.46,0.9745,0.0102,0.0102,0.0336,102.758614857749,125.09744417465096,204.22543442792,122.42856079084028,116.57779295097424,84.87492004863496,201.82781399633848,2.618042309767922,110.0
3.47,0.8819,0.0103,0.0103,0.0378,100.95011650657038,122.89579400799872,196.75770338608265,121.38628204850474,118.15603913100698,83.79831615318832,202.08219703378896,2.678145985289215,110.0
3.48,0.8124,0.0106,0.0106,0.0418,99.62472022761754,121.28226810318658,190.85597791064475,120.91417680102418,120.49389556681024,83.07763165974674,202.86230882176127,2.732163975220409,110.0
3.49,0.712,0.0127,0.0127,0.044,98.31701630090316,119.690280714143,181.66322204597017,122.74485531314544,131.76129206415584,82.81254271493583,207.6334996872456,2.847688411971303,110.0
3.5,0.6541,0.0149,0.0149,0.0482,97.96357322233364,119.26000218371053,176.07139395580649,124.46424208212564,141.9348769024931,82.9651985929061,212.01127227164636,2.938617529052016,191.0
3.51,0.6795,0.0231,0.0231,0.0496,102.05448514762348,124.2402427884112,178.69409402327767,133.99824745734202,171.75949969416308,86.58213248403038,224.6726538592905,3.0221425152240147,191.0
3.52,0.7048,0.0362,0.0362,0.0553,106.5597154372139,129.72487096704302,181.32897285078383,145.20690634550112,211.75091115105735,90.41718540200354,238.42009191264083,3.1163716826912085,191.0
3.53,0.7647,0.053,0.053,0.0598,111.78237147268156,136.08288701022104,187.1171008822095,156.95537505724133,254.18709914127825,94.5010872731756,250.86521894074463,3.169079765378401,191.0
3.54,0.8857,0.063,0.063,0.0638,116.87708403260228,142.28514577882018,197.88521545318108,164.90972140383164,273.8767606948448,97.99304935608528,257.028790931369,3.1230319264337294,191.0
3.55,1.7081,0.0723,0.0723,0.0701,134.80200648844504,164.10679050767226,253.8192973163717,180.9771025861015,272.15396282810553,109.03644865660584,263.1334777807368,2.753698308053873,191.0
3.56,3.7658,0.0827,0.0827,0.0735,157.8030948022702,192.1081154114594,342.8691852253956,197.79414733551903,260.36690802180976,123.65091200138848,269.5340672329303,2.32717450128999,191.0
3.57,6.7386,0.0865,0.0865,0.0692,173.04261932898228,210.6605800526741,428.0500020283975,208.8242144329807,244.99216230327923,135.0659748801742,272.47604299663624,2.0018911249336258,191.0
3.58,9.1361,0.0919,0.0919,0.0549,180.8563072083388,220.1728957318907,480.8146821583983,216.63986567917763,242.51308310904147,141.93910206716876,275.4436773717513,1.8416401893010668,191.0
3.59,12.2401,0.0995,0.0995,0.0461,188.26033741586616,229.1864977236632,537.7126274770532,225.0512868575833,242.43387454246104,149.14010019218614,279.1034855423555,1.6951603071010228,191.0
3.6,13.6222,0.1072,0.1072,0.0322,192.1070576379387,233.8694614722732,560.2401669024589,230.346880123179,248.53645789111533,152.51329000148908,282.24290915466526,1.6542656899359296,191.0
3.61,14.5951,0.1106,0.1106,-0.0068,194.0652428994237,236.25333918190717,575.239872422038,233.1285027846085,250.40820778096293,154.55473665489328,283.7346505085993,1.623289528743196,191.0
3.62,15.9193,0.1127,0.1127,-0.0123,195.90144214799383,238.4887121801664,594.7933437691729,235.51804420720092,249.6560554364189,156.86481509802388,284.81140105014657,1.5790373448251458,191.0
3.63,16.9617,0.1154,0.1154,-0.0201,197.47819569694843,240.4082382397633,609.5285506430841,237.8345890495352,250.58264235164012,158.7371348872787,286.0230016988341,1.5492852920535585,191.0
3.64,17.3941,0.1151,0.1151,-0.0425,197.75368524405891,240.7436168188544,615.5295452768846,238.20147153010748,249.318910189448,159.40103689486017,286.1786114059562,1.534414655327582,191.0
3.65,17.6026,0.1148,0.1148,-0.0606,197.88180385783127,240.89958730518592,618.4607444588778,238.3337828061809,248.5541356046932,159.76199613140065,286.3054162942389,1.5271566400409933,191.0
3.66,17.7802,0.1135,0.1135,-0.0724,197.7011492021324,240.67965989824813,620.9768000952827,238.0087138509708,246.6657935427574,159.96357357445166,286.1010575622778,1.5185227133980763,191.0
3.67,17.425,0.1013,0.1013,-0.076,193.95992812750555,236.1251298943546,616.3618633215347,232.3345728368668,232.64840646907783,158.12096426702283,282.0552424412674,1.4995760633406814,191.0
3.68,16.1934,0.0814,0.0814,-0.0791,186.82375088292952,227.4376097705229,599.4809353844129,221.55649134881207,209.89929523674635,153.7623544825036,274.18868436087325,1.4851277474374385,191.0
3.69,15.6143,0.077,0.077,-0.0838,185.0213565302332,225.2433905585448,591.3373474086766,218.698277961138,205.20185655597123,152.3691784002091,272.32862103191064,1.4922935758554634,191.0
3.7,14.985,0.0724,0.0724,-0.0861,183.04441560070768,222.83667986173108,582.2573632284902,215.5837510485329,200.20798093556851,150.8102204902197,270.2593109346344,1.5008261506068514,191.0
3.71,14.5295,0.0691,0.0691,-0.0861,181.59541893775156,221.0726839242193,575.5780582495612,213.29009392298565,196.5558474831758,149.67337240592155,268.7473284010827,1.5072981757525978,191.0
3.72,14.0778,0.0624,0.0624,-0.0861,178.74103444099015,217.59778105859672,568.8195285022439,208.996142043268,188.05548972601704,147.84889776408335,265.3262832134887,1.5012154584901911,191.0
3.73,13.9924,0.0457,0.0457,-0.0861,171.3102721061145,208.55163560744376,567.6482170195707,198.59018821783732,164.09485338647383,144.05701162435872,254.95926485659135,1.436184177031095,191.0
3.74,13.9855,0.0389,0.0389,-0.085,167.90107093855153,204.40130375128007,567.6948426741225,193.9802530258229,153.96704172362706,142.23929038355558,249.84331644033932,1.4046554677863357,191.0
3.75,13.993,0.0382,0.0382,-0.0755,167.60684924258834,204.04312081706408,567.9893929110588,193.54204829342325,152.9314376572106,142.14151325311505,249.42365758561155,1.4010437175532393,191.0
3.76,14.0006,0.0379,0.0379,-0.0732,167.52532718890754,203.9438765778005,568.2639205997185,193.3832743152348,152.5004240608003,142.1648449186625,249.33707629180296,1.3994411576861487,191.0
3.77,14.5951,0.038,0.038,-0.0711,167.91314597243678,204.4160037925317,577.5300981770209,194.3038125599102,152.1505992041999,143.15567717865554,249.66698511882947,1.3774122421349684,191.0
3.78,14.6414,0.0382,0.0382,-0.0692,168.116728192433,204.66384301687492,578.3870358868887,194.55002270730805,152.43799577558744,143.38895434614815,250.01077665066228,1.3768403042204092,191.0
3.79,14.4059,0.0397,0.0397,-0.068,168.90433412427583,205.6226676295532,574.966060840584,195.32582176137797,154.9110154280058,143.61802576382334,251.40356990958796,1.393166925876986,191.0
3.8,14.1396,0.0413,0.0413,-0.0642,169.70489563525896,206.5972642516196,571.0389449955776,196.11781738113527,157.5883847846791,143.80846906995706,252.83182923171307,1.4112452598164116,191.0
3.81,13.7458,0.0506,0.0506,-0.046,174.14386339502542,212.00122500263964,565.1065675962407,201.79169093897372,171.85677297340095,145.76590124047686,259.71426222766416,1.4689719336868077,191.0
3.82,13.4562,0.0509,0.0509,-0.0279,174.18362017943232,212.04962456626544,560.7259124163089,201.642232109218,172.73004584083785,145.49693485339353,260.0453689165713,1.482269453337103,191.0
3.83,13.0489,0.0508,0.0508,-0.0226,173.9414521840831,211.75481135453597,554.338012009553,201.06533642880748,173.20478525891687,144.9360470538809,260.09174875691025,1.4992687477878508,191.0
3.84,12.6416,0.0507,0.0507,-0.0277,173.66993929653586,211.4242739262176,547.7866472748924,200.4698211019004,173.70477866306803,144.35673752657237,260.13568075134043,1.516920483999134,191.0
3.85,12.6262,0.0504,0.0504,-0.0287,173.60037268893885,211.339584143056,547.6693767171059,200.29538426498328,173.30567388644198,144.36466386680013,260.1038061918937,1.5165288039734917,191.0
3.86,12.4524,0.0493,0.0493,-0.029,173.03788820859992,210.6548204278608,544.9149720667664,199.3762706283788,171.94214705637182,143.91691106951396,259.50236229580565,1.5197117178256192,191.0
3.87,11.6455,0.0467,0.0467,-0.0289,171.20767465044818,208.42673435706735,531.2768650948897,196.5019030934093,169.23982324296313,141.99777667676216,257.7219414428669,1.5457944510821984,191.0
3.88,11.2903,0.0452,0.0452,-0.0288,170.2343024086608,207.24175945402183,525.1589384496604,194.9753089081295,167.48046397953237,141.08444114670954,256.73920914489537,1.5563715710876254,191.0
3.89,10.5722,0.0439,0.0439,-0.0157,168.92152547082756,205.6435962253553,512.3098642085963,192.9545500017622,166.6072528484791,139.51733780212018,255.8092332172763,1.5870763575259113,191.0
3.9,10.3947,0.0446,0.0446,-0.018,169.11561014129458,205.87987321548908,509.12722901199294,193.17142580554824,168.07059381526184,139.4599480973028,256.4702771546313,1.6002459066688797,191.0
3.91,10.2055,0.0342,0.0342,-0.0175,163.72407731538553,199.31626803612156,505.6959657044918,185.3137592202132,151.12457925698928,136.15677798139416,247.8958421196631,1.5561851346430835,191.0
3.92,10.0704,0.031,0.031,-0.0171,161.85519886324244,197.0411116595995,503.2560303027339,182.58591892789755,145.8161709039041,134.88793250986888,244.88416113772672,1.5450748392493194,191.0
3.93,9.8928,0.0286,0.0286,-0.0155,160.3202535021023,195.1724825242985,499.9778513693026,180.3311594198482,141.83854571847633,133.74061063034046,242.456603659477,1.5402942765540324,191.0
3.94,9.6495,0.0236,0.0236,-0.0123,157.0032933582612,191.134444088318,495.3796155497778,175.61195604009632,133.138905318458,131.2460258065895,236.58336004604112,1.521147548355293,191.0
3.95,9.5569,0.019,0.019,-0.0123,153.87664576107343,187.3280904917416,493.68166852186783,171.2828868461934,124.82321335813596,128.8172484911626,230.1394839025872,1.4936776430596788,191.0
3.96,9.4604,0.0177,0.0177,-0.0121,152.91201604962788,186.1537586691122,491.89485903320303,169.8864471843054,122.48937461601714,127.96459712793404,228.157575065925,1.489435282434009,191.0
3.97,9.4256,0.0163,0.0163,-0.012,151.93648668291706,184.9661577009425,491.3257403975955,168.51706217013492,119.952528952246,127.11407803051166,225.86452719858417,1.4808735047707011,191.0
3.98,9.3639,0.0162,0.0162,-0.0119,151.84961125442808,184.86039630973852,490.21680874232777,168.3088569318762,119.79418728778096,127.0178735274158,225.8166210244378,1.483652906480694,191.0
3.99,9.2403,0.0161,0.0161,-0.0118,151.67804777206527,184.65153641816644,487.85582012050673,167.95300484916245,119.63859024297392,126.7983581197858,225.75601938328364,1.489859783136558,191.0
4.0,9.1863,0.0161,0.0161,-0.0117,151.670087602585,184.64184577706,486.8855198306948,167.8551396153431,119.6627233479444,126.77957693595116,225.8892366052677,1.493052044002877,178.0
4.01,9.1631,0.0161,0.0161,-0.0117,151.7036448869964,184.6826981233,486.5355729084448,167.8299793486456,119.68479063365552,126.8214211895236,226.02774878452823,1.4945436969822885,178.0
4.02,9.0125,0.0157,0.0157,-0.0114,151.26794878113407,184.15228547268492,483.5849222927846,167.11235181979382,118.9696637586529,126.34267183506348,225.40407161169884,1.5000601744091,178.0
4.03,8.8542,0.0152,0.0152,-0.0111,150.73782645202414,183.5069191589859,480.4410131742737,166.26708931929574,118.05636687703684,125.76944568611214,224.56936115895107,1.5052998233995138,178.0
4.04,8.6998,0.0143,0.0143,-0.0113,149.90474520220036,182.49273328963525,477.33876035839614,165.02251116886148,116.37268671257186,124.9033447332224,222.90524839492204,1.5071212494318973,178.0
4.05,8.4141,0.0129,0.0129,-0.0106,148.46470023369537,180.7396350671074,471.4054666735453,162.90672090270323,113.69136657123612,123.33046523768772,220.0227534834156,1.5124637667125196,178.0
4.06,8.3562,0.0116,0.0116,-0.0104,147.44957104204764,179.50382561640583,470.27897812133074,161.47613591464295,111.24745753406454,122.21016892150254,217.129706749301,1.5051176567709743,178.0
4.07,8.1748,0.0123,0.0123,-0.0104,147.7279838734718,179.84276297640045,466.4653175798794,161.69848571876415,112.51375998108932,122.502203509058,218.8906123671248,1.5221336718827163,178.0
4.08,8.0435,0.0114,0.0114,-0.0103,146.86855622091036,178.7965032254561,463.7013442334817,160.43682710718107,110.75957574140888,121.5314111039244,216.8476404219018,1.5225635397147297,178.0
4.09,7.8698,0.0114,0.0114,-0.0102,146.6082883560579,178.47965538998355,459.961235812672,159.95742894149257,110.69808002140525,121.23242082728495,216.946932755479,1.5335336727994209,178.0
4.1,7.808,0.0115,0.0115,-0.0105,146.6301009998887,178.506209912908,458.6873524283124,159.9056165467369,110.88371105449718,121.26497673909986,217.31494033569552,1.538525288733526,178.0
4.11,7.7706,0.0116,0.0116,-0.0107,146.69777659536012,178.58859759435146,457.9561782813034,159.9257245323938,111.08210228562646,121.35042965461044,217.68606987482104,1.5420016214203474,178.0
4.12,7.7586,0.0118,0.0118,-0.0107,146.89168518055268,178.8246602198033,457.79594772726006,160.12530107084478,111.489091147762,121.57779424188496,218.30204741403165,1.544760476795452,178.0
4.13,7.7833,0.0127,0.0127,-0.0107,147.69856831315823,179.8069527290622,458.4622999092804,161.1645709717629,113.3012847243482,122.46027465056592,220.5383972817567,1.55141720015584,178.0
4.14,7.808,0.013,0.013,-0.0106,148.0386505737719,180.22096591589624,459.1280151938992,161.57468765998036,113.92264214946896,122.8363626602024,221.34936073945303,1.552688788295848,178.0
4.15,8.0512,0.013,0.013,-0.0105,148.54205192595032,180.8338023446352,464.6519407156166,162.28242570929268,113.98230050900092,123.46288490081956,221.5347850838636,1.5374010645205518,178.0
4.16,8.2906,0.0131,0.0131,-0.0104,149.09514700503075,181.5071354843853,469.9956990893105,163.07014149546626,114.24412346879907,124.14683868027946,221.93876887400825,1.523707455743074,178.0
4.17,8.4141,0.013,0.013,-0.0104,149.28804854661013,181.7419721436993,472.7709534517098,163.33256764157974,114.1008388300565,124.41537385348693,221.8767878379369,1.5156312305890638,178.0
4.18,8.4875,0.0129,0.0129,-0.0103,149.39524793553983,181.8724757476137,474.45543520469175,163.4589950530543,113.94998854894784,124.57418789535912,221.80278118371703,1.5106344111603476,178.0
4.19,8.391,0.0127,0.0127,-0.0102,149.145857066022,181.56886947167897,472.49918195434526,163.0234978585497,113.5619552869647,124.29057754441185,221.46780865271,1.5148639152989218,178.0
4.2,8.2327,0.0123,0.0123,-0.0099,148.63310035443624,180.9446439097485,469.185171315968,162.20921727679783,112.7681658530308,123.7033154968218,220.6502903746565,1.5211599808347387,178.0
4.21,8.086,0.0123,0.0123,-0.0096,148.4362818307722,180.70503875050528,466.0839416330932,161.82250432986788,112.73659672195149,123.46504755718924,220.7537144256376,1.5303293798916446,178.0
4.22,7.9547,0.0123,0.0123,-0.0098,148.26013827532626,180.49060311778848,463.2855353027324,161.4748478259096,112.71290127174048,123.25559332145758,220.85950076826515,1.538722876931908,178.0
4.23,7.862,0.0123,0.0123,-0.0098,148.15002568169626,180.35655300380412,461.32328297682153,161.2346858935239,112.70290009735638,123.12870932351991,220.9726262762177,1.5447999513105597,178.0
4.24,7.8447,0.0122,0.0122,-0.0097,148.1008403953443,180.29667526389744,461.0433406134871,161.10665744308952,112.5179682081154,123.087057608538,220.8665564114957,1.5452142201576595,178.0
4.25,7.836,0.0118,0.0118,-0.0096,147.8339174396233,179.97172557867185,460.95582365308815,160.6915190353573,111.74583708016924,122.80774296284994,220.04074892004544,1.5424066096482716,178.0
4.26,7.8273,0.0116,0.0116,-0.0096,147.72206946435614,179.83556282617272,460.8674270889392,160.48405420628328,111.3682175986752,122.6941425004432,219.68107810109024,1.5413763349938483,178.0
4.27,7.835,0.0116,0.0116,-0.0094,147.79688804987302,179.92664632158454,461.14848761832536,160.53237635246344,111.38860556214765,122.79152737570504,219.8130311078859,1.5410809727587464,178.0
4.28,7.7848,0.0116,0.0116,-0.0092,147.76137951655082,179.88341854188795,460.12471291489936,160.40948983899392,111.3849836577034,122.75772691572804,219.93269640573388,1.544476570276459,178.0
4.29,7.7076,0.0116,0.0116,-0.0089,147.67256678297002,179.77529869231134,458.4831137056023,160.20550983966484,111.37087028441164,122.66123232474372,220.0463609639246,1.5496402490556198,178.0
4.3,7.5184,0.0117,0.0117,-0.0086,147.4373434852704,179.48893989511177,454.2559066743895,159.76890403853483,111.51709393204224,122.3893256186454,220.38131232118664,1.5631793455056984,178.0
4.31,7.0899,0.0117,0.0117,-0.0083,146.59848093757418,178.46771592400336,444.2876270458439,158.47909570791077,111.40306151135744,121.43786028847036,220.4151305239363,1.592918357542685,178.0
4.32,6.8235,0.0119,0.0119,-0.0081,146.17745823007863,177.9551665409653,437.9349136313779,157.93358651894513,111.82396672574724,121.01793516413034,220.96826290651111,1.6139557311810948,178.0
4.33,6.4722,0.0128,0.0128,-0.0082,146.17042522070068,177.9466046165052,429.2769308210652,157.8041846180684,113.76451252264744,120.90697719388396,223.115773014823,1.6507347020911165,178.0
4.34,6.1363,0.0136,0.0136,-0.0081,146.01035198362487,177.7517328496303,420.7203674079919,157.65278350040234,115.65903628816956,120.66525785221728,224.92370245190375,1.6867307350551954,178.0
4.35,5.8274,0.0149,0.0149,-0.008,146.2361325992416,178.02659620777243,412.5930375837563,158.1455684282402,118.8292188593389,120.75932371408412,227.6545140023776,1.7272812095925905,178.0
4.36,5.507,0.0175,0.0175,-0.0079,147.26574612595508,179.28003876203226,403.8655876186117,160.00782472451377,125.19790232395056,121.4671931789862,232.5024614839416,1.7832322194584866,178.0
4.37,5.1788,0.0207,0.0207,-0.0078,148.41477488923883,180.67885638689944,394.58362998974025,162.32710405546305,133.11777710856865,122.16483063143826,237.66377960822197,1.8464363004959212,178.0
4.38,4.8314,0.0216,0.0216,-0.0078,147.76933952461957,179.8931089864934,384.338841422442,162.06617459115236,135.912863480599,121.45455254937718,238.99776144465105,1.8931666147752533,178.0
4.39,4.4994,0.0223,0.0223,-0.0075,146.90516822784258,178.84107436433013,374.1104573782951,161.5868496299342,138.35160622479293,120.6108911292854,240.0027706252341,1.9393410717012007,178.0
4.4,4.0785,0.0228,0.0228,-0.0078,145.32991905169686,176.92337971510923,360.4093518837144,160.47521572841578,140.72974105561025,119.21154775416694,240.65922628760435,1.999258294414641,178.0
4.41,3.7581,0.0231,0.0231,-0.0078,144.0151972240924,175.32284879454727,349.3938369487087,159.2655400908748,142.296185880415,118.0176560989717,241.06104871435576,2.050230177142786,178.0
4.42,3.4493,0.0247,0.0247,-0.0077,143.16394528765892,174.28654208932392,338.20732252853986,159.46373410917263,147.36776534695755,117.29306106309464,243.15399122602813,2.1133888378630026,178.0
4.43,3.1134,0.0267,0.0267,-0.0076,142.02767417093725,172.90325551244536,325.2940340271275,159.74591454627551,153.80589403720035,116.39767947515536,245.5818691689757,2.189428074288379,178.0
4.44,2.8045,0.0265,0.0265,-0.0073,139.68454452280938,170.0507498538549,312.6316751448845,157.9347086684463,154.99803323382213,114.6597208804164,245.2922013384812,2.248723639388864,178.0
4.45,2.4802,0.0264,0.0264,-0.0073,136.9365573431091,166.70537415682847,298.354169623787,155.9565759996368,156.7895275727563,112.6837048058691,245.08828354516095,2.3198964179871115,178.0
4.46,2.2138,0.0261,0.0261,-0.0058,134.27548153083924,163.4658036027608,285.75100207725035,153.9590696084808,157.95106239480685,110.8189428725517,244.65763013931664,2.384256002030141,178.0
4.47,1.8934,0.0254,0.0254,-0.0043,130.4400301160121,158.7965584021017,269.2519034430236,150.96576269614422,158.79957235201618,108.17512721365377,243.650628215943,2.470669345437046,178.0
4.48,1.5498,0.0248,0.0248,-0.0001,125.6336232894299,152.9452805262625,249.51872501310265,147.46750856013594,160.72181601016277,104.95721418051896,242.67210163775465,2.584592073871248,178.0
4.49,1.2371,0.0248,0.0248,0.0157,120.54342921971178,146.74852252834478,229.19963836361865,144.27801702946857,164.97673725404857,101.66889127942665,242.4044530838637,2.7195604483006584,178.0
4.5,1.0981,0.0241,0.0241,0.0359,117.68280828743676,143.2660274803578,219.36327442749032,141.96501738173143,165.10737661933413,99.76328675140309,241.4268049354459,2.783798835545742,53.0
4.51,1.0247,0.0234,0.0234,0.0437,115.9382282870156,141.14219095810597,213.84230871913687,140.3254865878215,164.22809968806038,98.59383231088933,240.5154048196889,2.8187353563076507,53.0
4.52,0.9938,0.0233,0.0233,0.0543,115.3069979177881,140.37373659556812,211.58441134770771,139.82766774405408,164.46503126995074,98.18562393123943,240.4617822579752,2.8356885160622944,53.0
4.53,0.9282,0.0233,0.0233,0.0652,113.87897315857236,138.63527167130547,206.4123403440209,138.92055602449992,165.7876563251198,97.28458930823716,240.47471451585125,2.876653659228729,53.0
4.54,0.878,0.0233,0.0233,0.0711,112.6740877780376,137.16845468630663,202.273929444802,138.321697452648,167.1207722914139,96.56796996521513,240.50993189217175,2.909191466594221,53.0
4.55,0.8664,0.0232,0.0232,0.0766,112.43245706031642,136.87429555168956,201.399605318988,138.01039828680217,166.9586415980545,96.40775058918416,240.485664701966,2.9164890785693065,53.0
4.56,0.8568,0.0229,0.0229,0.0787,112.1445237730171,136.52376807149906,200.6370667094244,137.5345965633027,166.1287981446162,96.20796671105283,240.1926874015188,2.9206837761514737,53.0
4.57,0.8541,0.0188,0.0188,0.0848,110.57369172176791,134.6114507917175,200.5449969613842,133.01849197517103,151.88916044734907,94.66008368347354,234.2352426962636,2.8772035832619403,53.0
4.58,0.8548,0.0155,0.0155,0.0888,109.14415605664496,132.8711465037417,200.7168890742633,129.01505309927515,139.64581971359354,93.22329450067484,228.55863806359488,2.8335415105981863,53.0
4.59,0.8556,0.0152,0.0152,0.0935,109.07988764930344,132.79290670349985,200.9090950708132,128.64937341012168,138.45889649502124,93.14118502613546,228.10606623536148,2.8284944067992206,53.0
4.6,0.8703,0.0154,0.0154,0.0977,109.59944271305692,133.4254085202432,202.3071733558858,129.1516594172587,138.95654965958266,93.52787211498988,228.6486971058459,2.820856731870258,53.0
4.61,1.1637,0.0155,0.0155,0.1009,115.85212878911828,141.03737417805704,225.6897444557517,133.2703315786656,135.2205988207127,97.63495269049092,229.45970660686535,2.648030216545818,53.0
4.62,1.7737,0.0168,0.0168,0.1038,125.72499146038074,153.0565113430722,264.636424522534,140.96376296631354,134.20723280785086,104.50274696955776,232.72663767643323,2.418001001243532,53.0
4.63,2.7659,0.0191,0.0191,0.1063,136.6743651224055,166.3861836272763,313.20193122366595,150.47503232323177,135.73355267775733,112.66773413579436,237.55034953831097,2.1889351019211523,53.0
4.64,3.8855,0.0214,0.0214,0.1076,145.02397125696586,176.5509215302193,356.4248447791248,158.68074475822422,138.03278854549575,119.51282722751246,241.82684071676783,2.017401788917254,53.0
4.65,4.8159,0.0234,0.0234,0.1047,150.47753221214555,183.1900392147859,386.8012393241903,164.3474581202894,140.32658418445678,124.25681413202528,245.1744598458739,1.914592494423008,53.0
4.66,5.395,0.0251,0.0251,0.0281,153.61356973492866,187.00782402513056,403.5509637795107,167.92222495950776,142.83373120883795,127.11851049103775,247.76257890565407,1.8663905531778644,53.0
4.67,5.785,0.0266,0.0266,0.0196,155.80997784350623,189.68171215731195,414.48838940194594,170.55266334095825,145.21728423007147,129.09956412122975,249.90364109585505,1.8389632913519351,53.0
4.68,6.1324,0.0296,0.0296,0.0162,158.59212269301435,193.06867110453925,423.892548011656,174.24849683896684,150.65968944483257,131.42626642516402,253.64619057887523,1.827813560695509,53.0
4.69,6.4953,0.0342,0.0342,0.016,162.0885444780835,197.3251845820147,433.3911035975231,179.08303588789704,158.8975312109618,134.196851619863,258.7039814735928,1.8255026531327487,53.0
4.7,6.9239,0.0377,0.0377,0.016,165.0078769777956,200.8791545816642,444.1890670411531,182.95185609211632,164.47993342060178,136.6179841571097,262.26690115098864,1.8102682688306997,53.0
4.71,7.3679,0.0409,0.0409,0.0162,167.66835691932786,204.1179997278774,454.9535058502197,186.4487892321076,169.23799134840866,138.86351872459082,265.32392818116085,1.792863079129297,53.0
4.72,7.8041,0.0434,0.0434,0.0163,169.86368360436757,206.7905713444475,465.1539924933208,189.285736133182,172.616998819128,140.79260130050355,267.6356329452405,1.7733790350379366,53.0
4.73,8.167,0.0459,0.0459,0.0163,171.81044739474638,209.16054465447385,473.3968900260401,191.8559371066631,176.0695474313511,142.4612271615536,269.8264602426005,1.7601793812933744,53.0
4.74,8.3871,0.0485,0.0485,0.0157,173.44980743126786,211.15628730763044,478.3261434485743,194.10153935809424,179.93126317644672,143.7476880689034,271.9648825146703,1.7577483853739042,53.0
4.75,8.4875,0.0497,0.0497,0.0138,174.22497492269258,212.099969471104,480.59709491755206,195.12852362601677,181.6949340664715,144.3711833171703,272.9999324656373,1.7568156278349016,53.0
4.76,8.3562,0.0503,0.0503,0.0136,174.28220548609625,212.16964146133452,477.8428652509132,195.25700130620012,183.0177389278468,144.27529452886475,273.5401103693651,1.7688497470900162,53.0
4.77,8.1168,0.0505,0.0505,0.0136,173.93340558029536,211.7450154890552,472.6661364666345,194.8803949645873,183.96403968974985,143.80385697229457,273.7677157365456,1.7868122924222924,53.0
4.78,7.364,0.0505,0.0505,0.0136,172.246100923345,209.69090547189828,455.514684144856,193.14152627403251,186.027437760474,141.88495505364958,273.7155901152009,1.843381544506802,53.0
4.79,6.9316,0.0505,0.0505,0.0136,171.1625305693574,208.37177634530465,445.20168179057055,192.0795062474208,187.33952116133784,140.73570827707172,273.73774626610594,1.8787323850970448,53.0
4.8,6.4259,0.0504,0.0504,0.0136,169.6912703966467,206.5806770046134,432.59720338199577,190.6900522369879,188.83095030976105,139.266644616796,273.658202196947,1.9225362831122768,53.0
4.81,5.9162,0.0498,0.0498,0.0138,167.82845352912827,204.312899948504,419.2466408708018,188.8674983614848,189.6113014365842,137.56196145638532,273.2092451339562,1.9680331091293748,53.0
4.82,5.3333,0.0487,0.0487,0.0134,165.2663656430829,201.19383643505748,403.0479017976373,186.36295441231584,189.94878756565748,135.34967876858104,272.3511362819156,2.023428991352389,53.0
4.83,4.8796,0.0488,0.0488,0.0121,163.39773831794028,198.9189857783621,389.6682634576864,184.914937211452,192.1514609622773,133.72767643198975,272.3873908005192,2.0762283465602684,53.0
4.84,4.426,0.0482,0.0482,0.0112,161.11832644806603,196.14404958895,375.4906667441167,182.6696590949346,192.98157623711552,131.80241889813783,271.89563237518087,2.132129763331194,53.0
4.85,3.982,0.0476,0.0476,0.0111,158.502276351774,192.95929294998572,360.7101036548841,180.4884930376788,194.2599557901405,129.75078207222728,271.382643418761,2.191651365090083,53.0
4.86,3.4608,0.0428,0.0428,0.0111,153.56391854763538,186.9473791014692,341.9690762071357,174.88783611745444,187.8324491309031,126.11128618355932,267.5200442654044,2.248793096008609,53.0
4.87,2.9744,0.0391,0.0391,0.0111,148.67784366930968,180.9991140322031,322.823297915486,169.74918915771002,183.2747997434239,122.5380753324261,264.23522731437595,2.3168634505247176,53.0
4.88,2.5458,0.036,0.036,0.0128,143.8672741382712,175.14276851615625,304.2847585752777,164.91105608844654,179.59509147928202,119.07218900931576,261.2476515847053,2.389671530995928,53.0
4.89,2.1714,0.0323,0.0323,0.014,138.72371385914047,168.88104295895363,286.4327365050402,159.45482452661128,174.01483682045628,115.3984647967112,257.42048216729694,2.4589581497170583,53.0
4.9,1.8278,0.0285,0.0285,0.0172,133.20879408328972,162.16722757965704,268.30321262248293,153.5542282755865,167.64562852317795,111.47107401687352,253.0739639822519,2.5328459068591327,53.0
4.91,1.8413,0.0271,0.0271,0.0227,132.88448842284805,161.77242068868458,269.1696840436417,152.41868717856596,163.756329185069,111.18670613735092,251.56562815484216,2.51674594349986,53.0
4.92,1.8548,0.0265,0.0265,0.0336,132.88399577793714,161.77182094705393,270.08932161707213,151.99934741363913,161.98321427386773,111.1599415322622,250.9772107689454,2.5069009892196346,53.0
4.93,1.8818,0.0265,0.0265,0.0477,133.30610746521953,162.2856960446151,271.7811560750791,152.24712554927183,161.69995019636204,111.45440890644342,251.13302806392176,2.497765935226899,53.0
4.94,2.9203,0.0266,0.0266,0.0536,143.50908668249212,174.70671422216432,321.3609878180624,159.27964824131308,154.71228142012345,118.83945353724556,252.20369758184052,2.2394396265217096,53.0
4.95,4.3063,0.0332,0.0332,0.06,155.11125145306164,188.83108872546637,372.7140016708168,171.64894856140555,163.7453098987481,128.0806567577375,260.45649584395903,2.061308524368564,53.0
4.96,4.6499,0.0353,0.0353,0.034,157.73693571838817,192.02757391803777,383.69825165089736,174.63609504625302,166.84042917711565,130.2383573298025,262.82484320654083,2.031485741746737,53.0
4.97,4.2098,0.0361,0.0361,0.0247,155.99449498564653,189.90634172165664,369.432716567552,173.57121107371233,170.28273072868285,128.69795546358162,263.5320211455047,2.094882159288176,53.0
4.98,3.5767,0.0359,0.0359,0.0227,152.4036482205684,185.534876094605,347.2156646245043,170.49610457948424,172.6436120192892,125.72507450192698,263.158152061905,2.1907324349757404,53.0
4.99,2.9281,0.0356,0.0356,0.0217,147.67862347747837,179.78267205953887,321.7544475499999,166.95905031452807,175.826866381222,122.13735052350728,262.61554450296546,2.307127153313758,53.0
5.0,2.2563,0.0349,0.0349,0.0217,141.20690294231608,171.90405575586306,291.36800132128496,162.2195383768684,179.4600788451221,117.51008491629764,261.5661913255225,2.457869164776842,147.0
5.01,1.7853,0.0334,0.0334,0.0226,135.02203350568163,164.37464948517766,266.55050637598526,157.36380883531285,180.68757565427924,113.26352693038896,259.75768411437593,2.5884848634415163,147.0
5.02,1.5189,0.0307,0.0307,0.0235,130.2148693817576,158.5224496821397,250.69411442142496,152.67181355004175,177.07360369401036,109.94769873273236,256.74920091344563,2.666620526330133,147.0
5.03,1.349,0.0277,0.0277,0.0296,126.37626715475928,153.84936871014176,239.74709378368925,148.2944865329888,171.22259705292754,107.22628621276304,253.24502012270372,2.7144206542904774,147.0
5.04,1.2293,0.0275,0.0275,0.049,124.22482796873572,151.23022535324347,231.73145352664915,146.77138292661502,172.4478099867233,105.79590566309676,252.9597361820068,2.7683722957689185,147.0
5.05,1.0672,0.0275,0.0275,0.0625,121.01304236693548,147.32022549018234,219.88465462822333,144.71482810007305,175.30126120651934,103.72055627149544,252.8219305695285,2.854760417726491,147.0
5.06,0.905,0.0297,0.0297,0.0735,118.0616272387098,143.72719837755974,206.8399672822136,143.98095211374533,184.9433703707459,101.992408461567,255.1804353744606,2.9778689367267197,147.0
5.07,0.851,0.0319,0.0319,0.0844,117.4623966694184,142.997700293205,202.33421275794103,144.6037749320348,192.22200845627333,101.75002369891038,257.5734153705254,3.036037361125248,147.0
5.08,0.9654,0.0357,0.0357,0.0844,121.41944978572724,147.8149823478419,212.1852241358669,149.65981497709518,200.25250395604215,104.64470243283576,261.7441456265337,2.983021017781134,147.0
5.09,1.0797,0.0348,0.0348,0.1091,123.86761423254308,150.79535645700898,221.70991071650937,151.15765707655777,195.6885519160488,106.17740095766274,261.22281126934695,2.9008177753014377,147.0
5.1,1.351,0.0367,0.0367,0.1091,129.94054408900422,158.18848845617907,241.2288786754088,155.80071713354107,194.9996765170835,110.20568175844014,263.60184636830047,2.778084656134834,147.0
5.11,1.9011,0.0521,0.0521,0.1194,142.77401304908253,173.81184197279612,274.552184590304,171.42148130997472,221.93648847521385,119.24305079486652,276.7220611828055,2.659878335701413,147.0
5.12,3.0091,0.0711,0.0711,0.1325,159.57712019984928,194.26779850416435,326.8180731005719,189.5366330305792,245.2653187366186,130.79613847496785,289.260101743421,2.466141004291954,147.0
5.13,5.6807,0.1053,0.1053,0.1649,184.21382492242145,224.26030860120872,416.2353524764311,216.80307951440923,278.5339159990158,148.15826117938786,305.9973819476431,2.194213154267373,147.0
5.14,8.2172,0.1187,0.1187,0.1807,196.6561037986276,239.40743071137268,479.12069924141,229.3706278211885,283.1451658195352,157.89385027911845,311.8034918733037,2.009558023540448,147.0
5.15,11.2131,0.1299,0.1299,0.1961,206.34035216521283,251.19695046199823,539.4582330314846,240.02776938381348,285.5498981026342,166.4524885018957,316.3618774086216,1.8516804600980064,147.0
5.16,10.4564,0.1372,0.1372,0.0963,206.42752773577104,251.30307724354736,525.036763284625,241.23815835005,297.2468246188055,165.62499052625824,318.6101393909965,1.9102489357715475,147.0
5.17,10.6765,0.1475,0.1475,0.0473,209.0747907222816,254.52583218364717,529.1494467914515,245.31888819515103,308.8384355673344,167.2136372910124,321.8297584972219,1.91997696285595,147.0
5.18,10.9545,0.1503,0.1503,0.023,210.301090082184,256.01871836091965,534.3828657298731,246.84604460088283,311.0995664723406,168.18622400044092,322.8366536827684,1.910798753584214,147.0
5.19,10.7962,0.1545,0.1545,0.013,210.84970913374053,256.6866024236841,531.4866542129768,247.97436689804687,316.66156672456805,168.30864564755893,324.1186375443209,1.9280207743640485,147.0
5.2,10.5684,0.1587,0.1587,0.0116,211.2041227685471,257.11806250084,527.2709059348183,248.93039837126025,322.49366708028685,168.2565455999581,325.3578355259391,1.949005110714084,147.0
5.21,10.4908,0.1591,0.1591,0.0102,211.1724864159941,257.0795486803407,525.883832775092,248.9230360606183,323.27122192778256,168.20301435289412,325.60480592925893,1.9544245721273064,147.0
5.22,10.4612,0.1592,0.1592,0.0039,211.19450672794724,257.1063560166314,525.3934060929784,248.91346608854852,323.50402263247906,168.2330171731702,325.7826067966459,1.9566278745396064,147.0
5.23,10.4665,0.1576,0.1576,0.0004,210.98347209552745,256.8494442902073,525.5818855896301,248.41787887592892,321.599074118408,168.19375674726902,325.513887199032,1.95360082847666,147.0
5.24,10.4719,0.1561,0.1561,-0.0009,210.7895705165119,256.6133901940145,525.7801384233569,247.9534308263846,319.8059418605236,168.1620650003263,325.2678484858798,1.950709522702664,147.0
5.25,10.7035,0.1475,0.1475,-0.0013,209.72099001474072,255.31250958316264,530.2908769055839,245.54029560603277,308.7148609636112,167.9900518626899,323.0885095222195,1.9210840662044744,147.0
5.26,10.9159,0.1259,0.1259,-0.0018,205.6086070099441,250.30613027297545,534.3852848904527,238.1684446928576,281.7866115436888,166.3545065668346,316.7044270915032,1.8634124097439229,147.0
5.27,11.0317,0.1066,0.1066,-0.0016,201.14027499122216,244.8664217284444,536.6454415329896,230.70047622557485,257.10968790236643,164.40897956381428,310.1000467750755,1.810290237662154,147.0
5.28,11.1514,0.0928,0.0928,-0.002,197.54984909858345,240.49546846784077,538.9621736018922,224.90573304537344,238.739309567458,162.86657679396433,304.73168440444334,1.766161389381332,147.0
5.29,11.1475,0.0835,0.0835,-0.0024,194.74372670686083,237.0793194692219,538.989711349911,220.5536081069477,226.23979264515464,161.5221305698791,300.7200574032795,1.7384931754194437,147.0
5.3,11.0973,0.0801,0.0801,-0.0026,193.62867153686156,235.72186100139663,538.1610932575225,218.8233456377532,221.7128708240592,160.94567426242963,299.2322414355171,1.7305202263139945,147.0
5.31,11.0201,0.0774,0.0774,-0.0028,192.6786955787135,234.5653685306077,536.8272775623868,217.3584997030229,218.17069422244708,160.4110629756468,298.02806776007014,1.7259854088328213,147.0
5.32,10.8618,0.0755,0.0755,-0.0028,191.86414806648304,233.57374547224023,533.9676744787575,216.12772763440185,215.90365929415975,159.8308883254075,297.1763028863482,1.7283445641157622,147.0
5.33,10.746,0.0732,0.0732,-0.0028,190.96024869925523,232.4733462425716,531.8846097291465,214.7515867335761,212.94518457069108,159.25825442519417,296.1006811344451,1.7269784593979578,147.0
5.34,10.719,0.071,0.071,-0.0026,190.20743209948887,231.5568738602473,531.4730195942564,213.57341855815943,209.89095334281672,158.88062896940394,295.0627735294694,1.720948134169262,147.0
5.35,10.6418,0.0703,0.0703,-0.0022,189.9082627261465,231.1926676666132,530.1071055711373,213.0840825162703,209.0800163323624,158.6673760644862,294.8067114004242,1.722923773432412,147.0
5.36,10.5452,0.0697,0.0697,-0.0029,189.6129464188289,230.83315216205256,528.3587929627862,212.60768931291167,208.45412787590124,158.42869663048398,294.59767433058306,1.7263640928531918,147.0
5.37,10.5452,0.0696,0.0696,-0.0037,189.6433792080514,230.87020077501916,528.4533897433905,212.5813316186528,208.3248175213353,158.491923277421,294.68162529960887,1.726241155937373,147.0
5.38,10.4024,0.0695,0.0695,-0.0039,189.45425949568028,230.63996808169773,525.804132917194,212.2802883190472,208.5243030967308,158.24400485479623,294.7355241316984,1.7341311172268197,147.0
5.39,10.2518,0.0683,0.0683,-0.0043,188.8484851425423,229.90250365179065,522.9775740229115,211.36841543292687,207.1503383135331,157.76535395360412,294.17538154500284,1.738568826971215,147.0
5.4,10.1283,0.0669,0.0669,-0.0045,188.20428763386025,229.11826320643857,520.6564990090527,210.39106041663132,205.40880929308813,157.3007959473016,293.4956997861545,1.7407478472107194,147.0
5.41,10.1219,0.0653,0.0653,-0.0079,187.6649281260944,228.46165163176707,520.6134431222697,209.52422307182823,203.0889475341868,157.0515369398168,292.7091618618204,1.7353651348217942,147.0
5.42,10.1284,0.0628,0.0628,-0.0096,186.79043670411676,227.3970533789247,520.8300157952757,208.1655485876894,199.389915880044,156.6383705623482,291.3649661653475,1.7256107583194529,147.0
5.43,10.1348,0.0605,0.0605,-0.0155,185.9651455560224,226.39235111167943,521.0287888277021,206.89051016289756,195.95917736436547,156.2482845949007,290.0917268856885,1.7164348330064148,147.0
5.44,10.1746,0.0597,0.0597,-0.0197,185.7708221703639,226.1557835117474,521.8891004741149,206.53211430695887,194.6910335730349,156.2437609140345,289.73340371654746,1.7111895693840855,147.0
5.45,10.1592,0.0595,0.0595,-0.0241,185.7307287683016,226.1069741527149,521.6655369478168,206.41050478780576,194.43921581887653,156.24593536003744,289.7383859135649,1.7115413664192165,147.0
5.46,10.1823,0.0594,0.0594,-0.029,185.78864707789708,226.17748339917907,522.1950544637334,206.42313356405825,194.25778059395265,156.35488719174654,289.8142872136208,1.7100839402178716,147.0
5.47,10.1398,0.0609,0.0609,-0.034,186.38451426621,226.9028869327774,521.4367021257913,207.22971099126917,196.61415356956587,156.6642006106755,290.8810401305435,1.7188541658399084,147.0
5.48,10.1342,0.0624,0.0624,-0.0372,187.0263938859681,227.684305600309,521.4089234005605,208.09871859730532,198.87987879123335,157.04814933884194,291.9362838501609,1.7253753633471465,147.0
5.49,10.1324,0.0656,0.0656,-0.0441,188.30518751257492,229.2410978413956,521.4418388711415,209.90600716991895,203.6318543039912,157.77730312022018,293.97562941777863,1.7381156419772923,147.0
5.5,10.1342,0.0688,0.0688,-0.0447,189.54966776094977,230.7561172741997,521.5689687270553,211.67537182200363,208.31565964209423,158.4864636080661,295.9380820864522,1.7501556172617512,194.0
5.51,10.136,0.0719,0.0719,-0.0449,190.7203399602357,232.18128342985213,521.6974488476096,213.34783689081416,212.8005193536585,159.15169051096373,297.775716648938,1.7614433251600727,194.0
5.52,10.2209,0.0725,0.0725,-0.0449,191.13764648757495,232.68930876748263,523.4577613146502,213.85724413430933,213.46654824049972,159.53331043135876,298.2527814831876,1.7588634751613772,194.0
5.53,10.3174,0.0731,0.0731,-0.0446,191.5717526809854,233.217785872504,525.437019455497,214.38746480215315,214.1021841853712,159.9391083131527,298.7300369674251,1.7556399551207824,194.0
5.54,10.414,0.0727,0.0727,-0.0444,191.654503465669,233.31852595820573,527.407483325088,214.39688116372983,213.31404929052115,160.16138814988494,298.674103878932,1.7489579230684311,194.0
5.55,10.5336,0.0739,0.0739,-0.0437,192.32976641297415,234.14058519840336,529.8121126185442,215.2796736737968,214.74664946420765,160.72366353190066,299.4723465808996,1.746609048255389,194.0
5.56,10.661,0.0743,0.0743,-0.0429,192.73411729200612,234.6328384424423,532.3505183020801,215.76018804715983,215.02437112100705,161.15492799793543,299.845771197231,1.7410999919914611,194.0
5.57,10.6842,0.0741,0.0741,-0.0431,192.7661218031549,234.6718004560147,532.8871642519773,215.7286321759701,214.70138068841493,161.24985316560878,299.8818474492087,1.7393546551017116,194.0
5.58,10.7305,0.074,0.074,-0.0435,192.8677643908408,234.7955392584149,533.8621495763883,215.7929810698521,214.46639784749,161.41267583439787,299.97490122488784,1.7366831784252323,194.0
5.59,10.746,0.0736,0.0736,-0.0433,192.81687964574985,234.7335926122172,534.2522412949679,215.64317225123892,213.88000145056083,161.45396265234908,299.90263754714766,1.7346698592270131,194.0
5.6,10.7383,0.0714,0.0714,-0.0446,192.08838647161284,233.8467313567461,534.195678620402,214.5084448628821,210.7975866397053,161.11121128440487,298.85533754074044,1.727619069815853,194.0
5.61,10.8271,0.0689,0.0689,-0.0458,191.37102359513923,232.9734200288652,535.9705464617123,213.37951945959384,207.0533824054677,160.90570523892865,297.6262607186563,1.714014858720105,194.0
5.62,10.9081,0.0654,0.0654,-0.0465,190.2270270138464,231.58072853859565,537.5922292923011,211.6599751863081,201.8648280449562,160.46242225258143,295.76548654986965,1.696888862297786,194.0
5.63,11.0085,0.0629,0.0629,-0.0465,189.4472540259941,230.6314396838189,539.5735304997852,210.48637524711367,198.05207881352504,160.23449408430426,294.42301213767087,1.6821612305391849,194.0
5.64,11.1243,0.0601,0.0601,-0.0477,188.52580461171323,229.509675179477,541.8273676065224,209.1383961194996,193.7543592777037,159.94963847067558,292.8393727903201,1.6652328748288068,194.0
5.65,11.2903,0.0581,0.0581,-0.0496,187.95493533202077,228.81470388246004,544.993230675758,208.3138646534445,190.5305245806368,159.9202646758016,291.7164571493188,1.648708399597772,194.0
5.66,11.3869,0.056,0.056,-0.0494,187.22740165337495,227.92901070845653,546.8677056589909,207.2796006230494,187.27574171531123,159.70657279316737,290.4719209169995,1.6352648119271,194.0
5.67,11.4525,0.0537,0.0537,-0.0509,186.4102104770803,226.9341692764456,548.1606256530034,205.94661794347124,183.64936264197976,159.36150493052904,289.0339038007404,1.6230208681546725,194.0
5.68,11.7189,0.0502,0.0502,-0.05,185.01567629238625,225.23647548638328,553.1005251153542,204.4729350645613,178.21051353215285,159.0760413894858,286.6890663258729,1.593354952920373,194.0
5.69,11.7806,0.0491,0.0491,-0.0513,184.5802865753853,224.7064358309038,554.3041093446009,203.9642392561731,176.53084032456016,158.98161484069325,286.0028702510022,1.5852659402494078,194.0
5.7,11.8231,0.0466,0.0466,-0.051,183.5512353140148,223.4536777735832,555.1653072029364,202.33928270896544,172.55355785966543,158.45296865854908,284.2002627774459,1.5727414060044205,194.0
5.71,11.7806,0.0446,0.0446,-0.0508,182.5669682624536,222.25543962385652,554.49840026255,200.97807375091327,169.55836088757127,157.87216379149382,282.70198718188,1.5655635842414086,194.0
5.72,11.7635,0.0428,0.0428,-0.05,181.68351580520024,221.1799322845916,554.2892952785643,199.7718611557892,166.8134391940757,157.3769107518116,281.3135240257163,1.5578601109272774,194.0
5.73,11.771,0.0388,0.0388,-0.0336,179.60414501188384,218.6485243622934,554.5763725987149,197.06497617476083,160.55903133035588,156.19062578725638,277.87214780808057,1.5373542690027469,194.0
5.74,11.7785,0.0347,0.0347,-0.0182,177.3381914043438,215.88997214441852,554.859838630304,194.16883283581,154.04552720203714,154.83874176007154,273.98914795261936,1.515159078888772,194.0
5.75,11.8733,0.0347,0.0347,-0.0081,177.47494981293096,216.05646064182895,556.6923512232943,194.38073577520143,153.98461335883158,155.09261469165233,274.1260956435103,1.5107194651528093,194.0
5.76,12.1706,0.0347,0.0347,-0.006,177.7625932831521,216.40663530122868,562.080886812443,194.96665637807064,153.76467748914362,155.72112989124292,274.29682721372643,1.4969033304658887,194.0
5.77,12.8887,0.0347,0.0347,-0.0035,178.30622313866127,217.06844556010935,574.6336837984132,196.3013501197929,153.25068460925144,157.08769168949422,274.53366968425223,1.4647186183854335,194.0
5.78,13.1319,0.0353,0.0353,-0.0022,178.865406590026,217.749190631336,578.8553586137633,197.19351838256955,154.0300365933771,157.81134899837244,275.304832168225,1.4575487412707848,194.0
5.79,13.1898,0.0354,0.0354,-0.0016,179.01632622572674,217.93291888349344,579.9301698018375,197.3973782603076,154.1644723106907,158.0243587804665,275.53553651113924,1.4557723468893151,194.0
5.8,13.2323,0.037,0.037,-0.0019,180.0362674929168,219.1745865131161,580.7415466676789,198.6375888121048,156.61080021756123,158.75486283028977,277.2511545934896,1.4624892710181367,194.0
5.81,13.1666,0.0383,0.0383,-0.0013,180.80416504196847,220.1094183119616,579.7391219036108,199.4653501555385,158.67013656867874,159.17266604038173,278.60971914291434,1.4721511876889215,194.0
5.82,13.0856,0.0385,0.0385,-0.0007,180.92854818667612,220.2608412707362,578.4744906139159,199.4952499109256,159.06250271504717,159.17612850506595,278.90701540606875,1.4768537280481795,194.0
5.83,12.8018,0.0384,0.0384,0.0007,180.75226155856015,220.04623146259505,573.7514542289948,198.95985906177685,159.16744510111624,158.71581455933125,278.88860156537487,1.4889921573081164,194.0
5.84,12.518,0.0382,0.0382,-0.0004,180.5051731854302,219.7454282257411,568.9519192635877,198.3438729005996,159.1241300702446,158.21107666529636,278.773958211834,1.5009275712668964,194.0
5.85,12.5644,0.0379,0.0379,-0.0007,180.42622163679133,219.64931329696336,569.8521313935943,198.24632649175632,158.63847102220976,158.26709130710302,278.616566412021,1.497460232018503,194.0
5.86,12.2903,0.0356,0.0356,-0.0008,178.96437492878286,217.86967382634435,565.166008153073,196.1390673855728,155.2907501965912,157.022073425639,276.4325082355972,1.4980617686554394,194.0
5.87,12.0239,0.034,0.034,-0.0009,177.87916075205985,216.54854352424675,560.5488821009016,194.5048037770377,152.98168885467558,156.00499233456966,274.8588909996013,1.501948328947163,194.0
5.88,11.6919,0.0332,0.0332,-0.0007,177.19416479569605,215.714635403456,554.6792576133812,193.3049380461664,151.96974786065724,155.14387476693724,274.070643486634,1.5135033512518017,194.0
5.89,11.244,0.0325,0.0325,-0.0009,176.44023822676982,214.7968117543285,546.5551654585647,191.92387634541709,151.19680294511446,154.07380018316522,273.3509427868348,1.5317954176380233,194.0
5.9,10.8734,0.0324,0.0324,-0.0009,176.08202751055953,214.3607291432899,539.6928466300551,191.1219671825449,151.35078128048136,153.36509593311587,273.2909619965929,1.5503762480282748,194.0
5.91,10.495,0.0323,0.0323,-0.0016,175.68249624443874,213.87434325409933,532.5262255629716,190.2819650000766,151.52706491884638,152.61753115358226,273.22660516328546,1.5700751113877665,194.0
5.92,10.1978,0.0318,0.0318,-0.0016,175.02113914753485,213.06921287525984,526.802387983314,189.3880871889305,151.0638054720701,151.8621845820852,272.7317008069664,1.582807977257065,194.0
5.93,9.9005,0.0317,0.0317,-0.0016,174.7231727128188,212.70647112864896,520.968777066135,188.602890746114,151.1079744404374,151.24797646690027,272.6767817766348,1.5998621914105748,194.0
5.94,9.6804,0.0308,0.0308,-0.0016,173.98453368778286,211.80725840251827,516.5998100349644,187.3941413764827,149.74443127990315,150.46961155314318,271.728336186676,1.6076617133879263,194.0
5.95,9.5704,0.03,0.03,-0.0016,173.414155702374,211.11288520289008,514.4350566742607,186.5260457774204,148.46120704676005,149.9645250971077,270.8926324266063,1.609464291219482,194.0
5.96,9.525,0.0297,0.0297,-0.0016,173.22865807536877,210.8870620047968,513.5868093805434,186.20137396958975,147.98838610833283,149.8068341626169,270.6443707361249,1.6105232080055332,194.0
5.97,9.5053,0.0297,0.0297,-0.0015,173.2631022392182,210.9289940303526,513.2663388532495,186.1732611137255,148.0156444709795,149.83199137288472,270.7550382107372,1.611950663521956,194.0
5.98,9.5065,0.03,0.03,-0.0014,173.512453859846,211.23255252502992,513.3765376949518,186.42975879859384,148.5468227353857,150.0295443423452,271.2240963416931,1.614037526332187,194.0
5.99,9.5078,0.0303,0.0303,-0.0013,173.76091078295585,211.53502182272888,513.4886779473242,186.68561191570865,149.07699468651006,150.22622123599874,271.69026379381467,1.6161075705945378,194.0
6.0,9.5173,0.0314,0.0314,-0.0009,174.51833717174415,212.4571061221233,513.7710172505781,187.56702271591143,150.9701080587419,150.76308398499555,273.0699292621797,1.6227576392508265,213.0
6.01,9.5434,0.0329,0.0329,-0.0009,175.4289034197458,213.56562155447315,514.3935886472228,188.89884564153687,153.63848762319878,151.47795593719405,274.8528639835267,1.629740089544208,213.0
6.02,9.6032,0.036,0.036,-0.0014,177.33471298556964,215.88573754765,515.7054386929341,191.3886570577816,158.8749618515042,152.82227317375168,278.2190549022368,1.644343138949867,213.0
6.03,9.7113,0.0384,0.0384,-0.0007,178.8531540127286,217.7342744502783,518.0032083626699,193.3978985989021,162.7793918178327,153.96197331173008,280.7042234833043,1.65137767838158,213.0
6.04,10.1823,0.04,0.04,-0.0016,180.3899741845652,219.6051859638185,527.5433896035597,195.57866760130983,164.82320560695624,155.61335966824475,282.41512973881544,1.632741481829893,213.0
6.05,10.4101,0.0455,0.0455,-0.0016,183.5433454151167,223.44407267927247,532.1083351849901,199.8155435554159,173.34827380521347,157.86078891795287,287.35219109632845,1.647821962710271,213.0
6.06,10.6186,0.0474,0.0474,-0.0016,184.78872807447385,224.9601906993595,536.2423212049993,201.50765143500277,176.0379562075499,158.92363886813663,289.04762911984164,1.6455183735411496,213.0
6.07,10.8502,0.0477,0.0477,-0.0016,185.27252187256292,225.54915706225057,540.7687697972239,202.19433984886223,176.18251448171716,159.57481134301327,289.4517121511169,1.6345261756062983,213.0
6.08,11.0973,0.0484,0.0484,-0.0005,186.03387886949488,226.47602644981987,545.5334754373896,203.0460110787717,176.7977292889022,160.36015897216507,290.1695700304499,1.625579550724347,213.0
6.09,11.329,0.049,0.049,-0.0007,186.6037237029201,227.1697505948592,549.9455585530827,203.95103973223655,177.45699740066226,161.07616906240867,290.8000243264913,1.6161487927995353,213.0
6.1,11.5027,0.049,0.049,-0.0008,186.8146994659797,227.4265906542361,553.2409707555938,204.35552299208672,177.28364876383404,161.5031368574421,290.95351786833726,1.6071659371552074,213.0
6.11,11.6919,0.0506,0.0506,-0.0008,187.82514944945683,228.65670367759964,556.789940828551,205.7552542680272,179.4654983066168,162.3892311624628,292.3277867402793,1.6049590712126862,213.0
6.12,11.8502,0.051,0.051,-0.0008,188.21013951305463,229.1253872332839,559.7483537017588,206.35699855908425,179.89716087286706,162.88441819083258,292.7774056688659,1.598868716619022,213.0
6.13,11.9814,0.0512,0.0512,-0.0007,188.47148828950932,229.44355096114185,562.1988959765829,206.77843997485297,180.06434738852366,163.2699769309569,293.0713105444641,1.593330116224755,213.0
6.14,11.8463,0.0513,0.0513,-0.0007,188.4751623515965,229.4480237323784,559.8591236925681,206.57923826444136,180.3722350420186,163.10387690009787,293.2419662964645,1.60085442314695,213.0
6.15,11.7034,0.05,0.05,-0.0001,187.78062440112805,228.6024992709385,557.3614431397892,205.522381469552,178.62887535231985,162.5460987702645,292.3592030942917,1.6024286080665384,213.0
6.16,11.5606,0.0487,0.0487,-0.0005,187.0745113619968,227.74288339721343,554.841558118129,204.45175606680948,176.8674189024911,161.9777413316656,291.4529767368272,1.6039808623627565,213.0
6.17,11.4679,0.0466,0.0466,-0.0004,185.98929190629505,226.42174666853307,553.2269558361522,202.979436846922,173.83147231373778,161.2719402337042,289.8893442922896,1.5989945923685358,213.0
6.18,11.3753,0.0439,0.0439,-0.0003,184.55688169417536,224.6779429320396,551.6049975170417,201.0930407542302,169.8385246913342,160.35991817440518,287.7493507453054,1.590722378085541,213.0
6.19,11.2826,0.0406,0.0406,-0.0004,182.7399448873012,222.4660198628015,549.9711651979344,198.7562451498082,164.84628307929165,159.2070912613484,284.94018503784804,1.5787996971047902,213.0
6.2,11.1629,0.0384,0.0384,-0.0003,181.55081432089656,221.01838265152625,547.8228078195787,196.90919996508876,161.389359840704,158.3004309775559,282.9772111125191,1.5744497141140543,213.0
6.21,11.0626,0.0367,0.0367,-0.0003,180.55084649672625,219.80103051775367,546.0243618444165,195.5210020747706,158.77344171914834,157.57234902921704,281.4122910917168,1.5707289482202322,213.0
6.22,10.858,0.0353,0.0353,-0.0001,179.59439431780598,218.63665395211163,542.2315054697806,194.1089856005771,156.70939689199406,156.71292875651696,280.068318041332,1.5739382178423376,213.0
6.23,10.8541,0.0349,0.0349,0.0003,179.4136783908152,218.4166519540359,542.2447786176799,193.83323423564332,156.0751966652073,156.6265999169953,279.76664256241025,1.5720981811826855,213.0
6.24,10.8579,0.0349,0.0349,-0.0001,179.4731754083787,218.48908310585236,542.4019551404136,193.86662618786104,156.08867009618825,156.70434915055955,279.8809125786272,1.5720933336025522,213.0
6.25,10.8618,0.0348,0.0348,-0.0003,179.474370040526,218.4905374406404,542.5616481548755,193.82674599049076,155.93820965973785,156.7448947379201,279.89063977521494,1.5715204966612533,213.0
6.26,10.8599,0.0348,0.0348,-0.0004,179.52791312158544,218.55572032193007,542.6109028063479,193.84827442001315,155.9567913170439,156.81062430500984,280.0035093802811,1.5718131845370364,213.0
6.27,10.8608,0.0348,0.0348,-0.0004,179.58431401692027,218.62438228146817,542.7138336167942,193.87567119802137,155.97279118472483,156.88209424075166,280.11677806039035,1.5719570222288264,213.0
6.28,10.8618,0.0348,0.0348,-0.0004,179.64076697031422,218.69310761603472,542.8185548975775,193.90324642133672,155.98867800716815,156.95369368766447,280.22993129460474,1.5720954821736366,213.0
6.29,10.9043,0.0347,0.0347,-0.0003,179.6812287389511,218.74236542133173,543.7149258941594,193.94425019669623,155.80356831058597,157.07393754226246,280.2460009906194,1.569485557901359,213.0
6.3,11.1282,0.0348,0.0348,-0.0001,180.0179022558547,219.1522288332144,548.0398058320009,194.5085888701992,155.7871094813766,157.64157375275155,280.50574509685305,1.558587319451735,213.0
6.31,11.1552,0.0348,0.0348,0.0003,180.09935862673953,219.25139311081332,548.6349351675308,194.59020984018525,155.78087217642616,157.76614078752974,280.62335819247284,1.5573843403827874,213.0
6.32,11.1398,0.0349,0.0349,0.0,180.19850531287773,219.37209342437288,548.4303840117378,194.65738327438015,155.9736660258561,157.84180037005794,280.83767855289835,1.5589249023592455,213.0
6.33,11.114,0.0349,0.0349,-0.0001,180.2287187648627,219.4088750180937,548.0302433154641,194.6297985352421,156.01299957426508,157.8584744109682,280.94521549881097,1.5604438335038404,213.0
6.34,11.1023,0.0349,0.0349,-0.0001,180.2725140798533,219.46219105373444,547.8954010328059,194.6312581208687,156.0400877561475,157.90381148747412,281.05524799237173,1.5612367089217851,213.0
6.35,11.1036,0.0349,0.0349,-0.0001,180.32892406979397,219.53086408496657,548.005404996173,194.65957675979723,156.05588072741844,157.97567418650974,281.1675817099852,1.5613585784412791,213.0
6.36,11.105,0.0346,0.0346,-0.0001,180.2087745740234,219.3845951335937,548.1171790741655,194.46813672319152,155.583630179846,157.93445657574924,280.96429674452713,1.5597989848431313,213.0
6.37,11.1514,0.0339,0.0339,-0.0001,179.89299380339753,219.00016636935356,549.0763044801729,194.07422493078545,154.42176321884682,157.83037664547837,280.338812960001,1.55366143059823,213.0
6.38,11.3328,0.0332,0.0332,0.0001,179.6959768563493,218.76031965120785,552.5577790283629,193.95610778956944,153.15686270019216,157.99268980530348,279.72380904530684,1.5406575561775269,213.0
6.39,11.5529,0.032,0.032,0.0002,179.2100336028538,218.16873655999595,556.7195216932233,193.5370434145301,151.06697916479197,158.01634634609468,278.5382759932585,1.5230202624782083,213.0
6.4,11.5799,0.032,0.032,0.0005,179.28730397180763,218.26280483524408,557.3034964683484,193.61844034034544,151.06637345662472,158.1382019362479,278.6533070353404,1.5218737006950076,213.0
6.41,11.549,0.032,0.032,0.0004,179.31540849665012,218.29701903940017,556.8206624151404,193.5813068630389,151.10438712784918,158.1459936588564,278.75788609918874,1.5235754461540587,213.0
6.42,11.5609,0.0321,0.0321,0.0004,179.44157244248652,218.4506099299836,557.1257335778157,193.7067207261062,151.2761512733454,158.27899182877735,278.9831090854287,1.5237479434277543,213.0
6.43,11.5727,0.0329,0.0329,0.0004,179.99708686883986,219.1268883620659,557.4287723958588,194.3539619703852,152.58136225000868,158.69466580911558,279.98967409597594,1.5279223317687385,213.0
6.44,11.6095,0.0338,0.0338,0.0005,180.62886376426903,219.89600806084923,558.1914420498343,195.1201914073166,154.02411735406756,159.19203208581777,281.0908254788834,1.5313713852443291,213.0
6.45,11.688,0.0346,0.0346,0.0006,181.22971790750444,220.6274826700054,559.7165385841047,195.89033824025103,155.26658757797142,159.7251589897612,282.07171142490074,1.5321541214441554,213.0
6.46,11.966,0.0351,0.0351,0.0007,181.80902925821675,221.33273127087256,564.852080820196,196.832847006828,155.87019053309027,160.52682257261586,282.75827933519696,1.5216295056996227,213.0
6.47,12.186,0.0357,0.0357,0.0006,182.38905301117063,222.0388471440338,568.8835771231173,197.72141598540685,156.67059613703756,161.24441612387062,283.53114987927296,1.514634484657949,213.0
6.48,12.7188,0.0364,0.0364,0.0005,183.23197238596487,223.06500986117464,578.3476054912672,199.26338539013744,157.3906578736552,162.57259325793177,284.4489357326835,1.4940437043342527,213.0
6.49,12.9003,0.0381,0.0381,0.0005,184.39762613759208,224.484066602286,581.5752639246517,200.8186998606641,159.8918789398047,163.5931046034348,286.2835204534663,1.4949505877090428,213.0
6.5,13.0778,0.039,0.039,0.0005,185.08208393060133,225.31731956768857,584.7082637991674,201.7928980337325,161.14728926730055,164.30360562937582,287.2946841560046,1.4918658648626637,183.0
6.51,13.1782,0.04,0.04,0.0005,185.7684223389268,226.15286197782396,586.5082078167851,202.68564433128668,162.60242998045658,164.90111595238784,288.3702669626051,1.492667543081459,183.0
6.52,13.267,0.0408,0.0408,0.0005,186.3284943563495,226.83468878164285,588.104137431212,203.4145090334288,163.75530715009114,165.40274819565823,289.2402555207994,1.492941397375235,183.0
6.53,13.3442,0.0413,0.0413,0.0005,186.70991281387836,227.29902429515627,589.4984798977785,203.91656687655149,164.46132420529526,165.77905810410562,289.82340989371386,1.4922263383215049,183.0
6.54,13.4485,0.0415,0.0415,0.0005,186.9378358647253,227.5764958353178,591.3439132975498,204.26420878513468,164.6939589598328,166.1022299948267,290.1344938459661,1.488883860046463,183.0
6.55,13.5604,0.0417,0.0417,0.0004,187.1682558267799,227.8570070934712,593.3080842463938,204.62386723486404,164.9201621215012,166.43759705200574,290.4459385885294,1.4852475800267424,183.0
6.56,13.4601,0.0423,0.0423,0.0004,187.50043797916288,228.2614027572418,591.7172286665763,204.87353056752283,165.91485314607525,166.52762724784742,291.08218873257346,1.4926212363156497,183.0
6.57,13.2863,0.0425,0.0425,0.0005,187.56368771866545,228.3384024401145,588.8760056458248,204.7248938358144,166.37942212123994,166.35178325783696,291.344983628132,1.5012900097722928,183.0
6.58,13.0547,0.0425,0.0425,0.0005,187.4741384304651,228.22938591534884,585.0215677656379,204.33550805380952,166.60022633846617,166.00124134144428,291.4191871111501,1.5116634575748034,183.0
6.59,12.7304,0.0425,0.0425,0.0005,187.310157834856,228.02975736417253,579.5139695704436,203.7684593889188,166.91130589477584,165.47085259587536,291.4769103586384,1.526442346211762,183.0
6.6,12.3173,0.0425,0.0425,0.0005,187.05707797491212,227.7216601433713,572.3430451097664,203.02013627512645,167.31944711844648,164.7561189625634,291.5175778442526,1.5457953704541052,183.0
6.61,12.1165,0.042,0.042,0.0006,186.67974452321917,227.2622976804407,568.8463070447172,202.32770086087496,166.76743749601175,164.27437922968198,291.14552791080104,1.5530750013857937,183.0
6.62,12.0538,0.0421,0.0421,0.0007,186.7372474588708,227.3323012542775,567.8053557235535,202.29967022145223,166.99954624436336,164.25311378363688,291.3357742841448,1.556773444113617,183.0
6.63,12.0234,0.0414,0.0414,0.0006,186.3861666655965,226.90489854942183,567.3423347082778,201.795969911852,165.96933450046956,164.03387438265585,290.80704569186804,1.5549464235609836,183.0
6.64,12.0089,0.0406,0.0406,0.0008,185.98947087367503,226.4219645418653,567.1661789430153,201.251727505274,164.7649071011787,163.80859099992549,290.1783371954145,1.5518088158357577,183.0
6.65,12.0024,0.0406,0.0406,0.001,186.0390596449112,226.48233348076155,567.1340651781005,201.2650776552528,164.7879356607975,163.86436035469282,290.2876769713037,1.5523067399976866,183.0
6.66,12.0131,0.0406,0.0406,0.0008,186.1028764096421,226.5600234552165,567.4108620792765,201.3119027332197,164.7948986533808,163.9538626351259,290.3999701833231,1.551976429818679,183.0
6.67,12.0239,0.0406,0.0406,0.0007,186.166723591126,226.6377504587621,567.6896427637985,201.3589427778456,164.80176513681204,164.04348870791733,290.5121573025595,1.5516406217378889,183.0
6.68,12.1358,0.0408,0.0408,0.0007,186.42391221023144,226.95084964723827,569.7865233978916,201.7389667873967,165.0234829085295,164.39792219311445,290.82794050544504,1.5474537238233417,183.0
6.69,12.2401,0.0414,0.0414,0.0007,186.89311443453064,227.5220523550808,571.7368671554835,202.37236333933632,165.86577195630244,164.86875073546966,291.5091669074727,1.5456696766636495,183.0
6.7,12.3289,0.0421,0.0421,0.0007,187.40127430927996,228.14068176781905,573.4025784258105,203.03871660167053,166.8700275370311,165.33893491031304,292.2713146120486,1.5451186165373385,183.0
6.71,12.3945,0.042,0.042,0.0007,187.4525728749461,228.2031321955866,574.6509705188873,203.12369875993403,166.67327039732464,165.50127825764585,292.3027191800073,1.541721449187773,183.0
6.72,12.491,0.042,0.042,0.0007,187.58080657564872,228.35924278774627,576.4409302666576,203.33390408350863,166.60129908997558,165.7548214787766,292.429652774978,1.5373927608021147,183.0
6.73,12.6146,0.0417,0.0417,0.0012,187.5619153620748,228.3362447886128,578.7000408540562,203.3941801656169,166.0509605555154,165.95986967285444,292.28849264585665,1.5303668671704955,183.0
6.74,12.7458,0.0406,0.0406,0.001,187.09747246213152,227.77083604085576,581.076600521296,202.92850903472169,164.28418365404698,165.9074152738686,291.4062150905875,1.519083314335317,183.0
6.75,12.8578,0.0397,0.0397,0.0009,186.71910545247985,227.31021533345373,583.1070585657477,202.55522328080627,162.84195931951243,165.87612595468127,290.686062469974,1.509679339543477,183.0
6.76,12.9196,0.0391,0.0391,0.0008,186.4708644717184,227.00800892209196,584.261367583837,202.28834887526392,161.89853506735244,165.84926115325226,290.2301264463504,1.5040495493611246,183.0
6.77,12.9003,0.0373,0.0373,0.0009,185.46679082410725,225.7856583945654,584.013595058999,201.0364775344968,159.18091949249452,165.2340997438224,288.5620903206283,1.4958384702990828,183.0
6.78,12.8308,0.0356,0.0356,0.001,184.46557266807892,224.5667841176613,582.8951954086249,199.7372319584379,156.6296209588167,164.53510233091794,286.9131445511617,1.490169600506794,183.0
6.79,12.7265,0.0353,0.0353,0.0014,184.27163092722168,224.33068112879164,581.1667489996614,199.350981913166,156.24999255992086,164.29373929674054,286.68724188709547,1.4934197182436355,183.0
6.8,12.6667,0.0352,0.0352,0.0012,184.2255486332985,224.27458094488512,580.2059417875804,199.19075253621065,156.15079648074737,164.21086304185403,286.6782643024013,1.4957615253736838,183.0
6.81,12.6426,0.0352,0.0352,0.002,184.26302409741885,224.3202032490317,579.8710225694388,199.17072551251653,156.1837192089098,164.23291541755626,286.7808253581033,1.4970227490053152,183.0
6.82,12.7212,0.0352,0.0352,0.0029,184.3679090126953,224.44788923284645,581.3329208843526,199.3494366176081,156.15096176975933,164.44662466376636,286.9004677131661,1.493634848290094,183.0
6.83,12.7999,0.0354,0.0354,0.0045,184.59266416930396,224.7215042061092,582.7938975661799,199.6701558557693,156.42821064627012,164.73724412247344,287.23142059518705,1.4913293665105396,183.0
6.84,13.1782,0.0363,0.0363,0.0032,185.41628429037448,225.7241721795863,589.3951914597094,201.04871233751584,157.5902664612713,165.8421604554556,288.3392373990288,1.4795592985911885,183.0
6.85,13.6492,0.0368,0.0368,0.0026,186.02361067472305,226.46352603879328,597.439142020051,202.29484204102133,158.07661600944084,166.94007615046607,289.03436368716854,1.462176320014769,183.0
6.86,13.9967,0.0376,0.0376,0.002,186.72142688397173,227.3130414239656,603.2894680638116,203.5008444752532,159.0851257269892,167.91295806451694,290.0045196760214,1.452009178339904,183.0
6.87,14.1241,0.0399,0.0399,0.002,188.18272400178128,229.0920118282555,605.4684979354108,205.31407873939264,162.4352706673017,169.03120951909366,292.37887864318805,1.4584492009399783,183.0
6.88,14.07,0.0407,0.0407,0.002,188.67251109086504,229.68827437148784,604.6686234834806,205.7816766528607,163.67095528619774,169.2848506989621,293.2339697401237,1.4647552699050674,183.0
6.89,13.9813,0.0409,0.0409,0.002,188.7988600307682,229.84209047223956,603.2963948616931,205.7863209865424,164.04692112546806,169.26791672109596,293.51499989912514,1.4695610426805932,183.0
6.9,13.7766,0.042,0.042,0.002,189.37280505360224,230.54080615221147,599.9930930865402,206.17934284979663,165.8399809239547,169.34953807732282,294.605353366434,1.4836165603713565,183.0
6.91,13.599,0.0423,0.0423,0.0024,189.49930749074528,230.69480911916816,597.1135215672568,206.0864334962544,166.4393883802657,169.20140886515833,294.957810472152,1.4927726397254957,183.0
6.92,13.2246,0.0424,0.0424,0.0022,189.38955337790847,230.56119541658424,590.8635935843524,205.49767576613,166.90835829835711,168.62337203887654,295.0953658926846,1.5096769044796523,183.0
6.93,13.0006,0.0424,0.0424,0.0022,189.30064003858024,230.45295309044556,587.1043441962692,205.10904639108892,167.11382367246702,168.2766111571011,295.1658806217173,1.5198067231324317,183.0
6.94,12.8153,0.0423,0.0423,0.0022,189.1744133969368,230.2992858745317,583.9770016353576,204.7211782270575,167.1399185559977,167.96351329881256,295.1516002008758,1.5278678422472531,183.0
6.95,12.6956,0.0423,0.0423,0.0029,189.14433360612185,230.26266699875703,581.9726591463116,204.5204005033803,167.26126470843485,167.80384751532782,295.2386376404782,1.5335155718545954,183.0
6.96,12.464,0.0421,0.0421,0.0025,188.9177194421813,229.98678888613372,577.9751036584853,203.96868152270545,167.181130616414,167.36062035307415,295.123933421012,1.5434639668629664,183.0
6.97,12.3289,0.0419,0.0419,0.0025,188.7575078646136,229.79174870474696,575.6557976850744,203.59833842948612,167.01538027853985,167.0988275793397,295.02465508214993,1.5490220542113735,183.0
6.98,12.2246,0.0417,0.0417,0.0024,188.61850300845,229.62252540159133,573.8717768887216,203.2854854258467,166.82135204345573,166.89476476842947,294.9296265782562,1.5531750666402049,183.0
6.99,12.2285,0.0394,0.0394,0.0024,187.38874632515325,228.12543030888224,574.0230564245744,201.76259434851696,163.3030815573942,166.18445736074548,292.8690991200572,1.5415619321404732,183.0
7.0,12.1783,0.0384,0.0384,0.0024,186.83066320536537,227.4460247717492,573.2028978767363,200.99998684965425,161.81369687688104,165.79790936048397,291.98864320433955,1.5389693093145325,257.0
7.01,12.159,0.0368,0.0368,0.0028,185.93680213083437,226.3578460723201,572.9380645128688,199.8708630762691,159.35514839833874,165.24110577813082,290.4790894424841,1.5316482546269636,257.0
7.02,12.1474,0.0351,0.0351,0.0031,184.9670837795284,225.1773193837737,572.8110712400338,198.66675842824577,156.71589709046498,164.63631267876508,288.8006368462687,1.5232229734826004,257.0
7.03,12.0432,0.0348,0.0348,0.0026,184.7580385716271,224.9228295654591,571.0079300876515,198.2644002405109,156.32947780954734,164.38012789959015,288.5640631035546,1.526731985750619,257.0
7.04,11.8772,0.0347,0.0347,0.0022,184.6179874201516,224.75233251148896,568.0671276346715,197.87598928436412,156.29959779610152,164.0775621438843,288.5302513037857,1.5343682151418585,257.0
7.05,11.6919,0.0348,0.0348,0.0022,184.5766618255005,224.7020230919137,564.7446314703237,197.58737753476936,156.60313785775307,163.81019528439865,288.7082893130013,1.544175975727115,257.0
7.06,11.3444,0.0349,0.0349,0.0022,184.37982631598203,224.462397254239,558.3514847624583,196.94867833825828,157.03198248320214,163.20316652448764,288.8550958769162,1.5623564526372336,257.0
7.07,11.0085,0.0359,0.0359,0.0022,184.68349282145704,224.832078217426,552.0549719024102,196.98372480744925,158.94080536292816,162.94390211544564,289.9572243075786,1.5853807359215102,257.0
7.08,10.6263,0.0351,0.0351,0.0024,183.8941083687876,223.87108844895883,544.730528954708,195.53782562345103,157.93519587139912,161.87753323153973,289.1367679725125,1.6019760642603609,257.0
7.09,9.9931,0.0384,0.0384,0.0031,185.0381314384136,225.2638121858948,532.1727059830127,196.49396742999704,163.99084058403554,161.71630197963728,292.5055385541325,1.656072149945808,257.0
7.1,9.7345,0.0375,0.0375,0.0026,184.23738723392572,224.2889931543444,526.9412067876145,195.2657473573128,162.80763200566733,160.85308872160712,291.6524999723124,1.666725392264985,257.0
7.11,9.5337,0.0415,0.0415,0.0027,186.1506041624806,226.6181268064981,522.8357256681921,197.58497066893847,169.62381977238587,161.78908445985647,295.5803451534308,1.7006721418793025,257.0
7.12,9.3986,0.0419,0.0419,0.0028,186.2006881467837,226.67909861347584,520.0659156887201,197.5475906047253,170.4660977178473,161.6486645776483,296.0231558282006,1.711393042554291,257.0
7.13,9.2596,0.0424,0.0424,0.0029,186.28600663517693,226.78296459934583,517.1866641893141,197.5625557813284,171.48295039857268,161.5241108316169,296.5526097418157,1.7230074060745124,257.0
7.14,9.1283,0.0433,0.0433,0.0031,186.5742892445371,227.1339173411756,514.4452044448107,197.8577590691002,173.1469143639182,161.5364623332679,297.43749497723394,1.736305401123566,257.0
7.15,9.109,0.0437,0.0437,0.0033,186.79358630940223,227.40088768101143,514.1015078863423,198.09499559798172,173.83655609503637,161.67342656136898,297.8940672063227,1.7398033899886085,257.0
7.16,8.9546,0.0438,0.0438,0.0032,186.62601287214972,227.19688523566057,510.8255959414556,197.7895752084568,174.24122868831233,161.36919996140634,298.05027455886795,1.7506772470834946,257.0
7.17,8.916,0.0438,0.0438,0.0031,186.6093354830368,227.17658232717525,510.05342801399337,197.7100547438719,174.31083120051937,161.33143177307178,298.14600513639203,1.7534526483448725,257.0
7.18,8.9006,0.0437,0.0437,0.003,186.5843790234138,227.1462005502429,509.7866553463125,197.6233477696784,174.18212862474118,161.32317273367272,298.1587296066671,1.754177783312704,257.0
7.19,8.8002,0.0437,0.0437,0.0029,186.4538697327717,226.98731967467856,507.6519406127353,197.38317048771108,174.3466830923782,161.1221839348707,298.2386990898446,1.7611337120142896,257.0
7.2,8.6689,0.0422,0.0422,0.0029,185.51490233899617,225.8442289344301,504.814777111282,196.05464099916284,172.09071956471718,160.37032357359655,296.95895699922323,1.7625178472556318,257.0
7.21,8.5106,0.0406,0.0406,0.0031,184.45399501666049,224.5526895854997,501.3432974206897,194.5615648626787,169.67326220676784,159.49451531808228,295.5340103063991,1.7651678130158577,257.0
7.22,8.2944,0.0408,0.0408,0.0022,184.1826219280021,224.222322347133,496.5040048794402,194.1318988488856,170.34646894779237,159.03070855969275,295.7702554437614,1.781749809744749,257.0
7.23,8.0396,0.0393,0.0393,0.0022,182.93984802976505,222.7093802101488,490.6888909327149,192.4010032279269,168.20257882019726,157.88708656146932,294.3686194237245,1.7922952955081592,257.0
7.24,7.8003,0.0379,0.0379,0.0022,181.74544824969115,221.25532830397185,485.12413260703727,190.74470876442808,166.16568403047322,156.7892298658861,293.0207216640326,1.802570241201356,257.0
7.25,7.6111,0.0358,0.0358,0.0022,180.2537904355212,219.43939705193887,480.6609532765314,188.6851892856364,162.77465423292256,155.55805690619505,290.9060648030215,1.8051139668293592,257.0
7.26,7.4412,0.0341,0.0341,0.0024,178.9817872877876,217.8908714807849,476.59980603670834,186.9270651799468,159.99274479422698,154.4875215282097,289.1245352970357,1.8084068954972612,257.0
7.27,7.2984,0.0321,0.0321,0.0033,177.5673019880691,216.16888937677976,473.1539582250303,184.9761535225892,156.5611445935992,153.3448129948544,286.92044799466976,1.807493301101237,257.0
7.28,7.2096,0.0296,0.0296,0.0035,175.9366816841131,214.1837863980508,471.01173498601605,182.7344904564808,152.04145455362797,152.10614756032604,283.98503800397816,1.7984724333271234,257.0
7.29,7.0474,0.0269,0.0269,0.0033,173.92935645991216,211.74008612511048,466.9981769612098,180.00314391947828,147.09796039383605,150.46714474514124,280.5259427126531,1.793242875508661,257.0
7.3,7.0358,0.0246,0.0246,0.0033,172.45476641990484,209.94493303292765,466.7677592490406,177.9987229760777,142.63903163044986,149.3765187676454,277.3780704670499,1.7775160279879303,257.0
7.31,7.0281,0.0215,0.0215,0.0033,170.34400293691536,207.3753079232013,466.63580869440193,175.19089931466962,136.48057793648326,147.7487816117267,272.6556190198529,1.754180260780848,257.0
7.32,7.0204,0.0201,0.0201,0.0033,169.35485858477637,206.17113219016247,466.50359514403993,173.86711223376162,133.65543282488505,146.9580172291045,270.3706991807565,1.7435180207648266,257.0
7.33,7.0164,0.0196,0.0196,0.0033,169.01992981425417,205.76339281735287,466.4650913434144,173.39249483593184,132.64583635221524,146.69470794562866,269.5787134813438,1.7398440425003148,257.0
7.34,7.0174,0.0196,0.0196,0.0032,169.06797477560383,205.82188233551773,466.5529677804839,173.4117824495763,132.65586168116636,146.75332810952833,269.6719974522052,1.7399584048302814,257.0
7.35,7.0185,0.0195,0.0195,0.0031,169.041361349587,205.7894833821059,466.6433111658299,173.33547797347225,132.46102329221776,146.74988035151728,269.58589114154336,1.7392200609838535,257.0
7.36,7.0783,0.0195,0.0195,0.0031,169.22535928187253,206.0134808648883,468.22103977562745,173.55261166546762,132.44667039015806,146.9848248326933,269.6955721338841,1.7345888838872623,257.0
7.37,7.252,0.0195,0.0195,0.0031,169.66195162599928,206.54498458817304,472.64055671203096,174.14643784104325,132.38980693566666,147.55454114867956,269.836637894644,1.721010671882415,257.0
7.38,7.476,0.0195,0.0195,0.0031,170.1888498304754,207.18642588057875,478.2287396845917,174.89372355880374,132.32319079716393,148.25820663383254,269.98999273467314,1.7039563065843,257.0
7.39,7.6767,0.0196,0.0196,0.0028,170.72033119157132,207.83344666799988,483.1559516618787,175.64638750512216,132.4716463705877,148.9441220186216,270.3151454525683,1.6899816455915853,257.0
7.4,7.9856,0.02,0.02,0.0028,171.66299936589752,208.98104270631003,490.55739791396434,176.99988283849015,133.18073151956656,150.1004583091244,271.19792094668327,1.6711072091928147,257.0
7.41,8.1091,0.0209,0.0209,0.0029,172.60494185218298,210.1277552983097,493.5079825277118,178.21964020097278,134.8971243756043,151.0398303165747,272.8784106316516,1.6697190989675057,257.0
7.42,8.3176,0.0215,0.0215,0.0032,173.4614738874631,211.17048994995508,498.3847136991399,179.40178051693312,135.98548227155774,152.00652028566407,274.0292541572177,1.6601403726826447,257.0
7.43,8.5415,0.0219,0.0219,0.0037,174.17831920513854,212.04317120625564,503.5364828403706,180.43036235564188,136.67548130235528,152.87993580291567,274.834350689402,1.6482799837246678,257.0
7.44,8.7153,0.022,0.022,0.0034,174.57905802992894,212.53102716687005,507.4920271303408,181.03508594466064,136.8165335516367,153.43938131862814,275.1317724202641,1.63779103926345,257.0
7.45,8.916,0.022,0.022,0.0033,174.9375055042153,212.96739800513168,511.992326906586,181.6201512198487,136.766860855354,154.00075072776093,275.27165842861905,1.625077654319545,257.0
7.46,9.0511,0.022,0.022,0.0033,175.18629776989312,213.27027554595685,515.0102931206658,182.0155152958285,136.74113587490416,154.39217872452545,275.39573957522623,1.616750745928008,257.0
7.47,9.1013,0.022,0.022,0.0033,175.3066394251053,213.41677843056297,516.1679453438951,182.1735342461141,136.74028364119548,154.57274758681237,275.50036689585426,1.6138035945840907,257.0
7.48,9.0202,0.0219,0.0219,0.0033,175.16157062699585,213.2401729372124,514.4743388726798,181.8802435803426,136.5909589302961,154.37268461012465,275.4122125821914,1.6183072113233838,257.0
7.49,8.804,0.0219,0.0219,0.0033,174.87975534049423,212.89709345799295,509.79625386630175,181.2919378793244,136.66456919730678,153.8914723418646,275.455864157144,1.6322186523850133,257.0
7.5,8.7652,0.022,0.022,0.0033,174.93834100341576,212.9684151345931,509.00412673621054,181.2885190803168,136.8744283808708,153.90886669404804,275.7030947722847,1.6356478111736488,243.0
7.51,8.7811,0.0222,0.0222,0.0035,175.15492054664804,213.2320771872237,509.42465258906833,181.5281061242944,137.25301122974565,154.12179813877182,276.1244146185631,1.636283737195378,243.0
7.52,8.797,0.0228,0.0228,0.0035,175.65817066504852,213.8447295052765,509.8439536280766,182.11587765664308,138.37088272471388,154.56072856312056,277.18037319816665,1.6398571720289647,243.0
7.53,8.8311,0.0242,0.0242,0.0035,176.74719191565677,215.1704945060169,510.6651276376036,183.43575989719423,140.9451893602497,155.47108640252733,279.4379531622685,1.647946282662244,243.0
7.54,9.0743,0.0252,0.0252,0.0035,177.8572396689582,216.52185698829695,516.0596336996107,184.96822755311504,142.65899916426693,156.6637050326098,281.06359274204226,1.6395944113910923,243.0
7.55,9.387,0.0269,0.0269,0.0036,179.50735971663426,218.5306987854678,522.8503861821243,187.22468222398345,145.54336653695998,158.34354969057534,283.6252090682046,1.6318613334324126,243.0
7.56,9.7731,0.0286,0.0286,0.0036,181.19737243927327,220.58810557824572,531.0323461584798,189.6017865970639,148.3049071384651,160.13634810526491,286.07479362623627,1.6198920244233028,243.0
7.57,10.2132,0.03,0.03,0.0038,182.7199661842309,222.44169796341157,540.1139489700635,191.7769536658073,150.4184891016015,161.85527057416428,288.04780731464336,1.6036419086373226,243.0
7.58,10.6263,0.0318,0.0318,0.0041,184.3598170140932,224.4380381041135,548.4293857158754,194.17475599740587,153.20509059798204,163.63128148680872,290.4201981298092,1.5915683736094728,243.0
7.59,10.9236,0.0346,0.0346,0.0033,186.4461675838029,226.97794314549915,554.3097805924019,196.94531132612272,157.600946028245,165.49810543693243,293.78168971569875,1.5919113955228594,243.0
7.6,11.1629,0.0368,0.0368,0.0033,188.046661801488,228.926370888768,558.99000567432,199.0765455435574,160.96833016645425,166.92802825333888,296.2916146860558,1.5916060912894432,243.0
7.61,11.1938,0.0369,0.0369,0.0033,188.1848788134421,229.09463507723396,559.653400785356,199.23900167090216,161.11865965068958,167.0931753446609,296.50084472043386,1.5906986231115288,243.0
7.62,11.2363,0.0367,0.0367,0.0033,188.1551369036984,229.0584275349372,560.5369707741102,199.21977883575656,160.786338369312,167.1700018696613,296.3982015286494,1.5875313962140258,243.0
7.63,11.2247,0.0365,0.0365,0.0033,188.0757381955584,228.96176823807116,560.3886105092234,199.07530291734977,160.49132518405614,167.1302701737978,296.283747407098,1.5872237999852252,243.0
7.64,11.1552,0.0358,0.0358,0.0032,187.6425834378792,228.43444940263555,559.132824443672,198.44579613101607,159.44001660946248,166.77340964506027,295.62319136934275,1.5871989261120132,243.0
7.65,11.0819,0.0348,0.0348,0.0032,187.01802989184944,227.6741233465993,557.7987938160617,197.5890218879962,157.9035080629564,166.2842928628734,294.61953891230723,1.5856468904264762,243.0
7.66,10.9622,0.034,0.034,0.0032,186.4641869903697,226.99987981436317,555.5614863775157,196.75610647225963,156.7046751426052,165.764467539395,293.8036159290855,1.5876679719033604,243.0
7.67,10.7614,0.0339,0.0339,0.0033,186.25683912857215,226.7474563304357,551.7236883413335,196.22575338992104,156.68103665736857,165.34330434558697,293.74790112271705,1.5981949035182643,243.0
7.68,10.5993,0.0339,0.0339,0.0032,186.14087340020504,226.6062806611192,548.6046870603814,195.85439944420375,156.79828590947344,165.04209647399284,293.81174734735885,1.607353144958661,243.0
7.69,10.5242,0.034,0.034,0.0034,186.1374155860165,226.602071148194,547.1878888952489,195.8071826126659,157.065915106542,164.9731720464758,294.0055832595235,1.6119900673266545,243.0
7.7,10.4945,0.0343,0.0343,0.0035,186.33389304267723,226.8412610954332,546.6682302774913,195.97690130890047,157.59430170462846,165.08596352718897,294.4321711329733,1.615545590966213,243.0
7.71,10.4967,0.0344,0.0344,0.0034,186.44572526476776,226.97740467015208,546.7818742833773,196.0755970188935,157.76996059310224,165.19043312644794,294.6408109688619,1.6161780807399193,243.0
7.72,10.4989,0.0347,0.0347,0.0035,186.67750429165085,227.25957044200973,546.8961979173573,196.3194625339072,158.27307235775618,165.37409707142402,295.0707959796233,1.6179479096787122,243.0
7.73,10.8464,0.0347,0.0347,0.0035,187.12825030385008,227.80830471773052,553.8120472906155,197.12881581907035,158.0015411598605,166.2111665179078,295.238583268997,1.5992335476822936,243.0
7.74,11.2208,0.0348,0.0348,0.0039,187.59246592877008,228.3734367828505,561.1109741015563,198.10346771517112,157.9383222179651,167.12534532231513,295.51987640017893,1.579905833375025,243.0
7.75,11.5838,0.0349,0.0349,0.0037,188.01500571288264,228.8878330417702,568.0484643100507,199.02940591549236,157.89429797647855,167.99360819002737,295.796403626858,1.561847418521044,243.0
7.76,11.7845,0.0351,0.0351,0.0033,188.38790764023125,229.3418006054989,571.8595164396183,199.5968175553981,158.0632089830402,168.5499699126148,296.15045118006213,1.5533750748592008,243.0
7.77,11.9081,0.036,0.036,0.0033,189.08494938335588,230.19037316234628,574.2164010081194,200.5225950949157,159.41439610716543,169.21906454790985,297.2465567735754,1.552374575885248,243.0
7.78,11.9467,0.037,0.037,0.0035,189.7643199405936,231.01743297115743,575.0005853326123,201.32796706130708,160.96732904899034,169.7440656471707,298.4114290669643,1.556034293031194,243.0
7.79,11.9698,0.0373,0.0373,0.0037,190.0108649616509,231.31757473592285,575.4988993198955,201.6083186109927,161.43345236479598,169.9658153631463,298.826235208221,1.5566739879810707,243.0
7.8,12.0007,0.0372,0.0372,0.0033,190.0264849035137,231.33659031732105,576.1377056233414,201.62694951276887,161.270924267766,170.05168279135614,298.8246371010354,1.5548100141046477,243.0
7.81,11.9312,0.0371,0.0371,0.0031,189.95968124375173,231.2552641228282,574.9331236532748,201.4318160798678,161.17786241991206,169.9320744221376,298.80408999855433,1.5578559186056815,243.0
7.82,11.6069,0.0368,0.0368,0.0031,189.538365685084,230.7423582253197,568.985035057763,200.56040325685763,160.9669626155682,169.20523999673793,298.524638124533,1.5724526682785531,243.0
7.83,11.356,0.0351,0.0351,0.0031,188.34357511792584,229.2878305783445,564.3265302411289,198.8201086922602,158.45591291512963,168.07245307850303,296.74272068056445,1.576163317258486,243.0
7.84,11.105,0.034,0.034,0.0031,187.48878995199703,228.24722255025728,559.5997767061102,197.4728145295585,156.86209600533215,167.14951146739827,295.5635102827902,1.583301662201316,243.0
7.85,10.8232,0.0334,0.0334,0.003,186.8942790851996,227.52347019067776,554.2019587290985,196.3902348004054,156.07369144835943,166.34500437449137,294.9192028174475,1.5951843479783248,243.0
7.86,10.0742,0.0317,0.0317,0.0029,185.0168807010533,225.23794172302144,539.2941323455012,193.36054833560945,153.7928170900876,163.9817555063098,292.86206604343266,1.6271102368649344,243.0
7.87,9.7075,0.0289,0.0289,0.0029,182.80635212803423,222.5468634602156,531.7766864850394,190.29846339796768,149.2703713144438,161.9186167455724,289.37611183898474,1.631519452028996,243.0
7.88,9.3754,0.0272,0.0272,0.0026,181.2764787190593,220.68440887537653,524.8174840653569,188.09253182973032,146.50619725095157,160.3569777700943,287.1227272559071,1.6408303425195705,243.0
7.89,9.1901,0.0265,0.0265,0.0026,180.58559581268813,219.84333403283773,520.8962413438724,187.0430904055108,145.37708455630195,159.60730024708633,286.20075202768976,1.6478783074173695,243.0
7.9,9.1744,0.0263,0.0263,0.0026,180.47361775661287,219.70701292109396,520.6214261623035,186.8550743163185,145.04085858651965,159.52386604377682,286.0070454354247,1.6476940267223652,243.0
7.91,9.1763,0.0262,0.0262,0.0026,180.4549496397536,219.6842865179609,520.7278188354289,186.79664393498183,144.87349239267553,159.5342839893114,285.957382998533,1.6470760793252306,243.0
7.92,9.1783,0.0262,0.0262,0.0031,180.50439052562575,219.74447542250093,520.8383691306994,186.82067321113595,144.8843379943332,159.59533566511303,286.0492641276243,1.6471250434759643,243.0
7.93,9.2326,0.0262,0.0262,0.003,180.6300827290075,219.8974920179222,522.0780274940497,186.98713482728616,144.86927429891782,159.78699714186197,286.1530883264808,1.643896462632809,243.0
7.94,9.4681,0.0262,0.0262,0.003,181.0093564585456,220.35921655822935,527.1909820352622,187.6413399251232,144.76948933569008,160.42379220800973,286.29769755655855,1.6295264753857863,243.0
7.95,9.7963,0.0262,0.0262,0.0031,181.4902568912992,220.94466056332072,534.164947406104,188.52756877325373,144.6391164778344,161.26934830658524,286.4611072099476,1.6100554448087376,243.0
7.96,10.0124,0.0259,0.0259,0.0033,181.6111540511135,221.09183971439904,538.7034091224176,188.8498584910145,144.0332852948401,161.6787846286813,286.1697430090716,1.5958019941478072,243.0
7.97,10.0626,0.0253,0.0253,0.0032,181.29487060012175,220.70679899145264,539.800210756358,188.51833270357704,142.99497449343872,161.53718474145316,285.4003057399715,1.589038812904273,243.0
7.98,9.692,0.0244,0.0244,0.0031,180.26323347980895,219.45089293194135,532.183788936412,186.80998704536157,141.53530750193323,160.24021270646816,284.0708191076228,1.604727413356338,243.0
7.99,9.3716,0.0229,0.0229,0.0033,178.7872574805262,217.6540525849884,525.4597231049374,184.72154140354752,138.983155489104,158.68407762254415,281.7566175338506,1.6133714278407438,243.0
8.0,8.9778,0.0225,0.0225,0.0029,177.97209114771877,216.66167617983157,516.9759672876277,183.2909647318307,138.36882321155966,157.53042975134673,281.1115610962233,1.635160103449667,154.0
8.01,8.6033,0.0224,0.0224,0.0027,177.35260134852146,215.90751468515657,508.6920133710226,182.13540035188004,138.30329696707585,156.56331837931089,280.94903573383846,1.6589798027308809,154.0
8.02,8.3099,0.0226,0.0226,0.0027,177.04130066775224,215.52853994335055,502.0563342376385,181.45236814024963,138.7887450671554,155.95205169985826,281.29044271389654,1.6805721048570743,154.0
8.03,8.1991,0.0228,0.0228,0.0026,177.0315066261059,215.5166167622159,499.54989106116153,181.30824563311756,139.2196606537522,155.81873250486927,281.67362841225474,1.6899832172852822,154.0
8.04,8.2022,0.024,0.024,0.0025,177.9324408197124,216.6134062153021,499.68314909175854,182.37594107841736,141.48618776858785,156.54619231845496,283.6482325684491,1.6988519378160072,154.0
8.05,8.2052,0.0241,0.0241,0.0026,178.05298920232616,216.76016076804925,499.8148965783242,182.48756642426076,141.6826337260666,156.66260110620922,283.8916301110812,1.6995558023805308,154.0
8.06,8.2442,0.0241,0.0241,0.0026,178.1689836197221,216.90137136313996,500.7825604223738,182.62189364215928,141.67396869718533,156.82372520022497,283.99077674457186,1.6969942355415784,154.0
8.07,8.6651,0.0242,0.0242,0.0026,179.01022610348818,217.92549264772475,510.461270678854,183.9699331777093,141.6765329401172,158.06100406716598,284.33759240182906,1.669109064795295,154.0
8.08,9.1863,0.0242,0.0242,0.0026,179.86177869442523,218.9621653671264,522.0423267420814,185.47034242105943,141.4851151879081,159.450948339815,284.5496579445176,1.635630840565236,154.0
8.09,9.6109,0.0245,0.0245,0.0026,180.70818528163164,219.9925733863342,531.195825458892,186.90203694213045,141.89136541648415,160.7112657009817,285.19031729291777,1.6119412100581922,154.0
8.1,9.8426,0.0251,0.0251,0.0026,181.49078250420357,220.9453004399,536.1170914910085,188.0142625433446,142.86850593390074,161.6431829010586,286.2286233368129,1.602704358722752,154.0
8.11,9.7345,0.0251,0.0251,0.0026,181.3824474703738,220.8134143117594,533.9254836886922,187.76536151271637,142.93297434352974,161.441693604696,286.2945866522801,1.6090643654263146,154.0
8.12,9.5453,0.0251,0.0251,0.0027,181.1789915354724,220.5657288257925,530.0025212377866,187.27685584869008,143.01081569237866,161.04120735986126,286.34226602454083,1.6205316966375094,154.0
8.13,9.3021,0.025,0.025,0.0027,180.81791674303656,220.1261595132619,524.8671699331284,186.54922863533287,142.93544019062145,160.44555134916027,286.22816346598205,1.6348925259933993,154.0
8.14,8.943,0.0245,0.0245,0.0028,179.98066944299333,219.1069019306006,517.0965393852807,185.1446266019128,142.18836246043435,159.32567892879203,285.4830294662067,1.65428756681638,154.0
8.15,8.6612,0.0245,0.0245,0.0031,179.57616009451067,218.6144557672304,510.8743037485475,184.35090088088828,142.31819144680955,158.64692726024435,285.504066962333,1.6729692431486314,154.0
8.16,8.3871,0.0244,0.0244,0.0033,179.0846935270039,218.01614864157,504.6994083066536,183.47456004218327,142.27082828598893,157.91418562913702,285.37292749789725,1.691056810418814,154.0
8.17,8.14,0.0244,0.0244,0.0031,178.68240313124946,217.52640381195587,499.0267915586372,182.7444698943259,142.4046896265024,157.28917141499656,285.3982026485597,1.7086001383170932,154.0
8.18,7.9161,0.0228,0.0228,0.0035,177.17197109153673,215.68761698100127,493.8000973860175,180.67903262266185,139.49844306708664,155.8322914611729,282.92208812385087,1.7130493516889134,154.0
8.19,7.7097,0.0218,0.0218,0.0029,176.08282900989175,214.36170488160735,488.8984178464448,179.1471994239703,137.67025621375916,154.7162867601986,281.30924430899205,1.7208108541318157,154.0
8.2,7.6066,0.0213,0.0213,0.0029,175.54842645120888,213.7111278536456,486.44947813637407,178.37587242091553,136.74582315218188,154.17182893148987,280.52063853760137,1.7248281574836044,154.0
8.21,7.5586,0.0211,0.0211,0.0029,175.34430361652778,213.462630489686,485.3332199618762,178.05154578272948,136.38141118475525,153.962948933029,280.2500891606733,1.727072104475165,154.0
8.22,7.5598,0.0209,0.0209,0.0029,175.24216461566814,213.3382873582047,485.42114516103567,177.88819498455746,135.99830106844956,153.89687956637775,279.9898698724777,1.7255647578992377,154.0
8.23,7.5609,0.0209,0.0209,0.0029,175.2879670315133,213.3940468209727,485.50655774059067,177.90701461579042,136.00779033585397,153.95213005467363,280.07630922343293,1.725665240288112,154.0
8.24,7.5648,0.0209,0.0209,0.003,175.33964631201178,213.4569607276665,485.6610476102418,177.9351349107301,136.01632997443355,154.01554695008377,280.16343807732227,1.725550832694598,154.0
8.25,7.4875,0.0207,0.0207,0.0031,175.07090530828737,213.12979776661072,483.8179915794282,177.51051537085198,135.65806754319766,153.71705792668587,279.8780516122489,1.7300435878727276,154.0
8.26,7.4065,0.0205,0.0205,0.0035,174.79072385144144,212.788707297407,481.8717299755512,177.07013670387042,135.29856854785638,153.4045081451117,279.5882049099071,1.7348688708550597,154.0
8.27,7.2482,0.0204,0.0204,0.0032,174.40879078105948,212.3237452986811,477.9673574479006,176.45449950073296,135.16192720649315,152.9173639260404,279.4513901193216,1.7467006853957856,154.0
8.28,7.1285,0.0201,0.0201,0.0029,173.95305833542102,211.76894058225167,474.9921948626882,175.77618042502826,134.61006404186088,152.41484317835668,278.9646055711314,1.7540206941967795,154.0
8.29,7.0397,0.0199,0.0199,0.0028,173.63731750655427,211.3845604427617,472.77932222280094,175.29236611727984,134.24509848867982,152.06476170491968,278.66142413325366,1.7597724181781402,154.0
8.3,6.866,0.0196,0.0196,0.0028,173.03384597762087,210.64989945101672,468.344892812423,174.4058776592101,133.7017187239157,151.37847774629822,278.1450978629557,1.7718481460215052,154.0
8.31,6.7231,0.019,0.019,0.003,172.26072301192863,209.7087062753914,464.6538015108183,173.3274470210318,132.52044845897916,150.58214343263052,277.06444497630923,1.7790073275278813,154.0
8.32,6.3371,0.0176,0.0176,0.0033,170.18484437557447,207.1815496746124,454.3328815429388,170.5134257022774,129.68510159852818,148.40956763388346,274.28470708736774,1.8007463857341324,154.0
8.33,6.0938,0.0168,0.0168,0.0031,168.89102689976062,205.6064675301434,447.6416964487188,168.75814945237434,128.01498789791162,147.05564626102685,272.63481898015806,1.81598353941758,154.0
8.34,5.8969,0.0163,0.0163,0.0031,167.93283279718426,204.43997036178956,442.1133597802489,167.45352590977993,126.95759213997152,146.04388526051954,271.58249301154666,1.8302448522083117,154.0
8.35,5.758,0.0151,0.0151,0.0031,166.54342596874704,202.7485185706486,438.1583144207961,165.6149069807169,124.28674055797757,144.6707953057213,268.9301209247863,1.832168240362724,154.0
8.36,5.7267,0.015,0.015,0.0028,166.399131142994,202.5728553045145,437.2971814859034,165.38577565737688,124.06865935207875,144.52566652793496,268.7684582672873,1.8344630100642856,154.0
8.37,5.7126,0.0151,0.0151,0.0026,166.4782573747068,202.6691828909474,436.9362086113687,165.44492777916406,124.30446830069846,144.60211874585718,269.077181332714,1.837086751762136,154.0
8.38,5.7141,0.0153,0.0153,0.0025,166.6913365980982,202.9285836846413,437.0311309195695,165.6777445246196,124.76646986334146,144.81366247753286,269.61980615386653,1.839160005375064,154.0
8.39,5.7155,0.0156,0.0156,0.0026,166.98647963050468,203.2878882458318,437.12418980815,166.0158601864287,125.4538653312694,145.10046318203473,270.3833412897312,1.8422340415063216,154.0
8.4,5.9317,0.0168,0.0168,0.0026,168.6895323959477,205.36116987332767,443.4199856050423,168.18620123995487,128.1047274835014,146.8270038157876,273.1581403054063,1.8328341197829627,154.0
8.41,6.1981,0.0174,0.0174,0.0026,170.0032625179234,206.96049350008064,450.97675265509497,169.88169077711643,129.36104114027512,148.2388143746036,274.5789614906824,1.813360853063405,154.0
8.42,6.5494,0.0188,0.0188,0.0026,172.11313074104672,209.5290287282308,460.6284321373729,172.63288337275208,132.25041624224988,150.43285717947322,277.55184983650696,1.7943967541179635,154.0
8.43,6.9741,0.0187,0.0187,0.0024,173.14891481944244,210.78998325845168,471.8713506790981,174.1089608703185,131.94097586355403,151.78296721548978,277.5718072662157,1.757475365985659,154.0
8.44,7.3717,0.0196,0.0196,0.0024,174.79609107572975,212.79524130958404,482.0281039327671,176.37152113171535,133.6842778731875,153.64839184677618,279.47160193192195,1.7334026335465331,154.0
8.45,7.7539,0.0204,0.0204,0.0024,176.24805740338155,214.5628524910732,491.4831549294116,178.40891674663325,135.1851042023696,155.33674488469586,281.1181421411755,1.711044988342589,154.0
8.46,8.0628,0.0206,0.0206,0.0024,177.04045287549474,215.5275078484284,498.930449498649,179.60641034958067,135.5157239406977,156.39099075920427,281.64055500290544,1.6903634316732292,154.0
8.47,8.2867,0.0209,0.0209,0.0025,177.7177292444606,216.3520182106477,504.2374487059836,180.59893905199152,136.05528659238465,157.24922206750156,282.31197441950843,1.6771666996002688,154.0
8.48,8.1709,0.0209,0.0209,0.0026,177.5521588439352,216.15045424479067,501.593236135906,180.25113570941716,136.0884573998144,156.98236825687522,282.36685744642915,1.6854240277338155,154.0
8.49,8.0512,0.0209,0.0209,0.0026,177.37347261896963,215.93292318831087,498.8318183771246,179.8867521759182,136.12430885227133,156.70044551683986,282.4202198631215,1.6940876880787883,154.0
8.5,7.8775,0.0208,0.0208,0.0031,177.00870329611507,215.48885618657488,494.7531901245064,179.2530002536947,135.98210996766107,156.19800133396706,282.2826926236486,1.7060277129494503,207.0
8.51,7.696,0.0207,0.0207,0.0035,176.61421079788153,215.0086044495949,490.4265415887499,178.58295300470724,135.8433951536576,155.66319777843634,282.1411553746185,1.7188443748084892,207.0
8.52,7.4528,0.0198,0.0198,0.0032,175.46581349836188,213.6105555632232,484.5029683632728,176.9531621554034,134.1407349903885,154.42486998831006,280.53213159665296,1.7302212722281658,207.0
8.53,7.1941,0.0189,0.0189,0.0033,174.24168593037402,212.1203133065423,478.06480964121647,175.22540408396938,132.39814314987444,153.09908500482362,278.85055982010886,1.7431821653409916,207.0
8.54,7.0165,0.0172,0.0172,0.0033,172.52421254399988,210.0294761405216,473.5769412087734,172.95966794556452,128.9499135687356,151.4095708162046,275.48539960365565,1.742841601532917,207.0
8.55,6.9007,0.0169,0.0169,0.0035,172.04480710151867,209.445852123588,470.6316894238904,172.25249051480898,128.33858627036875,150.8758092769703,274.9034962795663,1.749817212102578,207.0
8.56,6.8158,0.0163,0.0163,0.0037,171.3866173009908,208.6445775838149,468.4667780499685,171.3506197233253,127.09041925567784,150.20470111537136,273.6705286049079,1.7515625675227655,207.0
8.57,6.7685,0.0155,0.0155,0.0032,170.6440269611081,207.740554561349,467.2738367369067,170.3742385064966,125.40704858475264,149.47719269316474,271.9522574001187,1.7482411941442242,207.0
8.58,6.7674,0.0155,0.0155,0.003,170.68182871047577,207.78657408231837,467.2977738893915,170.38319622559746,125.41565994311104,149.52216127761452,272.0321798753014,1.7485159210101835,207.0
8.59,6.7762,0.0154,0.0154,0.0029,170.66039873014495,207.76048541061124,467.58320065771767,170.3277087438468,125.21400741961963,149.51823352442983,271.8861077826865,1.747016989839832,207.0
8.6,6.7849,0.0154,0.0154,0.0028,170.72268929933614,207.83631740788744,467.8658049797728,170.37400796615137,125.2241678919015,149.59423915329484,271.9687334791663,1.7464711142013618,207.0
8.61,6.9702,0.0153,0.0153,0.0028,171.13228669766164,208.33495771889244,472.7603088975719,170.9842991379397,125.05684772474731,150.14310826483705,271.8726081365911,1.730478063249735,207.0
8.62,7.1594,0.0152,0.0152,0.0028,171.53202778371764,208.8215990410476,477.676383956114,171.5982113227341,124.90147119120768,150.68988278208715,271.77458868651,1.7146333168646095,207.0
8.63,7.3601,0.0149,0.0149,0.0029,171.76938339359975,209.11055369655625,482.8035109062443,172.04290186018423,124.35189799405072,151.0895888772976,271.20621715267407,1.6965268387863062,207.0
8.64,7.4489,0.0136,0.0136,0.003,170.8894304851528,208.0393066775773,485.076355855434,171.07008048603527,121.749961369622,150.2566291075813,268.1089255456752,1.6779940351093003,207.0
8.65,7.4528,0.0131,0.0131,0.0031,170.50385740403178,207.56991336143,485.2293856406916,170.5917910486072,120.74778529578958,149.84968061862082,266.8856745617419,1.6731987404815076,207.0
8.66,7.3756,0.0128,0.0128,0.003,170.11172602870468,207.09253603494489,483.35813704077896,170.013522104609,120.1007203650526,149.3857059200944,266.1403836388959,1.6762615293090437,207.0
8.67,7.3765,0.0127,0.0127,0.0029,170.06585292200734,207.03669051374808,483.4354203927828,169.9285416162775,119.9072425051445,149.33901787719304,265.9470414638148,1.6754162948647071,207.0
8.68,7.3774,0.0127,0.0127,0.0029,170.10768381134196,207.0876150746772,483.5131254394652,169.94578791150002,119.91710589799568,149.38950738383235,266.0248544542628,1.6755169918479311,207.0
8.69,7.3794,0.0127,0.0127,0.0019,170.15151415435648,207.14097375312963,483.6135579293114,169.96643059490106,119.92755643908296,149.4431665254276,266.10289437719524,1.6755499927237922,207.0
8.7,7.3833,0.0127,0.0127,0.0019,170.19996585241813,207.1999584290308,483.7662499715006,169.99489124369268,119.93937031644238,149.50232898310972,266.1813748240981,1.6754276627333742,207.0
8.71,7.3872,0.0136,0.0136,0.0019,171.034141381529,208.2154764644701,483.9188753554288,170.93962971379588,121.78270526886436,150.41380542987787,268.64029620914965,1.6837854378959596,207.0
8.72,7.3988,0.0147,0.0147,0.002,172.04574350636497,209.4469920947052,484.2644813761476,172.1059156963497,124.0394615338862,151.4704689762204,271.4522671133494,1.6932911339252366,207.0
8.73,7.5686,0.0182,0.0182,0.002,175.3303265479843,213.4456149279809,488.53539352938986,176.1363810331313,131.13476661753882,154.73335693846553,279.22246360941284,1.7115979392971703,207.0
8.74,7.8234,0.0155,0.0155,0.0021,173.68625045979812,211.44413099453683,494.8100815631025,174.43135634989565,125.81154332130188,153.46328464656068,273.60019059896246,1.6696268786520594,207.0
8.75,8.2558,0.0201,0.0201,0.0022,178.2284840649178,216.97380668772604,505.1409184068222,180.1993119515841,134.81209489977326,158.07917257762176,283.1961194789156,1.6777465744998048,207.0
8.76,9.4488,0.0204,0.0204,0.0024,180.3781774649705,219.5908247399641,531.928362741208,184.1016302161715,135.34083569541662,161.43121183801625,284.10769933850315,1.60317378124701,207.0
8.77,10.0935,0.0214,0.0214,0.0026,182.00326974568029,221.56919795126296,545.572403188512,186.7909347059192,137.14084129086274,163.67338733413845,286.1029608469695,1.5731454625449377,207.0
8.78,10.7112,0.024,0.024,0.0029,184.6506389857336,224.7920822435017,558.1565279686058,190.59738558026996,141.59765705128925,166.71071801907047,290.61105529214484,1.557417834848574,207.0
8.79,11.217,0.0245,0.0245,0.0031,185.54621338698345,225.88234673197988,568.1458896782129,192.29874819460457,142.40194864158804,168.16273532284677,291.5745536690514,1.534485426718749,207.0
8.8,11.5722,0.0248,0.0248,0.0028,186.11670214960787,226.57685479082696,575.0156290685219,193.42868129020565,142.88151185513934,169.1435297702636,292.18765831103326,1.5187795347290731,207.0
8.81,11.7189,0.0249,0.0249,0.0026,186.3531661025189,226.8647239508926,577.8534846327619,193.8817045415072,143.0478032140294,169.5607689940449,292.4518264699285,1.5123889503738643,207.0
8.82,11.7305,0.0249,0.0249,0.0024,186.40657467944143,226.92974308801567,578.1361197228738,193.92932911334864,143.06016191171116,169.6384184766649,292.5379171004836,1.5119850129985462,207.0
8.83,11.6359,0.025,0.025,0.0035,186.44538296926385,226.9769879625821,576.4193289159304,193.7993739685314,143.24291497522682,169.55051625529788,292.75676155719844,1.5173973898015838,207.0
8.84,11.5413,0.0253,0.0253,0.0022,186.62472822284192,227.19532131476407,574.6844445055186,193.8237252018355,143.7550083811932,169.57242740221568,293.27735525493205,1.5241572559146388,207.0
8.85,11.2981,0.0255,0.0255,0.002,186.59928256458505,227.1643439916688,570.0912616514208,193.404508758068,144.12521007072607,169.21687360603025,293.6154243525468,1.5378167256878543,207.0
8.86,11.1514,0.0258,0.0258,0.002,186.7218777361765,227.3135902875192,567.3156609240307,193.2961905252793,144.6559458230612,169.11583180838014,294.11778479493574,1.5474226021773043,207.0
8.87,11.0085,0.0267,0.0267,0.002,187.2644108610945,227.9740653961151,564.590633947623,193.661591214474,146.18824954629525,169.33622628676466,295.4878877056682,1.560809315092543,207.0
8.88,10.8271,0.0271,0.0271,0.002,187.40472222864517,228.14487923487235,561.0811765085754,193.53937750058464,146.9128656341753,169.19317020107022,296.107653982742,1.573132213170291,207.0
8.89,10.8154,0.0275,0.0275,0.002,187.71252821835216,228.51959957016788,560.9119897834441,193.8399952177947,147.59590410795403,169.42568825898474,296.75433117679626,1.5764624585014853,207.0
8.9,10.8293,0.0282,0.0282,0.0022,188.24939703400068,229.17317899791388,561.2504645672129,194.4349213881098,148.76917355910405,169.86401155368208,297.8131389049347,1.580283562980345,207.0
8.91,10.8432,0.0289,0.0289,0.0022,188.7811466002908,229.82052629600625,561.5879662865177,195.0252155563925,149.9380047649754,170.2946565848697,298.85167847483785,1.5840565142426586,207.0
8.92,10.939,0.03,0.03,0.0022,189.65744207443237,230.8873207862655,563.540669857569,196.11507423220397,151.72781583635327,171.09333598677134,300.41129752157366,1.5858250612274518,207.0
8.93,11.2131,0.0304,0.0304,0.0022,190.23714285080047,231.59304347053973,568.9564780866629,197.10072359339492,152.28286531450283,171.94657761178635,301.06946478770993,1.57393744602536,207.0
8.94,11.6726,0.0305,0.0305,0.0022,190.76396668179797,232.23439422131923,577.8162241360432,198.28430424566992,152.2816174523827,173.0448484121565,301.372879084804,1.5512587360002406,207.0
8.95,12.1165,0.0307,0.0307,0.0022,191.289459020896,232.8741240254386,586.1781707642576,199.48628387150865,152.470360000404,174.12592113131183,301.7977261586961,1.5307626173801951,207.0
8.96,12.5412,0.033,0.033,0.0024,193.1453179010091,235.13343048818496,594.0095279507105,202.1219916305128,155.93820846292425,176.09901882720456,304.80929280977153,1.5239092097917477,207.0
8.97,13.2863,0.034,0.034,0.0024,194.2948391552222,236.53284766722703,607.3175715186057,204.45503271306532,157.2107620736392,178.06438174208986,306.2116380527341,1.4957650147259751,207.0
8.98,13.5257,0.034,0.034,0.0029,194.46859530748796,236.74437689607225,611.5436943998037,204.9781587892834,157.14118884107086,178.5781825933471,306.338449545677,1.4854667733759193,207.0
8.99,13.8538,0.0343,0.0343,0.0028,194.86801757270376,237.23063008850892,617.2360131923815,205.8846447013483,157.4962474958999,179.38178976904928,306.82928142998486,1.4732158397645618,207.0
9.0,14.2554,0.0346,0.0346,0.0027,195.2814890389824,237.73398665615247,624.0788500033146,206.9251253588692,157.82869834568478,180.3074168545549,307.328227193686,1.458261333764159,375.0
9.01,14.6028,0.0349,0.0349,0.0026,195.652877253228,238.18611143871232,629.9140905308977,207.8409843215179,158.17941825663632,181.11925748806917,307.8146321614563,1.4459258383194968,375.0
9.02,15.0236,0.0353,0.0353,0.0026,196.0947938109282,238.72409681330396,636.8570006040916,208.9522719105496,158.65467419001763,182.0899592560072,308.4223548878522,1.4315659444709394,375.0
9.03,15.4599,0.0351,0.0351,0.0025,196.13241465603693,238.76989610300149,643.9297476346168,209.67083886902617,158.2650382550148,182.8122400613844,308.34634922759534,1.414011440526216,375.0
9.04,15.9116,0.0401,0.0401,0.0025,199.42343178465669,242.77635173784293,651.123951448522,213.81600670413775,165.2335360295924,185.6694386516852,313.88590865748694,1.421984407189718,375.0
9.05,16.5409,0.0439,0.0439,0.0024,201.8732739812004,245.7587683249396,660.9151772436844,217.356161283562,170.2666848553827,188.1755520530369,317.78220282476406,1.4169298547541245,375.0
9.06,17.0853,0.0454,0.0454,0.0026,202.87781762772403,246.9816910250553,669.2150160543656,219.23752589103827,172.08520103898914,189.64122562488816,319.3389239853413,1.4046093237640258,375.0
9.07,17.8767,0.0468,0.0468,0.0021,203.80316108964567,248.10819610913384,680.9636738321904,221.4236862643732,173.62929389453484,191.4222573336245,320.7992072079248,1.3840176341297827,375.0
9.08,17.896,0.05,0.05,0.0018,205.67824054897852,250.39090153788692,681.3179055286905,223.38140587652427,177.88263798605948,192.5648692480276,323.6621910875152,1.3971254834792386,375.0
9.09,17.9578,0.0531,0.0531,0.0017,207.44452046720951,252.5411553513855,682.2897650480875,225.30493318978876,181.9427494464653,193.68405927610127,326.3023328855118,1.4079723941406337,375.0
9.1,17.7995,0.0545,0.0545,0.0016,208.23483386729484,253.50327601235887,680.0597387021354,225.874842155079,183.88258354156463,193.9148030050275,327.4777446319776,1.4190758566170874,375.0
9.11,17.7107,0.0566,0.0566,0.0016,209.3855845293824,254.90418986185688,678.8355327661183,226.9400917829752,186.69135692289944,194.44359421046212,329.1705591642754,1.4305592127360116,375.0
9.12,17.7609,0.0588,0.0588,0.0016,210.58119727221143,256.3597184183444,679.6437055013259,228.26625399089872,189.52468374043184,195.1990329082113,330.90516247145047,1.4375404703543333,375.0
9.13,17.3015,0.059,0.059,0.0016,210.6569589575984,256.4519500353372,672.947012515891,227.6538564956372,190.11704437146656,194.57788442301523,331.07885413997934,1.454306482031495,375.0
9.14,16.5409,0.0593,0.0593,0.0016,210.67780575404976,256.4773287440606,661.5606491435173,226.5686786373641,191.0800157767647,193.4625556680931,331.27875906328865,1.4828412468415406,375.0
9.15,15.1858,0.0594,0.0594,0.0016,210.26994033987648,255.9807969355018,640.3782218050384,224.2511145876514,192.3186292602938,191.1807616246053,331.23343534834885,1.5352701420297292,375.0
9.16,15.0082,0.0592,0.0592,0.0017,210.13561048638283,255.81726493994432,637.5762089268078,223.8366340579413,192.2182022583281,190.86169921517285,331.1509183889376,1.5418016843459807,375.0
9.17,14.4252,0.059,0.059,0.0018,209.7753331507588,255.378666444402,628.0676053938129,222.647264025524,192.4761612861365,189.78013914186056,330.99959355114584,1.565305178440339,375.0
9.18,14.0855,0.0579,0.0579,0.002,209.07790895492025,254.5296282929464,622.4439638515704,221.4103376052309,191.31784447134908,188.8920220922769,330.22358036681896,1.5755448515058434,375.0
9.19,13.352,0.0461,0.0461,0.0026,202.57099388752755,246.60816647177268,609.9249812056177,213.0229354274992,175.388922101441,183.9862562976153,320.54480509243086,1.5572856471792416,375.0
9.2,12.8037,0.045,0.045,0.0016,201.61806539746465,245.4480796143048,600.2946091376044,211.2227011027108,174.2149205699384,182.56763436080908,319.5287828872953,1.5774242445050912,375.0
9.21,12.0432,0.0439,0.0439,0.0007,200.4408952665542,244.01500293319643,586.4760657297845,208.8761661735972,173.16833094230032,180.64809610692524,318.4456491020934,1.6092232997337097,375.0
9.22,11.3598,0.0417,0.0417,0.0007,198.60463045737797,241.7795501220253,573.5948687951917,205.90237254156813,170.3870193968524,178.42581546597037,316.27444962318265,1.6336465528166804,375.0
9.23,10.7846,0.0403,0.0403,0.0007,197.2289230809962,240.104775924691,562.382127829394,203.60868304084468,168.6908250489237,176.64770389003303,314.8387588603956,1.657898172211599,375.0
9.24,10.275,0.0389,0.0389,0.0007,195.849463521954,238.42543385281363,552.1380589335699,201.40187447213407,166.90926639355052,174.95929962399995,313.3685426267323,1.6797957141387898,375.0
9.25,9.831,0.0323,0.0323,0.0007,191.34412208852493,232.9406703686391,542.9576395648829,195.58367846431912,156.4825725048135,171.23916533576747,305.8687897191056,1.668856071571204,375.0
9.26,9.5492,0.0289,0.0289,0.0012,188.7978421241762,229.84085128160584,537.0184305171133,192.25883785273717,150.88516085228116,169.00729262589434,301.49548326851,1.6651147810705615,375.0
9.27,8.943,0.0271,0.0271,0.0012,186.71958304134415,227.31079674598425,523.7874273333839,189.11728390263008,148.03399294269337,166.57737940116516,298.92202239522766,1.6921772351888176,375.0
9.28,8.6882,0.0263,0.0263,0.0018,185.7956482456335,226.18600655990167,518.0937098752783,187.72507997278893,146.72934905858205,165.52301184451042,297.7773915455216,1.703940527556676,375.0
9.29,8.5454,0.0255,0.0255,0.0018,185.0390320760868,225.26490861436653,514.8791706269576,186.6492242899383,145.35453580469812,164.75495753932424,296.628430759704,1.7083026842624076,375.0
9.3,8.559,0.0253,0.0253,0.0019,184.96501785328675,225.17480434313168,515.2473389110125,186.54119463159265,144.9954338985533,164.7342874652424,296.40910466580823,1.706126600120955,375.0
9.31,8.5726,0.0251,0.0251,0.002,184.89024516862787,225.0837767270252,515.6152127850486,186.43274879936976,144.63629602797565,164.7126527999212,296.1874422960834,1.703947460576928,375.0
9.32,8.6443,0.0228,0.0228,0.0026,183.3994018807515,223.26883707221924,517.3158720746046,184.73601374849025,140.42000186727358,163.64891661900998,292.60740466036606,1.6825514448866603,375.0
9.33,8.8002,0.0231,0.0231,0.0022,183.91774642786197,223.8998652165276,520.9135640145369,185.4866848910277,140.94782760649895,164.29775924499262,293.223392087284,1.6745136704249186,375.0
9.34,9.5106,0.0233,0.0233,0.0021,185.1664198551868,225.41998938892309,536.6486942731534,187.78281969832463,141.20155422700938,166.31320619963293,293.800495168019,1.6309701956702891,375.0
9.35,10.4178,0.0242,0.0242,0.002,186.97930660841405,227.62698195806928,555.7125323394786,191.08128692085265,142.6896926278302,169.090758569526,295.53072081159894,1.5844771054370272,375.0
9.36,11.4332,0.0258,0.0258,0.0019,189.1948514068,230.32416693001736,575.8707224571168,194.9835558386185,145.26781314590067,172.3348489524818,298.2864658992221,1.5414836290525415,375.0
9.37,13.3404,0.0292,0.0292,0.0019,192.93962606085768,234.88302303060937,610.8921753402507,202.01147009307968,150.4457149528631,178.07892306357112,303.55395250648866,1.4729604339621138,375.0
9.38,14.2206,0.0313,0.0313,0.0018,194.81800748885777,237.16974824730517,626.0515120471326,205.40760828446847,153.50071889001765,180.8175467640238,306.5345488518627,1.4478508266507304,375.0
9.39,14.8847,0.031,0.031,0.0018,194.8947810987516,237.26321177239325,637.1295829522284,206.57568019245744,152.98485261538102,181.9183258338065,306.3369944625621,1.4199186624352498,375.0
9.4,15.2862,0.0433,0.0433,0.0018,202.83571324689737,246.93043351796203,643.7083530911357,215.5148331343229,170.53503358155035,187.8083923432755,320.087228028064,1.466263241283124,375.0
9.41,15.7108,0.0491,0.0491,0.0016,206.3251451353064,251.1784375560252,650.5485088565202,219.8662075867452,178.36441949316836,190.58471075855445,325.51453943081566,1.4761100171939514,375.0
9.42,16.2822,0.0473,0.0473,0.0015,205.5108651929908,250.18714023494536,659.5560281600655,219.84027387779332,175.60476509184778,191.0311248326782,324.11061800449727,1.4469502620076955,375.0
9.43,16.6915,0.0511,0.0511,0.0015,207.7688652489584,252.9360098682972,665.9108216913083,222.83451709700915,180.53048289501967,193.0057915429145,327.5309888613178,1.4485205852225476,375.0
9.44,17.2706,0.0638,0.0638,0.0017,214.50265489858032,261.1336668330543,674.7146173929792,230.88954674585187,196.7537119549401,197.62069534370423,337.29541148242294,1.4778667899114202,375.0
9.45,17.3825,0.0661,0.0661,0.0018,215.68526263206115,262.5733632042483,676.4523974755886,232.3053845295533,199.6045585766121,198.44526879362772,338.9588856762901,1.4824361136658593,375.0
9.46,17.703,0.0663,0.0663,0.0026,215.90047787145943,262.83536436525503,681.2634794057562,232.96275238819624,199.62222654951617,199.0764698586728,339.2286456271784,1.4721440604456653,375.0
9.47,17.8188,0.0662,0.0662,0.0018,215.92424040079848,262.8642926618416,683.0315324196549,233.12440331113552,199.42278627991743,199.29703038692503,339.2691254417844,1.4679645683246934,375.0
9.48,17.8574,0.0662,0.0662,0.0016,215.98040560310096,262.9326676907316,683.6672316685969,233.2117935122374,199.4085518067488,199.41764287488095,339.3651628532179,1.4667985854670471,375.0
9.49,16.9463,0.0652,0.0652,0.0015,215.3379481009036,262.1505455141436,670.1964229677081,231.1981217673151,198.8652397977016,197.72754070833705,338.6534067136295,1.4953405271720013,375.0
9.5,16.6683,0.0643,0.0643,0.0015,214.8736468710248,261.585309234291,666.0445908763515,230.27285194862708,197.95073199147544,197.0873928145032,338.09071953716693,1.5023160390376449,423.0
9.51,16.0545,0.0644,0.0644,0.0016,214.75479706575985,261.4406225148381,656.6354667915157,229.27154353279332,198.59796253815085,196.10807229496672,338.155149355166,1.5257829416908395,423.0
9.52,15.8421,0.0643,0.0643,0.0019,214.6697593121565,261.3370982930601,653.3722139459725,228.86067349533755,198.66248200146245,195.76427550338812,338.143422617909,1.5337215407085325,423.0
9.53,15.1433,0.0641,0.0641,0.0022,214.3013630942078,260.88861594077474,642.2769993610583,227.48480040576973,199.02143573900287,194.5031421328721,337.9834501987377,1.5608147945793385,423.0
9.54,15.0176,0.0644,0.0644,0.0029,214.41535109816047,261.0273839455867,640.3038772893043,227.43745637997893,199.55160648424908,194.40179688271127,338.25755152558816,1.567143736348357,423.0
9.55,14.9621,0.0647,0.0647,0.0026,214.56804307728825,261.21326983322047,639.4643221680178,227.5167178877348,200.0138822715687,194.42976141245825,338.5424320480776,1.5706632905740827,423.0
9.56,14.9562,0.0654,0.0654,0.0027,214.9321082578303,261.65647961822816,639.4345476659055,227.89772190313025,200.9513261047562,194.6490696079597,339.1051510306571,1.5736296931308558,423.0
9.57,15.2775,0.0703,0.0703,0.0027,217.35863078553703,264.61050704326254,644.714117933846,231.04022625553668,206.98868464029204,196.47720154977205,342.44959338960746,1.5782976068826648,423.0
9.58,15.5989,0.0709,0.0709,0.0029,217.8565541819933,265.21667465633965,649.9295687090324,231.94140663831277,207.4312781194802,197.2634408886657,342.97158081744635,1.5678353371938276,423.0
9.59,16.2629,0.0711,0.0711,0.0026,218.33484978610684,265.7989475656953,660.428895430216,233.221140181768,207.02279470988543,198.55511682635145,343.2936547616361,1.5432738683228546,423.0
9.6,16.8884,0.0713,0.0713,0.0026,218.68571899218128,266.22609268613377,670.0880400470639,234.47224213804807,206.76703342089385,199.74154357851504,343.60555091197693,1.5207133592738498,423.0
9.61,16.9733,0.0714,0.0714,0.0025,218.8084663962662,266.375524308498,671.4417347240391,234.69089138472015,206.83106554295173,199.96694961737617,343.7714536239792,1.518134007277393,423.0
9.62,16.7455,0.0714,0.0714,0.0026,218.7785310125421,266.3390812326599,668.0541407318191,234.32151223358588,207.04496986591036,199.63596059483083,343.8275417879139,1.5265985398053894,423.0
9.63,16.7108,0.0716,0.0716,0.0026,218.9045982953848,266.4925544465554,667.5936624357339,234.38387855635477,207.33931893146152,199.6803432038001,344.0377340079075,1.5287201412574165,423.0
9.64,16.7803,0.0729,0.0729,0.0026,219.5586236521121,267.28875922865825,668.7216071573494,235.17215880011145,208.9127315751109,200.1560782485116,344.94459286074454,1.5307584885535552,423.0
9.65,16.5679,0.0725,0.0725,0.0026,219.34926694011295,267.03389018796366,665.5438494904263,234.62697522205315,208.6195617614659,199.75561025037965,344.75588296618486,1.5374011134655716,423.0
9.66,16.2398,0.0722,0.0722,0.0029,219.149859376326,266.79113315378817,660.5467117522002,233.8926650550032,208.5256505665633,199.16988332562536,344.6093852767913,1.549011081445514,423.0
9.67,15.2051,0.0711,0.0711,0.0028,218.1443533597224,265.5670388727055,644.2082509979966,231.5361066662136,208.21983807469263,197.0960933023873,343.8447693414212,1.5855744169015116,423.0
9.68,14.9117,0.0687,0.0687,0.0028,216.9566661621953,264.1211588061508,639.4966969031043,229.79816039733032,205.45388539170344,196.0408117955077,342.353441210743,1.589244717918543,423.0
9.69,14.8808,0.0637,0.0637,0.0029,214.7294894328619,261.4098132226145,639.0558104017856,227.14280327094323,198.95859489904967,194.81284565952024,339.0901946933258,1.572555645485018,423.0
9.7,14.8847,0.0559,0.0559,0.0027,211.0192999217153,256.8930607742621,639.1844256994997,222.8742096982272,188.5342310766933,192.7747362295844,333.468499879169,1.542397815014685,423.0
9.71,14.5526,0.0479,0.0479,0.0025,206.6354460732552,251.556195219615,633.7628488197257,217.6354908044231,177.83416402125786,189.7562380579639,326.87040241745024,1.5218894218472716,423.0
9.72,14.2322,0.0453,0.0453,0.0029,205.0690352832953,249.6492603448813,628.4614655023954,215.43249855398489,174.3769643180645,188.3286394450584,324.53855622162604,1.523649767256327,423.0
9.73,13.7226,0.0447,0.0447,0.0024,204.53156821034216,248.9949526038948,619.8302144531233,214.00319826596095,173.79710070868356,187.18867028330865,323.973368440573,1.5432432391884674,423.0
9.74,13.5334,0.0364,0.0364,0.0029,199.47266964586964,242.8362934819283,616.6161370241209,208.28244752502616,161.8026383608267,183.70933457638847,315.48648729457403,1.510279390221456,423.0
9.75,13.2632,0.0367,0.0367,0.0022,199.55434607619307,242.9357256579742,611.944020261983,207.92124140100285,162.36488586897318,183.35372917846132,315.8581658085348,1.524006608939212,423.0
9.76,13.1049,0.0341,0.0341,0.0026,197.8490042771384,240.85965738086415,609.206902827125,205.8172380190386,158.51924187439934,181.9759269234026,312.9086998063959,1.5173881916020469,423.0
9.77,12.7265,0.0332,0.0332,0.0021,197.07089975517977,239.912399701958,602.4859816228224,204.36056539250188,157.275569844632,180.8593918033893,311.83573172594714,1.529932184255199,423.0
9.78,12.2826,0.033,0.033,0.002,196.6928341085222,239.4521458712444,594.4302872990984,203.1950775747972,157.09967570371907,179.89806253102404,311.5896663266756,1.5501562047231665,423.0
9.79,12.2053,0.0326,0.0326,0.002,196.41443944098404,239.1132306238067,593.0584730321348,202.7515975014554,156.51674162185344,179.60377067281988,311.1619776284216,1.5517727928125489,423.0
9.8,12.0432,0.0321,0.0321,0.002,195.9966711678389,238.6046431608474,590.0969551037606,202.03857171291423,155.805596725904,179.07931445046057,310.5868734021059,1.5569287153617966,423.0
9.81,11.742,0.0309,0.0309,0.002,194.98661888869245,237.37501429927775,584.474308682141,200.47883629581324,154.0247214292545,177.91444893724338,309.0741673796338,1.5649920247940965,423.0
9.82,11.4757,0.0287,0.0287,0.0029,193.30586818514945,235.328883008008,579.4367071977343,198.21703312012644,150.57780064952095,176.29387218189936,306.1476811920853,1.5654584130448028,423.0
9.83,11.0915,0.0282,0.0282,0.0035,192.62118491186732,234.495355544882,572.0083720638231,196.9106571385251,149.87991679619145,175.22536680815594,305.45068794539344,1.5823217210975846,423.0
9.84,10.7074,0.028,0.028,0.0036,192.1614760854913,233.93571001711987,564.4165801014301,195.7419502853977,149.61899387857167,174.2846252250596,305.16710743153027,1.6022324059910995,423.0
9.85,10.1823,0.0262,0.0262,0.0037,190.348419897551,231.7285111796273,553.73518772643,192.94266850569923,146.71875253985806,172.12419027123462,302.50764117977064,1.6203493427736362,423.0
9.86,9.9275,0.024,0.024,0.0035,188.49007095299817,229.46617333408471,548.4551509705284,190.4832452068273,142.9867018528256,170.30134714862783,299.09881440597127,1.620481392387487,423.0
9.87,9.8158,0.0226,0.0226,0.0035,187.34944277505,228.07758250875656,546.1445538201792,189.02891409265823,140.5630301910648,169.22568971583806,296.82217445758255,1.6174170799375602,423.0
9.88,9.7621,0.0207,0.0207,0.0035,185.87181986003583,226.27873722091329,545.0559852516216,187.2956993366662,137.2305986502003,167.91133733185586,293.51616699381464,1.6070276778217143,423.0
9.89,9.7855,0.0207,0.0207,0.0035,185.94232730159132,226.3645723671547,545.6093110577159,187.38024271127867,137.24391490112143,168.0164815293594,293.59650165844096,1.605809110001892,423.0
9.9,9.8089,0.0205,0.0205,0.0037,185.8576545495262,226.26149249507537,546.1627586337976,187.29555762038763,136.90523785183387,167.98608230084773,293.3063408256745,1.6031249886317511,423.0
9.91,9.8735,0.0205,0.0205,0.0036,185.98041645037887,226.41094176567864,547.5882348027025,187.5016140162682,136.92587162423607,168.19214613697145,293.3955201313274,1.5995135402083434,423.0
9.92,10.0163,0.0206,0.0206,0.0036,186.27679693444887,226.77175278976392,550.6549330892,188.02005630070568,137.1352348103323,168.65565273580393,293.68730993626536,1.5921568238975734,423.0
9.93,10.1476,0.0207,0.0207,0.0036,186.51701752522132,227.0641952480956,553.4562623786945,188.5387232913547,137.37336199463832,169.08752751027464,293.97550758475785,1.585223568864578,423.0
9.94,10.2132,0.0242,0.0242,0.0037,189.31004598844103,230.4644038120152,554.8758775487006,191.57639071519168,143.39145726193954,171.5012215416198,300.0974504792698,1.6065595112435185,423.0
9.95,10.2981,0.0242,0.0242,0.0037,189.4502338290252,230.6350672701176,556.6886619274333,191.82962347274344,143.39718198942214,171.75379345333735,300.1921940303242,1.6018907476625408,423.0
9.96,10.4796,0.0253,0.0253,0.0037,190.49794407406813,231.91054061190903,560.4718867266083,193.222934798379,145.26183504109954,172.87116550658266,302.04773724319887,1.5992404314792077,423.0
9.97,10.9545,0.0261,0.0261,0.0037,191.58706586406183,233.23642800842316,570.0975531596312,195.17184148186877,146.58909970200477,174.4767519029491,303.4491192872945,1.578459093923299,423.0
9.98,11.6803,0.027,0.027,0.0036,192.9846033240215,234.93777795967836,584.2980242614894,197.6907678782557,147.95396514047698,176.64147459972662,305.01151208041,1.5472805219883417,423.0
9.99,12.437,0.0266,0.0266,0.0036,193.29071779141307,235.31043905041597,598.5367646571221,199.29186863565437,147.31114486710345,178.07430413601614,304.6388816525618,1.508196571876855,423.0
10.0,13.2246,0.0278,0.0278,0.0036,194.6681595217971,236.98732463523123,612.8018460471097,202.046168933244,149.1739103311631,180.36515009956085,306.608231181035,1.4798959083062404,315.0
10.01,13.8307,0.029,0.029,0.0037,195.85453693102104,238.4316101768952,623.4436816373133,204.29332024501625,150.9893694000934,182.22127857530023,308.4775503991319,1.460954010875779,315.0
10.02,14.46,0.0356,0.0356,0.0037,200.58628683932784,244.1920013696165,634.1932422443779,210.2261066077667,160.68255525806947,186.5922637465998,316.9954539796804,1.4708772589014665,315.0
10.03,14.9735,0.0414,0.0414,0.0039,204.4429441334223,248.88706242329675,642.7674345286919,215.06685965217287,168.86260557075215,189.9490254803897,323.44193642745176,1.4791849036159497,315.0
10.04,15.0005,0.0417,0.0417,0.0041,204.6779220520016,249.17312249808887,643.2739965556956,215.3309722944791,169.28961952154089,190.1648799620779,323.83162140734646,1.479691914767449,315.0
10.05,15.2167,0.0453,0.0453,0.0039,206.92553762381127,251.9093501507268,646.8629749795037,218.01371722693608,174.2569364477849,191.9244425455009,327.45355283388864,1.4880659947931545,315.0
10.06,15.3711,0.0448,0.0448,0.0039,206.730680019054,251.6721321971092,649.426251492012,218.02716545043555,173.50181258181476,192.07977986396472,327.08814435831874,1.4798440271156748,315.0
10.07,15.5603,0.0459,0.0459,0.0039,207.47373510828496,252.57672100139044,652.5323287787551,219.0826983353741,174.95004728179603,192.85950857726263,328.2334167166095,1.4776268984841745,315.0
10.08,15.9927,0.047,0.047,0.0039,208.27300271029583,253.54974242992543,659.4650068965415,220.58372552852583,176.26767238248425,194.0567309234601,329.395007763916,1.4661610798225229,315.0
10.09,16.3247,0.047,0.047,0.0041,208.39557666009264,253.69896289054756,664.7270683238115,221.21989941251897,176.12672036820928,194.68540705309616,329.52775267067665,1.4539122329589955,315.0
10.1,16.4058,0.0471,0.0471,0.0043,208.51524492610957,253.8446459970029,666.0524675194339,221.4503331611848,176.23938243171057,194.9124262906019,329.71352446148245,1.4515116614799972,315.0
10.11,16.1857,0.0472,0.0472,0.0041,208.569974325462,253.9112730918668,662.6892551351284,221.12687733403232,176.49034482460496,194.62147703503183,329.8540574518059,1.460252626478036,315.0
10.12,15.8537,0.0472,0.0472,0.004,208.53114544257335,253.86400314748064,657.5277384894608,220.52901718096305,176.66205637138464,194.0948458432781,329.8859746637147,1.4729207762345025,315.0
10.13,15.7302,0.0476,0.0476,0.0039,208.7693979231571,254.15404964558255,655.6302506789415,220.5565589048985,177.2833189738458,194.0655096343529,330.3114909957934,1.479571681222867,315.0
10.14,15.541,0.0477,0.0477,0.0039,208.8132274464485,254.2074073261112,652.670498862945,220.2775677871051,177.5294563021665,193.81454690816545,330.45451621256314,1.4874889272219545,315.0
10.15,15.4367,0.0477,0.0477,0.0039,208.82411251450955,254.220658713316,651.0573695653037,220.09853957696464,177.59640714868874,193.67976569377797,330.5204660091666,1.4917187183436569,315.0
10.16,15.2321,0.0477,0.0477,0.0039,208.79778839565063,254.18861195992253,647.810729183138,219.72380702632637,177.7167525839146,193.3609218557168,330.57018070008536,1.4999555718365067,315.0
10.17,14.9117,0.0454,0.0454,0.0039,207.40910224735927,252.49803751852437,642.6340674361977,217.72437197038343,174.7026728526635,192.0333218022798,328.48331761698176,1.502592323513544,315.0
10.18,14.7688,0.044,0.044,0.0039,206.58287502032096,251.4921956769125,640.3369688380739,216.59819256430188,172.8210600850572,191.3215926920207,327.2065175800032,1.5020816519337303,315.0
10.19,14.2862,0.0405,0.0405,0.0041,204.33463756468072,248.755210948307,632.3242415288485,213.4288681037065,168.064713186685,189.1546498043004,323.7004929345108,1.505473244195545,315.0
10.2,13.5064,0.0418,0.0418,0.0039,204.78275554879423,249.30074588548868,618.970570917261,212.5985148537803,170.27811440580695,188.17590163957627,324.9784093167402,1.5460243249760646,315.0
10.21,13.1126,0.0373,0.0373,0.0041,201.86481569204787,245.74847127727568,612.0739314234196,208.8087235397589,163.8289205839438,185.66327267143805,320.2110491310773,1.5413075491530122,315.0
10.22,12.7651,0.0362,0.0362,0.0036,200.97132924896135,244.6607486509095,605.8835102147666,207.32593059364712,162.34418394971308,184.53785629406337,318.98299062297167,1.5515732242749742,315.0
10.23,12.3945,0.0348,0.0348,0.0036,199.84184673845712,243.2857264642087,599.1611941248213,205.5516267505201,160.3821876743428,183.20583607553328,317.3609497352189,1.5616084882173311,315.0
10.24,11.9505,0.0338,0.0338,0.0036,198.86210945478868,242.09300281452536,590.9272593516414,203.85201557583687,159.03962527512104,181.8548516915754,316.1531202728136,1.577740367858934,315.0
10.25,11.6108,0.0337,0.0337,0.0037,198.58614429308716,241.75704522636696,584.5106096170825,202.9217651169376,158.9759299252519,181.1058538393828,316.04197006698354,1.5949250413914815,315.0
10.26,11.2826,0.0336,0.0336,0.0041,198.2561026556846,241.3552554069204,578.2008240059166,202.04496657301715,158.95541933256126,180.36400608197627,315.9308033125169,1.6116939076356058,315.0
10.27,11.0008,0.0335,0.0335,0.0045,197.94869385779475,240.9810186094893,572.6981636548248,201.26862971963135,158.92193408358494,179.71247281803917,315.8271360768761,1.6264554796552948,315.0
10.28,10.6765,0.0335,0.0335,0.0041,197.63641559185456,240.60085376399687,566.2427004220845,200.4351117579621,159.07314503365626,178.98819568671098,315.83496837934774,1.6446074309808674,315.0
10.29,10.0009,0.0332,0.0332,0.0037,196.654707893762,239.40573134892767,552.3305511960846,198.39914529233803,158.92033373931628,177.2267960806228,315.3908469094308,1.6824031483809232,315.0
10.3,9.7345,0.0324,0.0324,0.0037,195.8228576084343,238.3930440450505,546.7163123492097,197.0836499134808,157.74546330025615,176.22964762613125,314.4068109960565,1.6940733228646263,315.0
10.31,9.689,0.0314,0.0314,0.0037,195.15742452266065,237.58295159280425,545.7912363887673,196.23571497584007,156.1110741029565,175.70052629981302,313.19405968330545,1.690967044597196,315.0
10.32,9.669,0.0307,0.0307,0.0036,194.71417402716537,237.04334229394044,545.4125589255957,195.6742285408468,154.95612944728703,175.3671357243754,312.34929581959,1.688045375589961,315.0
10.33,9.6728,0.0305,0.0305,0.0037,194.62925481082823,236.93996237839963,545.5471414878972,195.550702238488,154.62729951701957,175.3291458383684,312.16140172839795,1.6867274988062686,315.0
10.34,9.6766,0.0306,0.0306,0.0036,194.74127933331684,237.07634005795092,545.6808556195487,195.65049365318936,154.80261194947548,175.43388977946563,312.3716314336475,1.68728441920685,315.0
10.35,10.0433,0.0307,0.0307,0.0036,195.3434504910307,237.80941798908083,553.5419554438969,196.7832615048066,154.82922667647068,176.47123788822543,312.666634040731,1.665733599110691,315.0
10.36,10.3252,0.0321,0.0321,0.0036,196.6546264396584,239.40563218741025,559.4794953867815,198.6053491578269,157.03159959793655,177.88082408428093,314.62575914002736,1.65778272072121,315.0
10.37,10.5916,0.0331,0.0331,0.0036,197.6573101564936,240.6262906252966,565.0039482848434,200.06163645843128,158.55170992713687,179.03770697072332,316.019684813168,1.6485465084170314,315.0
10.38,11.2093,0.034,0.034,0.0037,198.94044428113256,242.188366950944,577.4259249736788,202.33194260901908,159.73851000072662,180.955896934628,317.3341606499934,1.619809971333691,315.0
10.39,11.8772,0.0343,0.0343,0.0039,199.79060850828472,243.22334948834663,590.3905753635902,204.22941322687055,159.96105273183042,182.65231593935712,317.9103071585161,1.5869066691143416,315.0
10.4,12.2324,0.0349,0.0349,0.0039,200.46979335024096,244.050183208989,597.1303726054821,205.56034160775025,160.80829645646492,183.7423568928673,318.7748735498617,1.572418655728632,315.0
10.41,12.4679,0.0352,0.0352,0.0039,200.9013587808456,244.57556721146423,601.5529746195324,206.31853645134396,161.1736108938336,184.4278075964401,319.25242641976024,1.5629633965082976,315.0
10.42,12.3559,0.0353,0.0353,0.0039,200.9105653171799,244.5867751687408,599.5400784983123,206.1555153850297,161.39170388735053,184.2808729371117,319.42644673023784,1.5689574784268576,315.0
10.43,12.3559,0.0353,0.0353,0.004,200.95203096535,244.6372550882521,599.5973681364105,206.173644872326,161.40338352459682,184.33002105978855,319.50397642264033,1.5691068376872688,315.0
10.44,12.3018,0.0353,0.0353,0.0041,200.9465891983661,244.6306303284457,598.6503431090975,206.06989355926763,161.44082973556922,184.2626656070477,319.57107337351874,1.571839093133059,315.0
10.45,12.1088,0.0353,0.0353,0.0045,200.8155923409317,244.47115589330812,595.1030846123493,205.64995732354512,161.54657841601193,183.8924976889294,319.61108745481664,1.5812993113926357,315.0
10.46,11.9891,0.0353,0.0353,0.0042,200.81692719168728,244.4727809290106,592.904171170273,205.31115923571505,161.5409090117517,183.67844741345436,319.6649380766812,1.587925819797526,315.0
10.47,11.8038,0.0354,0.0354,0.0043,200.76421877635548,244.4086141625197,589.4431159362622,204.9434481523928,161.77879855021368,183.3586558292486,319.8229696934701,1.5980051897891558,315.0
10.48,11.6455,0.0355,0.0355,0.0043,200.7278407471304,244.36432786607185,586.4664428126741,204.6371052066781,162.00917929410755,183.0939461744936,319.98558631162103,1.606848734069536,315.0
10.49,11.4679,0.0357,0.0357,0.0041,200.7292398994543,244.3660311819444,583.0881875877252,204.34643194860695,162.4067484294241,182.8228824365196,320.26022384087884,1.6173839302966666,315.0
10.5,11.3135,0.0358,0.0358,0.004,200.68276372550133,244.30945149191467,580.131281603148,204.0405431852216,162.64216369340312,182.5570901149595,320.4218025207422,1.6262841787227122,222.0
10.51,11.1668,0.0357,0.0357,0.004,200.5135105792963,244.1034041834912,577.3007074294646,203.61261565047067,162.56340144424078,182.2202248754977,320.35151583338273,1.6337788375741655,222.0
10.52,11.0085,0.0357,0.0357,0.0041,200.38852140611368,243.95124345092103,574.2153552370415,203.21906616359004,162.64822904589653,181.8940587166464,320.39475210867727,1.642575097050557,222.0
10.53,10.9475,0.0346,0.0346,0.0039,199.6762126892284,243.08408501297373,573.0510363850906,202.31265943703363,160.9485301135097,181.324955585278,319.1574281931305,1.6399067842157975,222.0
10.54,10.9587,0.0335,0.0335,0.0039,199.02985314330763,242.2972125222876,573.3287795431057,201.58492462249887,159.20471277739637,180.91373228370784,317.898494913239,1.6331527558307453,222.0
10.55,10.9698,0.0332,0.0332,0.0039,198.88997017002268,242.12692020698412,573.6043800412027,201.417177453192,158.73148747615105,180.85273542788872,317.6055252279645,1.630968575767716,222.0
10.56,11.0046,0.0333,0.0333,0.0039,199.03245109270887,242.3003752432977,574.3526360134767,201.59484478794977,158.88719012846107,181.02808500037116,317.8133430232039,1.6298023414760665,222.0
10.57,11.2788,0.0334,0.0334,0.0043,199.41697474492832,242.76849099382585,579.8333876553648,202.3931463013112,158.95289917700146,181.76383750151183,318.0713215392443,1.615726334455451,222.0
10.58,12.2439,0.0336,0.0336,0.0041,200.3962733872896,243.960680645396,598.3610862036584,204.9894424778808,158.9924720101287,184.0650978752454,318.5879473111208,1.5674833375409067,222.0
10.59,12.796,0.0344,0.0344,0.0039,201.4047758975746,245.18842283183,608.5832786404292,206.81037635840187,160.01457282963776,185.64871177203392,319.7447189201811,1.5461180295947776,222.0
10.6,13.2786,0.0345,0.0345,0.0038,201.78699585759028,245.65373408750125,617.3078894908971,208.03037995048248,160.070792637462,186.7350180595596,320.02945255791724,1.5244978159007765,222.0
10.61,13.7651,0.0345,0.0345,0.0038,202.08709401679192,246.0190709769641,625.9095766205565,209.1374136713639,159.9682456030671,187.75430946667024,320.1910565711117,1.5031795511130084,222.0
10.62,14.2515,0.0346,0.0346,0.0037,202.414567864397,246.4177347914398,634.3261321877867,210.2842899182939,160.02728728261394,188.79030060165584,320.4702500755323,1.4831838054992132,222.0
10.63,14.7032,0.0347,0.0347,0.0037,202.6949299999458,246.7590452173253,641.9916947868261,211.3319243642432,160.1029862087208,189.7355565209998,320.74090543157666,1.46531013917339,222.0
10.64,14.985,0.0348,0.0348,0.0037,202.89605898410076,247.00389789368788,646.7243808869392,212.00695660554703,160.2133899410504,190.35015922808364,320.9823474939201,1.4547069484263548,222.0
10.65,15.0121,0.0351,0.0351,0.0038,203.1440899507407,247.3058486356844,647.2313954962473,212.28217719439505,160.65282575708198,190.5851565641177,321.42140713507933,1.4553308374866267,222.0
10.66,14.8924,0.035,0.035,0.0039,203.08241784831995,247.23076955447647,645.315479137721,211.98632664393747,160.54164533895124,190.37016631595588,321.359477562044,1.4597122128462352,222.0
10.67,14.1897,0.0348,0.0348,0.004,202.72987506235413,246.8015870324312,633.5695301446085,210.37936474030943,160.3929401059612,189.00911631125004,321.0814806372171,1.487563389043484,222.0
10.68,13.6222,0.0345,0.0345,0.0043,202.3087381616592,246.28889863158508,623.8271993032754,208.94813204090391,160.08208478868374,187.8154090528333,320.6994346798514,1.5104490083672282,222.0
10.69,13.0315,0.034,0.034,0.0041,201.74051123637005,245.59714411384175,613.4086925879411,207.22668340561813,159.43129766619742,186.4427800064121,320.0621606146074,1.534794126461223,222.0
10.7,12.41,0.0332,0.0332,0.004,200.77374143378785,244.42020696287216,602.1203791353321,205.2967981550392,158.4436838520763,184.81793380624617,319.03307748516085,1.5591896886287322,222.0
10.71,11.854,0.0312,0.0312,0.004,199.00788222584765,242.27046531842325,591.7244934805957,202.57973547456984,155.51646864718916,182.7051024215752,316.4340350102863,1.5749194915645166,222.0
10.72,11.437,0.03,0.03,0.0041,197.92662743689863,240.95415514057223,583.7396129205013,200.60239648201195,153.65293498258544,181.2216093726993,314.8156465225148,1.589806532135418,222.0
10.73,10.966,0.0256,0.0256,0.0042,194.4124711743756,236.6760518644573,574.4909945146783,196.06199488399545,146.56289891530798,177.81787241433548,308.36781076279345,1.5873323619838149,222.0
10.74,10.2788,0.0238,0.0238,0.0045,192.37690860360016,234.1979756913393,560.516728044659,192.7340837545579,143.54537296480817,175.15099489506477,305.3846592855467,1.613510056247791,222.0
10.75,9.7113,0.0226,0.0226,0.0044,190.79896735849368,232.2770037407749,548.538389076033,190.0965835009881,141.45373527355474,173.0247848449212,303.2815887543396,1.638614862344634,222.0
10.76,9.2558,0.0208,0.0208,0.0044,188.80852835677064,229.8538606082425,538.6143058723753,187.1932862605593,138.22481335086906,170.69645495903384,299.9908143447471,1.653725986029688,222.0
10.77,8.7847,0.0196,0.0196,0.0045,187.16185545478268,227.8492153362572,528.0226374490691,184.64100033928048,135.96719172130923,168.62723584100735,297.63719084808054,1.6751824201659344,222.0
10.78,8.3523,0.0167,0.0167,0.0045,184.0753289385527,224.0917047947598,517.9877820091253,180.57294190213,130.41905525433327,165.23855250074533,291.4652666732899,1.6810552687257514,222.0
10.79,7.5107,0.0138,0.0138,0.0045,179.90977575873774,219.02059657585465,497.4406573579757,174.69340718707403,124.30406090730747,160.21594237383658,284.17017662931227,1.7163376668950237,222.0
10.8,7.225,0.0136,0.0136,0.0046,179.1115082656874,218.04879267127163,490.1719225962006,173.36546246266587,123.70486177478492,159.17175583435403,283.6164545962118,1.7366960683718404,222.0
10.81,7.0127,0.0134,0.0134,0.0046,178.4521192189272,217.2460581795636,484.6641989276596,172.3047313108078,123.14992630588974,158.3355889017513,283.0745533235255,1.7519515544652262,222.0
10.82,6.955,0.0134,0.0134,0.005,178.34341375378392,217.11372109156304,483.1834113038021,172.0754308750759,123.11573814535578,158.1879824765339,283.123471649951,1.756827587602008,222.0
10.83,6.9263,0.0134,0.0134,0.0041,178.3058249863254,217.0679608529179,482.4604562670822,171.96510179522815,123.1021033731915,158.13442332872697,283.18098518445936,1.7593674595668305,222.0
10.84,6.9193,0.0134,0.0134,0.0039,178.32323551961255,217.0891562847457,482.3172140039115,171.9458913591733,123.10391222860852,158.1519724940841,283.24499699363315,1.7601098001460005,222.0
10.85,7.0239,0.0136,0.0136,0.0039,178.8012579567967,217.67109664305684,485.1335564938235,172.5941458958976,123.59876915898732,158.72973736896856,283.8887723991782,1.7536309089691713,222.0
10.86,7.1285,0.0141,0.0141,0.0039,179.54037099579128,218.57088642965897,487.92497000317536,173.53536602717742,124.70425065104796,159.5862372365858,285.3220739639917,1.7501206200171058,222.0
10.87,7.4103,0.0144,0.0144,0.0039,180.5010387442492,219.74039499299903,495.2493767280968,174.97273900826775,125.49771879077151,160.80149306816327,286.2527969920962,1.7308641183769082,222.0
10.88,7.8003,0.0144,0.0144,0.0043,181.3840358337964,220.81534797157823,505.0955092638176,176.49840762264526,125.75675826108744,162.03497663115118,286.4280943479947,1.7017031430261156,222.0
10.89,8.2442,0.0173,0.0173,0.004,184.7766309973504,224.9454638228614,515.9328011842508,180.86577789370995,131.59809604190664,165.8802903548046,293.5305453398447,1.6952962576365065,222.0
10.9,8.6766,0.0182,0.0182,0.004,186.3263030580196,226.83202111411083,526.1537193301413,183.1968950804533,133.45174294962013,167.85359750505236,295.6526164126876,1.6732228543018584,222.0
10.91,9.1206,0.0198,0.0198,0.004,188.3714251339437,229.32173494567056,536.3283678318003,186.08905768430049,136.51821845767807,170.29413283466226,299.0887414574324,1.6569580285945844,222.0
10.92,9.5878,0.0257,0.0257,0.0041,193.56215613111544,235.64088572483615,546.7106288465119,192.435689516778,146.98353758340207,175.32170957363832,309.58941910327684,1.6703431396257329,222.0
10.93,10.966,0.0273,0.0273,0.0041,196.4013325132099,239.0972743639077,575.5419201711184,197.63982161989728,149.5387693350519,179.6894893622884,312.4123239646267,1.6011223818864382,222.0
10.94,11.8347,0.0293,0.0293,0.0041,198.5960122415316,241.76905838099495,592.6019247962356,201.48273556049887,152.72639561243966,182.7886795306814,315.5478985066002,1.5679178383556345,222.0
10.95,12.5489,0.0296,0.0296,0.0041,199.47627734313505,242.84068546120787,606.070310733166,203.39821038382172,153.04764004331346,184.54036488123023,316.1761682126301,1.5358685894261437,222.0
10.96,13.0817,0.0312,0.0312,0.0042,200.91299371488472,244.5897314789901,615.8294245217779,205.8787027932073,155.50396431668537,186.5089302152068,318.518922424124,1.5201850927695466,222.0
10.97,13.4292,0.0335,0.0335,0.0042,202.7012430586473,246.7667306800924,622.0836979605602,208.29793752199888,158.93116927256486,188.37063633748963,321.6143574090569,1.5175088039855549,222.0
10.98,13.6106,0.0348,0.0348,0.0048,203.69684836368728,247.9787719210106,625.3385718490008,209.61147733170696,160.84202035897377,189.3802466296096,323.3167026381445,1.5166501052821773,222.0
10.99,13.8075,0.0367,0.0367,0.0043,205.06927100952373,249.64954731594196,628.8338184349138,211.33880095057887,163.60673984158245,190.6597557446196,325.6683931314746,1.5182004718450142,222.0
11.0,14.1048,0.0394,0.0394,0.0045,206.9581835334692,251.9490929972668,634.0294816040866,213.7698101274249,167.4553204242482,192.42434377739568,328.8152330210231,1.5192675836374463,232.0
11.01,14.4407,0.0411,0.0411,0.0052,208.19871613751783,253.45930660219568,639.81491062404,215.5923539641423,169.7875984228033,193.80468718327387,330.7595077870582,1.5135543981786326,232.0
11.02,15.4252,0.0433,0.0433,0.0048,209.93588537430472,255.57412132524053,656.1955873409738,219.01545622929103,172.5402396543565,196.55225801836872,333.2483695745202,1.484217392252229,232.0
11.03,15.9425,0.0443,0.0443,0.0048,210.72064331544564,256.5294788188034,664.5755705572992,220.67201912069345,173.74756422061765,197.9126026551998,334.3972998667441,1.468981909164735,232.0
11.04,16.4907,0.0466,0.0466,0.0048,212.24706002622452,258.3877252493169,673.2739294838738,223.1303631437657,176.6847065242128,199.7660515050336,336.7663341231857,1.4589522808369717,232.0
11.05,16.9656,0.049,0.049,0.0044,213.76800567043665,260.2393112509663,680.67505623307,225.45125402337692,179.72151947434244,201.47296559410557,339.1210235783937,1.452274291284086,232.0
11.06,17.425,0.0494,0.0494,0.0041,214.10087067795655,260.64453821664284,687.7182208697827,226.5452102705551,180.0810288377768,202.43703434088343,339.6244784653076,1.437842640549574,232.0
11.07,17.73,0.0498,0.0498,0.0043,214.4021470877107,261.0113094980826,692.3542274460237,227.34600406720045,180.5013734748324,203.13041462490148,340.10213849077326,1.4291026792695791,232.0
11.08,17.8613,0.05,0.05,0.0039,214.56978542026425,261.21539094640866,694.3692210908011,227.7159729734705,180.7259658582821,203.4650727861664,340.37571922942584,1.4255922626725857,232.0
11.09,17.7879,0.0501,0.0501,0.0039,214.6658839929613,261.33238051317034,693.3397726385436,227.6636230359364,180.89795943019055,203.4291937676877,340.53147817152694,1.4286631055218193,232.0
11.1,17.647,0.0504,0.0504,0.0038,214.8703080747816,261.5812446127776,691.2981473077427,227.60426877051867,181.358380278142,203.3480224074065,340.85353570493663,1.4349140874682975,232.0
11.11,17.5978,0.0534,0.0534,0.0038,216.599467584272,263.6863083634616,690.6228618308805,229.2358262470518,185.2996291011352,204.29524670206675,343.496382532679,1.4491546044134531,232.0
11.12,17.5485,0.0543,0.0543,0.0039,217.13402167160507,264.33706986108444,689.9449042232923,229.6701861015514,186.50109729697485,204.547369935634,344.3147442206473,1.4546645369487663,232.0
11.13,17.5712,0.0545,0.0545,0.0038,217.29042614106064,264.5274753021608,690.3468276788276,229.84266193537147,186.76183790617168,204.6990339894756,344.5609909713781,1.4548215224705985,232.0
11.14,17.5939,0.0566,0.0566,0.0037,218.47671297610128,265.9716505796016,690.7484904571074,231.06026576929827,189.46860879269823,205.4318679012056,346.3406952537091,1.4625367095071968,232.0
11.15,17.6779,0.0603,0.0603,0.0037,220.4844993785828,268.41591228697035,692.0678562237571,233.2235849346017,194.15539435856175,206.70766918319416,349.29513307789773,1.4740566353621325,232.0
11.16,17.8574,0.0644,0.0644,0.0037,222.64313841130271,271.0438206746294,694.8054256715258,235.70697666269507,199.219065587358,208.1938137373089,352.40122894554355,1.4832027783856092,232.0
11.17,18.1585,0.0665,0.0665,0.0036,223.77732522672855,272.4245698412348,699.3191390026946,237.3294430361008,201.6543322278926,209.30438036025865,353.99833052733,1.4805480136705167,232.0
11.18,18.2859,0.0686,0.0686,0.0037,224.86574687980715,273.74960489715653,701.2516736926691,238.62921518045144,204.17115897762991,210.10882740694495,355.5308798942175,1.4837644841755495,232.0
11.19,18.4481,0.0684,0.0684,0.0037,224.83808493397208,273.7159294848356,703.6835210008948,238.8302424727981,203.83524641548803,210.37749532437107,355.49958877167705,1.4777213049917044,232.0
11.2,18.7647,0.0722,0.0722,0.0038,226.7442497570553,276.03647796511086,708.3351942831857,241.2699473304738,208.26333537492005,211.8947588893747,358.1331139125497,1.4803322321875256,232.0
11.21,18.9654,0.0712,0.0712,0.0039,226.3396214189772,275.5438869448418,711.2827500591717,241.1413797760468,206.9378981647251,212.0266989081448,357.5932343930393,1.470464986706032,232.0
11.22,19.2202,0.0733,0.0733,0.0043,227.4060283955893,276.84212152506524,714.9821767548427,242.61358935594592,209.3123561488385,213.00049126051024,359.06351116295605,1.4693642547850092,232.0
11.23,19.3167,0.0757,0.0757,0.0041,228.5795816868205,278.2707950969989,716.4139265476476,243.94823970428573,212.12425086159848,213.77784552378253,360.6651682991929,1.4743018183692072,232.0
11.24,18.8766,0.0756,0.0756,0.0041,228.52297981764428,278.2018884736539,710.1971819406928,243.18300531458337,212.31617202022525,213.09889114859448,360.6228999906565,1.488506863732876,232.0
11.25,18.6952,0.0756,0.0756,0.0041,228.53963293921825,278.22216183904834,707.6447171702005,242.895019725784,212.4535862522299,212.8553987762469,360.6782716213687,1.494683663523364,232.0
11.26,18.3091,0.0755,0.0755,0.0041,228.4662729307508,278.1328540026531,702.0879255670166,242.2017661397682,212.6176379286952,212.24581713651796,360.6415888417105,1.5075410259397335,232.0
11.27,17.8458,0.0748,0.0748,0.0039,228.1755823645137,277.7789698350602,695.3083880357806,240.9524811234104,211.9826808126604,211.35264702148015,360.2177261562477,1.522059443801328,232.0
11.28,17.4173,0.0714,0.0714,0.0038,226.5311909953417,275.7771020812855,688.94334296608,238.57726663511457,208.19213611600568,209.8543346127266,358.06179402096257,1.5258315918853254,232.0
11.29,17.0737,0.0683,0.0683,0.0038,225.0143278883162,273.9304861249067,683.7797399759098,236.44469911509,204.6335374922137,208.53494333195076,356.0288887742119,1.5275750487154065,232.0
11.3,16.7725,0.0678,0.0678,0.0037,224.6931029620884,273.5394296929772,679.2058712268102,235.69691791996027,204.2799665794917,207.92551132757555,355.72180352187985,1.5368021340884332,232.0
11.31,16.4714,0.0637,0.0637,0.0037,222.668251140338,271.0743926925854,674.5812829531336,233.04593772374267,199.3231472076726,206.3636468347569,352.88055389974335,1.5334238619042857,232.0
11.32,16.0853,0.0611,0.0611,0.0038,221.26793770918687,269.3696632981405,668.5556078866797,230.98921828745952,196.290271347647,205.00023075236555,350.9908819961929,1.538392298268502,232.0
11.33,15.2823,0.0598,0.0598,0.0038,220.23152716214324,268.10794611043525,655.6620426979337,228.84537776295096,195.2720188874579,203.18100868256195,349.95650697968176,1.564629155109443,232.0
11.34,14.9696,0.0585,0.0585,0.0039,219.4411630928717,267.1457637652352,650.5617892783156,227.5624692608156,193.82439386102328,202.25741729194883,348.98252152132955,1.5723005651334474,232.0
11.35,14.6106,0.0573,0.0573,0.0041,218.77640793021757,266.3364966106996,644.614370762392,226.06731915456865,192.3618946502853,201.25454894871467,348.0585870348468,1.583448738240199,232.0
11.36,14.3944,0.057,0.057,0.004,218.54351735296888,266.0529776470925,641.0095630962845,225.4632161517668,192.1178188380402,200.7846397796041,347.8602757427066,1.5916556003566251,232.0
11.37,14.3828,0.0541,0.0541,0.0039,217.08395148826335,264.2761148552772,640.867694644193,223.85443012473667,188.2443307611485,199.94201324133584,345.58178132656576,1.5803672079441269,232.0
11.38,14.3635,0.0528,0.0528,0.0039,216.42938682677055,263.47925352824245,640.5948179727689,223.0995047721402,186.5069125505647,199.5489594848884,344.5639867095504,1.5758708606923812,232.0
11.39,14.2013,0.0506,0.0506,0.0039,215.19776918709323,261.9798929234179,637.8773658356492,221.51166208808647,183.6094400456976,198.56886703311056,342.7102176145214,1.5735742121333198,232.0
11.4,13.9658,0.0488,0.0488,0.0039,214.11719353632964,260.66440952248826,633.870991776194,219.968794178998,181.26605185196848,197.54484211011248,341.1337958269708,1.5760989051258325,232.0
11.41,13.711,0.0481,0.0481,0.0039,213.61730602991028,260.0558508190212,629.4829983793007,219.00969579904185,180.4393716009742,196.83359670639663,340.52279933905106,1.584462362275646,232.0
11.42,13.491,0.0465,0.0465,0.0041,212.622715385878,258.84504481759063,625.6605010413246,217.579615295225,178.3188547637924,195.8727187595109,339.063070209186,1.5872662584601254,232.0
11.43,13.24,0.0449,0.0449,0.0043,211.58667773365931,257.58378158880265,621.2428112759536,216.0553594874191,176.18462493550572,194.8242402086052,337.5510374541281,1.591489835946968,232.0
11.44,12.8076,0.0424,0.0424,0.0045,209.8679723526473,255.49144460322285,613.4671132262006,213.51651181379611,172.79854413455232,193.0220753062586,335.03822746060786,1.599974072772597,232.0
11.45,12.5374,0.0416,0.0416,0.0048,209.2302223465577,254.71505329146157,608.5446114569692,212.3822656415108,171.76327536520324,192.1730009850965,334.2307564624391,1.6092432379463484,232.0
11.46,12.4768,0.0416,0.0416,0.0043,209.2230046304605,254.70626650664764,607.470118859832,212.25077520470637,171.800554929203,192.08557672966472,334.2925980015227,1.6123765407089947,232.0
11.47,12.5001,0.0416,0.0416,0.0037,209.28254372578752,254.77874888356743,607.9535695833388,212.32239778143375,171.79902340095305,192.1837847255414,334.3709914464825,1.6113922058371906,232.0
11.48,12.5234,0.0414,0.0414,0.0037,209.22338235518933,254.7067263454479,608.4386753337695,212.26774075977755,171.50372834073852,192.2050085681896,334.23986105746644,1.6094033383497266,232.0
11.49,12.576,0.0413,0.0413,0.0038,209.24609271046867,254.7343737344836,609.4664525732202,212.34708384936775,171.3424174281528,192.32899817381883,334.2187757861841,1.606484514198138,232.0
11.5,12.8308,0.0412,0.0412,0.0038,209.4185628899654,254.94433743126223,614.2069135071388,212.9099116022741,171.09456908557303,192.89316073308208,334.23661532983647,1.593840238982566,201.0
11.51,13.0392,0.0407,0.0407,0.0041,209.30452559056508,254.805509414601,618.0528054264248,213.10140833930805,170.28863063472983,193.19204305032105,333.819684615683,1.5816225099968808,201.0
11.52,13.0161,0.0402,0.0402,0.0041,209.0262358727545,254.466721932049,617.6874410302057,212.7443207696977,169.5766355735935,192.9912507902077,333.3525472137648,1.580343492138671,201.0
11.53,13.0508,0.0403,0.0403,0.0042,209.15136938329488,254.61905837966336,618.369389211989,212.90581307165849,169.71935844479378,193.15165628913223,333.5400126909224,1.5793711964541162,201.0
11.54,13.0431,0.0395,0.0395,0.0043,208.6975451254596,254.06657667447251,618.2834100831665,212.3912012776061,168.56066645022537,192.86056532185512,332.7432587287286,1.5758299640720936,201.0
11.55,12.9968,0.0387,0.0387,0.0045,208.21275286745504,253.47639479516263,617.4977802162258,211.7811147891862,167.41047689824802,192.48109094110276,331.9233556967186,1.57405187107898,201.0
11.56,12.7883,0.0383,0.0383,0.0045,207.8612888740598,253.04852558581197,613.7475407218163,211.03937269217627,166.89912169726557,191.91399434950168,331.50825156137176,1.5819955491929136,201.0
11.57,12.7265,0.0382,0.0382,0.0046,207.79549000691813,252.9684226171177,612.6657165493272,210.8409980458716,166.78115981135934,191.78465221041304,331.45622428054503,1.584580442503515,201.0
11.58,12.4679,0.0384,0.0384,0.0046,207.7675904291556,252.93445791375467,607.9322369894873,210.35813067557916,167.1782379805989,191.34738473642992,331.7034209931815,1.5983083588870433,201.0
11.59,12.4676,0.0387,0.0387,0.0046,207.99313940503785,253.20903927569825,607.9786022627877,210.5681390041225,167.63461844902528,191.51630767150692,332.1116293786336,1.6000398559383586,201.0
11.6,12.4697,0.0389,0.0389,0.0048,208.1583887564654,253.4102123991753,608.070340084315,210.7185822680188,167.9406937249039,191.64885356816703,332.4071901904072,1.6011271124694986,201.0
11.61,12.4717,0.0392,0.0392,0.0048,208.38452646996748,253.68551048517784,608.1594697734398,210.93311086250372,168.39500164463848,191.82147142853157,332.81228244861126,1.6027353481025657,201.0
11.62,12.9003,0.0396,0.0396,0.005,208.9863581254168,254.4181751092031,616.1126178918191,212.242603735902,168.83558048897908,192.9657357433244,333.407771395312,1.5842678916323605,201.0
11.63,13.5257,0.04,0.04,0.0054,209.61778655730885,255.1868705915064,627.4098791378942,214.04035492327588,169.26999581956886,194.49433985043487,334.03333091102,1.557073902107113,201.0
11.64,14.0006,0.0414,0.0414,0.0049,210.827645707702,256.6597426006807,635.787153410348,215.95689044568803,171.07561196823048,196.0689834367956,335.6892153709266,1.5435112541537657,201.0
11.65,14.8654,0.0418,0.0418,0.0048,211.4969739715912,257.4745770088937,650.5658433548933,218.1078920596684,171.37193308215703,197.9736964313188,336.3312628672734,1.5090219331807897,201.0
11.66,15.124,0.0427,0.0427,0.0048,212.1813065646237,258.3076775569332,654.921397677444,219.2282195669005,172.5603204538853,198.86462424486487,337.3802422787872,1.5029321209382944,201.0
11.67,15.0622,0.043,0.043,0.005,212.3829606982442,258.5531695456886,653.9540036710894,219.300003697315,173.00813675583638,198.91032813945384,337.7504648723655,1.506991395319678,201.0
11.68,15.0835,0.0452,0.0452,0.0048,213.8527764264397,260.3425104321875,654.361948748068,220.5780695611794,175.94254951032812,199.82403750230583,340.02567145913497,1.517326739181703,201.0
11.69,15.1047,0.047,0.047,0.0045,214.92389289744173,261.6464783099291,654.7676334262821,221.74655995750356,178.4499587488551,200.5610165997072,341.833780288374,1.524559176141324,201.0
11.7,15.1202,0.0469,0.0469,0.0045,214.91716572473572,261.638288708374,655.0796558127516,221.73317622719551,178.3134065886088,200.6028614754992,341.8156742204582,1.523652674678337,201.0
11.71,15.3518,0.0468,0.0468,0.0045,214.90703590019143,261.62595674805914,658.9501760755119,222.26307095188213,178.18389509261536,201.05458679244617,341.8331598769721,1.5134006889394755,201.0
11.72,15.5719,0.0466,0.0466,0.0045,214.9045647983779,261.6229484501992,662.5990184091457,222.6148326690516,177.83778169615937,201.4433436383935,341.7526872869685,1.5039055203151492,201.0
11.73,15.6298,0.046,0.046,0.005,214.61150347016755,261.26617813759526,663.5965898934098,222.3950277845648,177.01049850818038,201.38209891548016,341.26042390222767,1.4990673980503662,201.0
11.74,15.6105,0.0463,0.0463,0.0045,214.8237559848835,261.52457250333646,663.3378868873763,222.55147226552933,177.43705328208017,201.50266640698757,341.6194563205246,1.5013263817649958,201.0
11.75,15.8653,0.0466,0.0466,0.005,215.11551680234493,261.8797595854634,667.5107758424381,223.26459246618705,177.7631481523435,202.1291429669525,342.02103915956474,1.4928795087524314,201.0
11.76,16.1471,0.0474,0.0474,0.0048,215.6988882353277,262.5899508951816,672.0710054100449,224.31798749366675,178.75231145477144,202.9767403707524,342.89716287524305,1.4857752685034693,201.0
11.77,16.4289,0.048,0.048,0.005,216.1550134976288,263.1452338232003,676.5848310660379,225.2434751075684,179.46603548700418,203.7437636498272,343.5761937857839,1.4779311822698475,201.0
11.78,17.2899,0.0493,0.0493,0.005,217.0956806142456,264.29039379125555,689.9737672154228,227.6677165152243,180.8951928109716,205.7522652801952,344.97631418386925,1.4523264474364923,201.0
11.79,17.6837,0.0503,0.0503,0.005,217.7571467124731,265.0956568673585,695.9933181118045,228.99243432127,182.07743774771555,206.8137148166519,346.0099816006548,1.4428691685488222,201.0
11.8,17.9964,0.0523,0.0523,0.005,218.9683893557685,266.5702131287617,700.7277908450342,230.71273839575892,184.5660918921778,208.05750827801472,347.8880384621839,1.4405271265414108,201.0
11.81,18.1778,0.0542,0.0542,0.005,220.09245544145853,267.938641406993,703.4764231143861,232.11520337095035,186.94542715844236,209.0254588802536,349.60649512573343,1.4421927717609897,201.0
11.82,18.2705,0.0543,0.0543,0.0052,220.19591355842277,268.0645904189494,704.9042333937214,232.35666509980905,187.04864686079688,209.2598596222179,349.7783365402794,1.4395938784023308,201.0
11.83,18.0311,0.0544,0.0544,0.0052,220.27904831997188,268.1657979547484,701.4204456675709,231.9994743253637,187.28373166459,208.9438008787407,349.90271893692346,1.4482736995404275,201.0
11.84,17.7918,0.0544,0.0544,0.0052,220.30024960182504,268.1916082109174,697.9083275796874,231.58247593385872,187.39329780416145,208.5911934002614,349.9429271684971,1.4566644290594293,201.0
11.85,17.3015,0.0544,0.0544,0.0052,220.2794143551572,268.1662435628001,690.5560550208215,230.6921981220301,187.6123383483096,207.8022732001696,349.94530788652384,1.4740786530557808,201.0
11.86,16.8652,0.0544,0.0544,0.0052,220.2421077117231,268.120826779489,683.9088228199734,229.88381558200305,187.81688985284944,207.0879603231079,349.9538500141743,1.4900269640962316,201.0
11.87,16.2745,0.0544,0.0544,0.0052,220.13907528968437,267.99539600483314,674.7143839918123,228.7539837741133,188.1033407820904,206.0757712187792,349.9361431584331,1.5122632696824274,201.0
11.88,15.7186,0.0543,0.0543,0.005,219.9774351305942,267.7986166807234,665.8713078921386,227.5692672133288,188.2206626795787,205.06369357107224,349.83701226517337,1.53378779621808,201.0
11.89,15.097,0.0535,0.0535,0.005,219.2470144697644,266.90940891971314,655.7420368413652,225.97148628928184,187.60759132283803,203.67231363351257,349.1327161663963,1.5549658347582007,201.0
11.9,14.4754,0.0518,0.0518,0.005,218.13121234465703,265.5510411152347,645.3484450996207,223.6281815590828,185.58145285618664,201.9482299156789,347.63594195803205,1.574525546295913,201.0
11.91,13.9272,0.0525,0.0525,0.005,218.2309907470268,265.6725104746413,635.9543012136079,222.8292639683436,186.8448399341802,201.09945973982943,348.2176118576068,1.6016931583767249,201.0
11.92,13.3018,0.0512,0.0512,0.005,217.1505064342277,264.3571382677555,624.9428845181342,220.6778011765536,185.43845688362785,199.40457963878544,347.04011614323286,1.6248290823158855,201.0
11.93,12.7149,0.0501,0.0501,0.005,216.13764412576705,263.1240885009338,614.3144027528015,218.66789548159875,184.27216926541317,197.8023569637518,346.0195267745579,1.6482349990318887,201.0
11.94,11.7691,0.0462,0.0462,0.0052,213.1750073173172,259.5174002123862,596.4920088463944,214.0238257348314,179.3006343187565,194.34677497172063,342.2699780366306,1.6785524598859791,201.0
11.95,11.3869,0.045,0.045,0.0054,212.1425859915906,258.2605394680233,589.0669079490276,212.31150579431787,177.78789803713173,193.04792249661003,341.08990256498515,1.6934888189156465,201.0
11.96,11.0124,0.0438,0.0438,0.0056,211.0802985408374,256.9673199627585,581.6392193127308,210.581358692742,176.24813770916023,191.73458020081856,339.8813267340529,1.708565115516832,201.0
11.97,10.7691,0.0414,0.0414,0.006,209.45944058396728,254.99410158048192,576.7462358433331,208.42290961153316,172.79477344609455,190.2711136696877,337.4160581124152,1.7104562653816715,201.0
11.98,10.6379,0.0398,0.0398,0.0058,208.40281686486813,253.70777705288296,574.0989036184485,207.0442631298385,170.43556930669715,189.3591796744964,335.7320972614803,1.7098597620946516,201.0
11.99,10.6294,0.0377,0.0377,0.0056,207.17546825264125,252.21361352495455,573.9702727824637,205.6599288688872,167.20971988469014,188.53116363569004,333.4429572713764,1.6992193953296038,201.0
12.0,10.6673,0.0365,0.0365,0.0056,206.52452693712056,251.42116322779896,574.7985513157851,204.98001249169923,165.33405539152514,188.1656592848294,332.1224908679628,1.690566422629851,408.0
12.01,10.7053,0.035,0.035,0.0057,205.66815546980445,250.37862405019672,575.6276544200352,204.08463333360984,162.9777556568974,187.6509036043648,330.3938947163403,1.6801002759390071,408.0
12.02,10.7846,0.0348,0.0348,0.0057,205.6722407337495,250.3835974149994,577.3001862618971,204.18427031634155,162.64404706898682,187.80455624398428,330.23540850465173,1.6745859345254286,408.0
12.03,11.3907,0.0346,0.0346,0.0058,206.23204425279104,251.0650973512239,589.532778027322,205.7291754558127,162.15569230366705,189.2423111120513,330.1910710777957,1.6400931324561512,408.0
12.04,11.8386,0.0346,0.0346,0.0062,206.6903332889334,251.6230144387016,598.3325287021601,206.93301553170704,162.04833477269045,190.34021368535045,330.35476241882344,1.6166698312017218,408.0
12.05,12.3289,0.0346,0.0346,0.0061,207.135113924512,252.16448651679724,607.7287177131068,208.21113056526767,161.9471226130093,191.49993979744852,330.52339968947007,1.5920759894885683,408.0
12.06,12.9157,0.0347,0.0347,0.006,207.54727311998624,252.66624553737455,618.669113434184,209.87985911953064,162.10765747703445,192.87711689048095,330.83064285169604,1.5635664950967711,408.0
12.07,13.4678,0.0348,0.0348,0.0057,208.0921063846441,253.3295208160885,628.6906995778253,211.17765955308136,162.0721454822132,194.1342848231651,331.1263879730968,1.5397275221228823,408.0
12.08,13.8577,0.0351,0.0351,0.0054,208.60274228799,253.95116452450952,635.6327751141533,212.2346401744932,162.40224212962838,195.11760106148316,331.63558854247464,1.5247373981692272,408.0
12.09,14.0971,0.0351,0.0351,0.0052,208.80134976859105,254.1929475443717,639.8567547732603,212.7543652610182,162.33858370093105,195.6444415613529,331.7470693824487,1.5148803386701275,408.0
12.1,14.0855,0.0351,0.0351,0.0051,208.8322640018865,254.23058226316616,639.7076185127405,212.74701003768183,162.35306351155162,195.6662191389123,331.8144492952464,1.5154970440875055,408.0
12.11,13.8809,0.0351,0.0351,0.005,208.73367826568548,254.11056484518232,636.1939124536352,212.33404287330825,162.4276195977514,195.29922664133795,331.8478736455203,1.5241713946128592,408.0
12.12,13.6222,0.0339,0.0339,0.005,207.8183181746644,252.99621343002624,631.6901884422069,210.9686657046445,160.72915319996218,194.25389274885444,330.3735793798783,1.5290815636538309,408.0
12.13,13.3288,0.0327,0.0327,0.005,206.85562483856336,251.82423893390325,626.5093795093376,209.50402352393164,159.0140454831955,193.11166152608385,328.84496724387253,1.535557953294701,408.0
12.14,12.9466,0.032,0.032,0.0051,206.12563598378352,250.93555684982343,619.6363795191854,208.17103179109864,158.05887938919446,192.0032107809624,327.91896362441685,1.5488378147059148,408.0
12.15,12.5682,0.0317,0.0317,0.0054,205.75753751761093,250.48743697796112,612.7061848096914,206.9756705175636,157.59176432229947,191.0791369382403,327.5140071178424,1.5656134555193957,408.0
12.16,12.1667,0.0316,0.0316,0.0052,205.42824312798209,250.08655685145644,605.2032577349912,205.89054789749216,157.48290030646172,190.1814997350373,327.3689981481492,1.5848215046736374,408.0
12.17,12.0195,0.0316,0.0316,0.0053,205.34843487212436,249.9893989747601,602.4453043308522,205.52061787799644,157.506856325064,189.8918272170148,327.4075966028153,1.592340371347135,408.0
12.18,11.9474,0.0316,0.0316,0.0054,205.32715201368345,249.96348940796244,601.1116161689422,205.34517634229897,157.52346413190062,189.77070334198427,327.46105997527354,1.596134116880368,408.0
12.19,11.9297,0.0317,0.0317,0.0054,205.4187812207007,250.0750380078096,600.8201151690646,205.38246870141188,157.68920576660054,189.82325804557507,327.6600215520673,1.597762529887958,408.0
12.2,12.164,0.0321,0.0321,0.0055,205.9201877995843,250.6854460168853,605.3498184499757,206.28861558895272,158.28865465286964,190.5973143708464,328.30992524557945,1.588423498988402,408.0
12.21,12.3984,0.0332,0.0332,0.0057,206.88121715365432,251.85539479575309,609.8294164081107,207.66505286430697,159.9505802648086,191.70078496487253,329.8660917892715,1.5832326018981542,408.0
12.22,13.0045,0.0342,0.0342,0.0062,207.90348140395088,253.0998904048098,621.1009688289062,209.9898018834052,161.48552871497034,193.54291239964348,331.32671709279936,1.559069365881524,408.0
12.23,13.6994,0.0353,0.0353,0.0055,209.18775872948044,254.66335845328052,633.6234135511704,212.28440103230244,162.91253348089532,195.55670060246115,332.8901556144844,1.5344777822881464,408.0
12.24,14.3635,0.0359,0.0359,0.0054,209.92364730289572,255.55922280352524,645.2365927236118,214.2401725731952,163.7173713407089,197.214742346096,333.8062458405894,1.5089721837692662,408.0
12.25,14.7302,0.0384,0.0384,0.0054,211.7353732735725,257.76480224608827,651.532496575799,216.68898413898287,167.24354487241123,199.08621593131772,336.8728330964213,1.5065502485294429,408.0
12.26,15.3132,0.0403,0.0403,0.0054,213.18373587454437,259.528026282054,661.3178097065814,219.16911284454412,169.81143046718708,201.05181128208253,339.16184446829595,1.4923858585902925,408.0
12.27,15.6298,0.0411,0.0411,0.0054,213.8182830340829,260.3005184762749,666.5612470028019,220.3530526488347,170.86609766251098,202.02019001468904,340.15128969118416,1.4838816595797817,408.0
12.28,15.7495,0.0417,0.0417,0.0054,214.26533180587143,260.8447517636696,668.5604851051427,220.98978178545084,171.67779916343986,202.531545384962,340.88226231536004,1.4822135932121698,408.0
12.29,15.7302,0.0418,0.0418,0.0056,214.36282721241795,260.9634418238131,668.3018930509093,221.0278054174739,171.83008959198816,202.58188554405984,341.055558337267,1.483575092500507,408.0
12.3,15.7205,0.0418,0.0418,0.006,214.4004006858268,261.00918344361526,668.199484188924,221.0246562739812,171.8428134695362,202.6096985936435,341.1241890687519,1.4840894480676838,408.0
12.31,15.7108,0.0417,0.0417,0.006,214.3755464333951,260.97892609282883,668.0957171828122,220.96004181966072,171.7180306179279,202.59718628804077,341.0865524135431,1.4841335168173069,408.0
12.32,15.7108,0.0416,0.0416,0.0062,214.3531364841091,260.9516444154372,668.1500446963811,220.91575088005203,171.59106948537905,202.60254731777857,341.0501657168321,1.483798018602584,408.0
12.33,15.6298,0.0415,0.0415,0.0054,214.30900558517249,260.8979198428187,666.8832256906135,220.70076829961656,171.4812840592885,202.45702131492027,341.00042610404284,1.486629929242846,408.0
12.34,15.2244,0.0413,0.0413,0.0054,214.10298144757436,260.64710784922096,660.2753499942445,219.73171610190815,171.30428269485887,201.65689619948157,340.7899626316625,1.501896112930771,408.0
12.35,14.8731,0.0399,0.0399,0.0054,213.26718459487876,259.629616028548,654.4661624439174,217.97786188449624,169.3082122882485,200.4508043416819,339.27647183131694,1.510498793956114,408.0
12.36,14.3944,0.0385,0.0385,0.0054,212.1607601483857,258.2826645284696,646.3904748235794,216.11468561822505,167.4986349359826,198.96288610303827,337.69214269759067,1.5231717214048417,408.0
12.37,13.8346,0.0376,0.0376,0.0056,211.2631101474244,257.18987322295146,636.7221454937832,214.37236772635376,166.4199897248068,197.486031189234,336.6253842423769,1.5422054033720372,408.0
12.38,13.3211,0.0372,0.0372,0.0055,210.79358288786807,256.6182748200133,627.6391474685565,212.87234970498383,165.91426565667146,196.28314094228065,336.1323078707763,1.5636849249695923,408.0
12.39,12.7497,0.0367,0.0367,0.0056,210.13677081181856,255.81867751004,617.2658393210504,211.16104295037903,165.30996466280348,194.8726650810864,335.50120475694547,1.5880386392238808,408.0
12.4,12.3443,0.0367,0.0367,0.0056,209.8708560014399,255.49495513218773,609.7426708338783,210.15193676650495,165.41508753917958,194.01151462642832,335.4894610705773,1.6080073622654565,408.0
12.41,12.2189,0.0367,0.0367,0.0058,209.8082380652949,255.4187246012285,607.4184601346806,209.84400326389908,165.45536555096413,193.76988678543617,335.53253814777366,1.6144260656112903,408.0
12.42,12.164,0.0367,0.0367,0.0058,209.8014453442264,255.4104552016669,606.4229218355971,209.7159727146244,165.47791733723415,193.6876425603054,335.58973868587736,1.6173430434125762,408.0
12.43,12.1538,0.0367,0.0367,0.0059,209.8316012839637,255.4471667804776,606.277305401223,209.7033131560531,165.48883218075943,193.707582191207,335.6559953190661,1.6180075695968428,408.0
12.44,12.3089,0.0372,0.0372,0.006,210.3155083953252,256.03627108996113,609.2698470023506,210.4452562106516,166.20576774746215,194.32314194255247,336.34696733108507,1.6130383668297923,408.0
12.45,12.464,0.0389,0.0389,0.0059,211.5444033612165,257.532317135394,612.2392672769083,211.9567736931456,168.69607136451637,195.44087171210475,338.4066701175191,1.614420938873128,408.0
12.46,12.8192,0.0423,0.0423,0.0059,213.9247046736432,260.43007525487,618.8950626576565,215.0017286194404,173.54836566681146,197.6469251190268,342.2537684451947,1.6144055114098286,408.0
12.47,13.186,0.0424,0.0424,0.0059,214.28554177687283,260.8693552066278,625.6499696178819,215.97227171530864,173.56607721343187,198.53466411590904,342.4998346991537,1.5975766084299192,408.0
12.48,13.4485,0.0425,0.0425,0.006,214.55629163276356,261.1989637268426,630.4288340574726,216.67680339385572,173.62608121015202,199.18232292649955,342.7242169849353,1.586017272416567,408.0
12.49,13.8809,0.0452,0.0452,0.0058,216.45611657065277,263.511794086012,638.1455379631832,219.3432890263156,177.29107103508963,201.16240029704196,345.6304042306424,1.5794542127057016,408.0
12.5,14.1704,0.0454,0.0454,0.0057,216.77231745480103,263.8967342928013,643.2474722458866,220.141284330004,177.4703406621898,201.8800790874396,345.95170647095887,1.567735617981451,315.0
12.51,14.5797,0.0474,0.0474,0.0056,218.0525542059562,265.45528338116407,650.3331513961313,222.40588385775837,180.232645885819,203.48141737646628,348.03969446558307,1.558383275947833,315.0
12.52,14.7843,0.0473,0.0473,0.0056,218.1714299438384,265.6000016707597,653.8558487112347,222.76402760926675,179.97599218934818,203.89971160095763,348.05038987746593,1.549763906594254,315.0
12.53,15.1163,0.0475,0.0475,0.0056,218.52813302941,266.0342489053687,659.4780835065786,223.54655162609288,180.0631629499425,204.66988365547704,348.36895223885136,1.5375149943909867,315.0
12.54,15.1588,0.0476,0.0476,0.0057,218.6481206164704,266.18032075048575,660.2381617696007,223.70648594206463,180.18713060148957,204.8338131155917,348.54178873398246,1.536403703515662,315.0
12.55,15.1395,0.0468,0.0468,0.006,218.2276818124801,265.6684822064975,659.9699754713508,223.19863550283256,179.1019457046071,204.55365560846883,347.8415072544248,1.5338419842793982,315.0
12.56,15.236,0.0459,0.0459,0.0057,217.81322469875408,265.1639257202224,661.6248779922512,222.84772958314247,177.80992133285832,204.45644936741093,347.0507828852259,1.5262791678929473,315.0
12.57,15.1395,0.0447,0.0447,0.0054,217.10958222133615,264.30731748684406,660.0721250164441,221.93509731945852,176.2016427843926,203.86591243069628,345.9110088996577,1.5249019006557631,315.0
12.58,14.6646,0.0445,0.0445,0.0054,216.74291767323737,263.860943254376,652.136588268781,220.89912414145172,176.1870849768569,202.9017692731511,345.6974361879091,1.5430659690337465,315.0
12.59,14.3866,0.0423,0.0423,0.0054,215.31945005802632,262.1280261575973,647.4373518971646,218.96615834925583,173.22199020478715,201.53811988240943,343.44674389877457,1.544541593004067,315.0
12.6,14.2964,0.0422,0.0422,0.0054,215.2370243718163,262.0276818439503,645.9345841057187,218.7363364839349,173.13592166091263,201.36056051494649,343.39407657187155,1.547937261597124,315.0
12.61,14.3044,0.0422,0.0422,0.0056,215.28055057478065,262.0806702649504,646.1240257215793,218.76957258146115,173.14262345374038,201.42120023551203,343.4644293444807,1.5477366947839235,315.0
12.62,14.3124,0.0422,0.0422,0.0057,215.3240411467357,262.1336153090696,646.3130769828051,218.8027581825101,173.14933664191776,201.48181391791007,343.53474107651954,1.547537037452457,315.0
12.63,14.3519,0.0422,0.0422,0.0058,215.3891349978972,262.2128599974401,647.0448914939569,218.8997723881168,173.1399685517784,201.60618031690828,343.61059875055093,1.5460359851459446,315.0
12.64,14.514,0.043,0.043,0.006,216.0049733563715,262.9625762599305,649.8782795989684,219.7542874497536,174.20850191193438,202.29201319269197,344.54812353721604,1.5431904525076243,315.0
12.65,14.6106,0.0438,0.0438,0.0061,216.57163485976145,263.6524250466661,651.578385958606,220.47107493499263,175.30328302647348,202.8399709266642,345.4608492416197,1.5430234478638527,315.0
12.66,14.8847,0.0459,0.0459,0.0062,217.98797276692824,265.3766624988692,656.2723864384487,222.3403744169125,178.11537679309674,204.2205391717508,347.68776532608746,1.541465852800669,315.0
12.67,14.931,0.0463,0.0463,0.0066,218.28159094905027,265.734110720583,657.1040259493569,222.6949374928026,178.65789759835295,204.5039708664142,348.15771681800584,1.541498725080652,315.0
12.68,15.209,0.0466,0.0466,0.0064,218.65738503461225,266.19159917257144,661.8016934863236,223.4337041788177,178.92664074727765,205.2029035526062,348.5672985656972,1.5319565800579995,315.0
12.69,15.5642,0.0468,0.0468,0.0063,219.00784304588092,266.618243708029,667.7151805277301,224.24853226863075,179.01608434352804,206.00455316761168,348.8905810665973,1.5192199161707869,315.0
12.7,16.0583,0.0468,0.0468,0.0063,219.12306408537043,266.7585127995814,675.7865147572293,225.3774496648437,178.9505940207488,206.9790555430311,349.04083144571644,1.499500059293639,315.0
12.71,16.5139,0.0467,0.0467,0.0063,219.20627009962905,266.85980707780925,683.1001064669281,226.2696939780354,178.69921276337473,207.8231565169796,349.08554158153174,1.4818997177852598,315.0
12.72,16.9656,0.0456,0.0456,0.0062,218.65769030724252,266.191970808817,690.231123725847,226.55150309056285,177.13564413273485,208.26547925761813,348.1442577511777,1.4605075882197378,315.0
12.73,17.4906,0.0452,0.0452,0.0062,218.50767845756928,266.0093476874756,698.367363956557,227.3676790110333,176.5055285434399,209.07422097210616,347.8933224696666,1.4401194598168017,315.0
12.74,17.8728,0.0451,0.0451,0.0064,218.50636845078063,266.00775289660254,704.212912495408,228.06485245263735,176.31210916136274,209.73326161722915,347.9179184576598,1.4265373326030513,315.0
12.75,18.1161,0.0456,0.0456,0.0061,218.85976235693067,266.43797156495907,707.913497464512,228.8378110143705,176.9312747694333,210.380292434642,348.5209912369778,1.4205738748746286,315.0
12.76,18.3014,0.0461,0.0461,0.006,219.20755850664608,266.8613755733083,710.7255207436442,229.49559262269972,177.55767847818606,210.92556853598717,349.110957559925,1.416640963533088,315.0
12.77,18.5446,0.0516,0.0516,0.006,222.53279899659884,270.90949443064204,714.3738077207086,233.0839502533481,184.57691834257295,213.35957293628556,354.3686735058915,1.431858144298355,315.0
12.78,18.8496,0.0537,0.0537,0.0059,223.7837287418154,272.4323654248187,718.8945475693838,234.81648082904604,187.1572768055537,214.61732329503408,356.3247215185274,1.43039195949173,315.0
12.79,19.1006,0.0558,0.0558,0.0062,225.01094147638852,273.92636353647305,722.5929587292226,236.4254703575864,189.72177373996772,215.75915982939037,358.2120547663685,1.430620967206297,315.0
12.8,19.6024,0.0554,0.0554,0.0061,224.80376595841275,273.6741498624155,729.8423837388876,237.1215388283283,189.07617779599892,216.4841160331977,358.01665912225013,1.4130659317197722,315.0
12.81,20.0078,0.057,0.057,0.006,225.7148430930087,274.7832872436628,735.6281086390899,238.7031933112915,190.9392689168737,217.68414514766687,359.4697019459084,1.4066703080251544,315.0
12.82,20.1256,0.0616,0.0616,0.0061,228.27634542060272,277.9016379033425,737.336742787718,241.32914787752765,196.52896240736032,219.3237816975733,363.20235829094753,1.4204160761765532,315.0
12.83,20.2433,0.0665,0.0665,0.0062,230.89463995369368,281.08912690014887,739.0382321204379,244.0273050219573,202.3903600554984,220.95485000945905,366.9225432448203,1.4345094995764494,315.0
12.84,20.807,0.0678,0.0678,0.0061,231.56728808136268,281.90800288165894,746.8898317067674,245.64226530011547,203.70664948936832,222.2353428654114,367.994490562904,1.4219256890304297,315.0
12.85,21.0618,0.0701,0.0701,0.0064,232.75904377425712,283.35883589909565,750.429010635373,247.21006663562503,206.31789450331476,223.2908041443602,369.7000043044519,1.422281521054779,315.0
12.86,21.3513,0.0713,0.0713,0.0066,233.37693191970212,284.11104755442005,754.4110532179185,248.2861919899976,207.60492652790148,224.0940603939311,370.6270384455684,1.417862252451206,315.0
12.87,21.6293,0.0708,0.0708,0.006,233.13298573713172,283.81406959303,758.2049119130988,248.51744363315964,206.91240343954576,224.42928936292583,370.3964072727244,1.4081792880658652,315.0
12.88,21.7722,0.0727,0.0727,0.0056,234.1122713024021,285.00624332466344,760.171904709223,249.6801567354516,209.06793599252208,225.18513711568755,371.7649304965273,1.4104908710493154,315.0
12.89,21.7876,0.0741,0.0741,0.0056,234.84837920033428,285.90237467866785,760.4356712721371,250.3898117599242,210.6898185274021,225.61355976785143,372.76305301564696,1.414771825887174,315.0
12.9,21.5637,0.074,0.074,0.0056,234.8677514638414,285.9259583038069,757.4992596745603,249.99968080722243,210.688438462488,225.3015334840653,372.7422547431235,1.4210939571521697,315.0
12.91,21.0965,0.074,0.074,0.0056,234.95193113882183,286.02843790813097,751.245344812599,249.25208805581704,210.91823098215968,224.64039294730907,372.7549121692743,1.435051987351257,315.0
12.92,20.7722,0.0738,0.0738,0.006,234.91504340414443,285.9835311006976,746.8712790545907,248.6357873517367,210.85210902101255,224.1377248217484,372.6540700519929,1.4443094786483426,315.0
12.93,19.9769,0.0738,0.0738,0.0056,234.96378644725735,286.04287045753074,735.8718244340056,247.296844909622,211.2571358587684,222.9291893245662,372.619361354227,1.469118630968229,315.0
12.94,19.5831,0.0737,0.0737,0.0057,234.93948469918703,286.0132857207494,730.3528542878843,246.5786639754996,211.35297555573345,222.31372772139528,372.5716656591629,1.4815167447742563,315.0
12.95,19.3476,0.0733,0.0733,0.0059,234.77194116705024,285.80931968162633,727.0415371842188,245.98951683572685,211.0154078732424,221.87417263697083,372.34760442241446,1.487977849861838,315.0
12.96,19.143,0.0702,0.0702,0.0062,233.29102098547503,284.0064603301436,724.1512353431274,244.1562681405808,207.4552576013309,220.7890005986413,370.3049516286129,1.4843509674994129,315.0
12.97,18.8573,0.0692,0.0692,0.0071,232.81327951796675,283.42486202187257,720.0612673566205,243.17163293685635,206.41237096388227,220.0964266554271,369.6459140576512,1.4905324714568364,315.0
12.98,18.4326,0.0686,0.0686,0.0066,232.65064472791013,283.22687184267323,713.876217189295,241.93490067967824,205.7183474898218,219.26411446414173,369.23743763938654,1.5040025689740453,315.0
12.99,17.8728,0.0683,0.0683,0.0066,232.33732171285573,282.845435128694,705.5696141772115,240.88671297395055,205.8012258774123,218.25983330331152,369.0148022511456,1.5218157592099086,315.0
13.0,17.3516,0.0682,0.0682,0.0066,232.1000781578558,282.5566168878244,697.6915014373583,239.98240139955493,206.1160947548364,217.35171434566544,368.93554968853465,1.5395598650711988,112.0
13.01,17.1171,0.068,0.068,0.0062,231.93215549167527,282.3521892942134,694.1263854610721,239.49833683404697,206.07500184789708,216.91975150963063,368.8293332398132,1.547271731628973,112.0
13.02,17.0066,0.0681,0.0681,0.0061,231.96198270870423,282.3885006888574,692.4637277727228,239.37861126824876,206.3059189836448,216.79028010191016,368.95383463931887,1.5516751325817304,112.0
13.03,17.0443,0.0674,0.0674,0.006,231.69505968895876,282.0635509256889,693.1020575367064,239.09963453985105,205.4058358715423,216.719775643026,368.5362097565176,1.548071093523446,112.0
13.04,17.082,0.0667,0.0667,0.0058,231.42535746394037,281.7352177821883,693.7393454715558,238.81873163679023,204.50481809544956,216.6471663156036,368.11382728557294,1.5444569773272356,112.0
13.05,17.1856,0.0662,0.0662,0.0058,231.27976309328832,281.5579724613945,695.396252353893,238.7534318631138,203.80087694376283,216.74669055096103,367.8417095027137,1.5391948152259118,112.0
13.06,17.3748,0.0662,0.0662,0.0058,231.4086823726398,281.71491767103976,698.3636365223679,239.0935729179331,203.6583748219052,217.1349297629327,367.9428131051503,1.5326901041694625,112.0
13.07,17.8844,0.0662,0.0662,0.0059,231.6669297137229,282.0293057384453,706.1715956962877,239.9647959570545,203.2676293682016,218.0870909151121,368.0928046284248,1.5153148319939451,112.0
13.08,18.1199,0.0663,0.0663,0.0062,231.8457371050872,282.2469843018453,709.7637559002242,240.4230035685893,203.22294196704857,218.572154602344,368.2719371265413,1.5078702546491405,112.0
13.09,18.2744,0.0664,0.0664,0.0061,231.9902518216689,282.42291526116213,712.1229350715663,240.74560561579727,203.2416133948755,218.9134299553349,368.4384744830874,1.5032071932942666,112.0
13.1,18.4056,0.0667,0.0667,0.0061,232.0553203691968,282.5021291451092,714.1255131792205,241.33581623721935,203.7447633619955,219.2676108123855,368.7452048457944,1.4988623887746615,112.0
13.11,18.4635,0.0667,0.0667,0.006,232.1044222327269,282.561905326798,715.03651640762,241.46092452048063,203.7266168406657,219.41334376424905,368.8249724484056,1.4970175638690133,112.0
13.12,18.8264,0.0668,0.0668,0.0061,232.2359056804792,282.72197213275734,720.4272251272885,242.1986831448476,203.6866588153829,220.10320378446696,369.0211293922371,1.4852185595720522,112.0
13.13,19.3592,0.0672,0.0672,0.0061,232.5143575027589,283.0609569598804,728.2030294707437,243.38025762140785,203.93500607368,221.14588015108563,369.45513184090464,1.469152655552264,112.0
13.14,19.5407,0.0675,0.0675,0.0062,232.71394381708728,283.3039316034106,730.8586967719526,243.87024971361075,204.2233409526931,221.5720238437653,369.7658764459238,1.4644521689038263,112.0
13.15,19.7762,0.0684,0.0684,0.006,233.2152107126423,283.9141695632167,734.2655149601635,244.74690667121385,205.2022053821333,222.2457212270442,370.50725902806965,1.460165309452072,112.0
13.16,19.8611,0.0701,0.0701,0.006,234.11117771514915,285.00491200105114,735.523355008502,245.74078278902627,207.19051773252096,222.88355730740187,371.77489713874127,1.463448215574067,112.0
13.17,19.7337,0.0703,0.0703,0.006,234.2500478532344,285.1739712995897,733.7727559829383,245.63059976299968,207.49622323979733,222.77681341505493,371.9663831058321,1.468335444810916,112.0
13.18,19.5407,0.0702,0.0702,0.006,234.23542781381363,285.15617299072966,731.0781110225363,245.2572919153212,207.47820716369057,222.48240178023065,371.9419260275969,1.4743457446710164,112.0
13.19,19.3824,0.0701,0.0701,0.006,234.21946271289104,285.1367372156934,728.8648880833541,244.9432514894408,207.44428939129125,222.2425232122233,371.92198142954805,1.4792855386754424,112.0
13.2,19.0002,0.0698,0.0698,0.0064,234.08335400684015,284.9710396605011,723.396512263909,244.12331019986067,207.2803950912949,221.57387492982676,371.731167267577,1.4909931409734491,112.0
13.21,18.784,0.0691,0.0691,0.0062,233.75645632474053,284.57307726490154,720.2946373429625,243.40406798725868,206.5581897562459,221.07058867328757,371.2840956975312,1.495954238959898,112.0
13.22,18.5716,0.0695,0.0695,0.0066,234.0935152609019,284.9834098828371,717.2274598822107,243.06612182221392,206.9810683663561,220.86108867214975,371.6026677375916,1.505559473968958,112.0
13.23,18.4326,0.0665,0.0665,0.0062,232.65738755732,283.23508050456354,715.2246266597551,241.31452680202403,203.40313616097623,219.8619758041823,369.5273186438944,1.5001568347192402,112.0
13.24,18.3091,0.0634,0.0634,0.0061,230.93867216456653,281.1427313307767,713.4434531501885,239.74355136596893,199.90179991523507,218.82661320323345,367.2930874938344,1.4921956920075408,112.0
13.25,18.1972,0.0617,0.0617,0.0061,230.078602198638,280.0956896331245,711.8279479998372,238.68347123406608,197.8694020134646,218.18664465482644,366.0508989569867,1.4899011998538565,112.0
13.26,17.7068,0.0599,0.0599,0.0062,229.2487897990295,279.0854832336012,704.4914215510444,236.65399620499687,195.66456186268505,216.8420581668433,364.6405731878182,1.5015177587840671,112.0
13.27,17.5215,0.0591,0.0591,0.0062,228.80851112721555,278.54949180704506,701.718549786574,235.9207880526271,194.77897354690467,216.3176544662484,364.04485609031207,1.5050440185367568,112.0
13.28,17.232,0.0596,0.0596,0.0064,228.9805531500417,278.758934269616,697.3196449427637,235.7192745611695,195.62992598481657,215.99548157288808,364.4683043144279,1.517035886580845,112.0
13.29,16.9733,0.056,0.056,0.0069,227.05503045502044,276.4148196843728,693.3553335848615,233.28769714702767,191.16010014889196,214.4587248227427,361.5565965834816,1.512774167022633,112.0
13.3,16.5177,0.0559,0.0559,0.0064,226.8256894764815,276.13562197136883,686.2361855326388,232.44450362584868,191.3426147907165,213.63307805798087,361.4686044992928,1.5288578704644744,112.0
13.31,15.5873,0.0539,0.0539,0.0065,225.4982236061192,274.5195765639712,671.2566563729788,229.3815540384213,189.09807210331223,211.26142199756845,359.6746648001893,1.5575135530212094,112.0
13.32,15.0507,0.0512,0.0512,0.0065,223.82142394562592,272.47825523815334,662.3835558411795,226.72921340291683,185.75684101130275,209.34739876598096,357.25501898051084,1.5682749039619002,112.0
13.33,14.5681,0.0493,0.0493,0.0066,222.56201776903808,270.9450651101333,654.2379465081174,224.58365477491105,183.3993564015248,207.7575993968548,355.4848234115073,1.5805937444436244,112.0
13.34,14.3793,0.0487,0.0487,0.0065,222.16240088854985,270.4585749947564,651.0342638415502,223.8210923967335,182.66436454533547,207.20025360875383,354.95247157336127,1.586258191036189,112.0
13.35,14.3007,0.0484,0.0484,0.0066,221.98823336599864,270.2465449673027,649.721190751499,223.480920601436,182.29320259629884,206.9737319579992,354.72031108125924,1.5884985627719015,112.0
13.36,14.3012,0.0484,0.0484,0.0066,222.0274733728183,270.2943154103875,649.7780335297205,223.49597116009585,182.3008879663088,207.0178627119754,354.78760822272784,1.588620652548687,112.0
13.37,14.3017,0.0492,0.0492,0.0066,222.5213644179099,270.89557407397723,649.8348449342501,223.96831622541148,183.39486228829085,207.34390872827845,355.6119392927832,1.592309763676257,112.0
13.38,14.7148,0.0499,0.0499,0.0069,223.16979702557768,271.6849702920076,656.9910518081984,225.32897722188252,184.1932391850378,208.48345529488435,356.4081326193507,1.5776570162253936,112.0
13.39,15.1626,0.0514,0.0514,0.0071,224.25692238964425,273.0084272569582,664.6070346096839,227.19026256373425,186.03723360159856,209.9443405744572,357.93005905591787,1.5654663307096568,112.0
13.4,15.7533,0.0527,0.0527,0.0068,225.105363350354,274.04131190477875,674.4290408672559,229.387235940724,187.71479151710207,211.5849339849587,359.2635845874129,1.5460033021461688,112.0
13.41,16.3363,0.0548,0.0548,0.0067,226.5765923636665,275.83237331228963,683.9060443257735,231.68290152791067,190.13343259001363,213.43023493649463,361.25847658575617,1.5326177610936,112.0
13.42,16.9617,0.0562,0.0562,0.0067,227.65248580069292,277.14215662693056,693.8420303368596,233.6048590822953,191.56714645045463,215.08232723195135,362.61430790514567,1.5155829171083766,112.0
13.43,18.0389,0.0579,0.0579,0.0069,228.747553110125,278.47528204710875,710.4069043557847,236.70309019856813,193.3832755587084,217.58027567318732,364.25636913092507,1.4833360678413057,112.0
13.44,18.394,0.0594,0.0594,0.0071,229.63544983748093,279.5561998021508,715.7697629188986,238.1819507843156,195.12983610162536,218.70084693397675,365.5910977476414,1.4769762109180722,112.0
13.45,18.479,0.0595,0.0595,0.0072,229.73627583056333,279.6789444893815,717.0844640441683,238.41140898962703,195.2322867327265,218.9219083453097,365.752345232243,1.4745899640979858,112.0
13.46,18.5871,0.0594,0.0594,0.0073,229.7295391164073,279.670743272148,718.7370574842865,238.5799488287881,195.07953476046035,219.1205453380917,365.7569266767718,1.4706731403372124,112.0
13.47,18.5794,0.0594,0.0594,0.0069,229.76942636574915,279.7193016626511,718.6750266582619,238.582130193542,195.0920632481981,219.1527134051061,365.82453517305527,1.4710711687371274,112.0
13.48,18.3052,0.0593,0.0593,0.0069,229.73532374831305,279.67778543272897,714.657545662714,238.0278177054485,195.07685345578764,218.69853682906012,365.77284426384455,1.4801839390545275,112.0
13.49,18.0775,0.0591,0.0591,0.0069,229.64480061567767,279.56758335821627,711.3010070908198,237.50424686314176,194.92162311475508,218.2884872736612,365.646966813439,1.487436755105653,112.0
13.5,17.8767,0.057,0.057,0.0069,228.5178553938288,278.1956500446612,708.3246078431074,236.02978509784108,192.38050598228813,217.3289603096313,363.9693863711978,1.4864592740124123,289.0
13.51,17.7995,0.056,0.056,0.0071,227.9964188295785,277.5608577055739,707.2070565618277,235.3644876844592,191.1590168562062,216.91937272142457,363.1892789021634,1.48537135572498,289.0
13.52,17.5254,0.0544,0.0544,0.0077,227.10782778230623,276.47909469150324,703.0804890011215,233.98323335640103,189.23328138703155,215.95946115370236,361.84940104776354,1.4888449519635742,289.0
13.53,17.2397,0.0523,0.0523,0.0073,225.91502312249463,275.02698467086304,698.7302217412441,232.28519612586985,186.64723389927883,214.79023246079603,360.02581096052427,1.4907004634085028,289.0
13.54,16.8729,0.0512,0.0512,0.0072,225.4005285420193,274.4006434424583,693.0642988955913,230.78984498865464,185.18675570659715,213.79253652105805,359.04226621046865,1.5007425271252974,289.0
13.55,16.8682,0.0512,0.0512,0.0072,225.4364162253534,274.4443327960824,693.0412037405115,230.79868142168044,185.2001173752562,213.827841832244,359.1085957798374,1.5010349583871163,289.0
13.56,16.8667,0.051,0.051,0.0072,225.36389638505256,274.3560477731075,693.0682798534797,230.69607797834888,184.94679552406168,213.79949676984515,358.9926877773162,1.5004127941721368,289.0
13.57,16.8988,0.0508,0.0508,0.0072,225.30568671537404,274.28518382741186,693.6224282180215,230.65287764633987,184.6749567611297,213.83212579924853,358.88133591067543,1.4986030112964686,289.0
13.58,16.9308,0.0493,0.0493,0.0073,224.3205799049432,273.0859233625396,694.1747571281369,230.06875041302476,182.8974870533605,213.4026511216374,357.5573501412034,1.4900485100237435,289.0
13.59,17.0274,0.0452,0.0452,0.0073,221.90482482146743,270.1450041304821,695.7356491935004,227.93563097514996,177.51341084816167,212.08730951966356,353.6248466985334,1.4686920814428952,289.0
13.6,17.2165,0.042,0.042,0.0073,219.95653898460316,267.77317789429947,698.7277766342324,226.45483219793996,173.26703359159126,211.177377096961,350.35917820012537,1.4474735193270785,289.0
13.61,17.2744,0.0384,0.0384,0.0073,217.65580825750985,264.97228831349025,699.675330956882,224.41659793583727,168.4813990755477,209.7567287444252,346.3743328068416,1.4286587166656108,289.0
13.62,17.232,0.0357,0.0357,0.0064,215.8760793652214,262.80566183592174,699.0670372987826,222.6776706840702,164.87366188959322,208.4600605756823,343.1644696540609,1.417226972195579,289.0
13.63,17.1239,0.0332,0.0332,0.0064,214.1840619873147,260.7458145932527,697.4393507992229,220.89589337674528,161.50858382235592,207.06224492441837,339.98817922582947,1.4087455946804857,289.0
13.64,17.0003,0.0308,0.0308,0.0064,212.52249918878147,258.7230424906905,695.5626552569393,219.11687163242425,158.25767283253506,205.6040549952928,336.7322893321515,1.4010163182096034,289.0
13.65,16.8691,0.0277,0.0277,0.0064,210.31962008688075,256.041276627507,693.5576299983034,216.8423109472422,154.051884094954,203.61593192499555,332.1629327467586,1.389617709532713,289.0
13.66,16.6297,0.027,0.027,0.0066,209.81682831681596,255.42918229873248,689.8319856337765,215.8689806779496,153.03336193824788,202.8073384273349,331.0858470655147,1.394441360065117,289.0
13.67,15.7224,0.0263,0.0263,0.0067,209.1680768040828,254.63939784844865,675.255397852726,213.34469396405373,151.74764252619875,200.77817868564293,329.8812840153104,1.423752118245461,289.0
13.68,15.1395,0.0248,0.0248,0.0071,207.92709782783797,253.12864083388968,665.6305758636647,210.95791838754377,149.42802805064954,198.7583158894108,327.3415103355202,1.4376800077959235,289.0
13.69,14.4986,0.0239,0.0239,0.0079,207.05339774159924,252.06500594629472,654.7733971464203,208.77081620583797,147.87588002328746,196.9590592360884,325.7282063530807,1.4579661259929024,289.0
13.7,14.1009,0.0235,0.0235,0.0085,206.61183134881173,251.527446859423,647.90298127434,207.49463696083424,147.12469538049766,195.9369381429321,325.0074435090976,1.472032148379671,289.0
13.71,13.8075,0.0226,0.0226,0.0092,205.81475437962945,250.55709228824452,642.7691308260747,206.1098676659202,145.67874185772936,194.7519448522419,323.3710821101444,1.4790620095861955,289.0
13.72,13.6029,0.0221,0.0221,0.0096,205.35558866020415,249.9981079341616,639.1619136353681,205.22562301869428,144.8477000567166,194.0125221331766,322.4558158322731,1.4848632578402834,289.0
13.73,13.5537,0.0215,0.0215,0.0098,204.8986016905543,249.4417759711096,638.3246724831668,204.67709593764704,143.9467378403179,193.50801484193613,321.3546802020949,1.4834178251189225,289.0
13.74,13.5358,0.02,0.02,0.01,203.75705318462548,248.05206474650055,638.0492245752832,203.5656699850252,141.75126689111215,192.3522674276504,318.4030940488519,1.4750544654235134,289.0
13.75,13.518,0.0198,0.0198,0.0109,203.625409596004,247.89180298643967,637.7776366229965,203.3872811784985,141.4576267454841,192.19433191381523,318.0427975001366,1.47469578239511,289.0
13.76,13.5102,0.0187,0.0187,0.0113,202.79922660187836,246.88601499359103,637.6843208520118,202.5933898484902,139.87523492835658,191.30745623143488,315.745031415154,1.468354612776722,289.0
13.77,13.4601,0.0182,0.0182,0.0102,202.41370635363083,246.4166859957245,636.8221235572821,202.1109951901177,139.13107931068762,190.8140444547959,314.68372330308614,1.4675184623124629,289.0
13.78,13.2052,0.0166,0.0166,0.01,201.03796205868528,244.74186685405164,632.2334606434293,200.268484803169,136.66153641338684,188.87973049154584,310.9548763706459,1.468552126851479,289.0
13.79,12.9389,0.0152,0.0152,0.0098,199.7986558888551,243.2331462994758,627.3774105107251,198.52143351107284,134.4699794716797,186.99195669723423,307.4236125123495,1.4714107298925496,289.0
13.8,12.491,0.0136,0.0136,0.0096,198.24161901104543,241.33762314388144,619.0357622516692,196.0672736354728,131.81304731918655,184.3732607160243,302.98703257532964,1.4811254605376618,289.0
13.81,11.8772,0.0127,0.0127,0.0094,197.08597031371048,239.93074646886487,607.2789758716139,193.40936671621847,129.7796421521415,182.03973747174675,300.2452351446255,1.503979863493908,289.0
13.82,10.9139,0.0126,0.0126,0.009,195.80489192168213,238.37117277422172,588.0144363632194,190.19155377074813,128.43998092522068,179.75415172179206,299.80406213807146,1.5488262295577178,289.0
13.83,9.9507,0.0125,0.0125,0.0089,194.4229444960011,236.68880199513177,567.6661870768891,186.69880285974563,127.04731829310552,177.29677801832193,299.34374353008013,1.5994252171819363,289.0
13.84,9.4179,0.0127,0.0127,0.0089,193.7902883230065,235.9186118714862,555.8992227677086,184.8923006753822,126.71158055287913,176.16464446525387,299.89479632230154,1.6319941325397869,289.0
13.85,9.0627,0.013,0.013,0.009,193.48573871619263,235.54785582840847,547.8360213644585,183.8033290020903,126.80379941659083,175.56714756382786,300.7757996879116,1.65636766601189,289.0
13.86,9.0366,0.0137,0.0137,0.0096,194.09152084101305,236.28532971949411,547.2746445185984,184.320904667192,128.00718706614558,176.29521976264604,302.8823483286755,1.663959473614388,289.0
13.87,9.0299,0.0152,0.0152,0.0094,195.43458947142045,237.9203697912945,547.1578257535746,185.61160835885684,130.67004956680603,177.8387677515388,307.0554571220561,1.676966085613787,289.0
13.88,9.1235,0.017,0.017,0.0094,197.1847244433869,240.05096888760144,549.3562459636621,187.5228319833248,133.9664974605692,179.80120900878467,311.63616052757885,1.6857292489314748,289.0
13.89,9.2171,0.0199,0.0199,0.0094,199.8028360128016,243.23823514601932,551.5413025768586,190.31446463336505,139.17992892017296,182.47166369573347,318.1649401533149,1.7025774231263648,289.0
13.9,9.9584,0.0209,0.0209,0.0094,201.73024114271027,245.5846413911256,568.1198751337768,193.6933226539081,141.26796969174436,185.30510196685185,320.44103061456644,1.6637503910347688,289.0
13.91,12.4408,0.0219,0.0219,0.01,204.9576882592668,249.51370744606396,618.5718139437682,202.2416447444029,144.1958282360671,192.1223026148864,322.9840914372503,1.5372510351136688,289.0
13.92,14.2862,0.0287,0.0287,0.0101,211.47210427555288,257.44430085719483,652.1749431335411,211.710237348053,154.82376408713844,200.4756989741162,334.9434676863886,1.498267724601485,289.0
13.93,16.4753,0.0316,0.0316,0.0101,214.05377740505875,260.5872072757237,688.7223362018624,218.89733459856,159.49832031735127,206.31664215641797,339.5809158259572,1.427288362957596,289.0
13.94,18.618,0.0341,0.0341,0.0109,215.9143003393202,262.8521917174333,721.7025436590119,224.99210412668387,163.23677150555167,211.3546675958156,343.3316264098136,1.3664485608676231,289.0
13.95,20.2008,0.0367,0.0367,0.0121,217.53056876354012,264.8198228425706,744.6048690689383,229.6455388253021,166.8182226673042,215.2037377037659,346.89923786145994,1.3297017531901327,289.0
13.96,21.332,0.0402,0.0402,0.0117,219.65882734094788,267.41074632811046,760.3163992914484,233.7745426930863,171.3076337710721,218.58848421400927,351.23677978361394,1.3125060630021197,289.0
13.97,22.969,0.0438,0.0438,0.0115,221.54222889008503,269.70358299662524,782.1496496431533,238.6502892191251,175.7830874052632,222.5508389171339,355.4336422717842,1.2829769829862818,289.0
13.98,23.4245,0.0479,0.0479,0.0114,224.03437131601936,272.737495515154,788.0939033313704,241.68005919608044,180.68867253169955,224.88950665808804,359.7097809334514,1.2876869973643457,289.0
13.99,23.9843,0.0504,0.0504,0.0113,225.4184073088337,274.4224088977106,795.2914043058973,243.9490985325654,183.63040821000143,226.655560003628,362.22553877592696,1.2830959236404362,289.0
14.0,24.355,0.0508,0.0508,0.0121,225.552776502934,274.58598878618056,800.0227821091574,244.76718296453257,184.08897300039024,227.3509620713286,362.7046999432388,1.2753071000558764,125.0
14.01,24.714,0.0544,0.0544,0.0104,227.6435437225988,277.1312706188159,804.5596234555155,247.24599004182167,188.267586678052,229.17441498166136,366.0532264207101,1.280019974558291,125.0
14.02,25.6985,0.0609,0.0609,0.0085,231.09603528801293,281.3343038288853,816.7076077498544,252.0835849355612,195.61039959135584,232.6825023130526,371.6383886828596,1.2793757194066129,125.0
14.03,26.5131,0.0626,0.0626,0.0076,231.73600098524324,282.1133925037744,826.5573874684162,254.1435692583068,197.40335940114423,234.31162643926655,373.1243717853312,1.2659151542231817,125.0
14.04,27.5246,0.0624,0.0624,0.0066,231.14650192228856,281.39574147061217,838.5204955928383,255.50314972732212,197.0220374140096,235.56243028875664,373.13979264687913,1.241962914444872,125.0
14.05,28.2427,0.0647,0.0647,0.0069,232.1253279524288,282.5873557681742,846.8708463945762,257.65227026360645,199.46743801880208,237.19601646863896,375.038737391004,1.2337701083795425,125.0
14.06,29.4395,0.0646,0.0646,0.0045,231.41832040484084,281.7266509276324,860.4589204334416,259.2396917672156,199.1775982694676,238.63438575808055,375.1460293019447,1.207636788113951,125.0
14.07,29.37,0.0732,0.0732,0.0026,236.33566626462647,287.7129850178062,859.7388772919003,263.27387448653667,208.5441730665497,241.08831971725544,381.3529337806364,1.2369549354682985,125.0
14.08,28.8643,0.0775,0.0775,0.0007,238.95704255747324,290.90422572214135,854.1097762993651,264.61117087736,213.3199889821174,241.67592562752628,384.2130572563761,1.261345260798013,125.0
14.09,28.4164,0.0789,0.0789,-0.0039,239.95855003971792,292.1234522222653,849.0721468171937,264.6664628599909,214.96591305178745,241.538527646537,385.13293393765576,1.275648983772245,125.0
14.1,28.0921,0.079,0.079,-0.0104,240.20985209497175,292.4293851590961,845.4025260908918,264.28983868108406,215.1820731521504,241.21255591516683,385.2327810173138,1.2833794472141349,125.0
14.11,28.0883,0.0795,0.0795,-0.0193,240.5121319948432,292.7973780806787,845.3987285523998,264.530281635151,215.73527127065876,241.38177137813787,385.6176511736417,1.2851353272752342,125.0
14.12,27.9261,0.0802,0.0802,-0.0208,240.9897047929794,293.3787710523228,843.5861450407078,264.64464603773735,216.55101750851088,241.4036447503525,386.1100248720695,1.2910500335622486,125.0
14.13,27.8914,0.0822,0.0822,-0.0198,242.0644401719732,294.6871445571848,843.2468122649359,265.5152501326068,218.72343002875377,241.90198387287165,387.4142035419579,1.297934769137683,125.0
14.14,27.7022,0.0855,0.0855,-0.0189,243.8345934497895,296.84211376496114,841.1177239007694,266.7340294049216,222.32764674748717,242.50349374524183,389.45174709799255,1.3120792473094178,125.0
14.15,26.7177,0.0855,0.0855,-0.0108,244.2696075372621,297.371696132319,829.6458441845622,265.36960838657967,222.68805129929603,241.290579668434,389.4171219422286,1.3352533102221251,125.0
14.16,25.5595,0.0854,0.0854,0.0035,244.6596067598996,297.8464777946604,815.8079437399215,263.66179983711,223.0239323354085,239.77944446227872,389.2997897030925,1.3633216155835008,125.0
14.17,24.2546,0.0852,0.0852,0.0073,244.9601553998224,298.212363095436,799.7049916567918,261.6141332027725,223.3366325688457,237.97727133118784,389.0997495875937,1.3963436230061077,125.0
14.18,22.8454,0.0817,0.0817,0.0104,243.6123431169982,296.5715481424326,781.690397181056,257.8489962131161,220.0838431519193,235.1609837223529,386.88137263260217,1.424218815498408,125.0
14.19,21.4942,0.0811,0.0811,0.0115,243.5112311720735,296.4484553399156,763.7534839996764,255.3412073933178,220.01090086808665,233.0085863126929,386.40540265759824,1.46151177710171,125.0
14.2,20.39,0.0804,0.0804,0.0117,243.3870028178823,296.29722082176977,748.5750789821092,252.91348742440945,219.52004037458036,231.1246759735324,385.888361517132,1.4942952201392432,125.0
14.21,19.475,0.0786,0.0786,0.0119,242.34162466141984,295.02458654433724,735.6137148870782,250.6759279350524,218.17498176863356,229.2154055356604,384.6919703140835,1.5169803400613149,125.0
14.22,18.7801,0.073,0.073,0.0121,239.6025563131457,291.6900685551339,725.5265640446632,246.8558247860541,212.07341901273975,226.66904030372675,380.978694766652,1.521803827989865,125.0
14.23,18.2353,0.0699,0.0699,0.0123,237.9826576764147,289.7180180408527,717.4648518693441,244.42714932509531,208.749443906623,224.942672304917,378.820421993061,1.529759032389281,125.0
14.24,17.9683,0.0672,0.0672,0.012,236.6304430604414,288.0718437257548,713.4828874436079,242.61511877119963,205.64121928913812,223.776386291631,376.9112842935695,1.5298286805687686,125.0
14.25,17.853,0.0637,0.0637,0.0117,234.9249174970973,285.99555173559673,711.7793108655089,240.60206387582977,201.37360148342464,222.6221341158048,374.3481620586795,1.5218365909868574,125.0
14.26,18.0618,0.0607,0.0607,0.0121,233.552220285683,284.32444208691845,714.9983074557427,239.3586476974672,197.46447554160656,222.14743375284385,372.1059005991557,1.5043478430069384,125.0
14.27,18.2705,0.0582,0.0582,0.0115,232.3831886745389,282.9012731690039,718.1907876325174,238.355543999272,194.1805269061909,221.7830530066346,370.1740425930132,1.4885305874722627,125.0
14.28,18.7647,0.0506,0.0506,0.0114,227.8877708398833,277.428590587684,725.5997000201055,235.49608491119372,184.8120889379284,220.1090765004838,363.6371849819363,1.4401064146148053,125.0
14.29,19.2704,0.0474,0.0474,0.0113,225.95481153297436,275.07542273579486,733.0579099513963,234.70440051196465,180.71874583675452,219.8014990634079,360.6967964383345,1.4102481414679366,125.0
14.3,19.089,0.0435,0.0435,0.0113,223.55077216458196,272.1487661134041,730.4650683064733,232.1559048567688,175.7950298165141,217.98601261856373,356.73126329889647,1.3993920623358782,125.0
14.31,18.7647,0.0429,0.0429,0.0094,223.2265524485079,271.75406385035745,725.7448562757255,231.19395688929,175.04706608992765,217.24049841475917,356.1055634810654,1.407450981893171,125.0
14.32,18.3516,0.0427,0.0427,0.0088,223.15223023836305,271.6635846380072,719.6482414382855,230.27745816194616,174.8119141048299,216.5033108884489,355.8935767486781,1.4204352189118457,125.0
14.33,18.0852,0.0428,0.0428,0.0085,223.2562296293144,271.7901925922089,715.6885118097516,229.8176228898093,174.96136846378926,216.1317919689669,356.02617144722666,1.4300557658063175,125.0
14.34,18.0816,0.0429,0.0429,0.0079,223.35789284320916,271.9139565047764,715.6817934420986,229.88394245563453,175.10094161467072,216.2093891704069,356.1965358183603,1.4307613700359247,125.0
14.35,18.08,0.043,0.043,0.0069,223.45950324481643,272.0376561241244,715.7041220031709,229.9540718231085,175.2403831106317,216.2903317098892,356.3669777689965,1.4314007732502116,125.0
14.36,18.0836,0.043,0.043,0.0043,223.49706886011023,272.08338817752553,715.80044771932,229.9757552584801,175.24980254961037,216.33842498610136,356.4303164098148,1.4314225379038088,125.0
14.37,18.0871,0.0426,0.0426,0.0037,223.277881677645,271.8165516075679,715.9009773758157,229.7646116781304,174.7400032164755,216.21853906215003,356.0607446617003,1.429632075732512,125.0
14.38,18.1585,0.0422,0.0422,0.0012,223.05750236325792,271.5482637465749,717.0213935176475,229.6890420674653,174.2280531655612,216.21371677705835,355.69729622920227,1.4255315498776535,125.0
14.39,18.3516,0.0416,0.0416,-0.0003,222.702938939108,271.1166213171749,719.9698311980785,229.7399051147976,173.45660382249957,216.3278912089538,355.1259891319411,1.416418104266697,125.0
14.4,18.7106,0.0403,0.0403,-0.0033,221.87198283145355,270.1050225774217,725.3593047278067,229.70399019737337,171.7906067857894,216.40313374299865,353.7761659810161,1.39872361147925,125.0
14.41,18.8535,0.0363,0.0363,-0.0092,219.20936766052063,266.86357802150343,727.504095659979,227.614089518944,166.64867519713394,214.81030187924847,349.082039377889,1.3756933313999395,125.0
14.42,18.7801,0.0335,0.0335,-0.0136,217.3163962355199,264.5590910693286,726.4582878928857,225.7798388897771,163.031463406593,213.30517011032435,345.5088337876289,1.3648746978682182,125.0
14.43,18.5369,0.0347,0.0347,-0.0153,218.2036688182729,265.6392489961584,722.8944243123665,226.03372999636665,164.5469687198854,213.5691665730511,347.12064451054994,1.3786293970408148,125.0
14.44,18.4172,0.0331,0.0331,-0.0161,217.1312796925148,264.3337317995833,721.154576288695,224.8226827468804,162.4531031711884,212.57658466366084,345.0408771290099,1.3749307519271543,125.0
14.45,18.313,0.0305,0.0305,-0.0163,215.3331778844576,262.1447382941223,719.6417281567522,223.01180132840625,159.05779146056898,211.006259340811,341.43632248451394,1.365676514250971,125.0
14.46,17.9114,0.0275,0.0275,-0.0152,213.21529565026896,259.56644687858835,713.6228427665897,220.2925813217614,155.03496018923803,208.57385817912424,336.8749687686532,1.3638593660701512,125.0
14.47,17.591,0.0275,0.0275,-0.014,213.238680960883,259.5949159523793,708.7704953810818,219.60733204333928,154.91251148757684,208.07242291130856,336.8888938311764,1.3745935188745737,125.0
14.48,16.815,0.0268,0.0268,-0.0089,212.6939098257172,258.93171630956874,696.7210952931092,217.4386372900308,153.6758121533249,206.3227038745472,335.70814758343715,1.3976297288692887,125.0
14.49,16.232,0.0261,0.0261,-0.0039,212.12001512635527,258.23306189295425,687.4540357116935,215.6516915874282,152.4935231456949,204.86584963405565,334.5261527658838,1.4147894347976533,125.0
14.5,15.8421,0.0252,0.0252,-0.0056,211.401449377198,257.358286198328,681.1395725178468,214.1462049819656,151.09935331603427,203.59514083468665,333.0017720830014,1.4243365020985594,346.0
14.51,15.4715,0.0253,0.0253,-0.0043,211.41382836650965,257.3733562722726,675.0579408211887,213.33131607702143,151.07530807504023,203.00794531585044,333.1730146144397,1.4389630198045982,346.0
14.52,15.0584,0.0254,0.0254,-0.003,211.39660259170927,257.35238576382005,668.164319422625,212.3976221007485,151.03992913988102,202.32329640374505,333.33526026942474,1.455653412447954,346.0
14.53,14.4291,0.0255,0.0255,-0.0045,211.27165119074303,257.20027101481764,657.3962286401235,210.8959016547853,150.9230056842353,201.1874795068232,333.45831375471914,1.4817316478786169,346.0
14.54,14.0623,0.0263,0.0263,-0.006,211.8106372283664,257.8564279301852,651.000478627828,210.45642665788137,151.89820910358554,200.995887145342,334.79457695272407,1.5024146536755576,346.0
14.55,13.8654,0.027,0.027,-0.0061,212.17864837994503,258.30444150602005,647.5467059597007,210.5347906289832,152.9371494759782,201.0644052701297,335.96317883746065,1.5143585595622888,346.0
14.56,13.599,0.0272,0.0272,-0.0061,212.12827696481844,258.24311978325727,642.8088577915998,210.084044553459,153.23394170638787,200.6646669031925,336.2958379170803,1.526597557171759,346.0
14.57,13.3365,0.0274,0.0274,-0.006,212.2951046744741,258.44621438631634,638.0837142028256,209.41108825150752,153.3548951912648,200.26216378125488,336.62619257270313,1.5407237731519825,346.0
14.58,13.074,0.0275,0.0275,-0.0058,212.2455565550292,258.3858949365573,633.2998753320434,208.78726023602349,153.43763197423954,199.78820706883985,336.7945707740023,1.5535031323826594,346.0
14.59,12.6648,0.0276,0.0276,-0.0059,212.08205107410205,258.18684478586334,625.6950302717216,207.74877223471424,153.48698717408024,198.97330251830027,336.93269257379114,1.5735727365520873,346.0
14.6,12.5258,0.0288,0.0288,-0.006,212.89840655205765,259.18066884598323,623.104483324512,208.21346808782585,155.28460466265204,199.3983138509909,338.83308646281205,1.5876405468095824,346.0
14.61,12.4475,0.0305,0.0305,-0.0063,214.09904670154867,260.64231772362444,621.6545903020582,209.1804934371993,157.85481544923854,200.20701804233215,341.4120513028175,1.601659601956862,346.0
14.62,12.4111,0.0322,0.0322,-0.0064,215.3014614555013,262.10612698930595,621.0011608315917,210.24434218668608,160.4202408329191,201.06381078576592,343.87998572427057,1.6134219265997276,346.0
14.63,12.41,0.0322,0.0322,-0.0064,215.33573160535752,262.1478471717396,621.022170092546,210.25243874704057,160.42690605348724,201.0994670128125,343.9392535831336,1.6136154565491794,346.0
14.64,12.4467,0.0322,0.0322,-0.006,215.39935846943624,262.225305962792,621.7666674899194,210.36531274145864,160.43605189703368,201.22321689432133,344.006233649743,1.611920940489319,346.0
14.65,12.4833,0.0322,0.0322,-0.0056,215.46262450228647,262.3023254810444,622.5080471620713,210.47773132432684,160.44529136416116,201.34653247370937,344.0731436122874,1.6102368720572426,346.0
14.66,12.6609,0.0324,0.0324,-0.0058,215.7692307332244,262.6755852404471,625.91829224841,211.11012070223876,160.76354490040708,201.8985509259711,344.4456775067718,1.6027646050686242,346.0
14.67,13.3906,0.0322,0.0322,-0.0052,216.1437939802747,263.1315752803344,639.5070059701607,212.9385249649784,160.54036771458544,203.4682441694218,344.37067178256194,1.567158402065638,346.0
14.68,13.9388,0.0328,0.0328,-0.0049,216.89529647495735,264.04644788255683,649.4298528938234,214.75993213388423,161.4813606062676,204.999900928578,345.36022215833106,1.5458843134442288,346.0
14.69,14.4445,0.0337,0.0337,-0.0049,217.6342410832074,264.9460326230351,658.3762818238354,216.7816212534612,162.9706350668176,206.55719432215568,346.7288310701536,1.5277510712634468,346.0
14.7,14.9117,0.036,0.036,-0.0047,219.48143456918845,267.1947899103164,666.4770625210892,219.34296386203584,166.2128237140519,208.6858777463672,349.8601412694534,1.520717869751978,346.0
14.71,15.4059,0.0363,0.0363,-0.0045,220.02258685140603,267.85358399301606,674.8764319063481,220.56549803081376,166.53401155853982,209.8521072779008,350.3825808371964,1.5033063123483046,346.0
14.72,15.8112,0.0362,0.0362,-0.0046,220.22707800224205,268.1025297418599,681.6502849908013,221.3221287035289,166.31596884338228,210.62986111149053,350.3844994206732,1.4878705083303267,346.0
14.73,16.4328,0.036,0.036,-0.0047,220.07715116561323,267.9200101146596,691.8122185803395,222.7906769125897,166.25706993297015,211.74529069403064,350.29234045659274,1.461999797092416,346.0
14.74,16.6297,0.0345,0.0345,-0.0047,219.10897225984527,266.7413575337247,695.0139803645062,222.3078218160613,164.25739082635337,211.4007209280857,348.45014194308084,1.447328556561822,346.0
14.75,16.8961,0.0323,0.0323,-0.0046,217.63265356780423,264.9440999955877,699.2936947915119,221.52946791101067,161.34411172767213,210.76916057146752,345.57799798908354,1.4266515851464507,346.0
14.76,17.0621,0.0308,0.0308,-0.0043,216.6145719082199,263.7046962360938,701.9583848929014,220.9620961908856,159.37947079804272,210.2743104207608,343.5320312996985,1.4132054092653077,346.0
14.77,17.3053,0.031,0.031,-0.0043,216.81159087047843,263.9445454075389,705.8113168077962,221.6395432041403,159.72396473653376,210.85621984505653,343.9161469229096,1.4058400020476354,346.0
14.78,17.4945,0.0302,0.0302,-0.0041,216.28369296261445,263.301887084922,708.7974070007461,221.56400943542369,158.7275578955628,210.7685039757108,342.8354804023992,1.3953694523511777,346.0
14.79,17.7339,0.0291,0.0291,-0.0043,215.53554823932157,262.3911022043914,712.5343140155453,221.40879922346497,157.36979841230595,210.571652917744,341.27851116240106,1.3817928377355448,346.0
14.8,17.9114,0.0264,0.0264,-0.0056,213.6186682173322,260.0575091341436,715.2945042183477,220.11697149009328,153.9522509315258,209.21574177306923,337.0680887013893,1.3623168642313055,346.0
14.81,18.1392,0.0242,0.0242,-0.0077,212.06960876883832,258.1716976316293,718.7983100913957,219.2719397689036,151.30550996396624,208.12766663038587,333.364965959044,1.3440001071788008,346.0
14.82,17.9848,0.0214,0.0214,-0.0136,210.09617596165347,255.7692576924477,716.4855412341751,217.2361120562336,147.8078589385444,205.79952830815836,328.11375952050173,1.3351411311991916,346.0
14.83,17.8304,0.0191,0.0191,-0.0233,208.52492841075176,253.8564345870022,714.1487257361948,215.54491367469527,145.04015951607389,203.651694899882,323.33401593263403,1.3290890731401654,346.0
14.84,17.8265,0.0185,0.0185,-0.0317,208.1597142781822,253.41182607778703,714.1122621661744,215.2108396143784,144.38524143088716,203.1445693974334,322.04958663661205,1.326592477110688,346.0
14.85,17.4945,0.0178,0.0178,-0.0391,207.6590968322743,252.80237875233396,709.0260525214456,214.0232203095865,143.31683408705217,201.98562305654875,320.4487780416661,1.333839695675988,346.0
14.86,17.2204,0.0171,0.0171,-0.0549,207.16380372405013,252.1994132292785,704.7599370059979,212.96317918849584,142.2982906395027,200.89445747167636,318.7988370687941,1.3394645981797964,346.0
14.87,16.8652,0.0171,0.0171,-0.0585,207.0844733956924,252.1028371773646,699.2033765474924,212.0723989006352,141.9374154702183,200.3298772000944,318.8039266364496,1.3509510019309512,346.0
14.88,16.676,0.0161,0.0161,-0.0595,206.4080066203485,251.2793124073808,696.2378632369008,211.05174627889056,140.67723388773837,199.0440579952423,316.3436642813479,1.3525939185778753,346.0
14.89,16.4096,0.0155,0.0155,-0.06,205.95745305135927,250.73081241035044,692.0095178422831,210.04363265838683,139.761285839735,197.99498545573437,314.80162090581064,1.358687170004537,346.0
14.9,16.3985,0.0131,0.0131,-0.0601,204.6596229604717,249.15084534318297,691.8762203308103,208.90419409701016,137.5797453492103,195.2670283500764,308.0425432010455,1.3495754604394783,346.0
14.91,16.4035,0.0118,0.0118,-0.0602,204.16177696548164,248.54477195797764,692.0025098817194,208.4815301131772,136.73030370401256,193.625108354016,303.9378523778006,1.3456762753032032,346.0
14.92,16.4084,0.0108,0.0108,-0.0604,203.92211990377083,248.25301553502536,692.1268484363093,208.27687925500408,136.30266537896938,192.2512912156705,300.5106348774873,1.3436492138495408,346.0
14.93,16.4637,0.0094,0.0094,-0.0618,203.9032941721328,248.2300972530313,693.0592966043675,208.3749168007604,136.25936639696477,190.17613344346893,295.1928342180384,1.341442629178489,346.0
14.94,16.4907,0.0095,0.0095,-0.0637,203.95301013161352,248.2906210297904,693.5337340758175,208.4645228098209,136.31140597875495,190.4236026862702,295.652866825774,1.340739289620951,346.0
14.95,16.5255,0.0093,0.0093,-0.0669,204.0349115217724,248.39032706998375,694.1290736242514,208.5987072329013,136.41951869356294,190.1806918304557,294.8907191423766,1.3400040966889932,346.0
14.96,16.4328,0.0083,0.0083,-0.0699,204.2170266496036,248.61203244299568,692.6746031227265,208.5206290929709,136.62035752945238,188.2759092756324,290.59883319384414,1.3444880741953489,346.0
14.97,16.2205,0.0082,0.0082,-0.0713,204.0425788199696,248.3996611721369,689.2808850134496,207.8645135714688,136.18650661867756,187.7696010002212,290.1624082346154,1.3507082629189149,346.0
14.98,16.0699,0.0082,0.0082,-0.072,203.89692336510703,248.2223414879564,686.8703446798535,207.3755152526939,135.8343143873712,187.5523689168377,290.19140319404204,1.355001178272595,346.0
14.99,15.8807,0.0083,0.0083,-0.0719,203.67247232302236,247.9490967410707,683.8126704546381,206.72895718801425,135.33945321077363,187.4560178429313,290.6726405386366,1.3602075934352804,346.0
15.0,15.5217,0.0086,0.0086,-0.0718,203.2213775257191,247.3999378573972,677.9057538709083,205.4896556299248,134.4096420579156,187.425993473772,292.01730818688986,1.37029618290343,448.0
15.01,15.1356,0.0095,0.0095,-0.0713,202.82669273957592,246.9194520307881,671.4541302037967,204.2291593431332,133.57884014077868,188.3313688968199,295.8149621519772,1.382262417582542,448.0
15.02,14.0623,0.0097,0.0097,-0.0713,201.75841093811397,245.6189350550952,652.876905580008,200.74906176154647,131.51591895556768,186.70426284275587,296.5057984930763,1.4186797188377704,448.0
15.03,13.5141,0.0111,0.0111,-0.0712,201.8076528645779,245.67888174818185,643.067883129432,199.46837260668835,131.52065840164946,187.761944095706,301.71033668653286,1.4436034394632364,448.0
15.04,13.0701,0.0114,0.0114,-0.0711,201.5559602329232,245.37247332703691,634.9475791183822,198.1723094331901,131.08488723068496,187.309578789542,302.73424631930646,1.4625280117749655,448.0
15.05,12.6725,0.0114,0.0114,-0.0709,201.37885893966111,245.1568717526309,627.5327798753484,196.68494765548056,130.33370120591567,186.5126290347472,302.715948046296,1.4806854256855229,448.0
15.06,12.3868,0.0114,0.0114,-0.0711,200.9932964003344,244.6874912699723,622.1246095977657,195.81626536108595,129.94037897322914,185.93552822720787,302.71573887383124,1.4921255440862184,448.0
15.07,12.0779,0.0114,0.0114,-0.0708,200.5596516826093,244.15957596143747,616.1868309841011,194.86449890205856,129.51895988064288,185.29477608510425,302.7100051724233,1.5048467696806147,448.0
15.08,11.8115,0.0112,0.0112,-0.0705,200.04782558221947,243.53648331748457,610.9945934328167,193.9032739709733,128.91343463226153,184.4634893799659,302.0151264450745,1.5150795147235347,448.0
15.09,11.5143,0.0112,0.0112,-0.0705,199.5979733297291,242.9888370970615,605.1084493589225,192.9589466253747,128.5062417574605,183.8216810445184,302.00882511010053,1.5279996042972024,448.0
15.1,11.3444,0.0111,0.0111,-0.0703,199.52996361895256,242.90604266655092,601.7182270142971,192.13270198154524,128.00192248145711,183.32587312687696,301.6742860872524,1.537165671928199,448.0
15.11,11.1243,0.0105,0.0105,-0.0696,198.83798147451196,242.06362962114497,597.2681710474958,190.9609010810026,126.89682729553824,182.0016493176048,299.5095617681723,1.5442394982221048,448.0
15.12,11.0896,0.0105,0.0105,-0.0701,198.8191707274155,242.04072958120148,596.5920671617478,190.84213101485895,126.84350586027668,181.9532510348249,299.5527734891993,1.5460392150941975,448.0
15.13,11.0741,0.0105,0.0105,-0.0699,198.82756847126183,242.05095292153612,596.3128241408526,190.7944464152677,126.823254318907,181.950047086888,299.59978373997734,1.5469074810840249,448.0
15.14,11.0587,0.0105,0.0105,-0.0696,198.83607329331176,242.0613066179448,596.0356941287982,190.7471307168396,126.80319665683858,181.94700669332897,299.6467839583551,1.547771325244356,448.0
15.15,11.0412,0.0109,0.0109,-0.0692,199.12723343818087,242.41576244648107,595.715289240793,190.951166002328,127.28551870763738,182.50437427839412,301.15350124801085,1.551177742068801,448.0
15.16,11.0431,0.012,0.012,-0.069,199.9898819395584,243.46594323076675,595.7941965631592,191.7220234456776,128.77568014813394,184.0048833880525,304.9924500802069,1.5582892044324224,448.0
15.17,11.045,0.013,0.013,-0.0688,200.81684765141628,244.47268409737637,595.8730816424478,192.46311760647163,130.21802193723124,185.2699466347509,308.2344451814916,1.5650965104931285,448.0
15.18,11.0548,0.0134,0.0134,-0.0684,201.1847031229529,244.9205081496818,596.1156870255676,192.8043421878735,130.8278492425912,185.79430676162917,309.5048180010883,1.5674922417819597,448.0
15.19,11.1514,0.0143,0.0143,-0.0686,202.07099159671125,245.9994680307789,598.1407335260909,193.82451421824717,132.30394289915608,187.0678728987071,312.2035194907067,1.5689963519740024,448.0
15.2,11.3135,0.0147,0.0147,-0.0686,202.61919296981503,246.666843615427,601.4903641369627,194.68685650826612,133.10192626115742,187.92114266676128,313.4108695298205,1.56370736086017,448.0
15.21,11.3637,0.0149,0.0149,-0.0688,202.8715896870479,246.97410918423225,602.5481296197175,195.0161143627284,133.46716108658728,188.2864426300964,314.0244818478866,1.56270266735612,448.0
15.22,11.4293,0.0149,0.0149,-0.0688,202.9756242848661,247.10075999896745,603.9153229807915,195.24546653689825,133.54625634845087,188.47701009255425,314.0900817967593,1.5595442731950764,448.0
15.23,11.437,0.0147,0.0147,-0.0688,202.8514379424523,246.9495766255941,604.110170579918,195.13111708112632,133.26064292041104,188.31836735699997,313.5924471338043,1.5579038696113732,448.0
15.24,11.1861,0.0145,0.0145,-0.0687,202.43328413818296,246.44051982039667,599.0463481966025,194.14276056586547,132.67959876783232,187.5387083171381,313.03508404458006,1.569264441175953,448.0
15.25,10.9622,0.0141,0.0141,-0.0686,201.8651797571936,245.74891448701828,594.4709326889354,193.07819146195897,131.81505550108815,186.5938380387796,311.9038630127748,1.5780706780239473,448.0
15.26,10.5877,0.0125,0.0125,-0.068,200.08541075850704,243.58223918426944,586.6605747662793,190.54094844261135,128.91614350782945,183.8488631682887,307.0300519921408,1.5864079271361993,448.0
15.27,10.1553,0.011,0.011,-0.0684,198.2597637094796,241.3597123419752,577.414395731243,187.81239612949304,126.0627532740102,180.8524619752766,301.9267604721574,1.5990632208963511,448.0
15.28,9.7075,0.0108,0.0108,-0.0682,197.39259648816105,240.30403050732647,567.5772659121194,185.9233786142468,125.05108029788344,179.4410296810476,301.1567814064635,1.622679071656128,448.0
15.29,9.2982,0.0107,0.0107,-0.0681,196.61597523794825,239.35857855054567,558.3378188029949,184.20830342128204,124.23761783762676,178.22613811778348,300.7467148160512,1.646001967322875,448.0
15.3,9.0009,0.0103,0.0103,-0.0675,195.74427846571368,238.29738247999924,551.4783641265051,182.66698021123767,123.1157284022528,176.86614310118273,299.23834391656794,1.661095509092006,448.0
15.31,8.7847,0.0102,0.0102,-0.0673,195.25838838063203,237.7058641155521,546.4091015377537,181.67897617346307,122.59261772596824,176.13733411351177,298.8546931581437,1.6739849102539288,448.0
15.32,8.5956,0.0101,0.0101,-0.0673,194.8108571366229,237.16104347067136,541.9141567540233,180.79063965856344,122.1097595848907,175.47457781247354,298.4734087201007,1.6854643116220016,448.0
15.33,8.6471,0.0085,0.0085,-0.0672,193.60739176249203,235.69595518912075,543.1895493185062,179.7523417033244,119.7058749507842,173.1608313554759,291.9168893024326,1.6695691984840622,448.0
15.34,8.6986,0.0075,0.0075,-0.0671,193.01685782522915,234.97704430897463,544.4605157012868,179.3012279809574,118.47569204586168,171.5489506107018,287.2654931585258,1.6595571160787477,448.0
15.35,8.8383,0.0077,0.0077,-0.0671,193.50249971624507,235.56826052412444,547.824512033067,180.07457324027877,119.05208694162876,172.3501958188133,288.33150472384574,1.6525291244015488,448.0
15.36,9.1245,0.0074,0.0074,-0.0671,193.98197859777167,236.15197394511333,554.5797232950662,181.1972635379161,119.38204625939618,172.6040256586812,286.96068720450563,1.634128536947073,448.0
15.37,9.5646,0.0071,0.0071,-0.0667,194.81686932471916,237.16836265617985,564.7013489524824,183.02606514145188,120.18008283454778,173.21425173701144,285.56748954754585,1.608491582913749,448.0
15.38,10.0897,0.0069,0.0069,-0.0669,195.88081819922283,238.46360476427128,576.4005535134651,185.2709154649136,121.38202438003756,174.17051151008167,284.6680911253292,1.5809148998429314,448.0
15.39,10.634,0.0069,0.0069,-0.067,197.01496183247508,239.84430136127403,588.1381880114508,187.61987468105585,122.8007396345478,175.52498812090195,284.82562778118034,1.5549791343118142,448.0
15.4,11.2942,0.0069,0.0069,-0.067,198.1230212789061,241.1932432960596,601.8823366499688,190.54956017944147,124.63713639863396,177.08600731604128,284.99944224924684,1.524102028218724,448.0
15.41,12.0586,0.0069,0.0069,-0.067,199.79267807793423,243.22586896444173,617.1858992028083,193.4539393745613,126.52448569779716,178.79615832393213,285.1844239611865,1.4949965155559954,448.0
15.42,12.6763,0.0068,0.0068,-0.0667,200.84826483818267,244.51093110735283,629.130736499584,195.97808757674792,128.24633898408825,179.9013572755514,284.7956851633001,1.47130937342515,448.0
15.43,13.1628,0.0067,0.0067,-0.0669,201.73524920486983,245.59073816245024,638.2963182493705,197.9169781778611,129.63681907962263,180.6899142402054,284.3735740794672,1.454366131735087,448.0
15.44,13.4639,0.0061,0.0061,-0.0664,202.6318923165438,246.68230368970552,643.8833339476422,199.4071471118348,131.08475342995823,179.90562978997494,281.0193755088607,1.4470637093124696,448.0
15.45,13.9272,0.0062,0.0062,-0.0659,203.4030619851279,247.62111893841657,652.3099927414894,201.1728055810144,132.35027907346924,181.0609691660508,281.73069955358375,1.4318166808034611,448.0
15.46,14.0044,0.0059,0.0059,-0.0657,203.8513456817348,248.16685561254667,653.7326710941344,201.72862452359095,133.06220641349088,180.49320929112795,279.97733487439416,1.431714236833029,448.0
15.47,14.0044,0.0057,0.0057,-0.0656,204.10475797417968,248.475357533784,653.7748606023349,201.93148839058705,133.4431475305134,180.00966853875602,278.7705509247012,1.433539003124244,448.0
15.48,13.8538,0.0056,0.0056,-0.065,203.96964439568904,248.31087143823007,651.1215115861178,201.43899953487823,133.1638572123368,179.4980267542279,278.1530720412157,1.4390968265444517,448.0
15.49,13.5836,0.0056,0.0056,-0.0661,203.477526551846,247.71177145442124,646.2739797962189,200.3486771304429,132.28815763686268,179.0217782506725,278.1579761205588,1.4474803312887354,448.0
15.5,13.2014,0.0056,0.0056,-0.0663,202.7597002144284,246.8378959132172,639.2999140965442,198.7887710391353,131.0532297303144,178.3195337567884,278.14464718654875,1.4597068366979822,366.0
15.51,12.8037,0.0056,0.0056,-0.0665,201.9978026802874,245.9103684803499,631.9057132046447,197.1457876462364,129.77458357386263,177.5676387407761,278.1270736862076,1.4729725159124143,366.0
15.52,12.3829,0.0056,0.0056,-0.0665,201.28660381600807,245.04456116731424,623.9221610121402,195.29026850167645,128.36678168972753,176.746876340116,278.1036499766147,1.4885696518841856,366.0
15.53,12.0355,0.0056,0.0056,-0.0665,200.4885338639452,244.0729977474116,617.2091719322616,193.90726123997777,127.32068808284508,176.05563485473445,278.0904096408323,1.50036658039951,366.0
15.54,11.3212,0.0056,0.0056,-0.0664,198.76657187423388,241.97669619471952,602.9744998468559,191.00166038111712,125.18176538289904,174.54255375655558,278.00980287664413,1.5260628719251408,366.0
15.55,10.9815,0.0058,0.0058,-0.0663,198.1995049107842,241.28635380443296,596.0284662708423,189.26088534160525,123.8804845771287,174.31657158290022,279.26343807946927,1.5413829235420786,366.0
15.56,10.661,0.0061,0.0061,-0.0661,197.4841946437374,240.41554130541945,589.3530901855573,187.8108331224868,122.8429962288009,174.33386953458074,281.08441454024216,1.5549918924400932,366.0
15.57,10.1939,0.0063,0.0063,-0.0659,196.50494157756745,239.2234071379082,579.3780634076406,185.75454527243704,121.5212546410202,173.7082063884184,282.21803556853604,1.5767390569306812,366.0
15.58,10.0305,0.0065,0.0065,-0.0659,196.21110973227076,238.86569880450352,575.8449133018629,185.0658720846294,121.13401219318716,173.7856191408249,283.3791182139716,1.585085135096286,366.0
15.59,9.9932,0.0069,0.0069,-0.0659,196.2743975554417,238.9427448501029,575.0614715091363,185.0130459113181,121.24064785256644,174.58662798932096,285.62618435877977,1.5880710751223035,366.0
15.6,9.9758,0.007,0.007,-0.0659,196.30209532595924,238.97646387508084,574.7147760296992,184.97715968415787,121.2637913049611,174.78255043850254,286.20369556298056,1.589379032038958,366.0
15.61,10.1756,0.007,0.007,-0.0659,196.74507538046157,239.51574394143145,579.1271224557902,185.8552066023096,121.78071124962088,175.31360133464352,286.2921099558536,1.5795314848028514,366.0
15.62,10.3754,0.0076,0.0076,-0.0659,197.40176029067675,240.31518644082385,583.4871517647109,186.92495893208783,122.6843583807688,177.0408049917803,289.4578011976752,1.5718649350537797,366.0
15.63,11.1784,0.0082,0.0082,-0.0659,199.12336345249403,242.411051159558,600.3995879639003,190.4332251770742,124.98794214146903,180.11572795744453,292.53995283643707,1.536293581902456,366.0
15.64,12.2632,0.0089,0.0089,-0.0659,201.17581435767653,244.909687044128,622.0853468225044,194.7762259507776,127.79072252194835,183.8120414875021,295.9225235704998,1.4923799921178496,366.0
15.65,13.599,0.0097,0.0097,-0.0659,203.13875271779344,247.29935113470503,647.2128276022564,199.8409942929437,131.04069689134366,187.9402794262309,299.52988583361207,1.4421104374301223,366.0
15.66,15.9464,0.0101,0.0101,-0.0659,205.6708494266709,250.38190364986025,687.8829657160302,207.60444910910064,135.795352413515,192.9798781380453,301.5112716264225,1.3642126388806284,366.0
15.67,16.7417,0.0118,0.0118,-0.0659,206.7266625702758,251.66724138990097,700.8458255316764,210.34526541865912,137.87092300377216,196.8975655843992,307.8314508175206,1.3431390876243052,366.0
15.68,17.2204,0.0132,0.0132,-0.0654,207.56668927978023,252.68988260147165,708.486163793425,212.1465949523976,139.46196192475034,199.5822385221069,312.4666268819874,1.3326207083207084,366.0
15.69,17.5177,0.0138,0.0138,-0.0656,208.01010556011283,253.2296937253548,713.181695936563,213.19024560071733,140.31973360319856,200.8499211965882,314.3680287209197,1.3257557259878563,366.0
15.7,17.6103,0.0144,0.0144,-0.0654,208.36635249031573,253.6633856403844,714.6661556538867,213.68531750996584,140.90753468393802,201.7494808557497,316.17546461802266,1.3250978616500393,366.0
15.71,17.5756,0.0159,0.0159,-0.065,209.1917118167659,254.6681709073672,714.1737116786373,214.27374898527887,142.16753098951366,203.393854562888,320.3216490283595,1.331874654744589,366.0
15.72,17.313,0.0171,0.0171,-0.0652,209.87335872748665,255.49800192911417,710.119819607273,214.22037883180303,143.07189231772148,204.21889508939464,323.3818923160289,1.3452685553887735,366.0
15.73,16.9656,0.0184,0.0184,-0.0649,210.67090179383632,256.4689239229312,704.6838443360983,214.07342168950396,144.1562929583222,204.9020273205891,326.48050345494977,1.362675664400499,366.0
15.74,16.6181,0.0188,0.0188,-0.0646,210.8834130593116,256.7276332895967,699.175698361159,213.4381075829417,144.30648012545117,204.6934547220752,327.3970592188135,1.376353756462263,366.0
15.75,16.5854,0.0201,0.0201,-0.064,211.84106032003228,257.89346473743063,698.6952034195709,214.15880488993307,145.8633152731022,205.81054739384783,330.3035155711888,1.3842662499936318,366.0
15.76,16.7,0.021,0.021,-0.0643,212.55963247194512,258.7682482267158,700.5799424232774,215.0154291329009,147.0825275267434,206.80156621678927,332.26002050709224,1.3851575179132267,366.0
15.77,16.8146,0.0225,0.0225,-0.0646,213.7228517794375,260.1843412967065,702.4570949132155,216.24987038938704,149.07275878332763,208.23083689018412,335.3242651913063,1.3892291880391283,366.0
15.78,17.0582,0.0234,0.0234,-0.0646,214.46404330243664,261.0866614116621,706.3745016606907,217.41655557666223,150.39282602553902,209.3798411350996,337.1282865580555,1.3857267314157713,366.0
15.79,17.6528,0.024,0.024,-0.0646,215.0121587311898,261.75393236840495,715.7322524165735,219.20495295389347,151.53591930585992,210.89522499720923,338.3797119364504,1.3690087013596393,366.0
15.8,18.2473,0.0255,0.0255,-0.0646,216.17576778110544,263.1704999074327,724.8975696486381,221.5013734894264,153.7767251307184,213.00996858558776,341.1953404677004,1.3573891543897194,366.0
15.81,18.8303,0.0261,0.0261,-0.0644,216.6437737999764,263.7402463651886,733.7113459822757,223.1746387123634,154.85185840366353,214.4279963054268,342.36292490693927,1.3420750360558016,366.0
15.82,18.5832,0.0274,0.0274,-0.0633,217.6247169556699,264.9344380329895,730.0648176450873,223.4383588759102,156.354320044271,214.9234845053717,344.5546056670734,1.3563599439489835,366.0
15.83,19.5638,0.0293,0.0293,-0.0635,218.9612521868223,266.5615244013489,744.6029428890115,226.6991515118185,159.17796866447347,217.76736326595645,347.7586740609352,1.3352879012065535,366.0
15.84,19.8997,0.0299,0.0299,-0.0633,219.38211687909265,267.0738814180258,749.5113116137757,227.76858991760585,160.06779452769212,218.7078499164674,348.7759529938142,1.3281513893323864,366.0
15.85,20.1931,0.031,0.031,-0.0621,220.1535541336277,268.0130224235468,753.7664944042455,229.03514241136972,161.54372278723775,219.866068706251,350.5118315718724,1.3247228838795937,366.0
15.86,20.0348,0.0324,0.0324,-0.0627,221.20519489479236,269.2932807414863,751.5477266583825,229.55857445328164,163.22374466520134,220.4623261095476,352.5660752447527,1.3361014449497022,366.0
15.87,19.6102,0.0323,0.0323,-0.0627,221.2318552607416,269.3257368391637,745.4659087440323,228.64978708090945,162.96971019152627,219.7654563861325,352.4247600725353,1.348625235224877,366.0
15.88,19.0851,0.0323,0.0323,-0.0627,221.32542491257303,269.43964771965415,737.8179886884782,227.5774716671286,162.8111339423871,218.94653179319027,352.41014177088323,1.365098422449092,366.0
15.89,18.6373,0.032,0.032,-0.0627,221.1793308427513,269.2617940694364,731.1977473444937,226.4659410507298,162.2963560291592,218.0684647493765,351.9771194613221,1.37810151021966,366.0
15.9,18.0504,0.0315,0.0315,-0.0627,220.8729525582622,268.8888118100583,722.3540445146355,224.909794206212,161.47294594976785,216.82038093847385,351.2299989503797,1.3951037448083992,366.0
15.91,17.591,0.0303,0.0303,-0.0626,220.0328577900286,267.86608774438264,715.3152301299264,223.1658527504356,159.75884501033102,215.359337842414,349.4499659372028,1.404775760588953,366.0
15.92,17.12,0.0277,0.0277,-0.0626,218.13287133251583,265.553060752628,707.9765186901229,220.4744143160418,156.15594194234416,212.9650599844056,345.38354936313976,1.4078246602746594,366.0
15.93,16.8073,0.0255,0.0255,-0.0621,216.4968155344093,263.56134065058524,703.0503455364252,218.3549496168388,153.1092627776001,210.98343013981625,341.69549657383646,1.407327566011484,366.0
15.94,16.5255,0.0231,0.0231,-0.0618,214.68726501509943,261.3584095835993,698.5650210341616,216.1535439955248,149.80422614681473,208.78708606601236,337.3441638313452,1.4045696688131737,366.0
15.95,16.2166,0.0218,0.0218,-0.0618,213.6747758694072,260.125814101887,693.5873092214393,214.56818356339448,147.9109599051958,207.25804387722457,334.81989513347725,1.4086625210863284,366.0
15.96,15.8614,0.0207,0.0207,-0.0618,212.78020518099837,259.0367715246936,687.7826375029723,212.9717690849656,146.2267517004309,205.74802866349265,332.5720503799204,1.4156013678718755,366.0
15.97,15.3364,0.0206,0.0206,-0.0617,212.55564634597255,258.7633955516188,679.0316648284562,211.5517817272889,145.69854738375847,204.7065516425344,332.33263514920634,1.4346203880303738,366.0
15.98,15.0661,0.0206,0.0206,-0.0616,212.48265393066188,258.6745352199362,674.4734322091002,210.847840294582,145.49955164956808,204.21858726636023,332.3415372616305,1.445052350749659,366.0
15.99,14.8306,0.0208,0.0208,-0.0613,212.570517801038,258.7814999316984,670.4658206958251,210.36328287822943,145.6013710071499,203.95474266371568,332.7731094651018,1.4554876759321385,366.0
16.0,14.6337,0.0211,0.0211,-0.061,212.74844943578432,258.998112356607,667.0909800143075,210.04681512834344,145.87740622539994,203.8400978892835,333.41293984318014,1.4651609976307465,418.0
16.01,14.4175,0.0221,0.0221,-0.0612,213.60851091102828,260.0451437177736,663.3461347488819,210.0194248168703,147.03107546170156,204.2223767617066,335.4420810066991,1.481058229176171,418.0
16.02,14.2747,0.0218,0.0218,-0.0606,213.299957453936,259.66951342218294,660.8694274967135,209.4734526892613,146.54783852310348,203.7340116380475,334.8748335692248,1.4849753952916775,418.0
16.03,14.1666,0.0216,0.0216,-0.0612,213.0904481196737,259.4144585804724,658.9902887064093,209.0798484370064,146.22101276888912,203.39077657462911,334.5078314687763,1.4881509323827762,418.0
16.04,14.0778,0.0209,0.0209,-0.0616,212.53127193440943,258.73372235493326,657.4472161932686,208.36096884720757,145.1730597847409,202.6869501380117,333.1153412832232,1.4877969386038503,418.0
16.05,13.9426,0.018,0.018,-0.0633,210.32349196019865,256.0459902124158,655.0606796521644,205.9089282115129,140.96033493767038,199.94613048692017,326.7371445114907,1.476914239124716,418.0
16.06,13.7573,0.0179,0.0179,-0.0646,210.09468040850552,255.76743701905025,651.7540926180355,205.3731254447538,140.70053719791804,199.5035678673885,326.5197212222909,1.483618908411367,418.0
16.07,13.5875,0.0158,0.0158,-0.0652,208.43732087022076,253.7497819289644,648.7045007059495,203.42544917672996,137.66993621973768,197.1291599433279,321.28646209027863,1.478610838926301,418.0
16.08,13.2361,0.0147,0.0147,-0.0675,207.28808231688413,252.35070890751115,642.2693245114341,201.70081497147743,135.87606394596804,195.2477904623324,318.2749088643431,1.4863589952789622,418.0
16.09,12.9697,0.0143,0.0143,-0.0762,206.70710633704425,251.64343380161907,637.3035490017737,200.67759553147712,135.08165211346906,194.2652871538823,317.1376479489511,1.4948673392646323,418.0
16.1,12.8612,0.0139,0.0139,-0.08,206.3177038417705,251.16937858998156,635.2847914827954,200.09642893784587,134.44354214552968,193.6075012133745,316.00016480493633,1.4971336482475657,418.0
16.11,12.8481,0.0132,0.0132,-0.0804,205.8519514834112,250.60237571893532,635.0748374633877,199.58937930034944,133.5282232508865,192.78392687939527,313.93153683736114,1.4939660293131207,418.0
16.12,12.851,0.0125,0.0125,-0.0804,205.4257827146561,250.0835615656683,635.168676195026,199.14869373669376,132.67186399192408,191.9533745778004,311.76513415500443,1.4903034058475593,418.0
16.13,12.8539,0.0123,0.0123,-0.0804,205.3313966344143,249.9686567723305,635.2624922027231,199.04149711364684,132.44416630833396,191.73585278793735,311.1614404092519,1.4892812916225424,418.0
16.14,13.3134,0.0117,0.0117,-0.0804,205.6376586414617,250.34149747656213,643.8930334654151,200.0700682564578,132.40255358255615,191.94289648867195,309.27388445354114,1.4690460531440537,418.0
16.15,13.7651,0.0113,0.0113,-0.08,205.62600714996236,250.3273130521281,652.2030967923776,201.5812938798698,132.91547919328383,192.3443907168248,308.0027326530383,1.4477305294601497,418.0
16.16,14.3944,0.0113,0.0113,-0.0796,206.2504777905084,251.08753817974932,663.4903154820228,203.6272329212735,133.9886491697477,193.6198612416938,308.15289250937496,1.424546165615275,418.0
16.17,15.4946,0.0115,0.0115,-0.0793,207.30844696353367,252.3755006512584,682.485053388137,207.1575033418846,136.01049033234602,196.00317320955355,309.073268157555,1.3874194169071403,418.0
16.18,15.7919,0.0117,0.0117,-0.0789,207.64963836177068,252.79086409259045,687.5061685624639,208.1403880461868,136.6471845606685,196.8556249415744,309.8588443208026,1.3783993891988546,418.0
16.19,16.0853,0.0119,0.0119,-0.0787,207.97529855449545,253.1873199793858,692.4053860930857,209.0979124511903,137.26869026030903,197.68997411338017,310.63321312188793,1.3696779970911763,418.0
16.2,16.3402,0.012,0.012,-0.0779,208.22463836955615,253.4908641020684,696.6254105911618,209.8980468799777,137.75837356942762,198.30976571245884,311.05609860688986,1.362042679343932,418.0
16.21,16.5834,0.0137,0.0137,-0.0777,209.16807739382787,254.6393985663992,700.6149850250454,211.2414696816612,139.36056030873607,200.96401704079275,316.54402212222817,1.3599568333036578,418.0
16.22,16.7108,0.0153,0.0153,-0.0777,210.15492064025904,255.84077295335885,702.7109235969818,212.3451358860599,140.9797502390526,203.0733582243204,321.1904959715624,1.3623519120868934,418.0
16.23,16.9192,0.0166,0.0166,-0.0777,211.07820316514943,256.96476907061674,706.0917829134571,213.5853604166597,142.54923005879047,204.85286277928944,324.69410442212245,1.3614669993808632,418.0
16.24,16.9733,0.0197,0.0197,-0.0777,213.2467679882806,259.6047610292112,706.9972608382068,215.5029880614032,146.1112196253115,207.9159371423455,332.0617861558919,1.3747924160705305,418.0
16.25,17.0389,0.022,0.022,-0.0762,214.96541431323024,261.6970261204542,708.0884054341014,217.08143851954003,148.99130173810053,209.98280114706205,336.9250277743769,1.384503104093904,418.0
16.26,17.0467,0.0239,0.0239,-0.0767,216.40685802109004,263.45182715610963,708.2539423869656,218.30001713251377,151.41871883833457,211.4815890941755,340.6270378249281,1.394296001709781,418.0
16.27,17.1548,0.0272,0.0272,-0.0767,218.9055455166033,266.4937075854301,710.0109547855373,220.6518401345265,155.7829431437899,213.99534024799507,346.47285735936504,1.4079766175939952,418.0
16.28,17.4945,0.0449,0.0449,-0.0766,231.31150450320936,281.59661417782013,715.3975542219658,231.99353943963763,179.02332860443389,223.7546212537688,369.9114841059024,1.482921017916588,418.0
16.29,18.9924,0.0478,0.0478,-0.0765,233.09029678935363,283.7621004392131,738.267972809863,236.87214699641103,182.7752649687268,227.63545090938925,373.2182800920694,1.4429936730339563,418.0
16.3,20.475,0.0564,0.0564,-0.0762,238.1790633789039,289.9571206351874,759.8364237014482,244.3546340799226,193.1783210803094,233.3341932203488,381.6036849221368,1.4300889455612011,418.0
16.31,22.3783,0.0637,0.0637,-0.076,242.02845005477351,294.6433305014634,786.1459087769066,251.4923263311803,201.46061381151824,238.7804125766329,388.0051180179154,1.4003297143278894,418.0
16.32,24.521,0.0796,0.0796,-0.076,249.9262679030886,304.2580652733253,814.1576474193289,262.5124171904355,218.75488529167697,246.5036237773299,399.7414981630898,1.394039795609891,418.0
16.33,26.7834,0.0881,0.0881,-0.0757,253.42670500974947,308.5194669683907,842.1405320803183,269.76862290259766,227.19572215652823,251.8103894045372,405.3762813829926,1.3622360619121332,418.0
16.34,31.3158,0.0925,0.0925,-0.0753,253.50986949067723,308.6207106843027,894.0486580062645,278.0973986818749,230.5103244837917,258.63160973299097,408.4882792598581,1.273356159205277,418.0
16.35,33.1998,0.1017,0.1017,-0.0758,256.95389242668205,312.81343425856943,914.2887499549338,284.33258473731854,239.25126649575907,262.9219870696538,413.7975112101646,1.25992958968529,418.0
16.36,34.7518,0.1174,0.1174,-0.0766,263.31714327257293,320.56000050574096,930.4472051746516,292.3729100771761,254.09123539218345,267.87535775910203,421.80042674619,1.2687107533292692,418.0
16.37,36.0761,0.1414,0.1414,-0.0781,272.6708614837109,331.9471357193003,943.895246297944,302.57806973783875,276.1130447073466,273.55853967409433,432.31063496948593,1.296918654586275,418.0
16.38,37.1918,0.1506,0.1506,-0.0782,275.7297875917738,335.6710457638985,955.0035099418516,307.03837532238697,284.0677613255517,276.2491533292052,436.03336959984046,1.295560912458753,418.0
16.39,37.1378,0.1605,0.1605,-0.0783,279.4796985867484,340.2361548012589,954.5308640960776,310.1948105524512,292.9279696374866,277.70182194252544,439.720410892125,1.315612414768448,418.0
16.4,37.0335,0.1751,0.1751,-0.0783,284.6903209504086,346.5795211570192,953.5630906927088,314.60496389115207,305.7534567370788,279.649990010029,444.7849145505589,1.3440570437084736,418.0
16.41,36.7749,0.1988,0.1988,-0.0783,292.4544708089819,356.0315296804998,951.0703611417416,321.17263479882763,326.02541401338544,282.37483109527807,452.232153166886,1.3883962545551822,418.0
16.42,36.6899,0.2084,0.2084,-0.0783,295.40139046390175,359.61908404301084,950.2869937668156,323.7210693055375,334.04093118731424,283.43584301914586,455.0755579929359,1.4050355866379314,418.0
16.43,36.5123,0.2101,0.2101,-0.0777,295.98563366826124,360.3303366396224,948.5847754587596,323.9674568643296,335.5202903643193,283.4768978344648,455.61026029714566,1.410927733475635,418.0
16.44,36.3347,0.2099,0.2099,-0.0781,296.0119400797673,360.3623618362385,946.8751254439582,323.6992305609075,335.4335119393513,283.3034523091064,455.607548496142,1.413933864046053,418.0
16.45,36.107,0.2097,0.2097,-0.078,296.0481894526847,360.4064915076162,944.6601307854916,323.3640083954406,335.3682838845888,283.0725622928762,455.5999849409536,1.417863303604074,418.0
16.46,34.7518,0.2086,0.2086,-0.0779,296.0364118962583,360.3921536128362,931.006177563278,321.2705154002347,335.0547228982624,281.4421469114637,455.22970602014703,1.441379172580646,418.0
16.47,34.2615,0.2041,0.2041,-0.0777,294.8634524869817,358.96420302762994,926.0203963730952,319.4039227130599,331.5460508583697,280.40627662092766,453.962933519996,1.4438613133844138,418.0
16.48,33.9681,0.2019,0.2019,-0.0777,294.31507880124235,358.2966176710776,923.0372274002716,318.4188422213012,329.8473322689832,279.8546335429103,453.3645702071895,1.446177601842033,418.0
16.49,33.7288,0.199,0.199,-0.0774,293.54789310946086,357.3626524810828,920.6025800074764,317.3112700635008,327.53266909836884,279.2814552621034,452.5584599196999,1.4463485651571368,418.0
16.5,33.2076,0.1948,0.1948,-0.0779,292.4323535510682,356.0046043230396,915.1937033110996,315.4422462038191,324.2406789893405,278.2098108618253,451.3224266232472,1.449957324416837,408.0
16.51,32.7636,0.1919,0.1919,-0.0785,291.6786799642863,355.08708865217466,910.5511963839416,314.02655659436004,321.9941998609977,277.37232370227974,450.4674443291572,1.454200503407169,408.0
16.52,32.3621,0.186,0.186,-0.0787,289.9999641057097,353.0434345634728,906.3244408093998,311.81065655636115,317.15919244386544,276.21004809117983,448.6702261116584,1.4526483339601175,408.0
16.53,31.8293,0.1785,0.1785,-0.0785,287.8087950209891,350.3759243733781,900.646890965259,308.91034029172954,310.95393244220463,274.6570487844831,446.2895074992797,1.4508979157341848,408.0
16.54,30.8564,0.1699,0.1699,-0.0797,285.2768379758654,347.2935418836623,890.0754411147425,304.98767672436696,303.90316607308546,272.35945767610593,443.399840317056,1.4562523796713842,408.0
16.55,29.5399,0.1579,0.1579,-0.0799,281.86288511598354,343.13742535858864,875.4176920339174,298.98751472723563,293.26340482161083,269.05946993346834,439.1231696556571,1.4644472423207144,408.0
16.56,28.984,0.1451,0.1451,-0.08,277.31184937467685,337.5970340213458,869.1360786918717,294.53152981572407,282.461192683836,266.49298959138747,434.3289266798631,1.4503136257071354,408.0
16.57,28.455,0.1293,0.1293,-0.08,271.6473693034185,330.70114523894426,863.0902650101847,288.4516858595233,267.9106847465769,263.3000823079852,427.87501940231647,1.429108308325217,408.0
16.58,27.8566,0.1155,0.1155,-0.08,266.3590908247999,324.26324100410426,856.1585716916798,282.63810760990526,254.8337392041535,260.0915684040124,421.640933806147,1.4114571879790807,408.0
16.59,27.1077,0.0968,0.0968,-0.08,258.48954657908155,314.6829262701862,847.3376302823858,274.3196304279268,236.36217427310723,255.3454464661561,412.04967249088696,1.3819099514731368,408.0
16.6,26.0614,0.0876,0.0876,-0.0804,254.5350351752916,309.868738474268,834.733645064137,268.92193918583223,227.13101000151295,251.84851077684323,406.67831809948814,1.3820111163711355,408.0
16.61,23.8762,0.0814,0.0814,-0.0804,252.1586339323981,306.9757282655282,807.3028362486979,262.72268924219867,221.1460190420859,247.22329840836863,402.6163316953178,1.420665035958799,408.0
16.62,22.8763,0.0757,0.0757,-0.0804,249.5527210440048,303.8033125753102,794.2557596123531,258.4985964396627,215.1854125965366,244.26978896555147,398.7689386944517,1.4307428005017953,408.0
16.63,22.0733,0.0701,0.0701,-0.0804,246.83427258798773,300.49389706363723,783.5272911803165,254.52713448493344,209.1229744266538,241.5112412925364,394.7602856558592,1.435608655884364,408.0
16.64,21.4131,0.0632,0.0632,-0.0804,243.24534696793933,296.12477022183924,774.5308535210726,250.0516014266944,201.3579715462581,238.43819115499477,389.45007756747566,1.4313362900914326,408.0
16.65,20.8494,0.0432,0.0432,-0.0804,231.2592280685703,281.5329733008682,766.7177283693502,238.5643183930628,177.4938688203216,230.1789501797416,370.6395304676765,1.3698243275564297,408.0
16.66,20.3746,0.037,0.037,-0.0802,227.20213957515836,276.5939090480189,760.0411174850622,234.1305772449356,169.78874651646535,226.52338586465305,363.24279863219226,1.3568661573026388,408.0
16.67,20.1661,0.033,0.033,-0.0793,224.47460325861417,273.27343005396506,757.1057607892498,231.39548360666367,164.79493145664784,224.08775863486264,357.90723409743936,1.3448842662234493,408.0
16.68,19.4519,0.0316,0.0316,-0.0791,223.6139004098981,272.2256178903108,746.7857589950977,229.0975854860544,162.8096016839924,222.16358955388185,355.8549365304261,1.3602145357015714,408.0
16.69,19.0851,0.0281,0.0281,-0.0789,221.1583828467561,269.2362921612683,741.4151269836851,226.2304876586512,158.30021332999542,219.44379665166252,350.46945161900555,1.3548685000244651,408.0
16.7,18.9461,0.0256,0.0256,-0.0787,219.38661530442351,267.0793577619069,739.390505261388,224.4417068303818,155.1621591085539,217.56036258853652,346.2835529309374,1.3471225488104457,408.0
16.71,18.6643,0.0243,0.0243,-0.0783,218.48077504107323,265.9765957021761,735.2113509049789,223.04393031098004,153.41859139139433,216.19033899546264,343.95933405053137,1.3496517018322245,408.0
16.72,18.4288,0.0181,0.0181,-0.078,214.2132710848996,260.7813734946604,731.6951092877971,219.0038709646865,146.23606636076846,210.61844635477848,331.0559711044037,1.3279530053046638,408.0
16.73,17.8342,0.0149,0.0149,-0.0777,212.2152850026181,258.3490426118829,722.6216187338829,215.9806832332963,142.59057571848967,206.30258889768865,322.7585236371887,1.333086927363019,408.0
16.74,16.788,0.0133,0.0133,-0.0779,210.95949056401952,256.82024938228466,706.152361559387,212.46270337532724,139.8744856762116,202.62889479211657,317.9329873872229,1.3594970876461554,408.0
16.75,16.3247,0.0114,0.0114,-0.0778,209.93722938343265,255.57575751026584,698.6785297348198,210.50023640504105,137.94365083784368,199.28139438358605,311.6077051048363,1.3686686030890076,408.0
16.76,15.7379,0.0079,0.0079,-0.0778,209.35492442993825,254.8668645234031,689.0079819348613,208.5876294296364,136.67565437532687,192.32218484708997,297.0639893962353,1.386221322591578,408.0
16.77,15.209,0.0078,0.0078,-0.0774,208.73513266562665,254.1123354190237,680.1020536236659,206.77220362730492,135.41562515953976,191.2072526759447,296.54217151552984,1.4022348370476456,408.0
16.78,14.6492,0.0073,0.0073,-0.0775,208.18344097393032,253.4407107508717,670.4583843705658,204.92548720594243,134.2958966144644,189.1659592787348,293.9619469705379,1.420975205999079,408.0
16.79,14.3017,0.0072,0.0072,-0.0773,207.73884038458536,252.8994578594952,664.3715111928202,203.6821193830601,133.44552141591848,188.3286257486369,293.4274063049341,1.4323630271885517,408.0
16.8,13.9465,0.0071,0.0071,-0.077,207.2625301820717,252.319601960783,658.0525359260963,202.38774160313932,132.56222605762838,187.4611338726509,292.8839895691053,1.4443074703552847,408.0
16.81,13.5334,0.0071,0.0071,-0.077,206.6398402877508,251.56154469813137,650.5677916884352,200.8196120618578,131.45709985583878,186.68210381083983,292.86291678185114,1.4583221127904438,408.0
16.82,12.4177,0.0062,0.0062,-0.0745,204.9126103437625,249.4588299837109,629.5563825270833,196.7570977442343,128.9251953905635,182.3508896181679,287.6077307568986,1.4997399000347589,408.0
16.83,12.4524,0.0062,0.0062,-0.0745,205.0172715811279,249.58624366398175,630.2656794591663,196.9009120122913,129.02814467228748,182.4543232927447,287.65692197798376,1.4986441517736546,408.0
16.84,12.0934,0.006,0.006,-0.0745,204.297239649214,248.70968305121704,623.2903725089639,195.5902651103768,128.17807925897074,181.22347305689505,286.4143836319175,1.5118091805032714,408.0
16.85,11.6108,0.0058,0.0058,-0.0745,203.67949272032672,247.95764331170213,613.693757192173,193.37921074682973,126.7061364309689,179.68725279769365,285.11177276302584,1.5335189981880084,408.0
16.86,11.2903,0.0054,0.0054,-0.0745,203.20866572709932,247.38446262429488,607.1942088027437,192.13818800614928,126.03065731370744,177.9354573802215,282.45933352065043,1.5481883823740528,408.0
16.87,10.9815,0.0051,0.0051,-0.0745,202.70365124650675,246.7696623870517,600.8229599363245,190.89354134029836,125.3220092428852,176.41658887848388,280.3527952159016,1.5625245549811813,408.0
16.88,10.6804,0.0051,0.0051,-0.0743,201.9937146989164,245.90539180737653,594.5032445628469,189.4849124570129,124.289029507774,175.74067461319956,280.3371499927778,1.5752764313832677,408.0
16.89,10.3985,0.0051,0.0051,-0.0741,201.31698759439885,245.08155011492036,588.4867935936173,188.149975061876,123.32483229458526,175.09388155583196,280.3236651476826,1.587673556035623,408.0
16.9,10.1939,0.0051,0.0051,-0.0739,200.82421893157053,244.48165782973803,584.0654134297206,187.17236750112085,122.62774027152508,174.62228411668917,280.324420673105,1.5969876487380497,408.0
16.91,9.9777,0.0052,0.0052,-0.074,200.2585846538937,243.79305957865327,579.3289827156498,186.097821632462,121.83250287816936,174.3935454595568,281.0304301146696,1.606799646761676,408.0
16.92,9.8309,0.0059,0.0059,-0.0737,199.8432273526754,243.28740721195268,576.0884197545475,185.33341548685075,121.23467028697284,175.88437983738405,285.6939199339357,1.613351514399537,408.0
16.93,9.7631,0.0065,0.0065,-0.0734,199.8228096667816,243.26255089869065,574.6001812836586,185.12327802583545,121.2339781736384,177.15642194420673,289.3421148256444,1.6178861709607264,408.0
16.94,9.7449,0.0067,0.0067,-0.0736,199.8727356993893,243.32333041664785,574.2228917504647,185.1033474328204,121.29900969425292,177.58402786855456,290.5236716394418,1.6195123745872502,408.0
16.95,9.7918,0.0069,0.0069,-0.0736,200.07823270396196,243.5735006830841,575.3121467652426,185.3897340753369,121.55727140885298,178.17045119180813,291.69061403494646,1.6178355361783503,408.0
16.96,9.8387,0.007,0.007,-0.0736,200.24766852540745,243.7797703787569,576.3983822668918,185.6438432402132,121.75395318974728,178.53541504384492,292.29068781726454,1.6158556772986914,408.0
16.97,9.9314,0.007,0.007,-0.0736,200.4748498742507,244.0563389773487,578.5036366817149,186.0670064589418,122.00072683718062,178.80597237286722,292.35456813945814,1.611169527062447,408.0
16.98,10.1128,0.008,0.008,-0.0735,201.35028783220008,245.1220895348523,582.5575174287673,187.29283144688827,123.27623208809884,181.30027082853636,297.5580724617238,1.6060964070547348,408.0
16.99,10.495,0.0089,0.0089,-0.0732,202.6137847640607,246.66025971276957,590.9187799241747,189.37120386146037,125.04401104559057,183.9214679990309,301.838511990414,1.5912093225969417,408.0
17.0,10.9197,0.009,0.009,-0.0733,203.42124731287336,247.6432575982806,599.9879950943407,191.14701379263332,126.04257627014483,185.1770210263232,302.4110234566476,1.5707800704452577,333.0
17.01,11.4255,0.0098,0.0098,-0.0733,204.71711135644583,249.2208312165428,610.5047752208309,193.54777160236105,127.88615098343242,187.74112561729268,305.9254539788188,1.5508756910465773,333.0
17.02,11.8772,0.0109,0.0109,-0.0733,206.07543366124384,250.8744409789056,619.6614468492232,195.85226504355944,129.92773610799065,190.4977299726448,310.3207754671417,1.5359943494497592,333.0
17.03,12.3057,0.0117,0.0117,-0.0732,207.16933357623657,252.20614522324453,628.1546945400315,197.8573919737384,131.57632260951274,192.63279772756303,313.3199222946191,1.521253033338276,333.0
17.04,12.6918,0.0131,0.0131,-0.0728,208.34434988383137,253.6365998585773,635.6584265293682,200.2712556939398,134.02189337700312,195.34721784433472,318.07746539559514,1.5102241519147992,333.0
17.05,13.101,0.0133,0.0133,-0.0726,209.07138469613267,254.5216857170311,643.4570991940221,201.622432369072,134.7635578260718,196.52089262442723,318.8267782410437,1.4951673905838747,333.0
17.06,13.4446,0.0152,0.0152,-0.0722,210.83367046716785,256.6670770904652,649.8980109279427,203.90687656179225,137.59495805345452,199.48576283132203,324.51992727842435,1.4920263468380042,333.0
17.07,13.8037,0.0165,0.0165,-0.0722,212.19372707520296,258.322798178508,656.5197629699843,205.8086924247805,139.67576940190307,201.6458382105101,328.1132101056479,1.4853910213586383,333.0
17.08,14.4523,0.017,0.017,-0.0721,213.2571892259913,259.6174477533808,668.1873433370919,207.8630872092156,140.8878298509524,203.52025294401065,329.54982013241414,1.4640006810953692,333.0
17.09,14.8962,0.0191,0.0191,-0.0721,215.1801111937313,261.95839623584686,676.0005014721603,210.4462098631111,144.02781483924335,206.42807237920985,334.70222057099664,1.4591015921505592,333.0
17.1,15.4213,0.0192,0.0192,-0.072,215.2285970810376,262.01742253343707,685.0542274950379,212.2200384141157,144.82187305011087,207.5841383237467,335.0649702262843,1.437592299033531,333.0
17.11,16.0815,0.0193,0.0193,-0.072,215.58308135149755,262.4489686018231,696.1625570893644,214.0705617844104,145.5574160110796,208.9650264444088,335.44496265466745,1.4141417203582154,333.0
17.12,16.7764,0.0203,0.0203,-0.072,216.55584112350843,263.63319788948854,707.5543739759811,216.5051766779361,147.41254817551018,211.1595183756513,337.81074751644485,1.395206288281413,333.0
17.13,17.2667,0.0207,0.0207,-0.0718,216.98976482763052,264.1614528336372,715.4316922953184,217.9993945557476,148.3234946524307,212.41542659670085,338.790998075648,1.3808099185240097,333.0
17.14,17.7223,0.0211,0.0211,-0.0713,217.39096612494916,264.6498718042859,722.6337345753689,219.37884003081092,149.19028561258335,213.5871723298253,339.75062166892565,1.3679663578480294,333.0
17.15,17.8922,0.0215,0.0215,-0.0713,217.7345722349432,265.0681748947134,725.3162248680727,220.0415377837362,149.8113045546964,214.24920589708915,340.65540995761177,1.3645737593312512,333.0
17.16,17.8342,0.0219,0.0219,-0.071,218.04752799604296,265.4491645169219,724.4591708507166,220.14929529037275,150.24989923713153,214.51171373146613,341.5148871233495,1.3685389409675437,333.0
17.17,17.7107,0.0218,0.0218,-0.0707,217.99071199116145,265.3799972066313,722.5797411168002,219.8015531988462,150.0406253055155,214.250477579603,341.3445149860224,1.3721643920620337,333.0
17.18,17.3787,0.0218,0.0218,-0.0707,217.97201791043065,265.3572391953068,717.4125419073781,218.99873173582125,149.78777616208785,213.7020260162638,341.3469972746557,1.383226099833979,333.0
17.19,17.0737,0.0217,0.0217,-0.0707,217.8754634120736,265.2396945886113,712.6138335165832,218.19229689498823,149.43382054786045,213.1109944690253,341.1485598002696,1.3930955878804328,333.0
17.2,16.8536,0.0214,0.0214,-0.0708,217.63990661727613,264.95292979494485,709.1282775698676,217.46705992285283,148.89510562702228,212.5019015701847,340.54912508485273,1.3991819071307767,333.0
17.21,16.8557,0.0214,0.0214,-0.0708,217.67227159789772,264.992330640919,709.2028637785755,217.48395320959995,148.9043545940847,212.54005388359187,340.5995206441573,1.3992239008702794,333.0
17.22,16.8578,0.0215,0.0215,-0.0708,217.7787440907566,265.1219493278776,709.27742991227,217.5622966241539,149.03819664923057,212.66046504803367,340.8564119540549,1.39978822007464,333.0
17.23,16.9055,0.0221,0.0221,-0.0707,218.2665048997564,265.7157450953556,710.0851373092124,218.06382218147516,149.8340394370293,213.26801352191384,342.13565329454025,1.4013973453726012,333.0
17.24,17.008,0.0237,0.0237,-0.0703,219.5124757794213,267.2325792097303,711.7701041260707,219.3239630182827,151.94496941986264,214.73031540657684,345.324825937803,1.40636780321172,333.0
17.25,17.73,0.0255,0.0255,-0.0701,220.97302882087237,269.01064378193155,723.2151858888242,222.19086186488636,154.70251657755773,217.37124136282432,348.7852139924589,1.3912210053216834,333.0
17.26,18.1238,0.025,0.025,-0.0703,220.66153453855483,268.63143335128416,729.3555580111421,222.8232807199863,154.32462233576194,217.7369210060485,347.9960554970805,1.3758001211146018,333.0
17.27,18.5716,0.0256,0.0256,-0.0705,221.1473093884148,269.22281142937453,736.23427751265,224.2339164165328,155.3516957519628,218.9693414435422,349.1848535939007,1.3645024651702724,333.0
17.28,18.9693,0.0257,0.0257,-0.0705,221.2499647587174,269.34778318452555,742.2643293436512,225.21129952403825,155.7252032934998,219.7449075519736,349.46783288200515,1.3526105996288371,333.0
17.29,19.282,0.0259,0.0259,-0.0705,221.41661146987343,269.5506574415851,746.9608866021431,226.0446946012516,156.166137447332,220.4401058372438,349.91372971757227,1.3440628145093745,333.0
17.3,19.4364,0.026,0.026,-0.0705,221.5133333826481,269.66840585713686,749.2845707478652,226.46013910633255,156.38844503708452,220.799510792483,350.16095000148124,1.3399610068761785,333.0
17.31,19.3708,0.0261,0.0261,-0.0703,221.62201564846052,269.8007147024737,748.3602197908252,226.38584734841328,156.4769435823489,220.7978388369048,350.37819537362765,1.342541193895179,333.0
17.32,19.3052,0.0258,0.0258,-0.0701,221.44166743673603,269.5811603577656,747.433709183147,226.07654534483152,156.08543698619246,220.5137482321936,349.8943443262619,1.343210263243068,333.0
17.33,19.0465,0.0255,0.0255,-0.0696,221.26680913193303,269.3682893780055,743.632880535246,225.331525416948,155.5725454521924,219.90750159784875,349.3788794296882,1.3498087503110732,333.0
17.34,18.2396,0.0248,0.0248,-0.0694,220.78118959999108,268.77710038259784,731.4709494149062,223.07234562091355,154.215067894856,218.0716276222323,348.05622678973856,1.3719547166173165,333.0
17.35,17.8728,0.0236,0.0236,-0.0696,219.90672929612472,267.7125400126736,725.8531699497795,221.4931684848356,152.49768525147235,216.57608969462743,345.8177726237516,1.377971738707671,333.0
17.36,17.1702,0.0231,0.0231,-0.0696,219.4797077736602,267.1926877244559,714.8503576307469,219.4937496346995,151.3877225647954,214.9810059338013,344.8043449229802,1.399039701289305,333.0
17.37,16.4907,0.0229,0.0229,-0.0696,219.22960396264253,266.8882135197388,703.9402159377793,217.68251193578797,150.6575409469298,213.6146070914329,344.36205549464955,1.4218515508686744,333.0
17.38,16.0429,0.022,0.022,-0.0696,218.46367117345983,265.9557736024729,696.6097232893653,215.97371047903104,149.16901711421588,212.09648754105763,342.55190696015853,1.4332972030655038,333.0
17.39,15.568,0.0187,0.0187,-0.0696,215.8357805160417,262.7566023673552,688.6918883654719,212.630776805938,144.5361527388021,208.3845356972953,335.364803417152,1.4328352606633783,333.0
17.4,15.0738,0.0179,0.0179,-0.0694,215.04483949675372,261.793717648222,680.2892853338311,210.76466756686705,143.04803387213207,206.70043539121085,333.4329060814182,1.447060798384987,333.0
17.41,14.4716,0.0165,0.0165,-0.0692,213.89864648857449,260.3983522469602,669.8058824056853,207.9847053466834,140.52581467388268,204.1387409806412,329.8698171406261,1.4641415666249642,333.0
17.42,13.9465,0.0158,0.0158,-0.0689,212.8769859231101,259.1545915585689,660.4455837542547,206.1327638585619,139.1528985630459,202.35816866414956,327.9739886561448,1.4798814461613163,333.0
17.43,13.1551,0.015,0.015,-0.0686,211.39497089943504,257.350399355834,645.8940823883875,203.4099477272213,137.347567411265,199.83135318541443,325.6725500638233,1.5061374320504777,333.0
17.44,12.9466,0.0153,0.0153,-0.0689,211.75767576532343,257.7919531056112,641.9956820402767,202.7138489770404,137.3336886442781,199.73195756037373,326.5208011485544,1.5193437555581193,333.0
17.45,12.7265,0.014,0.014,-0.0691,210.58153161281936,256.3601254416931,637.8355120620822,201.14129645534544,135.33060447835112,197.80791863295016,322.7791626611745,1.5212446384981264,333.0
17.46,12.5605,0.014,0.014,-0.0691,210.45094512154503,256.20115058275053,634.6771727443354,200.5989165768341,135.11485912399155,197.46573502014968,322.7945873898417,1.5287696206741503,333.0
17.47,12.5401,0.014,0.014,-0.0691,210.4605168650268,256.21280314003263,634.3187505845862,200.53961853277164,135.09344685999724,197.45094723243903,322.837467931915,1.5298045904327726,333.0
17.48,12.5465,0.0141,0.0141,-0.0691,210.57372905072808,256.3506266704516,634.4784702200258,200.63631088622816,135.24079642596342,197.61357706059167,323.1843250065044,1.5302492877710565,333.0
17.49,12.5529,0.0147,0.0147,-0.069,211.07883561429503,256.965539008707,634.6385136231111,201.07071271643207,136.0645582609555,198.3443687374504,324.9881583742758,1.533815086306471,333.0
17.5,12.5682,0.0146,0.0146,-0.069,211.0442886455753,256.92348182939605,634.9701276803212,201.06211993230912,135.95349375673274,198.2983093603805,324.7497861757923,1.532611024159498,263.0
17.51,12.6223,0.0158,0.0158,-0.069,212.0788649211017,258.18296599090644,636.0498974359813,202.07223686521436,137.68361826950203,199.75784931561128,328.1595115197909,1.5378647657163085,263.0
17.52,12.7883,0.0171,0.0171,-0.0689,213.30178314594764,259.6717360037624,639.2721867144597,203.52153663216444,139.71327386808576,201.4837502976487,331.6299858305699,1.5387286216969749,263.0
17.53,12.989,0.0174,0.0174,-0.0689,213.7363213543052,260.2007390400237,643.1264899166463,204.3713055305469,140.35148139077822,202.25985264864343,332.4669220479868,1.5316706134604443,263.0
17.54,14.0314,0.0194,0.0194,-0.0686,215.87905970563585,262.8092900764263,662.4310584071809,209.06931002418736,144.27246595951215,206.4087658454443,337.4442356552984,1.497430847309014,263.0
17.55,14.7109,0.0217,0.0217,-0.0686,218.217998204612,265.6566934664842,674.5558664676925,212.4223562975016,147.9130441413172,209.79400391250888,342.5643483961096,1.484366950302647,263.0
17.56,15.2321,0.0224,0.0224,-0.0684,219.18667602672107,266.8359534238344,683.6344021377391,214.15905367794085,149.1394607521826,211.43828688061367,344.1193719555341,1.4691351067846472,263.0
17.57,15.873,0.0223,0.0223,-0.0682,219.22929593762325,266.88783853275874,694.5316027936068,215.91935840469932,149.56411363383492,212.6515608111588,344.0737335208722,1.4433157809710606,263.0
17.58,16.5641,0.0226,0.0226,-0.0682,219.67220278313252,267.4270294751179,705.9801708663699,217.90413498572656,150.46933462412545,214.23194908171632,344.8303387897664,1.4199269727910542,263.0
17.59,17.2822,0.0228,0.0228,-0.0673,219.99222082872973,267.8166166610623,717.5707118754825,219.84003127996647,151.25777855668156,215.73697184081945,345.38365071712894,1.3961589575652973,263.0
17.6,18.784,0.0231,0.0231,-0.0677,220.3862748701073,268.2963346244785,740.836732758934,223.64273140126247,152.74342008248402,218.61281797672552,346.2342682002362,1.3491777243454754,263.0
17.61,19.5136,0.0234,0.0234,-0.0677,220.6379165169027,268.60268097709894,751.7492788527369,225.51364253376929,153.6432841060464,220.08600414842752,346.96321284244993,1.328637434966777,263.0
17.62,20.2202,0.0234,0.0234,-0.0676,220.64253024717945,268.6082976922185,762.0835074707729,227.12262513993687,154.18284938794932,221.25112358565323,347.1044031625468,1.3082406552237316,263.0
17.63,20.9962,0.0237,0.0237,-0.0675,220.8144450048231,268.81758522326294,773.1766181027899,229.0112116470534,155.1047621372091,222.724677875464,347.826539957655,1.2880619423218158,263.0
17.64,21.6216,0.0238,0.0238,-0.0673,220.83631083935632,268.844204500086,781.9441229789501,230.42900928345765,155.69356979141727,223.78149105764717,348.1425216849528,1.2718204427439028,263.0
17.65,22.3899,0.0238,0.0238,-0.0667,220.74834891461623,268.7371204177937,792.4959888433124,232.0728301982632,156.29271047130726,224.94495113019053,348.2824231137446,1.252073899206629,263.0
17.66,23.4168,0.0238,0.0238,-0.0671,220.5828737368372,268.5356723752801,806.2404941861366,234.2177817802557,157.10614878332476,226.4378859243841,348.4479474099657,1.2268749281583642,263.0
17.67,23.7025,0.0234,0.0234,-0.0669,220.3109928039668,268.2046868917856,810.031944822852,234.62995108841693,156.97315364540898,226.55041303188864,347.76201265440176,1.2187004737126457,263.0
17.68,23.9496,0.0226,0.0226,-0.067,219.8224907337837,267.60998871938887,813.294486398848,234.79108038708935,156.47750752260214,226.27045074281077,346.269046934157,1.210193517018688,263.0
17.69,24.1658,0.0215,0.0215,-0.067,219.20607112982168,266.859564853696,816.1384552445148,234.787987799965,155.76581555117136,225.66256601139168,344.1023080443068,1.2016912807419278,263.0
17.7,24.3395,0.0186,0.0186,-0.0669,217.8633654432557,265.2249666265722,818.4216224749066,234.14366640754852,153.94317704585316,223.23014603676828,337.74768486338985,1.1898320147127497,263.0
17.71,24.7951,0.0174,0.0174,-0.0661,217.4840141517115,264.76314766295314,824.2912660340199,234.85330754984452,153.90831303408885,222.6264981658508,334.92592159153656,1.1779613689898758,263.0
17.72,24.8221,0.0163,0.0163,-0.0665,217.2626521469,264.4936634831826,824.6793250265729,234.7367070098128,153.58227278816074,221.4925150890548,332.1446562064776,1.1760032868179868,263.0
17.73,24.8684,0.0155,0.0155,-0.0667,217.19075682656043,264.4061387453779,825.3125111736724,234.7750835533647,153.49883828628953,220.66307811364317,330.03042626021994,1.1745383299114658,263.0
17.74,24.6638,0.0151,0.0151,-0.0669,217.1608710333654,264.3697560406188,822.7561819372186,234.2918103712473,153.1645550224357,219.957438405729,328.93740899194023,1.1784832228993036,263.0
17.75,24.436,0.0151,0.0151,-0.0669,217.1525622843791,264.35964104185285,819.8892164416588,233.7721671437488,152.83481364595232,219.69814487212608,328.96172160132465,1.1830911528786912,263.0
17.76,24.0847,0.015,0.015,-0.0671,217.11185564442223,264.31008513234013,815.4090336260081,232.95198873556,152.30963213786922,219.15393828602043,328.6893053176842,1.190203434264454,263.0
17.77,23.8531,0.0157,0.0157,-0.0672,217.2022879856928,264.4201766782347,812.4482469292464,232.4944844652597,152.12550815089722,219.71365787870567,330.66746137135874,1.1956523175294949,263.0
17.78,23.5828,0.0163,0.0163,-0.0673,217.33528783141244,264.5820895338934,808.9618632784764,231.98133600904345,151.96109157353973,220.07167831665623,332.302863853182,1.2022870805147674,263.0
17.79,23.2392,0.0164,0.0164,-0.0674,217.35851418980215,264.6103651006287,804.4810426294221,231.21861912718583,151.55373028626357,219.75290503289224,332.578375164939,1.2100081143664174,263.0
17.8,22.8879,0.0167,0.0167,-0.0674,217.44967598812485,264.7213446811955,799.8555369221991,230.4870665955237,151.24470659188046,219.63588945264863,333.37286029614927,1.2184887367760548,263.0
17.81,21.9131,0.017,0.017,-0.0672,217.49886680552788,264.7812291545557,786.703798671059,228.30397157309008,150.19293360097743,218.6205604256012,334.0852448477345,1.2419016431310397,263.0
17.82,20.9382,0.0172,0.0172,-0.0671,217.5091951890948,264.793802838898,773.1806889192943,226.0659470483793,149.14889859531996,217.4374219158683,334.5284456794036,1.2666069785308294,263.0
17.83,20.8031,0.0176,0.0176,-0.0671,217.72285956538187,265.0539159926388,771.3128222432136,225.9087283971613,149.29932527526702,217.68368867751127,335.561277931,1.2714364406158425,263.0
17.84,20.5252,0.0186,0.0186,-0.0669,218.26825432850515,265.71787483470195,767.4011689875507,225.6804372019573,149.82320795966675,218.29538328960703,337.9949892635578,1.2822828043255512,263.0
17.85,20.0503,0.0184,0.0184,-0.0667,218.1415422433124,265.56361664403244,760.6078759449892,224.46913326650545,149.14150479410245,217.3994963475571,337.5096826826127,1.294433862718675,263.0
17.86,19.78,0.019,0.019,-0.0665,218.50361254473535,266.00439788054746,756.7144911714759,224.113048452522,149.4193397193494,217.5875297065737,338.9345221022693,1.3043400411517387,263.0
17.87,19.4133,0.0207,0.0207,-0.0668,219.5997827388445,267.3388659429412,751.3618550129669,224.11401093089108,150.78873302966423,218.58496980301933,342.7325462124359,1.322097453209418,263.0
17.88,19.1778,0.021,0.021,-0.0669,219.81975081910943,267.60665317108976,747.9057588168249,223.72771540434965,150.90747449714794,218.49586305231864,343.3918281870178,1.330468656582415,263.0
17.89,18.8766,0.0233,0.0233,-0.0669,221.45136441646,269.5929653765601,743.4348347363801,224.3201539368208,153.27214117261565,219.9211827272644,348.0713496465263,1.350432346723892,263.0
17.9,18.5176,0.025,0.025,-0.0669,222.7083447797135,271.12320234052083,738.0388770681507,224.489768154316,155.06218834213493,220.6338701035742,351.2722966160298,1.3700908935156633,263.0
17.91,18.228,0.0253,0.0253,-0.067,222.9511677597048,271.41881292485806,733.6454348995012,224.00198749860448,155.25111916591771,220.38590635408343,351.8261169694909,1.3810281661293988,263.0
17.92,17.8304,0.0252,0.0252,-0.067,222.88513998966727,271.33843129176887,727.5265768160025,223.0101267679285,154.88075708687077,219.64899968843028,351.6372970626535,1.3937336808512062,263.0
17.93,17.4173,0.0271,0.0271,-0.067,224.29780990357824,273.0582033608779,721.0762322666471,223.1998561373849,157.06589302572522,220.267708883696,354.9644290600464,1.4176464476200277,263.0
17.94,16.9733,0.0287,0.0287,-0.0667,225.47331463115407,274.48925259444843,714.0334883315207,223.13677886466544,158.9354069617726,220.5316890707336,357.60349074163616,1.4417312643345626,263.0
17.95,16.5486,0.0288,0.0288,-0.0668,225.72395778788916,274.794383393952,707.1885936125855,221.9853159311684,158.7250505255537,219.82593986076373,357.74858009494653,1.4593206611969745,263.0
17.96,16.2166,0.0288,0.0288,-0.0668,225.54802001392744,274.5801982778247,701.7694057904997,221.30685234141916,158.68384511910585,219.2192924691583,357.7453384459714,1.4708267514104263,263.0
17.97,16.0081,0.0286,0.0286,-0.0668,225.3042507289561,274.28343567003355,698.3446735790137,220.7425423547324,158.383877356739,218.71848991188563,357.43750310239614,1.4772354772695353,263.0
17.98,15.707,0.0283,0.0283,-0.0667,224.92057058716625,273.8163468017676,693.3319945778352,219.9046470929744,157.92812480485622,217.9641445543421,356.9479342624193,1.4865501798668246,263.0
17.99,15.595,0.0278,0.0278,-0.0665,224.5238674084405,273.3334038015798,691.4764377089039,219.3262773303068,157.21275681988942,217.45134541182463,356.1529574394918,1.4881708554743915,263.0
18.0,15.5101,0.0272,0.0272,-0.0669,224.0738097776132,272.7855075553552,690.0714985205677,218.73277026615352,156.35636240298717,216.9208515081412,355.1797561628263,1.488308824737658,229.0
18.01,15.4213,0.0271,0.0271,-0.0668,223.9672454029749,272.6557770123173,688.5965321845154,218.4803123760113,156.20630128308576,216.7087805351813,355.0445314641719,1.4911262379990224,229.0
18.02,15.4329,0.027,0.027,-0.0667,223.93531404069464,272.61690404954135,688.8326898097793,218.44796616355927,156.07470733721573,216.699192101924,354.9257572403964,1.4902939995026436,229.0
18.03,15.2939,0.0268,0.0268,-0.0665,223.71901340638985,272.3535815382137,686.4924805238726,218.01247256994515,155.77141947253762,216.3168999446819,354.6089009466786,1.4944513328288611,229.0
18.04,15.209,0.0259,0.0259,-0.0661,223.0495191503483,271.53854505259795,685.0719256224024,217.19692767027755,154.47661079482484,215.56485419213809,353.07267872216806,1.493031106139298,229.0
18.05,15.1704,0.0242,0.0242,-0.0659,221.84336097208148,270.07017857470794,684.4448786659558,215.90976160365705,152.05390973764955,214.3081732131352,350.0127495271031,1.4857029158364807,229.0
18.06,14.9271,0.0215,0.0215,-0.0657,219.7371969701354,267.5061528332083,680.2651669129542,213.42318294467057,148.15208721181156,211.75331222587744,344.67815787585675,1.4804708742739645,229.0
18.07,14.7341,0.0215,0.0215,-0.0656,219.59393748405896,267.33174998059354,676.9263662923901,212.97479716656585,148.0667333494327,211.38938822435145,344.69323703861824,1.4876690335456952,229.0
18.08,14.6221,0.0217,0.0217,-0.0657,219.6647034021077,267.4178997938703,674.9910740694452,212.8628386590329,148.3060990286396,211.35209026445588,345.1372185143137,1.4930138417538577,229.0
18.09,14.4098,0.0218,0.0218,-0.0659,219.89377703935085,267.69677204790537,671.2632807195681,212.1435799036911,148.14145168910807,211.02036933139183,345.35450522552463,1.504116371995154,229.0
18.1,14.2862,0.0234,0.0234,-0.0659,221.1247658192138,269.1953670842603,669.0926433271889,212.87979458239707,150.3049262223344,212.03394392714253,348.57551692589345,1.5188993070298746,229.0
18.11,14.2402,0.0234,0.0234,-0.0659,221.1329328132051,269.20530951172793,668.3046595634798,212.7596940984021,150.28043865301652,211.96804054272988,348.6159103753381,1.5209716719082147,229.0
18.12,14.2426,0.0234,0.0234,-0.0659,221.1652133229076,269.2446075235397,668.3842481499788,212.7758853583192,150.2880509896298,212.0057172379685,348.665037421035,1.52098983456527,229.0
18.13,14.2451,0.0232,0.0232,-0.0658,221.04011718674883,269.0923165751725,668.4659538381578,212.65769816254556,150.0129892558664,211.89257934771692,348.3252541011871,1.519816001357863,229.0
18.14,14.267,0.0227,0.0227,-0.0656,220.6879712185936,268.6636171356792,668.8958813144313,212.3923165303017,149.32871483477945,211.58897609872807,347.39247841639934,1.5160359038877929,229.0
18.15,14.9464,0.0227,0.0227,-0.0652,220.87092817897627,268.88634734831896,680.9379831477776,214.43879972268755,149.9248681923252,213.043820972346,347.5605492934542,1.4870053173953932,229.0
18.16,15.5912,0.0228,0.0228,-0.0648,221.49828876872763,269.6500906749728,692.0615908354854,216.0125853638997,150.34551429822332,214.45455454090077,347.91640145310834,1.4644640654042134,229.0
18.17,16.4019,0.0229,0.0229,-0.0648,221.72201148882365,269.9224487690027,705.6420939435139,218.31823209427225,151.15288017064643,216.1372377431224,348.29350958928194,1.434117598495503,229.0
18.18,17.4211,0.0239,0.0239,-0.0648,222.69921524590973,271.11208812545533,722.1322275998896,221.51805753829336,153.16516755570134,218.82998456828528,350.4392104104785,1.4037786563687926,229.0
18.19,18.228,0.0244,0.0244,-0.0648,223.17899462127252,271.69616736502746,734.7794484189872,223.78632033014077,154.35297575777236,220.6739596425415,351.5503822112879,1.3796488850463584,229.0
18.2,20.2781,0.0269,0.0269,-0.0648,224.9555351658528,273.8589123758208,765.3746518274434,229.93190180822452,158.6778927161454,225.94307425383744,356.36710966514806,1.3287730248098883,229.0
18.21,21.1429,0.0312,0.0312,-0.0648,227.9151492867536,277.46192087083045,777.732524514083,234.22888842466796,164.2094974821915,230.1561134875316,363.4665817392631,1.323678208440931,229.0
18.22,22.0656,0.0316,0.0316,-0.0635,228.0042483636533,277.5703893122736,790.5809015055863,236.3446158742748,165.1131957718967,231.85654778954824,364.2346941366834,1.2998542486252609,229.0
18.23,23.0153,0.0318,0.0318,-0.0642,227.8930527803499,277.43502077607815,803.4588508621669,238.34484267236655,165.7938159849437,233.4255356357924,364.6978737527261,1.2755586381314254,229.0
18.24,23.8029,0.0318,0.0318,-0.0641,227.6562370569256,277.14672337364857,813.9027494482557,239.8774385010153,166.17797705738153,234.59506902257695,364.8393094637279,1.255568170915461,229.0
18.25,24.4553,0.0318,0.0318,-0.064,227.44516840242565,276.8897702290399,822.4023610856498,241.12612990616947,166.50449957036665,235.54617855644128,364.9629236285853,1.2395881023581974,229.0
18.26,25.409,0.0317,0.0317,-0.0635,227.0236640494924,276.3766344950343,834.5615813614422,242.85830363229115,166.88348127381423,236.82152165374936,364.9673911558567,1.21663837460657,229.0
18.27,25.6329,0.0316,0.0316,-0.0637,226.89446044859025,276.2193431548056,837.4094456178346,243.2317653016598,166.9029984550097,237.0948070910552,364.8917395911584,1.211176261126837,229.0
18.28,25.9803,0.0315,0.0315,-0.0636,226.71005733939447,275.994852413176,841.7747280986279,243.8283424518294,166.98927454929745,237.5285072681849,364.8282589349075,1.2029688161119765,229.0
18.29,26.4822,0.0316,0.0316,-0.0635,226.58444612924387,275.8419344182099,847.9990404548881,244.7983173365093,167.36348930295873,238.28277314456756,365.0808085414337,1.1922222726569014,229.0
18.3,27.1656,0.0317,0.0317,-0.0635,226.36359713765904,275.5730747762806,856.3428698399952,246.07803625011667,167.83413540741185,239.257700350424,365.3501820045042,1.1777847171826457,229.0
18.31,27.3856,0.0319,0.0319,-0.0632,226.42063164693903,275.6425080919258,859.0337801636339,246.577923603482,168.1579936776777,239.69722982197987,365.7213885828932,1.1739115639079891,229.0
18.32,27.4821,0.0322,0.0322,-0.0629,226.6014398121652,275.86262238002723,860.2365311381792,246.90825537840368,168.51443197638346,240.04149817700372,366.2268081062877,1.173061898451751,229.0
18.33,27.5748,0.0324,0.0324,-0.0629,226.71880808499128,276.005505494772,861.390831276814,247.18265866657825,168.7698515593639,240.3178365173109,366.581464515106,1.171929819162634,229.0
18.34,27.0498,0.0324,0.0324,-0.0628,227.01016740146085,276.3602037930828,855.1323957499357,246.27912621722027,168.5118021966235,239.68987966778167,366.57990268877074,1.183309086931256,229.0
18.35,26.266,0.0324,0.0324,-0.0627,227.41347827611253,276.85119094483264,845.6225322559028,244.90208397910249,168.12767333881663,238.71329819428013,366.55069496248177,1.2007277458663783,229.0
18.36,25.7834,0.0323,0.0323,-0.0626,227.59763375906908,277.0753802284319,839.696127181952,243.99605704287245,167.7941047139001,238.0516649741548,366.40364714207465,1.2113997814059678,229.0
18.37,25.158,0.0319,0.0319,-0.0625,227.6297288624585,277.1144525282104,831.8980524023478,242.66045342597843,167.07218036147827,237.00207884015785,365.7944938907903,1.2244562190620338,229.0
18.38,24.5133,0.0304,0.0304,-0.0627,226.90213245655545,276.2286829905892,823.7290712179986,240.6910940071289,165.1587197939649,235.2113300717545,363.4915402594499,1.233878111656668,229.0
18.39,23.772,0.0278,0.0278,-0.0627,225.4359065693448,274.44371234528927,814.1621148678032,237.92762620329415,162.0061541321615,232.47739241204025,359.2589884327391,1.2414575415703353,229.0
18.4,23.0037,0.0279,0.0279,-0.0627,225.76042705120304,274.83878075798634,804.0463757018844,236.46061710178355,161.64179199343306,231.48411539599647,359.3887796253669,1.2611525190862072,229.0
18.41,21.4594,0.0279,0.0279,-0.0627,226.16399571393487,275.33008173870337,783.0138919703138,233.29761144564108,160.7164329654567,229.2138500128088,359.2533945086112,1.3021603585611077,229.0
18.42,20.641,0.028,0.028,-0.0627,226.413814518206,275.63420897868554,771.5043659962414,231.62581857533084,160.3603569908921,228.03614012797,359.36649367259804,1.3257944333015494,229.0
18.43,19.9422,0.0281,0.0281,-0.0625,226.61180618839344,275.87524231630505,761.4560715654128,230.17526691199183,160.08774495916614,227.00938517988777,359.4908223518643,1.3469212533884476,229.0
18.44,19.3631,0.0281,0.0281,-0.0625,226.69727637957945,275.9792929838359,752.9676463666377,228.90154090876305,159.77167166818452,226.08219776140317,359.46176556574244,1.3646967909649717,229.0
18.45,18.7338,0.028,0.028,-0.0624,226.6858957765986,275.9654383367288,743.5583461637817,227.42753519899645,159.308838357407,224.9764487935918,359.25664740465913,1.3841995187573588,229.0
18.46,18.1817,0.0279,0.0279,-0.0621,226.64384521643328,275.9142463504405,735.1449336715283,226.10019204417472,158.88907464644237,223.97665264081465,359.0593301182573,1.4018712687076276,229.0
18.47,17.5872,0.0278,0.0278,-0.0623,226.5712862720125,275.82591372245,725.9003719837889,224.6429257902712,158.44673718621272,222.8741311533901,358.8526510998316,1.4216131159623833,229.0
18.48,16.5255,0.0278,0.0278,-0.0621,226.59297604067245,275.8523186582099,708.8648050661568,221.94020114829075,157.79959300885952,220.91792300733687,358.7364619678068,1.460545401165532,229.0
18.49,16.1124,0.0278,0.0278,-0.0618,226.35177114504555,275.5586779157076,702.0763945726453,221.0790864349424,157.72575345978882,220.14715441160567,358.7183581353271,1.4748251561040446,229.0
18.5,15.7108,0.0278,0.0278,-0.0616,226.09807813627063,275.24983425285126,695.3724300278434,220.228046589496,157.66165074479693,219.3814167367516,358.70042693457964,1.489105298594062,253.0
18.51,15.3711,0.0277,0.0277,-0.0614,226.19151428282703,275.36358260518074,689.6232879387514,219.0651100529701,157.18306420561618,218.6593943075712,358.5234492127366,1.5038502366030222,253.0
18.52,15.0738,0.0277,0.0277,-0.0618,226.1206150627881,275.2772705112203,684.5286318442602,218.2871088251445,157.03983803257466,218.07802870774336,358.5206228663522,1.5160060527741432,253.0
18.53,14.8885,0.0278,0.0278,-0.062,226.15809993888527,275.3229042734256,681.335103450756,217.8649152477591,157.0928075343935,217.78774779291444,358.70477418479686,1.524322653870241,253.0
18.54,14.6646,0.0278,0.0278,-0.062,226.09861150467304,275.2504835709063,677.4357621864964,217.26874511612607,156.9889350706493,217.34565264504823,358.71351546481617,1.533812413198267,253.0
18.55,14.5024,0.0281,0.0281,-0.0621,226.28721095022271,275.4800828959233,674.5969975511866,217.0307673424477,157.3381334701499,217.2237957696381,359.2338413765048,1.5425224355071283,253.0
18.56,14.2978,0.0294,0.0294,-0.0621,227.2027992142793,276.59471208694873,670.9782611873713,217.32300874435177,159.08624451501814,217.62766128536236,361.3633697904147,1.5588249175920748,253.0
18.57,14.0392,0.0297,0.0297,-0.0621,227.329227452704,276.748624725031,666.3478884935646,216.8103532865986,159.41045588895352,217.27192767813384,361.8410532916565,1.5720506619231709,253.0
18.58,13.9234,0.0297,0.0297,-0.062,227.29939717168665,276.7123096003142,664.2769169728293,216.49556850995432,159.36920518158882,217.04542640349635,361.8681611920673,1.5773615623576054,253.0
18.59,13.7882,0.0297,0.0297,-0.062,227.2563575462339,276.65991353454564,661.838621853414,216.12384616293207,159.32039271752896,216.7730905183128,361.89129404028574,1.5836028823031425,253.0
18.6,13.6956,0.0297,0.0297,-0.0614,227.2349981572018,276.63391080007176,660.1729486576703,215.87061300541137,159.28880136433978,216.59522592612475,361.9224878386939,1.587949922844009,253.0
18.61,13.5218,0.0288,0.0288,-0.0618,226.489902883844,275.7268382933753,656.990816231132,214.79275463499377,157.9274613180643,215.67800633427984,360.4925272848003,1.5909131306987263,253.0
18.62,13.4099,0.0279,0.0279,-0.0619,225.77161571832443,274.85240174404714,654.9412303353548,213.8823421177908,156.58023218454136,214.8852468622646,359.0344393385241,1.5909878261883523,253.0
18.63,13.2554,0.0265,0.0265,-0.0618,224.63092610146623,273.46373612352414,652.0808775203801,212.5016184180201,154.47099854764969,213.6441339451168,356.6574320516638,1.5900269546927317,253.0
18.64,13.1628,0.0261,0.0261,-0.0618,224.29060800628127,273.0494358337337,650.3699728764551,211.96592056466477,153.84200301123275,213.1911146333363,355.9827989209659,1.592101008744503,253.0
18.65,13.0277,0.0231,0.0231,-0.0614,221.86209229574905,270.0929819252597,647.8454466518225,209.51165344163084,149.35294781560896,210.7595631222836,350.39756515932464,1.5801415019187617,253.0
18.66,12.9466,0.0228,0.0228,-0.0614,221.5936779784521,269.76621666942,646.3347935591357,209.06459323381796,148.86001091906093,210.3731337017784,349.83389276388675,1.5822078275137978,253.0
18.67,12.823,0.022,0.022,-0.0613,220.88725691100768,268.906225804705,644.0030570400156,208.13438035575257,147.59339584986995,209.492044111088,348.2357386310188,1.5831320140848293,253.0
18.68,12.7922,0.0224,0.0224,-0.0612,221.21753136681133,269.3082990552486,643.4456569819391,208.3275957894295,148.16959204013978,209.76416305219612,349.0934828681799,1.5872651463695535,253.0
18.69,12.7832,0.0218,0.0218,-0.061,220.75530040224697,268.7455830983876,643.3073461277118,207.8873308967769,147.27782462467223,209.30191302555207,347.9087774266445,1.5839948616803072,253.0
18.7,12.7895,0.0204,0.0204,-0.0609,219.64906055523687,267.39885632811445,643.462987723904,206.93031247780692,145.21728554058336,208.197738158374,344.96761014912784,1.5748414143437184,253.0
18.71,12.7957,0.0196,0.0196,-0.0608,219.02800749739825,266.6427917359631,643.6166654572975,206.39444261795515,144.05178661706395,207.55290339002485,343.2258481508586,1.569514674633799,253.0
18.72,12.8115,0.0188,0.0188,-0.0608,218.41326438143403,265.8944088121806,643.9544746588236,205.88976882163527,142.90347117801048,206.90374258906328,341.42073607122893,1.5637347092646063,253.0
18.73,13.0122,0.0185,0.0185,-0.0608,218.35533892226545,265.8238908618884,647.8272650059986,206.3230093506581,142.66795748086363,207.12145279601,340.7927391196755,1.5526685951194212,253.0
18.74,13.101,0.0185,0.0185,-0.0608,218.45311879881365,265.9429272333384,649.5483594988042,206.61052259127925,142.7597082202793,207.3551670001444,340.8559177706193,1.5487453567194869,253.0
18.75,13.267,0.0182,0.0182,-0.0602,218.36352959304625,265.8338621132737,652.7194734465969,206.9320250714668,142.50370250974595,207.48054248464152,340.20984405474206,1.5395049810372516,253.0
18.76,13.4601,0.0176,0.0176,-0.0599,218.0509076329048,265.45327885744933,656.3711956363859,207.13434572720664,141.87096412916236,207.36576371943843,338.8123766848056,1.527376879234118,253.0
18.77,13.6801,0.0175,0.0175,-0.0599,218.1572657249164,265.5827582738113,660.4871014870052,207.75783724620567,141.97242308256725,207.78294815174672,338.6477725013168,1.5173817391302984,253.0
18.78,13.9234,0.0174,0.0174,-0.0595,218.27373372323285,265.7245454021965,664.9900753782716,208.44784315295547,142.10399838766836,208.24285402262964,338.48533436834464,1.5065996665080266,253.0
18.79,14.1318,0.017,0.017,-0.0595,217.79350481332796,265.13991890318187,668.8131038254684,209.11813259153325,142.01324816528324,208.31721739712287,337.5460668891578,1.493209675856103,253.0
18.8,14.1897,0.0169,0.0169,-0.0591,217.81466540112868,265.1656796187653,669.8960390304022,209.2117309881389,141.9342181495391,208.36868184301903,337.3428926907766,1.490613074332515,253.0
18.81,14.0314,0.0147,0.0147,-0.0587,216.1464550014232,263.1348147843413,667.0655416238851,207.29911648865,138.94523329225407,205.66850525686448,331.2988448687287,1.485194129345558,253.0
18.82,13.8732,0.0131,0.0131,-0.0587,214.9496974018459,261.6778924892037,664.2151066438213,205.85533104411644,136.8715661811707,203.408469400637,326.38928632027057,1.4833458080445814,253.0
18.83,13.5913,0.0125,0.0125,-0.0585,214.22773610810697,260.7989830881302,659.0578027983676,204.6860576651721,135.84598810198727,202.05021963545772,324.40035399583,1.490984125774152,253.0
18.84,13.186,0.0125,0.0125,-0.0586,214.1731827687973,260.73257032723154,651.5074889885134,203.0698535462616,135.03416575987916,201.2009959430872,324.3712550192723,1.5101495027593317,253.0
18.85,12.7536,0.0125,0.0125,-0.0585,213.7562053833691,260.2249456841016,643.2891914731566,201.5921466505324,134.35558520659083,200.2668342383189,324.3347723626379,1.5287529417796135,253.0
18.86,12.3327,0.0126,0.0126,-0.0585,213.3983622707284,259.789310590452,635.12120367204,200.1877987625649,133.82251081642943,199.46263119479983,324.6338511712714,1.548196929435418,253.0
18.87,12.0856,0.0127,0.0127,-0.0583,213.22082660141905,259.5731802104232,630.2590695409348,199.38197646572596,133.57188690564274,199.042007492234,324.9625504990764,1.560301379200573,253.0
18.88,11.9804,0.0133,0.0133,-0.0581,213.59433923264217,260.02789123973827,628.1894785480782,199.4096997392921,134.2095238026225,199.58409646456712,326.9412057465161,1.5691197058338324,253.0
18.89,11.9731,0.0143,0.0143,-0.0578,214.41701045186167,261.0294040283534,628.0771642590395,200.0735732513201,135.57843896719757,200.8005741377096,330.07972936384647,1.576047335961445,253.0
18.9,11.9811,0.0161,0.0161,-0.0579,215.94145419219117,262.88524858179795,628.2701242721535,201.37919495082065,138.17861643502582,202.83564437170185,335.253122328498,1.587764977965797,253.0
18.91,11.9891,0.0175,0.0175,-0.0579,217.15175278871877,264.358655568875,628.4634002361216,202.42191319599337,140.2667470236113,204.29394455454693,338.95393432952903,1.5969482601798946,253.0
18.92,12.1165,0.0174,0.0174,-0.0578,217.2212293226825,264.44323569717875,631.0418973319605,202.7852007870569,140.25565852403432,204.53790352946484,338.77331611321404,1.5900895893997506,253.0
18.93,12.3984,0.0176,0.0176,-0.0578,217.6804827791578,265.00232686158347,636.6488015408195,203.8715178552635,140.8494623255509,205.44136776242084,339.380131275223,1.57785140528113,253.0
18.94,12.5605,0.0177,0.0177,-0.0576,217.93684238764263,265.3144168197388,639.8526952247923,204.48130400104623,141.16826493077986,205.9530532206416,339.70822717274086,1.57090296665124,253.0
18.95,12.7265,0.0178,0.0178,-0.0574,218.1911302795427,265.623984688139,643.1070431156428,205.09840254320116,141.4892653573002,206.4696103424276,340.0355573640457,1.5638718220499392,253.0
18.96,12.6956,0.0182,0.0182,-0.0575,218.52399437505107,266.02921054354044,642.5427931581348,205.2870628557329,142.0415803443204,206.8087311214105,341.05872800577595,1.5680281558903166,253.0
18.97,12.5103,0.0187,0.0187,-0.0574,218.80912628973547,266.3763276570693,638.9746076559087,205.04916206971504,142.5968005568054,206.86639521243745,342.2709026051562,1.580197723985772,253.0
18.98,11.9737,0.019,0.019,-0.0574,218.5994692991935,266.12109305988776,628.3863453236689,203.50973783862813,142.54534621092378,205.8664632168893,342.91426681042674,1.608708577491993,253.0
18.99,11.6841,0.019,0.019,-0.057,218.34141311246063,265.80693770212605,622.5652424796076,202.54519879926949,142.283109494541,205.1719708731488,342.89783619563934,1.6236490514775066,253.0
19.0,11.3907,0.0188,0.0188,-0.0574,217.891347166052,265.2590313325851,616.5712919448317,201.40204375873904,141.7072137608428,204.2723970368256,342.40761127850027,1.6378265479992673,227.0
19.01,11.19,0.0186,0.0186,-0.0574,217.52636469752875,264.8147048491654,612.4264034660534,200.56296477414057,141.21151074569968,203.59914896058208,341.9324014144735,1.64734861873101,227.0
19.02,10.8,0.0176,0.0176,-0.0576,216.2308907555048,263.2376061371363,604.2057721793192,198.42929990169944,139.25380813570692,201.66425101467615,339.44076513417554,1.661842918940363,227.0
19.03,10.3368,0.0176,0.0176,-0.0577,215.650304938044,262.5308060115318,594.1926065411027,196.73602837637583,138.7914719987907,200.4245688033087,339.37580173354905,1.6886240477668022,227.0
19.04,9.804,0.0174,0.0174,-0.0577,214.7270465023001,261.40683922019144,582.3188179457085,194.56222335771363,137.92884706312273,198.7434830126788,338.7843023351659,1.7195858362386305,227.0
19.05,9.2944,0.0174,0.0174,-0.0577,213.92785116846855,260.4339057703096,570.5815373657094,192.55750810476152,137.42092774069496,197.2504900178916,338.6954993429062,1.7525448600449507,227.0
19.06,8.7809,0.0175,0.0175,-0.0576,213.41463962002837,259.8091264939476,558.342300164028,190.23946351004847,136.8554144387229,195.76442212009215,338.8503849336852,1.7914192095779202,227.0
19.07,8.2751,0.0175,0.0175,-0.0576,212.4501328483981,258.63494433718034,545.8431951324508,188.0505728056868,136.33835795495736,194.1273927842644,338.74660331030543,1.8288711351994973,227.0
19.08,7.808,0.0175,0.0175,-0.0576,211.45767876147775,257.42673936179904,533.87320049708,185.9399402920698,135.86429267907235,192.53801934759665,338.6459015931927,1.865804969258244,227.0
19.09,7.4335,0.0175,0.0175,-0.0575,210.58656980965216,256.366258898707,523.9562127625786,184.17928231363155,135.4869608484226,191.20791725373672,338.5676291734186,1.8972641396011023,227.0
19.1,6.6343,0.0171,0.0171,-0.0574,208.05640071556115,253.286053045031,501.6703584208111,179.83431096880756,133.91156940221046,187.76829881078856,337.3121427617847,1.9668381850911345,227.0
19.11,6.1788,0.0166,0.0166,-0.0572,206.18084751840195,251.00277089196763,488.2266465638437,176.94261664471858,132.4492700791114,185.4246471155124,335.8810106595916,2.008290220007324,227.0
19.12,5.7927,0.0156,0.0156,-0.0576,203.92821987802847,248.26044159064332,476.3404706534871,173.8415358317167,129.9892066032163,182.79136117962705,333.0640115227691,2.0404501724096584,227.0
19.13,5.7927,0.0153,0.0153,-0.0577,203.6747309360385,247.9518463569164,476.3645309215448,173.56711876871597,129.37022278901495,182.5235230133744,332.26825336358866,2.0375273049449305,227.0
19.14,5.0514,0.0149,0.0149,-0.0577,200.3176384416016,243.8649511462976,452.062468981744,168.60794524340204,127.62065114471682,178.59258943763618,330.83429756361994,2.123085458116824,227.0
19.15,4.7194,0.0148,0.0148,-0.0578,198.69989514930384,241.8955245295873,440.4699810518146,166.28365520063866,126.9903246500016,176.77960666448206,330.4222175619013,2.1671676110681424,227.0
19.16,4.426,0.0146,0.0146,-0.0577,197.04470215924056,239.8805069764668,429.799027046072,164.01225288526936,126.17563636821598,174.9809231190428,329.7252253842999,2.2079017941817924,227.0
19.17,4.0013,0.0146,0.0146,-0.0577,194.6690719826364,236.9884354571226,413.5315023411914,160.79607989386986,125.64052871073038,172.48249187294198,329.52267878177963,2.2761311165157574,227.0
19.18,3.7041,0.0146,0.0146,-0.0576,192.8179498366273,234.73489545328545,401.5052860063636,158.37375212626293,125.26830957318158,170.600905065433,329.3779901538635,2.329026278955474,227.0
19.19,3.5767,0.0146,0.0146,-0.0576,191.98242842288548,233.7177389495997,396.177397047544,157.28476606381903,125.10876680799544,169.76784472382693,329.3361209298658,2.3533088047464905,227.0
19.2,3.5631,0.0146,0.0146,-0.0576,191.91387400392935,233.63428139608797,395.6199006706615,157.16581058911464,125.09056667797662,169.69931342199803,329.3702464847056,2.356117115595186,227.0
19.21,3.567,0.0146,0.0146,-0.0576,191.96641176535357,233.6982404099956,395.80617318602657,157.1988602712688,125.09408032200312,169.7506184506345,329.41630613569583,2.355537743784492,227.0
19.22,3.5709,0.0145,0.0145,-0.0576,191.92782623195637,233.65126671716428,395.9923408358876,157.13250401766686,124.86003210499516,169.70506127193173,329.1681120486581,2.3537342737350686,227.0
19.23,3.5844,0.0144,0.0144,-0.0576,191.9549024957544,233.68422912526623,396.5857316751636,157.14908676438566,124.63788196408368,169.7243375890533,328.9245734448053,2.3500761520032603,227.0
19.24,3.7813,0.0141,0.0141,-0.0576,193.01289403866565,234.97221882967992,404.8160425990296,158.51653539580496,124.1806935793068,170.762436000976,328.1985564962737,2.3098286458883472,227.0
19.25,4.0284,0.0126,0.0126,-0.0575,193.1102296553635,235.09071436305123,414.7745595609634,158.97591697493485,120.9587457127668,170.7494898595171,323.6285914909953,2.248266837778369,227.0
19.26,4.3334,0.0118,0.0118,-0.0574,194.04261172788716,236.2257881904713,426.5548307894264,160.47833922704166,119.53889540551144,171.6413099652326,321.0960690702254,2.189505152391204,227.0
19.27,4.6885,0.0117,0.0117,-0.0566,195.78916725802296,238.35202970541928,439.6434801708331,162.956665923077,119.90754199541598,173.50150675966427,320.9701478238747,2.1366116322763986,227.0
19.28,5.0978,0.0117,0.0117,-0.057,197.71081323407668,240.69142480670203,453.97961647669297,165.75435500558294,120.60565347984657,175.6305761181831,321.2111620748789,2.082432323796649,227.0
19.29,5.619,0.0118,0.0118,-0.0568,199.9850781848041,243.4600951815007,471.2398985823708,169.18302595423145,121.70968449576024,178.26139036706894,321.84068713542644,2.0213330955746622,227.0
19.3,6.2637,0.012,0.012,-0.0566,202.52146979361933,246.54787627049316,491.2673176503816,173.1886283929471,123.20704661318734,181.35037376080223,322.8463387193292,1.954968168797416,227.0
19.31,6.7733,0.0121,0.0121,-0.0564,204.2446589900977,248.645671814032,506.2194625009243,176.09524894347234,124.24614682046116,183.5573274000104,323.4243329619049,1.907241956081274,227.0
19.32,7.3872,0.0138,0.0138,-0.0555,207.6415777610516,252.7810511873672,523.3357170337691,180.81776167316076,128.48843565134047,187.9311912075557,329.2536434508168,1.870171304780971,227.0
19.33,8.7346,0.0141,0.0141,-0.0555,210.9551863925365,256.8150095213488,558.0006858031812,187.3633733991359,130.91162528520294,192.89210826340323,330.6283558707302,1.769432342068129,227.0
19.34,9.5221,0.0165,0.0165,-0.0553,214.30183663494176,260.8891924251465,576.76020509913,192.90440077231045,136.2224516936405,197.89799913280228,337.7137764305376,1.733970939891126,227.0
19.35,10.2016,0.0169,0.0169,-0.0551,215.731498955297,262.6296509021007,592.1963401029675,195.8751014703257,137.62926368698518,200.2986226491206,338.9842010395851,1.6951086667911115,227.0
19.36,10.8464,0.019,0.019,-0.0549,218.438196182514,265.92476057001704,606.2705383378797,199.86804159858988,141.6660229412967,204.0775297831829,344.3863197464525,1.673262487944285,227.0
19.37,11.3984,0.0231,0.0231,-0.0549,222.5142489107437,270.88691171742715,617.9191608070795,204.80781203542512,148.56945089659953,208.93210150464296,353.42213951789284,1.6710583633726703,227.0
19.38,11.8617,0.0253,0.0253,-0.0548,224.76930133141224,273.6321929251976,627.4365538990104,207.90307258011788,152.24730563623507,211.7572721922284,357.7788097938011,1.6605870256978703,227.0
19.39,12.2015,0.0279,0.0279,-0.0547,227.12358257522428,276.4982744394035,634.2814875436101,210.77681405482255,156.34856450234784,214.3843639702523,362.4807480228117,1.6591110742830766,227.0
19.4,12.3366,0.0289,0.0289,-0.0548,228.0272167839423,277.598350867408,636.9895685801208,211.8767177636329,157.901024488559,215.38396841147957,364.2211482639984,1.6583001440201337,227.0
19.41,12.3482,0.0321,0.0321,-0.0547,230.41777363455176,280.5085939898891,637.2513816160165,214.01082433525468,162.6167212998322,217.33004296334445,369.2782568770514,1.6765704653381115,227.0
19.42,12.3443,0.0365,0.0365,-0.0546,233.50720099522505,284.269635994187,637.207291767763,216.762629883846,168.96827766510378,219.68104552017485,375.5447834335818,1.7013474393389487,227.0
19.43,12.3482,0.0391,0.0391,-0.0543,235.263870594451,286.4081902888969,637.3178566724839,218.3481149610912,172.6527988489401,220.9809614384795,378.9694657304531,1.7150283817827043,227.0
19.44,12.3868,0.0399,0.0399,-0.0545,235.8489786149661,287.1204957051761,638.1105458004655,218.9459349720389,173.7816349412098,221.48394369323415,380.0268512596479,1.717262933623371,227.0
19.45,12.4679,0.0417,0.0417,-0.0544,237.10143338512552,288.6452232514572,639.7375573577199,220.24872043750568,176.2934772027075,222.53739638191576,382.281228760265,1.7222639847740029,227.0
19.46,12.5065,0.0439,0.0439,-0.0542,238.53304139467775,290.3880503935208,640.5273863826483,221.62675842451645,179.3190449442589,223.6205132739872,384.9036995219196,1.7312249348529778,227.0
19.47,12.576,0.0465,0.0465,-0.0538,240.1940583471875,292.4101579878805,641.920027661826,223.28835986153015,182.841688452442,224.9024967403161,387.8598630106447,1.7401363792986886,227.0
19.48,12.5605,0.0515,0.0515,-0.0538,243.07389482412344,295.9160458728459,641.6500563722495,225.919546545211,189.474261606871,226.80913873510423,393.0912270804515,1.7638458813045743,227.0
19.49,12.4794,0.0589,0.0589,-0.0537,247.2542584530178,301.0051842036739,640.0958716349402,229.00054700422132,198.5580742144957,229.1695844854145,400.0451158224082,1.8020610839413445,227.0
19.5,12.4447,0.0661,0.0661,-0.0536,250.77107413331484,305.2865250318616,639.4476756747878,232.24116708695607,207.42287968704855,231.3140029583432,406.1323523583008,1.832266403128106,225.0
19.51,12.4601,0.0743,0.0743,-0.0532,254.5207932709089,309.85140050371524,639.7840482677206,235.8594926697749,217.15015530768224,233.64501285025491,412.4110087452983,1.86119628060454,225.0
19.52,12.41,0.0819,0.0819,-0.053,257.6546814136456,313.6665686774816,638.8324980448723,238.80751582640104,225.8828013809361,235.43819062829,417.7072051456228,1.889502173359964,225.0
19.53,12.4447,0.0909,0.0909,-0.053,261.2165274776568,318.00272910323434,639.5472408394792,242.37871745890408,235.84979680312367,237.61377120079243,423.4709396421087,1.915708672945882,225.0
19.54,12.3906,0.0951,0.0951,-0.0528,262.7012816235044,319.81025588948364,638.5159956454768,243.74806462110269,240.41452242206924,238.3906017892304,426.0062977528994,1.9311583020201455,225.0
19.55,12.3906,0.0975,0.0975,-0.0517,263.5886956746272,320.89058603867664,638.5524565509436,244.6126364276009,242.975392200356,238.91823756428232,427.4441418882536,1.9381634438326247,225.0
19.56,12.3289,0.1019,0.1019,-0.0524,265.04191726693216,322.6597253684392,637.3645995202097,245.9572920505337,247.64990940966405,239.65689276080303,429.94366926820805,1.953980193654395,225.0
19.57,12.3327,0.1086,0.1086,-0.0524,267.2972225987911,325.40531446809354,637.4719517010119,248.24277899330343,254.5903982986478,240.9718568005156,433.5747097355376,1.9718184265621232,225.0
19.58,12.2864,0.1162,0.1162,-0.0526,269.63173790460127,328.24733310125373,636.5873776504037,250.55911178119095,262.3123082197104,242.2317174526189,437.44847251466376,1.9938219807541897,225.0
19.59,12.132,0.1204,0.1204,-0.0528,270.6385417142505,329.47300730430504,633.5482539663643,251.3579626167964,266.57685283380505,242.5390434743826,439.48798928310697,2.0128543736905558,225.0
19.6,12.0277,0.1226,0.1226,-0.0528,271.1152833500508,330.05338842614884,631.4922434687101,251.6802665824877,268.80151785273625,242.63643280240868,440.55248342281743,2.0241643769450675,225.0
19.61,11.9814,0.1234,0.1234,-0.0529,271.29098063721995,330.26728077574603,630.5932173949565,251.7659665166866,269.60597528588715,242.66706752814235,440.969460580155,2.028852813027374,225.0
19.62,11.9351,0.1235,0.1235,-0.053,271.26388247253385,330.2342917056934,629.6918539704427,251.63733285853016,269.7224541519945,242.58249374774616,441.0601496896433,2.0318987600958014,225.0
19.63,11.8849,0.1229,0.1229,-0.0531,271.0274284980634,329.9464346932946,628.7092697808235,251.28164398789417,269.1539327240725,242.3716554433752,440.8240730031175,2.0335296272218275,225.0
19.64,11.7922,0.1224,0.1224,-0.0531,270.73237658215123,329.587241056532,626.8614849920764,250.8073123838373,268.70928774657943,242.05088201973192,440.621755894477,2.037867214009258,225.0
19.65,11.7536,0.1213,0.1213,-0.0531,270.3729833083714,329.14971881019125,626.1077297996897,250.33670414736432,267.6379636122737,241.7896297636899,440.1509571148562,2.03765431553815,225.0
19.66,11.7227,0.1211,0.1211,-0.053,270.2883449640668,329.04668082582043,625.509788365757,250.16790143844236,267.4490813342333,241.69907335429315,440.10461995371566,2.039138162368671,225.0
19.67,11.7536,0.1208,0.1208,-0.0526,270.3011930847347,329.0623220161987,626.172724607367,250.18502223222555,267.12292682709113,241.7751164693296,440.0279109463997,2.0367721977186988,225.0
19.68,11.6185,0.121,0.121,-0.0526,270.11674703265464,328.83777899627523,623.4424856459775,249.7718568322972,267.39399434236503,241.44020650123844,440.1414935411464,2.045332168540346,225.0
19.69,11.5451,0.1057,0.1057,-0.0525,265.3522339335348,323.03750217995537,621.9653616724236,244.620287527151,251.935793931195,238.56219645340155,432.5092627812985,2.011185542439403,225.0
19.7,11.4872,0.103,0.103,-0.0525,264.40038833132803,321.8787336207472,620.802136431384,243.5092937219053,249.14490779846287,237.91168113086496,431.0961405525442,2.007508712598872,225.0
19.71,11.4679,0.1027,0.1027,-0.0524,264.3002841528543,321.7568676643444,620.4347092212056,243.3411907308788,248.83327914004389,237.83005296134945,430.9826724975602,2.007998596643408,225.0
19.72,11.3637,0.1024,0.1024,-0.0522,264.0330593613175,321.4315505268213,618.3050975782544,242.87365922233377,248.56727502624437,237.4934771085516,430.8449872019221,2.013582988917649,225.0
19.73,11.1629,0.1021,0.1021,-0.0522,263.5660047445287,320.86296229768715,614.1356326566876,242.0574064283424,248.35411298449807,236.8602494016032,430.6791076121403,2.025130098148538,225.0
19.74,11.1398,0.1018,0.1018,-0.0521,263.45628160443096,320.7293863010464,613.6806038793551,241.8735354304447,248.04311298456904,236.7651295858302,430.5629815217544,2.025883165911125,225.0
19.75,11.0934,0.1002,0.1002,-0.052,262.8714891507148,320.01746505304413,612.7331542999749,241.16023927057597,246.3709728233828,236.345213089478,429.7189581106856,2.0244720654543618,225.0
19.76,11.0934,0.0977,0.0977,-0.0515,262.0739446789332,319.04654134826654,612.7658678399968,240.2954531460653,243.7041786515924,235.883277819046,428.3646488806576,2.01759183807374,225.0
19.77,11.0355,0.0966,0.0966,-0.0517,261.6200134738959,318.493929446482,611.5709162615018,239.7026175329896,242.5495967933745,235.5173080618522,427.7727642057664,2.01819789077114,225.0
19.78,11.0394,0.0965,0.0965,-0.0522,261.6289871394762,318.50485390892754,611.6821527891917,239.68251588129488,242.4330862949301,235.54215575021587,427.7710140972413,2.017833457447279,225.0
19.79,11.0124,0.0965,0.0965,-0.0522,261.6091390500578,318.48069101746165,611.1402965969795,239.58632445981857,242.43987256224227,235.4921992689875,427.8179661152547,2.0196698112129097,225.0
19.8,10.8386,0.0966,0.0966,-0.0522,261.31737720725795,318.1255026870966,607.464755158029,238.9897670474145,242.63097756539744,235.00656065347923,427.8798910779193,2.031019876062468,225.0
19.81,10.8126,0.097,0.097,-0.0522,261.4318174937057,318.2648212966853,606.9375168016213,239.0354040068088,243.0663339190472,235.03887562938172,428.1568890216905,2.033972292915882,225.0
19.82,10.8044,0.0979,0.0979,-0.0522,261.75004356821063,318.6522269526043,606.7918007171191,239.31983767272672,244.02620513964283,235.22641807602088,428.7235830631991,2.0372173491106054,225.0
19.83,10.8055,0.0979,0.0979,-0.0521,261.7875365124702,318.6978705369202,606.8461319946774,239.32495370445287,244.01782944201284,235.26285439701536,428.7786218450484,2.0373061146597813,225.0
19.84,10.8067,0.0978,0.0978,-0.052,261.7919394536301,318.7032306392019,606.9025976420605,239.2956959755049,243.90257283132323,235.2796347758074,428.776699910444,2.037104412161079,225.0
19.85,10.8097,0.0977,0.0977,-0.0515,261.8003033236678,318.7134127418564,606.9993301296256,239.27333344326237,243.7863131330256,235.30202148079763,428.7752205013339,2.036783347596454,225.0
19.86,10.8425,0.0972,0.0972,-0.0509,261.7381617509887,318.6377621316384,607.7356298672906,239.22132955307117,243.2265147939593,235.3374215887409,428.553529672964,2.0334320674375803,225.0
19.87,10.8695,0.0971,0.0971,-0.0508,261.7966811239788,318.7090031074525,608.3445369866907,239.2866570849938,243.09774184502123,235.43455429182703,428.55865115691546,2.0315982573043603,225.0
19.88,10.9197,0.097,0.097,-0.0507,261.9032924138124,318.8387907646412,609.4479877866656,239.4366087976857,242.95709256505776,235.60362727735028,428.5704116977767,2.0283093221422845,225.0
19.89,10.9506,0.0967,0.0967,-0.0513,261.9010932826912,318.8361135615372,610.1347316543263,239.44508616927968,242.61259074956072,235.67187111075708,428.4613360947086,2.025678240802121,225.0
19.9,10.8618,0.096,0.096,-0.0513,261.5143494535003,318.3652949868699,608.2685399037712,238.87596589816644,241.89976701979032,235.28668453384796,428.0854996006914,2.0294108546749614,225.0
19.91,10.7923,0.095,0.095,-0.0513,261.0633575996389,317.8162614256473,606.807666140957,238.26907203649716,240.85146581866792,234.8978868452081,427.5371880808106,2.031079388151168,225.0
19.92,10.6997,0.0932,0.0932,-0.0513,260.28505814895846,316.8687664422103,604.8417348037252,237.28820435885964,238.94267395219663,234.26709337793707,426.5022978947517,2.0318788496493125,225.0
19.93,10.5298,0.0915,0.0915,-0.0509,259.36632402454995,315.7503075081477,601.1829038141996,236.0456703943668,237.16680217161272,233.40346574639685,425.4864685889192,2.0379641390663963,225.0
19.94,10.4255,0.0903,0.0903,-0.0509,258.7543279717401,315.00526883516187,598.9287902548006,235.2194968471616,235.89484192173288,232.84635917917535,424.77949464810695,2.041343722697624,225.0
19.95,10.3599,0.0902,0.0902,-0.0508,258.6088743848591,314.8281949033068,597.515104437687,234.9355932728808,235.810187653138,232.64584093623307,424.7523498272814,2.0455346424075285,225.0
19.96,10.2518,0.0892,0.0892,-0.0507,258.05073357389995,314.1487191334434,595.1534195234143,234.159798777118,234.75334744865796,232.11219213587543,424.1580592383968,2.0498538913219573,225.0
19.97,10.2016,0.0886,0.0886,-0.0503,257.7605208713046,313.7954167128926,594.0685715583503,233.7486731889749,234.10669794394,231.85056462572663,423.8243796553929,2.051541342937849,225.0
19.98,10.1592,0.0879,0.0879,-0.0506,257.45091603954575,313.41850648292524,593.1514090705713,233.3287976756518,233.34332542687065,231.5912856290943,423.4281499207135,2.0524074816720037,225.0
19.99,10.0202,0.088,0.088,-0.0507,257.1993199601667,313.1122156036812,590.0638837236185,232.82677158700756,233.51572005323447,231.1862719540312,423.5011802387597,2.06235130786116,225.0
20.0,9.9198,0.0861,0.0861,-0.0507,256.32399361468043,312.0466009222197,587.8252721097093,231.73191956606885,231.4357956853672,230.46545823575744,422.3231376349585,2.063506037576862,221.0
20.01,9.8561,0.0852,0.0852,-0.0507,255.88507735068515,311.5122680790949,586.4080698786736,231.1459268111648,230.44821868459965,230.0830016853829,421.779855705104,2.0652520482648096,221.0
20.02,9.8426,0.0842,0.0842,-0.0507,255.52656452005567,311.0758176765895,586.1298045923563,230.71794114497013,229.31942277785345,229.84420332233543,421.1819496391839,2.0631650492722664,221.0
20.03,9.8384,0.0842,0.0842,-0.0506,255.55067655142253,311.1051714539057,586.0635618293736,230.7021229513192,229.3146527644784,229.8619861775887,421.2338355853312,2.063618510611545,221.0
20.04,9.8424,0.0842,0.0842,-0.0503,255.5943204802033,311.158303193291,586.1849235694808,230.7188624651466,229.3059951301616,229.9073404409544,421.2882991742244,2.06349602806581,221.0
20.05,9.8464,0.0842,0.0842,-0.0504,255.63777212701504,311.2112008502792,586.304527469208,230.73529623968116,229.29737962009625,229.95268226609025,421.3427427463823,2.063378911647784,221.0
20.06,9.9314,0.0842,0.0842,-0.0504,255.8716005645595,311.495861556855,588.2637329062521,231.07083651946743,229.25114082223467,230.2694019552377,421.4227043921823,2.0576264656247973,221.0
20.07,9.9584,0.0857,0.0857,-0.0503,256.5104471017751,312.27358777607407,588.9042204653593,231.73973553325672,230.92029018632832,230.72927337668537,422.45295305802347,2.0606918081257635,221.0
20.08,10.0742,0.0869,0.0869,-0.0503,257.242791674717,313.16513769095985,591.5424811656841,232.63843728209605,232.20120108434543,231.4126508678748,423.3068563007314,2.0566695339482037,221.0
20.09,10.1012,0.0868,0.0868,-0.0498,257.3036009006153,313.2391663137926,592.1794951550646,232.70748546457472,232.07000009912,231.5117779785111,423.3052001517785,2.0546694785647306,221.0
20.1,10.1321,0.087,0.087,-0.05,257.47982161374915,313.4536958776077,592.8998424620601,232.9019332608822,232.27164322629525,231.6899246164723,423.4947558691043,2.053356012453869,221.0
20.11,10.1862,0.0871,0.0871,-0.05,257.6726529311481,313.68844704661507,594.1375631468784,233.1488380584021,232.3509844915319,231.9218369222893,423.6280022445681,2.050164793667335,221.0
20.12,10.3406,0.0883,0.0883,-0.0499,258.4800650539078,314.6713835438878,597.5948072125428,234.1840534538308,233.60449385034028,232.72108082679097,424.48286450784906,2.0436970155481644,221.0
20.13,10.4062,0.0895,0.0895,-0.0498,259.08419983771,315.40685197634264,599.0713882981692,234.87345875737049,234.89138030832976,233.22643646595344,425.3017670138036,2.043186096765641,221.0
20.14,10.4487,0.092,0.092,-0.0499,260.08546119123946,316.6257788415089,600.0347723677974,235.93820030527536,237.6015920927515,233.92988629734648,426.8942239265125,2.04808688747878,221.0
20.15,10.5143,0.0947,0.0947,-0.0498,261.1895833719063,317.9699275831902,601.5023349768752,237.14566834250357,240.48769003189693,234.7360043365312,428.5761657797534,2.0519071707012477,221.0
20.16,10.6302,0.0958,0.0958,-0.0498,261.8516066601875,318.77586897761955,604.0585116231259,237.9694320424109,241.60550547197488,235.3647898566931,429.3087910753629,2.0477170657329973,221.0
20.17,10.7576,0.0949,0.0949,-0.0496,261.85618817009293,318.78144646793925,606.8468725731009,238.13109949103145,240.5698698189724,235.61675735461992,428.8739316102466,2.0370675753093845,221.0
20.18,10.7267,0.0963,0.0963,-0.0493,262.29948008855234,319.3211061947594,606.2108097119959,238.50732144151817,242.0782237912692,235.83812382872517,429.7359396500082,2.043253176444272,221.0
20.19,10.6842,0.0985,0.0985,-0.049,262.9757890801967,320.1444388802395,605.3222949394188,239.10993486254944,244.43462104094428,236.1781824626296,431.0410628673249,2.052416835242308,221.0
20.2,10.6302,0.0986,0.0986,-0.0494,262.9239424437566,320.0813212358776,604.1787115741205,238.94104170534715,244.55956725070251,236.0582886922736,431.1357710199581,2.0563532118216967,221.0
20.21,10.58,0.0986,0.0986,-0.0494,262.8465580044752,319.98711409240457,603.1157906119472,238.75152358044284,244.57650155583028,235.92989708327903,431.1746560627116,2.059773576473223,221.0
20.22,10.5143,0.0988,0.0988,-0.0494,262.79853464388447,319.92865087081583,601.7105439028832,238.57043358544928,244.8134328354783,235.79043405973488,431.3223514226996,2.0647905723351667,221.0
20.23,10.5066,0.0989,0.0989,-0.0494,262.84850186968026,319.98948053700207,601.5714711908896,238.57552540331568,244.9148501319048,235.8177694730705,431.43070623593405,2.0657381574942075,221.0
20.24,10.4873,0.0991,0.0991,-0.0492,262.90463479965325,320.05781627783875,601.1789688358232,238.57041347636232,245.12797188013545,235.827273085116,431.5921136727743,2.067727228190722,221.0
20.25,10.3869,0.1015,0.1015,-0.049,263.480902954218,320.75936011817845,599.0020328670396,238.99541817741067,247.70225743144388,236.00143247260252,432.9600936990644,2.081215757689116,221.0
20.26,10.3252,0.1026,0.1026,-0.0488,263.7181127815878,321.0481372993243,597.6691350011761,239.1230937941183,248.87895781372828,236.0424961366388,433.60226243932624,2.0885143690094683,221.0
20.27,10.2016,0.1035,0.1035,-0.049,263.7346535102039,321.06827383850907,594.9516733736525,238.93650806848544,249.8767853157681,235.8367319492169,434.11035430134456,2.09945326237664,221.0
20.28,10.1514,0.1081,0.1081,-0.0481,265.0531678660335,322.6734217499539,593.8634081093551,240.2333753811201,254.6575357909467,236.5538285528225,436.60990011970097,2.1153265938303982,221.0
20.29,9.9507,0.1082,0.1082,-0.0485,264.5983862742209,322.1197745947037,589.3735707226997,239.4585884571264,254.86573429932315,235.92502942588104,436.6523221318456,2.1295679527383857,221.0
20.3,9.8889,0.1081,0.1081,-0.0486,264.4397093733107,321.9266027153347,587.9995645047708,239.1747225505704,254.7882119816461,235.72767026222212,436.6341385325044,2.1337820376078933,221.0
20.31,9.8678,0.1081,0.1081,-0.0486,264.4182492196392,321.900477310865,587.548181661596,239.08777866083983,254.7896121476698,235.68744211137715,436.6816441012808,2.1354257720040626,221.0
20.32,9.8581,0.1067,0.1067,-0.0485,264.0087762498867,321.4019884781229,587.3563364948682,238.5990314571271,253.3413619263713,235.43145303428216,435.9933816632621,2.132564666465835,221.0
20.33,9.9082,0.1008,0.1008,-0.0484,262.3588321411618,319.39336086750137,588.5249860323227,236.86835067278815,247.14544215744016,234.52572354949197,432.8513163909073,2.1131629943129093,221.0
20.34,9.9584,0.1011,0.1011,-0.0481,262.61642554796094,319.70695284099594,589.6932966427295,237.170451455649,247.4247528878792,234.7864505076302,433.0886461546952,2.110662147804985,221.0
20.35,10.2866,0.097,0.097,-0.0479,262.13239434856456,319.1176974678177,597.0795991061808,237.0799581348231,242.90173683464096,235.1082834485919,430.921029964502,2.076852983977471,221.0
20.36,10.5028,0.0951,0.0951,-0.0483,262.0282272354064,318.99088533006,601.87440708142,237.25448303144805,240.75727272438087,235.4588186556922,429.9338670925721,2.0571832655050524,221.0
20.37,10.6495,0.0955,0.0955,-0.0483,262.5222434330358,319.59229635326096,605.1042486069244,237.95126391665804,241.1098165039625,236.0440275602041,430.26612994365775,2.0489414604356586,221.0
20.38,10.8309,0.0876,0.0876,-0.0483,260.1617369817168,316.7186363255682,609.0539946139485,235.7931181620055,232.446758269518,234.96118314447347,425.5694698327116,2.013815275671661,221.0
20.39,10.8618,0.0853,0.0853,-0.0483,259.4096049161036,315.80299728916964,609.7473470717669,235.0513725118205,229.88259926650545,234.5710656390479,424.16161201433056,2.00482117590985,221.0
20.4,10.9622,0.0843,0.0843,-0.0484,259.26428985643366,315.6260919991367,611.925341595927,235.0423449139809,228.72543252581772,234.68426387168688,423.5932350198392,1.9954830280488904,221.0
20.41,11.0973,0.0842,0.0842,-0.0484,259.51708703151354,315.9338450818426,614.8275147873587,235.49487698851465,228.559137396838,235.107442342883,423.6187903144798,1.9869057980142544,221.0
20.42,11.0819,0.0843,0.0843,-0.0484,259.5602493878972,315.98639055917914,614.5309777891381,235.47890302420976,228.6706691504155,235.11560530685557,423.73231624525226,1.988332332606869,221.0
20.43,10.9815,0.0844,0.0844,-0.0483,259.44150676086986,315.8418343175807,612.4265070869264,235.1548626338149,228.81294926605983,234.8627446891709,423.8215803541802,1.9950563959857632,221.0
20.44,10.885,0.0849,0.0849,-0.0483,259.4763835998247,315.88429307804745,610.3929298990133,234.9927047512501,229.39958413209467,234.7113781738441,424.1719552245213,2.0028660908926925,221.0
20.45,10.8881,0.0853,0.0853,-0.0483,259.6661040164191,316.1152570634668,610.4889466406061,235.15576491090627,229.8372946675364,234.84452292309928,424.4846430652223,2.00409119075069,221.0
20.46,10.8913,0.0907,0.0907,-0.0481,261.6743733414986,318.560106676607,610.5879029497165,237.15660304562385,235.76296182951023,236.0861297072065,427.9393442890712,2.0206980288034764,221.0
20.47,10.9048,0.092,0.092,-0.0477,262.19654496214497,319.19579386695915,610.9083264154392,237.67492709306487,237.1598225937443,236.4394401986856,428.7887260981223,2.023892119625076,221.0
20.48,10.9815,0.0932,0.0932,-0.0475,262.80815885418207,319.94036730074345,612.5779706617415,238.3862775229141,238.41500002016804,236.96507933946927,429.5870671061575,2.022776549227127,221.0
20.49,11.0548,0.0964,0.0964,-0.0476,264.0967123520244,321.50904112420363,614.16726704207,239.7808284690312,241.79716492349343,237.89001264433864,431.5510343542565,2.0276646603160837,221.0
20.5,11.1591,0.0977,0.0977,-0.0476,264.78499548069664,322.3469510199785,616.4059427875177,240.61346136692,243.12166369416204,238.50926033314843,432.38660500845646,2.0250650064682785,215.0
20.51,11.3714,0.0991,0.0991,-0.0476,265.7151170374982,323.47927291521523,620.8931643072464,241.864226162066,244.4968579920333,239.4724717049568,433.3009744261019,2.016193559416887,215.0
20.52,11.4062,0.0996,0.0996,-0.0475,265.98651205666414,323.80966685159115,621.6492977814884,242.16127538334635,244.99861385741832,239.7104430771702,433.64783634778274,2.01564496662784,215.0
20.53,11.4293,0.0994,0.0994,-0.0475,265.9989170082657,323.8247685318018,622.1603136909421,242.1765307929629,244.77149478477008,239.77276302271264,433.59447021300446,2.0138476880020324,215.0
20.54,11.4525,0.0997,0.0997,-0.0473,266.17994803416445,324.04515412854806,622.6736303008137,242.36318468359852,245.0681794952368,239.9352663849256,433.82432462344167,2.013443687364312,215.0
20.55,11.4375,0.1025,0.1025,-0.0475,267.11807282693974,325.18721909366576,622.3909184346064,243.25816100786264,247.9830845459533,240.47463318459168,435.4385750789024,2.0222435576682143,215.0
20.56,11.4405,0.1049,0.1049,-0.0475,267.9422972549476,326.1906227451536,622.4833043796776,244.068856663021,250.4502828708756,240.97872042383943,436.8053096182243,2.02872169160005,215.0
20.57,11.4434,0.1093,0.1093,-0.0475,269.38298330786864,327.94450141827485,622.5735931878145,245.5146965709138,254.9282284017744,241.84346741976657,439.1996242054672,2.040326385694815,215.0
20.58,11.4564,0.1137,0.1137,-0.0475,270.8006281001661,329.6703298610718,622.8738546223102,246.9597484809028,259.3352397581639,242.7094526423475,441.5168178623123,2.050957569764475,215.0
20.59,11.6185,0.1177,0.1177,-0.0469,272.3733170100487,331.5849076644072,626.2609976358216,248.78833661562257,263.2108921981505,243.93287968346212,443.6064598126033,2.051345514374669,215.0
20.6,11.8656,0.118,0.118,-0.0469,273.00048530433736,332.3484168922368,631.3500756077547,249.7638726381708,263.37518677381325,244.7579653129905,443.8769231232194,2.037717013473196,215.0
20.61,12.1127,0.1222,0.1222,-0.0468,274.764541235374,334.49596324306407,636.3752598896801,251.91246593058304,267.34471586065416,246.23235184736004,446.0224584825169,2.033772159747676,215.0
20.62,12.5567,0.1275,0.1275,-0.0468,277.1820849248928,337.4390599085652,645.2245064181064,255.02491477491827,272.2134625873528,248.4193898328852,448.6656173724068,2.0214769406234905,215.0
20.63,12.9582,0.1273,0.1273,-0.0465,277.8842248709312,338.2938389733075,653.0669297104193,256.3171107151946,271.82233156683145,249.54898030776383,448.73359338348666,1.9994919182139053,215.0
20.64,13.8114,0.1366,0.1366,-0.046,282.00353717074285,343.3086539469913,669.214585396806,261.7899445968734,280.15067219726313,253.3633279933488,453.13505155035466,1.9764911891582488,215.0
20.65,14.1164,0.1381,0.1381,-0.0463,282.9386778651317,344.44708609668214,674.8567119365567,263.1773750584137,281.3875284553249,254.4262539049791,453.90782016638406,1.964863267897993,215.0
20.66,14.2129,0.1331,0.1331,-0.0459,281.6878479467063,342.9243366307729,676.6502052565729,262.0387237490074,276.6975057712549,253.93182775359315,451.8150829141856,1.949443227505587,215.0
20.67,14.1588,0.128,0.128,-0.0456,280.138491663148,341.0381637638323,675.6979697773572,260.36826624071983,271.91812432291545,253.00477128503576,449.5684108975204,1.9407634023059048,215.0
20.68,13.9388,0.1216,0.1216,-0.046,277.9048266199714,338.31891936344346,671.6962075769724,257.7472957785248,265.88769086672545,251.39626089398095,446.5835001489439,1.9367802382953772,215.0
20.69,13.7728,0.1192,0.1192,-0.0461,276.95141562271056,337.1582451059085,668.6588494296286,256.48800406541307,263.62423908163566,250.58171157191515,445.4426910814474,1.9394139833268689,215.0
20.7,13.5102,0.12,0.12,-0.0461,276.8465554988048,337.0305893028928,663.7883462306227,255.90920818912917,264.4991393468742,250.06039826345545,445.8211953251096,1.954722066900732,215.0
20.71,13.2516,0.1205,0.1205,-0.0461,276.63281420981093,336.7703825162916,658.934106145388,255.23424725478608,265.0828871039714,249.48500800367609,446.05295629899575,1.969365872891932,215.0
20.72,13.1473,0.1207,0.1207,-0.046,276.56163084361054,336.68372450526505,656.9785424345479,254.95776522074968,265.311729125526,249.26904150307303,446.1775333296771,1.975433445897393,215.0
20.73,12.9697,0.1205,0.1205,-0.0458,276.2428595888564,336.2956551516513,653.6038002791759,254.3146061376129,265.18461669551675,248.78045850437988,446.09091278989496,1.9844681218885896,215.0
20.74,12.9697,0.1203,0.1203,-0.0457,276.2178805071466,336.2652458347872,653.6353735996959,254.25425506027477,264.9813179593027,248.7795129017224,446.0490130029352,1.984139994251602,215.0
20.75,12.9003,0.1203,0.1203,-0.0456,276.1367406865608,336.1664669227696,652.327689500292,254.0255046826889,265.00171515153784,248.6206942334161,446.0857037712848,1.9879870453839743,215.0
20.76,12.769,0.1203,0.1203,-0.0454,275.9473890577314,335.9359518963687,649.813425735109,253.58881428951256,265.04887655752566,248.28796265915236,446.1063110859832,1.995186424888944,215.0
20.77,12.7844,0.1217,0.1217,-0.0452,276.43223548544285,336.5261997214087,650.1446261741689,254.06802424615475,266.388034598885,248.60293837616084,446.8362503965702,1.9978532005981533,215.0
20.78,12.7602,0.1231,0.1231,-0.0454,276.84380167340777,337.0272368198008,649.7041352525933,254.41080929432172,267.7385484938432,248.80447066524252,447.54939057407466,2.002630427673694,215.0
20.79,12.7489,0.1262,0.1262,-0.0446,277.7718497009381,338.1570344185333,649.51803651538,255.30003806593004,270.7023274537924,249.32014362634368,449.050470160475,2.010622725749481,215.0
20.8,12.7662,0.1264,0.1264,-0.0452,277.89691597162835,338.3092890089389,649.8835278485603,255.41764624917843,270.87468018953905,249.434954988472,449.202076243031,2.0103097963746306,215.0
20.81,12.7835,0.126,0.126,-0.0446,277.8474949716402,338.24912431330114,650.2531924398436,255.3581976924029,270.4751174871882,249.4513072861343,449.0761295193882,2.008599426257262,215.0
20.82,12.9118,0.1256,0.1256,-0.0439,277.9929426876892,338.42619109805645,652.7737652477573,255.67056410357543,270.0264708126046,249.7777231566789,448.97828246737487,2.0009331604060407,215.0
20.83,12.9697,0.1229,0.1229,-0.0437,277.3275317494719,337.6161256080528,653.9229545537795,255.05439924976687,267.4056285497789,249.5216056133721,447.7809021335679,1.9916834762151363,215.0
20.84,12.8732,0.119,0.119,-0.0435,276.01731253620926,336.0210761310374,652.0905820014932,253.5448587691112,263.66589994696864,248.6203330277195,445.937158708187,1.9876594672432495,215.0
20.85,12.8308,0.1176,0.1176,-0.0433,275.5501652858881,335.45237513064643,651.3004391774467,252.97175797250975,262.3097672331604,248.2913861823964,445.29479411920704,1.9866777270969216,215.0
20.86,12.796,0.1164,0.1164,-0.0435,275.1544458875369,334.97062977613194,650.6547943569673,252.48295969839504,261.1408589454024,248.01616407922197,444.746471402135,1.9857587743784504,215.0
20.87,12.6339,0.1159,0.1159,-0.0434,274.7568311217952,334.4865770178376,647.5227899421251,251.7838955543303,260.7074964045449,247.505799500731,444.5096142515319,1.9934662865780444,215.0
20.88,12.6184,0.1153,0.1153,-0.0434,274.57855072300765,334.269540010618,647.2497038110355,251.54461581343264,260.11498390410725,247.3884108044332,444.25959072059584,1.9929783522204056,215.0
20.89,12.5026,0.1153,0.1153,-0.0433,274.411379850757,334.06602764439987,645.0036678076658,251.15298485396704,260.1532689521475,247.0930842450479,444.2830996472264,1.9994903750511928,215.0
20.9,12.4177,0.1152,0.1152,-0.0434,274.2645716809258,333.88730465504017,643.356000490424,250.8325144873848,260.0805829642123,246.8658258790459,444.2643786583017,2.0040983042308955,215.0
20.91,12.437,0.1151,0.1151,-0.0433,274.30353150012144,333.93473400014784,643.7689044130504,250.86791304275823,259.964968100918,246.93607869489583,444.2730951431872,2.0029301792127585,215.0
20.92,12.4138,0.115,0.115,-0.0433,274.2663642347566,333.8894868944864,643.3400480993371,250.7578153953581,259.8667898147836,246.8846985500965,444.2704981950003,2.004123544716648,215.0
20.93,12.298,0.1149,0.1149,-0.0433,274.0611074584567,333.63960907986035,641.0697153022697,250.32882012137128,259.8065547972802,246.56668555007383,444.2431594031093,2.0104987895704483,215.0
20.94,12.1243,0.1157,0.1157,-0.0433,274.0200650875344,333.5896444543897,637.6234517815523,249.97467333137843,260.6570173482683,246.23657918624676,444.65097692858006,2.022468625652941,215.0
20.95,12.0934,0.1164,0.1164,-0.0433,274.2106326476111,333.82163974491783,637.0318815338003,250.08351384294323,261.3480584003668,246.3020645131982,445.0451371828916,2.0261191775761027,215.0
20.96,11.9158,0.1175,0.1175,-0.0432,274.2338251077544,333.8498740442228,633.4696846296297,249.79442667591272,262.49204671631486,246.00247859808712,445.5946657268777,2.039208070855281,215.0
20.97,11.7652,0.1201,0.1201,-0.0432,274.7381573049781,334.4638436756255,630.4269261047609,250.04483849108613,265.0825010747388,246.03141112976184,446.8761576516815,2.054482593513986,215.0
20.98,11.6957,0.1323,0.1323,-0.0431,278.0657519102865,338.5148284125227,629.0308011846982,253.3510325589794,276.7421599546279,247.83634192426933,452.5668264316547,2.086999088373928,215.0
20.99,11.2903,0.1408,0.1408,-0.0429,279.3900910757322,340.1270673965436,620.6349995708542,254.17460444502703,284.81518969907324,247.8910749131537,456.1810789560079,2.130082639335233,215.0
21.0,10.9159,0.1522,0.1522,-0.0427,281.2452278969564,342.38549483107744,612.7149291630515,255.6933495001961,295.3120600529576,248.32233200651336,460.7621355130537,2.177043902623372,203.0
21.01,10.5182,0.1572,0.1572,-0.0428,281.31717988665343,342.4730885576651,604.1111373079665,255.32924523463944,299.9608139528838,247.69508652887168,462.63101384383714,2.212827212118936,203.0
21.02,10.1321,0.1572,0.1572,-0.0429,280.1997383674551,341.1127249690758,595.5629482595417,253.7038877937885,300.18047952358654,246.3973320997332,462.5586831551319,2.2390541979218783,203.0
21.03,9.7461,0.1572,0.1572,-0.0428,279.0105851929336,339.66506023487574,586.812487776452,252.02373319734787,300.4086122500959,245.05543897730823,462.48139911034986,2.266328771507647,203.0
21.04,9.4835,0.1571,0.1571,-0.0427,278.14751132382105,338.6143616116082,580.7442487831701,250.82123002477672,300.47416521688933,244.112852877466,462.4052949959965,2.2853944798988954,203.0
21.05,9.47,0.1464,0.1464,-0.0427,275.7699007428645,335.7198791652263,580.4553433746771,248.09702715621543,290.88410695522583,242.6700687652518,458.2345874760918,2.2652348487790537,203.0
21.06,9.5813,0.1225,0.1225,-0.0427,270.2735604094355,329.02868223757366,583.0815905772678,242.11752473306825,268.3859107587769,239.54089258796745,447.8318263251664,2.204441327391548,203.0
21.07,9.6925,0.1113,0.1113,-0.0427,267.5229777822163,325.6801468653068,585.6871521741526,239.25836935580125,257.25073454999114,238.0687650687042,442.375309277059,2.1688377109779293,203.0
21.08,9.9159,0.1096,0.1096,-0.0425,267.6749780478967,325.86519066700464,590.8405086028869,239.6671584763099,255.4159682336799,238.5777593710573,441.618490276564,2.148715991694408,203.0
21.09,9.9391,0.1089,0.1089,-0.0425,267.5637418897173,325.729772735308,591.3963916837914,239.5430267060887,254.68560401616497,238.56262390768816,441.31137598466256,2.1454240430952343,203.0
21.1,9.8078,0.1083,0.1083,-0.0414,267.0656824081225,325.1234394533665,588.4296649219214,238.8078639947434,254.128291163286,238.0284223120396,441.0040174458885,2.153264427606836,203.0
21.11,9.4835,0.1084,0.1084,-0.042,266.2187442056463,324.0923842503521,580.9383588467915,237.45968066202715,254.3755557129263,236.9280432511337,441.0000646365086,2.1771532333060097,203.0
21.12,9.1477,0.1077,0.1077,-0.0421,265.04974244766225,322.6692516754149,573.0124647694062,235.7696574912934,253.81948962121027,235.60556809469315,440.5640594823293,2.2006588728799783,203.0
21.13,8.7577,0.107,0.107,-0.0422,263.6465888983243,320.96106474578613,563.572053829856,233.78340977096167,253.29445579176308,234.0361288817741,440.10155772520346,2.2294624852434413,203.0
21.14,8.5608,0.1064,0.1064,-0.0422,262.8524791509976,319.9943224446927,558.7194284069136,232.676932358776,252.7716039494682,233.19284983743415,439.75859248479645,2.243969833341223,203.0
21.15,8.1477,0.1063,0.1063,-0.0422,261.40374573781685,318.23064698516833,548.2783795311146,230.65755917987585,252.88462260470777,231.5503339010477,439.59653753436726,2.2786055383889354,203.0
21.16,7.53,0.1109,0.1109,-0.0423,260.27123625432046,316.8519397878684,532.0199507439921,228.89756561759995,257.951393591876,229.77298822296623,441.8192174137792,2.346492555685276,203.0
21.17,7.2134,0.1156,0.1156,-0.0423,260.13349547145674,316.68425535655604,523.3765471459579,228.5503193345943,262.89058979701434,229.1742844357273,444.1215910946119,2.3890637938426638,203.0
21.18,6.9355,0.1238,0.1238,-0.0423,260.83464091255934,317.53782371963746,515.595801232376,229.2599132644569,271.1843868066228,229.21142015263476,448.01925710049227,2.4371370523141307,203.0
21.19,6.5841,0.1335,0.1335,-0.0422,261.2245825587217,318.0125352888785,505.4681494697959,229.71813466947083,280.78470890776583,228.9605492675751,452.3143075309512,2.496633896379799,203.0
21.2,6.1633,0.1383,0.1383,-0.0422,259.8848566713553,316.38156464338914,492.882412141451,228.25972014301624,285.66881583758783,227.48907750520448,454.2283432314584,2.554566298418962,203.0
21.21,5.5804,0.1386,0.1386,-0.0414,256.32438512347,312.0470775416157,474.529285693338,224.35822511864276,286.50961497671227,224.32738020868177,454.07656446122223,2.626809978618131,203.0
21.22,4.9588,0.1382,0.1382,-0.0408,251.84349047811364,306.5920753646601,453.5920677201922,219.5899050053244,286.80725242947113,220.5207370837352,453.5635740205539,2.7117235411482543,203.0
21.23,4.4299,0.1378,0.1378,-0.0408,247.25282256022084,301.00343616026885,434.4535118841228,215.618365871933,288.0708849591519,216.94434363577705,453.0684465193496,2.790663376967831,203.0
21.24,3.982,0.1351,0.1351,-0.04,242.11136622600444,294.74427192730974,417.1126780797704,212.2454332263522,288.72870080330404,213.31713995100608,451.60193251987016,2.855965007988928,203.0
21.25,3.9464,0.1259,0.1259,-0.0393,240.17730377825865,292.38976112135833,415.7062074683146,209.66839679999967,279.6604171907629,211.82572481109895,447.5038735522121,2.841789331477217,203.0
21.26,3.9693,0.1102,0.1102,-0.038,237.89135578670923,289.60686791425474,416.6571058441776,204.7293014903493,261.54026562248885,209.6989649124369,439.89330330179286,2.804838855783568,203.0
21.27,3.9922,0.1065,0.1065,-0.0359,237.4670227250629,289.0902885348592,417.6108097349208,203.71230741334625,257.20804337117096,209.30604548540683,438.01537010937903,2.792075139458304,203.0
21.28,4.2175,0.1063,0.1063,-0.0328,239.70170020689588,291.81076546926454,426.518883134803,205.17544301076896,255.79804024790135,210.96194870008296,438.1383902116417,2.754162134210476,203.0
21.29,5.1441,0.1037,0.1037,-0.0285,246.20901795513373,299.7327175105976,460.2334766828096,211.91125723275556,252.0764443025242,216.6650431323092,437.4245217467496,2.601830948481686,203.0
21.3,6.1788,0.0999,0.0999,-0.0277,251.48300879062936,306.1532280929401,493.670234119177,217.77309259723344,247.20024354231583,221.7999705467024,435.94931456692666,2.4594205189378604,203.0
21.31,6.8351,0.0958,0.0958,-0.0275,253.61247411454465,308.7456206611848,513.1198154216348,220.38038625018336,242.3684241327295,224.29553123198528,433.9562987680519,2.3758329749503506,203.0
21.32,7.3524,0.0854,0.0854,-0.0323,252.6731692732981,307.60211911531945,527.6314540581959,219.70195429157903,230.6472897363469,224.54193567019263,427.8031872147543,2.292511678191638,203.0
21.33,7.7732,0.0827,0.0827,-0.0342,253.38882336378032,308.47335018199345,538.9938927101357,220.8923516356434,227.4100782407153,225.77539739404435,426.246275223107,2.24472052089899,203.0
21.34,9.3523,0.0765,0.0765,-0.0338,255.94544106415455,311.5857543389708,578.5094804800951,225.8123594339169,219.79608170616456,230.40400469731603,422.577846307988,2.094594855350694,203.0
21.35,10.0086,0.0732,0.0732,-0.0357,256.207371552309,311.9046262375935,593.723014396872,227.19571805879093,215.81371514752504,231.84546915997237,420.4231502592161,2.0361062481014027,203.0
21.36,10.6726,0.0733,0.0733,-0.0368,257.63444757795264,313.6419361818554,608.5053233132892,229.8049450043315,215.79440826252497,234.05693492544555,420.7475421499458,1.9921914542427557,203.0
21.37,11.1436,0.0734,0.0734,-0.0376,258.5667494710109,314.77691239949166,618.659029714137,231.58792905734765,215.8217464553733,235.5743097392715,421.0064758340292,1.962897985924636,203.0
21.38,11.5683,0.0737,0.0737,-0.037,259.43548773126025,315.83450680327337,627.598984801421,233.2304371540968,216.0925503422085,236.9575656203898,421.3962551028844,1.938320410548852,203.0
21.39,11.9274,0.0763,0.0763,-0.0385,261.1327022923438,317.900681051549,634.9988409072031,235.5294266950233,218.992409006332,238.71985977183965,423.4456859444217,1.926433475407114,203.0
21.4,12.2632,0.0813,0.0813,-0.0387,263.7395970101762,321.07429201238847,641.8025941653037,238.63893849023816,224.51742720669088,240.97351693579992,427.0924352656818,1.9241179197891425,203.0
21.41,12.4679,0.0831,0.0831,-0.0387,264.79982203576344,322.3650007391903,645.9063846697045,240.01859081965375,226.4527154270789,242.01951047855135,428.4131331641704,1.9186636347247643,203.0
21.42,12.7304,0.0888,0.0888,-0.0387,267.45520228058155,325.59763755896887,651.1008940968221,243.02324436068469,232.5598859395736,244.11876603045943,432.2416348535159,1.922212238774921,203.0
21.43,12.7883,0.0929,0.0929,-0.0387,269.12813166072453,327.6342472391429,652.2613217655036,244.6996656117212,236.8898490229666,245.2270288523822,434.85134965454233,1.9314748974428,203.0
21.44,12.7304,0.0981,0.0981,-0.0385,270.97389265329764,329.88126062140583,651.1617975155467,246.33284825420864,242.31984360280612,246.20909676844693,437.9781321685894,1.9497089756128343,203.0
21.45,12.7232,0.1027,0.1027,-0.0386,272.61048517517946,331.8736341263055,651.0506918670568,247.8722745599986,247.02748302144536,247.15922982926887,440.64518828467374,1.9629826124563643,203.0
21.46,12.7418,0.1073,0.1073,-0.0385,274.23289647728444,333.8487435375637,651.4447431436437,249.4540528495205,251.65222005600867,248.144066102082,443.2193838135021,1.9744191905820565,203.0
21.47,12.7604,0.1109,0.1109,-0.0385,275.4816956754094,335.3690208222376,651.8381156399618,250.67686652656775,255.21804161985236,248.90917606871065,445.1821672438718,1.9829004439155145,203.0
21.48,12.7999,0.1134,0.1134,-0.0385,276.38712700636484,336.4712850512268,652.6386966294473,251.60181405739635,257.6576353484962,249.51346229614856,446.5370030385147,1.9872581499349755,203.0
21.49,12.9582,0.1181,0.1181,-0.038,278.1667302494401,338.63775856453583,655.7440567853083,253.59395546511027,262.1683887903328,250.83187336851344,448.994360156872,1.9905286535986069,203.0
21.5,13.2168,0.1187,0.1187,-0.0382,278.8125223829724,339.4239402923143,660.7449981203471,254.63939719098485,262.65099514020585,251.6849891370668,449.4088432318828,1.97845824385758,213.0
21.51,13.4639,0.1188,0.1188,-0.038,279.26797238306244,339.9784011619891,665.4708556833183,255.4808874664152,262.65710512372266,252.40748412365411,449.5725446116804,1.966029571951815,213.0
21.52,13.6956,0.119,0.119,-0.038,279.7165124127556,340.52444989378944,669.8556440749327,256.2915221601861,262.76611787861725,253.0964444513156,449.7805320145773,1.954860008979351,213.0
21.53,13.8075,0.1192,0.1192,-0.0378,279.9796075369318,340.84473961017784,671.97380732768,256.71176959286487,262.9140055494595,253.4612427715831,449.95870640022594,1.9498624697394709,213.0
21.54,13.8075,0.1195,0.1195,-0.0376,280.1099196852782,341.00338048642567,672.0054066532795,256.80496378242475,263.1929192839981,253.5468567585747,450.1586464695204,1.9507321008867824,213.0
21.55,13.8384,0.1233,0.1233,-0.0374,281.3756189010335,342.544231705606,672.6114048787655,258.0584725139581,266.7946425420638,254.32114334820147,452.0548690144243,1.958375249291499,213.0
21.56,13.7882,0.1263,0.1263,-0.0374,282.2500979640546,343.6088149127621,671.7086649916686,258.7927254968514,269.6315185977804,254.72862194216108,453.5108506788764,1.9680228141353715,213.0
21.57,13.6261,0.1286,0.1286,-0.0372,282.72068004358044,344.18169744435886,668.7108664480222,258.944246517906,271.8295594731579,254.70922245460733,454.58962287990187,1.9816234598878049,213.0
21.58,13.5334,0.1353,0.1353,-0.037,284.54419307171725,346.4016263481775,666.9997748864354,260.5611530207777,278.04831189818333,255.56680097342377,457.631483251003,2.0014258630224457,213.0
21.59,13.5411,0.1374,0.1374,-0.037,285.1837892226636,347.18026514063394,667.1753923826689,261.17499409065266,279.9532734793308,255.9476371057868,458.6043695801559,2.005738460047262,213.0
21.6,13.4176,0.1396,0.1396,-0.0372,285.61807147694856,347.70895658063307,664.8729254940407,261.3740657412826,281.98552617766984,255.9803524009976,459.5750600836209,2.016955934321035,213.0
21.61,13.3172,0.1384,0.1384,-0.0372,285.14801765690635,347.1367171475382,662.9974174335011,260.70624388163816,280.92098905500865,255.5533653310852,459.0878073806856,2.019752994631724,213.0
21.62,13.213,0.14,0.14,-0.0372,285.43751051290553,347.4891432331024,661.0401605507442,260.7950649090073,282.39872310694483,255.54096961020653,459.8014115057589,2.02876854950876,213.0
21.63,13.0933,0.1416,0.1416,-0.0372,285.68837143078684,347.7945391331318,658.7750320962592,260.82375118021315,283.8765360227562,255.479971208519,460.5040364254013,2.0386198728813683,213.0
21.64,12.8848,0.146,0.146,-0.037,286.4936214631253,348.77484352032656,654.7763044300981,261.2849279996876,287.8891419422909,255.57114195314745,462.3387424360994,2.0590638814188997,213.0
21.65,12.8115,0.1467,0.1467,-0.0363,286.5679747612425,348.865360578904,653.3825650618539,261.21354980190483,288.5276567848391,255.4954768926329,462.6608580404509,2.064609266647241,213.0
21.66,12.7227,0.1461,0.1461,-0.0368,286.272049654436,348.5051039271395,651.6758510607449,260.7413735564492,288.01401863859974,255.18565537262265,462.444649097136,2.068373755330581,213.0
21.67,12.6339,0.1455,0.1455,-0.0369,285.9741358620337,348.1424262668236,649.9629409136611,260.2674088576076,287.4995569105791,254.87404965840472,462.2273361736229,2.0721654019966755,213.0
21.68,12.4022,0.1428,0.1428,-0.037,284.83347735788533,346.753798522643,645.4099716909379,258.7208227184154,285.15721890228696,253.8332794006692,461.09382938048645,2.079590783614732,213.0
21.69,12.2632,0.1388,0.1388,-0.037,283.52562653636727,345.16163230514275,642.6648874125253,257.13962686374305,281.5807284742998,252.8571583583653,459.4092347617705,2.079123800058793,213.0
21.7,12.105,0.1348,0.1348,-0.037,282.1554059460355,343.4935376734345,639.5125066461983,255.4667433070784,277.9719311047696,251.80527302416056,457.6755304191182,2.079648439084889,213.0
21.71,11.9389,0.1347,0.1347,-0.0368,281.81088286056143,343.07411826503136,636.1739111280659,254.8297543617637,277.93132945091594,251.32148990546133,457.6379316782409,2.0892033711763136,213.0
21.72,11.8579,0.1346,0.1346,-0.0366,281.6438850610537,342.87081659606537,634.5504083421217,254.5015280448228,277.8577063936252,251.0919063808234,457.6240132920882,2.0938806137999264,213.0
21.73,11.7884,0.1307,0.1307,-0.0359,280.46585649992085,341.43669486946885,633.1578593296016,253.1557426245692,274.26334743797906,250.29997202992297,455.9114070711289,2.0894548680420995,213.0
21.74,11.8231,0.1273,0.1273,-0.0361,279.6280482960269,340.41675444733715,633.8976688549067,252.31744310174545,271.05980957339085,249.89067422853108,454.4146492228687,2.0798336863872,213.0
21.75,11.6494,0.1252,0.1252,-0.0361,278.6965240786339,339.2827249652934,630.3504534845044,251.067873673103,269.13355490857583,249.046457875374,453.4361672133838,2.0854416418865744,213.0
21.76,11.6417,0.1259,0.1259,-0.0361,278.9131842993111,339.546485233944,630.2198462729056,251.2396544397798,269.7852169390547,249.1698509610922,453.8154958980203,2.087687058930472,213.0
21.77,11.3676,0.1238,0.1238,-0.0361,277.7464727026102,338.1261406814386,624.534854074877,249.59855881600964,267.8877116851175,248.00165817661355,452.7970312618874,2.099551292974902,213.0
21.78,11.2942,0.1219,0.1219,-0.036,277.07347896717505,337.3068439600392,623.0191125776556,248.7640809493716,266.0931410115358,247.48416038275047,451.91838543283177,2.09972790275115,213.0
21.79,11.2395,0.1211,0.1211,-0.0359,276.7543575931436,336.9183483742618,621.8926973227497,248.31897245690877,265.3361738218855,247.20762583660309,451.56794030780986,2.1013605809956526,213.0
21.8,11.2136,0.1203,0.1203,-0.0342,276.5000947229848,336.60881096711194,621.3796057107447,247.9841151929826,264.5666231541172,247.0211072028669,451.22369055041554,2.101186396328338,213.0
21.81,11.2056,0.1198,0.1198,-0.0347,276.37155438265387,336.4523270745352,621.2363199023681,247.80406670498016,264.0774429064107,246.94183475645505,451.0293927876421,2.1006417163062143,213.0
21.82,11.2596,0.1199,0.1199,-0.0344,276.557664788266,336.678896263976,622.4083545499218,248.0393457829036,264.14224081067874,247.1614539040944,451.1466843674094,2.0976823621995955,213.0
21.83,11.3135,0.1199,0.1199,-0.0344,276.7133518837755,336.8684283802484,623.5737829249064,248.24372594067455,264.1112156404601,247.3629884170581,451.2149306914728,2.094507228142284,213.0
21.84,11.4293,0.1204,0.1204,-0.0344,277.1502508599194,337.4003053946845,626.0340614236495,248.82952993799407,264.5381433789879,247.8431274949991,451.5454395337951,2.0887645073947185,213.0
21.85,11.5181,0.1229,0.1229,-0.0345,278.10284340755203,338.559983278759,627.9167758723169,249.8963970192499,266.8811100072457,248.57472728505192,452.8318162799745,2.089488959894493,213.0
21.86,11.6185,0.1255,0.1255,-0.0345,279.0989162138809,339.7725936516812,630.0317217608947,251.0251391999184,269.2946831271852,249.35013348372644,454.14761741755046,2.08969152090343,213.0
21.87,11.9003,0.128,0.128,-0.0345,280.4440186807951,341.4101096983593,635.8579357750425,252.78651810215237,271.52920795072095,250.65394898448463,455.4470800729344,2.078903755036813,213.0
21.88,12.1127,0.1294,0.1294,-0.0344,281.31420543320826,342.4694674839057,640.2012827236987,253.9601244543569,272.74797193106883,251.55225835839943,456.2040808401944,2.0699170798550903,213.0
21.89,12.3211,0.1289,0.1289,-0.0339,281.6276174722082,342.8510125748622,644.42003752934,254.568464253362,272.1981815951367,252.12195283117387,456.0848208150044,2.057047415401863,213.0
21.9,12.4679,0.1313,0.1313,-0.0334,282.62923223492703,344.0703696773025,647.3749664421752,255.77176554504388,274.36283342836714,252.9714417320084,457.27283409465474,2.0543644366577998,213.0
21.91,12.5837,0.1354,0.1354,-0.0332,284.03055415421835,345.7763267964398,649.6965426232407,257.3268765300365,278.0786110728196,253.98797549019207,459.18879832885966,2.05714712443315,213.0
21.92,12.6107,0.1407,0.1407,-0.0332,285.5546424350573,347.6317386165915,650.2583430639148,258.86931595910096,282.8635649300217,254.90969299056135,461.547196359524,2.067204648310005,213.0
21.93,12.7574,0.1401,0.1401,-0.0332,285.7180239819873,347.83063789111503,653.1685656013253,259.224075452012,282.2578594726804,255.27640827109337,461.3835718896089,2.058032923348513,213.0
21.94,12.989,0.1426,0.1426,-0.0331,286.8675941178029,349.2301145781949,657.7053231622385,260.7061436899445,284.40993352338626,256.34711144133223,462.5605808793727,2.050932786890705,213.0
21.95,13.3944,0.1427,0.1427,-0.033,287.67421894796365,350.2120926323036,665.5066201097407,262.1207158533266,284.3485075457394,257.5317391199717,462.7613067706365,2.0299138339594123,213.0
21.96,13.4562,0.1428,0.1428,-0.0328,287.8465956765074,350.42194256270466,666.7092359376129,262.35552165211976,284.4044423311527,257.7501246526208,462.8725532053557,2.0270719366297096,213.0
21.97,13.5836,0.1441,0.1441,-0.0326,288.4567070363123,351.164686826815,669.1454779256782,263.1323919609976,285.50889129232644,258.3270191196066,463.5038943828314,2.0233765299237523,213.0
21.98,13.6415,0.1456,0.1456,-0.0321,288.9965152495601,351.8218446516384,670.2660723827355,263.72681314305504,286.80936542619713,258.74029010885545,464.1963475753034,2.023664008411876,213.0
21.99,13.8577,0.1471,0.1471,-0.0317,289.8042240565926,352.8051423297649,674.337870242684,264.8433231437732,288.0525691555526,259.5803507718743,464.922859692838,2.0159535409387277,213.0
22.0,13.9504,0.1471,0.1471,-0.0319,289.9957776342826,353.03833798956146,676.087969211785,265.14762500541894,288.00960186618164,259.86252809210544,464.99928210362,2.0114730155208367,222.0
22.01,13.877,0.148,0.148,-0.0319,290.14906444650313,353.2249480218299,674.756653646662,265.14378222459885,288.81347447258605,259.82951456198487,465.40349091020863,2.017120063306766,222.0
22.02,13.9036,0.1477,0.1477,-0.0319,290.15010957856373,353.2262203565124,675.2810224167267,265.1513416936676,288.5275221051648,259.8902241720272,465.34081074569855,2.015330484916312,222.0
22.03,13.9301,0.1484,0.1484,-0.0319,290.4173017994365,353.5514978427923,675.8029851120965,265.4229235410831,289.1218920633987,260.0963614005648,465.6869755474387,2.0155772867358093,222.0
22.04,13.989,0.15,0.15,-0.0319,290.9765507790109,354.2323226874916,676.9240008768725,266.03687261050607,290.493504121929,260.519058557056,466.4047586000146,2.016019756034004,222.0
22.05,13.9813,0.1511,0.1511,-0.0311,291.2896548610998,354.6134928743824,676.8147870584528,266.2988606935574,291.44415396031275,260.6893027496984,466.8996645531752,2.018746092663709,222.0
22.06,13.9388,0.1525,0.1525,-0.0309,291.6194682424609,355.01500481690897,676.058851955349,266.521737957627,292.6642562317892,260.80745843968816,467.50288630779227,2.0237934138847997,222.0
22.07,13.8654,0.1533,0.1533,-0.0309,291.736508454195,355.15748855293305,674.7263942520102,266.48406611016,293.3693914414593,260.7552952190924,467.8563470688954,2.0291962097797374,222.0
22.08,13.7921,0.1538,0.1538,-0.0308,291.77341551790016,355.2024188913568,673.3915544906855,266.3673286543571,293.81296629883286,260.6595956798533,468.089725391111,2.034017700137232,222.0
22.09,13.8114,0.154,0.154,-0.0308,291.8950179179208,355.3504565957296,673.781717495133,266.4819785850551,293.9658465109475,260.77303474411383,468.2272920137744,2.033589407345949,222.0
22.1,13.7805,0.1538,0.1538,-0.0308,291.82536179349347,355.26565783555725,673.2353971188655,266.3260578870658,293.78826471030845,260.6936228003649,468.1940444750623,2.034906109933783,222.0
22.11,13.7631,0.1536,0.1536,-0.0307,291.7793931019329,355.20969595017925,672.9409009680252,266.2152051064795,293.6062236305808,260.6508266148605,468.1640545531615,2.035542341651825,222.0
22.12,13.7458,0.152,0.152,-0.0304,291.3717285354483,354.7134086518501,672.6486906165007,265.7435458822059,292.20745410397313,260.4099582229898,467.5763280148562,2.0334034207514127,222.0
22.13,13.8886,0.1511,0.1511,-0.0304,291.4214606024677,354.7739520377867,675.3408789535098,265.98493623619555,291.3641957603376,260.702038064762,467.3046538777887,2.024572389292329,222.0
22.14,13.6763,0.1503,0.1503,-0.0302,290.87874201098,354.11325114380173,671.407717989294,265.066775619391,290.718962690278,260.0424666436604,466.9824159219836,2.0338416281387848,222.0
22.15,13.4948,0.149,0.149,-0.0302,290.25057168368085,353.34852204969843,668.0183316063387,264.113284914446,289.62473117451043,259.38816065138224,466.46252184147454,2.04068059126731,222.0
22.16,13.3365,0.1463,0.1463,-0.0298,289.2884692307412,352.17726688959795,665.0438847398121,262.86343641128417,287.28557993080307,258.5874976084125,465.3674205509393,2.0435566938193803,222.0
22.17,13.2014,0.1447,0.1447,-0.0298,288.6512756078559,351.4015529139116,662.4907567337411,261.9744861275138,285.8991862887896,258.0054336419677,464.72065195718176,2.047509847488541,222.0
22.18,13.0354,0.144,0.144,-0.0297,288.18984429551074,350.8398104467088,659.324505614553,261.21193272400274,285.3170615666379,257.4643642476384,464.43727659236527,2.055031608183443,222.0
22.19,12.9157,0.1442,0.1442,-0.0296,288.04933226490704,350.6687523224955,657.0338222807524,260.8448289319524,285.5192023680279,257.18441905098166,464.54234674566106,2.0620318317751525,222.0
22.2,12.7342,0.1444,0.1444,-0.0294,287.78160939491664,350.3428288285942,653.5196994119458,260.254624885174,285.7413595630763,256.7225080343319,464.630359166861,2.072471685242964,222.0
22.21,12.7221,0.1459,0.1459,-0.0292,288.18497019976627,350.8338767649329,653.3121867695837,260.60465663859225,287.0599007927136,256.93979863459623,465.3047262501774,2.076382359726204,222.0
22.22,12.7257,0.1491,0.1491,-0.029,289.0527773128178,351.89033759821297,653.4126953960613,261.44862718650194,289.8615562701578,257.44560173641503,466.6730691970416,2.082853695259632,222.0
22.23,12.7292,0.1564,0.1564,-0.029,290.923550172137,354.1678002095581,653.5104783864817,263.31438020391784,296.1878800843936,258.5115809525695,469.6363942848535,2.097261199448927,222.0
22.24,12.7806,0.1595,0.1595,-0.0289,291.8225593210173,355.2622461299341,654.5472137060264,264.2673489903804,298.81355055648135,259.11574813782613,470.9038314535198,2.100567448245708,222.0
22.25,12.908,0.1643,0.1643,-0.0288,293.2749999761455,357.0304347535685,657.0626808975916,265.89648344475825,302.8318736572262,260.15799375398603,472.8109095421328,2.102846219696521,222.0
22.26,12.9929,0.1634,0.1634,-0.0285,293.27416539485256,357.02941874155965,658.7413351077082,265.979120703589,302.0252109778893,260.3175304706512,472.55004927101686,2.0967427178606166,222.0
22.27,13.1049,0.1651,0.1651,-0.0283,293.94538122758485,357.8465510596685,660.9357565971558,266.78741506325696,303.4065745566881,260.8960505882106,473.2701344268693,2.094071743309793,222.0
22.28,13.4716,0.166,0.166,-0.0279,294.9281874763638,359.0430108407907,667.9743537507735,268.28811070015223,304.02660077319985,262.0858523709096,473.7552666401769,2.0766357629684675,222.0
22.29,13.6299,0.167,0.167,-0.0281,295.5087813118536,359.7498207274739,670.9921677545065,269.07373971872966,304.7985004350065,262.6907821209581,474.2201349074884,2.070487532667394,222.0
22.3,13.5759,0.1677,0.1677,-0.028,295.6084307892532,359.87113313474305,670.005127307671,269.05463347529246,305.3855494218776,262.66457349693064,474.5179786891814,2.0746910041950284,222.0
22.31,13.3944,0.1701,0.1701,-0.0279,295.8540208234458,360.1701123068036,666.5977240518541,268.9963494667889,307.4306771629907,262.4980681839449,475.40192902033726,2.0885979784993567,222.0
22.32,13.1319,0.1712,0.1712,-0.0273,295.6097873942118,359.8727846538231,661.6063507152791,268.3284065931742,308.4143903506437,261.9236955254891,475.7847287494202,2.1045434135205534,222.0
22.33,12.8076,0.171,0.171,-0.0271,294.9081849463598,359.018659934699,655.343971337887,267.1113013081901,308.3394001424038,260.9894318548892,475.6783200710015,2.12180143934761,222.0
22.34,12.5258,0.1709,0.1709,-0.0277,294.2934172092627,358.27024703736333,649.8222165273268,266.0491121409459,308.3347890537314,260.17437697310544,475.6177190018182,2.137336293099866,222.0
22.35,12.5335,0.1682,0.1682,-0.0279,293.7316770695406,357.58638947596245,650.0028924548674,265.43857841396243,306.0623906001603,259.8860411486985,474.6900015851601,2.13216855315791,222.0
22.36,12.5412,0.1618,0.1618,-0.0279,292.29190770849766,355.8336267755624,650.1842657178736,263.92868871090513,300.651061178359,259.105737351716,472.357741196476,2.120018458265425,222.0
22.37,12.5644,0.1538,0.1538,-0.0279,290.43874670226427,353.57760468101736,650.6724602358611,262.0321464746171,293.7748178497004,258.11827557389444,469.3136890260689,2.103471732106758,222.0
22.38,12.6126,0.1448,0.1448,-0.0279,288.2862054196792,350.9571196413486,651.6540888862696,259.8921114530515,285.8754150951547,257.0032303531865,465.7149971089864,2.0827989435259435,222.0
22.39,12.7111,0.1358,0.1358,-0.0277,286.1006088048927,348.2963933276955,653.6239548090596,257.8291558410505,277.7808978384932,255.95635296451323,461.924892465122,2.058413029351953,222.0
22.4,12.7922,0.1362,0.1362,-0.0275,286.4017949644424,348.6630547393212,655.2442399179133,258.22461527847764,278.1068697264246,256.28523511715883,462.1755032818196,2.0549906074735644,222.0
22.41,12.6416,0.1327,0.1327,-0.0273,285.17398678627205,347.1683317398095,652.3150404120556,256.7236102341679,274.9571008963805,255.327998078801,460.62563108568185,2.055727578531505,222.0
22.42,12.4794,0.1274,0.1274,-0.0271,283.38756803955374,344.9935610916306,649.1331798842771,254.65136365145037,270.11404798789874,254.0244257065466,458.1993020933487,2.0529399742552745,222.0
22.43,12.3791,0.1264,0.1264,-0.0269,282.9391379402596,344.4476461881422,647.1637242305673,254.00459360191488,269.20094176909424,253.5949462350486,457.754455728234,2.056429121515233,222.0
22.44,12.2826,0.1242,0.1242,-0.0268,282.1444527894911,343.4802033959022,645.2599660671343,253.0222551196628,267.1627837494162,252.97177785433303,456.73584092825286,2.0569343065054797,222.0
22.45,12.2362,0.1229,0.1229,-0.0267,281.7059395818747,342.9463612301084,644.3561295618683,252.4759880113021,265.9444934268031,252.64451786952137,456.15014804371833,2.056673496185759,222.0
22.46,12.0586,0.1206,0.1206,-0.0268,280.7073184089337,341.7306484978324,640.7937388625935,251.15494506940797,263.81052091166134,251.74932376342304,455.0332890177481,2.0615769561441795,222.0
22.47,12.0591,0.1196,0.1196,-0.0267,280.4437448976358,341.40977639712185,640.8325185376037,250.8609132881998,262.8514233009033,251.60803740186012,454.59234297877225,2.0592914837864598,222.0
22.48,12.0596,0.1197,0.1197,-0.0267,280.5092151228838,341.4894792800325,640.8709016730155,250.89108072125916,262.9351727484017,251.6581205529833,454.6930584189597,2.059657014203207,222.0
22.49,12.0776,0.1199,0.1199,-0.0266,280.6393880855837,341.6479507128845,641.2649104696162,251.01483187534825,263.1092466730265,251.77818370241948,454.8479463371724,2.0592478387818973,222.0
22.5,12.1204,0.1204,0.1204,-0.0263,280.9083068956504,341.9753301338352,642.1618275885517,251.31750760764228,263.5609425820287,252.0246397674673,455.1571833794637,2.058125729577792,208.0
22.51,12.213,0.1253,0.1253,-0.0258,282.57089785915593,343.9993539154942,644.0625763609668,253.07789470296612,268.12747654361465,253.16902492644363,457.6009109253392,2.0645344627743465,208.0
22.52,12.5528,0.1273,0.1273,-0.0258,283.84689366570683,345.55274011477354,650.8812137837931,254.87370766874625,269.8854326242301,254.53718664742527,458.6885826288328,2.0501112249420674,208.0
22.53,13.2361,0.1272,0.1272,-0.0254,285.0808965971398,347.0550045530398,664.2300901628032,257.22731313277177,269.61160955621926,256.5023275030083,458.8731912832174,2.0129920204135496,208.0
22.54,13.6994,0.1307,0.1307,-0.025,286.91414193052026,349.2867814806333,673.0514242563709,259.78641348146147,272.70655762391965,258.3895270036297,460.664253083371,1.9970712740380223,208.0
22.55,14.0662,0.1362,0.1362,-0.0248,289.12796796113594,351.98187403964374,679.9121617307629,262.53794027921725,277.59454683027246,260.29553608365154,463.2819328258898,1.9909269546251915,208.0
22.56,14.3519,0.1388,0.1388,-0.0248,290.3457778095724,353.46442515947945,685.1865608783411,264.1819313005599,279.8445953171067,261.49258043347123,464.5434133259144,1.9826553318750044,208.0
22.57,14.5797,0.1425,0.1425,-0.0248,291.7699860425768,355.19824387791965,689.3524307284042,265.9204678586233,283.0648886709424,262.6915038828081,466.2414833154282,1.979648538072133,208.0
22.58,14.7534,0.1436,0.1436,-0.0248,292.36959199686095,355.9281989527003,692.5096291556908,266.76878029776145,283.98220271395564,263.3403212750356,466.8010136911857,1.9738361717053636,208.0
22.59,15.0738,0.1441,0.1441,-0.0245,293.0002099686505,356.69590778792235,698.2499429376097,267.9075741720979,284.3354722339466,264.2650448293356,467.1385707872699,1.960052759711772,208.0
22.6,15.097,0.1445,0.1445,-0.0233,293.1813555773135,356.9164328767295,698.6950439771167,268.08799753745325,284.66987113404286,264.4169276623616,467.3645863571244,1.9599443234297496,208.0
22.61,15.1742,0.1446,0.1446,-0.0238,293.35131778860824,357.12334339482743,700.0871049755308,268.3535855010351,284.7283309902261,264.65894893823616,467.4765806245444,1.9567488124797845,208.0
22.62,15.2012,0.1448,0.1448,-0.0238,293.48049545112303,357.2806031578889,700.5935076239913,268.4907111470106,284.886030815759,264.78962851560414,467.619047196368,1.9560687916130652,208.0
22.63,15.207,0.148,0.148,-0.0238,294.41987623029326,358.42419714992224,700.7262995706258,269.36407490493417,287.6680398236514,265.3176378054434,469.003509821334,1.962492696832482,208.0
22.64,15.2128,0.1531,0.1531,-0.0237,295.8590756675969,360.17626603011803,700.8593986469762,270.720160668648,292.0632996979484,266.11204212025643,471.1276712228517,1.972568502604753,208.0
22.65,15.1626,0.1542,0.1542,-0.0235,296.1191232888828,360.49284574298775,700.0060428586306,270.8477779644828,293.00595447973825,266.17618551972,471.6075025297525,1.977178287222417,208.0
22.66,15.1124,0.1547,0.1547,-0.0235,296.2162326393407,360.6110658218061,699.1501160584568,270.8187911730248,293.4328303881255,266.1532588521498,471.8471321073688,1.980614157321407,208.0
22.67,15.0622,0.1548,0.1548,-0.0231,296.2057759984008,360.59833599805313,698.2936236024368,270.68633277375653,293.51701477560385,266.0726689578282,471.92782971070784,1.9832712414430067,208.0
22.68,14.9426,0.1542,0.1542,-0.0233,295.9052274617829,360.23245082304004,696.1994140750228,270.15372269270665,293.01839804161705,265.71432144520554,471.71443826626864,1.9878019284021904,208.0
22.69,14.7804,0.1536,0.1536,-0.0233,295.53724251255323,359.784469145717,693.3322367221563,269.48263811550265,292.5291434302729,265.24371057746305,471.4899268619316,1.994380762236741,208.0
22.7,14.6646,0.1399,0.1399,-0.0233,291.6227312765788,355.0189772062699,691.2816784001911,265.4781995560655,280.5894458027006,262.92918394453744,465.8230770052666,1.9720249096695637,208.0
22.71,14.3905,0.1365,0.1365,-0.0233,290.27794867166347,353.3818505568077,686.3455019308944,263.6654357343949,277.6058620022921,261.7128962824171,464.32246525145297,1.9780421270720565,208.0
22.72,14.1087,0.1363,0.1363,-0.0233,289.8285300902589,352.8347322837934,681.2080103209305,262.6952755629518,277.47724856314693,260.96881997230946,464.21773388151536,1.991557375867944,208.0
22.73,13.8461,0.1362,0.1362,-0.0226,289.41981475921546,352.3371657938275,676.366875179735,261.8011974654795,277.4345812136095,260.27971400941794,464.1605861198048,2.004601958400205,208.0
22.74,13.6492,0.1362,0.1362,-0.022,289.1319943594479,351.9867757419366,672.7066847512943,261.14184312746244,277.46728383858795,259.7752116618358,464.1630435038724,2.0147526166782126,208.0
22.75,13.5682,0.1361,0.1361,-0.0226,289.0026771978918,351.8293461539552,671.2054801232207,260.8394934292161,277.38398396009615,259.56855471071026,464.1499101169694,2.018850882914925,208.0
22.76,13.4485,0.136,0.136,-0.0228,288.8053795178442,351.5891576738973,668.964955579104,260.4040916262451,277.30943256296723,259.2534079840307,464.12673014079405,2.02498094044186,208.0
22.77,13.3481,0.135,0.135,-0.0224,288.3836254929679,351.0757179914392,667.0826073398698,259.78467909102574,276.42080340457244,258.846829181774,463.7074741335469,2.0281869697535893,208.0
22.78,12.9697,0.1304,0.1304,-0.022,286.4315592881498,348.6992895681824,659.8222059946692,257.193352132399,272.3238128819998,257.0678155913688,461.5753576479809,2.0382513685204384,208.0
22.79,12.8655,0.1277,0.1277,-0.0212,285.4935989303729,347.5574247848018,657.8230377974492,256.06457935512515,269.86106492686025,256.35514037487536,460.3452260065256,2.037912175144078,208.0
22.8,12.3752,0.126,0.126,-0.0195,284.1103588467756,345.8734803352051,648.162911149532,253.82933685076995,268.39004721396793,254.67246173252997,459.4627726680051,2.06135458828982,208.0
22.81,12.3752,0.1213,0.1213,-0.0199,282.75502525882274,344.2235090107407,648.1895284030547,252.471727317583,263.99849395259326,253.90112162181487,457.2484512753352,2.05045783742532,208.0
22.82,12.3571,0.1212,0.1212,-0.0193,282.72509479811174,344.18707192813605,647.8574963907631,252.376193260982,263.8973873303876,253.86116760965496,457.2451793431814,2.051389914450243,208.0
22.83,12.3606,0.1212,0.1212,-0.0193,282.7661749828075,344.2370825877657,647.9557107319929,252.3875541868918,263.8855662658051,253.90244289382085,457.29682309080505,2.051342830857357,208.0
22.84,12.3642,0.1213,0.1213,-0.0193,282.8374740062902,344.32388139896204,648.0559106024809,252.4284746755576,263.9675505108166,253.9613881492189,457.39751550461887,2.051528975309802,208.0
22.85,12.3752,0.1227,0.1227,-0.0193,283.31142140021564,344.9008608350452,648.3042525807762,252.8741084000274,265.2644379371225,254.26688767908664,458.1341276528312,2.0543847484708992,208.0
22.86,12.4794,0.1288,0.1288,-0.0191,285.32988187690324,347.3581170675344,650.4136444498574,254.98985723126268,270.8745225526887,255.6324156794205,461.112543348981,2.0628060891467506,208.0
22.87,12.6609,0.1304,0.1304,-0.0186,286.1720992777673,348.3834252077167,654.0423312336408,256.0898202245842,272.2852872687989,256.4582982676242,461.9536679766737,2.0564489129129657,208.0
22.88,12.796,0.131,0.131,-0.0182,286.633189185865,348.9447520523574,656.7302417700826,256.7375823098309,272.7900978714412,256.9796915289791,462.31687538725487,2.050503835009133,208.0
22.89,12.9543,0.1352,0.1352,-0.0178,288.151586007406,350.79323513945087,659.852850671655,258.4559826139643,276.5423247567282,258.1416178797529,464.3110015300632,2.0513335941649884,208.0
22.9,13.0972,0.1365,0.1365,-0.0178,288.8133400636735,351.59884877316773,662.6533405823621,259.3112232946034,277.664595215272,258.7866062937221,464.9780991229776,2.04662725000696,208.0
22.91,13.4292,0.1369,0.1369,-0.0174,289.5521788129612,352.49830464186573,669.0524168993109,260.5692101205086,277.9376687178234,259.81576794841965,465.2925750363199,2.030105846822883,208.0
22.92,13.6454,0.1372,0.1372,-0.0174,290.0413225489991,353.0937839726946,673.17682347744,261.3862183365837,278.14744589518324,260.49290547320305,465.53140651255205,2.019723022657066,208.0
22.93,13.823,0.1377,0.1377,-0.0172,290.5127687221708,353.6677184443819,676.5411370042739,262.1195166476305,278.5441721238272,261.08889465643,465.8475873206245,2.011898097159249,208.0
22.94,14.0276,0.1383,0.1383,-0.017,291.0485367512599,354.3199577841425,680.3800082800486,262.9634387188258,279.02418403032755,261.7680505401648,466.2130752402485,2.003054439846231,208.0
22.95,14.0971,0.1398,0.1398,-0.0163,291.6190793324505,355.01453136124417,681.6979122989615,263.6001489302533,280.328909526615,262.2208340432236,466.9359032269462,2.0029401476163677,208.0
22.96,14.1743,0.1401,0.1401,-0.0155,291.86106037551684,355.3091169788901,683.1541564143342,263.93521699555583,280.56657705035434,262.50561974030194,467.13640221290376,1.9998973638790931,208.0
22.97,14.1164,0.1401,0.1401,-0.0159,291.8050460269643,355.24092559804353,682.1145829721577,263.74323326154746,280.5661511752182,262.38269866069805,467.1737175282023,2.002911215183248,208.0
22.98,13.9504,0.1398,0.1398,-0.0156,291.4899044460072,354.85727497774786,679.0689245934346,263.1106687410132,280.32206684872574,261.92123153381834,467.0540960053071,2.0106949219045065,208.0
22.99,13.8384,0.1395,0.1395,-0.0153,291.25772820039936,354.5746256352688,677.0109024697745,262.6540056750475,280.0667934966264,261.6023752748465,466.9472237564794,2.015843556466393,208.0
23.0,13.839,0.1381,0.1381,-0.015,290.8995788480432,354.1386177280526,677.052331574218,262.2755523411807,278.8118222116246,261.41669209089355,466.3868008184749,2.0129652935475333,208.0
