Depth,qc,fs,fs_corrected,u,andrus_2007_holocene Vs,andrus_2007_pleistocene Vs,andrus_2007_tertiary_age_cooper_marl Vs,robertson_2009 Vs,hegazy_2006 Vs,mcgann_2015 Vs,mcgann_2018 Vs,Ic,Measure Vs
0.01,0.4314,0.0032,0.0032,0.0002,38.5514102173194,46.93215156891058,83.65312681938617,21.668685874387624,18.27150323569629,13.49484844314403,39.3122015412518,2.823784580687429,298
0.02,0.5939,0.0064,0.0064,0.0005,46.77490379189017,56.94336113795325,101.2349207892572,29.381024382896197,27.19036983840604,18.14812736361337,51.38652143935209,2.7658790393808235,298
0.03,0.8803,0.0129,0.0129,0.0008,55.852322240056736,67.99413142267777,122.4773914058624,37.82102899385136,38.647698604991874,22.785748465522172,62.55159127853944,2.681160028915981,298
0.04,1.3717,0.0258,0.0258,0.0068,66.58341635028394,81.05807207860653,149.3263569814448,47.94938647796362,54.389862390858376,27.868927268322444,73.85964443796492,2.578993687016577,298
0.05,2.7687,0.0515,0.0515,-0.0121,82.45003004306407,100.37394961764322,199.50462287518843,62.16161339115667,75.55210372404176,34.74555186020894,85.9422952096879,2.3349723068272885,298
0.06,3.9799,0.0594,0.0594,-0.0178,90.3811779477692,110.02926011032773,233.34067723794595,69.91960128008994,82.58635726764288,38.9717346248632,91.93128138742756,2.1527733493545216,298
0.07,4.4674,0.07,0.07,-0.0183,95.44831238322628,116.1979455100146,247.62804880830063,76.18293518148464,92.73449985412172,41.92818977474941,97.7333331758728,2.128745663945839,298
0.08,4.6725,0.0872,0.0872,-0.0188,100.34531039749773,122.15950830999724,255.2643833074865,82.79458754917637,107.56749959375476,44.60204877484428,104.0550902073998,2.16580046054906,298
0.09,5.5393,0.0984,0.0984,-0.0201,105.7770734233651,128.77208938496622,275.612372748375,89.2259809114399,116.69373441039453,47.706036647117095,109.03703647141252,2.0977001448037407,298
0.1,6.0385,0.1136,0.1136,-0.0201,110.45972711257394,134.47271126748132,287.8414287398761,95.39426703266604,128.94301551024688,50.3347609831114,114.16627037856624,2.088855145794557,298
0.11,9.9662,0.1465,0.1465,-0.0201,122.67084232540876,149.33841674397587,351.8973126251495,109.04229129789684,145.7605132988997,56.7384901164321,121.33332943926511,1.861739706718375,298
0.12,12.5125,0.1858,0.1858,-0.0201,131.60379790830882,160.2133191927238,387.183726308606,120.48867391604288,168.21330091697422,61.26022003026405,128.1412331894229,1.8006988892012694,298
0.13,14.0526,0.2101,0.2101,-0.0201,137.092299731705,166.8949735864235,407.9638725616008,128.21899249367462,183.4177756910904,64.34760687323062,132.98302563740774,1.7714578181975729,298
0.14,15.6933,0.2688,0.2688,-0.0176,145.90041388648424,177.61789516615474,428.6842493743608,140.01300442592233,216.2103346187704,68.11878636266124,140.02456702819225,1.7898869431048747,298
0.15,16.8659,0.3074,0.3074,-0.0129,151.72244402280978,184.70558402776845,443.68006218419447,148.41276375768072,238.7209009886176,70.94797179414292,145.07487886790665,1.7939796251208304,298
0.16,16.6105,0.3769,0.3769,-0.014,158.4169675252246,192.8554387263604,443.9262791151524,158.1007496539192,277.68125506215586,73.30355838878512,151.40574025549176,1.876898528564276,298
0.17,15.6972,0.4071,0.4071,-0.0114,160.79100882977232,195.74557596667933,437.05790450141336,162.62506108491408,298.2705801830161,74.41940788558495,155.2292503134642,1.9389996094577704,298
0.18,13.6192,0.4889,0.4889,-0.0087,164.03596052294225,199.6959519409732,416.3332565646824,169.53774721804308,345.236229611316,75.2153832221707,161.1146476528561,2.091339063184569,298
0.19,12.4041,0.5663,0.5663,-0.009,166.78576126698292,203.0435354554575,403.8862009316893,176.16153178807335,388.719315091058,76.25838191120441,166.3691709246197,2.2015574435606253,298
0.2,10.9414,0.5917,0.5917,-0.0085,165.75826444488098,201.7926697589856,386.9427184629644,177.82532102806013,409.37990932507074,76.24565313000285,169.34901998449578,2.292776451853774,298
0.21,10.4113,0.6391,0.6391,-0.008,167.3078661747623,203.67914143014545,381.5098322596971,182.4523500815178,438.1681485540863,77.22852018053334,173.11500792674488,2.351001416208329,298
0.22,10.3667,0.6625,0.6625,0.0089,169.03693441495412,205.78409407037893,382.6880841272388,186.3147882471296,454.72688843688906,78.41912514914367,175.97971025954294,2.366744689393459,298
0.23,10.3222,0.6716,0.6716,0.0138,170.18541341387896,207.18224241689612,383.7580962545941,189.138754855761,464.694785414292,79.43493697489893,178.2802367272363,2.3743412841062552,298
0.24,10.3068,0.6704,0.6704,0.0165,171.00209211487265,208.17645996593197,385.1660763129377,191.2625749959524,469.6814126465512,80.35115149004422,180.16637345344589,2.374549143540412,298
0.25,10.3455,0.6693,0.6693,0.0085,171.93294492441885,209.3096720819012,387.2579807154419,193.4340560112623,474.361387516272,81.30100005715616,182.00295776400156,2.3718036720362967,298
0.26,9.8385,0.6655,0.6655,0.0028,171.18788015597485,208.4026367116216,381.3585786371876,194.0613352588013,479.2500238349103,81.56117295445269,183.6136373622244,2.399747700983573,298
0.27,9.6257,0.6579,0.6579,0.0015,171.08204348656375,208.2737920705993,379.5984443385256,195.0177037165187,481.2335515793649,82.08399294943572,185.0686990830992,2.408575476594696,298
0.28,9.0143,0.6362,0.6362,-0.0144,169.149825825329,205.9215270917049,371.48874706684,193.8456385946223,477.46843562508,81.90987043714654,185.87646762997463,2.4356254106036284,298
0.29,8.5809,0.6099,0.6099,-0.0319,167.47339796220962,203.8806583887769,365.7742061074253,192.60710390910063,470.4168630381363,81.84076157348521,186.43962221126495,2.449849276911401,298
0.3,7.7915,0.5815,0.5815,-0.0504,164.31035738890992,200.0300002995425,353.6499368121411,189.99118048865125,463.3070649734895,81.1537501018183,186.7501211759108,2.4906263710708965,298
0.31,6.9982,0.5472,0.5472,-0.0535,160.58050489832146,195.48931031100005,340.51151059183485,186.5709957258512,452.8230471619557,80.23438602918309,186.67499762345847,2.533251370891468,298
0.32,6.5919,0.5237,0.5237,-0.0542,158.59091098381603,193.0671959802978,333.85345694774423,184.93768182035967,445.8844074233646,79.95965258969422,187.0269162041896,2.553510850861401,298
0.33,5.6748,0.4728,0.4728,-0.0545,152.92571912262105,186.17044067101693,316.21491131626755,178.95348570818774,425.93575304037336,78.25855214237708,185.7937443065398,2.607512825111153,298
0.34,4.9666,0.4467,0.4467,-0.0541,148.6959073239222,181.02110456825312,301.3773888716726,175.29295814689567,418.5355457086736,77.04648115388153,185.64225416344303,2.6682496839441194,298
0.35,4.2623,0.4051,0.4051,-0.0537,143.27900754352282,174.42661787907127,285.0575164459808,169.7438965950169,401.59575090110894,75.36420869890539,184.43843477380705,2.726903013452875,298
0.36,3.887,0.3859,0.3859,-0.0497,140.45283981429787,170.98606586088437,275.96024936307174,167.35062186464205,395.515584624678,74.65378277166454,184.4629530421524,2.766071415908376,298
0.37,3.5542,0.3656,0.3656,-0.0504,137.6326315043689,167.55276878792736,267.38136086005807,164.81613600810118,388.1450268207413,73.9288999529742,184.32366015087396,2.8020291967628173,298
0.38,3.2446,0.3202,0.3202,-0.0507,133.63239278892075,162.68291296042528,258.88817433405603,159.51822692213915,363.0715536903891,72.70341998571202,182.2772091843173,2.812205180309543,298
0.39,3.0163,0.2932,0.2932,-0.0508,130.86641734692415,159.31563850929896,252.3982250383083,156.22394917908792,348.6366684055838,71.93706682624754,181.29195325335755,2.826966626579038,298
0.4,2.8499,0.2515,0.2515,-0.0508,127.66107556776336,155.41348329988585,247.5878815113433,151.15822259714835,321.5257290840684,70.9464418267684,178.77904417497842,2.810128088678869,298
0.41,2.5287,0.2353,0.2353,-0.0507,124.1611922541108,151.15275578761316,237.0732353851131,147.93314374676652,314.37346740266884,69.82863740644558,178.1912448233949,2.8615604579859086,298
0.42,2.3894,0.2094,0.2094,-0.0503,121.62689657561349,148.06752626596423,232.5340123799062,144.28662509895597,296.7502730055674,69.05510432398981,176.50951901077687,2.857944184360653,298
0.43,2.2424,0.2006,0.2006,-0.0486,119.90648913147244,145.97311720353167,227.4806990203925,142.7998912021002,292.79201396891324,68.63066467102962,176.49222257266769,2.883009958898041,298
0.44,1.9599,0.1821,0.1821,-0.0482,115.85909595938386,141.04585595055428,216.52173780136144,138.63311181091706,281.9003342726911,67.20244529816043,175.1282090856996,2.9347433070434104,298
0.45,1.8438,0.1722,0.1722,-0.048,114.0978421202378,138.90172084202862,211.97831515374384,136.85240594335576,276.0426250605232,66.72129112961827,174.7725056966905,2.954516624450524,298
0.46,1.7316,0.1503,0.1503,-0.0478,111.43410181372764,135.65890655584235,207.381942148835,132.88263871683273,258.2747465701942,65.77919384775807,172.58643836124236,2.949885747680879,298
0.47,1.5574,0.137,0.137,-0.0474,108.33392565019224,131.88477905240794,199.53347471706144,129.54556113033368,248.89046595050272,64.67172708607752,171.31600899851563,2.98637804575409,298
0.48,1.4955,0.1249,0.1249,-0.0474,106.75807938482176,129.96635751195694,196.8577704666048,127.23484332468064,238.43432458577715,64.17809377480324,170.12193935684948,2.9826197236906458,298
0.49,1.3988,0.1153,0.1153,-0.047,104.76031469207804,127.53429614687764,192.2599837759808,124.90757591478892,230.67783450280925,63.50573920502939,169.15925555761558,2.99934849976708,298
0.5,1.3524,0.0623,0.0623,-0.047,98.45545324090824,119.85881264110569,190.162320536084,111.20357900134462,167.16990160688226,60.38834610000035,156.91078343005745,2.835715385706808,298
0.51,1.2982,0.0613,0.0613,-0.0468,97.75654303659874,119.00796543585936,187.56381194165704,110.8557563397163,167.18324316480522,60.2840945671444,157.3198774849201,2.8565455140800604,298
0.52,1.244,0.0593,0.0593,-0.0467,96.86893495136124,117.92739907122235,184.86790534918575,110.13470293208884,165.7557179585171,60.07370628719477,157.3647232460105,2.8736007554461738,298
0.53,1.1705,0.0582,0.0582,-0.0463,95.7558043684452,116.57228357897678,180.9310050938815,109.47135405759757,165.84816270068487,59.772387966957226,157.66942612778612,2.906202633560072,298
0.54,1.155,0.0554,0.0554,-0.0461,95.29911875225709,116.01631848100862,180.3406966968478,108.78747007377622,162.60767576629408,59.72365862921464,157.3891365270593,2.900453767728057,298
0.55,1.1202,0.053,0.053,-0.0459,94.55487502129182,115.11028263461614,178.55562676419075,107.98915612906734,160.1117441197285,59.54593372397761,157.1781475824193,2.9069777279619986,298
0.56,1.1233,0.0513,0.0513,-0.0457,94.54769947716612,115.10154718959352,179.067170026143,107.82712243236514,158.0888216587852,59.70699651563341,157.23175150100826,2.896084896982074,298
0.57,1.1265,0.0457,0.0457,-0.0455,93.8431574734872,114.24384388076702,179.5801020283095,106.08540706282513,149.7373361400884,59.4529446539433,155.58510265711365,2.861928080592385,298
0.58,1.1405,0.0446,0.0446,-0.0453,94.07702389744648,114.528550831674,180.7491970056269,106.19192779487068,148.34228326184476,59.726535008233256,155.79125453463044,2.847538342382636,298
0.59,1.1763,0.044,0.044,-0.0423,94.75239330336436,115.35073967366095,183.2560069182265,106.72832118632256,147.4836788088007,60.21100280361647,156.22696512566006,2.8243442185798404,298
0.6,1.2479,0.0438,0.0438,-0.0417,96.0190624990508,116.89277173797488,187.78648489026347,107.774073765495,146.89610408848026,60.986837132341215,156.8683709595895,2.7863969543871625,298
0.61,1.2943,0.0454,0.0454,-0.0412,97.21934041527209,118.3539796359834,190.7576375223788,109.3150300813248,149.57341074000092,61.77435021611489,158.30496029780608,2.7736948651523883,298
0.62,1.3253,0.0469,0.0469,-0.0404,98.1578638901506,119.4965299532268,192.81929086720007,110.64735560825196,152.2300577483506,62.43430809066577,159.65864805662204,2.768044021930884,298
0.63,1.3717,0.0475,0.0475,-0.0398,99.12516553784322,120.67411456780914,195.70140336355735,111.73814356589284,153.2589329061031,63.09070513251125,160.6122999896539,2.7502508710217666,298
0.64,1.422,0.0482,0.0482,-0.0393,100.14301629697,121.9132372310939,198.74186809332923,112.89316571427815,154.41290691736674,63.77438831754359,161.60353659449223,2.732018422479338,298
0.65,1.3872,0.0481,0.0481,-0.0385,99.84867696539744,121.55491108830992,197.1704192990504,112.93175020128048,155.1616607975829,63.8107435203047,162.16514837297757,2.746825919498134,298
0.66,1.3857,0.0487,0.0487,-0.0383,100.13538951113024,121.90395244833246,197.38871560911736,113.56052727714284,156.6886232180679,64.13813214885312,163.0540116344434,2.751024410757277,298
0.67,1.3865,0.0525,0.0525,-0.0383,101.0387357994705,123.0036783645728,197.72661582219388,115.49533304901688,163.2726886118833,64.81511593427753,165.28277546358555,2.771877271122842,298
0.68,1.3872,0.0554,0.0554,-0.0381,101.7457060296683,123.86433777524836,198.0573012958144,117.02226832200569,168.35265377983546,65.37845281384294,167.06774430003873,2.786884318174638,298
0.69,1.3988,0.0571,0.0571,-0.0379,102.38621378709963,124.64408634951263,198.98108815902725,118.17286929681312,171.4113038601743,65.88817478614587,168.35648934936623,2.790394294525877,298
0.7,1.4181,0.0586,0.0586,-0.0377,103.09486959181416,125.50679776394766,200.31799747871824,119.31234987242952,174.05528504266138,66.4257348626291,169.5582323387687,2.7893607073188385,298
0.71,1.4607,0.0594,0.0594,-0.0377,104.00362377778956,126.6131072077438,202.8918937132648,120.40536073318016,175.35302121444423,67.04844454225831,170.50538791069283,2.774924103177953,298
0.72,1.4684,0.0596,0.0596,-0.0377,104.32536504244564,127.00479222558604,203.58349309960727,120.94372937815407,176.1435484321704,67.37942285907441,171.191240574951,2.772696325820018,298
0.73,1.4181,0.0596,0.0596,-0.0377,103.80533286697812,126.37170957719076,201.1519408182016,120.85337842419852,177.30785543425756,67.29964991694598,171.74538802200803,2.79445519335356,298
0.74,1.3756,0.0594,0.0594,-0.0377,103.33707597373918,125.80165770716074,199.08345507983907,120.744296116272,178.08885180353377,67.24057027706617,172.22351962244232,2.812508017336247,298
0.75,1.3214,0.0592,0.0592,-0.0376,102.66778249787204,124.98686564958336,196.29541937882664,120.4958370301922,179.03318827371345,67.08362081296268,172.68226272625657,2.83665022687078,298
0.76,1.3212,0.0593,0.0593,-0.0376,102.85230433934696,125.21150093485716,196.54155946299423,120.90281100562044,179.74922917793856,67.33905455583991,173.2997242892391,2.837313945305592,298
0.77,1.3213,0.0584,0.0584,-0.0372,102.8790926490613,125.2441127901616,196.80614404276645,120.9358341443263,178.88978529827637,67.49921429106159,173.5285706884059,2.832920076771142,298
0.78,1.3214,0.0548,0.0548,-0.037,102.44514232286193,124.71582543652757,197.06561620693,119.91055233198516,173.69379755684528,67.38571618430862,172.6620195416752,2.814749508167858,298
0.79,1.3717,0.0548,0.0548,-0.0366,103.35906066722174,125.82842168183517,200.1696516749882,120.7795468232278,173.5903137541094,67.9895640852558,173.2672967430136,2.791530181679076,298
0.8,1.391,0.0537,0.0537,-0.0362,103.60823723578248,126.13176706964823,201.5013086340853,120.88490899149024,172.09015063885263,68.25018168496501,173.37992071673423,2.7771186936470804,298
0.81,1.391,0.0519,0.0519,-0.036,103.44240518085468,125.92988456799702,201.75138916011252,120.49571153051052,169.64257817571976,68.29275857272559,173.1565173841869,2.76753384935917,298
0.82,1.3854,0.0501,0.0501,-0.036,103.18356870788526,125.61477929655597,201.68403930600303,120.02504161253827,167.20017861357172,68.28596193180758,172.89451702407413,2.76018316421472,298
0.83,1.3826,0.0502,0.0502,-0.0358,103.32112377459303,125.78223763863502,201.77156793118812,120.37787963142638,167.8745196481013,68.507835270595,173.46791179984234,2.7620643789543595,298
0.84,1.383,0.05,0.05,-0.0355,103.44561149707296,125.93378790948016,202.0365692265125,120.63142807726292,168.00363519576115,68.71639521672707,173.9044116689752,2.7608165942429586,298
0.85,1.3833,0.0498,0.0498,-0.0353,103.56656976157602,126.08104144887515,202.29239150292585,120.8802174468282,168.1277661456269,68.92206453256775,174.33530238295683,2.7596185017754093,298
0.86,1.453,0.0492,0.0492,-0.0347,104.57632889330564,127.3103134353286,206.39048694096232,121.6310802740312,166.79080141728844,69.56771589004804,174.6401486965995,2.725670591805823,298
0.87,1.5265,0.0481,0.0481,-0.0343,105.47834743187684,128.40842296054572,210.58050043587764,122.15945291206702,164.59999247903255,70.15757303117861,174.7013828406346,2.6887332066175222,298
0.88,1.5458,0.0478,0.0478,-0.0339,105.81547911410092,128.81884413890546,211.84147148396767,122.52604770476374,164.3342757990307,70.47167545455603,175.08108626445696,2.679228975182427,298
0.89,1.5458,0.0478,0.0478,-0.0338,105.9666396937979,129.00286571418877,212.0795817444768,122.84877678870949,164.77061524168397,70.6933945208638,175.5823220035807,2.6792921091700945,298
0.9,1.5458,0.0471,0.0471,-0.0336,105.96845724317062,129.00507838299032,212.31630686611305,122.84939260072018,163.99736585057695,70.82654412246272,175.7419992566306,2.6752465918448167,298
0.91,1.5458,0.0469,0.0469,-0.0334,106.07406065239395,129.1336390550883,212.5506981548496,123.07393244119208,164.07659223166004,71.01935956884537,176.13652815192498,2.6741207872204837,298
0.92,1.5381,0.0466,0.0466,-0.0332,106.05854936896958,129.1147557535282,212.37562486092037,123.1782620251999,164.05255968357997,71.14635392784999,176.47042463938186,2.675497530183209,298
0.93,1.5265,0.0468,0.0468,-0.0328,106.0985410869242,129.16344132321206,211.9906288277898,123.47531422402416,164.93553860520555,71.3080941061631,177.04238792906372,2.681428184420923,298
0.94,1.5156,0.0462,0.0462,-0.0324,105.97288676745391,129.0104708473352,211.6367608298808,123.40239152669204,164.4070820458332,71.3701865925708,177.21516572455377,2.682343155718592,298
0.95,1.5133,0.0456,0.0456,-0.0321,105.95504751446184,128.9887534958666,211.73827837277395,123.40266724213136,163.77766340472482,71.48719750162287,177.3865561861434,2.6797175807684086,298
0.96,1.5121,0.0443,0.0443,-0.0317,105.7926585821688,128.79106262177072,211.89749650792484,123.06944364321684,161.8688085321917,71.51552464252718,177.18859219207852,2.672271878336169,298
0.97,1.5116,0.0408,0.0408,-0.0311,105.11224243849747,127.96272992512738,212.09422837417503,121.6152109496192,155.8704957574235,71.23018459943823,175.76267688519283,2.649990553175783,298
0.98,1.521,0.0392,0.0392,-0.0305,104.9758889410468,127.79673436301348,212.82116028717297,121.15766996610712,153.16114428865822,71.26036170758664,175.31331320702495,2.635334541230321,298
0.99,1.5304,0.0381,0.0381,-0.03,104.9501399495947,127.765387764724,213.5441494945509,120.94067127377922,151.35080369227367,71.35642670914301,175.12303012953944,2.6238826578329424,298
1.0,1.5342,0.0381,0.0381,-0.0294,105.1321767239846,127.98699775093776,213.96617570253508,121.25737781181782,151.67073648629835,71.58163285245823,175.57211017495646,2.6223699672858944,298
1.01,1.5187,0.0374,0.0374,-0.029,104.89064413953076,127.692958082907,213.34893093912092,121.01218241259195,150.81605322734484,71.56480213914044,175.57766295706517,2.6237274101804817,298
1.02,1.4955,0.0366,0.0366,-0.0281,104.52089623042232,127.2428301935576,212.30970605342776,120.63003417172077,149.8153773715086,71.47379545561175,175.50179368516552,2.6274834743528523,298
1.03,1.4723,0.0352,0.0352,-0.0281,103.9781883813493,126.58214237729482,211.24485028263717,119.89058651188022,147.6028092336934,71.27563275581325,175.0254859892679,2.6268566819485697,298
1.04,1.4452,0.0337,0.0337,-0.0277,103.34196247750462,125.80760649435346,209.9504774330721,119.0259835088096,145.15969762205756,71.01923637950438,174.43938393653858,2.6268818530660445,298
1.05,1.4259,0.033,0.033,-0.0279,103.0168206251909,125.4117816306672,209.0668653497136,118.68371508486186,144.224640990703,70.94698286284302,174.36837465535743,2.6297720114629635,298
1.06,1.4268,0.0333,0.0333,-0.0277,103.23815313044835,125.68122989793714,209.3159162960415,119.13047174987244,145.14947682674125,71.1941011753573,174.9936044305888,2.6318204351598458,298
1.07,1.4277,0.0336,0.0336,-0.0275,103.45811490341808,125.9490094476394,209.563382522916,119.57544875936703,146.07302833325022,71.43982719966259,175.61526797155742,2.633851286868281,298
1.08,1.4343,0.0364,0.0364,-0.0273,104.4308794574054,127.13324455684138,210.1298419069114,121.52154510516108,151.9905906802695,72.15014390659928,177.87637957506587,2.652300826810222,298
1.09,1.4491,0.0436,0.0436,-0.0269,106.51549710217373,129.67103995047236,211.15529656507,125.76635724843638,166.0770235669925,73.53564928284104,182.538312294871,2.6949010803787368,298
1.1,1.4723,0.0488,0.0488,-0.0266,108.08824579327512,131.58569053094362,212.64018870475303,128.79030024878043,175.7254375182499,74.58565425469017,185.68202095854755,2.716302090678423,298
1.11,1.5574,0.0563,0.0563,-0.0256,110.85029760896846,134.94818839352683,217.4744537747881,133.26245021882622,188.25490393570703,76.28083395644694,189.677720445804,2.7216444849185057,298
1.12,1.7006,0.0641,0.0641,-0.0248,114.2392168569361,139.0738292171396,225.1363673905881,138.11495040683198,199.9486730024653,78.28460469789646,193.46834434003583,2.7041439430851635,298
1.13,2.1031,0.072,0.072,-0.0239,120.27803269750108,146.42543111000134,244.4398510372085,144.8557818829193,208.54373551011813,81.7003762313241,197.1655295696509,2.605920649661053,298
1.14,2.3856,0.0825,0.0825,-0.0229,124.88872522913393,152.0384481050326,256.75349866914587,151.05088255238445,221.84504442680628,84.34845023960169,201.32138919855612,2.5679309801555235,298
1.15,2.6719,0.0932,0.0932,-0.0218,129.19830940929944,157.28489841132108,268.37396039733886,156.92096396784436,234.75659022889863,86.81913452111311,205.16290844064287,2.5342668703615985,298
1.16,2.9854,0.1028,0.1028,-0.0209,133.2500364893572,162.217435726174,280.2559497749768,162.2726698376455,245.4821411248293,89.15237899397268,208.4211319734104,2.495374328562338,298
1.17,3.2524,0.1272,0.1272,-0.019,138.65203619754854,168.79378319701564,289.8487414628777,171.21944267185586,274.5499458637835,92.08805323245215,214.8742689589048,2.5084137065836085,298
1.18,3.4458,0.1375,0.1375,-0.0173,141.43380471628106,172.18028400242912,296.58292635972504,175.4214341255886,285.89547132734015,93.68065413639708,217.6211998841977,2.4972469446764287,298
1.19,3.6316,0.1453,0.1453,-0.0161,143.76869943598965,175.02276453077002,302.8587591997776,178.8216155212152,294.14985916065103,95.04779306293167,219.74165532542537,2.4823385856968763,298
1.2,3.709,0.1551,0.1551,-0.0142,145.54751687542927,177.18828141356607,305.5749031472483,182.03204899461696,305.3888102307654,96.07800411395556,222.11845549794663,2.490199831047055,298
1.21,3.7361,0.1563,0.1563,-0.014,146.01132060951153,177.75291204636187,306.67954430846964,182.860736240712,307.1932832139277,96.46261121681752,222.82043517370093,2.488209543858205,298
1.22,3.6935,0.1563,0.1563,-0.0137,145.87913514772004,177.5919906146157,305.5887564524306,183.01576544887257,308.19234563905803,96.52405045598478,223.26595372354225,2.495314921339572,298
1.23,3.5503,0.1562,0.1562,-0.0133,145.0365720502891,176.56626162643892,301.2500191552462,182.56670567137857,309.9113930113525,96.1889395899184,223.6434812162494,2.519556772546365,298
1.24,3.1169,0.1562,0.1562,-0.0133,141.9131475232453,172.76383176742905,286.8531861906493,180.29088559626868,314.4860418481442,94.61514735188192,223.88630293014052,2.600079655973844,298
1.25,2.9196,0.1563,0.1563,-0.0129,140.40517731249938,170.92804194565144,279.99587517577135,179.36427334161525,317.253189656154,93.94290049179024,224.25185731154045,2.640771489377841,298
1.26,2.7648,0.1564,0.1564,-0.011,139.16582299604815,169.41926277779777,274.4543513725235,178.65964920167295,319.6997299496888,93.4204727084355,224.6325008619889,2.674667665330916,298
1.27,2.7486,0.1569,0.1569,-0.0104,139.20318361836604,169.4647452745326,274.05720179079003,179.02176256169253,321.12273987459463,93.5715931470159,225.1658403644374,2.679348934043191,298
1.28,2.7427,0.1616,0.1616,-0.0091,139.73735449131243,170.1150402502934,274.05430943183563,180.42296504352475,327.3415721839587,93.97676764961756,226.4768278947668,2.690156406033375,298
1.29,2.746,0.1663,0.1663,-0.0093,140.3435972612883,170.85307492678578,274.3901701197936,181.8710031174078,333.42561433060666,94.42102178953456,227.7725209146409,2.698707289181116,298
1.3,2.7493,0.168,0.168,-0.0093,140.6675289008472,171.2474264879879,274.72611115840294,182.6378743659561,336.02262810153934,94.72022747370964,228.52192509179724,2.7012925049850494,298
1.31,2.9234,0.1681,0.1681,-0.0093,142.41934074159715,173.38006698977048,281.4635838374948,184.29283368578635,334.82508722429213,95.76995213326568,229.0871708933525,2.6635216008273948,298
1.32,2.8925,0.1681,0.1681,-0.0089,142.27853572999234,173.20865219303414,280.5366338419785,184.4345136220484,335.8297870231804,95.82588989093074,229.5103026549606,2.670122476820706,298
1.33,2.757,0.168,0.168,-0.0082,141.1476985184561,171.831980805077,275.6498315299022,183.7756275158698,337.92782472201304,95.3612958288341,229.8495507637309,2.699643998562957,298
1.34,2.7145,0.168,0.168,-0.0089,140.87114284767193,171.49530433629627,274.21604860834594,183.80731248847,339.0938500184932,95.34654603001576,230.2590883632371,2.709338722466366,298
1.35,2.6874,0.1681,0.1681,-0.0083,140.74909784640093,171.34672781300984,273.3719545062705,183.97450330227164,340.1924898342338,95.4105905418639,230.69334205060449,2.715764114812194,298
1.36,2.6794,0.1677,0.1677,-0.0078,140.76600010295186,171.36730447315878,273.2639005100465,184.1731969226973,340.4726262826574,95.54661187052383,231.047820038555,2.7168638591208403,298
1.37,2.7279,0.1673,0.1673,-0.0064,141.33488697232207,172.05986240108777,275.35387067339974,184.80609696435624,340.05908919836907,95.97002324066712,231.435332330538,2.7049631712620403,298
1.38,2.7763,0.1664,0.1664,-0.0038,141.84879428239807,172.68548869161506,277.4293437700424,185.3188523586038,339.0617904532213,96.3649488805149,231.7291920572324,2.6922614476515365,298
1.39,2.877,0.1636,0.1636,-0.0013,142.65121912735728,173.66235372026105,281.450873627612,185.76827202658757,335.23228599513027,96.91863556302876,231.70237411377903,2.664664660052813,298
1.4,3.0202,0.1579,0.1579,0.0042,143.48727301206358,174.6801584494687,286.96405134601787,185.79006887984056,327.5252064966331,97.50620976387192,231.1383930218383,2.6230061115062298,298
1.41,3.0898,0.1349,0.1349,0.0074,141.6747809611443,172.47364638748002,289.69761545861104,180.7680127463695,299.31062746239127,96.74793435601504,226.9024729115688,2.558609929783043,298
1.42,3.0047,0.1304,0.1304,0.0154,140.5871070804347,171.1495216631379,286.8807460689761,179.3160468346862,294.9561606987821,96.2776283757552,226.26142692251145,2.5649127501015765,298
1.43,2.8499,0.1278,0.1278,0.0167,139.10025575263387,169.33944178581515,281.35273526321134,177.8592230007055,293.6649733826717,95.573781058649,225.98235130388824,2.59130270978588,298
1.44,2.6874,0.1266,0.1266,0.0226,137.6430075177021,167.565400456333,275.3537853756852,176.6797654222063,294.30138760504053,94.87863903590264,226.0054472476443,2.624483177995913,298
1.45,2.6526,0.127,0.127,0.0186,137.48141407671525,167.36867800643597,274.1462295999373,176.83545471494884,295.7261879612664,94.90794516621928,226.47252113270213,2.6337666815800853,298
1.46,2.6371,0.1275,0.1275,0.0186,137.5142458649432,167.40864713993088,273.7201829282917,177.16453714367876,297.0675857411961,95.04023302645672,226.9727338925036,2.638675882335627,298
1.47,2.5287,0.128,0.128,0.0186,136.64684001758525,166.35267480401683,269.55428106357385,176.7733914786551,299.4618887677757,94.6776962696268,227.4101146982643,2.665964039200593,298
1.48,2.3933,0.1276,0.1276,0.0186,135.34370293494018,164.76624705123152,264.13196457096427,175.87512801100254,301.0650749152027,94.08313365309964,227.6151346507232,2.6991530503178653,298
1.49,2.254,0.1272,0.1272,0.0203,133.9147524398171,163.0266551441252,258.3454577590672,174.88376477997514,302.81441700656626,93.4246327133299,227.8090981308255,2.735338586934937,298
1.5,2.2385,0.1265,0.1265,0.0207,133.7785911083186,162.8608935231705,257.8405546696113,174.8510031104746,302.59576048943603,93.46274430259774,228.01966054409655,2.737921812661529,298
1.51,2.2327,0.1188,0.1188,0.0205,132.95096644233578,161.8533504515392,257.7534207352063,172.9280097411561,292.7385648061586,93.11395048166747,226.54183036707065,2.719968375337076,298
1.52,2.2269,0.1132,0.1132,0.0205,132.3290744285235,161.0962645216808,257.6662035117702,171.52541218947607,285.54760958533745,92.87706800270256,225.4961876833162,2.70663571199716,298
1.53,2.223,0.1104,0.1104,0.0205,132.05048649121554,160.75711398930585,257.6612472304862,170.93110235781475,282.1365002413728,92.82987304255938,225.13344602660908,2.700027262003011,298
1.54,2.2075,0.1095,0.1095,0.0205,131.87635541484607,160.54512833111696,257.1404734367573,170.80027385946005,281.51925657276274,92.8413951023211,225.2533188571136,2.701897783741801,298
1.55,2.1921,0.1086,0.1086,0.0205,131.7008489464296,160.33146828260996,256.6193289388311,170.6654624277767,280.89097846256226,92.8512602571991,225.3688657775335,2.703753178124713,298
1.56,2.1534,0.1082,0.1082,0.0209,131.32501051964485,159.87392585000242,255.0480310113924,170.47434708702377,281.2640514261695,92.7507183842967,225.59784435556764,2.713714879864213,298
1.57,2.1185,0.108,0.108,0.0212,131.00877284455817,159.48894085424476,253.6269665362972,170.3706986782306,281.87980858539504,92.68302449189758,225.88118963708925,2.723337924459974,298
1.58,2.098,0.1054,0.1054,0.0216,130.54993253473322,158.93035265097956,252.85078587644105,169.64569468068302,278.8373626276256,92.52950813379488,225.5125098051748,2.721915330455615,298
1.59,2.0904,0.1026,0.1026,0.0226,130.20734044283165,158.51328401736026,252.66770317695983,168.95683328695586,275.2826278401371,92.4367116889037,225.0774998045232,2.715907616618152,298
1.6,2.0828,0.1026,0.1026,0.0222,130.2221448308472,158.5313067505966,252.47026563694823,169.1491281949909,275.8147160683876,92.54941097743831,225.42872770638567,2.718250486590764,298
1.61,2.1108,0.1026,0.1026,0.0273,130.65911746630152,159.06327343723666,253.9598595371704,169.6735593101443,275.8713063951077,92.8883028050544,225.80667061055215,2.709716523984948,298
1.62,2.0798,0.1026,0.1026,0.029,130.40790357647,158.75744783222436,252.7019061386464,169.65421166689134,276.6965360164338,92.85030499156672,226.13592957048425,2.718871893451875,298
1.63,2.076,0.1026,0.1026,0.0298,130.46739804554073,158.82987588152784,252.6868415750916,169.87915285897822,277.17105525396914,92.98479678214,226.4852161287245,2.7200188469686006,298
1.64,2.0803,0.1026,0.1026,0.0302,130.61981878438684,159.0154315636014,253.04279709418915,170.1766812890851,277.5386596282716,93.17079114723224,226.83942514927296,2.718765566891704,298
1.65,2.0847,0.1026,0.1026,0.0307,130.7730572195648,159.2019827020789,253.40340561014588,170.47418514907932,277.902762339967,93.35678002317626,227.1921244403772,2.7174793558758763,298
1.66,2.0953,0.1022,0.1022,0.0317,130.9459886821496,159.41250796087775,254.0541584611116,170.6989200442341,277.5888213767045,93.55171436775224,227.43271724702169,2.71312880449874,298
1.67,2.1185,0.1021,0.1021,0.0324,131.30097665460394,159.84466723169177,255.2798507945636,171.13326541115066,277.55628337479334,93.84912719984165,227.7681423452333,2.706000289448724,298
1.68,2.1534,0.1001,0.1001,0.0326,131.52687722554654,160.11967662240448,257.02721948193584,171.04479307909517,274.54236531968627,94.0718727329796,227.55404325744675,2.6898368413137197,298
1.69,2.1766,0.0992,0.0992,0.0328,131.76112338815184,160.40484586383704,258.2319026861834,171.20340834063978,273.31143132788293,94.30200306297414,227.64660134333687,2.680461936310952,298
1.7,2.2153,0.0993,0.0993,0.0339,132.29979064093632,161.0606146933138,260.13254245225005,171.8286123514697,273.39035726049985,94.70473596672274,228.0462503102336,2.6698125830179973,298
1.71,2.2192,0.0993,0.0993,0.0341,132.44110672316134,161.23265166297904,260.4597701541728,172.11237833042452,273.74435589258496,94.88330794473654,228.38786638664237,2.6687612417105617,298
1.72,2.2346,0.0997,0.0997,0.0351,132.7633893144076,161.62499568710493,261.3059931419453,172.63062818353214,274.5574899557025,95.16367382874928,228.8563154224024,2.6656911232553497,298
1.73,2.254,0.1011,0.1011,0.0343,133.26210074657263,162.23212264800148,262.3114737798375,173.5129979822543,276.8248189606864,95.54640451894262,229.6227578529081,2.664676305477359,298
1.74,2.2966,0.1026,0.1026,0.0345,134.01965411279338,163.15436152861804,264.34139496582924,174.62535346880807,278.9540318782508,96.07536363259088,230.4304690174849,2.657593877542023,298
1.75,2.3275,0.1037,0.1037,0.0372,134.59761066164165,163.8579608054768,265.8636806919628,175.50407716691922,280.61799073318093,96.49929769469811,231.10780020520997,2.6524746660171297,298
1.76,2.3314,0.1065,0.1065,0.0389,135.11841453515308,164.4919829123603,266.1974105564134,176.7023133071621,285.1088445740732,96.8896038396226,232.2470860127692,2.6595849245331307,298
1.77,2.343,0.1076,0.1076,0.04,135.48618121854793,164.939698874754,266.85969248463635,177.40715229193177,286.99176682653354,97.19457367044562,232.89968546197,2.6596611833215364,298
1.78,2.3585,0.1082,0.1082,0.0404,135.8254379306543,165.35270704601393,267.68306954102576,177.9814632160674,288.0933119332159,97.48437532607204,233.411938466888,2.657310173692996,298
1.79,2.3623,0.1084,0.1084,0.0419,135.99118385578583,165.55448469400014,268.00811215892554,178.3288455852752,288.74485218392664,97.6739257115057,233.8019119257029,2.656854265688594,298
1.8,2.3739,0.1085,0.1085,0.0431,136.22345494034673,165.83724949259604,268.6663530063745,178.70879714938343,289.1558788781751,97.90183596170546,234.1682374461968,2.654086710557781,298
1.81,2.4088,0.1087,0.1087,0.0442,136.70676770585035,166.42563025060042,270.32038769967653,179.3153910822856,289.43733000555187,98.27404358438426,234.5781738615934,2.64558911077575,298
1.82,2.4475,0.1089,0.1089,0.0459,137.2240604581,167.05537794899135,272.12759397498763,179.9507037564149,289.677160076481,98.66589318823571,234.98924662707955,2.636229258478332,298
1.83,2.4823,0.1089,0.1089,0.0489,137.67184244258408,167.60050384314584,273.7663905058839,180.48719053904784,289.6705430324763,99.0174082139769,235.3398254785397,2.62737255560376,298
1.84,2.4978,0.1089,0.1089,0.0503,137.9225065009856,167.9056600881564,274.5749385745329,180.86110167660615,289.88932245205086,99.25646299495313,235.67537983032415,2.623491318212136,298
1.85,2.4668,0.1088,0.1088,0.0503,137.69725038727356,167.63143525407216,273.41983477857434,180.81954106070137,290.4939349374072,99.21996034921854,235.9487876770843,2.6310026986356023,298
1.86,2.4436,0.1086,0.1086,0.0544,137.54005298232164,167.44006450021766,272.61697115873415,180.81213970146197,290.85431198049463,99.21849468762764,236.19779035302716,2.6361482621699914,298
1.87,2.4351,0.1086,0.1086,0.0559,137.55096110046858,167.45334394839657,272.4125502474558,180.9854348366192,291.3438592282294,99.3166550907247,236.5123283179389,2.6382851528177573,298
1.88,2.4355,0.1079,0.1079,0.0584,137.5581929126824,167.46214789370035,272.5936678175751,181.00462389904172,290.6885896432042,99.41299920700258,236.63295727534688,2.63611624695866,298
1.89,2.4359,0.1069,0.1069,0.0599,137.52128927782636,167.41722172952774,272.7660390767375,180.92060753917343,289.5821425590306,99.48516296276108,236.66442123787095,2.6331213445016823,298
1.9,2.4397,0.1053,0.1053,0.0605,137.4317123705274,167.30817158151163,273.07522622599055,180.6593572965824,287.5294470856666,99.52892750317731,236.519196123312,2.6275343111315244,298
1.91,2.4436,0.1048,0.1048,0.063,137.4974257129659,167.38817043317593,273.4033561894596,180.76414809316643,287.1081600240117,99.65782906929796,236.68982411490148,2.625008061419905,298
1.92,2.4629,0.1048,0.1048,0.0664,137.78731842606263,167.74108330129363,274.3913937957631,181.16411475411343,287.25706777869925,99.91573493241928,237.01653194205008,2.620013448323352,298
1.93,2.49,0.1048,0.1048,0.0679,138.1483076089354,168.1805483934866,275.6887273205167,181.6233888822832,287.3218839532535,100.21793443125442,237.347464411398,2.6132042042832184,298
1.94,2.5287,0.1045,0.1045,0.0688,138.5742385654804,168.69907303623702,277.4584152611617,182.0716130917968,286.80892193513745,100.56122808957744,237.59656132645807,2.6027671848193723,298
1.95,2.5752,0.1036,0.1036,0.0706,138.98180245113514,169.1952377665993,279.54291255500567,182.3732910774285,285.3092250507794,100.89719283201224,237.6705008717365,2.5887811469434405,298
1.96,2.5829,0.1028,0.1028,0.0736,139.03343435054327,169.25809399196572,280.02549763961633,182.39628355156816,284.37732714549685,101.01920180596473,237.743823287149,2.584462286787479,298
1.97,2.6293,0.0995,0.0995,0.0747,139.06282043510708,169.29386835578254,282.0769295514226,181.84054282109236,279.22234672211704,101.14763435962384,237.0737821002697,2.563446527922084,298
1.98,2.641,0.0995,0.0995,0.0778,139.26421368867656,169.53904275143233,282.71881494242234,182.16440959462676,279.45026737126983,101.3548911050095,237.38547124480107,2.560601642682824,298
1.99,2.641,0.0996,0.0996,0.0812,139.37449972736974,169.67330401592838,282.88613476191455,182.4327934722506,279.9507174435061,101.50540143917928,237.7192677938133,2.5608005752884218,298
2.0,2.641,0.0997,0.0997,0.085,139.48511083216164,169.80796101306635,283.0559322810729,182.700993195442,280.4493963663004,101.65541313830067,238.0519816372224,2.5609814419206915,271
2.01,2.6216,0.1009,0.1009,0.0859,139.57910985806882,169.9223946098229,282.4111010066484,183.2013958807236,282.8424426288745,101.78947149554357,238.71054323993016,2.569205788935246,271
2.02,2.6216,0.1028,0.1028,0.0865,139.9513654645169,170.37557534810753,282.55455263128965,184.09299791033263,286.0978754080878,102.0879535173271,239.59080590616924,2.5749336636347544,271
2.03,2.6177,0.1023,0.1023,0.0869,139.92982598967484,170.3493533787346,282.5361179022132,184.11475545010725,285.73114483628314,102.16493448959416,239.73568955028688,2.574388037288542,271
2.04,2.609,0.1029,0.1029,0.0872,140.02587038878178,170.4662769950387,282.318948787516,184.48074712154065,287.09448081592103,102.30521044117476,240.21055943521893,2.57827216787862,271
2.05,2.6055,0.1035,0.1035,0.0871,140.16849470082838,170.6399065923128,282.31098119074136,184.88588413328952,288.40280359590173,102.47401690887374,240.68738125424568,2.580935061260597,271
2.06,2.6058,0.104,0.104,0.0876,140.3322734624783,170.8392894325823,282.46327116339705,185.28636235485965,289.5157083654365,102.65549297517931,241.13511593678635,2.5823641738946064,271
2.07,2.6061,0.104,0.104,0.0878,140.42193639420967,170.9484443059944,282.612635311955,185.5123949024248,289.86537083424975,102.79549003226784,241.43093754992373,2.582328316573582,271
2.08,2.6293,0.1059,0.1059,0.0895,141.00430668185376,171.65741683008284,283.71354040335774,186.5782303908727,292.8577566571849,103.21974342018548,242.31096714203176,2.58236871694539,271
2.09,2.668,0.1063,0.1063,0.0933,141.51301831148953,172.27671794442207,285.45619144690284,187.25050659421225,293.39322252773763,103.60757534609392,242.75035030145315,2.574355560061876,271
2.1,2.7145,0.1068,0.1068,0.0973,142.10179004942262,172.99348353842754,287.5005055179276,188.01439340920743,294.0008264514479,104.04411938436604,243.22309171851447,2.564972270307767,271
2.11,2.7919,0.1073,0.1073,0.0992,142.95191551285464,174.02841888521434,290.7349784843116,189.00562943186463,294.2980498390939,104.64481201673372,243.7142029931128,2.5489735594101823,271
2.12,2.8615,0.1077,0.1077,0.1022,143.70325700674104,174.94309548646737,293.6239016378567,189.893231855724,294.5391737269404,105.1871275979686,244.1684596306134,2.534803127541402,271
2.13,2.8847,0.1098,0.1098,0.1051,144.30018262336912,175.66978754149287,294.6835229738776,191.01212159927448,297.80453396365994,105.61651698418464,245.08844937765755,2.53568883844749,271
2.14,2.8886,0.1123,0.1123,0.1111,144.79074698028884,176.26699632382991,295.01550851904125,192.118999508907,301.8381207825748,105.9725435453996,246.10072617750168,2.5416130833991115,271
2.15,2.9157,0.1135,0.1135,0.1134,145.282423451556,176.86555898450297,296.21562445611806,192.94995137760003,303.6972283219583,106.34653393785942,246.74891107145984,2.539081913025456,271
2.16,2.9041,0.1175,0.1175,0.1157,145.83421923431837,177.53731037221368,295.9209895133531,194.4125679682735,310.07255925333067,106.7290820978142,248.146276399595,2.552255567990787,271
2.17,2.908,0.1218,0.1218,0.124,146.55198016317917,178.41110628560943,296.26790242751383,196.0671087547224,316.6596296825426,107.20621122055633,249.6024328911988,2.562345320898366,271
2.18,2.9234,0.1251,0.1251,0.1248,147.20989411952135,179.2120450150695,297.00247057709413,197.45550527013245,321.63957271556376,107.663623411307,250.77270903256323,2.567461565768536,271
2.19,2.9389,0.1271,0.1271,0.1254,147.69182541073778,179.79874397828948,297.7374526614564,198.4260868060533,324.7234202419088,108.02492665393456,251.5912921473784,2.569189843921326,271
2.2,2.9428,0.1275,0.1275,0.1278,147.86696861019067,180.0119617863191,298.03899164974894,198.8116161434249,325.62841740710417,108.21070368701514,251.98683236515225,2.5693022942621413,271
2.21,2.9234,0.1276,0.1276,0.131,147.8015421699659,179.932312206915,297.4500207620084,198.92780941242236,326.35243196748286,108.2511174104083,252.28949143856167,2.5735450329431853,271
2.22,2.9236,0.1267,0.1267,0.1356,147.7792368576223,179.90515791362714,297.6244021325041,198.8824491732864,325.42210231692087,108.32447533002332,252.34564307445976,2.5711345654933075,271
2.23,2.9237,0.1263,0.1263,0.1398,147.81947646778488,179.95414526512943,297.79148634491605,198.9897137400592,325.2087092815584,108.4319772926556,252.52897973759556,2.569992203055486,271
2.24,2.9297,0.1261,0.1261,0.1426,147.9343781925594,180.09402562572447,298.17522400924145,199.20129934685224,325.2205899661468,108.58470555987456,252.76675708487437,2.568157283952014,271
2.25,2.9428,0.1262,0.1262,0.1512,148.1591582168515,180.3676708726888,298.87371057728643,199.56847687668107,325.5765444502123,108.79627775895956,253.08620762110075,2.5653499776077764,271
2.26,2.9621,0.1262,0.1262,0.1555,148.4162782122992,180.6806865193208,299.7766000108537,199.94390590600372,325.72972488868675,109.03307355559326,253.38257453504733,2.561187282203236,271
2.27,2.9699,0.1269,0.1269,0.1637,148.67192768072914,180.99191195914847,300.2656748553152,200.45762926213047,327.0101961221605,109.25847864338256,253.8531738724473,2.5610185722997048,271
2.28,2.9699,0.1294,0.1294,0.1705,149.0911690266819,181.5022927281345,300.4457650839404,201.47118828336784,330.9706647902848,109.56934826490512,254.7809878440431,2.5669248839987278,271
2.29,2.9854,0.1311,0.1311,0.18,149.54150589871628,182.05052892017636,301.23660352334,202.35120383572684,333.595866243616,109.90399382002798,255.50623416756676,2.567496623890123,271
2.3,2.9699,0.1314,0.1314,0.1857,149.53817224590767,182.04647056023543,300.8161168801521,202.5572384258778,334.554844198213,109.975615110653,255.85422023355156,2.5712375172042803,271
2.31,2.9583,0.1315,0.1315,0.19,149.53981261670083,182.0484675333749,300.5323915085367,202.7279967846873,335.1878524382079,110.05324932924798,256.1531179502303,2.573756052272787,271
2.32,2.9621,0.1306,0.1306,0.1969,149.5516225594004,182.06284485492225,300.85687358176773,202.7103072135712,334.20746503539766,110.14305688452424,256.2068084306192,2.5705682131373098,271
2.33,2.9428,0.1296,0.1296,0.2024,149.346331715594,181.8129255668101,300.28394291920205,202.48008126074984,333.3307003994514,110.10081450282487,256.21720138449314,2.5719901018239195,271
2.34,2.9312,0.1238,0.1238,0.2052,148.5701611236391,180.8680222374737,299.9847565069032,200.7770111194151,325.3530553162784,109.75143060609382,254.9653641013607,2.55996900843946,271
2.35,2.846,0.121,0.121,0.205,147.52653571056297,179.59752173459842,296.79179997557753,199.4270470429605,322.4907219699272,109.20831326924888,254.42709597716524,2.571005789641061,271
2.36,2.7648,0.1186,0.1186,0.2158,146.5681379280304,178.43077660803704,293.7781031769912,198.22724927890897,320.12876933050285,108.7016070636362,253.9836810644638,2.582148318621279,271
2.37,2.7183,0.1153,0.1153,0.216,145.76754982387894,177.45614761167872,292.03239576027715,196.9650397279424,316.0046903354269,108.30999085463316,253.29271406923291,2.5838311074938782,271
2.38,2.6642,0.1118,0.1118,0.2219,144.8633218379323,176.35534832443932,289.99854474440906,195.55360231652688,311.5813159179195,107.84710942790537,252.5110306419708,2.586419235613258,271
2.39,2.5984,0.1066,0.1066,0.2306,143.58835155000244,174.80321058261163,287.47263941286894,193.4188500878744,304.5474874924746,107.1603078432431,251.17226700369983,2.586745624282748,271
2.4,2.5403,0.1007,0.1007,0.2365,142.24020428929188,173.1619878304423,285.2064057283318,191.01808463739155,296.1401253005935,106.43180694503296,249.5417289652057,2.5829483874047745,271
2.41,2.4784,0.0955,0.0955,0.2454,140.92639677482342,171.56256998674158,282.7669164336745,188.76400927447312,288.6867653959852,105.71083963808522,248.0432275945269,2.5815698805708887,271
2.42,2.4281,0.0909,0.0909,0.2505,139.77747947026307,170.16388805075508,280.7588021556827,186.75832348774472,281.9191854811985,105.08910249335202,246.67737623075783,2.5790064242404647,271
2.43,2.3391,0.0867,0.0867,0.2558,138.27604870618617,168.3360592944875,277.017228834558,184.5106174999543,276.10400708133864,104.2353377023977,245.35312075711315,2.587458377945544,271
2.44,2.312,0.0845,0.0845,0.2604,137.70831500117794,167.64490521882533,275.9631260659036,183.56705499329556,272.90605014440143,103.95743348910494,244.76778827523057,2.586718291933534,271
2.45,2.2733,0.0799,0.0799,0.2661,136.58912674388756,166.28241516647182,274.3866189312295,181.48715474762167,265.57891018906133,103.34178278153364,243.21430557154275,2.580132775243836,271
2.46,2.2385,0.0791,0.0791,0.2708,136.16800637073013,165.76974688610625,272.96037412287194,181.02107629437648,264.8138797088886,103.1431173369482,243.11903479804883,2.5864007612731825,271
2.47,2.2269,0.0783,0.0783,0.2701,135.97254766546308,165.53179715795503,272.5347088557855,180.74838805340303,263.7891783179973,103.09526167006844,243.0379531558876,2.5866547679363188,271
2.48,2.2308,0.0788,0.0788,0.2718,136.1775470404392,165.78136161444775,272.8366907633738,181.18029540695915,264.895923687896,103.29169350254612,243.49107531613748,2.587432004617135,271
2.49,2.2114,0.0756,0.0756,0.271,135.45678634740128,164.90391381422765,272.04987017105003,179.77830630561223,259.6338822094238,102.92257482979676,242.4133658615975,2.5806104129718648,271
2.5,2.1843,0.0757,0.0757,0.2716,135.26279915906275,164.66775549798945,270.913419215246,179.7518706188095,260.3779978250831,102.86581529439913,242.6788637456809,2.58857035414357,271
2.51,2.1185,0.0758,0.0758,0.271,134.64429859515306,163.9147982897516,267.940216864664,179.3582187464823,261.5833812105466,102.53868913832493,242.91079443053025,2.6077760311604896,271
2.52,2.105,0.0765,0.0765,0.2704,134.69186541411872,163.97270572153585,267.4020675279806,179.71109810071022,263.27579748846625,102.63591889518162,243.4345095530504,2.614493156805698,271
2.53,2.1019,0.0772,0.0772,0.2714,134.85504796029574,164.17136273427306,267.36897262988714,180.16299097523324,264.83948063097387,102.80487255940088,243.9646067476849,2.6180879995431168,271
2.54,2.0987,0.0779,0.0779,0.2704,135.0115860102417,164.36193079507686,267.31248684343336,180.60839185265627,266.4074686230314,102.97221562063554,244.49218843040447,2.621803217526899,271
2.55,2.0992,0.0777,0.0777,0.2709,135.0507075591641,164.40955702854762,267.44475809705443,180.6989538697647,266.29631466483016,103.0663004715651,244.65401749171568,2.620921373302512,271
2.56,2.0953,0.0783,0.0783,0.2714,135.18363241996963,164.57137859822393,267.3674876850759,181.09524357600307,267.6880801666735,103.2167580874045,245.1380446852924,2.624366210494144,271
2.57,2.0644,0.079,0.079,0.2763,135.03852859640625,164.39473046519024,266.0382163205706,181.2794496687859,269.5860094965136,103.18405577111164,245.63702677051356,2.6358886505990653,271
2.58,2.0583,0.0788,0.0788,0.2837,135.01768209262522,164.36935211276116,265.9149310025802,181.31790201987025,269.5414671934977,103.22978584599608,245.7920962402432,2.6365850094440373,271
2.59,2.0582,0.0786,0.0786,0.3454,135.1813873374092,164.5686454542373,266.5750267235472,181.5147944294538,269.29045700782405,103.31834465515188,245.9514202563396,2.632437981203685,271
2.6,2.0593,0.0782,0.0782,0.3736,135.2503649460984,164.65261819525023,266.98621644923475,181.57318816114048,268.7391076712657,103.39325299245915,246.02906465213823,2.6290717044952907,271
2.61,2.0605,0.0765,0.0765,0.3795,135.03777893538688,164.39381783438404,267.198825090946,181.0171457714111,265.8572970551486,103.32367395089771,245.566538074823,2.6219345734928874,271
2.62,2.0682,0.0743,0.0743,0.3884,134.80371579678695,164.1088714047841,267.74903024485127,180.2896710701149,261.9339972729133,103.23880726016054,244.8803360944151,2.6106186626066656,271
2.63,2.0798,0.073,0.073,0.4017,134.78025237197,164.08030723544172,268.52347620525046,179.99815742275868,259.592184624833,103.28004657734486,244.5647671526472,2.601351926773256,271
2.64,2.0837,0.0725,0.0725,0.4078,134.80594879813987,164.11158984121374,268.8649769693277,179.98112875373664,258.8403280640407,103.35798567173416,244.58446567841415,2.5979151892895445,271
2.65,2.0837,0.071,0.071,0.4172,134.60087789798274,163.8619383105877,269.050516347294,179.46455875928672,256.2404224712074,103.28729089017624,244.154046941395,2.591321984583613,271
2.66,2.0915,0.0709,0.0709,0.4347,134.76685005566145,164.0639913721096,269.6788424019828,179.68585557196053,256.1600853003929,103.43904175269094,244.34879872666815,2.587741024009232,271
2.67,2.0857,0.0709,0.0709,0.4451,134.79083389255777,164.0931890865921,269.59767949554646,179.81236277638158,256.4407393480461,103.50560216811404,244.5758540453962,2.5888990509465515,271
2.68,2.0828,0.0709,0.0709,0.4542,134.8431847183172,164.15692052664704,269.6418768213635,179.96342339859726,256.6901334196164,103.59246879370455,244.8047616214778,2.5892906622845366,271
2.69,2.0798,0.0709,0.0709,0.4622,134.89197438686733,164.216316644882,269.67099530662125,180.11107413494813,256.9425177063259,103.67826025049231,245.03292960766808,2.5897720517715253,271
2.7,2.0798,0.0711,0.0711,0.4694,135.01054738179067,164.36066637783213,269.83510075163974,180.37944838139916,257.54014646775533,103.80953195398476,245.3528999441085,2.5902528940333736,271
2.71,2.076,0.0713,0.0713,0.4861,135.10727670267616,164.4784238119536,269.90406501825447,180.62846116257023,258.1607301778102,103.91313684120396,245.6688581469436,2.591309635362061,271
2.72,2.0682,0.0714,0.0714,0.4944,135.12344542166875,164.49810746985762,269.70623273784696,180.7767036342118,258.65724921653987,103.97531739699912,245.93585004105745,2.593578560300308,271
2.73,2.0682,0.0713,0.0713,0.4948,135.16877674540544,164.55329342918924,269.8078584126842,180.8905145139433,258.70034637368104,104.0693386636755,246.11944594042103,2.593198918897052,271
2.74,2.0566,0.0725,0.0725,0.4994,135.34776726077524,164.7711949261612,269.39329009993446,181.50903944029295,261.3338517130183,104.23512936912604,246.8720352287173,2.601270499298083,271
2.75,2.0373,0.0736,0.0736,0.5052,135.41982126069198,164.85891283910328,268.6174328834957,182.0019959590031,263.8641445195232,104.3294909492064,247.56659855025623,2.611088651066785,271
2.76,2.0295,0.0738,0.0738,0.5119,135.44824628306066,164.8935172141608,268.39961599656056,182.1900746032457,264.5570931034529,104.40066136341883,247.8744475155416,2.6138677972073947,271
2.77,2.0063,0.0737,0.0737,0.5126,135.23320423134058,164.63172689032768,267.37955153599984,182.07636108008413,264.8887124444394,104.32106355157732,248.03652592989937,2.6203826075676724,271
2.78,1.9908,0.0737,0.0737,0.5208,135.1378066399967,164.5155906921699,266.7964099947545,182.0965305917384,265.2978785148284,104.3090660257232,248.2485192358447,2.624621183961417,271
2.79,1.9883,0.0714,0.0714,0.5274,134.74903053868434,164.042298047094,266.830466966671,181.17063244928897,261.1693134562402,104.119994980159,247.4498258619688,2.615741624387817,271
2.8,1.9887,0.0705,0.0705,0.5316,134.65036687784092,163.92218576432808,266.9834747786037,180.91278537902207,259.65661821916103,104.116947708599,247.26618892364124,2.61172176763676,271
2.81,1.9891,0.0692,0.0692,0.5382,134.47527570990408,163.70903129901367,267.1584529447302,180.46202038679476,257.3526971797989,104.06232831783076,246.89159512442225,2.6058412207587,271
2.82,1.9908,0.0678,0.0678,0.5339,134.26654506304686,163.4549244245788,267.2955241804643,179.9450354648508,254.84162943454817,104.00138400335015,246.4594327035773,2.599675001573841,271
2.83,1.9908,0.0658,0.0658,0.5435,133.93856150749664,163.05564009608287,267.47823564372123,179.12703074402566,251.11149838092197,103.84538009460294,245.7219166797839,2.5904871879569136,271
2.84,1.9766,0.0639,0.0639,0.5411,133.43775019243466,162.44595675600743,266.8547374222156,178.17557409853754,247.7234297574587,103.58794050412794,244.9932991412957,2.586487368896281,271
2.85,1.9738,0.064,0.064,0.557,133.52219711485802,162.54876170504454,266.95845095687486,178.3787266344694,248.13392718685813,103.68150312352384,245.25854353382397,2.5869264989111413,271
2.86,1.9727,0.0639,0.0639,0.5722,133.58139211577276,162.62082518441903,267.13872231682444,178.49495638380918,248.1257671808663,103.76071168364632,245.4250708733596,2.585989042752237,271
2.87,1.9798,0.0639,0.0639,0.5815,133.74009479627318,162.81402844763693,267.6653551734248,178.73133353078254,248.23484921377724,103.91518894228626,245.64842537026303,2.583368621577436,271
2.88,1.987,0.064,0.064,0.5985,133.9368001306342,163.05349581120686,268.26712484798827,179.03361010098078,248.52593854537696,104.08361445205286,245.92128284161865,2.5807423070500928,271
2.89,1.9986,0.064,0.064,0.6111,134.1504717673873,163.31361780377586,269.0406931028184,179.31885298570552,248.57592161082349,104.27132404976687,246.1476408806972,2.5766188297696755,271
2.9,2.0373,0.0643,0.0643,0.6185,134.779411664888,164.0792837659506,271.0711949804973,179.7685102053123,248.45723712977485,104.70077468329748,246.5476584552131,2.5676724832634794,271
2.91,2.0876,0.0655,0.0655,0.6207,135.71301106642136,165.21583955912166,273.58415324172057,180.744281377676,249.95911164713215,105.33126775755736,247.4009942066176,2.560044806869573,271
2.92,2.1108,0.0668,0.0668,0.6308,136.36123601584825,166.0049829758153,274.86358753355506,181.6151335940271,252.11378512108644,105.77208915862283,248.26955475753127,2.559669863312368,271
2.93,2.1263,0.0684,0.0684,0.6391,136.97020708967804,166.74633906569505,275.758834710269,182.59271445634215,255.00187245322527,106.19268739954458,249.26366607620872,2.562532968914484,271
2.94,2.1418,0.0697,0.0697,0.6456,137.51270405791377,167.40677015746027,276.6346193027463,183.3946545930773,257.2582008126464,106.57095684425246,250.1034342005256,2.5642204857666857,271
2.95,2.1418,0.0744,0.0744,0.6545,138.50155529790763,168.61058905832235,276.8065505826856,185.8736425569612,266.5484092090072,107.2509285183686,252.4509277404782,2.5824180036435576,271
2.96,2.1495,0.078,0.078,0.6585,139.3362830486962,169.62677936363016,277.29372958849456,187.7451931780553,273.37149567708667,107.82944339466825,254.2307939739602,2.5941027986984966,271
2.97,2.1534,0.0795,0.0795,0.6585,139.74161305235754,170.12022458547875,277.56791525025454,188.51219551920585,276.1191194260683,108.12958735948352,255.08210172370488,2.5992559871437515,271
2.98,2.1379,0.0807,0.0807,0.6647,139.87926773316136,170.2878041968921,276.9923008771852,189.01415930643336,278.62275702265543,108.25267367683752,255.78315291429595,2.607987391641551,271
2.99,2.134,0.0821,0.0821,0.6778,140.19740329102004,170.6750996586331,277.0182090680027,189.685089967237,281.25063861822366,108.47980383307116,256.56961065814403,2.614006991020005,271
3.0,2.1335,0.0856,0.0856,0.6803,140.8675105570771,171.49088241731127,277.1086233750528,191.34037134600683,287.8109437643753,108.95375325636756,258.1833953342094,2.626529938673299,282
3.01,2.1333,0.0882,0.0882,0.6809,141.3778462355649,172.11216063460077,277.19590759455406,192.5405869127962,292.6009231428051,109.32429358149996,259.40776932593053,2.635815853258483,282
3.02,2.1356,0.0909,0.0909,0.6816,141.92344413537407,172.77636677349886,277.4008016665256,193.776892546921,297.4728839958118,109.71636808271673,260.64732019006425,2.64454678530583,282
3.03,2.1379,0.0943,0.0943,0.6774,142.55106619080178,173.54042840619348,277.5618781610116,195.2875640687566,303.5902314151006,110.1695379473355,262.11577990141103,2.655416201615477,282
3.04,2.1572,0.0986,0.0986,0.6638,143.47655043694738,174.66710487976204,278.4328627256439,197.24168704515412,310.9271757270543,110.82268869361629,263.87701341520886,2.664633969653149,282
3.05,2.1418,0.1035,0.1035,0.6619,144.06568258905602,175.38430923885082,277.7874149756296,199.17491103872604,319.90810694310187,111.25649938753558,265.75266244668603,2.683476876375963,282
3.06,2.1534,0.1095,0.1095,0.6551,145.09052753824008,176.63194656829228,278.359311624657,201.6486505477206,330.1000142110568,111.96691426936894,267.9391866151026,2.697907198135962,282
3.07,2.1805,0.1219,0.1219,0.6414,147.0330084583161,178.9967059492544,279.58937176474615,206.5199506189044,350.6186517585536,113.2746362047201,271.9515642582388,2.723675503806972,282
3.08,2.2192,0.1259,0.1259,0.6211,148.04038697387713,180.2230797942852,281.2887332985212,208.1987169262211,356.32018861575733,113.96968441216822,273.35579508825856,2.725144606405695,282
3.09,2.2656,0.1283,0.1283,0.6037,148.95409111460296,181.33541526995143,283.349701176364,209.3350221928637,359.1063807187926,114.59231120024404,274.29448264228887,2.720768489898829,282
3.1,2.2966,0.1318,0.1318,0.5676,149.75159543770764,182.30629009807888,284.5350439580476,210.7174637436313,364.1039559330119,115.176968845508,275.50868821101665,2.723613636698797,282
3.11,2.3159,0.1337,0.1337,0.5477,150.25793031419087,182.9226977737976,285.32614195563934,211.4700534734189,366.656175709701,115.55633774206342,276.2639031108948,2.7249125899480715,282
3.12,2.3198,0.1345,0.1345,0.527,150.4501846210278,183.15674649516427,285.41535115645945,211.7356197501877,367.7829386657848,115.74483711629362,276.70633280816736,2.727561074086897,282
3.13,2.3236,0.1348,0.1348,0.5033,150.57840225076458,183.31283752266992,285.474098968069,211.8239266415314,368.1157439587378,115.89658702814748,277.01402200878886,2.7292658210090277,282
3.14,2.3082,0.133,0.133,0.4574,150.1849498973014,182.83385204888867,284.4732521018098,211.03293343169304,365.6129833470872,115.75914922337994,276.7399722975724,2.7320990061587915,282
3.15,2.1572,0.1313,0.1313,0.4472,148.14925850131823,180.35561904508307,277.4797729473307,209.36950388844892,366.4189951871926,114.61576264197296,276.36149219118056,2.768352701593023,282
3.16,2.0644,0.1275,0.1275,0.4343,146.55350101890636,178.41295776214687,273.00198251420494,207.33275007279465,362.4177724107184,113.7151927330158,275.4396043257251,2.7863945009466065,282
3.17,2.0102,0.1235,0.1235,0.4074,145.3866232269512,176.99241088498408,270.18047456153266,205.45112099492715,357.10384639719683,113.08034115987164,274.46591832665376,2.794594958804705,282
3.18,1.9715,0.117,0.117,0.405,144.18774189518734,175.5329031767498,268.3169618053529,202.76846258036483,346.9050220331713,112.35767023427944,272.7215615889342,2.7909455141981554,282
3.19,1.9212,0.1142,0.1142,0.4051,143.23906544365047,174.37799271400928,265.8643686866218,201.318239164394,343.23227497510146,111.81301822248282,272.02813798239475,2.799607432916924,282
3.2,1.8012,0.1087,0.1087,0.4052,140.9056545847782,171.5373186249474,259.7296448270233,198.2369695052382,336.64388399273747,110.42247782291138,270.3732360100089,2.8231814390472296,282
3.21,1.7238,0.1023,0.1023,0.4318,139.0996039494042,169.33864828623123,255.94050047434092,195.09344498145649,326.9701466047279,109.26976518819389,268.3733354973609,2.8300887468487206,282
3.22,1.6426,0.0948,0.0948,0.4373,136.95843829112792,166.73201183267747,251.6173465190001,191.3036095869307,315.18202251408707,107.92285587605686,265.844273843649,2.836411521244653,282
3.23,1.6,0.0799,0.0799,0.4324,134.2389242698083,163.421299111071,249.2500859656908,184.293493190688,287.4641650229639,106.09154753125118,260.1534338961813,2.804407175881748,282
3.24,1.5574,0.0746,0.0746,0.4312,132.8130946362382,161.6855065136813,246.88213565527644,181.3595049422072,277.7862170586076,105.17009907855429,257.9927203232984,2.8017187886984263,282
3.25,1.5149,0.0723,0.0723,0.4317,131.83794533881908,160.49836823856236,244.4974217792472,179.82717676393997,274.0443206853639,104.5695326597019,257.09229772517403,2.809719326266023,282
3.26,1.4684,0.0712,0.0712,0.4322,130.9709697623421,159.4429197106773,241.83215003196847,178.8337751993378,272.8601599177133,104.0575857142978,256.7206807892027,2.82414261528129,282
3.27,1.4334,0.0704,0.0704,0.4376,130.34665025403635,158.6828785701312,239.86682996252532,178.09575492932453,271.98284780116313,103.6877700756236,256.49677044992575,2.8352914064705117,282
3.28,1.4324,0.0693,0.0693,0.4491,130.2733891961817,158.59369119535165,240.01095204430797,177.53943909434363,269.5424123514505,103.62985035311002,256.1686822729889,2.831409973088768,282
3.29,1.4369,0.0683,0.0683,0.4734,130.35005799725351,158.68702712709123,240.63318879344547,177.10632506117682,267.10245899448336,103.6393363874158,255.88802686768784,2.824728068620653,282
3.3,1.4414,0.0651,0.0651,0.499,130.04438494679175,158.3149034134856,241.2683515360561,175.51271946347026,259.9723724158302,103.36104486319032,254.49796625043592,2.808855250632502,282
3.31,1.5536,0.0618,0.0618,0.5217,131.41752221019522,159.98654877762897,248.17541158112465,174.7923037786723,250.1159651410884,104.1201764246726,253.11661258441663,2.75170186341637,282
3.32,1.8864,0.06,0.06,0.5483,135.93027503991482,165.48033483120065,266.52993514332115,176.5316624856082,239.7329845356768,106.89860295347204,252.70104808082783,2.633386082528267,282
3.33,2.0412,0.0598,0.0598,0.5809,137.9700373411856,167.9635237197042,274.6489872627783,177.58390972988724,236.6532507696664,108.18001536418588,252.93122857533052,2.5870244336192383,282
3.34,2.1727,0.0598,0.0598,0.6393,139.70116674670035,170.07098560467873,281.54836741595625,178.55700564318758,234.48956101425915,109.24800252143584,253.2401509301267,2.549709153231943,282
3.35,2.2733,0.0599,0.0599,0.6655,140.96301806142992,171.60715242261034,286.5140044991135,179.30560603066627,233.18397091983857,110.0690651516517,253.57173281892864,2.5242537300637657,282
3.36,2.3159,0.0614,0.0614,0.7116,141.93152442469847,172.78620364745902,288.9263325487955,180.4915332536599,235.4685060931732,110.6821963335716,254.61524737376712,2.5190362691123047,282
3.37,2.343,0.0642,0.0642,0.7499,142.9943264132434,174.08004954655718,290.55309333925874,182.2720049855797,240.51191927738023,111.37085463172134,256.3102586678916,2.5234326904211293,282
3.38,2.3778,0.0643,0.0643,0.7795,143.5254927773219,174.7266868593484,292.4350367886168,182.58691758672848,240.1220820667845,111.71395385127964,256.58236535567653,2.5150564555445643,282
3.39,2.401,0.0637,0.0637,0.8646,143.88675958425864,175.16648992866268,294.2538938367527,182.50878991347213,238.38986596451184,111.87508622397976,256.47988320508733,2.504155601692452,282
3.4,2.4359,0.0631,0.0631,0.8849,144.2330845077325,175.58810287897873,296.0305925093348,182.42261818682655,236.6814395526868,112.11155087464768,256.3828778440518,2.4935126529659137,282
3.41,2.4707,0.0618,0.0618,0.9039,144.40891046386625,175.80215186905457,297.77762387726216,181.9386261772817,233.6215487176383,112.23845141877516,255.90689249977112,2.480070777332473,282
3.42,2.49,0.0611,0.0611,0.9143,144.5463093221029,175.9694200442992,298.77784072833896,181.6830651882244,231.9538877397658,112.349516284533,255.73230479414124,2.473065340918228,282
3.43,2.3778,0.0609,0.0609,0.9166,143.49878036316835,174.6941673986397,294.01053730258485,180.91557009182148,232.8805843618231,111.6662855672926,255.7249563853657,2.498400820546075,282
3.44,2.3469,0.0584,0.0584,0.928,142.72416179558496,173.75115349027735,292.82590443637935,179.3214993451072,228.2106742725778,111.15898091443624,254.49799865045733,2.4948395135086168,282
3.45,2.3082,0.0551,0.0551,0.9356,141.64760968908365,172.4405683171453,291.25035927686974,177.1568609692192,221.92960244298837,110.4481609779738,252.73530749932908,2.489222456566806,282
3.46,2.223,0.0501,0.0501,0.9356,139.6004706746687,169.9483990822054,287.47850896061544,173.54174284330594,212.4726113969025,109.0753944867038,249.7423907195536,2.4861083457097317,282
3.47,2.165,0.048,0.048,0.8993,138.4554745524066,168.5544907594515,284.5660914272514,171.7816824706848,208.70026842131583,108.36234067136787,248.48882463909737,2.492197217673284,282
3.48,2.0644,0.0457,0.0457,0.8955,136.82883040832752,166.57422832318133,279.86586784590065,169.59522930448136,204.83414655879167,107.27047702082471,247.0005297065948,2.506836833156787,282
3.49,2.0063,0.0425,0.0425,0.8973,135.37383317970705,164.80292734920857,277.1588539079489,167.01174756882526,198.30717637167305,106.27340084860806,244.80646277707373,2.5049070970266443,282
3.5,2.0102,0.0393,0.0393,0.899,134.54820799033848,163.79781842302077,277.44270725207326,164.7502416866163,190.8690262353984,105.69873159113776,242.50682894962844,2.4851061389229665,282
3.51,2.0008,0.0313,0.0313,0.9029,131.83532574334876,160.4951791658159,277.09967482948804,158.38391874118952,171.61878437300606,103.7329458019972,235.5982862093289,2.4334646996807665,282
3.52,1.9963,0.031,0.031,0.916,131.786132052569,160.43529119443184,277.07968543148945,158.1320859518347,170.87518623804112,103.69843931772508,235.46900054845165,2.43250388994964,282
3.53,1.9955,0.0308,0.0308,0.9331,131.82055941799487,160.47720276973288,277.27694075224025,157.9954225577149,170.3411265380408,103.71852930873824,235.4391774653941,2.431074586228474,282
3.54,2.0222,0.0305,0.0305,0.9456,132.09491552536184,160.81120150913614,278.76653874227804,157.9553962019035,169.31668180266766,103.91453242397112,235.33128064895877,2.421703562872821,282
3.55,2.0489,0.0305,0.0305,0.9591,132.48022477614262,161.28027364052144,280.254366256755,158.17271451773956,169.05283903469098,104.1926734514152,235.5221523266124,2.414670436251684,282
3.56,2.1147,0.0309,0.0309,0.9841,133.42840116953388,162.43457533682388,283.68606198727485,159.00638935215346,169.44157119993872,104.86324634799476,236.1446158882376,2.4001153309730863,282
3.57,2.1882,0.0313,0.0313,1.0241,134.45682946292405,163.68657499834234,287.54346611038847,159.89434563858262,169.7526437953925,105.5752934118566,236.7675727039007,2.383467380949749,282
3.58,2.254,0.0331,0.0331,1.0353,135.86373234696947,165.39932633544112,290.7281491091556,161.84468031701263,173.55992317907914,106.60274582303136,238.71607179068772,2.380749088130476,282
3.59,2.312,0.0339,0.0339,1.0355,136.7826860367025,166.5180525664205,293.4202571251448,162.8762906915087,174.98780469308105,107.28892705660115,239.6724534344332,2.373320164377832,282
3.6,2.6332,0.0376,0.0376,1.0042,140.93465720279897,171.5726261599292,307.07714550029345,167.64236203600572,181.037623767575,110.34691176372682,243.32699255316967,2.328983354321866,282
3.61,2.9544,0.0395,0.0395,0.991,144.1621116781792,175.50170117343558,319.9674166829923,170.78889683994083,182.9234593461884,112.73790562493068,245.27211310994636,2.278621360221685,282
3.62,2.8035,0.0423,0.0423,1.0013,144.06848682999092,175.38772309738025,314.17358467101405,172.05361543362724,189.99683888572463,112.6144024695468,247.5427752885832,2.3245146751053998,282
3.63,2.8055,0.0448,0.0448,1.0116,144.98833751511572,176.50754132274955,314.4180064118811,173.83043390799813,195.2342977533872,113.25083669320529,249.5729712006048,2.338577283261553,282
3.64,2.8076,0.0485,0.0485,1.0228,146.23273257088147,178.02245704281225,314.6730242968715,176.33264440576718,202.82698150404357,114.09873924462084,252.3379161272196,2.3582716278099465,282
3.65,2.8151,0.0529,0.0529,1.0241,147.63356819361783,179.72782214875215,315.06854972750625,179.16930514068866,211.5876386961717,115.05597344237168,255.38497432874664,2.379507482917562,282
3.66,2.8654,0.0576,0.0576,1.0569,149.4355021954699,181.9214809336155,317.40221855039977,182.30222172725595,220.23097252192397,116.25598169926408,258.43930458402315,2.391124576779865,282
3.67,2.8886,0.0588,0.0588,1.0897,150.07357842214543,182.6982693834814,318.6486810834429,183.1716645529757,222.2335252466281,116.6788912441214,259.32740179744025,2.391515350688883,282
3.68,2.9505,0.0605,0.0605,1.1508,151.18620616347482,184.052772720752,321.6048124855404,184.54815578478156,224.75549111462948,117.4016449077217,260.510168514969,2.385698620526119,282
3.69,3.1092,0.0619,0.0619,1.203,152.93930973685812,186.1869857666099,328.12499186851096,186.22244355935769,225.8463800170529,118.60496878982256,261.5669151717373,2.3615360517402326,282
3.7,3.2059,0.0653,0.0653,1.2576,154.67092021902155,188.2950333101132,332.1957674667233,188.64071135758627,231.11359085345725,119.74916457017292,263.63164221026784,2.3575274346917694,282
3.71,3.2911,0.0685,0.0685,1.3689,156.30672958247334,190.28645340475012,336.16635821392,190.8809129330746,235.89928037317665,120.77115024748258,265.5091258185925,2.35281734607134,282
3.72,3.3452,0.0699,0.0699,1.3765,157.12748220410563,191.285630509346,338.2554018182297,191.89615293489936,237.8649634896972,121.34926398651533,266.42187198393003,2.3496540923597946,282
3.73,3.4033,0.0731,0.0731,1.3974,158.3978972539048,192.8322227438841,340.55791653660145,193.8431134483588,242.8726525447543,122.19449874389286,268.1929828799268,2.3521798727543186,282
3.74,3.442,0.0747,0.0747,1.3818,159.1038747653513,193.6916736273842,341.9119096952784,194.83001043753796,245.28244721600723,122.70506874073897,269.1536969393744,2.352918167101111,282
3.75,3.4884,0.0757,0.0757,1.4309,159.8101823668087,194.55152635959325,343.9585910843964,195.6048421488799,246.4779703125927,123.16906863536695,269.8283420924544,2.348279993548584,282
3.76,3.5116,0.0787,0.0787,1.48,160.78733288396026,195.7411009022125,345.1831971298319,197.2326092001696,251.2245037675596,123.77663521034565,271.3911820980354,2.354372985885506,282
3.77,3.5619,0.0781,0.0781,1.5191,161.14841752904238,196.180682209269,347.27213594141057,197.2307316422084,249.6948370113309,124.04318880817888,271.3321125345219,2.343933148781088,282
3.78,3.6355,0.0799,0.0799,1.5474,162.1673912901894,197.421172005448,350.0677794660459,198.4740232119469,251.99674851637516,124.73638785577808,272.3606969170873,2.33868333497838,282
3.79,3.6858,0.0825,0.0825,1.5789,163.19363655493785,198.67051406688083,352.0668880862501,199.97232500396933,255.769895638706,125.4081540761778,273.7075794153735,2.3396144866440487,282
3.8,3.7515,0.084,0.084,1.6204,164.08954401318942,199.7611840160567,354.6282861790989,201.0172729627421,257.5652156394985,126.00806906311914,274.5683217506524,2.334290127980714,282
3.81,3.8057,0.0864,0.0864,1.6923,165.125353416949,201.0221693771553,356.9741916687843,202.4344882151897,260.83502110124584,126.65670398796058,275.78826104765056,2.332801131871784,282
3.82,3.8405,0.0875,0.0875,1.7822,165.78062622665823,201.8198927976709,358.77482013146704,203.1781581151507,262.1287408772897,127.04861794860405,276.4440854590414,2.32948102590037,282
3.83,3.8444,0.0893,0.0893,1.7761,166.260813701417,202.40446885389895,358.95758627667703,204.01155428640308,264.9207855397503,127.37466861634492,277.3623231690109,2.335386698617318,282
3.84,3.8483,0.0962,0.0962,1.755,167.70677484447395,204.16476937588132,359.0466876741728,207.0127732910176,275.65025442902254,128.2756307886177,280.2459238572734,2.3568574303239944,282
3.85,3.8715,0.1045,0.1045,1.7559,169.47900106238257,206.32226216290053,359.9045609378641,210.54428043553892,288.03259151488123,129.36511290330898,283.4762926058169,2.377591366417012,282
3.86,4.0031,0.1124,0.1124,1.7567,171.80997381004178,209.15996811657263,364.2646242966988,214.23809054133693,298.49550852407697,130.8723150211626,286.43342601723634,2.380597628279637,282
3.87,4.1927,0.119,0.119,1.8038,174.27858376873888,212.16523241411693,370.642059291779,217.6016142140705,306.1843217325563,132.46799854481353,288.8538687211745,2.370863363179102,282
3.88,4.479,0.1248,0.1248,1.9661,177.2544530965805,215.7880298567067,380.4333206703839,221.06388068312395,311.544960719927,134.35966931866878,290.97844451742515,2.3447877558435084,282
3.89,4.7499,0.129,0.129,2.0666,179.6928129962504,218.7564679954353,389.0618859255055,223.73868264932344,314.8810446251616,135.9706962214656,292.5506934863648,2.3202761715960927,282
3.9,4.986,0.1341,0.1341,2.042,181.8679186138372,221.40442266032352,395.7599458224527,226.42952648180813,319.88460526593974,137.46327919072323,294.32571582753724,2.305885564766313,282
3.91,5.164,0.1426,0.1426,1.9521,184.13798379999977,224.1679802782606,400.3471644104664,229.93366988784493,329.8291408263865,138.96482979143082,296.95600468274085,2.306980249667281,282
3.92,5.1872,0.1455,0.1455,1.9487,184.79592681644192,224.96895438523364,401.0709696408891,230.992266657126,333.3710466029975,139.38605581515978,297.9365768674841,2.3111418630692397,282
3.93,5.1059,0.1494,0.1494,1.9479,185.03872407273525,225.26453365376463,398.9158377131861,231.9660974014108,339.00981498565034,139.4737453940667,299.1206413887682,2.328512976779877,282
3.94,5.0208,0.1534,0.1534,1.995,185.29717408564176,225.57916845208564,396.88737673936953,232.96034887324856,344.7159791302826,139.5405975075143,300.30552051296485,2.3454565175892044,282
3.95,4.9395,0.1567,0.1567,2.0422,185.45450018636896,225.77069587905788,394.9471519707542,233.7210451288498,349.47548003554687,139.5574073985635,301.2943892619504,2.3605787869883943,282
3.96,4.8776,0.1581,0.1581,2.1004,185.45861603527132,225.77570647772168,393.6016037620322,233.96190452206824,351.6166080187737,139.5051113581457,301.8078324405935,2.369645984079233,282
3.97,4.8273,0.1574,0.1574,2.1435,185.2226262375744,225.4884145500905,392.4966917403375,233.58558626738872,351.0028210565058,139.3433970587996,301.8031581274517,2.3737521615256134,282
3.98,4.7577,0.1566,0.1566,2.1116,184.77360595013397,224.9417811566848,390.4170008721978,233.03812398844727,350.55662451830926,139.09073711613394,301.76289625801115,2.381604558620683,282
3.99,4.6919,0.1551,0.1551,2.0646,184.22736775890976,224.27679553258585,388.3433420802518,232.27172818326957,349.20633460845954,138.79802512309843,301.54588926996524,2.3881207486747718,282
4.0,4.6145,0.1503,0.1503,1.888,182.9983709167912,222.78062546391973,385.1792489103483,230.30703220292136,343.90023148550205,138.20127370092052,300.4693123742575,2.392607587228181,270
4.01,4.541,0.1472,0.1472,1.8535,182.17497328882644,221.7782283516148,382.89348072036455,228.98613723523155,340.483791324372,137.73937978372655,299.8100715780901,2.396784876062941,270
4.02,4.4249,0.1446,0.1446,1.7945,181.1128772062755,220.48524181633545,379.15040713858485,227.6033372127736,338.13050355580424,137.11871428685637,299.2474859839811,2.4079990439130934,270
4.03,4.3088,0.1416,0.1416,1.7841,180.02991557380747,219.1668537420265,375.6265843589332,226.11026068587148,335.14978381369434,136.45146043187694,298.56190415932383,2.4175338189730566,270
4.04,3.9953,0.1353,0.1353,1.748,177.07588484865457,215.57064242444903,365.6070854554684,222.5484879572717,329.6140650687414,134.55897571571768,296.8208605490067,2.447830222258345,270
4.05,3.8522,0.1268,0.1268,1.5787,174.6860756299244,212.66130946251667,359.96627889025257,218.80596462509723,319.5039065553065,133.22670550552866,294.43241730890264,2.45437906843276,270
4.06,3.7206,0.1221,0.1221,1.5643,173.0934761743445,210.7224927339846,355.55899312830303,216.4903772168612,314.12740025981407,132.23722586393325,293.0977025856509,2.463887534875862,270
4.07,3.6045,0.1121,0.1121,1.5644,170.7483104448646,207.8675083676613,351.6848898638476,212.2574558557646,300.77484977562693,130.79405937552838,289.9723070071514,2.457503912363608,270
4.08,3.5039,0.1063,0.1063,1.5248,169.0658763241491,205.8193276989641,348.01416428430974,209.4960227118221,293.18404032310224,129.77739564442294,288.095041569237,2.459914686790325,270
4.09,3.3607,0.1009,0.1009,1.4994,167.09046128103478,203.4144746029989,342.8459998040421,206.59587350054076,286.4165274732963,128.53036855262124,286.23793101424786,2.4698199394789877,270
4.1,3.2678,0.0942,0.0942,1.4874,165.23604382766698,201.15692292063807,339.4807533918316,203.35523439499403,276.9360162050319,127.37105544797907,283.8090101510281,2.4670771712588078,270
4.11,3.175,0.0876,0.0876,1.4937,163.35618875344764,198.86840369984927,336.1888910277355,200.0472413010833,267.3026024142316,126.16671264068331,281.25494942357204,2.4632415539984547,270
4.12,3.1053,0.0823,0.0823,1.4288,161.73812432469154,196.8985861344071,333.20065051350286,197.24283930086665,259.4209740358548,125.19885252991028,279.1080072460107,2.461149441796528,270
4.13,3.0627,0.0741,0.0741,1.3664,159.66516548730706,194.3749840715043,331.2171726700677,193.1080271581571,246.1671040485761,123.94981721437809,275.46641594443685,2.4429252333006195,270
4.14,3.0589,0.0704,0.0704,1.3175,158.82089606366353,193.34717781663383,330.7972049719815,191.22506461008695,239.8952858887298,123.48489841322504,273.80316907230696,2.4321216867424456,270
4.15,3.0395,0.0672,0.0672,1.3202,158.01284473646857,192.36346315744,330.15356405322467,189.50682404211145,234.44338866517492,122.97882884110756,272.30565800649,2.423764764581723,270
4.16,3.0202,0.0639,0.0639,1.3073,157.12867596067542,191.2870837782136,329.3966141638292,187.670815395337,228.74721202852044,122.43553447200114,270.6809822721778,2.4150372713267942,270
4.17,2.997,0.0617,0.0617,1.2989,156.4671176963948,190.48170849995893,328.51788334843457,186.36138537359463,224.96652250858725,122.02595237910978,269.59928156116035,2.4110447755301605,270
4.18,2.9776,0.0589,0.0589,1.2851,155.65560442550253,189.4937793006118,327.74182249485045,184.7077000158322,220.0141305670316,121.52374760784794,268.1260152995795,2.4036374738862105,270
4.19,2.9467,0.0575,0.0575,1.253,155.07340567376824,188.7850156028483,326.37611213343274,183.72051774966505,217.69656881044207,121.17977043588677,267.4298057395316,2.405005310834472,270
4.2,2.9118,0.056,0.056,1.2424,154.4559196985249,188.03329354603036,325.0025043385221,182.6628375357414,215.16668356367225,120.78694415447784,266.64967875154474,2.405848446079448,270
4.21,2.8693,0.0558,0.0558,1.2329,154.12245031755612,187.62733082137265,323.323576679669,182.29937724678257,215.11357765228587,120.57537524246428,266.6570766255526,2.414153349325232,270
4.22,2.8112,0.0555,0.0555,1.2312,153.63734837408984,187.03677193367457,321.0602991844585,181.7889320830406,214.9870940646721,120.24621450050034,266.5899002859081,2.4249243119361177,270
4.23,2.7919,0.0545,0.0545,1.2308,153.28495738158267,186.60777420366588,320.35343151496926,181.103402495198,213.22601766020483,120.0247843897096,266.1062486036169,2.424742491198368,270
4.24,2.7841,0.0535,0.0535,1.2303,153.02529498229424,186.2916634567061,320.1086863095168,180.4808775804781,211.3622235726453,119.87082949486827,265.6195132618409,2.422201535716228,270
4.25,2.7687,0.0511,0.0511,1.2377,152.2648247454541,185.36587360316156,319.61537503669206,179.0923262813922,207.02127570782145,119.39787844471871,264.18594772152045,2.4130872146444244,270
4.26,2.7532,0.049,0.049,1.2286,151.58901029194695,184.5431429641093,318.9880608208217,177.70598028412155,203.02416957667955,118.96428637731267,262.8939996675243,2.406566876809857,270
4.27,2.6835,0.0489,0.0489,1.184,150.9740753394027,183.79452650014244,315.8457332144534,177.1711528875293,203.39551224749863,118.5830012751706,262.93024815937787,2.422773460312929,270
4.28,2.641,0.0489,0.0489,1.1227,150.58123859011616,183.31629045753272,313.65910213120947,176.838685516446,203.7914873873032,118.38767071590036,263.0548217952212,2.434831139449644,270
4.29,2.5906,0.049,0.049,1.1081,150.2598990747965,182.9250945258392,311.4859517525239,176.45406846914028,204.20794581658728,118.1562983861831,263.24255866773865,2.448222945435995,270
4.3,2.5442,0.049,0.049,1.0914,149.88679856207736,182.47088520600724,309.4398660121664,176.13829184781665,204.5837127547411,117.92549504196336,263.3624443116463,2.459734712741809,270
4.31,2.4629,0.0493,0.0493,1.0767,149.26183098625816,181.7100551137056,305.862908761068,175.76647301614057,205.8526318050023,117.51062456993304,263.663073572807,2.480845554049518,270
4.32,2.46,0.0501,0.0501,1.0374,149.4669033336352,181.95970840616465,305.4783494914478,176.19264735980676,207.50579518195943,117.7235883149464,264.3680499109337,2.487992983691571,270
4.33,2.4732,0.052,0.052,1.0209,150.1674710802612,182.81257348901363,305.989893693559,177.41057819184073,211.1332989434456,118.25487843244792,265.8163842336372,2.495906113892977,270
4.34,2.4864,0.0532,0.0532,1.0045,150.66795989646764,183.42186422178668,306.5012962487648,178.19392704999157,213.35339507938895,118.6459332780842,266.77209203646623,2.500153561649278,270
4.35,2.5133,0.0565,0.0565,1.0072,151.83495674119018,184.8425560327533,307.76648360095567,180.39046446501408,219.5882852806988,119.5014132317376,269.04544496598874,2.5095091352983783,270
4.36,2.5558,0.0569,0.0569,0.9936,152.40241125238882,185.53337022029945,309.56407015828376,180.8913986081021,219.9497724592325,119.93701995021571,269.48222881759165,2.5030750252225804,270
4.37,2.61,0.0572,0.0572,0.9919,153.0703834696227,186.3465537891059,311.9422292493711,181.42620432862816,220.0021342958144,120.42919016950954,269.864763777926,2.493242516781354,270
4.38,2.6642,0.0573,0.0573,0.9318,153.5751127800746,186.9610068626995,313.82636865687806,181.7708344873036,219.7837750828088,120.88045387664415,270.1232714003626,2.485097342640777,270
4.39,2.6603,0.0573,0.0573,0.8812,153.53082405238436,186.9070901507288,313.32605836319703,181.68657063049667,219.8665078707944,120.93160079223377,270.27623869906023,2.4886750767353814,270
4.4,2.6371,0.0574,0.0574,0.874,153.40776403480572,186.75727795541567,312.35370393222826,181.58339702342684,220.2327800378968,120.87307881310426,270.4756451738485,2.495131232727624,270
4.41,2.6332,0.0577,0.0577,0.8826,153.54351303500016,186.92253760782629,312.327411473838,181.73948428248173,220.77907929619772,120.97594332465926,270.81153243485033,2.4976561950103493,270
4.42,2.6293,0.0577,0.0577,0.8912,153.60257315512547,186.9944368845006,312.30088416804364,181.72866166902992,220.76403988760015,121.02630848469654,270.9637925630873,2.498816033507796,270
4.43,2.641,0.0577,0.0577,0.9105,153.8272058598276,187.26790278587708,313.02486000587743,181.8363852628982,220.5958141406552,121.17981947082484,271.1276688463348,2.496127305902337,270
4.44,2.6023,0.0576,0.0576,0.9653,153.61542819298612,187.0100864958092,311.8886730946899,181.59445203632197,220.62028827324983,120.9809010950202,271.19158799965584,2.5025225259086485,270
4.45,2.5848,0.0572,0.0572,1.0071,153.50258735727704,186.8727150436416,311.5488353991176,181.31155673763976,219.9208269517368,120.86909115004964,271.0867439980498,2.503466108241417,270
4.46,2.5674,0.0569,0.0569,0.9943,153.3164012671412,186.64605371651976,310.76581825271137,181.0129581973373,219.49674737653305,120.77423663038424,271.041830355724,2.5071468716436414,270
4.47,2.5636,0.0541,0.0541,0.9811,152.60282669377426,185.7773542358991,310.562796762812,179.38797191324028,214.22012156092936,120.31869845551952,269.41929487901695,2.4960711693830437,270
4.48,2.5558,0.0533,0.0533,0.9708,152.37413202570195,185.4989433356372,310.21003876504614,178.8632621982803,212.74066662644643,120.19193801078472,269.0440109788391,2.4950507849951467,270
4.49,2.5481,0.053,0.053,0.9606,152.27988296226465,185.38420534536567,309.8611864592143,178.6271762232657,212.21464803529045,120.1579123938288,268.9923596129537,2.4964095761884098,270
4.5,2.4978,0.0531,0.0531,0.9672,151.91265535713603,184.9371456521656,307.7910011577111,178.34796904006674,212.78930113253745,119.9063133452736,269.17005040004955,2.508672519983498,270
4.51,2.4397,0.0532,0.0532,0.9604,151.43180109209396,184.35175785124483,305.2359286274214,177.98740679893336,213.4622896109803,119.59306944051018,269.3402272775881,2.523574124061485,270
4.52,2.3933,0.0554,0.0554,0.8751,151.4474439303288,184.37080130648727,302.49750075544506,178.78946875671014,218.2108697668497,119.7383327361384,270.8760624002524,2.5496466750893787,270
4.53,2.3886,0.0576,0.0576,0.8404,151.96039724451762,184.9952662107171,302.05304871423203,179.9290668171465,222.44975395981805,120.1657891583914,272.39917299970944,2.563252654375727,270
4.54,2.3885,0.0604,0.0604,0.8427,152.71997913859897,185.9199746035118,302.13425659867056,181.44308155014255,227.6353588450621,120.71339138185004,274.23811495495096,2.5763847305280616,270
4.55,2.4122,0.0637,0.0637,0.8451,153.82153994283027,187.26100514779336,303.29104253295384,183.34663385916335,233.40308481309927,121.49434982557533,276.3151029906756,2.585406569034194,270
4.56,2.4359,0.0656,0.0656,0.851,154.5909573018525,188.1976871500813,304.4716370823497,184.49697067526463,236.53593173968088,122.03714234124656,277.5470653642625,2.5880295530017223,270
4.57,2.5597,0.0669,0.0669,0.9511,156.42756176808987,190.43355345680507,310.82828574369813,186.19090273618855,237.4022047187759,123.1867848179988,278.5124081659597,2.560921995331571,270
4.58,2.6564,0.0725,0.0725,0.9676,158.71640642253726,193.21997303613236,315.17436995588383,189.61639256151005,246.1281262420493,124.75120243820858,281.67119344027105,2.5612610177871145,270
4.59,2.7222,0.0753,0.0753,0.9672,160.02258926339255,194.81010866847788,318.0093611132402,191.38249908110168,250.19318229873443,125.66207214677462,283.2696982825003,2.5581435865916053,270
4.6,2.7183,0.0779,0.0779,0.9107,160.49254359274568,195.382226982473,317.4650035174682,192.46841874241903,254.63033583243543,126.06685908490388,284.6761980059497,2.571239676545813,270
4.61,2.7242,0.0786,0.0786,0.7842,160.5355212812408,195.43454764672796,316.7709784818025,192.65496838382137,255.91712749043296,126.27610162136769,285.16865615239567,2.5782518921778235,270
4.62,2.73,0.0788,0.0788,0.6211,160.40632700857375,195.27726766261156,315.7749728035496,192.56459222872263,256.44461187230246,126.41755584770294,285.42380213558533,2.585058187041009,270
4.63,2.5868,0.0786,0.0786,0.5942,158.92826162431012,193.47788371655145,309.4555464092676,191.39310386904052,257.5884562210503,125.48946291594068,285.3718444450468,2.6181464767240565,270
4.64,2.4629,0.0785,0.0785,0.5735,157.6060130908012,191.86818984967104,303.83894026600893,190.36792797684544,258.75896487494146,124.6672384170126,285.3767357557811,2.6485764248254755,270
4.65,2.3623,0.0753,0.0753,0.5249,155.82485818566903,189.69982735646664,298.8789426296181,188.04985745775903,254.5120723903072,123.56741861173704,283.903913255628,2.6649102280187678,270
4.66,2.2772,0.0703,0.0703,0.5302,153.9252156867559,187.38721909692023,295.00009742002953,185.03126167069848,246.7241404523116,122.29034467200852,281.4558976153786,2.6684049876286102,270
4.67,2.0915,0.0637,0.0637,0.5354,150.36899634646556,183.05790859569723,286.08795728772486,180.21738629227968,236.9146975435725,119.88847110097473,277.8474661924817,2.69279873440048,270
4.68,2.0179,0.058,0.058,0.546,148.26658787034674,180.49845479868296,282.5441235605545,176.6164789984726,226.99257960622708,118.41759644463188,274.5578420456706,2.6891463602714363,270
4.69,1.9676,0.0539,0.0539,0.5847,146.8185563096267,178.73563376824123,280.40475812288463,173.97998021265113,219.47951942660117,117.3417719196827,272.0496406060631,2.6832516974516327,270
4.7,1.9251,0.0446,0.0446,0.6283,144.0166270873367,175.3245894976273,278.69132591367645,168.13747031923887,200.88602438051137,115.21714118369783,265.53330405983144,2.645341835403284,270
4.71,1.9248,0.0418,0.0418,0.6818,143.39791441895576,174.5713740752505,279.263007475506,166.41770994790082,194.79635083448724,114.66392252370429,263.4458824127088,2.6266405607440357,270
4.72,1.9246,0.0389,0.0389,0.7133,142.64696997320056,173.65718083693983,279.6218571926784,164.51297866179982,188.3974480660443,114.04717835981184,261.1347381155556,2.6076311413029907,270
4.73,1.9289,0.0366,0.0366,0.751,142.1080103686633,173.0010561009814,280.27390151417444,162.99736494077425,183.15026467059232,113.5750008945731,259.21698621788147,2.5898513742348417,270
4.74,1.9212,0.0334,0.0334,0.7548,140.98427294973447,171.6330279388072,279.97141674669587,160.57335888906363,175.871028151737,112.71704895006712,256.2814388580183,2.570420763697818,270
4.75,1.9018,0.0303,0.0303,0.7395,139.63012851647576,169.98450428092704,278.870187761867,157.94802142130487,168.69363770701463,111.71156140873488,253.17254082938803,2.5546250400667647,270
4.76,1.8825,0.0303,0.0303,0.723,139.43019632528717,169.7411085699148,277.75378550258546,157.74954303979803,168.84340025693726,111.61283303825482,253.2881634692581,2.5621134929370872,270
4.77,1.8731,0.0303,0.0303,0.7057,139.34559526888498,169.63811597951215,277.1436257686292,157.63760807462322,168.9214124073908,111.59749580402828,253.4132963433068,2.566673388514511,270
4.78,1.8687,0.0312,0.0312,0.6818,139.64810235222916,170.006385472279,276.7287502518112,158.2778748858679,171.13172424627206,111.89619272862966,254.5097963274681,2.5770293971362714,270
4.79,1.872,0.0333,0.0333,0.6687,140.4970185838361,171.039848710757,276.828917189259,159.9149845350033,176.0614167536727,112.59678980266592,256.8132659552194,2.593018912903882,270
4.8,1.8752,0.0394,0.0394,0.6416,142.57585349464946,173.57060425435589,276.78292536550697,164.2789792736425,189.8531931843687,114.2741309009636,262.63273086077146,2.635484057138299,270
4.81,1.898,0.0441,0.0441,0.6018,144.2423669033251,175.59940318665664,277.6449631734509,167.50437869164932,199.78712640098416,115.61580599402517,266.672890491844,2.659754692562617,270
4.82,1.9522,0.0473,0.0473,0.5508,145.77564973233368,177.46600836979752,280.03258643200604,169.8969366184655,205.95545549566907,116.82986496799552,269.31000270298324,2.6646432363883377,270
4.83,1.9522,0.0495,0.0495,0.4686,146.22962802390745,178.01867759432213,279.27571052249925,171.058219569707,210.5483509178712,117.33912822445664,271.0484544546291,2.681829077622345,270
4.84,1.9084,0.0531,0.0531,0.4923,146.68740201433795,178.57596766962882,277.26630723977235,172.74017387757115,218.10894172681185,117.70748312839352,273.6307326416673,2.713025692764547,270
4.85,1.8908,0.0555,0.0555,0.4049,146.86472767157858,178.79184238279132,275.5032284124064,173.7207804119513,223.1539261736586,118.05035826177,275.3326282701412,2.736207729569719,270
4.86,1.9021,0.0554,0.0554,0.3175,146.83933634359312,178.76093120089598,275.2753318659424,173.60738606790994,222.9735243062249,118.20167153122962,275.42371234483824,2.738123288455261,270
4.87,1.9135,0.0553,0.0553,0.318,147.04596610260063,179.0124804727312,275.9463199045167,173.66001782163534,222.59645225061092,118.35329662311584,275.5144493295961,2.734655784897458,270
4.88,1.9676,0.0548,0.0548,0.3028,147.69466844848952,179.8022050677264,278.716120990938,173.88064528532132,220.99349069385968,118.80759950076178,275.3889913603605,2.716813582149499,270
4.89,1.9096,0.0537,0.0537,0.2954,146.6956643902112,178.58602621417018,275.61998736433003,172.69036865654172,219.47212865538432,118.1651084851255,274.74546190268666,2.7309096256280245,270
4.9,1.8631,0.0508,0.0508,0.2969,145.4155602807673,177.02763860267325,273.181682470321,170.5935752283457,214.1961853028044,117.27164826754615,272.860954417304,2.7320466661357226,270
4.91,1.8245,0.0478,0.0478,0.2985,144.1827209946945,175.52679077614985,271.14144200558127,168.45152744766352,208.4871304598314,116.39537133711566,270.80798397664563,2.7296311215452085,270
4.92,1.778,0.0466,0.0466,0.3044,143.28997409338584,174.4399684615132,268.67820636421453,167.259927527014,206.46891496560693,115.78447362565204,270.00175718478783,2.739170786062923,270
4.93,1.7277,0.0451,0.0451,0.3165,142.25992273272232,173.18599289200978,266.0261183014408,165.83533300229482,203.8218664215236,115.05920250547474,268.93680561557693,2.748193152933984,270
4.94,1.631,0.0442,0.0442,0.3469,140.7138791016824,171.30385281943947,260.82672184516315,164.28117207824025,202.91514686614624,113.982278318042,268.256175011281,2.77678365616428,270
4.95,1.5961,0.0422,0.0422,0.3366,139.6621471408985,170.02348347587645,258.6997168092506,162.60066067773852,198.97954017088503,113.255592331886,266.7399921694143,2.779588881938148,270
4.96,1.5497,0.0377,0.0377,0.3512,137.74303010084287,167.68716707928698,256.13242989346656,159.11816636820015,189.38639262367175,111.7876226610696,262.9352588135866,2.768737750671692,270
4.97,1.4955,0.0363,0.0363,0.3749,136.5860057053855,166.2786156413389,253.14567367986385,157.5596753681141,186.6808221860728,110.92933080371508,261.7093281224458,2.779840238624594,270
4.98,1.4491,0.0363,0.0363,0.3892,135.93151323760455,165.48184220230118,250.4757287683405,157.0283864294635,187.14702056859105,110.4887330143426,261.78138929942617,2.7985483451255377,270
4.99,1.4201,0.0363,0.0363,0.3986,135.53759196774325,165.0022858737744,248.8059519072881,156.68708528551068,187.43232750669,110.22902096939409,261.87510519708087,2.810759735987656,270
5.0,1.4172,0.0364,0.0364,0.4024,135.59564660788965,165.07296108786565,248.7167918925516,156.72295082377644,187.6572378408633,110.28310465972824,262.0975352246402,2.813089270783673,271
5.01,1.4143,0.0366,0.0366,0.3856,135.6164631774249,165.09830299860425,248.37792188955507,156.77902973139695,188.16188527559152,110.36201540084494,262.4129409527652,2.81778194013376,271
5.02,1.4259,0.037,0.037,0.3721,135.955493136389,165.51103512256054,249.0022678000011,157.16134453139986,188.94911855272375,110.65295732081836,262.93250503436525,2.8173422799685754,271
5.03,1.4065,0.0368,0.0368,0.3613,135.59171353428508,165.0681729982601,247.68155612145927,156.74671003359683,188.7062310466871,110.44631080003052,262.8529806464226,2.825933281756428,271
5.04,1.3823,0.0375,0.0375,0.3457,135.38682037019413,164.8187378419755,245.9776331440586,156.87171689446058,190.63028465945067,110.40400795749666,263.59623510092115,2.84328583562761,271
5.05,1.3732,0.0384,0.0384,0.2974,135.38407572027887,164.81539652903516,244.83497268081268,157.2328653242361,192.9027331469978,110.57730070363588,264.5298972997518,2.858137996932934,271
5.06,1.3756,0.0408,0.0408,0.2655,136.04695256707714,165.62237703818087,244.64319922904448,158.7480311228752,198.3695046764421,111.2242106556005,266.75987141655287,2.87590523729526,271
5.07,1.378,0.0421,0.0421,0.2497,136.44725150823132,166.1096974882816,244.6515576215339,159.5543873875449,201.23858936791876,111.60337723060708,267.9870979863687,2.884938144290881,271
5.08,1.3835,0.0437,0.0437,0.2545,137.04668202460508,166.83943898647576,245.11917895565327,160.61331094533256,204.61867197508067,112.07503775344276,269.43195802073666,2.892433356700337,271
5.09,1.3949,0.0454,0.0454,0.2594,137.76694475009822,167.71628056533697,245.97130690588236,161.78873048805485,208.07960859536445,112.62510398939766,270.9232232951984,2.897546712912364,271
5.1,1.4297,0.0475,0.0475,0.2739,139.0255153956159,169.24845352509763,248.44360226261225,163.51139315147455,211.9833071264304,113.51236433555285,272.7055594013697,2.8934518992055764,271
5.11,1.4762,0.0513,0.0513,0.2625,140.7743327026586,171.37744850758438,251.306086300007,166.21893286320878,219.18013870995415,114.83003137682266,275.64947844850366,2.8953961946776143,271
5.12,1.5187,0.0535,0.0535,0.2403,142.00700857224575,172.87809739229917,253.744934220038,167.89421548506394,223.0329628448707,115.76578020593462,277.3536847020014,2.891238375855255,271
5.13,1.542,0.0555,0.0555,0.2335,142.89481622069505,173.95890670345486,255.15199189319037,169.21697294204242,226.630676745272,116.43697603500418,278.84917308866136,2.8927355919665154,271
5.14,1.5458,0.0559,0.0559,0.2342,143.11608676806307,174.22827954372897,255.4426982152924,169.4616378979679,227.30236078812476,116.61081368418913,279.2522583392788,2.893775243865717,271
5.15,1.6116,0.0563,0.0563,0.2304,144.37026780814702,175.75510863600508,259.43632869290207,170.4646571054186,227.1321645209326,117.44579572753808,279.7349815739352,2.8705223352020117,271
5.16,1.6078,0.0563,0.0563,0.1967,144.26683453820226,175.62918987259405,258.8740354867936,170.32915106144347,227.21636488869495,117.46921007518688,279.8674161507746,2.8751998480180374,271
5.17,1.5845,0.0563,0.0563,0.196,143.93824850646917,175.22917209483202,257.50860456121006,170.03023013587836,227.4849818606268,117.28564858678256,279.974293077113,2.885136190029076,271
5.18,1.5381,0.0562,0.0562,0.1953,143.1863385997135,174.3138035126947,254.70940090688129,169.36802403756116,227.86302106366017,116.83027226865048,279.9848881719157,2.90425149433465,271
5.19,1.4801,0.0562,0.0562,0.1988,142.2377959398314,173.15905592675125,251.1751948895195,168.59535270791352,228.61239937069865,116.24770164394548,280.0418717926191,2.929067975170736,271
5.2,1.4259,0.0558,0.0558,0.1942,141.20837621446486,171.90584930456592,247.7011985662601,167.6223522310975,228.57758096390688,115.61820351531392,279.8409756761667,2.9519477564117937,271
5.21,1.3949,0.0551,0.0551,0.1929,140.53644908677472,171.08785106216052,245.7132034095667,166.80962608629162,227.60807952181975,115.19363833851496,279.472465321586,2.963366719079076,271
5.22,1.3562,0.0525,0.0525,0.1951,139.30757161491155,169.59182631380537,243.22829320569076,164.88636622944065,222.92184670611135,114.329436663214,277.7987567544392,2.9688511752071505,271
5.23,1.3436,0.0513,0.0513,0.1972,138.8702660906052,169.05945437117157,242.45836567242472,164.0539479538668,220.61019078288703,114.01760472285284,277.07997394191653,2.9691535949073047,271
5.24,1.3422,0.0493,0.0493,0.2025,138.47522686991215,168.5785370590235,242.4778585340561,162.94259244067246,216.4424781338432,113.68519128412174,275.78238179128937,2.959489762890986,271
5.25,1.3407,0.0476,0.0476,0.208,138.1340080314167,168.16314021215948,242.4930970007468,161.97099284000393,212.84750695960463,113.396392420462,274.65734458207464,2.9511507813405,271
5.26,1.333,0.0467,0.0467,0.2198,137.87742486251807,167.85077809350028,242.1719581086661,161.36660094344893,210.9781941435017,113.18287006735892,274.0968763361947,2.9494359671633155,271
5.27,1.3314,0.0465,0.0465,0.2274,137.88912708893167,167.8650242821777,242.20699920749888,161.23776536752905,210.50874333185237,113.18273929650148,274.0732237919299,2.949093754568596,271
5.28,1.3307,0.0463,0.0463,0.2329,137.9102344728311,167.8907202277944,242.2756844375336,161.1159377337951,210.03197091195707,113.19332526521202,274.05003369368404,2.948508091366626,271
5.29,1.3357,0.0465,0.0465,0.2429,138.1540831448998,168.1875794807476,242.7848868529788,161.31944969607036,210.3106714210936,113.35460822322467,274.3425495562044,2.947068738553842,271
5.3,1.3407,0.0461,0.0461,0.2511,138.24567433629448,168.29908180070635,243.2698671208764,161.1712989742334,209.3233089455512,113.3938349622774,274.1731518338825,2.942413985064924,271
5.31,1.3485,0.0456,0.0456,0.268,138.3957281469384,168.4817560049685,244.05059739736205,161.02645210169473,208.0615407976969,113.4453550654909,273.9270975218486,2.9351019898703044,271
5.32,1.3717,0.0456,0.0456,0.2797,138.93677368130963,169.14042013376826,245.7806015997225,161.37367118716375,207.66939122586444,113.78385790893218,274.0921172005481,2.9240422170707974,271
5.33,1.3872,0.0457,0.0457,0.285,139.3308953352707,169.62022040815566,246.9103396195265,161.6505382991306,207.61457795999408,114.04836386086646,274.3232860828605,2.917796813041912,271
5.34,1.391,0.0458,0.0458,0.2905,139.50802854947815,169.83586084284298,247.27294178247843,161.76472391723914,207.71586364200655,114.17347877326938,274.5369637882385,2.916877274041026,271
5.35,1.4143,0.046,0.046,0.2968,140.06881296980507,170.5185549197627,248.9107638705127,162.20561325771834,207.76989833982373,114.5478801380984,274.85635814654165,2.907759796759009,271
5.36,1.4336,0.0459,0.0459,0.3021,140.47325385164555,171.01091773243806,250.26436497137297,162.4105278405485,207.2523458349443,114.81052908915566,274.9360339116356,2.898957279191343,271
5.37,1.4452,0.0458,0.0458,0.2972,140.70191550018336,171.28928843500583,250.9932524920441,162.48383178001075,206.86155154533176,114.98260253816063,275.0041379712045,2.894443713469149,271
5.38,1.4375,0.0457,0.0457,0.302,140.6188042353117,171.18810950385773,250.60539502244097,162.32378454508378,206.69246752642923,114.93276929986769,275.0445699105111,2.8975175371700743,271
5.39,1.4375,0.0455,0.0455,0.3069,140.64802822566256,171.22368653558922,250.7110917700676,162.2082121239544,206.21547980956777,114.95026492934998,275.01696984846177,2.8966649499795074,271
5.4,1.4452,0.0453,0.0453,0.3024,140.78236492263895,171.38722686234308,251.19482625702213,162.17121888074152,205.66414416365208,115.0559451113164,274.9993135541814,2.8932411194477354,271
5.41,1.4259,0.0448,0.0448,0.3059,140.3844618455011,170.90282311626223,250.04603905822927,161.61608356037613,204.7992238274908,114.78669822030304,274.7040513156331,2.8991776531196853,271
5.42,1.4027,0.0439,0.0439,0.3095,139.80829924860626,170.20140778091198,248.63542063660373,160.7647114366186,203.12739689531375,114.38184844955458,274.0750500144544,2.904578483990083,271
5.43,1.4027,0.0434,0.0434,0.3175,139.76834178636062,170.1527639138303,248.77956432617663,160.47413398035297,201.99581974255128,114.33172445128864,273.79487629249815,2.901633963997156,271
5.44,1.3949,0.0412,0.0412,0.3342,139.15995117170775,169.4121144699051,248.52397902470025,159.04983071310397,197.2497234961157,113.8059553261637,272.0649114342538,2.8910290660986337,271
5.45,1.3678,0.0399,0.0399,0.3482,138.41928018810273,168.5104280550816,246.96961388577955,157.88583120898224,194.6449201814422,113.24109372633689,271.0198584756149,2.894553567916543,271
5.46,1.3446,0.038,0.038,0.3529,137.53288831620503,167.43134229798875,245.53944387061185,156.33793471012282,190.62051476283415,112.56330177355282,269.3971212372297,2.8930985087905223,271
5.47,1.275,0.0366,0.0366,0.3497,135.8633636637351,165.3988775036775,240.84447445173672,154.40212537765908,188.23634441220756,111.41423853586667,268.10435306253913,2.917661161204494,271
5.48,1.2401,0.0358,0.0358,0.3552,135.0288138477734,164.38290381468067,238.54730884004056,153.355546989916,186.7639098881564,110.8227379160156,267.4038216725533,2.92955069977531,271
5.49,1.2396,0.0355,0.0355,0.3565,134.99476508827993,164.3414531509495,238.5727330140172,153.1379054247387,186.0299130601062,110.7950693851958,267.2338866207072,2.928260222112575,271
5.5,1.2396,0.0359,0.0359,0.36,135.1855389934264,164.57369964417128,238.66207751622335,153.4111521621154,186.9220482454536,110.95427389142608,267.7466697568825,2.931426716094081,271
5.51,1.2399,0.0363,0.0363,0.3677,135.39690688986894,164.83101708331873,238.8278553632449,153.6985458850514,187.79553946617904,111.11633192277148,268.25636318432265,2.9340154288439444,271
5.52,1.2401,0.0394,0.0394,0.3734,136.35456357492797,165.99686000426013,238.96008836590823,155.73916763978517,194.82502848128377,111.93369463528836,271.2541745064485,2.9547956186274256,271
5.53,1.2633,0.0397,0.0397,0.3933,137.03034013993326,166.8195445181796,240.8700059543091,156.31943036920563,195.10184514578305,112.36005859669127,271.68341499805524,2.944035645182321,271
5.54,1.2788,0.0399,0.0399,0.4059,137.49405687509977,167.38406923925191,242.1387827443775,156.69728184356015,195.2765010302273,112.66106862093982,272.0097941388336,2.9372863516402625,271
5.55,1.2982,0.0408,0.0408,0.4142,138.2028146723158,168.24690481847145,243.60647829778412,157.5555798291844,196.95941569741944,113.17154815233944,272.95460723601934,2.9335972053737995,271
5.56,1.3098,0.0418,0.0418,0.4163,138.75967302009096,168.9248193288064,244.45882044872693,158.33645285970655,198.95489473044964,113.60142115929388,273.9579521697167,2.934789683767364,271
5.57,1.302,0.042,0.042,0.416,138.72181680233234,168.87873349849156,243.9730227521877,158.3368866179446,199.4528718834028,113.60546930359408,274.2405358457131,2.9404110153222054,271
5.58,1.3161,0.0419,0.0419,0.4165,139.02766453177344,169.25106986476766,244.9714260473328,158.46788557214663,199.01105344874665,113.81604605945756,274.30187010877574,2.9337788158749056,271
5.59,1.3301,0.0419,0.0419,0.417,139.35552185898453,169.6502005239812,245.9574441404209,158.65690990618748,198.79066859738552,114.04635454897728,274.44764566559667,2.9278755565336114,271
5.6,1.3736,0.0417,0.0417,0.4224,140.1915225659022,170.6679405150114,248.94140661360112,159.1405221942422,197.76244663487887,114.58750616135372,274.4663958839488,2.9069963244356125,271
5.61,1.4762,0.0413,0.0413,0.3722,141.79436810483318,172.61923073631866,254.9571415947725,160.1274023081647,195.7896225617724,115.74713809265356,274.3926920273346,2.8647195597694552,271
5.62,1.3446,0.0405,0.0405,0.3567,139.21661490371665,169.48109640452464,246.29064772241588,157.8011352441983,195.5818606265485,114.07242999033744,273.6300471350168,2.919819174545708,271
5.63,1.2982,0.0394,0.0394,0.3412,138.03267199141993,168.03977459825035,243.0102030836092,156.39498642074278,193.73203132132176,113.29390187439832,272.70406771225646,2.9367920031132595,271
5.64,1.2672,0.0382,0.0382,0.3399,137.1468229111394,166.9613496309523,240.9091630410057,155.15838429663924,191.4014795813451,112.66638937634887,271.68312256167235,2.9448607317299142,271
5.65,1.2247,0.0348,0.0348,0.3453,135.39325853359028,164.82657560610994,238.0569664074184,152.25791133424804,184.0532605072816,111.3049933721622,268.46318256266363,2.9429512519187573,271
5.66,1.2169,0.0332,0.0332,0.3506,134.82569585237755,164.13562973332918,237.61902637505855,151.0264484508655,180.30694967278623,110.82352407024386,266.9323129301256,2.93542597558925,271
5.67,1.2099,0.0328,0.0328,0.3617,134.6601871594291,163.9341408897398,237.31419413852385,150.65872421538774,179.37438366853374,110.6744486345236,266.6196875372069,2.935621862684274,271
5.68,1.2071,0.0327,0.0327,0.3846,134.71755715369773,164.00398262189287,237.4655405291599,150.60193251113938,179.08423656136372,110.6636911325594,266.62814564531686,2.9347483500981046,271
5.69,1.2081,0.0327,0.0327,0.421,134.93367717679038,164.26708525870137,238.06684604872785,150.7123940349802,178.95915249995886,110.73102291661604,266.7484644068825,2.9313710435702776,271
5.7,1.2092,0.033,0.033,0.4387,135.1749010784636,164.56074913899917,238.42304846107055,150.9855882933893,179.5955487796448,110.88362663797844,267.185811771788,2.932020879125302,271
5.71,1.2324,0.0332,0.0332,0.4506,135.79873741781591,165.32020207386284,240.2479972242112,151.49671954986687,179.74234505040144,111.29748876896,267.5520014954505,2.9213727985503857,271
5.72,1.2517,0.0343,0.0343,0.4459,136.558242044278,166.24481640172974,241.56604917454575,152.53183309355768,182.09650525867863,111.9034219659946,268.8380200106214,2.9209949191654285,271
5.73,1.275,0.0359,0.0359,0.4326,137.50316741697858,167.39516033371305,243.0355907968759,153.9221665244874,185.53621589073265,112.68110929139614,270.5926080025059,2.9228743100294152,271
5.74,1.2788,0.0368,0.0368,0.4212,137.85851232325948,167.8277541326637,243.18930065722435,154.5407654605312,187.5434711854488,113.0160895880426,271.5907785528774,2.9289360688849104,271
5.75,1.2904,0.039,0.039,0.407,138.71694828063949,168.87280660251767,243.8386871487341,156.09552017811887,192.35148547930768,113.76486433217488,273.7874136849633,2.9399159890130075,271
5.76,1.3059,0.0401,0.0401,0.3994,139.3512331343154,169.64497946786224,244.8350323922162,156.98551761320482,194.5714176878271,114.27922462764924,274.9243111613088,2.940908936357852,271
5.77,1.302,0.0403,0.0403,0.3861,139.33984454867823,169.63111510273873,244.4413637282384,157.00951028410694,195.05546777477272,114.3323156458188,275.21684594516995,2.945894322757788,271
5.78,1.3059,0.0404,0.0404,0.3712,139.4462366682262,169.76063594392755,244.5558436943851,157.07799218544972,195.22467045581297,114.46018516587822,275.43226239736765,2.9466749556297613,271
5.79,1.2866,0.0404,0.0404,0.3672,139.1120617369902,169.35381428850982,243.22978087415223,156.7785477593573,195.44553743626804,114.2699369643276,275.52238663597785,2.956985010948135,271
5.8,1.2788,0.0404,0.0404,0.3631,139.00052017317887,169.21802455865253,242.6824062129558,156.64382262946347,195.5205931623098,114.2247028408705,275.6302980314077,2.9618206201450525,271
5.81,1.2595,0.0404,0.0404,0.3636,138.67472627434145,168.82140589919828,241.39673639377,156.35113077671505,195.73691268604932,114.02943641863448,275.7194229161809,2.971933863180249,271
5.82,1.2285,0.0403,0.0403,0.364,138.07645612291824,168.09307701920486,239.27548125579983,155.81508566519128,195.8963864071005,113.65191418289744,275.6997058285476,2.9875051521079268,271
5.83,1.1976,0.0401,0.0401,0.366,137.44566832927913,167.3251614443398,237.15022260554815,155.2124950353761,195.8393953428452,113.24305097436792,275.5891881493561,3.002642594867285,271
5.84,1.1627,0.0399,0.0399,0.3672,136.7109624081993,166.43073684476437,234.68996664171772,154.5330498669949,195.8515511761053,112.7687300627705,275.4692603686269,3.020429415932672,271
5.85,1.1554,0.0397,0.0397,0.3873,136.63938631004686,166.34360072527446,234.47624334896432,154.34301669291307,195.4193797950027,112.67309554319094,275.3957126508915,3.021692762440099,271
5.86,1.152,0.0397,0.0397,0.3988,136.66934820094065,166.38007607071034,234.42730083892653,154.31409999115746,195.4012071083429,112.67877823134025,275.5087310545293,3.023012277535667,271
5.87,1.1516,0.0397,0.0397,0.4041,136.73868265174494,166.46448322821126,234.511149111638,154.31431056770063,195.35679171512055,112.7265630051986,275.62689529237167,3.023345511844292,271
5.88,1.1572,0.0397,0.0397,0.4136,136.9548287319978,166.72761758677993,235.0897902876106,154.42284834979603,195.214715653018,112.85872638099065,275.75551513682905,3.020013691958557,271
5.89,1.1627,0.0397,0.0397,0.4184,137.1488840398098,166.96385883107283,235.59463412573257,154.51507029066963,195.0877135485441,112.98917350150028,275.88376973208256,3.0172367532407653,271
5.9,1.1743,0.0398,0.0398,0.4106,137.44799377194636,167.3279924180217,236.3655383480257,154.7276450218586,195.13154792672665,113.2278242149614,276.1127610294777,3.013149870298391,271
5.91,1.186,0.0402,0.0402,0.4092,137.85305816759043,167.82111429097966,237.22738237474968,155.14628281635078,195.82190212656903,113.53717925860406,276.61071653894584,3.0103184730468087,271
5.92,1.1976,0.0426,0.0426,0.4086,138.7719815329408,168.93980360531927,238.08856457266583,156.77702474909805,200.86416998818032,114.29866333746958,278.843100012183,3.019774646220886,271
5.93,1.2092,0.0436,0.0436,0.4101,139.3298821023505,169.6189869072093,238.9737016929456,157.5441551582176,202.80148555484604,114.73188747987432,279.8248777257742,3.020233708841902,271
5.94,1.2169,0.0442,0.0442,0.4115,139.70238421210803,170.07246773647933,239.5775673212763,158.00841767170883,203.92490337531564,115.02101809607151,280.4552067165039,3.0203128630551443,271
5.95,1.2363,0.0451,0.0451,0.4163,140.40367861782445,170.9262174477863,241.0461767407341,158.8302910859025,205.4920682021678,115.53033419493228,281.3437130682073,3.015850984719596,271
5.96,1.2904,0.0473,0.0473,0.4051,142.05347476820907,172.93466493521106,244.6814698651471,160.84507258647835,209.2739055171365,116.75999425022545,283.3011696955866,3.0032038105746635,271
5.97,1.3253,0.0483,0.0483,0.3941,143.00337551070865,174.0910658391236,246.9488061366694,161.8683831860206,210.80951364436137,117.46799157947508,284.2493715978633,2.9936387631379526,271
5.98,1.3485,0.0494,0.0494,0.3791,143.7190705959661,174.9623468124805,248.35488648673635,162.75284864031124,212.7017153632794,118.0371257814579,285.2400837921424,2.990637355576645,271
5.99,1.364,0.0511,0.0511,0.3763,144.45888564752863,175.86299122307835,249.39255365555672,163.8699352757741,215.8339142543775,118.61911613889532,286.6428312542463,2.993219042379751,271
6.0,1.3562,0.0559,0.0559,0.3794,145.4157975568444,177.02792746050625,248.95435311725169,166.23117613691178,225.22073189176635,119.463069462056,290.1180518210485,3.020864683975704,197
6.01,1.3059,0.0586,0.0586,0.3824,145.01006944705372,176.53399758771758,245.64733151659053,166.81539839980445,231.07311468007023,119.33599461035568,291.94391007104184,3.0575134902403,197
6.02,1.2866,0.0608,0.0608,0.3888,145.11534467544357,176.6621587353226,244.45157241856575,167.57757244419278,235.44276971925143,119.500443048493,293.43709548311364,3.0768025446242886,197
6.03,1.2672,0.0632,0.0632,0.406,145.27686807687994,176.85879591967992,243.38020379510724,168.4290667722193,240.1052915934208,119.67825740038832,295.008350833133,3.095815783992106,197
6.04,1.2671,0.0655,0.0655,0.414,145.7798910092523,177.47117166343762,243.51831968583227,169.47614054845317,244.2207674020796,120.08779985734786,296.50653556109376,3.1054510381726663,197
6.05,1.2672,0.069,0.069,0.4134,146.44495385666056,178.2808133907172,243.5572364786645,170.99426730703004,250.43947227957293,120.66463272640289,298.6450365461506,3.1203010292012903,197
6.06,1.2672,0.071,0.071,0.4142,146.8410445614321,178.7630107704391,243.60757160543264,171.83423479364876,253.90874383157373,121.00668377300404,299.88170325794925,3.128700361498993,197
6.07,1.2788,0.0725,0.0725,0.3992,147.3364592962555,179.36612436065886,244.25121936019883,172.58556249497826,256.3056807969959,121.43165443044803,300.84359833244883,3.130773158562725,197
6.08,1.2788,0.0743,0.0743,0.3679,147.55329844398685,179.63010245354923,243.8807917252858,173.2192730824004,259.4754136786683,121.7347779649996,301.9299855347459,3.141103954870044,197
6.09,1.2556,0.0755,0.0755,0.3584,147.24266032133744,179.2519343042369,242.1829574056319,173.29282875513772,261.9679826406116,121.63137478774104,302.644324391552,3.1586520572778705,197
6.1,1.2517,0.0754,0.0754,0.3361,147.1003687466944,179.0787097785845,241.65242186847263,173.10734123016306,261.89754537105546,121.61898516427269,302.7108450770409,3.1630375320849047,197
6.11,1.2517,0.0753,0.0753,0.324,147.08947366126807,179.06544619632635,241.5301804438108,173.01613764795,261.7108150378539,121.66097673521702,302.78407553364394,3.164472683233015,197
6.12,1.244,0.0751,0.0751,0.3179,146.91348590227295,178.85120022885403,240.9454847264174,172.77759508504948,261.48435237172384,121.581351838647,302.7908365462372,3.16889513171459,197
6.13,1.213,0.0744,0.0744,0.3179,146.1463407985067,177.91728445035602,238.7803808520188,171.9689557604375,260.84865430717247,121.10117135777386,302.4908950856551,3.1830439217862163,197
6.14,1.1976,0.0725,0.0725,0.318,145.544403405257,177.184491102052,237.71285247418427,170.9221279118994,257.7991655853177,120.6739648531086,301.57115643514595,3.184687421448193,197
6.15,1.1782,0.0704,0.0704,0.319,144.81102158498663,176.29167845128808,236.3577162711197,169.7112838467203,254.4384781599267,120.15149378728223,300.508406880578,3.187568811864264,197
6.16,1.1589,0.0683,0.0683,0.323,144.0819657705737,175.40413224243756,235.0379603916268,168.49183563489518,251.0176251843957,119.61917368978897,299.41414062033493,3.1900426953855203,197
6.17,1.124,0.0652,0.0652,0.3285,142.80010503828328,173.84360613356225,232.5626544470536,166.5454808139257,246.0375240360785,118.68887076429311,297.6663622718963,3.1969620245532804,197
6.18,1.1124,0.0643,0.0643,0.3359,142.45172188923806,173.4194875173333,231.83445573007725,165.9552315613839,244.5407844740216,118.42835885143484,297.22791660289795,3.199645392621721,197
6.19,1.1124,0.0636,0.0636,0.3402,142.4055017107482,173.36321947395436,231.93307793294667,165.64532138153493,243.1778004056406,118.37400599377504,296.92669608490775,3.1968424738876013,197
6.2,1.1124,0.0625,0.0625,0.344,142.2854472826867,173.21706625718383,232.02449030374905,165.150797313157,241.06809443017892,118.25576864324516,296.37501322149546,3.1923385795546757,197
6.21,1.1124,0.0606,0.0606,0.348,142.01930576726778,172.89306789058685,232.11870466899336,164.28280739563067,237.44158042255944,118.00600198276204,295.3083334112156,3.1842040353663497,197
6.22,1.1279,0.0602,0.0602,0.3547,142.40575348354653,173.36352597996972,233.41233976622948,164.37751916953687,236.3073873506541,118.22927451360736,295.2045649631637,3.17352336949115,197
6.23,1.1279,0.0602,0.0602,0.3634,142.49968238613434,173.47787420920704,233.57273708529425,164.3942518559074,236.22653690124895,118.28208589613006,295.32456809628565,3.1732251500786224,197
6.24,1.1395,0.0599,0.0599,0.3736,142.821587443197,173.8697586265007,234.6156536647656,164.47514043049705,235.35120346828535,118.46019102921856,295.2749669339283,3.16493762806635,197
6.25,1.1627,0.059,0.059,0.3787,143.2757270224618,174.42262420125786,236.43166027054332,164.44901806223274,233.14970051009607,118.70814804025385,294.857800843769,3.1482103913063493,197
6.26,1.2014,0.0588,0.0588,0.3861,144.21153630393763,175.5618702830545,239.37442079408012,165.00299988381465,231.99843188634136,119.28856771351587,294.91835481128373,3.126486440841349,197
6.27,1.2014,0.0585,0.0585,0.3834,144.19727532923946,175.54450909646545,239.37544100095263,164.84053466009405,231.39511798589453,119.29085590190158,294.84135218835206,3.126013980320985,197
6.28,1.2053,0.0585,0.0585,0.3873,144.35674519045102,175.73864631880994,239.74593211788945,164.9042751681616,231.2667074694205,119.39942721631776,294.9673265924253,3.1242035302347326,197
6.29,1.1976,0.0571,0.0571,0.3913,143.98309591505216,175.2837689400635,239.28580172785107,164.10809898908576,228.69001911201303,119.10236815575898,294.1443901235816,3.1220129593766304,197
6.3,1.1666,0.0569,0.0569,0.3918,143.29330387710812,174.44402211126206,237.08523152694596,163.49376260801435,228.8100221344641,118.67126664268034,294.07136108012094,3.13820131827958,197
6.31,1.1473,0.0564,0.0564,0.4023,142.84823991650552,173.9022051157459,235.8539259254462,162.95122019574433,228.119093223048,118.35200987280152,293.81575279035303,3.1459157056385743,197
6.32,1.1395,0.056,0.056,0.406,142.65777701727515,173.67033723842192,235.36737390727745,162.62565117692097,227.43380101079268,118.21800891162252,293.6468224883513,3.1485621459135373,197
6.33,1.1163,0.0554,0.0554,0.4104,142.0650031082836,172.94869943617135,233.74176379215987,161.94018737041984,226.6398276653132,117.81479123559744,293.3085630816008,3.158827004858681,197
6.34,1.1052,0.055,0.055,0.4102,141.7733010045399,172.5935838316138,232.94302604750692,161.54038792443416,226.025527622906,117.62624308070066,293.12776034510875,3.163853141405672,197
6.35,1.1001,0.0543,0.0543,0.4115,141.57127355420937,172.34763737034186,232.61385806027369,161.09868338586804,224.70638946335708,117.47448132891844,292.74675096328014,3.163860410069225,197
6.36,1.0985,0.0537,0.0537,0.4138,141.47648078969868,172.23223748311145,232.5623519079669,160.76816012096026,223.5089009762738,117.392939033592,292.4374466200546,3.1622135013102888,197
6.37,1.1093,0.0532,0.0532,0.4172,141.70262045836776,172.50753794931728,233.4599224398088,160.70345853166617,222.27444469699256,117.5185186831056,292.21930713274014,3.153833732420868,197
6.38,1.1202,0.0531,0.0531,0.4189,142.00170418832246,172.87163988143604,234.3359601690977,160.8339944764242,221.8341102083438,117.71705235248542,292.2849556062049,3.147620855127073,197
6.39,1.1318,0.0527,0.0527,0.4121,142.2153634703437,173.1317468334619,235.1394628940856,160.7950936500891,220.8227568630108,117.86915712845416,292.135777820264,3.1404851780526664,197
6.4,1.1473,0.0522,0.0522,0.3975,142.46151285570252,173.4314069547683,236.11758672099532,160.74272431041948,219.57454113423185,118.05815575330548,291.9187992458225,3.131555431831433,197
6.41,1.1589,0.0522,0.0522,0.4062,142.82073758614987,173.8687240179216,237.1285371694795,160.95205449804473,219.3069461268071,118.28062906518092,292.05587194397214,3.124924385650024,197
6.42,1.1589,0.0521,0.0521,0.3803,142.73979498749162,173.7701852021637,236.80401070138527,160.80904960628155,219.15313547057988,118.31306642417124,292.0982544391855,3.127719868550314,197
6.43,1.1705,0.052,0.052,0.3798,143.03627188622494,174.13111360062166,237.6835314586367,160.93700873921347,218.7206667107993,118.5152495176928,292.16185596245765,3.1215795622718163,197
6.44,1.1705,0.052,0.052,0.3799,143.08997353931952,174.19648952612812,237.7214894182953,160.92699473356342,218.68010198408336,118.5664606502999,292.2767456237266,3.122184203374597,197
6.45,1.1473,0.0519,0.0519,0.38,142.58706071606244,173.58424782824994,236.0539181234987,160.481384280716,218.83731636689805,118.25725706005478,292.2750405814339,3.1349615268872237,197
6.46,1.1318,0.0495,0.0495,0.3886,141.8041407747491,172.63112789969458,235.06105857133596,158.98707175449402,214.24876440886257,117.6135963325734,290.5662403189509,3.1309042461286896,197
6.47,1.1202,0.0477,0.0477,0.4023,141.24918356171295,171.95552781425928,234.42532309443237,157.86022766927164,210.7101052038116,117.12909840380442,289.2615539106688,3.1269440282133463,197
6.48,1.1163,0.0458,0.0458,0.4121,140.82136789250643,171.43470873870348,234.30855083502445,156.77029758891868,206.7929007710042,116.72609655028133,287.8421055655533,3.118207660955302,197
6.49,1.1192,0.0439,0.0439,0.4197,140.52616591759843,171.07533242142418,234.66948389630585,155.75777595055902,202.7126531042936,116.4096846949964,286.3782087542642,3.1055027885761826,197
6.5,1.1221,0.0418,0.0418,0.4218,140.13845606970412,170.60333782398763,234.951747126926,154.57666009193386,198.15884592977625,116.0298985508122,284.675429679652,3.0917794268444787,197
6.51,1.1298,0.0411,0.0411,0.44,140.255637458718,170.74599342800457,235.81824045991632,154.3366841097731,196.47207693866247,116.03110687042306,284.1759980720567,3.081612718982447,197
6.52,1.1473,0.0413,0.0413,0.4336,140.714038844311,171.30404728872645,237.058204006569,154.7167810216465,196.65192155781693,116.38472801102058,284.49819384744575,3.0742114476454856,197
6.53,1.1821,0.0414,0.0414,0.4359,141.56019950206246,172.3341559155543,239.6668550846348,155.33463263093216,196.3495872969209,116.95988241894732,284.7609779944431,3.056215380703001,197
6.54,1.186,0.0418,0.0418,0.4383,141.79842465679647,172.62416914740442,240.0181578473423,155.6372399112716,197.1298536044292,117.15862434970434,285.23451014029115,3.056663692071376,197
6.55,1.1976,0.0418,0.0418,0.47,142.22112991930453,173.1387668582838,241.32224392997864,155.90744408320683,196.8708799785374,117.37279137970694,285.3653431989931,3.047763315712814,197
6.56,1.2247,0.0435,0.0435,0.5081,143.42764726183262,174.60757057962235,243.79888851262004,157.43211456763336,199.96333268048895,118.19197179893156,287.0063133258594,3.0406088993002247,197
6.57,1.2479,0.0459,0.0459,0.5159,144.58005460606742,176.01050125956036,245.56575306042933,159.17267921063325,204.55444951487203,119.09165692350764,289.1686273396584,3.0422859583473056,197
6.58,1.275,0.0476,0.0476,0.5324,145.65698091486678,177.32154198331608,247.69586976172565,160.56220339289754,207.5523185716832,119.87247302460688,290.69702399663294,3.037144120899201,197
6.59,1.3369,0.0529,0.0529,0.5424,148.20690293615093,180.4257948787925,252.05911731674627,164.2964527064638,217.0070897300944,121.80722072146996,294.93080397345096,3.0347000145717726,197
6.6,1.3678,0.0562,0.0562,0.5783,149.71244025944827,182.25862292454573,254.59951740950785,166.48554143730786,222.67757422441835,122.87581335764511,297.4244446607685,3.0337181890573337,197
6.61,1.4394,0.0595,0.0595,0.5006,151.550639204112,184.49643033544072,258.33554352862046,168.86580824489104,227.91130882153269,124.42191250817945,299.8668608593851,3.024111436972646,197
6.62,1.511,0.0672,0.0672,0.4642,154.32868945301723,187.87840455149924,262.48165044572386,173.25134543022745,240.55288640181223,126.61993218955696,304.87470231591976,3.0296488657928964,197
6.63,1.4839,0.0711,0.0711,0.4515,154.51070398638615,188.0999874616875,260.65950712875537,174.5253179547557,247.6204788820673,126.93635642295672,307.1949842838149,3.0575124873755506,197
6.64,1.5149,0.0745,0.0745,0.4825,155.85580779703983,189.7375051442224,263.02206064492543,176.4314677792783,252.70907910979625,127.86297669891304,309.2312929395996,3.0551843916681563,197
6.65,1.5652,0.077,0.077,0.5134,157.3861063789642,191.60047733091292,266.53742239961275,178.18286797751782,255.9262511762781,128.8721361841649,310.7543686458707,3.041846046135483,197
6.66,1.6503,0.0795,0.0795,0.5255,159.44676187357945,194.1091014113141,271.8451449437608,180.2886586290329,258.6344572605845,130.25763476966296,312.28881344920626,3.0172198053978074,197
6.67,1.689,0.0827,0.0827,0.5487,160.78318190089027,195.7360475315186,274.4245041079145,182.0629338937815,263.04712300189567,131.17661859022192,314.06805648931663,3.0124239709495244,197
6.68,1.7238,0.0844,0.0844,0.5781,161.80812280921054,196.98380168077807,276.8102120406002,183.19806049708995,265.0933295586792,131.83970204140277,315.06685755281063,3.003754420326583,197
6.69,1.7393,0.085,0.085,0.5997,162.28747384823393,197.56735946741523,277.9781771472647,183.65421270825956,265.7181078304756,132.1423366655579,315.49740743268075,2.9990546729138483,197
6.7,1.7316,0.0851,0.0851,0.6061,162.23702833817654,197.505947542128,277.64730569739,183.60713848940165,265.9382644247065,132.1256761326205,315.6545365767111,3.0019772826583897,197
6.71,1.6464,0.0851,0.0851,0.6027,160.76914794599028,195.71896271685776,272.68469282555066,182.5453996818112,267.1657036310105,131.22359411203638,315.6557882336519,3.0335046044648566,197
6.72,1.5884,0.0848,0.0848,0.6137,159.74345689172753,194.4702953464509,269.3840740267513,181.7120894617244,267.52776429351445,130.5634325073588,315.54604806099934,3.0540630645704425,197
6.73,1.5381,0.0844,0.0844,0.6059,158.74978177380652,193.2606038985471,266.2681694145205,180.87406736697983,267.6961653560144,129.96254648685024,315.39570184924065,3.073406458381891,197
6.74,1.4878,0.0809,0.0809,0.6287,157.35772634010863,191.56592771839317,263.4540405600868,178.91377500710058,262.86678439822657,128.94111380603928,313.7045709140776,3.080650132138846,197
6.75,1.4583,0.0783,0.0783,0.6526,156.4945932455578,190.51515699459213,261.92209092569846,177.55036748970085,259.0570985389588,128.2745347711658,312.44609840051913,3.082332685020753,197
6.76,1.445,0.0751,0.0751,0.6776,155.84060262936364,189.71899450531225,261.41884803695444,176.1457616344656,253.93484256031124,127.71505338016696,310.85115355967497,3.074801225398192,197
6.77,1.4485,0.0699,0.0699,0.6778,155.05006236944192,188.75659766714668,261.68148828261,174.02502350691097,245.16561504782868,127.0531223656463,308.08568411582496,3.0541162917632136,197
6.78,1.4519,0.0686,0.0686,0.6706,154.89713391820226,188.5704239004201,261.84847767590844,173.48818409355692,242.904129095599,126.9502221154999,307.4548403222656,3.048500891571529,197
6.79,1.4607,0.0668,0.0668,0.679,154.80731874103307,188.4610836847359,262.54388057020964,172.83714759486153,239.64599587527917,126.83258817578132,306.52189374612624,3.037308985293401,197
6.8,1.4723,0.0652,0.0652,0.6653,154.718536772812,188.3530012886407,263.1488312634399,172.24087990701253,236.7310746203476,126.77374505736168,305.68904170283133,3.027382846559377,197
6.81,1.4917,0.0626,0.0626,0.6441,154.54302031046942,188.13932907361496,264.15095495369815,171.25722030763276,231.95315721200524,126.63639076392784,304.2186824226245,3.010509973693745,197
6.82,1.4994,0.0616,0.0616,0.6336,154.49118320636734,188.0762230338385,264.5456467804832,170.86259310152522,230.09211326399205,126.61267931514648,303.7067779293958,3.00420802580348,197
6.83,1.4955,0.0609,0.0609,0.6322,154.3140438788193,187.8605751568235,264.32386675582563,170.4748250445352,228.8885364667784,126.49671808190048,303.36247645486293,3.0031813910855703,197
6.84,1.4762,0.0576,0.0576,0.6317,153.30796242158172,186.63578033931688,263.1453184061715,168.63716620786224,223.1975392783048,125.72898060287714,301.2558897980011,2.9967606655146897,197
6.85,1.4607,0.0558,0.0558,0.6415,152.7074288921423,185.90469604260804,262.3221300343833,167.5660476030385,220.0656197424468,125.2585063430794,300.10253741879853,2.9944066700753025,197
6.86,1.3872,0.0541,0.0541,0.6513,151.01013313710672,183.83842294952123,257.75829235716304,165.74269016384187,217.8407575367752,124.06215699620512,298.89402287891767,3.0172792023567,197
6.87,1.3446,0.0516,0.0516,0.6723,149.73511297382976,182.2862244898797,255.25886254000093,163.9174497979148,213.60913573337416,123.0719632511055,297.1021947891155,3.022461630617076,197
6.88,1.3137,0.0461,0.0461,0.6702,147.85173698511213,179.99341893839738,253.20869980600284,160.49687892418015,203.2299546638731,121.56765473487158,292.83812836941536,3.0080772156761784,197
6.89,1.3108,0.043,0.043,0.6733,147.05563817131332,179.0242551650771,253.0898927351008,158.67713277285182,196.94474214051507,120.87761843516994,290.30190609600743,2.991810723525105,197
6.9,1.3099,0.0399,0.0399,0.6763,146.24923823455345,178.042550894239,253.10405430970917,156.79703155107435,190.45837784679844,120.1658085611514,287.59584944235667,2.973535504739424,197
6.91,1.3118,0.0373,0.0373,0.7275,145.76506526520348,177.45312293155206,253.9201208918792,155.3079848938181,184.73595696211729,119.56869559573214,285.19510685060493,2.951848126390404,197
6.92,1.3137,0.032,0.032,0.7408,144.21394593165772,175.56480374288768,254.25237818820256,151.754849564677,172.8295876076686,118.12945988020562,279.6745618488902,2.9130014956407,197
6.93,1.3562,0.0291,0.0291,0.7359,143.96737802457625,175.26463411687544,257.04084488747105,150.22881193853885,165.75125249294138,117.78755282121077,276.40796147028675,2.871706074327517,197
6.94,1.3446,0.0262,0.0262,0.7423,142.72977159062975,173.75798280598406,256.3944345932046,147.74696666519873,158.72014639091486,116.66811213064469,272.7435307618604,2.85268410712263,197
6.95,1.3059,0.0236,0.0236,0.7488,141.00928785716584,171.6634808695932,253.94118615119876,145.0670351649512,152.4430143436559,115.22118134890898,269.1027926764361,2.845757874995491,197
6.96,1.2595,0.0194,0.0194,0.7626,138.28461871043308,168.34649234313594,251.01660520156136,140.63439328618415,141.51053547346766,112.81822743677306,262.3587689329864,2.822249939766461,197
6.97,1.2053,0.0179,0.0179,0.7698,136.5953284569862,166.2899650780702,247.40173385694968,138.34920842800418,137.52202339806857,111.40406536634372,259.63823397414217,2.8305461168979167,197
6.98,1.1976,0.0168,0.0168,0.7668,135.8773660986818,165.4159239462213,246.85739559027107,137.08765939640872,134.35183054980962,110.76108420333269,257.5875635106128,2.821178028406945,197
6.99,1.1821,0.0146,0.0146,0.7647,134.3224338990949,163.5229630075938,245.77200390282212,134.43046320292308,127.74066641458752,109.31656388672724,252.99736230074163,2.799655941437352,197
7.0,1.1473,0.0133,0.0133,0.7586,132.8702337951866,161.75506722892283,243.2414842475528,132.32739664733882,123.71995068274656,108.0508658551486,249.9838098620863,2.799044201995755,193
7.01,1.1357,0.0118,0.0118,0.7406,131.59132997928825,160.19814084435097,242.1911177914373,130.20158514872458,118.7704165320552,106.86896434777512,246.19545191120295,2.783045063901469,193
7.02,1.1202,0.0111,0.0111,0.7374,130.81479252856704,159.25279090434248,241.05301057423657,129.0086174949242,116.39039932725925,106.15975541227004,244.30919866743048,2.779754777980969,193
7.03,1.1124,0.0103,0.0103,0.7357,130.08128585896824,158.3598262630918,240.49221944805117,127.76920663418169,113.5667559723891,105.43831919475596,242.01964696923548,2.769880486199318,193
7.04,1.1086,0.0102,0.0102,0.7341,129.96100796996595,158.21340100691506,240.2246219246988,127.55702879476269,113.21107696622752,105.3426934494003,241.79370754858397,2.770474019668696,193
7.05,1.1085,0.0102,0.0102,0.7351,129.9973487378032,158.25764194167346,240.2650000042377,127.5556896534775,113.20840825691558,105.38290160228098,241.8803946347097,2.7707021527429068,193
7.06,1.1085,0.0102,0.0102,0.7336,130.0267775855908,158.29346836506704,240.27775656635828,127.54811628933976,113.20642314180915,105.4244355844153,241.96715115368056,2.771129928888564,193
7.07,1.1086,0.0102,0.0102,0.734,130.06464715432645,158.33957044874523,240.32437507284533,127.54819792684305,113.2035917852926,105.46729711813548,242.05397750670596,2.771312192828185,193
7.08,1.1163,0.0103,0.0103,0.7331,130.31709354060507,158.6468964842149,240.9108670560558,127.81141353427292,113.54780520473236,105.69951911307176,242.4602717917143,2.769453364078025,193
7.09,1.1202,0.0104,0.0104,0.7322,130.4992664718559,158.86867222660717,241.2176358003928,128.0105724428161,113.89720371359644,105.87899379381167,242.85797766531888,2.7696068617866274,193
7.1,1.1279,0.011,0.011,0.7334,131.1445977426078,159.65429290404427,241.83034961505135,128.96405457341496,116.00301493097702,106.5197657595414,244.73493580308,2.7765371693651684,193
7.11,1.1434,0.0112,0.0112,0.7292,131.59800634104295,160.20626858909577,242.9321193948948,129.47051023596606,116.66534035687764,106.93089625866703,245.4210297051337,2.772644840110965,193
7.12,1.155,0.0112,0.0112,0.7269,131.83384128204506,160.49337199553312,243.77196022859016,129.6483611189541,116.63832521955196,107.12828757416254,245.52665290510308,2.7671521039272284,193
7.13,1.1627,0.0113,0.0113,0.6977,131.98277094106305,160.6746776673811,243.9607480816925,129.81372345928057,116.97661877681595,107.35185862593876,245.909929269294,2.768057008162426,193
7.14,1.1743,0.0113,0.0113,0.6774,132.15604010948925,160.88561404633478,244.55075390241132,129.93532413475015,116.95706118949433,107.54732715662156,246.0152141401234,2.764368449829007,193
7.15,1.155,0.0113,0.0113,0.6765,131.8416091322471,160.50282850882255,243.18198428709889,129.6181068429016,116.99675838566908,107.33274073080104,246.07216388138136,2.774667468616644,193
7.16,1.1318,0.0113,0.0113,0.6768,131.45453562340944,160.0316085850202,241.53100876142025,129.23580132311466,117.04628078695742,107.06117101933856,246.1222311522413,2.78708865756494,193
7.17,1.1124,0.0113,0.0113,0.6771,131.13093466264155,159.6376595893028,240.141445002008,128.9107496240985,117.08874874373608,106.83639872037128,246.17765514883143,2.7977169070156696,193
7.18,1.0931,0.0122,0.0122,0.6812,131.4662727540518,160.0458972658022,238.7990196337891,129.76437879409798,120.22085891523034,107.28902762382008,248.6978902056617,2.8233581596734827,193
7.19,1.0839,0.0127,0.0127,0.6795,131.66348705879653,160.28598424549145,238.11953304706665,130.22512709515627,121.92589390456564,107.55797336022714,250.0722885543673,2.837060269949009,193
7.2,1.0823,0.0133,0.0133,0.6794,132.06764126097949,160.7779980568446,238.0308259784777,130.92594607968877,123.91055273302044,107.98961827888054,251.66322808767256,2.847719579805285,193
7.21,1.0819,0.0137,0.0137,0.6813,132.36153615882714,161.13578314987652,238.06060694838493,131.39822039220277,125.20922159429848,108.29155228463075,252.7225737457873,2.8541700838074275,193
7.22,1.1126,0.0139,0.0139,0.6831,133.12288450418865,162.06264200509924,240.40579774870253,132.15759994711453,125.73749371194724,108.90158892523252,253.34042771810925,2.8403363874566154,193
7.23,1.1434,0.0145,0.0145,0.7,134.1786340501023,163.34790232186367,242.93215326983668,133.41300139963528,127.5140715188612,109.7570315882631,254.8767680848993,2.831194091267076,193
7.24,1.1705,0.015,0.015,0.7013,135.02954145453546,164.38378959682578,244.94090571880997,134.41954426986655,128.965915533198,110.4806455256972,256.1364729028784,2.824300402197325,193
7.25,1.186,0.0164,0.0164,0.703,136.1858603657288,165.79148218436555,246.10588820173703,136.19198884514458,133.14054996166175,111.55576620517316,259.2407074943426,2.835442255530473,193
7.26,1.1821,0.0169,0.0169,0.6869,136.3774771683914,166.0247548136939,245.642803225481,136.59977584578044,134.6436676417555,111.82399593517437,260.3392403366749,2.845794733267121,193
7.27,1.1705,0.0173,0.0173,0.6236,136.18439090102365,165.78969327081143,243.9775209408621,136.6430863609308,135.94085485085446,111.92515383882544,261.2040480835992,2.863282678661897,193
7.28,1.1666,0.0176,0.0176,0.6233,136.30026696809287,165.93075978724352,243.724304326848,136.89665379298785,136.85047843965344,112.07394564808864,261.8730845954992,2.869236851453873,193
7.29,1.1665,0.0177,0.0177,0.6239,136.35341609797862,165.99546307580007,243.75844212319768,137.07393400049423,137.2352587893429,112.1680732732543,262.1568993472084,2.869914440405225,193
7.3,1.1666,0.0177,0.0177,0.6244,136.39292954269814,166.04356639980645,243.80565588872804,137.07332839119223,137.22927937055468,112.21221191342312,262.2480008767513,2.870102722916428,193
7.31,1.1666,0.0177,0.0177,0.6289,136.44494683194375,166.1068917954098,243.90065221937292,137.08357746959828,137.2201459252042,112.2549236674842,262.3388431018888,2.8699418296171646,193
7.32,1.1821,0.0176,0.0176,0.641,136.81143893807777,166.55305609852945,245.2178012375992,137.1635191525889,136.70967321292696,112.4583383629209,262.2619868003952,2.860779368325232,193
7.33,1.186,0.0171,0.0171,0.6444,136.6642092457768,166.37381995138043,245.57722917320632,136.709888737208,135.21108116639272,112.28548012402352,261.37785045204504,2.852570249773928,193
7.34,1.1743,0.0166,0.0166,0.6386,136.18069861278008,165.78519831121054,244.689602073193,135.97870923329498,133.7881911978467,111.89185754494288,260.44215191279727,2.853103649044897,193
7.35,1.1705,0.0165,0.0165,0.6336,136.07067322373095,165.65125435932464,244.3794686118288,135.79192186146184,133.50624488816678,111.8258878163964,260.3210656589767,2.854585983982361,193
7.36,1.1743,0.0166,0.0166,0.6312,136.22589264213232,165.84021712955243,244.6540323998828,135.94741196790446,133.78370259327556,111.97653162334012,260.62151134536856,2.854428140299142,193
7.37,1.1666,0.0166,0.0166,0.6306,136.11061312757278,165.6998768509582,244.12152995685335,135.8238209352612,133.82270698904262,111.91273769744608,260.698362855527,2.8587415541303747,193
7.38,1.1318,0.0168,0.0168,0.6359,135.55983997982602,165.02937041022298,241.68408510468927,135.57915404219108,134.7016784315126,111.5786229575152,261.1356210914206,2.878533124718673,193
7.39,1.1202,0.0168,0.0168,0.6412,135.38926245562112,164.82171081553878,240.9335842087433,135.39596914850833,134.7461206425981,111.45516755718438,261.2051841525062,2.8846235182391333,193
7.4,1.1124,0.0167,0.0167,0.6463,135.235307365267,164.63428722728156,240.4587204269693,135.171651106914,134.47540214452218,111.32976423277157,261.0783462049282,2.887386076383124,193
7.41,1.1086,0.0167,0.0167,0.6439,135.1869092384684,164.5753677685702,240.1739936037228,135.09485021252442,134.4905001687145,111.31670274184988,261.16094856892903,2.890040285644415,193
7.42,1.1086,0.0165,0.0165,0.6378,135.08749129014717,164.45433722278787,240.11964100864432,134.86197727809338,133.89280600247855,111.24714082336656,260.8412004505966,2.888358656387396,193
7.43,1.1086,0.0161,0.0161,0.6372,134.89360771595327,164.21830504550832,240.1431548090825,134.4332262935168,132.6834340651018,111.06234597064235,260.0989645288314,2.8834012067864445,193
7.44,1.1086,0.016,0.016,0.6367,134.86934310310937,164.18876551682882,240.1680447396659,134.32098955764093,132.37614023088037,111.04643983018902,259.9768275999284,2.882401810287006,193
7.45,1.1047,0.016,0.016,0.6414,134.8452498688474,164.15943462294464,239.9754172814409,134.26547798504618,132.3848949857801,111.0315524964849,260.0584072697793,2.8843682316,193
7.46,1.097,0.016,0.016,0.6272,134.67500131947364,163.9521755193592,239.22801721059187,134.08200356303152,132.4267914588839,110.96114511153922,260.1332132657798,2.890488631716741,193
7.47,1.0931,0.016,0.016,0.6219,134.6124431410562,163.87601773693797,238.8905147873382,133.9927829771216,132.444285871966,110.94556179892932,260.2145332104773,2.8935526607555824,193
7.48,1.0853,0.016,0.016,0.6216,134.48848802053013,163.72511585108015,238.32894178665947,133.85589221101202,132.48065954049468,110.8724379931218,260.2888268250669,2.8982630325496954,193
7.49,1.0815,0.016,0.016,0.6237,134.45206787713727,163.68077828521058,238.1029098829717,133.79867804636666,132.49948255453384,110.85761893224088,260.3700636821016,2.900429287005348,193
7.5,1.0699,0.0205,0.0205,0.6258,136.49958559553582,166.1734085510871,237.28279902453625,138.21148866432338,145.8358370045551,113.02794814590855,268.9647689728748,2.9603610863146304,193
7.51,1.0505,0.0216,0.0216,0.63,136.61668505269245,166.31596441197345,235.88865922465536,138.9261134236069,149.0645977335037,113.26257187559304,270.85320437018163,2.982915410257628,193
7.52,1.0389,0.0226,0.0226,0.6361,136.84501348654254,166.5939294618779,235.11340956048835,139.64882227645978,151.89941269860273,113.54918008212474,272.52077284518987,2.999462271138422,193
7.53,1.0381,0.0248,0.0248,0.6367,137.74779190144758,167.6929640539362,235.09120198202933,141.52321498272596,157.7705887743039,114.45763274118868,275.9229171614319,3.0213945630557824,193
7.54,1.0378,0.0263,0.0263,0.638,138.34816284239915,168.42385041683374,235.1179848795968,142.7439963565617,161.64967292686285,115.05453783703,278.13022962383343,3.035349308822766,193
7.55,1.0383,0.0289,0.0289,0.6412,139.33107535091585,169.6204395576367,235.2346847081966,144.77746222264167,168.1617776021567,116.00910799900618,281.65524483541697,3.057186587533326,193
7.56,1.0389,0.0298,0.0298,0.6382,139.6707164183289,170.0339156397048,235.26783564731485,145.4440681114675,170.36001813112497,116.35725080565082,282.8762784347149,3.06477306292741,193
7.57,1.0466,0.0307,0.0307,0.6278,140.1349122335301,170.5990235886453,235.74142290312184,146.19350704258773,172.45988622316506,116.8119806537606,284.0830873548912,3.068842011759001,193
7.58,1.0505,0.0308,0.0308,0.6251,140.2813473743697,170.7772924557544,236.0336477036611,146.31827128486094,172.649717723814,116.94902455662896,284.30597594316265,3.0679499789533144,193
7.59,1.1221,0.0308,0.0308,0.5769,141.72494583129165,172.53471666418116,240.8028692314292,147.33943783102893,171.88522444363934,118.10799341311112,284.53962277702783,3.032912541391473,193
7.6,1.1937,0.0307,0.0307,0.5541,143.17384842139725,174.29859807822274,245.77624890615803,148.31299154262018,170.88149186785316,119.17616190007172,284.6443760363576,2.9965652752174767,193
7.61,1.1705,0.0305,0.0305,0.5457,142.61772363879558,173.62157660375115,244.00514477406875,147.78189601163947,170.67123911315522,118.81879083753228,284.45593610840564,3.0082790185775448,193
7.62,1.1318,0.0294,0.0294,0.5478,141.4518371232376,172.2022364978545,241.20822407967196,146.3635117278639,168.44952523577066,117.928009662405,283.1244735480863,3.02045605341635,193
7.63,1.0853,0.0282,0.0282,0.55,140.04870260978578,170.4940727423479,237.7630351285884,144.70536886747902,166.02287523123934,116.85558991717129,281.60082066879374,3.036655450518157,193
7.64,1.0544,0.0254,0.0254,0.5792,138.4884968111603,168.5946917701082,235.84543404060173,142.06270530380047,159.2044451268558,115.40689388436532,277.83118945227585,3.0271546804024774,193
7.65,1.0312,0.0233,0.0233,0.5841,137.19331494928215,167.0179486339087,234.14251972831008,139.91423205990736,153.8916328650878,114.25826410432867,274.77746067331856,3.020751011268725,193
7.66,1.0002,0.0217,0.0217,0.5841,135.85116334308194,165.3840249394041,231.7242568893774,137.96075976817065,149.83017825625777,113.1285147349086,272.2764265996369,3.023653366757701,193
7.67,0.9809,0.0187,0.0187,0.5911,134.1194922561038,163.2759036161264,230.31526061858443,134.79164729528483,141.4082446855247,111.4673687036065,267.11016423844404,3.0020139921143194,193
7.68,0.9615,0.0173,0.0173,0.5961,133.03903095269308,161.96055942066982,228.85212514633207,133.0306343551049,137.36096545407744,110.47163108282042,264.4697241362225,2.9969922256546067,193
7.69,0.9422,0.0159,0.0159,0.6025,131.9226086758986,160.60143664892004,227.40273681944475,131.19611982055716,133.15287198807292,109.42030302873752,261.6311224835628,2.990802240397396,193
7.7,0.9402,0.0127,0.0127,0.609,130.07132332385356,158.34769795947392,227.36908339849535,127.38367809627184,122.57371551820052,107.40430000592848,254.17815468554613,2.9452169045607497,193
7.71,0.9393,0.0113,0.0113,0.6118,129.16442434767302,157.2436470319498,227.3680220988173,125.52420331969832,117.61901101410508,106.39182859546378,250.42833305704173,2.9226335509083685,193
7.72,0.9383,0.0102,0.0102,0.6168,128.40185890312992,156.31530649076686,227.39308536405156,123.96595556253683,113.55523729913853,105.51311725225312,247.1953422922965,2.90326714600337,193
7.73,0.9383,0.0082,0.0082,0.6255,126.85220409042483,154.42877019703894,227.55821798741133,120.88642746121162,105.70444251534413,103.6562466628161,240.35894930086167,2.862424829493654,193
7.74,0.9267,0.0079,0.0079,0.638,126.41290978169184,153.8939771255379,226.82663642228897,120.21400818716418,104.4917835459477,103.18821458431596,239.2533845411928,2.86189968661797,193
7.75,0.9235,0.0078,0.0078,0.6353,126.27129096425912,153.72157160866328,226.54824498241496,119.973617627319,104.08345371856096,103.06482303384902,238.92941378407772,2.8622795227686435,193
7.76,0.9241,0.0079,0.0079,0.6384,126.41899864930748,153.9013896600265,226.67568734514464,120.16268963231076,104.49567682736551,103.22050079633092,239.4046674206911,2.8640365600157542,193
7.77,0.9247,0.0079,0.0079,0.6532,126.52609651567845,154.03176967126072,226.9869565562677,120.22197027474796,104.48503162998902,103.26711360143948,239.4838334723121,2.862152947776488,193
7.78,0.9267,0.0089,0.0089,0.6606,127.46892072905948,155.17955567015937,227.29720187360152,121.96588137711576,108.58399171947458,104.36353017132186,243.3064623161968,2.880993878733403,193
7.79,0.9499,0.0096,0.0096,0.6581,128.56988765727996,156.51986323494953,229.18921642802675,123.45081887130348,111.23153874552796,105.43367981748314,245.83788383134123,2.8809959310709106,193
7.8,0.9731,0.0109,0.0109,0.674,130.16970627851953,158.4674685129803,231.33832200332336,125.77138285338044,115.9502047491246,106.95995164963614,250.0561267725361,2.8894989455940534,193
7.81,1.0041,0.012,0.012,0.6829,131.6786436036804,160.304435691437,233.9678541148235,127.82131692492568,119.70909157290104,108.34346903948249,253.34199053408204,2.8888987914188435,193
7.82,1.1008,0.0136,0.0136,0.6892,134.80741636987287,164.11337645028004,241.51837255964435,131.40578123895642,124.572019362879,110.97343838556064,257.7565821284838,2.859314610076431,193
7.83,1.155,0.017,0.017,0.6896,137.8777522704637,167.85117667708624,245.5607283421285,136.17339950117153,134.9278390760441,113.8734973242839,265.52348995980776,2.876070968061174,193
7.84,1.1937,0.0183,0.0183,0.6795,139.31590659087695,169.60197324106758,248.25159571277837,138.0787880234609,138.50324698449012,115.1579796126302,268.2312573388555,2.8731701184162373,193
7.85,1.2285,0.0194,0.0194,0.6558,140.48841923908674,171.02937994323605,250.440010351688,139.6223025879629,141.43131392897112,116.23827446696028,270.419110332712,2.870896611678301,193
7.86,1.2247,0.0201,0.0201,0.6303,140.71756580810842,171.30834098378418,249.8590627368836,140.13145045918864,143.38378691126553,116.57001247394062,271.74938314323373,2.883527430357064,193
7.87,1.213,0.0209,0.0209,0.6181,140.87683644979202,171.50223567800768,248.8919946808633,140.63759004241302,145.623878176151,116.82798754157656,273.20016029078965,2.899740957684433,193
7.88,1.1705,0.0212,0.0212,0.6197,140.2059292394528,170.68547907411644,245.87739548802435,140.2859490092926,146.76427095208305,116.40817272982169,273.72250059733426,2.924646202507303,193
7.89,1.1357,0.0214,0.0214,0.6213,139.62097363174445,169.9733592038628,243.37174723324907,139.9392109227804,147.58713105321823,116.0346068745784,274.08355494575017,2.945188041524795,193
7.9,1.0853,0.0211,0.0211,0.6274,138.47646045946766,168.5800388202215,239.7052025276756,138.88164898625962,147.17859262582894,115.18416273743442,273.57675709539745,2.9693076059984524,193
7.91,1.0621,0.0208,0.0208,0.631,137.88609928986614,167.861338265924,238.01333884223257,138.23381731310795,146.5386241336451,114.73025559330851,273.11167343567485,2.979170981485278,193
7.92,1.0196,0.02,0.02,0.63,136.6071816718448,166.30439507876758,234.72151437293672,136.76405397175327,144.65966154977897,113.72679708798928,271.72744580466946,2.99573006169529,193
7.93,1.0002,0.0198,0.0198,0.631,136.1124820801875,165.70215209761955,233.2308597811381,136.24080556762488,144.25761106093094,113.35782025158748,271.4207143806434,3.005378565106719,193
7.94,0.9847,0.0198,0.0198,0.6319,135.79309464599112,165.31333261251092,232.0353137867399,135.9715481139559,144.39495875563642,113.1427943471772,271.47589050958203,3.015074600421982,193
7.95,0.9844,0.0199,0.0199,0.6425,135.91187123701923,165.45793020158865,232.2016981186892,136.0934985390446,144.66163691747192,113.22475803185948,271.7396481685985,3.0154246543247867,193
7.96,0.9846,0.0199,0.0199,0.6446,135.95907104638474,165.5153908390771,232.2786144694312,136.10012099058275,144.65139042022713,113.2676465446402,271.8264943588832,3.015350481322716,193
7.97,0.9847,0.0204,0.0204,0.6289,136.15160897110826,165.74978483439267,232.07620369876292,136.52073302265842,146.1021303927015,113.54246207601985,272.791655622962,3.022929607960738,193
7.98,0.9963,0.0224,0.0224,0.6288,137.31798271123347,167.16971808324078,233.03194701423448,138.54521006669896,151.55621297905842,114.66038378621884,276.2401596064257,3.037061197570969,193
7.99,1.0041,0.025,0.025,0.6291,138.5722290370658,168.6966266538193,233.68640437589323,140.89925980076188,158.41572254464523,115.8805990487338,280.3170029946591,3.057662158267232,193
8.0,1.008,0.0351,0.0351,0.6295,142.0432866811356,172.9222620465999,234.03091592699013,148.36903045983252,182.9677432377148,119.2986822827224,293.0603440941717,3.136407486593931,213
8.01,1.035,0.041,0.041,0.6313,144.3470512158314,175.72684495840346,236.21184752409363,152.52310793022303,195.5846733586184,121.3500984367117,299.19287151689355,3.158737570275725,213
8.02,1.1821,0.0471,0.0471,0.6332,149.32782608096272,181.79039696812853,247.3375131395388,158.4364344772145,205.9139590446044,125.17028468383972,305.0325811636386,3.111660679577913,213
8.03,1.2904,0.0565,0.0565,0.6405,153.8529022746378,187.29918537782,255.12804839569048,164.93146828367912,222.22476155759605,128.73394338770183,312.6356121917698,3.104023498832569,213
8.04,1.4297,0.0584,0.0584,0.6353,157.12558880073198,191.28332549654328,264.4319735899652,167.81565607346235,223.66080652554115,131.05287081508737,314.3200017735736,3.04998872904315,213
8.05,1.6851,0.0611,0.0611,0.5509,162.16076155361517,197.4131010217924,279.3738654556288,172.15177988041418,225.33767473598925,134.74249843888185,316.6565680194599,2.9664709279816237,213
8.06,1.7432,0.0727,0.0727,0.4483,165.1815547449607,201.09058838516955,281.6953238461014,177.71922617610664,244.1718991076588,137.41695473559506,324.07681635714255,2.9987605740770795,213
8.07,1.7509,0.0826,0.0826,0.3875,166.89091930266505,203.1715539336792,281.5030229454824,181.60406144906293,259.77574246360444,139.01691382402967,329.61449345922244,3.035064071481631,213
8.08,1.7321,0.0899,0.0899,0.3376,167.5824504816766,204.01341797769325,279.86245097008805,183.9436389130873,271.213519551834,139.8281920028493,333.3412268778586,3.0690382889528345,213
8.09,1.735,0.1026,0.1026,0.3137,169.42816603456436,206.26037604207835,279.7990146317644,188.262376597686,289.6830112898924,141.45290403012737,339.22722869303425,3.1068285074622137,213
8.1,1.738,0.1097,0.1097,0.3047,170.43383669081635,207.4846707540373,279.9100578502922,190.53961339840416,299.58409168277973,142.32492890121878,342.3022037014747,3.125556752965017,213
8.11,1.7509,0.109,0.109,0.3675,170.8532795192821,207.99529680608256,281.4166317216703,190.63188254154556,298.165514869732,142.44973746171303,342.1429614940085,3.1148848006488024,213
8.12,1.8477,0.1196,0.1196,0.4303,174.2356001492199,212.1129045294851,287.7568091304073,195.2137944694601,310.70640607236726,144.71748855525755,346.54174421500005,3.103086051979286,213
8.13,1.9599,0.122,0.122,0.4698,176.67975934948325,215.08840268632744,294.48586942958786,197.3402131326717,311.92550410456107,146.2421435381168,347.69782371541424,3.06925303377382,213
8.14,2.3856,0.1247,0.1247,0.4969,183.8190591151968,223.7797241402396,316.7936343647553,202.6943997955873,309.3721301743996,150.76564199259707,349.3048302904116,2.950723596959813,213
8.15,3.2988,0.1289,0.1289,0.3099,195.09696998582652,237.5093547653541,355.7091354524479,211.86749176491497,306.3782676779159,158.45789865268827,351.7639618154625,2.761974166082227,213
8.16,4.2082,0.1325,0.1325,0.2979,203.8630848950808,248.181146828794,389.782205533875,219.9037404442262,305.37891479705945,164.54378479257903,353.77223304055013,2.6127277938475126,213
8.17,6.4951,0.1601,0.1601,0.3789,222.7787028545504,271.2088556490179,459.7162284102787,240.8717211242278,325.99279681309946,177.98868584540537,363.8613647358849,2.388237358348864,213
8.18,8.4687,0.1684,0.1684,0.2329,232.4019062302144,282.92405975852193,507.6875816400918,251.7555776959655,328.84649721916054,185.7613020291429,367.0934677453562,2.2352618423266506,213
8.19,8.3487,0.1725,0.1725,-0.0639,232.5042734773201,283.04868075499843,503.7040316046673,252.1420562083456,333.4257887595372,185.81354035833303,368.3181707283598,2.256339301068424,213
8.2,7.8302,0.1716,0.1716,-0.0717,230.377023514082,280.45898514757806,491.5223482593419,249.7670027495255,334.0124439243949,184.0883476702171,368.0067851201401,2.2965171811352434,213
8.21,5.4658,0.1707,0.1707,-0.0759,218.2779910753752,265.7297282656741,428.3598529544726,237.61422337891972,341.1989738163938,174.7844293579231,366.8914317805175,2.529848896795759,213
8.22,4.6919,0.1678,0.1678,-0.0834,212.52006193815816,258.7200754029752,404.0263016058106,232.03758623000692,341.8200967880715,170.79853461181844,365.7743610337225,2.6251217604848285,213
8.23,3.856,0.158,0.158,-0.0836,204.24025833540733,248.6403144952785,374.7895516859059,223.51693752771257,336.01767914066687,165.2689420625451,362.5089630657246,2.7365302931083084,213
8.24,3.4613,0.1461,0.1461,-0.0836,198.8541600246636,242.08332524741652,359.6221745209405,217.21021767286535,325.3333940052112,161.71935729260252,358.6610688814855,2.784856194964316,213
8.25,3.2756,0.1352,0.1352,-0.0835,195.4590500392873,237.95014787391497,352.1339757439267,212.66335018521823,314.0456165310824,159.4648505920775,355.0280987242227,2.79866593815742,213
8.26,2.4939,0.1251,0.1251,-0.0834,184.37485773083355,224.4563485418843,317.1572836452817,202.69330029266223,309.4786404604384,152.391664946513,350.8617801480758,2.9556332899236577,213
8.27,2.134,0.1121,0.1121,-0.0804,177.1664718417427,215.68092224212157,298.7698804075351,195.0171737365792,297.3001851299462,147.70854368390474,345.59974839894403,3.027298256253922,213
8.28,1.987,0.1006,0.1006,-0.0764,173.14062270540302,210.77988851092545,290.7525340295072,189.6317046926685,283.55744728756486,144.9393742173826,340.69505676994214,3.0443247052216065,213
8.29,1.8709,0.0939,0.0939,-0.074,170.1540498551955,207.1440606932815,284.15290697782854,185.9543620134755,275.6347278472488,142.91654527906968,337.60879580963945,3.065478984568772,213
8.3,1.8283,0.0857,0.0857,-0.0707,168.16110531913387,204.71786734503252,281.71553631623453,182.48693763405893,264.0695221626176,141.41444552961204,333.66693408695284,3.0557469249130578,213
8.31,1.8284,0.0614,0.0614,-0.0677,163.71815934744146,199.309063553407,281.7888491931421,172.4452554413573,225.07292708884117,137.60149013191543,319.60975753387754,2.966375238485719,213
8.32,1.8286,0.0541,0.0541,-0.0649,162.11805408252226,197.3611093178532,281.86580162285173,168.90660903259018,212.25322488518344,136.21112370038773,314.4895940492711,2.9336087823515937,213
8.33,1.8322,0.0506,0.0506,-0.0622,161.36532668235304,196.44474552634284,282.14300976504506,167.13611582006192,205.83277978251508,135.54069894589438,311.8663426890562,2.9153426610932587,213
8.34,1.8631,0.0491,0.0491,-0.0592,161.53810628547558,196.6550859127529,284.0301141483111,166.69023922684698,202.7326952969356,135.57379617460035,310.7814637378484,2.896705778831137,213
8.35,1.9212,0.0489,0.0489,-0.055,162.4360404676609,197.748223178022,287.4816911933799,167.33081033432344,201.9351330704065,136.17386047967835,310.78140265835896,2.8746436687376966,213
8.36,2.0218,0.0498,0.0498,-0.0493,164.3237059020921,200.0462506634165,293.2671104733678,168.8249872642447,202.50966832740963,137.4318849983066,311.7311637040613,2.846182041387125,213
8.37,2.1185,0.0506,0.0506,-0.0412,165.97339882281457,202.0545724799482,298.6908362070346,170.40567918823382,203.3191070169512,138.58878669802934,312.58020678012264,2.818277736491974,213
8.38,2.1998,0.0518,0.0518,-0.0338,167.4682059884713,203.8743377250955,303.14461693732864,171.96352788871093,204.92468479721884,139.6600556373605,313.71623664551964,2.7986786320004557,213
8.39,2.2888,0.0554,0.0554,-0.0288,169.6641380065808,206.54764626888095,307.8710677696063,174.7421006462477,210.5613961777276,141.29229787756668,316.6568585552444,2.789499494151481,213
8.4,2.2966,0.0571,0.0571,-0.0235,170.26365373555666,207.277491504156,308.36050997228807,175.6470131943348,213.34507602905185,141.76354127770963,318.0073373436309,2.795191312699597,213
8.41,2.3372,0.0603,0.0603,-0.0182,171.6535718587153,208.96956574104476,310.5234063612372,177.58714165320745,218.35513705023493,142.81362837202076,320.4075509473463,2.7978801809388782,213
8.42,2.3778,0.0629,0.0629,-0.0125,172.86567750326162,210.44517261266637,312.6672793660168,179.20662197685164,222.28434239302868,143.71822159227986,322.3086757907081,2.797562192474827,213
8.43,2.4475,0.0658,0.0658,-0.0046,174.49567826802613,212.42952136977092,316.2518686195154,181.23421564276515,226.43030632222505,144.90611293886522,324.36952582180123,2.7901247342597766,213
8.44,2.5171,0.0693,0.0693,0.0072,176.23377614481498,214.5454666110791,319.8050913208767,183.4704962785763,231.4024032478403,146.16774578413407,326.7280180983872,2.78502876087426,213
8.45,2.5597,0.0706,0.0706,0.0161,177.10763321779638,215.6092926129695,321.979731307702,184.46193557952975,233.10065357172977,146.79592643519229,327.65719800243386,2.778663279432782,213
8.46,2.5906,0.0716,0.0716,0.0267,177.76886006521937,216.4142644272236,323.5910568841309,185.20328877852103,234.398379304672,147.26997625533346,328.3842451317989,2.7742158157337555,213
8.47,2.6448,0.0762,0.0762,0.0406,179.49264539495135,218.51278569820167,326.3180112626025,187.62124014382536,240.8806110441297,148.52386495888229,331.2028852734871,2.777098222264617,213
8.48,2.6951,0.0771,0.0771,0.0516,180.34051338373308,219.54497281497945,328.80359002971306,188.4894121770884,241.86595231734208,149.121466712888,331.85413184428546,2.767494382229997,213
8.49,2.7222,0.0779,0.0779,0.0668,180.899677280338,220.2256940804115,330.22987696395944,189.09003697150897,242.83232498093705,149.51344699533325,332.4234701477727,2.763232875592709,213
8.5,2.7222,0.0797,0.0797,0.0774,181.344723299556,220.76748923424208,330.36125003819615,189.79889429402405,245.39700166977892,149.8462259815627,333.5114385262667,2.76936124395748,213
8.51,2.73,0.082,0.082,0.0986,181.998506619874,221.5633993633249,330.94442970956385,190.78164944777987,248.59055583112888,150.31150099251596,334.85388229358966,2.774678948315775,213
8.52,2.728,0.0843,0.0843,0.1166,182.5215220951628,222.20011385498088,331.0482156676099,191.64537956409148,251.8082303023011,150.69030356005288,336.1582745465358,2.782356375960714,213
8.53,2.7735,0.0847,0.0847,0.1504,183.24163943384875,223.0767784412072,333.46068053346346,192.2929030544413,252.03364182790008,151.15831192356333,336.50623235026023,2.771407862272594,213
8.54,2.819,0.085,0.085,0.1768,183.91541461369167,223.89702648623333,335.78340720071253,192.88215591461451,252.13181740688896,151.60676220579597,336.8013011312093,2.760693350139822,213
8.55,2.8964,0.089,0.089,0.2327,185.7250122202118,226.1000148767796,339.74358493038727,195.1586911601981,257.1222108627867,152.83098179175494,338.9890239343102,2.753564829144552,213
8.56,2.9815,0.093,0.093,0.2801,187.55771520829603,228.33113155792563,343.8963099405194,197.4340300271813,261.9708661934502,154.08069456225772,341.10589016666074,2.7452193233920297,213
8.57,3.0473,0.096,0.096,0.3408,188.9861425257424,230.07008655307772,347.25807105868404,199.1628374096715,265.4970457479432,155.0239485142943,342.6731968705273,2.737712548890548,213
8.58,3.0898,0.096,0.096,0.4062,189.60034781679184,230.81781473348573,349.6270304632348,199.64502508198717,265.16259388703304,155.38381299614093,342.8094491603878,2.72629746046111,213
8.59,3.1169,0.0963,0.0963,0.5094,190.17789627799,231.52091720798785,351.62843676601983,200.1511179852839,265.27455981875806,155.67002584441113,343.0717772989384,2.717683722792127,213
8.6,3.1672,0.0966,0.0966,0.5997,190.95505048350407,232.46701797991807,354.4706727307569,200.8306411717288,265.2783896332137,156.12007970300004,343.3522428349688,2.704984534031693,213
8.61,3.175,0.0967,0.0967,0.6467,191.1838922822737,232.74560799581147,355.200872958397,201.0013833206856,265.29491284648,156.23926726860233,343.5056604428965,2.7021525019782966,213
8.62,3.1169,0.0968,0.0968,1.0676,191.46231908287797,233.08456236176448,356.1398133697615,201.2152649162485,265.2848151389512,155.8879660761019,343.6057630634025,2.698304684666946,213
8.63,3.0879,0.0975,0.0975,1.0985,191.41206013729436,233.02337755844528,355.2306946476369,201.250238588842,266.2967295471262,155.8216188878242,344.0048730294267,2.705282342046748,213
8.64,3.0589,0.0983,0.0983,1.136,191.38968693098968,232.9961406116396,354.3690300078369,201.32669435246729,267.43095197553623,155.76575542082327,344.44736965280873,2.7123195804657776,213
8.65,3.1131,0.0984,0.0984,1.132,191.9815748309724,233.7166997942273,356.6078893795774,201.81133218205213,267.2498153528037,156.2236197568512,344.63852437667174,2.702079892505505,213
8.66,3.0395,0.0984,0.0984,1.0869,191.20887339660965,232.77601978717695,353.2590679415725,201.09774045635308,267.66421005254546,155.73631684142143,344.6782511897633,2.719015535773928,213
8.67,2.9931,0.0983,0.0983,1.0596,190.70994402422085,232.16862750774712,351.14395867523416,200.60480289960896,267.79013662601767,155.42845526518406,344.6940933749919,2.72968610522812,213
8.68,2.9234,0.0953,0.0953,1.0382,189.4289229548069,230.60912359715624,348.06378958913103,198.9216695116856,264.2353742821753,154.55352840163712,343.34829566611535,2.7367157994657223,213
8.69,2.8731,0.0921,0.0921,0.9062,188.0672969357609,228.9514919217959,344.8671302731112,197.1230920591128,260.3701922795246,153.78053838608457,341.8828426042345,2.7436311992715043,213
8.7,2.7648,0.0888,0.0888,0.8667,186.2157554097579,226.6974413684009,339.8359717396337,194.8741786596344,256.5354294797447,152.51832503895784,340.2672282352579,2.759553935993562,213
8.71,2.7416,0.0855,0.0855,0.8106,185.2296309244312,225.49694199495968,338.3686235599799,193.3539968401064,252.16688298169848,151.9038029913158,338.6734671272215,2.756952646629868,213
8.72,2.6526,0.0852,0.0852,0.7825,184.1504143111872,224.1831130744888,334.1522417629707,192.32877322430653,252.26725391545276,151.18775784803748,338.534352142126,2.7784925095271795,213
8.73,2.5906,0.0812,0.0812,0.7685,182.63609995046195,222.3395999396928,331.2221691582992,190.20121169486373,247.00006090018232,150.12139284498156,336.46338166559184,2.7810071977125475,213
8.74,2.5287,0.0792,0.0792,0.7545,181.50566435711988,220.9634174782329,328.2524107548227,188.78871675479007,244.49846246212928,149.3376812447528,335.4114325804667,2.790413398262893,213
8.75,2.4746,0.076,0.076,0.7588,180.2347787603352,219.4162524038863,325.7732846298876,187.0009806681941,240.1527567126682,148.4117585570188,333.6610382739056,2.7928251248995686,213
8.76,2.3623,0.0739,0.0739,0.7508,178.42881136363184,217.217683399204,320.32632614485414,184.97606863648056,237.7142998838068,147.12676981950648,332.4296486857605,2.8153929722802373,213
8.77,2.3391,0.0725,0.0725,0.7006,177.75414356285165,216.3963486852107,318.75660127424027,184.0589309739397,235.80508703535105,146.73130838820802,331.6756236557019,2.8193057867851485,213
8.78,2.2656,0.0668,0.0668,0.6626,175.48422044043298,213.63296401444012,314.7755419319912,180.8231943673065,227.5954911481204,145.1149414027577,328.1807959587308,2.819673030263843,213
8.79,2.1998,0.0642,0.0642,0.6331,173.98585410306956,211.8088658646064,311.18669870774227,178.9086724965187,223.9382540666318,144.07058448493817,326.51424267555063,2.8297616237180594,213
8.8,2.1495,0.0591,0.0591,0.6207,172.08465788930104,209.49436612610563,308.5043568452559,176.03432007628058,216.04975568322004,142.65347634141352,323.05728663522285,2.823375988748377,213
8.81,1.9715,0.0571,0.0571,0.5976,168.98203457754775,205.71725948571031,298.8119645920885,173.25129345063863,214.31994339167483,140.53116904140597,321.50138672096136,2.8695333916473102,213
8.82,1.8709,0.0555,0.0555,0.5324,166.9355003461315,203.225826508334,292.5525535359864,171.11949632147878,212.39991501407735,139.19053049892503,320.2835027699983,2.900156725762519,213
8.83,1.7858,0.0519,0.0519,0.5056,164.62921585207562,200.41817581991813,287.39960536724027,168.27739498032034,206.88856974976767,137.5364198384046,317.48494261272816,2.9143078685297223,213
8.84,1.6464,0.0501,0.0501,0.4983,161.81940287248025,196.99753393171503,279.019524526811,165.6733480862233,205.03653564083757,135.58110695606845,315.9318746427203,2.9573127206504606,213
8.85,1.5768,0.0481,0.0481,0.4958,160.09380650323115,194.89680791697708,274.7058692857847,163.72861609374368,202.04600842013463,134.32780730746907,314.25254949066675,2.974762858220432,213
8.86,1.4994,0.0443,0.0443,0.4986,157.7086037159489,191.99308278463343,269.83841287344546,160.6218675087743,195.5660769364169,132.49150333434912,310.8814157300088,2.9860398067521223,213
8.87,1.391,0.0425,0.0425,0.5014,155.16949814851316,188.901997746016,262.7414970271861,158.11847115544342,193.1933759004477,130.6579913164005,309.1260559555916,3.0232822833141126,213
8.88,1.3485,0.0401,0.0401,0.4942,153.6544601618885,187.05760367534248,259.7806197356239,156.0660861322341,188.7963564657205,129.48997509399337,306.81592761943523,3.0295299300226555,213
8.89,1.3253,0.0353,0.0353,0.4948,151.7899982517606,184.7878239586651,258.2131612898525,152.6986612447379,178.86449249278385,127.84715192603784,301.819807445986,3.009747815768792,213
8.9,1.3098,0.0336,0.0336,0.4953,150.96843285500316,183.7876573886995,257.16757440960885,151.33341127178497,175.27912787756108,127.14869961299864,299.94860747624205,3.005605958549234,213
8.91,1.309,0.0318,0.0318,0.4965,150.39153738090974,183.08534985502055,257.1561311843143,150.07352289088445,171.23227278050524,126.5973412228697,297.89258528418213,2.9930860200449247,213
8.92,1.3087,0.0289,0.0289,0.5009,149.40953161132887,181.88986457031345,257.22220946365616,147.96530462082018,164.51025288759544,125.63155874666342,294.2953498499252,2.970718573711133,213
8.93,1.3112,0.0273,0.0273,0.5115,148.92942570488808,181.30538781464637,257.5664060498301,146.80063572061326,160.65020096745198,125.11240017033523,292.21134199331743,2.9556897402701923,213
8.94,1.3137,0.026,0.026,0.5183,148.52534523549167,180.8134637649464,257.85966601287504,145.82008792013374,157.4508795527023,124.67974170839187,290.4501163472831,2.9430198585900604,213
8.95,1.3485,0.0241,0.0241,0.5324,148.49019641008258,180.7706738905353,260.4815974019873,144.7715808965724,152.42631700110684,124.40292114263552,287.73592977519536,2.908623063773927,213
8.96,1.3678,0.0236,0.0236,0.5618,148.7636565855743,181.1035819302644,262.20977358720364,144.70222207591493,151.00256582407363,124.4796619567746,287.064051148493,2.8926507967412776,213
8.97,1.391,0.0235,0.0235,0.5765,149.20566549180154,181.64167972914973,263.9950755192462,145.0199648312652,150.63472236789977,124.77623051208242,287.02233046784403,2.8797583284620423,213
8.98,1.4491,0.0235,0.0235,0.6171,150.45519579354166,183.16284705300723,268.38925801304526,145.80137957334398,150.0824017226456,125.5525218840968,287.1902016150841,2.8522482270144005,213
8.99,1.4801,0.0235,0.0235,0.6367,151.0869390151803,183.9319257576108,270.6765390883941,146.2524939686649,149.8695192420312,125.9747665806816,287.31608056007553,2.837870337177712,213
9.0,1.5304,0.0235,0.0235,0.6552,151.98331071267415,185.0231608676033,274.14666593883766,147.0209027038816,149.6640319538769,126.62159708890265,287.4679878229429,2.8153042840435107,201
9.01,1.542,0.0242,0.0242,0.703,152.67510876714618,185.8653498034823,275.48072079406694,147.876743851212,151.27027944625556,127.10778189456596,288.664215453288,2.8137545785274183,201
9.02,1.5729,0.025,0.025,0.7231,153.6214122890574,187.01737148233076,277.67792125868334,148.9929019594593,153.03709925259696,127.85544300768852,290.0112189910114,2.8074074638705526,201
9.03,1.6155,0.0266,0.0266,0.7436,155.09011043851555,188.80535183819285,280.5684648862913,150.86188965978155,156.57523104469303,129.05070933611728,292.49930635940024,2.8036630808442,201
9.04,1.6542,0.0273,0.0273,0.7728,156.0961828350759,190.03013562530973,283.27823830448807,151.9765370122208,157.99344257866449,129.81079831335938,293.6223185938215,2.7929338633883827,201
9.05,1.6851,0.0283,0.0283,0.7891,157.06518180674766,191.20978654734495,285.3403316521671,153.15834678652186,160.09876151568426,130.58656551695037,295.1216787167407,2.788847735175896,201
9.06,1.7238,0.0295,0.0295,0.8123,158.23339862829232,192.63196354748632,287.914051194002,154.57757078646284,162.5672830771258,131.50697848261598,296.8520513409569,2.78304796124323,201
9.07,1.7316,0.0303,0.0303,0.8495,158.8136815283478,193.3383949040756,288.81413633559873,155.3285760683252,164.2353841205385,131.9255271114889,297.9795450958925,2.784296685983965,201
9.08,1.7316,0.031,0.031,0.8532,159.144233218376,193.7408056571534,288.886616653873,155.81994131730772,165.72589430791163,132.2163490423604,298.9489327706977,2.7897849403042234,201
9.09,1.7393,0.0326,0.0326,0.855,159.92834407542435,194.6953753961688,289.38617871225165,157.0043626060337,169.06580187162123,132.89528440558112,301.0048388031417,2.799297910947021,201
9.1,1.7548,0.033,0.033,0.8694,160.38078941384313,195.24617841685253,290.4746986448008,157.49756566787448,169.8138580682507,133.24065690527465,301.5861021567853,2.795982102317886,201
9.11,1.7625,0.0332,0.0332,0.8847,160.64514361523695,195.5680009228972,291.1183153562412,157.759150990657,170.17496383253578,133.43230452820544,301.91675231943634,2.7939427775084766,201
9.12,1.7587,0.0335,0.0335,0.8986,160.77947842478386,195.7315389519108,291.0831550039981,157.9372196493916,170.79094809726402,133.53119050763308,302.3491092512138,2.7968148906437897,201
9.13,1.7606,0.0343,0.0343,0.9062,161.16563930649494,196.20164785138516,291.3073705944875,158.49561777838682,172.41103957413398,133.85458489148465,303.3646599746611,2.801661476964776,201
9.14,1.7625,0.0343,0.0343,0.9058,161.22781343144874,196.27733809045927,291.4439398733521,158.51366839132172,172.3931721396692,133.91612420028864,303.4511125302924,2.8012847782811945,201
9.15,1.7703,0.0344,0.0344,0.9066,161.41480010234855,196.5049740376417,291.9325796750062,158.6735389467315,172.55327990887287,134.0744385788241,303.65989433866326,2.799452314466822,201
9.16,1.7548,0.0357,0.0357,0.9074,161.70949387676248,196.8637316760587,291.08079562685606,159.30202795902866,175.24526743843208,134.35845609058276,305.1922231201163,2.8142925336550686,201
9.17,1.7547,0.0357,0.0357,0.9108,161.7535501488846,196.9173653986421,291.14374265517057,159.30373454494892,175.23222866078453,134.39811402622357,305.2763543905231,2.8143703416957333,201
9.18,1.7547,0.0357,0.0357,0.9181,161.80972887396277,196.98575689004164,291.25516972111825,159.31614194167196,175.215431989774,134.438842462589,305.3605457529487,2.81414817484107,201
9.19,1.7548,0.0359,0.0359,0.928,161.94681897072263,197.15264918174933,291.4007907284556,159.4615664300687,175.5978098000979,134.54301403001995,305.6667100117439,2.8150939682446245,201
9.2,1.7587,0.0362,0.0362,0.9314,162.15655665387655,197.4079820134149,291.69404857703154,159.7014183262683,176.1676004245449,134.71974878652173,306.08680557168043,2.815805986227641,201
9.21,1.7741,0.0364,0.0364,0.9486,162.53254474566603,197.8657066468978,292.7969797334032,160.05677159341369,176.47235786662748,134.99144954895368,306.41008805209066,2.810839680644571,201
9.22,1.778,0.0371,0.0371,0.9642,162.9161270970068,198.3326764659213,293.2208877096262,160.56980918904245,177.81970527759904,135.28860744504456,307.25911950360506,2.8134230312482305,201
9.23,1.778,0.0379,0.0379,0.9697,163.2477951184119,198.7364462311101,293.3120369287714,161.06452043777384,179.37794921525477,135.56922809762446,308.1969794896177,2.81863799424248,201
9.24,1.7896,0.0395,0.0395,0.971,164.00140744395628,199.65388732307724,294.01876687072945,162.16194965047814,182.4186291883568,136.2037452715815,309.9579506080441,2.825116682308391,201
9.25,1.7935,0.0401,0.0401,0.979,164.31658157551712,200.0375775701948,294.35839432947,162.57552818997976,183.53251775303107,136.45806433727788,310.65601893609335,2.827294572820488,201
9.26,1.7974,0.0406,0.0406,0.9824,164.58406103750065,200.36320474130517,294.647960751315,162.91682544100442,184.45260609045675,136.68226917685192,311.2469400492547,2.829113171052519,201
9.27,1.8206,0.0417,0.0417,0.9938,165.34283551178297,201.28693018825751,296.1129673264075,163.858139532748,186.3983933484998,137.28028597141667,312.4454487486609,2.827400676770569,201
9.28,1.8361,0.0424,0.0424,1.0029,165.84978773492574,201.90408941643133,297.1119826761052,164.4615504606291,187.6131997174095,137.67928378512366,313.227430319223,2.8260224935208518,201
9.29,1.8515,0.0425,0.0425,1.0044,166.13980873534365,202.2571584604184,298.02005847437226,164.70552050083896,187.7111873808489,137.91321661827385,313.4281270323059,2.8215896739614075,201
9.3,1.8864,0.0432,0.0432,1.0048,166.8883823131116,203.16846542465763,299.9914140016325,165.51800177855742,188.828929977328,138.51362624850833,314.2233963749243,2.8143434932353104,201
9.31,1.898,0.0433,0.0433,1.0066,167.12211570926902,203.45301042867536,300.6810272403535,165.71242771146132,188.94395314056987,138.70399938597865,314.41759625416483,2.811265543980002,201
9.32,1.9212,0.0435,0.0435,1.0084,167.54539105165043,203.96830214983527,302.00290314345915,166.1006724607945,189.1884936966707,139.04151979718853,314.719767483016,2.8050161589522844,201
9.33,1.9367,0.0442,0.0442,1.0114,168.02303599654468,204.54978295231527,302.9104774677528,166.672470109499,190.38164531479677,139.42862582742373,315.4779192124896,2.804157535898407,201
9.34,1.956,0.0444,0.0444,1.0156,168.394640080436,205.00217053270472,304.0319497184024,167.01465054279873,190.6391294970041,139.7217947496128,315.7718639604575,2.799134123790525,201
9.35,1.9599,0.0447,0.0447,1.0218,168.59447782690594,205.24545126753767,304.33842839209,167.2326644729078,191.1472433772688,139.88162173418235,316.1386554744657,2.799505660610136,201
9.36,1.9715,0.0447,0.0447,1.0167,168.77402262741936,205.4640275464236,304.94359787643754,167.35221436002797,191.08503364415964,140.04215007817427,316.23797423499497,2.796398330502333,201
9.37,1.9715,0.0447,0.0447,1.0215,168.8233393301277,205.52406527145985,305.02491265073616,167.35734477465348,191.0679494321684,140.08372776149892,316.323419000997,2.796378008344414,201
9.38,1.9715,0.0447,0.0447,1.0203,168.8574064567163,205.5655382951329,305.04485572795414,167.34907874321277,191.0561280946881,140.12527341970878,316.4087956754075,2.796718664843522,201
9.39,1.9444,0.0484,0.0484,1.0238,169.66137089407454,206.5442776101777,303.64890257701654,168.98823394553511,197.76647737328423,140.8141023006592,319.7503737564212,2.825909443185336,201
9.4,1.9444,0.0522,0.0522,1.0273,170.76593921481873,207.8889694789098,303.71696465941744,170.95182491450717,204.40862647036624,141.7421925011649,322.9946146307946,2.8452939218195885,201
9.41,1.9444,0.0597,0.0597,1.0296,172.6387408496422,210.16890190391223,303.772634034294,174.76537795099787,217.3565212293861,143.3727898029769,328.76956476146586,2.8788565547016125,201
9.42,1.9444,0.0748,0.0748,1.0427,175.96868884007534,214.22275163139608,303.9395076335676,181.33976767545408,241.27091317232995,146.12446523144988,338.6404675400055,2.9378958913120776,201
9.43,1.9444,0.0886,0.0886,1.0429,178.49571051002013,217.2991258382854,303.9734945172388,186.64488882305488,261.7146587581016,148.23617517741212,346.26979596604,2.9837354293155296,201
9.44,1.9541,0.095,0.095,1.0541,179.76680782230326,218.8465486532388,304.64539984835415,189.0371550508479,270.6252495898414,149.2476266503737,349.5302316948544,2.999447460886393,201
9.45,1.9638,0.0962,0.0962,1.0713,180.20289893943985,219.3774421871442,305.37660943467387,189.5843505163537,272.11533833648366,149.5537824769269,350.20769302851573,2.999188059768051,201
9.46,1.9792,0.0963,0.0963,1.0763,180.51873798832676,219.76194189883256,306.2866466215877,189.78702926413283,272.0280669436208,149.7790442541874,350.36898408214176,2.994756327897476,201
9.47,1.9908,0.0965,0.0965,1.0892,180.81216109088064,220.11915263237648,307.0701177661523,189.9985469696299,272.10931262660364,149.9749974407077,350.5723463277731,2.9913419869794278,201
9.48,1.9947,0.0965,0.0965,1.1034,180.9550334145517,220.2930841568456,307.4540706209808,190.0619254890213,272.00521959005846,150.0612916877074,350.671046684652,2.9896201941046026,201
9.49,1.9947,0.0965,0.0965,1.1068,181.00349236671823,220.35207766383093,307.52058224542986,190.06238097422727,271.97423947199786,150.10528025604293,350.7645960958325,2.9896899731038653,201
9.5,2.0063,0.0964,0.0964,1.1076,181.21157671285567,220.60539773738952,308.177782695327,190.145374124918,271.6691553320241,150.26173005424022,350.8258381254516,2.9861474186525,201
9.51,2.4552,0.0963,0.0963,0.8624,187.04083285868927,227.7018834801435,328.4842349516798,194.1081492797424,267.2915202141545,154.72678392906406,351.3965444233161,2.8757841674868745,201
9.52,2.4629,0.0934,0.0934,0.8546,186.64099036645572,227.2151187069896,328.8161361289509,193.20458755021892,263.38268662004066,154.449327457309,350.1037023221386,2.865689351324864,201
9.53,2.3507,0.091,0.091,0.8576,184.8053946586489,224.98048045400736,323.436917673094,191.1653818290235,260.8514039743405,153.12936543023972,348.8931956333847,2.888243407428173,201
9.54,2.2888,0.0872,0.0872,0.8606,183.3237627177149,223.17675461287035,320.43260687841666,189.17429321493327,256.07115853365,152.04728479523197,346.987424423126,2.893243408620624,201
9.55,2.2462,0.0826,0.0826,0.8986,182.013543480746,221.58170510699517,318.6917612354748,187.11584931116448,249.84701996311472,150.99990606910077,344.594810572525,2.888291231909022,201
9.56,2.2037,0.0785,0.0785,0.9352,180.7570077974769,220.0520094925806,316.92595311457,185.19361386576003,244.21885900128763,149.9937815727408,342.3639164542124,2.884478131620768,201
9.57,2.165,0.0739,0.0739,0.9617,179.38419128088975,218.38075460282232,315.2395744871416,183.04344481578883,237.71284679206985,148.9068812728057,339.7321449589048,2.877750489691624,201
9.58,2.1224,0.0688,0.0688,0.9923,177.80803839054124,216.46195977978937,313.3758999824868,180.5773201847707,230.29006183064544,147.6455619192497,336.62800844731487,2.8691911425583805,201
9.59,2.0373,0.0616,0.0616,1.0061,175.1028923020329,213.1687384546488,309.08730654533025,176.37653779318435,219.272237333276,145.47973884869148,331.8122095248207,2.865717637412977,201
9.6,2.0102,0.0594,0.0594,0.9961,174.19695165508654,212.065854188801,307.5762990980133,175.0456536717021,215.89429883614372,144.8037988234843,330.3015303032618,2.865270335093981,201
9.61,1.9483,0.0568,0.0568,0.9703,172.5632244304991,210.076968871912,304.00504753978095,173.2291146113993,212.31763724231587,143.66013699449286,328.3957358626716,2.873547975396012,201
9.62,1.8825,0.0554,0.0554,0.9703,171.29043887516568,208.52749080454956,300.41822010869663,171.75532405956773,210.35766671528447,142.69660523408086,327.3349341255531,2.888860807248149,201
9.63,1.8593,0.054,0.054,0.869,170.32848595771785,207.3564176876565,298.0769349084512,170.5697064217269,208.26862096727967,142.18079442028883,326.30338636308926,2.89658738114759,201
9.64,1.8051,0.0541,0.0541,0.8421,169.4454027886087,206.28135991656717,294.740511383378,169.9707902495945,208.9891895688638,141.6389810459056,326.39612852151834,2.917045990252304,201
9.65,1.7509,0.0537,0.0537,0.8005,168.3645483233295,204.96553708927075,291.1767790031462,169.0693873672038,208.8829569642106,140.97234211866717,326.0933608157254,2.9368062774115717,201
9.66,1.6929,0.0538,0.0538,0.7482,167.27490603464648,203.63901604217835,287.19065865369816,168.32957507400263,209.7391706370896,140.3522246988829,326.1764005746841,2.9618300492542406,201
9.67,1.6271,0.054,0.054,0.7032,166.05275844437597,202.15118419315337,282.7177892618912,167.53251133075048,210.8784873611107,139.6364233190211,326.32346781075654,2.990796310722068,201
9.68,1.614,0.0544,0.0544,0.6938,165.91469487261938,201.98310680144968,281.8311534923336,167.54391014385507,211.7406465131139,139.59954069538412,326.7025798057961,2.998656776011573,201
9.69,1.6109,0.0559,0.0559,0.6954,166.24907836174853,202.390182353433,281.687439928074,168.24284751438512,214.4026861128324,139.91648584299932,327.940846629756,3.006948877002225,201
9.7,1.6596,0.0561,0.0561,0.697,167.20963940542694,203.5595610153024,284.71585299545194,168.9360022464632,214.18785039301773,140.59982365788986,328.25110859391987,2.989463981943669,201
9.71,1.7084,0.056,0.056,0.703,168.0949979171207,204.6373887686687,287.7504365406639,169.47841676317017,213.45785625353392,141.20734004612453,328.33095270467334,2.970824931772711,201
9.72,1.987,0.0559,0.0559,0.7412,172.66485487308825,210.20069288897704,304.0843455464646,172.687403421769,210.6902448540019,144.33269389430706,328.7074291130313,2.873777669737889,201
9.73,2.3623,0.0462,0.0462,0.7182,174.81646771918446,212.8200476581376,323.3680940997694,171.66655122998287,191.8760660497616,145.69301265123173,321.1577748172961,2.7168382624273724,201
9.74,2.3236,0.0436,0.0436,0.5339,173.12872392257864,210.7654030361827,319.7226321829656,169.463069567936,187.5364283092661,144.69110341801783,318.79243666151893,2.722802084494812,201
9.75,2.1379,0.0422,0.0422,0.173,169.50758837982832,206.3570641145736,306.5076264957084,165.81685168867082,185.98238700526537,142.6199314508678,317.3295007621342,2.7907747138266643,201
9.76,1.9212,0.0421,0.0421,0.1478,166.32658676532554,202.48454040996157,294.1921018866629,163.1986774017397,187.06102455976747,140.4542022861103,317.0630761322347,2.8634280563679826,201
9.77,1.7393,0.0419,0.0419,0.1478,163.30941838352433,198.81146585820355,283.4151993632701,161.00169756381848,188.22096527701655,138.44147035602057,316.7157596961002,2.92775495312477,201
9.78,1.5807,0.042,0.042,0.1515,160.53148417717978,195.4296329113493,273.4899095059181,159.08388828935745,189.93912775358717,136.61426094399604,316.6717917767224,2.99162818179025,201
9.79,1.4491,0.0394,0.0394,0.1551,157.26806144890014,191.45677045953065,264.7953343493228,155.74625966448076,186.08714601340745,134.23932541985772,313.9311515549043,3.0340668335721164,201
9.8,1.3407,0.0385,0.0385,0.1953,154.94864456584295,188.63313251493923,257.77731607147774,153.71926801030233,185.36600671005195,132.52800620601712,312.8903011780632,3.0772714511209287,201
9.81,1.2846,0.0374,0.0374,0.2147,153.5220195989683,186.89637168570056,254.0120087550389,152.22573888358502,183.66795548871627,131.43551470518452,311.6952651762815,3.0973915665042444,201
9.82,1.2604,0.0348,0.0348,0.2401,152.34161135636006,185.4593529555688,252.6126511319833,150.25005733227488,178.26993003914657,130.3314126826916,308.8254092785667,3.0905104018722422,201
9.83,1.2363,0.0285,0.0285,0.2477,149.76180334773932,182.318717118987,250.9548913994597,145.47535605908564,164.11458017599773,127.86911563134323,300.94514666045,3.055825575490172,201
9.84,1.2285,0.0291,0.0291,0.257,149.87645122265505,182.45828844497137,250.5287987153665,145.82168028937645,165.59667342480853,128.00991276401868,301.8248406876756,3.06421515056789,201
9.85,1.2208,0.0257,0.0257,0.2636,148.49160836834437,180.77239279624533,250.07023230808724,143.10042994538958,157.41311478842783,126.6176810372519,297.05139566901687,3.039417935341598,201
9.86,1.1976,0.0234,0.0234,0.2665,147.08845089026974,179.06420108380664,248.3832897263992,140.83416607322127,151.7863468060511,125.32491505017944,293.48653684420566,3.031040432027042,201
9.87,1.1511,0.0227,0.0227,0.2665,145.78652955671342,177.47925337339026,244.83171663516407,139.4652630620337,150.38211792065894,124.33357389396416,292.31936935434777,3.0509785725161875,201
9.88,1.124,0.022,0.022,0.2733,144.92723290173956,176.43315309776992,242.83405282740435,138.41277918963664,148.7592018986381,123.62083847614974,291.1547512513939,3.059481153634841,201
9.89,1.1086,0.02,0.02,0.2816,143.7369794304626,174.98414887186752,241.76385592024764,136.34974289416175,143.4146511875553,122.4377848178142,287.61375403378827,3.0470892672768053,201
9.9,1.0892,0.0191,0.0191,0.29,142.9286096518515,174.00004653268877,240.36624423163207,135.17944275706276,141.0287324456335,121.69526358549534,285.93307437907754,3.048203018699355,201
9.91,1.066,0.0184,0.0184,0.2957,142.10126103778788,172.9928395242635,238.604687796275,134.10130601344397,139.20205652761783,120.97711284902216,284.5758949384208,3.0541539591425235,201
9.92,1.0447,0.0176,0.0176,0.3082,141.2834625584093,171.99725876675916,237.0831312147442,132.95539339662383,137.01357916602387,120.21548390265646,282.96608953212933,3.0569064195459377,201
9.93,1.0234,0.017,0.017,0.3222,140.5602065806272,171.11677322858964,235.5684196462456,131.99502276071792,135.3734427683833,119.54833007086084,281.7219015536131,3.061849193279306,201
9.94,1.0229,0.0164,0.0164,0.3249,140.27216330571477,170.76611185043538,235.5929733415263,131.35973810364487,133.5501441261738,119.21729263068572,280.4794043395151,3.0545360248787263,201
9.95,1.0229,0.0156,0.0156,0.3347,139.90752379736895,170.3222028837535,235.77085887481985,130.5241804386071,131.0645445253166,118.75665566937164,278.73272339310944,3.0431526663107107,201
9.96,1.0232,0.0148,0.0148,0.3459,139.5377400630346,169.8720313810856,235.99545629257517,129.67009342146216,128.52588599287847,118.27690673179865,276.90264167029204,3.030988267566525,201
9.97,1.0234,0.0148,0.0148,0.3461,139.5720913090199,169.91385028924162,236.03860738693868,129.67105906418587,128.52162768232432,118.31323759453872,276.9733536148784,3.031105884567613,201
9.98,1.0234,0.0148,0.0148,0.3497,139.616904215121,169.96840513145165,236.11865496632024,129.68013959693454,128.51422706056903,118.34621570636926,277.0436124135716,3.0309354764950944,201
9.99,1.0273,0.0148,0.0148,0.3548,139.75978517966422,170.1423471752434,236.54451895153983,129.76516609432844,128.47746007859595,118.44402590289414,277.1216185429758,3.028071702617019,201
10.0,1.035,0.013,0.013,0.3617,138.8943012694289,169.08871458886992,237.30992808917316,127.79247128581731,122.5573768215868,117.3347173852362,272.5730725888138,2.996449666072313,203
10.01,1.0466,0.0129,0.0129,0.3793,139.19915561449713,169.4598416176487,238.5558339575373,127.9320214676762,122.13513556639656,117.48052203529524,272.3909138776392,2.985810999123736,203
10.02,1.0466,0.0121,0.0121,0.3858,138.7219911253963,168.87894571787376,238.6799974159772,126.9388883797586,119.4213766827104,116.89035039945024,270.20150551372114,2.9727653110141623,203
10.03,1.0583,0.0118,0.0118,0.3901,138.82378636615886,169.00287035880208,239.7192305350304,126.76612458566892,118.32560646401508,116.86631646630764,269.41120694252857,2.960467771201812,203
10.04,1.066,0.0115,0.0115,0.3903,138.81228616364632,168.9888701122651,240.3673575966172,126.5020786597149,117.24767872232133,116.77093384947688,268.5928870069316,2.9510808314556782,203
10.05,1.0699,0.0117,0.0117,0.3931,139.08025768422104,169.3150963112256,240.7475783658589,126.84090677323452,117.91834809589888,117.032055728556,269.2706822086162,2.9519633530933054,203
10.06,1.0853,0.0118,0.0118,0.396,139.52935224904385,169.86182012927077,242.0475638063186,127.24406926432395,118.1860866361716,117.38846937121173,269.6651187727306,2.944314325347257,203
10.07,1.0931,0.0121,0.0121,0.4021,139.9621310869729,170.38868132327136,242.78352596421536,127.78386520768385,119.1656545517186,117.78723480908393,270.62903741061257,2.9441081662147237,203
10.08,1.1008,0.0123,0.0123,0.4005,140.28868237272349,170.78622201896772,243.39281474291047,128.1629087170629,119.80418550874472,118.0994806537502,271.2886202822341,2.943195381207566,203
10.09,1.1163,0.0123,0.0123,0.3979,140.6406532617663,171.214708318672,244.59767699000932,128.41194409776682,119.73077690796194,118.37013546733796,271.38476513513655,2.934746483974217,203
10.1,1.1318,0.0122,0.0122,0.395,140.9189634356915,171.55352070432008,245.78916088321944,128.529138442582,119.32390657925455,118.55772748848528,271.192538711942,2.924886463916961,203
10.11,1.1511,0.0122,0.0122,0.3969,141.3615523793163,172.09232463568935,247.33536027761195,128.8482102603442,119.2342134375832,118.8794507751306,271.29438945453444,2.9140982549950785,203
10.12,1.155,0.0122,0.0122,0.3988,141.47908840263187,172.2354119684214,247.6874882716143,128.91456779294617,119.21355293875496,118.9700590542718,271.3690471613928,2.9119857783941576,203
10.13,1.1555,0.0123,0.0123,0.4032,141.60492829963474,172.38860836477275,247.81438951040087,129.0613808714959,119.53966066098046,119.09080909636944,271.72594462239334,2.9130653796766888,203
10.14,1.156,0.0125,0.0125,0.4125,141.81846401567466,172.64856488864743,248.01269333307903,129.34925777659356,120.19212651824697,119.29049307161496,272.3651564419388,2.9151690941969117,203
10.15,1.1666,0.0131,0.0131,0.422,142.5094513456654,173.48976685559268,248.9861583251604,130.2933168400555,122.09981521469744,119.94597092606348,274.11711675221585,2.917690563754564,203
10.16,1.1705,0.0131,0.0131,0.4423,142.69879049883886,173.7202666942386,249.60111245749167,130.41430839340617,122.0610702853376,120.03648664696904,274.192190075756,2.9137124518630277,203
10.17,1.1705,0.0131,0.0131,0.4565,142.78317888464974,173.82300038131277,249.8303609488309,130.45441538347143,122.04625535918446,120.06931961259004,274.26044316315586,2.91250070059679,203
10.18,1.1937,0.0131,0.0131,0.4878,143.39963362322047,174.57346701957275,252.0517429432693,130.92357546250696,121.926618756867,120.442047747822,274.368491897242,2.8970002849339767,203
10.19,1.2169,0.0131,0.0131,0.4944,143.88650131437285,175.16617551314957,253.89612348772172,131.35846378008162,121.88486724311366,120.8093278453824,274.4757488216329,2.88378199788731,203
10.2,1.2479,0.0127,0.0127,0.49,144.27556960171998,175.63982386296348,256.13714384641213,131.24164348918305,120.38566568213894,120.9690495985023,273.4902278108406,2.8635914958444157,203
10.21,1.244,0.0127,0.0127,0.4891,144.22513673766449,175.57842733280896,255.8646498776656,131.1780717791231,120.39960335742732,120.9474796842646,273.55170291670044,2.8658840181352114,203
10.22,1.2324,0.0127,0.0127,0.4886,144.02496976991625,175.33474580685456,255.0320445374519,130.99926100958763,120.44412597148646,120.81729950232308,273.6004946827469,2.872050706012208,203
10.23,1.2232,0.0127,0.0127,0.5,143.8519721587365,175.12414001933138,254.5387455501317,131.0077168500552,120.60057137259606,120.719824124042,273.6530265750017,2.874504914868365,203
10.24,1.2191,0.0129,0.0129,0.5113,143.99025797884968,175.2924879742518,254.41922927545176,131.2037118836153,121.23168814608115,120.8508809614206,274.2704365818133,2.8790009259342715,203
10.25,1.218,0.0135,0.0135,0.5261,144.47643213810937,175.88435216813315,254.5701865590716,131.91986273906707,123.0976506402338,121.32490778319185,275.9625016122778,2.887651802457354,203
10.26,1.2291,0.014,0.014,0.5375,145.09522918814366,176.637670316001,255.570663601087,132.71059935474278,124.60469847286804,121.88379716324218,277.3573171250384,2.88827546122385,203
10.27,1.2401,0.0146,0.0146,0.5526,145.78209103180995,177.47384995176864,256.60926513948783,133.60586065951586,126.38340751442598,122.49925831890876,278.9616663088076,2.8898847018309195,203
10.28,1.3137,0.0148,0.0148,0.5693,147.43395698377384,179.48481719763774,262.13366466373543,134.90244491628962,126.58130871559156,123.69355857735091,279.643615391298,2.8559313587621733,203
10.29,1.3524,0.0151,0.0151,0.5953,148.45871145796474,180.73234438360925,265.2038662705458,135.84943463274453,127.28566576541492,124.45247192458488,280.5033333680754,2.8398961478420928,203
10.3,1.3833,0.0152,0.0152,0.6039,149.13188843171116,181.55186417773533,267.4633567653062,136.41766822049766,127.45720402977032,124.96015279188738,280.8600836645723,2.82663304175028,203
10.31,1.422,0.0152,0.0152,0.6116,149.82261336078196,182.3927467000824,270.2061838155,137.04490866792958,127.39527016416348,125.4914945632746,280.98641359361085,2.8082517737795545,203
10.32,1.4414,0.0152,0.0152,0.6095,150.15982481463243,182.80326499172645,271.50243810881005,137.33445493924705,127.36510792476992,125.77049413634283,281.0835246163593,2.7998843505801565,203
10.33,1.4452,0.0152,0.0152,0.6075,150.245257501765,182.90727000214872,271.7561204238468,137.38301402370837,127.35622944787342,125.85206775152804,281.15788651848794,2.798601738038835,203
10.34,1.4375,0.0151,0.0151,0.6058,150.080054638831,182.70615347335948,271.2475721281869,137.15036496658902,127.07652517985144,125.72022520139691,280.9744003193071,2.8011060985600587,203
10.35,1.4181,0.015,0.015,0.5987,149.70769827041215,182.25285006832783,269.88290477803594,136.71886679593354,126.8124315633076,125.4390054899548,280.7722345153172,2.809443103799371,203
10.36,1.3524,0.015,0.015,0.5921,148.59164090409791,180.89417153542357,265.33986437663407,135.7105242014279,126.97245161907682,124.61850958231486,280.7422753240987,2.840575761351252,203
10.37,1.3214,0.0153,0.0153,0.5648,148.13702181309517,180.3407222072463,262.8417328415716,135.53925695545232,128.0231874559474,124.44075735751974,281.48633767430846,2.861509182692355,203
10.38,1.2943,0.0155,0.0155,0.5636,147.71208237988054,179.82340463637632,260.93463179657897,135.4824592019334,128.87476376485563,124.23708451449926,281.98750519304906,2.8760936272870614,203
10.39,1.293,0.016,0.016,0.5636,148.03507313358568,180.2166107713217,260.86700666282627,135.97119917935163,130.31074213636086,124.58021939789238,283.2206503921594,2.8837716341493795,203
10.4,1.2932,0.018,0.018,0.5637,149.2363613493889,181.679048599256,260.9074404149315,137.9863586422248,135.947672344407,125.84053890866868,287.66097098954435,2.908863596750284,203
10.41,1.2933,0.0179,0.0179,0.5796,149.27227397530146,181.7227683177583,261.1542717089063,137.9274712045961,135.64596920897554,125.81737596951244,287.5227798447571,2.906447062674246,203
10.42,1.3098,0.0388,0.0388,0.5989,157.8842570859015,192.2069216697932,262.60646630686495,154.3428799936839,185.0282626299073,134.44219674705343,318.0502413921702,3.0713702712899926,203
10.43,1.3756,0.0428,0.0428,0.6158,160.4771664590777,195.36350699365977,267.4238360176028,157.7059916085284,192.30314731582,136.53800899335425,322.32813655546107,3.0628679622655124,203
10.44,1.5497,0.0453,0.0453,0.6429,164.6765704438474,200.47582488816204,279.2905061853454,161.527640984885,195.17058203232392,139.59452059364818,325.0809949678985,2.9994411383146926,203
10.45,1.6426,0.0468,0.0468,0.6168,166.712892631569,202.9548258123449,284.84073423761214,163.4487558770406,197.08687743172268,141.1884399074698,326.6803959118919,2.9729899582928123,203
10.46,1.7316,0.0471,0.0471,0.5722,168.22992175378153,204.8016438741688,289.778437877104,164.56965252629738,196.8533299433913,142.37863261280367,327.1587209318179,2.944655888843817,203
10.47,1.809,0.0472,0.0472,0.5149,169.40744839659968,206.23515456977356,293.76316297779505,165.3844724543631,196.4144145065602,143.3413003789971,327.4339981339376,2.921604013949548,203
10.48,1.8283,0.0454,0.0454,0.4829,169.15198673152426,205.9241577601165,294.567341577014,164.53159176314216,192.96715174016467,143.13595155588885,325.8874019614848,2.9076809964171204,203
10.49,1.7587,0.0436,0.0436,0.4138,167.29128045619035,203.6589501205796,289.68025946055235,162.56090490382138,190.3042123084456,141.89869496543452,324.1631296188589,2.927571445652618,203
10.5,1.7422,0.0399,0.0399,0.2763,165.4870351950173,201.46247762871675,287.12149536489613,159.86822825590102,183.5107256150228,140.7042811874812,320.5023732945318,2.922151472859582,203
10.51,1.7258,0.0339,0.0339,0.1902,162.97717034813786,198.4069899890374,285.13494033283735,155.62701653543496,171.5555610924875,138.661719015345,313.8375702280353,2.896236452540718,203
10.52,1.8128,0.031,0.031,0.1875,163.36978606168893,198.8849569446648,290.42982358046095,154.60469598676934,164.7442152134396,138.65119078079724,310.39773748300786,2.843871887075069,203
10.53,1.6813,0.0261,0.0261,0.1877,159.24705801771293,193.8659836737375,282.3855299420923,149.35239272530265,154.58928819509012,135.24679522873635,303.4360483066575,2.854696093542468,203
10.54,1.4568,0.0238,0.0238,0.1879,154.26610880404994,187.802219413626,267.6948164523863,144.57621511617228,150.54709520296558,131.50824757968124,299.5729484763142,2.929035677589501,203
10.55,1.3601,0.0206,0.0206,0.2215,151.0657721134122,183.9061573554584,261.4116731982643,140.47455677539543,142.96192231645745,128.69663365683954,293.9231481094826,2.94054032300979,203
10.56,1.213,0.015,0.015,0.2503,145.19597519421836,176.76031762774412,251.01573764069977,132.62516347722462,127.91259584944954,123.3354498237078,281.8766882227223,2.947999177527328,203
10.57,1.1627,0.014,0.014,0.3021,143.75229882348435,175.00279856772008,247.93034985589156,130.816466932225,125.01663943411542,121.91766638319628,279.3391662813806,2.956984473493653,203
10.58,1.1591,0.0135,0.0135,0.3235,143.47141139862237,174.66084865919245,247.9897335107148,130.22682727713575,123.41646603039162,121.52788838361748,278.08176671391703,2.949782452614149,203
10.59,1.1598,0.0138,0.0138,0.3452,143.7948196671733,175.05456307308054,248.38683655912865,130.6612702745057,124.34867314255013,121.7923558337508,278.9453650129781,2.951648440090819,203
10.6,1.1606,0.0131,0.0131,0.3856,143.5474574549476,174.75342646689273,249.06502099526145,129.95327908805294,122.0544047406112,121.31113348505988,277.1316061284219,2.936921982349796,203
10.61,1.1743,0.0122,0.0122,0.4051,143.32495209837086,174.48255038062538,250.42468549882128,129.10586233427128,119.01833367202248,120.83221882522716,274.6685220069379,2.9138233683034374,203
10.62,1.244,0.0114,0.0114,0.439,144.3058264684732,175.67665830944563,256.1637203119605,129.2500002998158,116.0534849603686,121.1874580523617,272.438549663425,2.861173458072013,203
10.63,1.2711,0.0112,0.0112,0.4497,144.74739280809158,176.21421733158977,258.32103210121744,129.41911914689356,115.28466012123565,121.41743275341648,271.9204962775141,2.8435437955384386,203
10.64,1.2943,0.0111,0.0111,0.4451,145.12401335800712,176.67271191409563,259.96109789689115,129.61274320147106,114.87922495654117,121.6753028258908,271.70462628389635,2.8312047912080565,203
10.65,1.275,0.0105,0.0105,0.4381,144.2905679528362,175.65808272519192,258.4924545913039,128.4815128725824,112.885611506403,120.88521643601707,269.7830066384013,2.831448293225401,203
10.66,1.2363,0.0107,0.0107,0.442,143.74258560048452,174.99097377450292,255.7323941997305,128.1826371958392,113.68126391316991,120.56993218258772,270.4481007605368,2.854124901636689,203
10.67,1.2299,0.0108,0.0108,0.4459,143.73711787556562,174.98431741373207,255.3368203141672,128.23103179586496,114.04153101495072,120.6043451013378,270.82919463033363,2.858955915869174,203
10.68,1.2286,0.0115,0.0115,0.4542,144.30127724185405,175.671120120518,255.3810540215612,129.17640033035497,116.42173387254996,121.24774370787298,273.1119099278202,2.870634577869628,203
10.69,1.2344,0.0129,0.0129,0.4942,145.55121648061842,177.19278528075287,256.39587469330127,131.24185634930305,121.0525053194515,122.52429788158614,277.296604022962,2.884845365629244,203
10.7,1.2401,0.0196,0.0196,0.5058,149.67567379912424,182.2138637554556,257.00140357222347,138.51325464000928,140.67238913301998,126.97012086688754,292.87258473523235,2.9665912168544675,203
10.71,1.3833,0.0217,0.0217,0.539,153.6677242247708,187.07375123015575,267.65250704628335,142.6074591031125,145.22586932948573,130.1120178161107,297.0838463642013,2.91599617316391,203
10.72,1.5342,0.0217,0.0217,0.6118,156.65986552619927,190.7163580318948,278.6480049851036,144.7600199945765,144.23354274045468,132.10070523098202,297.3817604966601,2.845354436451019,203
10.73,1.7509,0.0217,0.0217,0.6323,160.04834384100238,194.84146206730725,292.35342921502354,147.74538969634403,143.59848363485418,134.67293870212134,297.74287966864773,2.7585097261817144,203
10.74,1.9483,0.0217,0.0217,0.652,162.76172985005238,198.14471460006376,304.0101422938065,150.29865476929257,143.23726574681157,136.79606684113,298.0485800614837,2.687934202102113,203
10.75,2.0953,0.0216,0.0216,0.4057,163.9740976176136,199.6206405779644,309.5725848056628,151.40229786770266,142.84330502621475,138.2192372696643,298.1002268266582,2.6546967483210238,203
10.76,2.0102,0.0216,0.0216,0.3297,162.7781534786917,198.1647085827551,304.1033017939707,150.21527015588532,142.98883316547884,137.43196322637348,298.0788886164558,2.687179334443312,203
10.77,1.9057,0.0216,0.0216,0.2939,161.36205482504548,196.4407623957076,297.7864346069844,148.82564041936368,143.1689288087019,136.41474099138162,298.03119182731143,2.7256008720182794,203
10.78,1.6348,0.0215,0.0215,0.3088,157.47242639315047,191.7055625655745,281.55666565690245,145.09339670979023,143.47326273880438,133.4188328998744,297.58356342945825,2.827672568259892,203
10.79,1.5265,0.0214,0.0214,0.3236,155.6341892575342,189.467708661346,274.7487302760196,143.6774375169133,143.7977563491841,132.09137721684783,297.32219327746884,2.8699907375108653,203
10.8,1.422,0.0211,0.0211,0.3571,153.72492481413423,187.1433867302504,268.1591652535885,142.09544184423115,143.61345794008787,130.62990550973322,296.6908424492111,2.910360239739398,203
10.81,1.3891,0.0204,0.0204,0.4026,152.9513027345119,186.20158593766664,266.5074299100115,141.1129047295824,141.92959971991974,129.8596701635839,295.4104170277559,2.9145872007317517,203
10.82,1.3852,0.018,0.018,0.451,151.7902074914315,184.7880786852209,266.89933134146776,138.93293835354416,135.49695954351083,128.49860619368397,290.7045775652772,2.8854610588775507,203
10.83,1.3843,0.0157,0.0157,0.521,150.75411182157757,183.52674482626836,267.78110404824287,136.6189582076153,128.8238399563492,127.06951041108212,285.6490692902197,2.853119619086676,203
10.84,1.3833,0.0146,0.0146,0.5282,150.1005797178509,182.73114052607937,267.83095129716446,135.39062804873095,125.57301412785104,126.32497145387325,283.02892135871843,2.8388991498894693,203
10.85,1.3949,0.0116,0.0116,0.5335,148.14768886896147,180.3537081883009,268.72257347821466,132.084864353608,116.37482155342396,124.117067505576,274.7721022694878,2.7878388427847334,203
10.86,1.3601,0.0106,0.0106,0.5513,146.82746354486775,178.74647735896946,266.5772912016513,130.3102830430012,113.13461332382086,122.7758931911543,271.58319168402465,2.7857507271830517,203
10.87,1.333,0.0092,0.0092,0.5585,145.17045472089575,176.7292492254383,264.802790944902,127.99433413456138,108.36982092263897,121.02067403705588,266.65024725450616,2.7721505487249853,203
10.88,1.3311,0.0091,0.0091,0.5724,145.11610179098125,176.66308044119455,264.8789792009408,127.86246585717554,108.01806687686272,120.91701845411173,266.3308075930132,2.770048421219146,203
10.89,1.3342,0.009,0.009,0.5803,145.12455786060508,176.6733747868236,265.2261104728503,127.79414787858668,107.6685381712812,120.87751319031472,266.0149043928827,2.7660546498946545,203
10.9,1.3374,0.009,0.009,0.6052,145.28286841421266,176.86610067817196,265.8056136097918,127.92266808182043,107.67336589839736,120.95007656989269,266.0814014901933,2.7624586294392905,203
10.91,1.3446,0.009,0.009,0.6128,145.4521412351579,177.07217193845312,266.4330023571225,128.06237552578915,107.67898674777403,121.07448749139527,266.15371503049704,2.7585443877451863,203
10.92,1.364,0.0089,0.0089,0.6158,145.70657899643027,177.3819222565238,267.8425986336212,128.24424802383356,107.34506087840764,121.24291135564695,265.85718999593746,2.747290327111171,203
10.93,1.4065,0.0087,0.0087,0.6262,146.2424089661474,178.03423700226642,270.9117369484878,128.6697387721119,106.6878854884256,121.58120630505252,265.1944270263911,2.722907292564421,203
10.94,1.4452,0.0086,0.0086,0.6342,146.79027856940883,178.7012086931934,273.6431127453383,129.15405942091385,106.3825042188952,121.97129509531256,264.9106409302003,2.7031144867783583,203
10.95,1.453,0.0086,0.0086,0.6583,147.006026614797,178.963858487579,274.49239640449974,129.34305963867533,106.39605863344268,122.09688047812486,264.98243813299604,2.697916765096521,203
10.96,1.4491,0.0086,0.0086,0.6501,146.95157839008084,178.89757369227232,274.15412273482787,129.25590761377035,106.38714208396712,122.08061033454314,265.03837009768966,2.700535756928016,203
10.97,1.4491,0.0088,0.0088,0.6464,147.1688109012574,179.16203066240033,274.1320502568879,129.53093608088773,107.08375290755144,122.34479302947776,265.8930020339365,2.705101785316691,203
10.98,1.4452,0.0098,0.0098,0.6495,148.1029623239004,180.29925848127007,273.9360424800566,130.8683914322174,110.49388122639432,123.42600241343575,269.6963098120761,2.726085962765701,203
10.99,1.422,0.0098,0.0098,0.6525,147.78188212737302,179.90837824201932,272.4441368732506,130.51221963206265,110.47506355485424,123.16987131014392,269.72612827599147,2.7364387443122897,203
11.0,1.4181,0.0098,0.0098,0.659,147.76881168833083,179.89246640318535,272.28915186052456,130.46719169276193,110.47065312975684,123.15230397440848,269.7827177276731,2.737880177849074,239
11.01,1.4143,0.0097,0.0097,0.6549,147.63348613007244,179.7277222453056,272.0047258365193,130.2564220338124,110.12804434979276,123.03105088001666,269.4798394698374,2.7383149672574394,239
11.02,1.4065,0.0095,0.0095,0.6619,147.37426066705368,179.412143420761,271.5916664218921,129.87764395184058,109.44264722665788,122.75169213048368,268.80169413999323,2.7376976980944434,239
11.03,1.3988,0.0096,0.0096,0.6809,147.431905291818,179.4823194856915,271.33887148334304,129.94665187977844,109.77662275357676,122.79230098470438,269.21869328079003,2.7417062025449823,239
11.04,1.3794,0.0097,0.0097,0.5987,146.99662769194478,178.95241632062843,268.9708017000055,129.517456218281,110.08726044395914,122.68195025526188,269.61556718189297,2.760068304722293,239
11.05,1.3524,0.0099,0.0099,0.5572,146.6401584194898,178.51845372807455,266.5766364581833,129.21214593981475,110.73986796440784,122.5714717409633,270.35422766487693,2.780717941702907,239
11.06,1.333,0.0106,0.0106,0.5387,146.90377777758857,178.83938164228175,264.9923529630991,129.7472842258163,113.06741878303224,123.04321679615796,272.79933550981457,2.8050335792546077,239
11.07,1.3253,0.0111,0.0111,0.5451,147.2448268979227,179.254571875732,264.5581036891249,130.2704135759325,114.7011650141695,123.44284243060554,274.4898031797372,2.817348622870474,239
11.08,1.3199,0.0115,0.0115,0.5515,147.5214040250008,179.59127446521836,264.2855326865554,130.70741875568987,116.0041915189624,123.7643898985098,275.8106537325716,2.826392694234177,239
11.09,1.3198,0.012,0.012,0.568,147.978776098973,180.14807525092365,264.5240832343132,131.39917769633544,117.62911398993296,124.23215137279274,277.4040253195695,2.83304236254069,239
11.1,1.3206,0.0121,0.0121,0.5728,148.11167102912046,180.30986038327708,264.66882192980154,131.5494802498016,117.94585744637968,124.35975650589565,277.7680402639049,2.834013392273111,239
11.11,1.3214,0.0121,0.0121,0.5686,148.13944837073413,180.34367627741548,264.6925594246498,131.54714572976297,117.94400782597216,124.40174052651304,277.8325751566077,2.834247430414342,239
11.12,1.3407,0.0122,0.0122,0.5581,148.55988847827783,180.85551640833825,265.9357834025512,131.91820272502602,118.21041480442985,124.77815839090744,278.22317252241686,2.827943667915929,239
11.13,1.3872,0.0122,0.0122,0.5456,149.33863838471703,181.803559772699,269.0293734836169,132.61715086055838,118.16680212373063,125.42363180341586,278.356674363078,2.8070890630145757,239
11.14,1.3717,0.0122,0.0122,0.5347,149.0771290440962,181.48520057542143,267.83753051930546,132.32530332876388,118.16763407636148,125.2521207390338,278.3967777469136,2.815779296418464,239
11.15,1.3524,0.0126,0.0126,0.5337,149.06176329752506,181.46649444916096,266.50213240823547,132.51464210657778,119.45962821480204,125.36321887790297,279.60095208844297,2.8314016866386984,239
11.16,1.3446,0.0126,0.0126,0.5345,148.9488711499128,181.32906053032863,265.98930688286623,132.40444202606704,119.48284462992062,125.29006419284362,279.6524036500849,2.835175229749141,239
11.17,1.3427,0.0126,0.0126,0.5352,148.94406131986617,181.32320508505447,265.8886845499473,132.37707306343538,119.4867603512521,125.295748470625,279.7128534040891,2.836231082612056,239
11.18,1.3407,0.0126,0.0126,0.5445,148.96754160812506,181.3517897838044,265.89585398738814,132.3713956556919,119.48559972018596,125.30002319590898,279.77310093313,2.836574420391404,239
11.19,1.3446,0.0122,0.0122,0.5549,148.81484213030743,181.1658947673308,266.33218650741685,131.9482947809696,118.18715379346622,125.0483197015244,278.67122986319174,2.828063923409937,239
11.2,1.3369,0.0115,0.0115,0.5951,148.30181436208568,180.54133922340867,266.35138936376046,131.06995445407716,115.94393751190508,124.3645489290141,276.5895491637294,2.817085441607253,239
11.21,1.333,0.011,0.011,0.5976,147.8597645155721,180.00319158417471,266.1343898118004,130.38713062264486,114.33072627910788,123.88516902156448,275.05197489890224,2.810415991809549,239
11.22,1.333,0.0108,0.0108,0.5977,147.71949163471135,179.83242459877903,266.15921920108553,130.13032752712766,113.67563362577808,123.72730418204895,274.4585594494379,2.807136335319285,239
11.23,1.3291,0.0108,0.0108,0.5979,147.6831564126458,179.78819041539492,265.91100248244106,130.06162268038577,113.67150463696072,123.70574517251964,274.5144744453653,2.809290221087836,239
11.24,1.3221,0.0108,0.0108,0.604,147.61336939907648,179.7032323119192,265.52262863391906,129.95932538147943,113.6669217212123,123.64230397368266,274.56556975328255,2.8124322169069065,239
11.25,1.3246,0.0108,0.0108,0.6446,147.81291559496734,179.9461581156124,266.2655100038427,130.12740943365316,113.666099456818,123.70652289591511,274.6311901367244,2.807633857696113,239
11.26,1.3271,0.0108,0.0108,0.638,147.86200847138488,180.00592335646857,266.3764965306933,130.14448033896147,113.66318840384936,123.77068449819424,274.696764050032,2.8072704049658226,239
11.27,1.333,0.0108,0.0108,0.64,147.99495310100724,180.16776899253057,266.84057559759503,130.24579877378747,113.66159687749688,123.88033892955876,274.7674843123839,2.8044386855750787,239
11.28,1.3601,0.0112,0.0112,0.642,148.81438703289845,181.16534073570247,268.7787452751888,131.2008781491123,114.95909389070508,124.64620190193438,276.1726866138151,2.798353665677372,239
11.29,1.3601,0.0115,0.0115,0.652,149.12198861881927,181.53981223160608,268.933910483376,131.59890608562435,115.91372024387816,124.95074810059454,277.18547336059453,2.80280309217227,239
11.3,1.3524,0.0117,0.0117,0.6501,149.1803464324797,181.61085652649703,268.39844924068666,131.7061269833827,116.54349313875628,125.05820768984609,277.8580233304544,2.8102902199562974,239
11.31,1.3407,0.0117,0.0117,0.6534,149.02507749868377,181.4218334766585,267.65088426274144,131.5186835728815,116.5404273355512,124.93255028708172,277.9023443142321,2.8159151785469323,239
11.32,1.333,0.0118,0.0118,0.6602,149.0269593390179,181.42412441271748,267.2263954727336,131.52880723825206,116.85297613288556,124.947875965929,278.26033616175965,2.82096724839213,239
11.33,1.2904,0.0118,0.0118,0.6765,148.3276808443485,180.57282885398948,264.46109322647067,130.95825319324317,116.96217704678187,124.3953801364858,278.25561943918626,2.839692157098639,239
11.34,1.2952,0.0118,0.0118,0.6886,148.4875049081221,180.767397279453,264.9888857262874,131.05812700972356,116.93894511068518,124.49243544671664,278.3253806790597,2.836568514874958,239
11.35,1.3001,0.0118,0.0118,0.7085,148.67609952571507,180.99699072695748,265.62712189295,131.18017558059074,116.91125202299096,124.59067315933876,278.3952348073121,2.8327228492426717,239
11.36,1.3121,0.0117,0.0117,0.7142,148.86981533723974,181.2328186714223,266.57305709275875,131.23416509389114,116.5454601471587,124.69805064176258,278.16827068222324,2.825300581072036,239
11.37,1.3369,0.0117,0.0117,0.7093,149.30915604807038,181.7676682324335,268.2667741571662,131.6081702634123,116.5191325631121,125.06532144396216,278.26875633495,2.8141042888896464,239
11.38,1.3833,0.0117,0.0117,0.7305,150.16100249296818,182.8046986870917,271.7654155812791,132.42803399704337,116.51705831597194,125.71200603972108,278.4009359118152,2.7903583668888565,239
11.39,1.4336,0.0148,0.0148,0.7548,153.39638391944408,186.74342390193195,275.494016158391,136.78936545368666,125.74326241088598,128.88096273249678,287.1784504006713,2.812498926801998,239
11.4,1.4684,0.018,0.018,0.7624,156.01926739133117,189.9364994329249,277.9198642608422,140.61058461986252,134.5454649714991,131.47724031100248,294.6977071092901,2.8368739429467467,239
11.41,1.5033,0.0255,0.0255,0.7328,160.26769940108812,195.108503618716,279.86005665363064,147.70515796438897,153.29179178423794,135.82529026312022,308.4703205514774,2.898671567565754,239
11.42,1.4878,0.0411,0.0411,0.7214,165.51668694878495,201.49857541591211,278.73056887513286,158.1554757910697,186.83924412178305,141.1381065884544,328.2657301860939,3.0166683156208407,239
11.43,1.4607,0.0728,0.0728,0.7157,172.20580848953605,209.64185381334823,276.8977794800742,172.97013466050973,242.50952116895783,147.6414724258758,353.6228195722413,3.1741926894851065,239
11.44,1.443,0.0764,0.0764,0.7205,172.51637743995323,210.01993775298652,275.8058734806037,174.13572492849613,248.3861372580297,148.01010211304515,355.8952953862733,3.1946838772114714,239
11.45,1.4408,0.0792,0.0792,0.7254,172.9954253483769,210.60312651106756,275.74507825821183,175.17705569731208,252.70158842558092,148.45638162610916,357.63950451499875,3.205146860425153,239
11.46,1.4411,0.0805,0.0805,0.737,173.29640867177616,210.9695409917275,275.93592387792745,175.69327985884982,254.6251738979928,148.69766806493234,358.4769737257032,3.208677361194656,239
11.47,1.4414,0.0808,0.0808,0.7639,173.4937534439556,211.2097868013373,276.32013168719664,175.87711497637918,254.9746105812828,148.7841152174411,358.73007016264467,3.207553435721494,239
11.48,1.5691,0.0768,0.0768,0.7867,175.56634918445445,213.7329468332489,284.9126743536048,176.1854198697001,246.83601844123308,150.01695249397667,356.67266461858503,3.1386380891135794,239
11.49,1.6348,0.0728,0.0728,0.7618,176.05529080466988,214.3281801100329,288.75717463730416,175.3940347678703,239.8137410553984,150.27356935156823,354.3867209070299,3.100678328059255,239
11.5,1.7006,0.0674,0.0674,0.7051,176.06278551308898,214.33730410289093,292.1611369030519,173.8412601862924,230.60822691793385,150.20255049182353,351.03348982787764,3.0598302444469416,239
11.51,2.6758,0.063,0.063,0.3902,188.64264534384083,229.65191607076275,341.04458477711387,181.44468280476335,215.9963148701902,159.47600734665082,349.21206572311746,2.769323964687359,239
11.52,2.521,0.0603,0.0603,0.2686,185.86888634465035,226.27516598479173,332.4702953038172,178.37342836155835,212.56322498066476,157.57758448836242,347.1523601959389,2.8044575651141708,239
11.53,2.1921,0.0574,0.0574,0.2708,180.62161079082816,219.8871783540517,315.58914670662654,173.8698972957431,210.3624886107343,153.84378265758448,344.6541266840246,2.8831140563050583,239
11.54,2.1031,0.0493,0.0493,0.273,177.1483601221716,215.6588731922089,310.79661257257726,168.963923594759,197.460401133234,151.04597647263128,337.8758007607884,2.8717172700940496,239
11.55,2.0218,0.0444,0.0444,0.2854,174.55391005412167,212.5004122398003,306.4233765590475,165.45411130070673,189.2812134076676,148.92743197289295,333.2845995172579,2.871341240316762,239
11.56,1.9135,0.0397,0.0397,0.3124,171.52905141872276,208.81797564018424,300.5402308818578,161.5254325947116,181.1306149227236,146.4208798195643,328.410008439386,2.8793686939892607,239
11.57,1.7974,0.0339,0.0339,0.3808,167.90881218078954,204.41072787226557,294.4657886822018,156.66398713571903,170.30504934234813,143.25174267859572,321.6573110371453,2.878621707728476,239
11.58,1.5536,0.032,0.032,0.433,163.25172867485728,198.7412349085219,279.8353249649685,152.42155374463647,167.90088314334133,139.63976116163605,318.97998132983327,2.9571614840764657,239
11.59,1.5388,0.0318,0.0318,0.4793,163.0985855689334,198.5547998230494,279.466489841382,152.20129686481656,167.51091526542473,139.4083229429752,318.7671344840804,2.958480198810167,239
11.6,1.536,0.0319,0.0319,0.525,163.27292363621032,198.7670374701691,279.87529226470934,152.3435486292416,167.67380372804158,139.4415192161301,318.9625615808975,2.956982569411463,239
11.61,1.5351,0.032,0.032,0.5625,163.45319277202083,198.9864955485471,280.30559112377773,152.4898217541286,167.83362199519777,139.49939015451469,319.1605578975909,2.9553498091867896,239
11.62,1.6043,0.0417,0.0417,0.597,168.04412037037696,204.57545088567636,285.2013198635581,159.61886486840953,186.9389403423035,143.54152079756614,330.5169270350169,2.987203131933187,239
11.63,1.6735,0.0515,0.0515,0.6408,172.1613350233865,209.5877122023836,290.07590389600244,165.9156636565751,204.2646702476735,147.00465490838636,339.8921960894027,3.00910668395363,239
11.64,1.8438,0.061,0.061,0.7203,177.70137429529663,216.33210783775243,301.1992178126984,172.6689749709899,218.4787943314223,151.21605945412455,347.780333959599,2.9852607826446165,239
11.65,2.1263,0.07,0.07,0.7871,184.4288921365071,224.5221295574869,317.64236026892536,179.74974368760633,229.73265313510117,156.16276905075512,354.5090947926351,2.9274895603152715,239
11.66,2.521,0.081,0.081,0.8005,192.35822798134356,234.1752340642443,337.80494841060005,187.8954407087329,242.2284918271027,162.02825931965296,361.83383914669344,2.85909408202841,239
11.67,2.935,0.0989,0.0989,0.7127,200.7727773108272,244.4190332479636,356.19887477016454,197.68405235659625,262.91812524732387,168.42260502887592,371.8471865303484,2.8216309178937187,239
11.68,3.2485,0.1062,0.1062,0.4356,204.99088275977465,249.55411814233432,367.4995836795015,202.4096600210733,270.57223637837126,171.95610592413476,375.6690659616567,2.786205153346455,239
11.69,3.7438,0.1139,0.1139,0.1603,210.7659572104282,256.58464356052133,385.4842248526946,208.63618554491944,277.83967457200964,176.5707437555949,379.58358604641006,2.7208728190224023,239
11.7,3.8444,0.1201,0.1201,0.0992,212.72293526110172,258.9670516222109,388.9642093201872,211.16188597903843,284.53488547261867,178.07004812199156,382.3658529352892,2.720666480208662,239
11.71,3.7902,0.1211,0.1211,0.0984,212.4369371813065,258.618880046808,386.8973425310445,210.97835208356216,285.83350763315985,177.8709194598161,382.8207662579158,2.7330611590329075,239
11.72,3.6277,0.1212,0.1212,0.1027,210.9593527938925,256.82008166213,380.5715652410629,209.60051894487725,286.5434491035676,176.80613603092365,382.8203833714954,2.763339257307636,239
11.73,3.4304,0.1198,0.1198,0.1071,208.79860625566437,254.18960761559137,372.63767641484674,207.42638262138576,285.7344214136809,175.2605750161409,382.1669180976696,2.7983152977597525,239
11.74,2.9544,0.1184,0.1184,0.131,203.0829190019904,247.23137965459705,352.3315832934501,203.174254256428,287.83559103283267,171.40414641623036,381.2439653389659,2.89242387186958,239
11.75,2.7222,0.1125,0.1125,0.1618,199.23168469646967,242.54292050005003,341.88463145038065,199.4277834284997,282.83371740502616,168.71841761194617,378.5712000798537,2.930602845706309,239
11.76,2.4939,0.1077,0.1077,0.2765,195.60981745242557,238.1336908116485,331.8791188941103,196.0257867136445,278.9582927902415,166.04107745829435,376.2684064363762,2.970553178008559,239
11.77,2.3236,0.1026,0.1026,0.3156,192.404647337055,234.2317445842409,323.6315598019409,192.7923319444187,274.1804955024847,163.73674311255277,373.787652931597,3.00159845387455,239
11.78,2.1998,0.0973,0.0973,0.3664,189.80200414245408,231.06330939081369,317.64785501171593,189.86307227486475,268.468822103162,161.77550342555426,371.14859324047495,3.0202840581887638,239
11.79,2.0992,0.0841,0.0841,0.4108,186.10906898732017,226.5675622454333,312.68305156276386,184.227118366804,251.2704368575852,158.79341116355403,364.1324857094496,3.0091195419937797,239
11.8,1.9715,0.079,0.079,0.4724,183.28421106831124,223.1286047788137,306.2372875149307,181.0299293026933,245.20385097470785,156.58667638734372,361.0928768237248,3.02973054904053,239
11.81,1.9328,0.0737,0.0737,0.5147,181.787231924605,221.30619538647568,304.5145399441574,178.59454021903275,237.6394908212301,155.27945999924245,357.87184813815173,3.021814476512709,239
11.82,1.9135,0.0714,0.0714,0.5354,181.10262029466287,220.47275514132872,303.65760190601685,177.47995130086665,234.2973838431716,154.6841204612566,356.4497177498465,3.018908571205127,239
11.83,1.8864,0.0704,0.0704,0.5401,180.4844167838473,219.7201595629446,302.1683088352974,176.7642788924963,233.0403212837847,154.22237189451283,355.83530182798324,3.0243627995229363,239
11.84,1.8777,0.0704,0.0704,0.5443,180.38021169278423,219.5933011912156,301.7344087706858,176.66895817782077,233.115656109443,154.15595309326594,355.8992032305209,3.0273159203251176,239
11.85,1.8781,0.0729,0.0729,0.569,180.99723607885588,220.3444613133898,302.05573206337056,177.74703317951594,236.87535339659763,154.64411726358458,357.59430626802265,3.034946966219996,239
11.86,1.8786,0.0755,0.0755,0.6289,181.7377790707443,221.24599191221048,302.7699486765491,178.91900177154594,240.65214330764468,155.1368987021011,359.3045024575092,3.040352000913426,239
11.87,1.9251,0.0822,0.0822,0.6784,183.9710737677541,223.9647854563963,306.00393990212825,182.12613005601136,249.84622999172572,156.82336127407183,363.44113322764434,3.044385652742029,239
11.88,2.0257,0.089,0.089,0.686,186.91248883109583,227.54563857698628,311.75044553743004,185.72990387401256,258.27383976722035,159.0607341077419,367.4325879757664,3.033075684084351,239
11.89,2.2114,0.0967,0.0967,0.6998,191.25922339540307,232.837315437882,321.9109732455903,190.37020756001573,266.5925599022256,162.2336233533694,371.73781705643984,2.999366773570476,239
11.9,2.4862,0.1028,0.1028,0.7351,196.46294656517568,239.1722827749965,336.1900137379507,195.10542671640843,271.5578919626975,165.8717779232656,375.1104891366909,2.940579696469396,239
11.91,2.8693,0.1228,0.1228,0.7721,204.8120454133468,249.33640311190047,354.4878321068283,204.68859338950847,292.35683274433296,171.88757918370626,384.3693602168492,2.898323951862598,239
11.92,3.3955,0.137,0.137,0.6875,212.977709555894,259.27721163326225,376.3244403616441,212.65790349244944,304.0344552086387,177.75448478972234,390.44512921437,2.8269646514355635,239
11.93,4.2894,0.1486,0.1486,0.4738,222.77868668281167,271.2088359616838,408.8386750706648,222.64805744321075,312.52137237644075,185.12562185316864,395.3593074755967,2.703531523890763,239
11.94,4.599,0.1572,0.1572,0.2892,226.3552552511325,275.56291943616134,418.47990051173485,226.81221519681037,320.2236160989098,187.91182818403172,398.5514465420888,2.679353832820613,239
11.95,4.897,0.1622,0.1622,-0.0019,229.01896731926752,278.80569934519525,426.72083116305214,229.75589936467497,324.33188426732875,190.15609760630792,400.4478153455268,2.6545450322819475,239
11.96,5.0518,0.1708,0.1708,-0.0064,231.46465713542943,281.7830608605228,431.8324057673741,232.8295357006063,332.1580901450644,191.8756346294257,403.32455934510864,2.649576741975193,239
11.97,4.9511,0.1748,0.1748,-0.0074,231.314876217433,281.6007188733967,428.5520759456428,233.01086124376133,336.2838447064982,191.73260808612025,404.5654151189889,2.670634088272973,239
11.98,4.7693,0.1752,0.1752,-0.0036,230.003283845189,280.0039977245779,422.5289355831554,231.7727763260353,337.2429381430972,190.78297522461364,404.6591155423548,2.696917407925134,239
11.99,4.4403,0.1757,0.1757,0.0001,227.3961528052626,276.83009906727625,411.2052634504016,229.36358809891857,338.8658714309112,188.9178460150981,404.6804170079926,2.7466721094883875,239
12.0,4.3707,0.1761,0.1761,0.0186,226.916494973334,276.246167793624,408.8903529196402,228.9146941595896,339.4572227275701,188.5678197291336,404.8381245862644,2.7578622136554243,266
12.01,4.2585,0.1766,0.1766,0.0404,226.06311938969452,275.20727577875857,405.03534159707925,228.1368703073743,340.3114185428516,187.95070753085213,404.9947807460108,2.7760939318547604,266
12.02,4.065,0.1787,0.1787,0.0463,224.59286782009872,273.41740430272887,397.99137395798857,226.9655847566851,343.0494716785984,186.92281901403985,405.56346570720825,2.811623480450633,266
12.03,3.8909,0.1849,0.1849,0.0427,223.52848820752112,272.1216378178518,391.41218220826033,227.19673124595508,350.6774084990551,186.3179259114383,407.3194306952598,2.8503253465690763,266
12.04,3.8381,0.1848,0.1848,0.046,222.89504215500847,271.3504861017494,389.43515151263136,227.09267986504648,351.66137601899163,185.98631717779023,407.33522945876814,2.8577743583118185,266
12.05,3.8577,0.1847,0.1847,0.0492,223.23975287115724,271.77013393010446,390.2474401340515,226.91501085820389,350.6997577070501,186.1573857052186,407.40748641652215,2.855809730037044,266
12.06,3.8772,0.1844,0.1844,0.0944,223.54810438881992,272.1455183863895,391.3599490710481,227.0327446108897,350.1093034996336,186.31042308143245,407.4220955082022,2.8508625723480168,266
12.07,3.9218,0.1824,0.1824,0.103,223.85250048363108,272.51608754529,393.1602521878088,226.8829624799843,347.6711147612676,186.49165754345995,406.964676717052,2.840244927742314,266
12.08,4.185,0.1708,0.1708,0.095,225.01927462927588,273.93650824433587,402.9671459143426,226.26683333696184,334.6849393797404,187.26347155439765,403.7817247892044,2.7777369803095304,266
12.09,4.3823,0.1683,0.1683,0.0552,226.4036599439825,275.62184688832656,409.8550866519825,227.2362581351031,331.50588468782024,188.32259042449016,403.23028259583714,2.7432017463810863,266
12.1,4.7112,0.1657,0.1657,0.0127,228.73803640188763,278.4636964892545,421.07581948221576,229.09947870606504,327.8148594918632,190.0933245326793,402.714765808538,2.6905094540013064,266
12.11,4.7112,0.1668,0.1668,0.0025,228.9213146731847,278.6868178630075,421.0441107008625,229.32788224570223,328.8531445778345,190.2414329870662,403.1455618035551,2.693050523695656,266
12.12,5.0208,0.1643,0.1643,-0.0042,230.9648659693215,281.17461944091315,431.39886456839696,230.97093404104703,325.3895707266973,191.7965407010804,402.62850740028176,2.6454823539420667,266
12.13,5.1369,0.1523,0.1523,-0.0129,229.98488026782547,279.98159336952665,435.1652625721981,228.87080994534816,313.1765187678012,191.26529633328173,398.8289854001396,2.607301070989238,266
12.14,5.1795,0.1414,0.1414,-0.0138,228.5167138504724,278.1942603397055,436.5710685021376,226.38271052875288,301.9740872634237,190.35985595400783,395.1038270691765,2.5795553347191262,266
12.15,5.1872,0.132,0.132,-0.0142,226.94972205105907,276.28661814911544,436.8521681688017,223.9167585595721,292.1357428318818,189.35990000402813,391.6721292252653,2.558248672305454,266
12.16,5.1833,0.1252,0.1252,-0.014,225.69865566651947,274.763580811415,436.7634024416044,221.99100575511164,284.8731849895737,188.55316638005024,389.06718215746,2.5433259316082,266
12.17,5.2452,0.1214,0.1214,-0.0138,225.40797730415,274.4097115007044,438.786514452526,221.29783142025755,280.5792202762636,188.43626622907385,387.62603616921183,2.526412559404031,266
12.18,5.3729,0.1212,0.1212,-0.0133,226.2212177402354,275.39974333593875,442.8780273498178,222.0508962682666,280.0247250474628,189.1074104730041,387.6925046151649,2.509808380538375,266
12.19,5.5626,0.1213,0.1213,-0.0121,227.44608905558013,276.8908910241845,448.8335065234885,223.25770516663016,279.6599106693251,190.1110267449561,387.9141779440367,2.48671588631022,266
12.2,5.7638,0.1215,0.1215,-0.0112,228.7095529274224,278.4290209551229,455.01164799560297,224.5276766011223,279.3949732635229,191.1559272854574,388.17982024024775,2.463338022472679,266
12.21,5.9379,0.1229,0.1229,-0.0104,230.0205353444336,280.02499954974525,460.25736397479375,225.9572433390262,280.4976736767539,192.20324625457783,388.9246293269753,2.4467694303486582,266
12.22,6.1275,0.127,0.127,-0.0006,231.94132928973409,282.363357396198,465.9105486079974,228.2398743720203,284.43555900730337,193.64581925566037,390.7591451084486,2.435193154838836,266
12.23,6.263,0.1304,0.1304,0.0004,233.38722010781223,284.1235723051628,469.8632366256098,229.9685374961664,287.70425949981103,194.72740907798607,392.2481696994125,2.428423868834253,266
12.24,6.3017,0.136,0.136,0.0008,234.72952833552597,285.75768666933595,471.01047410896,231.7425787786419,293.4136682181178,195.62605582028905,394.497721648788,2.436947887220605,266
12.25,6.2204,0.1418,0.1418,0.0023,235.42750512492705,286.6073975433895,468.7260332428014,232.85066332158863,299.496079221035,195.9830986170097,396.68917675934426,2.458361510766957,266
12.26,6.0501,0.1461,0.1461,0.0021,235.29561080783088,286.4468305486637,463.8185830109355,232.9926528882164,304.2003588574637,195.730249307675,398.2331557682351,2.48629716398322,266
12.27,5.9031,0.1531,0.1531,0.0032,235.6921933051036,286.9296266323001,459.5244923598868,233.8995221588703,311.49700760556345,195.84166487984731,400.67311055121246,2.517251267477672,266
12.28,5.6438,0.1631,0.1631,0.0042,235.75429259070705,287.00522576259993,451.7496277047308,234.7299834255093,321.8992429194774,195.64779620828745,403.93137424848976,2.5671196353317423,266
12.29,5.4194,0.1817,0.1817,-0.0023,237.0426140006849,288.573617044312,444.8001977520886,237.49570124085,340.11241067237205,196.30378760621332,409.6035964810856,2.628249843068632,266
12.3,5.1601,0.1889,0.1889,-0.0025,236.19801586415667,287.5454106172342,436.5802519904363,237.25162402398624,347.50557943415754,195.5966739540741,411.6134649302925,2.673888799411342,266
12.31,4.9318,0.1917,0.1917,-0.002,234.8575244614467,285.91350804002207,429.1352606412634,236.18243771951728,350.76420380518283,194.60768337113447,412.3482519823356,2.709530886830493,266
12.32,4.6687,0.1931,0.1931,-0.0015,232.9393826546034,283.578378883865,420.2778912404152,234.47258692055232,352.9005217135082,193.23765026748856,412.6558537973613,2.749477386114844,266
12.33,4.5332,0.197,0.197,0.0063,232.31543342609655,282.81878851872625,415.6608885340276,234.19767288227723,356.8861702654588,192.7829216653141,413.7246710251502,2.775900156430298,266
12.34,4.4636,0.2006,0.2006,0.0059,232.1750383599665,282.6478727860461,413.24250480215534,234.34189250781012,360.3515637358942,192.68663089557305,414.73738261188777,2.792420947197611,266
12.35,4.3784,0.1997,0.1997,0.0061,231.34541443622757,281.63789583540745,410.24640763820656,233.45352609147068,359.8161949709664,192.12418546497105,414.52084838098455,2.804471028364911,266
12.36,4.2469,0.1988,0.1988,0.0129,230.0162870890469,280.01982776057883,405.5761574589199,232.36213467646388,359.88490222843967,191.2537196745364,414.26886166798727,2.823166997762545,266
12.37,4.2184,0.1964,0.1964,0.0248,229.5261676130613,279.42316057242243,404.6500566553109,231.66052212246905,357.7836097983759,190.91876651992348,413.6792864688773,2.8238272307504424,266
12.38,4.2056,0.1913,0.1913,0.0245,228.86390517761427,278.6169280423131,404.2113509067365,230.440497310638,352.9576232325757,190.46173296916453,412.34178967625365,2.81830471209944,266
12.39,4.203,0.1819,0.1819,0.0311,227.7768627152468,277.29357200117,404.1942903809238,228.35302953330444,343.9224613186807,189.69256644789783,409.7315308103583,2.803710713831881,266
12.4,4.254,0.1745,0.1745,0.0317,227.3321809719197,276.75222031364143,406.0948311076854,227.19053008477312,336.7037317684105,189.4108749394549,407.6448398641054,2.7828155544689444,266
12.41,4.3049,0.1702,0.1702,0.0283,227.2496475215659,276.6517448088628,407.95075180182994,226.65223028515217,332.3720787467658,189.3854905131254,406.44340878480057,2.767310889023668,266
12.42,4.39,0.1697,0.1697,0.0239,227.9621263744836,277.51911036893654,411.0118612369835,227.2133507111442,331.5542429713961,189.9162430761778,406.4296620454419,2.7533364145180768,266
12.43,4.7847,0.1691,0.1691,0.0247,231.1861493929984,281.44400795669367,424.7790952205125,230.1187557442753,329.6263606802674,192.27188976759115,406.5842440187047,2.693489116209896,266
12.44,5.0672,0.1633,0.1633,0.014,232.5109605307852,283.0568215157385,434.1492241855493,230.8063971942444,323.1568048792584,193.3491827393312,404.9979260028514,2.6441384157662613,266
12.45,5.3304,0.1605,0.1605,0.0075,233.9821628406239,284.84785041467256,442.6206858607457,231.93630454731584,319.66854617087427,194.5282778388766,404.3220053793111,2.6047369987999534,266
12.46,5.4968,0.1601,0.1601,0.0053,235.080601083348,286.185079579728,447.87005247454016,232.930270646527,318.8014729898246,195.3944168052816,404.3649523320896,2.583333461780789,266
12.47,5.6322,0.16,0.16,0.0046,235.98928125730407,287.29129892193544,452.0837487801616,233.77142193241315,318.32049801266754,196.1138643886016,404.4870143559289,2.566837143204013,266
12.48,5.5316,0.1601,0.1601,0.0048,235.3929367556633,286.5653143112423,449.0192286946276,233.14054763335764,318.6464048464221,195.6592880298891,404.5479589025744,2.579493230443411,266
12.49,5.222,0.1601,0.1601,0.005,233.3288356668156,284.0524955943842,439.28552746142367,231.07157471383576,319.4486199986477,194.0864293719347,404.4575234519344,2.618928655698689,266
12.5,5.1437,0.1602,0.1602,0.0096,232.83582109072003,283.4523039365288,436.8210454522397,230.55420090186288,319.72950002336614,193.7177811410601,404.5270383404282,2.629531898390984,266
12.51,5.0653,0.1622,0.1622,0.0212,232.6303073792965,283.2021133313175,434.3730535061293,230.48400747343052,321.8532118001989,193.5319713527778,405.2159611160591,2.643729132302356,266
12.52,5.2607,0.1675,0.1675,0.0095,234.85618103789471,285.91187256787185,440.6580660200526,233.04430593995409,326.3626293934306,195.1530418362352,407.1095575515391,2.6282691595010186,266
12.53,4.8544,0.1819,0.1819,0.0052,233.88648024225188,284.7313672514371,427.34443581785,233.3205526711789,341.0875930350206,194.27541944265607,411.3362935124414,2.708930220877733,266
12.54,4.8496,0.1898,0.1898,0.0055,234.92921797285047,286.00078709738324,427.2186606516798,234.93895152974025,348.32711419076384,194.97762489699656,413.6964203166851,2.723032806031556,266
12.55,4.8536,0.1927,0.1927,0.0057,235.3750628995766,286.5435548342672,427.38820861122014,235.556759710067,350.9081875063104,195.28962636082883,414.5988703187689,2.7274208202643853,266
12.56,4.8575,0.1939,0.1939,0.0064,235.60163822719252,286.8193856678866,427.5575159098976,235.8217194834196,351.93812729266807,195.45615245472817,415.01969237133176,2.7290223873520527,266
12.57,4.8892,0.1938,0.1938,0.0085,235.8883010622854,287.16836651060834,428.6681106046972,236.03147111496065,351.70013356555967,195.6742315717712,415.0954097629837,2.724586319630377,266
12.58,4.9163,0.1937,0.1937,0.0,236.120502951532,287.4510470714303,429.5538298761355,236.19057263213145,351.48452878682207,195.86494996635096,415.16805771513145,2.7211002520749865,266
12.59,4.9473,0.1832,0.1832,-0.0032,235.0271648825361,286.12002681352226,430.6001532653851,234.2115131471702,341.7605835375143,195.18067581472948,412.2730072432134,2.6997793187849792,266
12.6,4.9705,0.1745,0.1745,-0.0038,234.05100074327825,284.9316530787735,431.4006212253899,232.48242424416244,333.5498057414443,194.56802323917088,409.7701039987589,2.6817828084477187,266
12.61,4.6803,0.1676,0.1676,-0.0047,230.8336366471322,281.0148620052044,421.6256650858927,228.77327056475676,327.8627832072829,192.2873754960531,407.5269362150156,2.7108755002132843,266
12.62,4.3088,0.1673,0.1673,-0.0051,227.68508657300495,277.18184452365824,408.5404241922956,225.75776881099816,328.759092465443,190.0245878134048,407.2644304162236,2.767486156371442,266
12.63,3.9102,0.167,0.167,-0.0052,223.83534694723335,272.49520497924067,393.6954243278159,222.61415394433456,330.6156960078632,187.40021009791505,406.9585870225724,2.8325809991418485,266
12.64,3.5658,0.1663,0.1663,-0.0011,219.96786127837885,267.78696155628734,380.12860785796414,220.0145553626285,332.9517545850516,184.90479411434237,406.5404084558625,2.891625340659807,266
12.65,3.353,0.166,0.166,0.003,217.42771211748808,264.6946060560725,371.3591524569309,218.32829055135957,334.6896180703594,183.28646370543285,406.341255472678,2.931538126434888,266
12.66,3.1827,0.1662,0.1662,0.0142,215.35754338286424,262.1744006400086,364.1604891482347,217.02422662901836,336.629050702407,181.97400323209183,406.3293595874624,2.965995820327948,266
12.67,3.0395,0.1663,0.1663,0.0328,213.5515893385248,259.975847890378,358.00447997584,215.87131822800455,338.25311705486564,180.8203426578407,406.30387777699576,2.9960381476881124,266
12.68,2.9892,0.167,0.167,0.0336,212.98011142552917,259.28013564847026,355.76899116176486,215.59710896023205,339.5343210523767,180.48884210079908,406.55674871211374,3.0084828030723134,266
12.69,2.9757,0.1683,0.1683,0.0335,212.97324165336357,259.271772447573,355.1825224531672,215.77791242170983,341.02311390921307,180.52691992128123,407.0343305709255,3.013952688734973,266
12.7,2.975,0.171,0.171,0.0342,213.297650884441,259.6667054245369,355.18442067318205,216.3956978167823,343.81426411819194,180.799014248328,407.957944330636,3.0189123222209715,266
12.71,2.9763,0.1713,0.1713,0.0349,213.38587005813764,259.7741026794719,355.27730607261,216.47054315231517,344.07739991446334,180.87626963957385,408.1335008848702,3.019329795438955,266
12.72,2.9776,0.169,0.169,0.0391,213.1983665058032,259.5458374853256,355.40040979236704,215.9461433658425,341.62594777544626,180.7243168128257,407.4993095292295,3.015179961951369,266
12.73,3.5503,0.1667,0.1667,0.0459,220.27167895951308,268.15682655940725,380.12780212858246,219.9994811209961,333.1505546952707,185.1906011945024,407.3849031508024,2.895524553962957,266
12.74,3.9412,0.162,0.162,0.0429,224.0434973807428,272.7486055069912,395.57419766763866,221.58110934220733,324.8430140907838,187.59237011191817,406.2676324975472,2.819625266926258,266
12.75,4.1308,0.1558,0.1558,0.0381,225.05640683382344,273.9817126672633,402.7211051091314,221.59335084474887,317.6524134154994,188.2962509978623,404.43269176088273,2.7766069620204656,266
12.76,4.0573,0.1554,0.1554,0.0315,224.35017373635296,273.1219506355601,399.9573589394656,220.85344654055456,317.47669219357795,187.81094162567985,404.3240386431198,2.788691845178761,266
12.77,3.7438,0.1551,0.1551,0.0242,221.1122999745941,269.18019127341887,387.8513501221932,218.46154922161332,319.2943718003317,185.6592927929868,404.0620842169489,2.84187017534903,266
12.78,3.0124,0.1556,0.1556,0.0247,212.3144622713584,258.4697801564363,357.0202001950394,212.95486118007344,326.89770269501486,180.0253303647985,403.6614370696355,2.9857074841270403,266
12.79,2.7222,0.1555,0.1555,0.0252,208.2170460392928,253.481621265226,343.52197886975654,210.32122794983349,330.17406312801234,177.44752296263832,403.40507965038216,3.053073186043862,266
12.8,2.6463,0.1555,0.1555,0.0266,207.10937761265183,252.1331553545327,339.87702430569874,209.59200107283797,331.1073015850766,176.76482363983723,403.40043114013287,3.0721451632206715,266
12.81,2.6392,0.1551,0.1551,0.0366,207.01867833335692,252.02273884060847,339.6484916592266,209.4367453009984,330.7098249528141,176.6970389930614,403.3370466946957,3.0729557395342657,266
12.82,2.6439,0.1538,0.1538,0.0455,207.00253550640545,252.0030867034501,339.987884553589,209.1722387603988,329.1787505638398,176.65720439409012,402.98080731143534,3.06915868284978,266
12.83,2.6487,0.1541,0.1541,0.0518,207.162625486023,252.1979788525497,340.3075764411952,209.29711004816428,329.40153512590405,176.77024815512596,403.1678428908559,3.068433074798554,266
12.84,3.2369,0.1544,0.1544,0.0516,215.38306708899864,262.2054729779114,367.33507551542255,214.5090736736282,323.01618906507287,182.01837879798555,403.9483249502613,2.93634835717002,266
12.85,3.5078,0.1555,0.1555,0.044,218.8292632811436,266.40084225530524,378.72413143238737,216.8455081444656,321.5527280908863,184.28565466090285,404.6415313203139,2.88618168119878,266
12.86,3.6896,0.1577,0.1577,0.0408,221.1040352789393,269.1701299047957,386.09350278224986,219.0088528783106,322.84318033353424,185.8882162183629,405.6126465073328,2.8559518562245807,266
12.87,3.8096,0.1633,0.1633,0.0339,223.2694130244932,271.8062419428613,390.811924720478,220.9108764079368,326.921100572243,187.3290552321033,407.6334731036353,2.8470995871770715,266
12.88,3.8212,0.1661,0.1661,0.0303,223.7744920178663,272.42112071740246,391.268685461553,221.66256839712932,329.65593257192904,187.71625407447112,408.6248736150531,2.850332576275742,266
12.89,3.5116,0.1673,0.1673,0.0304,220.43842888608512,268.3598264700167,378.890722401917,219.72323411507944,333.6821682249267,185.59703032690112,408.8320674708664,2.9077966879052157,266
12.9,3.2911,0.1677,0.1677,0.0305,217.8224058842637,265.1751028156254,369.6646208110329,218.11207078448876,336.27107365297405,183.9480219021544,408.8430073901602,2.9512747007885745,266
12.91,3.0744,0.1677,0.1677,0.0316,215.0313994792228,261.7773558877495,360.2244471814,216.32710021567507,338.5875799750217,182.1918962712516,408.7171107155213,2.9963914409531527,266
12.92,3.0852,0.1676,0.1676,0.0341,215.2074146213409,261.9916351911976,360.7552005256049,216.3919616257105,338.3261999544489,182.31413592696205,408.77609428751657,2.994023701042904,266
12.93,3.096,0.1675,0.1675,0.0398,215.3910470808952,262.21518775065505,361.3119194465206,216.4616013839911,338.0587093191293,182.436099897478,408.8349684125995,2.991535264712984,266
12.94,3.143,0.1672,0.1672,0.0457,216.03243645060152,262.99600959203667,363.4695989675707,216.7860202188628,337.1840775449388,182.8444377573638,408.8652409485901,2.981057002081932,266
12.95,3.3878,0.1673,0.1673,0.052,219.2115478288997,266.8662321395301,374.0845435510528,218.77200494860196,334.6778889971385,184.87881111571588,409.2040002571577,2.931868566128595,266
12.96,3.7477,0.1673,0.1673,0.0577,223.3959812106359,271.9603249520785,388.8248400236306,221.62076640680655,331.6599993146837,187.62655752598627,409.5898187665908,2.86490863914099,266
12.97,4.1037,0.1678,0.1678,0.0518,227.34010275503843,276.76186422352504,402.4898172452173,223.9247942030632,328.71487429622687,190.18232647658792,410.10401692292464,2.8082050598002217,266
12.98,4.3436,0.1689,0.1689,0.029,229.7025341930547,279.63786771328404,411.17480647308696,226.0607917802839,328.76754371244914,191.88977037264667,410.7051945074765,2.7722451668860058,266
12.99,4.4558,0.1714,0.1714,0.0138,231.03985665490745,281.2659124494525,415.1240228916471,227.4879881498616,330.742505906348,192.87208000716973,411.6483007472538,2.7598230572085627,266
13.0,4.4984,0.1729,0.1729,0.0082,231.6420386237532,281.99900354196046,416.6288846346374,228.1374296205794,331.9826450037916,193.3176118961373,412.2241226819885,2.756329143084815,299
13.01,4.5139,0.1732,0.1732,0.0066,231.8529376047162,282.2557501274806,417.1975270481183,228.31327903022924,332.17720325105284,193.4825776375013,412.407753001642,2.7547672232887184,299
13.02,4.4674,0.1726,0.1726,0.0116,231.42029146797924,281.7290504827574,415.6163420598933,227.80606827617348,331.71810918966304,193.179909934514,412.2702941245335,2.7609422754620936,299
13.03,4.479,0.172,0.172,-0.0028,231.45460563831628,281.77082425534155,415.96262388420473,227.73640515120132,331.0877845929489,193.2374530467469,412.1716630279829,2.758734665362288,299
13.04,4.421,0.1708,0.1708,-0.0036,230.8268968061464,281.0066569813956,413.9224682229187,226.99311607011657,330.1025116974379,192.8041779072211,411.8369040547381,2.7658577384896508,299
13.05,4.3823,0.1701,0.1701,-0.0036,230.43224614810956,280.5262127020464,412.5656830815966,226.51297248426232,329.52592218451,192.5356282325792,411.6701438843358,2.770918605351662,299
13.06,4.3862,0.1694,0.1694,-0.0037,230.40992731973608,280.4990419544613,412.7365364557578,226.38085037262928,328.81352438767925,192.5353917237705,411.53196731641833,2.7692736824063986,299
13.07,4.3359,0.1672,0.1672,-0.0035,229.7029664505378,279.63839393978515,410.9542399618745,225.47293910411136,326.84908821286297,192.0482968692749,410.8777095530587,2.773483380463196,299
13.08,4.243,0.165,0.165,-0.0034,228.60650257732743,278.3035683550073,407.599231681509,224.2008332745252,325.0111524548585,191.2805711062812,410.1844646230599,2.784682133260925,299
13.09,4.034,0.1649,0.1649,-0.0025,226.60225439205848,275.863614042506,399.8452609064586,222.61615655471888,326.0821834486478,189.92508431986184,410.07813795002073,2.8185901062222105,299
13.1,3.7012,0.1649,0.1649,0.0063,223.0290389911032,271.51361268482134,387.0024469417591,220.4297365418089,329.0497189950269,187.6246457731175,409.89612561964793,2.874289869172749,299
13.11,3.3994,0.1649,0.1649,0.0099,219.55025498849605,267.27857129034305,374.6911701502322,218.1139934805348,331.68960350116794,185.3798867926658,409.7172965529021,2.930592093758924,299
13.12,3.1556,0.165,0.165,0.0125,216.50297467083817,263.56883872971605,364.2444311321461,216.18902387702883,334.28664229750024,183.4519772458805,409.6030056671854,2.979994651508864,299
13.13,3.0792,0.1652,0.1652,0.0211,215.5637136709529,262.42539055594267,360.95303083743215,215.6040418754029,335.2879141006651,182.86277572321984,409.6721839990121,2.996449431317655,299
13.14,3.0458,0.1656,0.1656,0.0404,215.24098145892225,262.0324991673836,359.64646555343285,215.43905995440687,336.0093889619192,182.6511206651934,409.84686389380425,3.003801699787084,299
13.15,3.0124,0.1675,0.1675,0.0408,215.0329177430553,261.77920420893685,358.1690077655472,215.59349979899588,338.3375077506453,182.57269723290847,410.5006507077358,3.014601353016234,299
13.16,3.0589,0.1676,0.1676,0.0393,215.71239786128476,262.60639739634667,360.2799584061752,216.00714216505128,337.88316682425693,183.0236042840685,410.6580119298967,3.0049056415463977,299
13.17,3.0047,0.1677,0.1677,0.0393,215.0145503662724,261.7568439241577,357.8608092600378,215.55722117786928,338.57797519971194,182.600630802436,410.7144501417597,3.017153790679208,299
13.18,3.0159,0.1765,0.1765,0.0393,216.16587850060807,263.15846078334897,358.3954518309576,217.6742878115758,347.4679593387177,183.51440372275695,413.54507378253817,3.0296859245158534,299
13.19,3.0272,0.1789,0.1789,0.0394,216.61343643615731,263.70331392227854,358.93436780000025,218.3063492126112,349.7403893266461,183.857967567316,414.3627791170449,3.0313413945349628,299
13.2,3.0942,0.1782,0.1782,0.0544,217.5351014319293,264.8253408736531,362.0953194170983,218.7433072902642,348.1797043766514,184.41730958995612,414.2981738291869,3.01530700870014,299
13.21,3.233,0.1774,0.1774,0.0558,219.33657284055187,267.01843650154143,368.23516452538735,219.71435254473732,345.7747200907218,185.55607516472247,414.2697483261444,2.985187401086623,299
13.22,3.6006,0.1751,0.1751,0.0533,223.654424001033,272.2749509577793,383.65991302769874,222.02197885007868,339.6765802093104,188.2915801095265,413.9764982880967,2.910994815334567,299
13.23,3.8831,0.1657,0.1657,0.0519,225.735034847178,274.807868509608,394.8796536581754,221.77970053420503,327.65159698991675,189.5208269378344,411.3260770176082,2.846097602860802,299
13.24,4.1656,0.1591,0.1591,0.0504,227.7910377263165,277.31082853638526,405.6094190586019,222.1354015840297,318.9546001640087,190.8424033220772,409.4493188544072,2.788421371445798,299
13.25,4.2198,0.152,0.152,0.0495,227.27969282407324,276.6883216988718,407.6369671849775,220.94851372292692,311.82925951772063,190.51487227935849,407.1432123288145,2.765827937317992,299
13.26,4.2198,0.1469,0.1469,0.0495,226.5443907298542,275.7931713233008,407.66741423799584,219.73061365408685,306.7455651908317,190.01582023473915,405.41821789238577,2.755735280705657,299
13.27,4.0456,0.136,0.136,0.0461,223.29573974563024,271.8382918642455,401.17499382487375,215.5695122433125,296.1920116485196,187.70040617282305,401.326493672192,2.762209654113486,299
13.28,3.6587,0.1272,0.1272,0.0459,218.15060278775036,265.5746468720439,386.1230916699278,210.03494692415092,288.4723964612282,184.01718269479392,397.6315271837337,2.811760509090204,299
13.29,3.1982,0.1203,0.1203,0.0458,211.80092163858865,257.8446002556732,366.8572096238178,204.6339761634907,284.372336440908,179.6909579294424,394.4413247424103,2.8847435930246097,299
13.3,2.7687,0.1125,0.1125,0.0474,205.01535215667124,249.5839069733389,347.2904352535154,198.718168024588,279.1126490714085,175.05800234777575,390.67614184583846,2.961985137451852,299
13.31,2.1882,0.1035,0.1035,0.0489,194.7154660178118,237.0449151521187,317.5799923638596,190.19765508592764,274.362987948103,168.09387984562608,385.8652712298574,3.0978888967956766,299
13.32,1.9251,0.0944,0.0944,0.0734,188.70387996286192,229.7264625634841,302.780519184098,184.2279126068788,265.7546456436398,163.80001884058575,380.9874219167218,3.159531421668662,299
13.33,1.8453,0.0789,0.0789,0.0848,184.6733453360521,224.81972475693303,298.1133162235129,177.7722895105903,244.97641806801727,160.4322377464641,372.1608537130112,3.14038475000451,299
13.34,1.83,0.0772,0.0772,0.0946,184.13942313479603,224.1697325119256,297.31142376686216,176.95408214001884,242.64196145885293,159.98392096325566,371.1560698880772,3.1399495348853623,299
13.35,1.8233,0.0775,0.0775,0.1007,184.1176406977351,224.14321476246013,296.992600036985,176.99340862347563,243.14399648721616,159.9842490781686,371.4035812807352,3.143307962362764,299
13.36,1.8626,0.0778,0.0778,0.1054,184.9664206391697,225.1765120824675,299.47326645032604,177.60573936476138,243.04809318103324,160.56117848613383,371.7192240941558,3.1294906177557915,299
13.37,1.9018,0.0789,0.0789,0.1089,185.94153289663728,226.36360526547145,301.90237538735323,178.5065152390123,244.1336802380981,161.26476308675606,372.5262080134301,3.118831228705646,299
13.38,2.0295,0.0959,0.0959,0.1208,191.2132646109441,232.7813656133233,309.56424758274045,186.05362742265973,266.1375227376857,165.4731715672104,382.35277811485815,3.125767631977965,299
13.39,2.2269,0.1052,0.1052,0.1295,196.13701502913685,238.7754965572101,320.72977769644444,191.2787701803913,275.72412496502983,169.0281479175891,387.3203118589801,3.0875101057100043,299
13.4,2.4629,0.1143,0.1143,0.1354,201.3465154029096,245.11749701223775,333.26009023760923,196.50700967080996,284.2207963419848,172.71860840072213,391.8862136619048,3.042374435475217,299
13.41,2.819,0.1218,0.1218,0.1329,207.68703453121336,252.83638986408587,350.73131742683563,202.0162558892735,289.31089074754834,177.07833878612504,395.60710904026166,2.9703591137980467,299
13.42,2.7609,0.1597,0.1597,0.1211,211.68916748186317,257.7085517170508,347.89571110387743,211.44258853126408,332.2075618284573,180.60036674594076,409.80245521112187,3.061170869057787,299
13.43,2.6216,0.1977,0.1977,0.1152,213.408381268496,259.80150763121253,341.1101345451382,218.4976721329872,373.0247913125287,182.5009265820817,421.25129133029145,3.1581356924388566,299
13.44,2.547,0.2006,0.2006,0.1181,212.49134990451853,258.6851216228921,337.4528613538077,218.3198574982996,376.9833365022828,182.00128524493215,422.0388250692834,3.181854868580395,299
13.45,2.5105,0.2,0.2,0.1209,211.87006221403777,257.9287713910025,335.66522189184184,217.8120775601737,376.9188743054774,181.61577997872595,421.9088336536624,3.190757278251607,299
13.46,2.5042,0.1993,0.1993,0.1284,211.75904535734423,257.7936204350278,335.4430218987674,217.61047109856457,376.2679135391464,181.53475903140105,421.7880342921703,3.19126295570106,299
13.47,2.6422,0.1958,0.1958,0.1582,213.83048828219424,260.31537703919304,342.6243997486291,218.36471825938415,370.58244069647566,182.71135012203067,421.0638456100912,3.1489085564688635,299
13.48,2.7803,0.1887,0.1887,0.164,215.35354718282045,262.1695357008249,349.3611760389062,218.21927615387088,361.5336919997868,183.53118966527904,419.28364619011296,3.104161901325885,299
13.49,3.0589,0.1821,0.1821,0.1603,218.73548787846485,266.28668089552247,362.19641596759055,219.2834512917308,351.4088127478425,185.56166930738547,417.7209477612274,3.031033489952383,299
13.5,3.1982,0.1788,0.1788,0.1466,220.26213966021496,268.1452134993921,368.2637396779332,219.6889310703944,346.5145274197304,186.51060183556896,416.9445268382725,2.997194798575672,299
13.51,3.3994,0.1776,0.1776,0.0626,222.54354993909465,270.92258253455,376.2299348029713,220.8925048534894,343.3069664645987,188.0899983893139,416.84588681591765,2.9585320444173946,299
13.52,3.6006,0.1763,0.1763,0.058,224.8649362596062,273.7486180551728,384.54947929155264,222.10537422941053,339.99116959352403,189.57727112202147,416.70319761658783,2.9190420638705845,299
13.53,3.2562,0.1758,0.1758,0.059,220.57989148161417,268.5320418037042,370.14136508543714,219.32549380367607,342.9593989725316,186.8467598676442,416.3174483693444,2.984519244828249,299
13.54,3.0395,0.1753,0.1753,0.0599,217.6522639127768,264.9679734590326,360.59861351989446,217.39233085083225,344.853444663772,184.9972275853075,416.0290551457336,3.029462232100421,299
13.55,2.7919,0.1741,0.1741,0.0626,213.99558316364647,260.51636211226526,349.1759742083422,214.88914017381472,346.6273559304668,182.68076631689655,415.4740431417526,3.084180674223012,299
13.56,2.7654,0.1661,0.1661,0.0753,212.8114268303026,259.07478048906404,348.05244384033864,212.8203358315218,338.6099158945944,181.75645442943096,412.9890319851663,3.076640591148623,299
13.57,2.7689,0.1638,0.1638,0.0806,212.6597128241636,258.89008517724267,348.2933282287494,212.3167345319661,336.1121547305391,181.616508047584,412.3218381724972,3.071771409252805,299
13.58,2.7723,0.1633,0.1633,0.0827,212.6945563969774,258.9325034397985,348.5002075008696,212.22753905581573,335.51056298722006,181.63971206313215,412.2385661452597,3.0702018629859222,299
13.59,2.8577,0.1632,0.1632,0.0861,213.98226103089928,260.5001438637035,352.5960380300724,212.98839510619555,334.3229593769596,182.46307944367945,412.3750879084105,3.0498628878221656,299
13.6,3.3801,0.165,0.165,0.0939,221.24148304452063,269.3374576194164,375.9136991893788,217.78874188387056,330.44829304499217,187.13656865410877,413.5538713029575,2.941897867261243,299
13.61,3.7554,0.1667,0.1667,0.0962,225.89368943550045,275.0010132258266,391.308674643591,220.9965657721988,328.7303515044008,190.19606595543723,414.5051635206782,2.875847522302261,299
13.62,3.9102,0.1667,0.1667,0.0706,227.5936506610539,277.0705312395439,397.2053077209912,221.9785957989721,327.3217756747809,191.34466838650076,414.7061386268067,2.85078061793638,299
13.63,3.8638,0.1668,0.1668,0.0489,226.99551857072933,276.34237043393136,395.27239377508073,221.9222384708539,328.38815177031086,191.06452134750688,414.7788482020725,2.858282424077423,299
13.64,3.7283,0.1669,0.1669,0.0324,225.59910628156567,274.6423902558192,389.834993985602,220.7054750575142,329.1033824191763,190.1330681607262,414.7785558458184,2.8838965964182024,299
13.65,3.6528,0.1669,0.1669,0.0151,224.73236302469357,273.58722455180083,386.70058367584255,220.13539594897813,329.78634638112294,189.6123866814721,414.7926685039098,2.898105475088921,299
13.66,3.6245,0.1658,0.1658,0.0149,224.3051809971888,273.06717686614286,385.58069087656753,219.6600325269324,328.9052699744494,189.3347628827294,414.4891882969601,2.9015408205702724,299
13.67,3.63,0.1647,0.1647,0.0151,224.2708542546931,273.02538778832206,385.8334133401437,219.4292145982284,327.71099578356484,189.31001626347307,414.2119904333487,2.8988492561924386,299
13.68,3.6355,0.1533,0.1533,0.0154,222.920188962003,271.38109960591675,386.0867084346051,216.67460093175077,315.97045715493726,188.26560939093733,410.4480463767005,2.877520152245689,299
13.69,3.8367,0.1426,0.1426,0.0169,223.74084587511533,272.3801601957926,394.1467739388706,215.2565779951867,302.9707856019715,188.63393805162653,406.8428183192464,2.8221943677391903,299
13.7,3.9837,0.1359,0.1359,0.0167,224.27949477426827,273.0359066817179,399.8713288053264,214.53620892100915,294.94933259083007,188.940312652415,404.4927196774442,2.7837115671550583,299
13.71,3.9876,0.1328,0.1328,0.0171,223.84713773730124,272.50955898454066,400.0525134680999,213.78447944348773,291.7295239210012,188.64362975816215,403.35853128084193,2.7763535540868927,299
13.72,3.8096,0.1295,0.1295,0.0135,221.61678368160884,269.7943453515238,393.14159456048645,211.4350271546984,288.9593708356023,187.0541238357328,401.9795159350401,2.800782523987731,299
13.73,3.5387,0.1249,0.1249,0.0127,217.97484025739672,265.3606750959612,382.2470422620588,208.231415500205,285.90481101340424,184.56035385434956,399.949319363302,2.8393515986979705,299
13.74,2.8538,0.1204,0.1204,0.0181,208.77318846989505,254.15866422422005,352.1888710099563,201.52985814500076,286.8196121294349,178.42311694436975,397.4861276035783,2.971668699328057,299
13.75,2.641,0.1098,0.1098,0.0236,204.1937847665275,248.58373797664217,342.0048639778285,196.43974403866497,276.2803483031201,175.1340605618162,392.59948758443227,2.9983322362156657,299
13.76,2.6412,0.1035,0.1035,0.0347,203.2635070310461,247.4512259508388,342.14348650012136,194.47212631058284,268.4424289271755,174.31436662430855,389.6671491602261,2.981935639517613,299
13.77,2.6414,0.0981,0.0981,0.0402,202.4167949381738,246.42044601168988,342.2295453283465,192.7112119308153,261.5896760836491,173.57777097041426,387.0335256471008,2.9674208737997123,299
13.78,2.6448,0.0932,0.0932,0.0425,201.6520295282287,245.4894272517567,342.4434292950696,191.07911244899896,255.22415814992144,172.90804269218813,384.5382832152049,2.9529864393888925,299
13.79,2.7222,0.0911,0.0911,0.0404,202.3853937820611,246.3822185172918,346.2316857371746,191.0308752257098,251.76861657147165,173.334574444796,383.5529364144291,2.9279616100925345,299
13.8,2.6796,0.088,0.088,0.0408,201.25221662084795,245.0026984949453,344.18612762497884,189.5481904491871,248.05041977510544,172.47984227757632,381.8560092109305,2.929556755318798,299
13.81,2.5016,0.0829,0.0829,0.0411,197.7638323912098,240.75596986755977,335.3195084641339,186.04802493927812,242.77799537149787,169.97109204566144,378.78053863280894,2.96018662156065,299
13.82,2.0025,0.0793,0.0793,0.043,189.0170553784889,230.10771959120385,308.12705526170987,179.4711476096195,242.9566635727472,164.03826873661515,376.0498686609311,3.1003709887109303,299
13.83,1.9135,0.0758,0.0758,0.0474,186.78776213655297,227.39379738362973,302.9159983807688,177.08208336577636,238.9281720950856,162.391103253239,373.792251415792,3.1200048616245435,299
13.84,1.8989,0.0782,0.0782,0.0605,187.036314654655,227.69638305784088,302.20724882581504,177.8461451336673,242.574581246084,162.6650002443865,375.357397754824,3.1328134017203086,299
13.85,1.8946,0.0753,0.0753,0.0658,186.4658116410263,227.00185764994507,302.0297463516687,176.69108830151998,238.35672967672457,162.13522096991895,373.5799199697171,3.124364191132092,299
13.86,1.9737,0.0706,0.0706,0.0702,187.03481302081852,227.69455498186605,306.8263615177796,175.776275050122,230.40392817902955,162.25544338530824,370.6427796792294,3.079261334602374,299
13.87,2.0528,0.0701,0.0701,0.0781,188.372488402735,229.3230293598513,311.5446252188674,176.48986487273828,228.76213790633727,163.1126301623281,370.4757684450992,3.0501302110192,299
13.88,2.223,0.0704,0.0704,0.0855,191.30897354696936,232.8978808397888,321.2023586144128,178.45933902419526,227.46629644137928,165.0858719498273,370.9676919916337,2.996708561678755,299
13.89,2.3662,0.0707,0.0707,0.0878,193.6354452040547,235.73010720493616,328.9455712378789,180.02476639568465,226.57014096633264,166.66878423591928,371.4119972596067,2.9557217800413644,299
13.9,2.4746,0.0714,0.0714,0.0861,195.4180230956268,237.9002020294587,334.5906886886955,181.342983453025,226.64142018910107,167.91813818196218,372.07903870197816,2.928473489970666,299
13.91,2.2811,0.0746,0.0746,0.0871,193.19929518961197,235.1991419699624,324.4465090597858,180.74255467789644,232.99955028784785,166.59918424873064,374.0484288447209,2.994719426831724,299
13.92,2.1108,0.0786,0.0786,0.0882,191.22737820670883,232.79854738208036,315.07528269290424,180.48709060755172,240.48143224991944,165.49694528470394,376.4491504204835,3.061225473970384,299
13.93,1.9444,0.083,0.083,0.091,189.11456832730437,230.22643100715317,305.4775630164605,180.2041455844897,248.68535296785015,164.32545490862296,378.9627763094106,3.132059229513929,299
13.94,1.9205,0.0875,0.0875,0.0986,189.49458181218867,230.6890561191862,304.1586064704637,181.53023970661735,255.26706868637996,164.78633827588462,381.6071910187569,3.154344806389964,299
13.95,1.9252,0.0893,0.0893,0.1041,189.93011267022845,231.21926759853895,304.5241200952245,182.2209610445359,257.6627677953943,165.15611055742667,382.6950465266957,3.1579382464964576,299
13.96,1.93,0.091,0.091,0.1087,190.343431913365,231.72243885105308,304.884802214574,182.86814743770577,259.901462265554,165.50711077602838,383.7110193051975,3.1611750775420293,299
13.97,1.9444,0.0914,0.0914,0.1136,190.72579257159236,232.1879213915037,305.8196229370652,183.18626385607965,260.2241838309496,165.7776909919825,384.0205498646985,3.1571071666360857,299
13.98,2.3469,0.0918,0.0918,0.1193,197.76984366278649,240.7632879373053,328.4521564674714,187.7886868413725,255.91364083285973,170.42605041444855,384.8436085777216,3.029679732010127,299
13.99,2.552,0.0932,0.0932,0.1248,201.1901034668041,244.92708248132672,339.1111542901355,190.27013983183733,255.64193123704877,172.7457951300873,385.9105244878575,2.9773410118224293,299
14.0,2.7803,0.1011,0.1011,0.1254,205.8314685148437,250.57743993111413,350.32302484673545,194.97483626662932,263.5442594875799,176.1103831090039,390.33192818246977,2.942153328476228,282
14.01,2.9273,0.111,0.111,0.1077,209.4330884184617,254.96202068334472,357.09756342688206,199.34451820920356,274.3161861426569,178.83837431628095,395.32333311299993,2.9341827325961303,282
14.02,2.8344,0.1198,0.1198,0.0734,209.456776038537,254.99085778604504,352.47298278618285,201.12952652220767,285.67285580966524,179.17610469692053,399.2405099448994,2.9781886369781976,282
14.03,2.6448,0.1312,0.1312,0.0531,208.26752592232097,253.543075035869,343.15297969870227,202.57494600819203,300.91327187587257,178.7775298079004,403.8521987570549,3.0509050943994325,282
14.04,2.6267,0.143,0.143,0.0508,209.515764612022,255.0626699624616,342.2598795648007,205.50864607198923,314.3677266501647,179.9176949242823,408.4519333379093,3.0799958890468235,282
14.05,2.642,0.1484,0.1484,0.0509,210.4350142075811,256.1817564266205,343.0424066281867,207.0176614571904,320.0828772884128,180.6588244894416,410.51646016907125,3.086761181191076,282
14.06,2.6574,0.1502,0.1502,0.0509,210.9178294851413,256.76953154712857,343.8263109362647,207.6083171118657,321.8224359864288,181.0269125865532,411.2520862216998,3.086477311494769,282
14.07,2.7609,0.152,0.152,0.0516,212.73497156279396,258.9817045112274,348.89431925051446,209.02943561130093,322.46872975541555,182.2417584862149,412.0800632203368,3.0643315065340238,282
14.08,2.8693,0.1532,0.1532,0.0509,214.49858428992263,261.12871130947104,354.06553967221987,210.3092104005117,322.4523699397369,183.41108354120635,412.69329088883205,3.0409913814618235,282
14.09,2.8925,0.1545,0.1545,0.051,215.01992642434644,261.7633886905087,355.1786171430648,210.83043257904245,323.5428111067783,183.78899721554987,413.2457182978728,3.0382138073882965,282
14.1,2.8964,0.162,0.162,0.0512,215.98076009168636,262.93309924205295,355.3876033832451,212.6686718332487,331.3628187353999,184.5857251897953,415.8789089979813,3.0510166493846214,282
14.11,2.997,0.1637,0.1637,0.0518,217.64071280814125,264.9539112446937,360.06820931559736,213.9550153403175,331.9350346044667,185.6928852383032,416.6236314842876,3.0313796455795297,282
14.12,3.4613,0.1645,0.1645,0.0596,223.8642620829947,272.53040601408054,380.45934205330616,217.9188825454685,327.8611939257744,189.6985841602321,417.4071377970709,2.937207125593192,282
14.13,3.9334,0.1611,0.1611,0.0658,228.90022077190025,278.661138331009,399.5170433568801,220.45835348723065,320.21232507845707,192.9269427322129,416.7440679253408,2.8474335290693618,282
14.14,4.4287,0.1578,0.1578,0.0474,233.319556337412,284.0411990194581,417.88078418632665,223.11784185837223,313.90984292761425,195.95187411738107,416.06368401851006,2.7632742471553446,282
14.15,4.7306,0.1441,0.1441,0.0131,233.6329254448005,284.42269184584416,428.32507948252186,222.26270630242445,299.97456971985577,196.3745308303911,411.454514969157,2.690916382181554,282
14.16,4.7499,0.1337,0.1337,-0.0112,232.00515319778933,282.441056066874,428.8621702014788,219.77696940497043,289.5714954689575,195.3101787177544,407.5522606849103,2.6665299476050803,282
14.17,4.5835,0.1304,0.1304,-0.014,230.15921275404628,280.19382422231723,423.0678314993493,217.63533525017712,286.5541090996146,193.94522134654864,406.1956553944165,2.684314509231762,282
14.18,4.2778,0.1274,0.1274,-0.0135,227.1577367735057,276.53985346339823,412.0842501039567,214.39255676195796,284.1318878364237,191.69404702990155,404.8339248429276,2.726012308662832,282
14.19,3.798,0.1162,0.1162,-0.013,220.8745389428857,268.8907430609044,393.7963415425922,207.24170391014133,273.4399773762677,187.0410586271874,399.7392605999911,2.783014522553206,282
14.2,3.3568,0.1133,0.1133,-0.0114,215.4252141066346,262.2567823906856,375.6785020280079,203.4613969388033,273.7504826485758,183.39535529265947,398.1350781378759,2.8563053663821942,282
14.21,2.6371,0.1105,0.1105,0.0023,205.64295090646127,250.34794023395284,342.72676070175504,196.3386504830281,276.3787126877399,176.7991920328099,396.2045786858605,3.012105561265904,282
14.22,2.3391,0.1107,0.1107,0.0138,201.06845580007783,244.77898966966,327.52383514677706,193.46528164448935,279.9492786186974,173.8325851994667,396.0167041634057,3.093799201487167,282
14.23,2.2066,0.1101,0.1101,0.0311,198.81752669943072,242.0387281558287,320.52117413545125,191.88340063783417,280.81713771007173,172.3349383375557,395.6366367569225,3.131597596737969,282
14.24,2.176,0.1103,0.1103,0.0381,198.36348333062253,241.4859797068449,318.91689746419706,191.61085194495132,281.4335385235802,172.04824538506796,395.7594329683757,3.141526653427075,282
14.25,2.1608,0.1105,0.1105,0.0429,198.16946806740407,241.24978721249192,318.1401084893057,191.50400037977207,281.8554087536131,171.9340615927012,395.9024233014038,3.146794257058,282
14.26,2.2403,0.1114,0.1114,0.0472,199.7314830097112,243.151370620518,322.6123030586479,192.6627749573036,281.89911324833986,172.98108295607472,396.4964798065674,3.1241092892894105,282
14.27,2.3198,0.1135,0.1135,0.0514,201.42394669105417,245.21176118910944,326.98692182846696,194.1479663145748,283.44441602710657,174.1555112039975,397.6333633355599,3.1053104088239176,282
14.28,2.7338,0.1219,0.1219,0.0541,209.115431281323,254.575307646828,348.1199800418085,200.6616162407556,288.67715212031544,179.4175750871035,401.9005009240022,3.013736431576949,282
14.29,2.8654,0.1329,0.1329,0.0472,212.5434075112701,258.7484961006767,354.36818809905367,204.89378772736603,299.836627891039,181.9717756920188,406.6533250522863,3.0066401745658737,282
14.3,2.8925,0.1466,0.1466,0.0465,214.73216046680412,261.4130649161094,355.6591687161302,208.7225799807215,314.5864781274887,183.7442366820079,411.9747624069941,3.0280457990816307,282
14.31,2.7996,0.1625,0.1625,0.0465,215.2828230557905,262.083436763571,351.2894183028324,211.7601741770047,332.5177684611255,184.48807202566263,417.4995680841882,3.0793722408590414,282
14.32,2.6371,0.1954,0.1954,0.0465,216.12686578324963,263.1109670404778,343.405269020512,217.40761901175495,367.94853456553216,185.76288644324453,427.5135345483366,3.173186056668416,282
14.33,2.6031,0.2066,0.2066,0.0487,216.61680285234505,263.70741216807227,341.7573758023025,219.3119855849047,379.3129959778334,186.31197215962732,430.6571035113552,3.1984179074482717,282
14.34,2.5899,0.2075,0.2075,0.0523,216.51904514244197,263.58840278210323,341.15452512599035,219.35146369080263,380.3402658408222,186.27893265481225,430.96037257956834,3.2031879771737723,282
14.35,2.6057,0.2076,0.2076,0.055,216.83260751742625,263.9701308907798,341.99426194597856,219.53329285575688,380.1497413763236,186.48574374713635,431.0827874672398,3.199291646211394,282
14.36,2.6216,0.2076,0.2076,0.0597,217.1439325814244,264.34913531651665,342.8548351493291,219.6993861090127,379.8576068666187,186.6853304995433,431.1781806311931,3.1951583308900986,282
14.37,2.788,0.2076,0.2076,0.0609,219.86019739831923,267.65589248491034,351.0108330442964,221.3587158889113,377.3606906897288,188.38348780388367,431.4505625999116,3.153759987268064,282
14.38,2.9854,0.2076,0.2076,0.062,222.8937997899641,271.3489736573476,360.3012605310113,223.2067731187772,374.6265373594981,190.28520716986847,431.745010875254,3.1080197738074244,282
14.39,3.1866,0.2075,0.2075,0.0626,225.79293379429717,274.87835418436174,369.38611566558274,224.95126666024373,371.96010789700034,192.11018648045732,432.0023539835912,3.0645636180486813,282
14.4,3.6006,0.2024,0.2024,0.0599,230.721318153956,280.87812644829427,386.9724112960331,227.2198927174927,362.5242899453424,195.15336776063077,431.0721901845443,2.976743736358792,282
14.41,3.8173,0.1959,0.1959,0.0321,232.59776489428492,283.16249639304255,395.5003226198166,227.39563674733805,354.313650569581,196.3080793297248,429.5079588606035,2.929935008050011,282
14.42,3.9915,0.1686,0.1686,0.0165,231.28683073333644,281.5665765449313,402.2028710298777,222.6904612739778,327.09461753283057,195.16545434817525,421.4226345682684,2.856830488694586,282
14.43,4.1308,0.1568,0.1568,0.0004,231.32606985795692,281.6143459140346,407.4166971076763,220.42140107278857,313.67718496146574,194.99187084984044,417.64547233046255,2.8158919754383125,282
14.44,4.2856,0.1465,0.1465,-0.0174,231.36010651932293,281.6557818496106,413.08642183993214,218.91267438098208,302.4630699289983,194.96277636338624,414.1579788823967,2.7725137002064577,282
14.45,4.4326,0.1399,0.1399,-0.0294,231.5789305192405,281.92217628429285,418.39321322857614,218.5342050314984,295.6331909515936,195.2013356060706,411.8583704282123,2.735465610838641,282
14.46,4.599,0.134,0.134,-0.0338,231.96721961898015,282.3948760578889,424.3318316504923,218.39291161077895,289.3722922236842,195.5770259360462,409.741229750652,2.697005945530134,282
14.47,4.9124,0.1339,0.1339,-0.0355,234.3881441796956,285.342088566586,435.1870783877977,220.75330723163265,288.6135886189078,197.4681959974504,409.973081603275,2.6508222110453152,282
14.48,5.0518,0.1342,0.1342,-0.0362,235.49165069256895,286.6854877996492,439.8958269741297,221.84366100600397,288.6205196590539,198.3404012148721,410.2489990584732,2.6321518893420355,282
14.49,5.2143,0.1345,0.1345,-0.0253,236.7389147106052,288.2038961694324,445.35362098311873,223.08903006015893,288.58917235380005,199.32189608773336,410.5359601944861,2.610643919353589,282
14.5,5.3265,0.135,0.135,-0.0144,237.64603661541372,289.30821848832977,449.0910130274434,224.0077818006374,288.85552640730043,200.0338383681147,410.8704617819552,2.5968490834391127,282
14.51,5.6786,0.1377,0.1377,0.0076,240.4926630553899,292.77367676308336,460.3739862266823,227.0914190627549,290.884784386496,202.2570295846075,412.1966030974766,2.5579466518157465,282
14.52,5.6748,0.1417,0.1417,-0.0093,241.22205194499043,293.661628454771,460.1882182887583,228.04981584096967,294.7797508997065,202.75759003287345,413.8039424559468,2.5675871790656197,282
14.53,5.698,0.1481,0.1481,-0.0211,242.53347272135596,295.2581407042594,460.86832091333633,229.75840674346875,300.880521721827,203.66095021324543,416.27224913047854,2.578533696330508,282
14.54,5.7057,0.1688,0.1688,-0.0268,246.0324920220652,299.5178163746881,461.1042429885099,234.5887807432732,320.08546324153616,205.9639096522424,423.4904819096177,2.6177896932856046,282
14.55,5.7715,0.1801,0.1801,-0.0326,248.21742839746943,302.1777389186585,463.1278855940549,237.4606416136088,330.0404253341911,207.45645198301952,427.1834430323058,2.630157150566358,282
14.56,5.7328,0.191,0.191,-0.0322,249.56668135164108,303.82030773243264,461.97162384008186,239.44420798546912,339.59161176047314,208.30863476988463,430.5125688843586,2.6533040561496786,282
14.57,5.7173,0.1992,0.1992,-0.0398,250.6169339803764,305.09887615002344,461.4803664924478,240.95245115383256,346.60237053309515,208.99509541058765,432.9381417079013,2.668723859326445,282
14.58,5.6399,0.2063,0.2063,-0.0413,251.05156145925488,305.62798786344075,459.10290331641136,241.7734931888371,352.7005502531328,209.23239810596343,434.9453748746564,2.689459688396277,282
14.59,5.5393,0.2134,0.2134,-0.0425,251.26926492902788,305.89301817446875,455.9766172959081,242.38018894993917,358.7691983866941,209.3176422765252,436.8804233581208,2.712909305279876,282
14.6,5.3691,0.2182,0.2182,-0.0448,250.62384347372927,305.1072877071488,450.58157963701785,241.9998421381796,363.03753798244736,208.8039335327044,438.1203399534468,2.7419798440249314,282
14.61,5.0672,0.2204,0.2204,-0.0452,248.52904093070347,302.5570933069434,440.7412580662615,240.10773986499964,365.542734632304,207.28302773001755,438.5802293254176,2.7856921609757896,282
14.62,4.986,0.2211,0.2211,-0.0451,247.90523811380268,301.79768118202065,438.0555096476504,239.7852365742289,366.7168833872898,206.89518600726387,438.7845669488134,2.797300197721006,282
14.63,4.9318,0.2171,0.2171,-0.0449,247.01292638424192,300.71138864168586,436.25799861907217,238.6587049986107,363.5955205953554,206.2962325055112,437.7847079319868,2.799236493249057,282
14.64,4.897,0.2132,0.2132,-0.0446,246.30261949495548,299.8466672112502,435.1088210434142,237.65281668095443,360.3921812774112,205.815232952098,436.8068764366992,2.7987236518861054,282
14.65,4.8544,0.2065,0.2065,-0.0412,245.2043306948381,298.50961997632464,433.70788779721954,236.0081212695984,354.7231349049223,205.05131927607547,435.044502367658,2.7951993250069576,282
14.66,4.7654,0.1954,0.1954,-0.0408,243.13503868145295,295.99048187307324,430.679774200529,233.1071886324706,345.32542638584897,203.60859782139784,431.9463195350908,2.791386796146628,282
14.67,4.5835,0.187,0.187,-0.041,240.44595154344364,292.71681057462706,424.34108009326496,230.17182221914967,338.897309991206,201.77188436954003,429.4363892841651,2.804257473902519,282
14.68,4.4249,0.1804,0.1804,-0.0409,238.1307503004564,289.8983047135991,418.69014954515,227.71037805282856,333.8672277946946,200.1913909065116,427.3974064120633,2.81711659819596,282
14.69,4.154,0.1736,0.1736,-0.0408,234.5681029759402,285.56116884027506,408.7171159528047,224.4243709856628,329.44797267555805,197.7842405017258,425.142366344178,2.8476752533854,282
14.7,3.7941,0.166,0.166,-0.0376,229.7398885305564,279.6833425589382,394.834094377882,220.20437864603588,324.9688013965539,194.5327278352572,422.464769193095,2.8946476554741745,282
14.71,3.5271,0.1579,0.1579,-0.0355,225.63589039842248,274.6871709198187,384.00160091022224,216.3122593626104,319.1709848488201,191.7379245674921,419.5718377351969,2.9288918277391494,282
14.72,3.2911,0.1321,0.1321,-0.0338,219.3119377777965,266.98844599036096,373.9955852924362,207.81916905334347,294.0028918363262,187.08037999032345,409.81336870495807,2.9252299361945626,282
14.73,3.1169,0.1211,0.1211,-0.0321,215.5092199841312,262.359050415464,366.33010974112506,203.32538067346363,283.2332908955109,184.32118067685272,405.1140805315191,2.9377910575922432,282
14.74,2.7841,0.1111,0.1111,-0.0305,209.48113894189493,255.0205169727417,350.871854917093,197.5203036424398,274.66902519966885,180.08975443567337,400.33458833490346,2.9904297792234305,282
14.75,2.4204,0.1007,0.1007,-0.0292,202.3814855998616,246.37746073026636,332.5967036424417,190.80822284647303,265.6489409965968,175.0947802344699,394.91054687055686,3.0594727947997837,282
14.76,2.2385,0.0897,0.0897,-0.0258,197.60601218737068,240.5638409237556,322.8515057885846,185.2419791723225,253.36787857593143,171.5139406966428,388.85823801772045,3.0825601863680068,282
14.77,2.0412,0.0814,0.0814,-0.0243,192.73498817349943,234.63389864599932,311.68265093190934,180.07211135298158,244.28073190526104,167.92329480485563,383.7844255094983,3.121441372593017,282
14.78,1.9894,0.0767,0.0767,-0.0222,190.9609685791,232.4742226180348,308.674566465069,177.70381610118542,238.1948693148324,166.51038126952366,380.821385004094,3.124065272433024,282
14.79,1.9795,0.0734,0.0734,-0.0203,190.18051439104323,231.52410447605263,308.12776733123025,176.30875696987226,233.49626324940087,165.8157353460026,378.7012180343027,3.1162763568919325,282
14.8,1.9775,0.0733,0.0733,-0.0186,190.1586586409597,231.4974974759509,308.048441068888,176.24502144944208,233.3577144000637,165.80399275320357,378.6960263921282,3.116743469232032,282
14.81,2.0209,0.0732,0.0732,-0.0169,190.95767427549464,232.47021216147172,310.658054079699,176.71637952474225,232.70043010807717,166.33552130934075,378.75437444636407,3.101251647750548,282
14.82,2.0644,0.0755,0.0755,-0.0156,192.2145095377089,234.00027248068903,313.2349470272489,178.11499842561724,235.5402163054125,167.30677778119616,380.405624103535,3.094470737380912,282
14.83,2.1766,0.0778,0.0778,-0.0133,194.63393815292935,236.9456638383488,319.687047789625,180.25002352612543,237.58548720756312,169.0388352276076,382.1073363106992,3.065464908844467,282
14.84,2.2966,0.0863,0.0863,-0.0129,198.2448822114114,241.3415957356313,326.341847392804,184.65370733419743,248.0341384466892,171.85478761337484,387.5127242681665,3.055611670080077,282
14.85,2.3469,0.0969,0.0969,-0.0129,200.9207657324264,244.59919306556253,329.0787605512962,188.8017425307036,261.4339835747441,174.09001826754297,393.5231619652853,3.071591817150163,282
14.86,2.3546,0.118,0.118,-0.0123,204.26233964785223,248.66719609303755,329.5192720965584,195.36565625509485,287.450212641977,177.07666203041487,403.8102717964633,3.1228602825912897,282
14.87,2.3546,0.1282,0.1282,-0.0114,205.6593707864242,250.36792965303812,329.55036971816315,198.21170692495923,299.41305098468536,178.3327252611118,408.2555153307448,3.145900564887244,282
14.88,2.3449,0.1302,0.1302,-0.0101,205.78402173072692,250.51967862871103,329.0657721492089,198.6442118366311,301.8265177377432,178.48924504427694,409.13501091247264,3.153197780895915,282
14.89,2.3401,0.1309,0.1309,-0.0093,205.82309948841225,250.56725155111056,328.8381198375203,198.7757200757256,302.67356297019546,178.549359100439,409.4836847802197,3.156279710983908,282
14.9,2.3352,0.1294,0.1294,-0.0083,205.58186573751811,250.27357568045687,328.6067793533524,198.3162887233282,300.9904592383989,178.35809223266196,408.9337314969399,3.154689694039732,282
14.91,2.3352,0.128,0.128,-0.0074,205.43550609647613,250.09539872614488,328.63780501412487,197.93369417944672,299.3500363424589,178.23036774201088,408.4251652763358,3.151839588814476,282
14.92,2.2733,0.1155,0.1155,-0.0061,202.7285237107573,246.79994190874805,325.31548949407346,193.74645683358384,285.3622540379752,176.06718991194842,402.99363384591567,3.142273164579493,282
14.93,2.1108,0.1078,0.1078,-0.0047,198.78294587141076,241.99662975650008,316.2597030584453,189.62236396754668,278.0352001434742,173.23442026396876,399.2438492361184,3.175258911278671,282
14.94,1.9947,0.0972,0.0972,-0.0038,195.07831645806624,237.48664612286328,309.5260744800423,184.91647042232893,266.0225799627912,170.39072928037407,393.8094787806948,3.187212603071157,282
14.95,1.9894,0.0869,0.0869,-0.0011,193.3507136557852,235.3834774939993,309.2624897429942,181.39127311340576,252.25884661969496,168.7806676000919,388.17457996033886,3.159276627904134,282
14.96,1.993,0.0863,0.0863,0.0004,193.34923729491675,235.38168018511607,309.5135699062116,181.22301540052888,251.37238118401416,168.75892609556962,387.8959150291065,3.156294544302144,282
14.97,1.9967,0.0869,0.0869,0.0019,193.554092197106,235.63106876169425,309.77031601842947,181.4763406206856,252.13150603801927,168.93248505644854,388.3164213998686,3.1569421462769456,282
14.98,2.0257,0.0875,0.0875,0.0034,194.22527933470357,236.44816614659564,311.5183388559728,182.03056768923267,252.56660971694131,169.41177546846785,388.7710764026022,3.148744254000423,282
14.99,2.2308,0.0888,0.0888,0.0053,198.09374577666776,241.15760355420423,323.2470340319948,184.80093520855743,251.8666964904643,172.02330395441535,389.86106315026376,3.0854841843553693,282
15.0,2.2308,0.0939,0.0939,0.007,198.99508382811592,242.25488466031504,323.28624732801995,186.54012990064427,258.5969815719218,172.85453125641058,392.7678936285707,3.100405855322253,310
15.01,2.5365,0.1037,0.1037,0.0087,205.5734639266863,250.2633473890094,339.57119236258507,192.8586445422205,267.67053087154466,177.57062080482754,398.3149864582512,3.038783641355288,310
15.02,2.6951,0.117,0.117,0.0104,210.04703102898492,255.70942907876432,347.5640683243819,198.40532024891075,282.01148596053537,180.96486956289567,404.8626044293843,3.030320338336243,310
15.03,2.8228,0.1478,0.1478,0.0094,216.09501187947103,263.07218837500824,353.7749072926567,207.8965716203149,315.0529100915387,185.77759368213464,417.56403608355225,3.063924290307381,310
15.04,2.8654,0.1627,0.1627,0.0095,218.50935091732524,266.01138372543943,355.82800755066484,211.8887338415906,330.16923484550944,187.7035841015846,422.9285571701699,3.0811489156867795,310
15.05,2.8625,0.1776,0.1776,0.0097,220.1174061429596,267.9690161740378,355.715692380503,215.2428984028472,345.2831602009309,189.08108560037772,427.8425672405904,3.107083425566142,310
15.06,2.8968,0.1918,0.1918,0.0102,222.1061009431832,270.39003593083174,357.3648624489056,218.60485387699077,358.7694077300957,190.6539752142456,432.25297265095634,3.1214146248550856,310
15.07,2.9312,0.2142,0.2142,0.0142,224.76707588970427,273.6294836918139,359.03811779106337,223.434288521937,379.5040237444082,192.7728499248703,438.61661126850953,3.145688679228273,310
15.08,3.4342,0.2173,0.2173,0.0161,232.21754537981283,282.6996204623809,381.4504816356644,228.39119226479244,376.04142856933015,197.4914222004605,440.0258277320968,3.04383695282524,310
15.09,3.8986,0.2183,0.2183,0.014,238.1133855106704,289.8771649695118,400.3813659566412,232.09124391633023,372.0021692600641,201.2452976999857,440.7759020930717,2.961444579525416,310
15.1,4.2314,0.2252,0.2252,0.0095,242.5763397747957,295.31032668236,413.0948139792867,235.71900171550607,374.92718600116655,204.19744239462105,442.9052165857111,2.91707203951644,310
15.11,4.4326,0.2358,0.2358,0.0076,245.79620864211333,299.2301670425728,420.502065769101,239.05742999431124,382.2594557485904,206.39221391039703,445.78929181407767,2.9004707870913577,310
15.12,4.5216,0.2421,0.2421,0.0063,247.36240317614636,301.13683864922166,423.7253919467378,240.79898896501416,386.8007736330056,207.47551757302077,447.4606436795941,2.8955179317318467,310
15.13,4.5371,0.2428,0.2428,0.0032,247.619030792893,301.44925487830454,424.2862587931792,241.01587720182584,387.2255120767039,207.6656989996841,447.71484301298,2.894422222170692,310
15.14,4.6145,0.243,0.243,-0.0023,248.45596870635148,302.4681358164279,427.02737679179074,241.52223351859652,386.69672161871705,208.2246240607209,447.8936855965221,2.8839711892398845,310
15.15,4.6841,0.2427,0.2427,-0.0125,249.1454995293792,303.30756464446165,429.4367988311533,241.8748443614338,385.8327993232576,208.6908909434601,447.9461992354466,2.874308421276804,310
15.16,4.6841,0.2425,0.2425,-0.0355,249.11842283849592,303.27460171642986,429.3116763054687,241.80319643238687,385.6653278511819,208.71489436828188,447.9729734678376,2.874870625543486,310
15.17,4.6957,0.242,0.242,-0.0455,249.2031812214718,303.37778583483527,429.679608647062,241.76130232149,385.1269535681892,208.7917523282852,447.9357111692433,2.8731062011686905,310
15.18,4.7461,0.2413,0.2413,-0.0503,249.6372304643865,303.9061936088184,431.4351694150084,241.99754765050764,384.2611322771555,209.1010167606544,447.8771009430943,2.865271932227609,310
15.19,4.8041,0.2411,0.2411,-0.0548,250.1672341544128,304.55141549232866,433.4444254932643,242.43318286619575,383.9024440837318,209.49100788563325,447.94370587648064,2.856808482140201,310
15.2,4.8428,0.2415,0.2415,-0.0558,250.58970739394547,305.06573074045536,434.79961517158034,242.80905861927587,384.0700600379329,209.8004249541881,448.1414603690935,2.851942231608481,310
15.21,4.8351,0.2418,0.2418,-0.0592,250.58508701114565,305.0601059266121,434.540883347858,242.77790592624189,384.2841132910247,209.81232843123053,448.2830989520238,2.8537653972526886,310
15.22,4.9008,0.246,0.246,-0.0622,251.6407493530347,306.3452600819553,436.80122365394783,243.9990392336657,387.3674433216482,210.55965256201137,449.4073821558091,2.850090944652001,310
15.23,4.9589,0.2473,0.2473,-0.0618,252.3233894304333,307.1763001761797,438.8080144936597,244.6783911217512,388.18577024088165,211.0481202042297,449.8293802992007,2.8437076406223976,310
15.24,5.0169,0.2499,0.2499,-0.0641,253.3065928665917,308.37324348976387,440.78009588182135,245.060187508124,388.8659270296744,211.62401373038645,450.5549730723101,2.8413330147318234,310
15.25,5.0672,0.255,0.255,-0.0662,254.302239458886,309.58533499342644,442.4825454796392,246.27383370309911,392.6252267956533,212.32262417272824,451.8481753526535,2.841091888507514,310
15.26,5.133,0.2619,0.2619,-0.0685,255.6017060318288,311.16729429961765,444.6884916025104,247.8846633476732,397.6863434309009,213.228225048706,453.5377221893342,2.840906540869259,310
15.27,5.2801,0.2631,0.2631,-0.0687,257.10320739636234,312.9952090042672,449.5542264343516,248.9178748969385,397.4693822212639,214.2178099381943,453.9774634242241,2.824104771421295,310
15.28,5.311,0.2674,0.2674,-0.07,257.8207356753758,313.86872169176183,450.581064163954,249.84498192745352,400.6482270382709,214.7256367787057,455.03023105783456,2.8253858398984577,310
15.29,5.2994,0.274,0.274,-0.0704,258.3594179048178,314.52450875369124,450.23061315719457,250.9303098627644,405.9609581378715,215.13201533659355,456.54301227808594,2.8343147343461386,310
15.3,5.2375,0.2768,0.2768,-0.0707,257.9366672762565,314.00985581457314,448.2364211767917,251.48062853947744,409.6305103475343,214.98872646998652,457.18270872648304,2.843461436168082,310
15.31,5.0015,0.2786,0.2786,-0.0707,256.04237353302835,311.70375908368675,440.418979732387,249.99943969127952,411.9567057837127,213.71981897719425,457.4876400791884,2.8773588383823103,310
15.32,4.8351,0.282,0.282,-0.0708,254.72947095268145,310.1054428989166,434.77508814243896,249.5698322376652,416.0542070161077,212.93390665652004,458.1705891163975,2.903287825625077,310
15.33,4.6687,0.2835,0.2835,-0.0708,253.18911363938855,308.23022530012526,429.00878322425353,248.78048163167895,418.7101643484328,211.9945351449265,458.4435522174171,2.927988539832654,310
15.34,4.51,0.2836,0.2836,-0.0707,251.55121747515145,306.2362647523583,423.390034096096,247.77007022986876,420.246674404141,210.98584124539357,458.4228821129143,2.950962889344432,310
15.35,4.5113,0.275,0.275,-0.0706,250.88072998144983,305.420019107852,423.46479174227375,246.3214846429092,413.2986074138763,210.4941411169464,456.667661301077,2.9417051137894386,310
15.36,4.5125,0.2664,0.2664,-0.0694,250.1906256074445,304.5798920438455,423.5434505068092,244.8417942422793,406.2759033941733,209.98583532528636,454.861175145205,2.93217083530288,310
15.37,4.5177,0.2611,0.2611,-0.0688,249.8150552060078,304.122675902966,423.7617732097792,243.9387803722604,401.8544819427591,209.7085958821771,453.7530172306804,2.9255898024237346,310
15.38,4.6416,0.2623,0.2623,-0.0685,251.2543675414452,305.87488222436804,428.2065031016726,244.9288180317364,401.6776314195782,210.64545492534617,454.1892251493437,2.909408278960373,310
15.39,4.7886,0.2502,0.2502,-0.0683,251.6633420797319,306.372764270978,433.38058262361824,243.6495762232909,390.4252834215664,210.8036073818742,451.5876114515164,2.8751355230851168,310
15.4,4.9008,0.2322,0.2322,-0.0685,251.02021517508857,305.589827169673,437.2690345967424,240.92198164917872,374.41714378751374,210.2391501446844,447.3758756361432,2.83814640148156,310
15.41,4.9744,0.2224,0.2224,-0.0696,250.7248018033684,305.2301934997529,439.7938416951462,239.414223655384,365.4669881139262,209.97607097069465,444.99714637542,2.815998173580223,310
15.42,5.0634,0.1824,0.1824,-0.0694,246.6978918584751,300.32786834944795,442.8208302266427,231.869595215282,330.33385819504474,207.1142699234045,433.80165337421647,2.7449713875292217,310
15.43,5.1795,0.1737,0.1737,-0.0702,246.3822351310566,299.9435905943298,446.705976402364,230.9648189795542,322.4984471238381,206.9876262147747,431.1973082451148,2.714064082538871,310
15.44,5.3188,0.1695,0.1695,-0.0704,246.82370801374577,300.481035842821,451.2970679228876,231.10608842669524,318.5111292661974,207.3958317442637,429.9823250221186,2.6880105961396867,310
15.45,5.2568,0.1724,0.1724,-0.073,246.83900151253587,300.4996540152611,449.2877348128009,231.24771399110824,321.1516173433887,207.375011731411,430.96484456074256,2.701786772692124,310
15.46,5.2104,0.1753,0.1753,-0.0732,246.95810278724883,300.6446468714334,447.7920843424727,231.4952602522452,323.7485300906196,207.43469328681076,431.9428119815164,2.713413882147378,310
15.47,5.0905,0.1814,0.1814,-0.0735,246.9517872731693,300.63695841951045,443.8432651828396,231.8163197357004,329.23752189175747,207.3655119707924,433.8640628313368,2.7406823639275584,310
15.48,4.9666,0.2055,0.2055,-0.0735,249.0263990175877,303.16257271706326,439.7017075423811,235.8585252625981,350.612331859812,208.81901986176803,440.9488179568095,2.795452451515888,310
15.49,4.8892,0.2158,0.2158,-0.0736,249.4903970575583,303.727439896158,437.0912353653305,237.53897792668883,360.162390818365,209.2322524244237,443.7821308156732,2.820096670266476,310
15.5,4.7925,0.2266,0.2266,-0.0609,249.6296190941804,303.8969275929153,433.8702647268662,239.52133877238984,371.02412512247855,209.51617302401596,446.6153262816286,2.845542204560651,310
15.51,4.7925,0.2266,0.2266,-0.0482,249.68786984554168,303.9678415510942,433.9816111369311,239.5304776754288,370.9764232510533,209.55374201469863,446.6882078686885,2.8453987944166577,310
15.52,4.5526,0.2262,0.2262,-0.0504,247.42472122683472,301.2127041022336,425.54690297064144,237.5992775240814,371.6848321201695,208.01659027031707,446.4887474365796,2.8804811247992985,310
15.53,4.4713,0.2258,0.2258,-0.055,246.5706176832536,300.17292587526526,422.616897283703,236.99924734791813,372.0015014464507,207.48420596852688,446.39924950564017,2.892103282049013,310
15.54,4.4017,0.2256,0.2256,-0.055,245.8545010773599,299.3011317463512,420.1125747065834,236.51006565071637,372.39531048176406,207.037823401858,446.3687021117024,2.9023426154083114,310
15.55,4.3552,0.2256,0.2256,-0.055,245.39453787432424,298.74117654265564,418.4342367367763,236.20321423897167,372.76912513624507,206.7584102176237,446.4062714702272,2.9095203169485098,310
15.56,4.332,0.2257,0.2257,-0.055,245.19034179165772,298.4925900072355,417.60588197295306,236.0648653927853,373.0277771992648,206.6439742144673,446.4869600461994,2.9133597358706638,310
15.57,4.3436,0.2256,0.2256,-0.0548,245.3399270771991,298.674693833112,418.0617191121392,236.1140979598911,372.8058065151945,206.75288432702175,446.5426501201268,2.911660500299869,310
15.58,4.2701,0.2256,0.2256,-0.0544,244.58024988503723,297.7498694252627,415.3677806631769,235.6261441523659,373.4274851200316,206.28222091029537,446.5587927296116,2.923079216869292,310
15.59,4.0959,0.2255,0.2255,-0.0544,242.6655625755316,295.41894574412544,408.8211811267847,234.4264943064054,374.914614791373,205.07773492948812,446.467919661134,2.950624853435134,310
15.6,3.8831,0.2246,0.2246,-0.0543,240.13304366970144,292.33587925007134,400.57840770889226,232.7468543035258,376.1684629739264,203.4769342389949,446.1320952431973,2.984977189325272,310
15.61,3.6355,0.2209,0.2209,-0.0542,236.7649816145363,288.2356297916094,390.6206013610985,230.1823909037636,375.4417748909859,201.3136911914217,445.0248962870068,3.024149476094564,310
15.62,3.3878,0.216,0.216,-0.0541,233.09305128515732,283.76545373845244,380.2263691161582,227.26098424167407,373.7799168518151,198.94314010663197,443.5692535739875,3.0650226818314037,310
15.63,3.2495,0.2013,0.2013,-0.0537,229.82085703428527,279.7819129113039,374.2290393893795,223.17777584000893,361.8686836921504,196.6341902892725,439.45914860426166,3.07272302492432,310
15.64,3.1813,0.2001,0.2001,-0.0525,228.78321806486863,278.51870025288355,371.2331559067801,222.3477544914756,361.5212575167108,195.97208516031588,439.1198289341767,3.0854586344115686,310
15.65,3.1813,0.1957,0.1957,-0.0504,228.38513396550337,278.0340761319172,371.2744902980253,221.4395716846284,357.3534178500239,195.6455231610344,437.9232120072067,3.07913697371675,310
15.66,3.1814,0.1945,0.1945,-0.0491,228.301552031869,277.9323242127101,371.31348682712826,221.1866653380501,356.1877724481556,195.5812830144725,437.64401544952966,3.0774882658028413,310
15.67,3.2059,0.1932,0.1932,-0.0487,228.546378464754,278.2303737831787,372.433339236818,221.11811405300708,354.643367489338,195.7232375682967,437.3580929289229,3.0705586858142424,310
15.68,3.2098,0.1934,0.1934,-0.0484,228.65372336112625,278.3610545265885,372.6329155906586,221.18692432869213,354.75886872872826,195.80904184887848,437.49146643629695,3.070228134151181,310
15.69,3.2408,0.1922,0.1922,-0.0482,228.9938497075179,278.7751213830653,374.0328124574911,221.19040960228315,353.2388131648278,196.0137120484776,437.2392356946097,3.0621433586460047,310
15.7,3.4575,0.191,0.191,-0.0478,231.80172136968437,282.1933999283114,383.4495398806057,222.6909243988649,349.70827117319175,197.78140196554284,437.1631487693718,3.017026176381449,310
15.71,3.6703,0.185,0.185,-0.0478,233.8592392416144,284.69820429413926,392.34648808605925,223.01312621551037,341.8843862779437,198.9972528735936,435.6156225052949,2.9681527637827774,310
15.72,3.9489,0.1815,0.1815,-0.0485,236.7633102527376,288.23359509028927,403.5138506617502,224.2171074784235,336.01157103270737,200.82184532212625,434.8406474269855,2.914319393147525,310
15.73,4.1463,0.1806,0.1806,-0.0486,238.8702882183144,290.7986117440349,411.1459451951467,225.333422727637,333.4764469147427,202.1897450949548,434.7865677265205,2.8808667770349605,310
15.74,4.3126,0.1802,0.1802,-0.0487,240.5112041665566,292.79624855059063,417.4080807737817,226.57435550296165,332.30737623990166,203.336445016104,434.85767925122815,2.853208013953845,310
15.75,4.4752,0.1802,0.1802,-0.0487,242.3016240945853,294.97589020210387,423.3905001577424,227.3085772709888,330.4871529990011,204.4591062896112,435.04669227775855,2.830423949423341,310
15.76,4.5758,0.1838,0.1838,-0.0486,243.7738014705314,296.7681061380382,427.0362056740889,228.7237462334596,333.0563940842508,205.4879597974993,436.308676285828,2.821679408035186,310
15.77,4.4249,0.1874,0.1874,-0.0486,242.6006257391093,295.3398922041331,421.6161561175216,228.9513166065064,338.2187418623208,204.8636979138996,437.37192856684567,2.847695831350686,310
15.78,4.2391,0.1919,0.1919,-0.0484,241.3536386962333,293.8218210215014,414.7765551918033,228.401782493112,343.07150514869664,204.0394756910808,438.6543070284982,2.884606160793383,310
15.79,4.0805,0.2049,0.2049,-0.0485,241.0813376082349,293.4903240448078,408.7903339473806,230.0876108125265,356.2103519084754,204.06511333718765,442.3542130567619,2.928874864948712,310
15.8,3.887,0.2112,0.2112,-0.0481,239.53826564548493,291.611801655373,401.2847345068005,230.01425684656647,363.6320552486784,203.1882462531311,444.0106168986308,2.970033650279502,310
15.81,3.678,0.2163,0.2163,-0.0478,237.5318028261179,289.16915126657835,392.908229730378,229.4824768072706,370.2605172692086,202.0126949338689,445.27918366433727,3.01395388704971,310
15.82,3.6688,0.2164,0.2164,-0.0468,237.46126407147796,289.0832780000601,392.5639348558997,229.42693611779208,370.4134383580985,201.98310209094052,445.3689295031813,3.015923527808153,310
15.83,3.6945,0.2164,0.2164,-0.0463,237.81728468190585,289.51669439536363,393.6431797591436,229.61511715921023,370.1128024877858,202.22176016887224,445.4631483662489,3.011447964255348,310
15.84,3.7202,0.2163,0.2163,-0.0463,238.16033108411025,289.9343161023951,394.7141309135387,229.78166777449496,369.72635545590185,202.45150002271583,445.5304108694545,3.0068893346968824,310
15.85,3.7748,0.2162,0.2162,-0.0465,238.85574854891476,290.7809112769397,396.9455964758674,230.16074202900137,369.0481225991013,202.90451436141643,445.6228118744884,2.997253573365365,310
15.86,4.0302,0.2147,0.2147,-0.0465,241.76561868576448,294.323361878322,407.0465161394653,231.68263202003843,365.2004449174332,204.74400665161227,445.5064984369184,2.951956643848477,310
15.87,3.9721,0.2131,0.2131,-0.0465,240.96579829913208,293.3496674945956,404.81514949126426,230.95207030010965,364.29794605405766,204.2252987181073,445.09663978069386,2.959594434148007,310
15.88,3.9733,0.213,0.213,-0.0465,241.00294337773852,293.3948875902904,404.88721580033206,230.9337837192383,364.1675798768558,204.261992516744,445.1414128783671,2.9594531053855246,310
15.89,3.9745,0.213,0.213,-0.0463,241.05065962788652,293.4529769382967,404.96074718417947,230.93574064102648,364.1257469199216,204.3066269235832,445.2133109530072,2.9594420094592047,310
15.9,3.977,0.213,0.213,-0.0461,241.11346349254933,293.5294338170166,405.084959888943,230.94680612170944,364.0716573957303,204.36086664784528,445.2862530035383,2.959214161057396,310
15.91,3.9818,0.2131,0.2131,-0.0459,241.21309250742152,293.65072131338275,405.2987746328328,230.99393495053815,364.08469385245377,204.44005963342636,445.3882414636176,2.9587400526041363,310
15.92,3.9915,0.2159,0.2159,-0.0457,241.64217942124228,294.1730879910776,405.7031970869752,231.6120178995077,366.4418587026522,204.76916869953357,446.2236675018749,2.96111714025034,310
15.93,4.1192,0.2218,0.2218,-0.0453,243.72939425151907,296.71404517576235,410.6522671409484,233.64649968575208,370.3892115038377,206.19668134448324,447.9659066795243,2.948317865459813,310
15.94,4.1733,0.2284,0.2284,-0.0453,245.0220346059311,298.2876943028727,412.73414497602255,235.28125478866465,375.57231903761567,207.12399520103523,449.7916010984235,2.948469904046486,310
15.95,4.1579,0.237,0.237,-0.0453,245.70411739973832,299.1180559648989,412.1760641315771,236.79255517907097,383.0411014588999,207.68602229781104,452.0174096712802,2.961967470113174,310
15.96,4.0534,0.2465,0.2465,-0.0453,245.4041180009066,298.7528393054516,408.2046945243208,237.802882646483,392.0583013943436,207.63844746600773,454.3192512424915,2.9906076614161816,310
15.97,3.992,0.2541,0.2541,-0.0452,245.38145002979,298.72524351452694,405.85232275962056,238.71605210803395,399.008014649992,207.74157197484772,456.1370143865344,3.0099190010530386,310
15.98,3.9637,0.2542,0.2542,-0.0451,245.08380512851176,298.36289319992744,404.7742775801728,238.52210406645605,399.35139862758354,207.5717508761994,456.20857722621406,3.0149497482468006,310
15.99,3.9621,0.2541,0.2541,-0.0448,245.0900458306468,298.3704905764396,404.7390134814136,238.4858251456323,399.2487956239919,207.58900411174773,456.25608687951393,3.015287032830828,310
16.0,3.9903,0.254,0.254,-0.0449,245.45377251303796,298.81328827674184,405.86377073171855,238.66421284186143,398.8354433572481,207.8304488744404,456.3288590924151,3.0106614361652206,331
16.01,4.0186,0.2535,0.2535,-0.0448,245.7820099658522,299.2128816975592,406.9892003567887,238.7714483320271,398.090537164218,208.0441711801807,456.3079665199471,3.005580405860313,331
16.02,4.0805,0.2511,0.2511,-0.0448,246.3353171450982,299.8864730462065,409.4029992599635,238.77625580757643,395.4258514020135,208.37422878356315,455.8675957924922,2.9928225906913437,331
16.03,4.0727,0.242,0.242,-0.0449,245.45831670499493,298.8188203365156,409.12779279364497,237.0695759454669,387.8345282587306,207.7155864764577,453.75044509523593,2.9833710511613485,331
16.04,4.0998,0.234,0.234,-0.0454,245.0605076312299,298.3345310293234,410.1894644520345,235.7682420260304,380.7436079468092,207.37069203297503,451.8652716929389,2.9692880732846203,331
16.05,4.1385,0.2271,0.2271,-0.0456,244.8733113229304,298.1066398713935,411.6913220812825,234.71877089806847,374.42386786885015,207.1721110876404,450.212765570104,2.9544893313132707,331
16.06,4.2004,0.2181,0.2181,-0.0457,244.7051101060341,297.90187317256334,414.0624879122762,233.3790781196368,366.01725710937,206.9556832794146,447.9720978441533,2.9330596096831423,331
16.07,4.5603,0.2023,0.2023,-0.0459,246.7873222342034,300.43674011120413,427.323562726241,232.63940979977184,349.46435643378135,208.15313040065496,443.9538108258353,2.856448928282245,331
16.08,4.6841,0.1983,0.1983,-0.0463,247.66387397672185,301.50384658035705,431.75064977757233,232.3456763998458,344.53641098617624,208.64755285671995,442.9602045606711,2.8342186580209785,331
16.09,4.8002,0.1964,0.1964,-0.0503,248.58995206393425,302.63124599087644,435.8156639349922,232.60797301026483,341.96951788874253,209.25338412172664,442.555911710085,2.815722527409567,331
16.1,4.8544,0.1954,0.1954,-0.0544,249.01205948618892,303.14511589623004,437.6926818099785,232.69348175315525,340.66861839271064,209.53939009892488,442.36860549887,2.8072117181213114,331
16.11,4.9202,0.1951,0.1951,-0.0563,249.62253468494484,303.88830309471547,439.9690706942743,232.99437970842723,339.9144023956409,209.9554988644939,442.3938129442952,2.7982111394445486,331
16.12,4.9744,0.1972,0.1972,-0.0578,250.4057479023285,304.8417800550086,441.835672128264,233.74493507322995,341.3802068958023,210.51024586535823,443.11544667920646,2.7943527007007902,331
16.13,5.0363,0.1993,0.1993,-0.0592,251.253881367529,305.8742903604701,443.9508059019978,234.53286676321397,342.78545681284294,211.107349050635,443.8363061503942,2.789545302471583,331
16.14,5.0788,0.2035,0.2035,-0.0605,252.16622560696277,306.9849703041286,445.400431121297,235.6529602550244,346.1563763207698,211.765618373864,445.1387014803772,2.7902803363002717,331
16.15,5.1137,0.2082,0.2082,-0.0618,253.05851828502028,308.07123965132905,446.5888957035529,236.82231330891105,349.9811330109584,212.4132290691572,446.5545715358323,2.792617037788085,331
16.16,5.0827,0.2117,0.2117,-0.0628,253.20734601458736,308.2524212351498,445.5713063812006,237.3668966130977,353.19562251152007,212.5577557295007,447.5733602695323,2.801613703000418,331
16.17,5.0479,0.2148,0.2148,-0.0639,253.26702702895457,308.3250763830752,444.4208753440527,237.79863119306344,356.08157731045105,212.64050769372705,448.4673867520506,2.8105227580191845,331
16.18,5.0503,0.2164,0.2164,-0.0644,253.500117136974,308.60883825370746,444.5257786306879,238.12933640186688,357.40688063696683,212.8226647021597,448.97205532862006,2.8125650982034185,331
16.19,5.0527,0.2157,0.2157,-0.0645,253.4797225323562,308.58401003939014,444.6332153261506,237.9944649519652,356.760839799915,212.8165482328355,448.8547247243949,2.811505333409898,331
16.2,5.0692,0.2166,0.2166,-0.0645,253.76626000075345,308.9328382617868,445.2158762016935,238.2623351110023,357.38341748522987,213.02664418317892,449.1787524939116,2.8107725929473184,331
16.21,5.1059,0.2174,0.2174,-0.0645,254.22664136482396,309.49330253109,446.47466914690494,238.62168708791532,357.77525408894587,213.349905499212,449.4882396434917,2.8073220596467565,331
16.22,5.1717,0.218,0.218,-0.0645,254.9269193575291,310.34581487003544,448.69654718522406,239.09930037110976,357.7920646611127,213.8292176389213,449.76209497617936,2.7999573667647395,331
16.23,5.4078,0.2187,0.2187,-0.0643,257.1293774423865,313.02706819073137,456.4608619704025,240.50310922200063,356.74103977600566,215.30235985519008,450.16843037055554,2.7720035130495324,331
16.24,5.5161,0.2188,0.2188,-0.0641,258.0600917927334,314.16011174767544,459.9685583120514,241.1955248623593,356.32182276561014,215.963169267237,450.3314196522136,2.75891637736253,331
16.25,5.6206,0.2196,0.2196,-0.0649,258.97700281375376,315.2763512515263,463.3086952050358,242.10670576731,356.7579103693856,216.65027678986175,450.6778899541092,2.746998451184367,331
16.26,5.7096,0.219,0.219,-0.0656,259.5915458571734,316.02449060873283,466.1279040370626,242.6460708618453,356.1195967698038,217.12879065264448,450.6401360437324,2.735228168482351,331
16.27,5.7754,0.2229,0.2229,-0.0658,260.59167093997866,317.2420341878001,468.2044708320652,243.7986763412477,359.03783659536805,217.84345498741888,451.7839753050976,2.732936814440637,331
16.28,5.7986,0.2267,0.2267,-0.0658,261.26520827345166,318.06199268072373,468.9521246876858,244.6139075552932,361.9146118258833,218.31257707432232,452.8617158059794,2.735689540799556,331
16.29,5.7986,0.24,0.24,-0.0658,262.88974639512617,320.0396912636319,468.98063415836896,246.8446478162667,372.0439242371444,219.38551577404135,456.3014433155326,2.7541169530266614,331
16.3,5.8025,0.2486,0.2486,-0.0659,263.9331054780837,321.30986753853665,469.1292747529417,248.28350799777556,378.49386302565296,220.08637222855623,458.4680942362676,2.7650705922888137,331
16.31,5.7793,0.2521,0.2521,-0.066,264.1348476092606,321.5554666547521,468.4381656007828,248.8078925314916,381.41213458071695,220.25237735569087,459.35976635773466,2.7719774538562545,331
16.32,5.6361,0.2523,0.2523,-0.066,262.98086471519684,320.1506179141527,463.9882438095021,248.1035172834681,382.512007772238,219.50988847493196,459.39306981724326,2.788677582668188,331
16.33,5.4697,0.2568,0.2568,-0.066,262.0136481866755,318.9731369229093,458.72272880123006,248.04032218475945,387.2440903275906,218.92286043637483,460.4193237365607,2.813567316802399,331
16.34,5.2336,0.266,0.266,-0.0659,260.7070773458067,317.3825289427212,451.0656198840984,248.5856575777344,396.7559864972066,218.20984721372173,462.451573282177,2.852063222583148,331
16.35,5.0015,0.276,0.276,-0.0659,259.498190958749,315.9108411671727,443.3248445268571,248.7673986500043,405.9874023858889,217.49118152978227,464.59151153062624,2.8937643378774016,331
16.36,4.7344,0.2797,0.2797,-0.0658,257.1502895763304,313.05252644075006,434.1306422059206,247.7668960288204,411.1663952087473,216.0544458530333,465.2794927607053,2.9339192020273783,331
16.37,4.6125,0.2797,0.2797,-0.0656,255.8988161551813,311.52899358022074,429.84211217348326,246.99077901785037,412.2393165984424,215.280983689818,465.2616120794704,2.9512571808306336,331
16.38,4.6094,0.2729,0.2729,-0.0651,255.31961858319232,310.823883492582,429.76080782401306,245.8168143826472,406.8517168449816,214.8573293446904,463.84470109621685,2.944522434396648,331
16.39,4.6236,0.266,0.266,-0.0645,254.90191796895243,310.3153783969856,430.2974949668437,244.71532986378057,401.181634518934,214.53250540452143,462.3849578393138,2.9350421937655398,331
16.4,4.6377,0.2595,0.2595,-0.0641,254.5028556708438,309.8295634253751,430.82834066527937,243.6610628177608,395.7911913725508,214.2226541127125,460.9817642339229,2.9258689709974037,331
16.41,4.9589,0.26,0.26,-0.0641,257.84076861607053,313.8931096195641,442.0469057183966,245.69241425674343,393.4373198581324,216.36962226637644,461.3968372723007,2.882674732283981,331
16.42,5.2375,0.2606,0.2606,-0.0643,260.4849584426175,317.1121233214474,451.422544521674,247.693049419737,392.3784272891484,218.15807701858225,461.7930095130316,2.84651494466712,331
16.43,5.3807,0.2645,0.2645,-0.0643,262.314912723656,319.3398937505377,456.1364471191009,248.86546080074163,393.6523324255591,219.31441660971691,462.84929211098927,2.8348213204157604,331
16.44,5.4039,0.2646,0.2646,-0.0643,262.57012971161646,319.65059269240265,456.9159657399576,249.00232660376668,393.52277407927903,219.49434493101293,462.95803644752976,2.8323161518363373,331
16.45,5.1988,0.2647,0.2647,-0.0643,260.6878050646308,317.35906703520266,450.22379620352734,247.9754336333424,395.3582599422228,218.3185151233656,462.9194453225137,2.857423877836529,331
16.46,5.0711,0.2662,0.2662,-0.0643,259.68024759253944,316.13247533004807,445.9834843799806,247.4020203026869,397.29140383997554,217.6768766925151,463.2456025257866,2.8759670182311003,331
16.47,4.9589,0.2676,0.2676,-0.0637,258.7480092304201,314.99757645442446,442.2092477021487,246.9830708187909,399.2798290526785,217.1078272635457,463.556080128672,2.8923434727727417,331
16.48,4.932,0.2725,0.2725,-0.0635,258.95618246357105,315.2510047382604,441.3169350148068,247.6619528242076,403.33931580520414,217.3014721224956,464.7035021119905,2.901490726998701,331
16.49,4.9363,0.2766,0.2766,-0.0635,259.3964001164632,315.7869218809117,441.49074880272434,248.3795378877705,406.4870446749909,217.634989324232,465.6810179044954,2.9055602117490227,331
16.5,4.9405,0.278,0.278,-0.0633,259.59625064508504,316.0302181766253,441.6623638957238,248.6344899520584,407.509772887457,217.78957513746928,466.0611703888775,2.906691964461999,331
16.51,5.015,0.2786,0.2786,-0.055,260.4389764475324,317.0561452404742,444.2810146245784,249.17983684428376,407.3000371434481,218.33529971804344,466.3149235295059,2.897512105131784,331
16.52,5.1717,0.2782,0.2782,-0.0542,261.9610689881465,318.90912746383054,449.5765005778524,250.01518753039025,405.6646525724172,219.31556505240195,466.4054421168946,2.8771307509600024,331
16.53,5.2375,0.2779,0.2779,-0.0554,262.592273620615,319.6775504946618,451.7768725111693,250.3295613882178,404.8705567264431,219.7324949152936,466.45506831685736,2.86876710574816,331
16.54,5.3381,0.2761,0.2761,-0.0565,263.3511206956706,320.60136432516424,455.0992548478092,250.72414870014345,402.9942408848897,220.25353669433184,466.198135960011,2.85400872623899,331
16.55,5.3381,0.2762,0.2762,-0.0582,263.3952693151979,320.6551104706757,455.1159460624119,250.72423421569928,403.0197635302772,220.29716943714493,466.2913812554311,2.854373731633743,331
16.56,5.3536,0.2764,0.2764,-0.0589,263.5805424175272,320.880660334381,455.6442668777914,250.86498364872548,403.0870949897114,220.43942271055843,466.41654154304064,2.8527793332362825,331
16.57,5.4232,0.2773,0.2773,-0.0591,264.28393437365617,321.7369635853206,457.9289145878974,251.54071914473985,403.55628568548224,220.94650133007724,466.7295784593629,2.8449081736692388,331
16.58,5.4697,0.2906,0.2906,-0.0594,265.99875920930623,323.82457642872066,459.453551364731,253.84014125467988,412.9336270630843,222.117410607736,469.6820898730143,2.854336776157697,331
16.59,5.5509,0.2976,0.2976,-0.0596,267.36708542270634,325.4903648624252,462.0789419093698,255.4670213380141,417.6643627899346,223.0668227047676,471.26095689892793,2.8519156141048594,331
16.6,5.5819,0.3032,0.3032,-0.0611,268.1785340385045,326.4782153512229,463.0836041150192,256.48334290569665,421.4684280074924,223.62894259847533,472.49594365325714,2.8543293701521764,331
16.61,5.5896,0.3034,0.3034,-0.0622,268.2958167137488,326.62099426021587,463.34902430557554,256.55727481213114,421.5420365142843,223.72303322204127,472.6132734892521,2.853802727340263,331
16.62,5.5872,0.3034,0.3034,-0.0632,268.3121154896034,326.6408362482129,463.2944286830797,256.5241401407249,421.4953823992804,223.7466319452878,472.6837425629281,2.854333402068316,331
16.63,5.5952,0.3032,0.3032,-0.0649,268.39379023057063,326.74026636765126,463.5656271633283,256.54363453415743,421.2905073494593,223.8179121602136,472.72016179759135,2.853351552361739,331
16.64,5.6032,0.303,0.303,-0.0649,268.47797061394283,326.84274683436524,463.84686966196944,256.565594231747,421.08517080316494,223.8891185829104,472.756506696361,2.8523300419587265,331
16.65,5.6516,0.3015,0.3015,-0.0649,268.7681202976561,327.19597253627694,465.4043903314927,256.7201678913691,419.9007314552481,224.1116909253552,472.5534924499848,2.844836437153482,331
16.66,5.7367,0.3012,0.3012,-0.0649,269.4583955181147,328.0363075872701,468.102680780542,257.32200956198454,419.4867394669012,224.61346240718356,472.616386403566,2.834170522641248,331
16.67,5.7831,0.3011,0.3011,-0.0647,270.06904456499,328.7797064269444,469.5775642489826,257.0355913473897,417.82361668988426,224.90548832539224,472.6959154316415,2.831057731015145,331
16.68,5.8528,0.3016,0.3016,-0.0643,270.75311519414936,329.6124880624427,471.7664248088452,257.47176015589264,417.6444210758982,225.36241884083412,472.9115491568271,2.823951768563298,331
16.69,5.9573,0.3021,0.3021,-0.0643,271.7252799149792,330.79599293997467,475.0013631219324,258.0811054226866,417.2218278482199,226.00618198028184,473.1470851729057,2.8131503239778013,331
16.7,6.054,0.3048,0.3048,-0.0643,272.81098140798167,332.1177164966733,477.9663913672516,259.0002027217384,418.4941337312597,226.7359327519568,473.8229383660831,2.805572917663909,331
16.71,6.143,0.3138,0.3138,-0.0643,274.36766783687904,334.01281301880925,480.6723178686631,260.88165713892187,424.43290098515706,227.8002856065032,475.7422203504324,2.8050790484006694,331
16.72,6.2668,0.3326,0.3326,-0.0645,277.0040208703915,337.2222862769984,484.38480272510577,264.4198791296221,437.0805913432678,229.59987826561115,479.49773884055423,2.8099871081616867,331
16.73,6.2901,0.3445,0.3445,-0.0647,278.19588165447885,338.6732472315395,485.1009120632473,266.3261466396184,445.3090195449319,230.43215828650716,481.7801402915416,2.818482105137131,331
16.74,6.2823,0.3454,0.3454,-0.0652,278.2393101317314,338.7261166821078,484.8964609196755,266.4128195229382,445.9557276576035,230.47917009848877,482.0120180451858,2.8202722416014137,331
16.75,6.1972,0.3455,0.3455,-0.0656,277.5751963781864,337.9176303734443,482.3980061573697,265.9938119074531,446.6038893633319,230.0706834555273,482.0543388599308,2.8293756645294166,331
16.76,6.0695,0.3455,0.3455,-0.066,276.41742332525695,336.50816752639975,478.5945813956518,265.66757580165927,448.3336704424427,229.4199639291463,482.0528549699911,2.841788721851989,331
16.77,5.9302,0.3459,0.3459,-0.066,275.3903994819282,335.25787763017354,474.3877097562146,264.6656610901347,448.8148995133295,228.7140772653112,482.11529148434846,2.8586464285330737,331
16.78,5.7406,0.3463,0.3463,-0.066,273.76772897936183,333.28245267052745,468.5507564141081,263.7074050497403,450.5518230549909,227.70595735667104,482.1445124962668,2.8802908502910958,331
16.79,5.2607,0.357,0.357,-0.066,270.04292273660366,328.7479059402132,453.17513287667583,262.5405946471032,462.1922355505472,225.46734337378663,483.8159389830177,2.9467017970816287,331
16.8,5.2607,0.3714,0.3714,-0.066,271.0928026463688,330.02602061297074,453.20184657825104,264.5577527526958,472.2755899751959,226.2460211041494,486.3827599461312,2.959026284104229,331
16.81,4.8041,0.3831,0.3831,-0.0656,267.1187028679277,325.18798610008594,437.7431662047567,263.30365347059694,484.8910622579145,223.91989899731544,488.09335570778535,3.028302138982113,331
16.82,4.5487,0.3927,0.3927,-0.0652,264.87115068879774,322.4518356211451,428.7070641047419,262.855047972725,494.3079291882733,222.6590100722213,489.5420637889445,3.072134335816605,331
16.83,4.5487,0.3934,0.3934,-0.0639,264.9516081282674,322.5497838083256,428.7412077641927,262.9392903665504,494.7413673514414,222.72872409717232,489.7290527878839,3.0728367886244,331
16.84,4.5653,0.3935,0.3935,-0.0633,265.1864750501339,322.8357087566848,429.36918083453634,263.0584660221038,494.57147966205633,222.88709234589103,489.8320436270267,3.0706804379492767,331
16.85,4.582,0.3928,0.3928,-0.063,265.37158932324326,323.0610652630787,429.99739089377294,263.0727102170094,493.8465982475705,223.00816370367195,489.8054705117494,3.067897827515448,331
16.86,4.6609,0.392,0.392,-0.063,266.2614754905633,324.1444049450336,432.8436996424795,263.49497854888665,492.364898318,223.55614919211084,489.811058294597,3.056189688787281,331
16.87,4.8815,0.387,0.387,-0.063,268.43116931436225,326.78577133922363,440.60335213497166,264.2763011841919,486.49713100848805,224.8472086148995,489.2350812357869,3.021966609863588,331
16.88,5.3652,0.3798,0.3798,-0.063,272.9997917327984,332.34757254427626,456.861434517674,266.26430012146665,476.7604049382194,227.60971530716287,488.4566919961876,2.95445770292012,331
16.89,5.6129,0.3778,0.3778,-0.063,275.2908839710185,335.1367283125443,464.8513140573482,267.40131261872415,473.12581243644087,229.03116365136543,488.357764192176,2.923575675021552,331
16.9,5.8373,0.3757,0.3757,-0.063,277.25693524241274,337.5301820342416,471.9071739966103,268.33698360382715,469.7352795126912,230.2590327974741,488.21870671146985,2.896537119891591,331
16.91,6.0114,0.3752,0.3752,-0.0629,278.8154203627684,339.4274682677181,477.2743679838152,269.1861227461642,467.9322904945613,231.24803500414248,488.3134377115901,2.877223150445798,331
16.92,6.1314,0.3752,0.3752,-0.0629,279.8998677407459,340.74766507569063,480.92692713977146,269.8019985537582,466.9392930768833,231.94527354513704,488.4579196121258,2.8645870333511154,331
16.93,6.1507,0.3752,0.3752,-0.0629,280.1031154175265,340.9950970300323,481.5339410926453,269.8925305303281,466.7418192596913,232.088385113348,488.5423029482078,2.8627306622578934,331
16.94,6.1082,0.3757,0.3757,-0.0628,279.80857343799494,340.6365241853852,480.2863533396906,269.73445371868166,467.3674254073911,231.92046701155283,488.6748187150216,2.8678128554962634,331
16.95,6.0438,0.3798,0.3798,-0.0626,279.57911354527783,340.3571817072948,478.3709480857473,269.96138316289074,470.6278910645804,231.81349467890703,489.39950936802353,2.878204977855855,331
16.96,6.0151,0.3884,0.3884,-0.0624,279.97333578994085,340.837104439928,477.529231351642,270.98442655123785,476.6525942369324,232.12363065032312,490.8820942839921,2.8883765841893663,331
16.97,6.0094,0.401,0.401,-0.062,280.8323673010454,341.88288193170746,477.3861467648344,272.6451628789623,485.1305046229171,232.7458994841544,492.9937122096068,2.899039800312496,331
16.98,6.0259,0.4152,0.4152,-0.0618,281.9719944111131,343.2702540657029,477.91643929948486,274.5954362910391,494.38874199019546,233.54953978241,495.3128635334276,2.908238114383923,331
16.99,6.0424,0.4308,0.4308,-0.0618,283.1738287528284,344.73335674257373,478.4447708158874,276.679641533547,504.44345735019215,234.3962335885116,497.7777389179942,2.91813391334101,331
17.0,6.0888,0.4328,0.4328,-0.0617,283.7572322569053,345.44358709536306,479.8761720790325,277.17228106927183,505.29821325284655,234.78320734177444,498.179910101564,2.914796634210696,310
17.01,6.0733,0.4324,0.4324,-0.0616,283.62895263830546,345.2874206031545,479.4367366754134,277.02920260009984,505.1152371968432,234.71740542102688,498.1847496742839,2.916338899749704,310
17.02,5.9147,0.4321,0.4321,-0.0616,282.1985050095394,343.54600609856976,474.63311890567,276.1219662091704,506.2344500788665,233.84946761621788,498.1163301288875,2.9334767111768745,310
17.03,5.8257,0.431,0.431,-0.0614,281.3365040415288,342.4966136157741,471.9152731023487,275.481889676228,506.24735324244654,233.32820355956733,497.9694299853583,2.9427101805532767,310
17.04,5.7057,0.4305,0.4305,-0.0609,280.20466797268574,341.11872622761746,468.2007133559361,274.7356352384552,506.9464004322087,232.64548443603795,497.8915528273734,2.956058168640713,310
17.05,5.6051,0.43,0.43,-0.0609,279.23783776425927,339.94171553909825,465.05045945840703,274.08772151840526,507.49082650809993,232.065770957961,497.8246997917767,2.96746293246491,310
17.06,5.5858,0.4291,0.4291,-0.0608,279.02954304835674,339.688139363217,464.46440580864873,273.85350570957934,507.0250987664146,231.94800642257204,497.75025124143326,2.9692367821018677,310
17.07,5.595,0.4283,0.4283,-0.0607,279.1054819347779,339.7805867032079,464.7846549332438,273.79639708992653,506.3595030382109,232.00484003258205,497.70935812566034,2.967761385806532,310
17.08,5.6042,0.4256,0.4256,-0.0603,279.0625662266067,339.7283414932603,465.1064354867276,273.4989656116269,504.4418846193206,231.97572802326053,497.3800904028195,2.9648923871909068,310
17.09,5.6245,0.4192,0.4192,-0.0603,278.8900295218079,339.51829680915745,465.7775944150856,272.79042338284074,499.973258429064,231.84256171008911,496.4881460439496,2.958001249007592,310
17.1,5.8141,0.4068,0.4068,-0.0603,279.9157943657642,340.7670540104956,471.7534041484879,272.23647467339435,489.99470849137504,232.4100155075312,494.74847539619816,2.927273690971077,310
17.11,5.7831,0.3995,0.3995,-0.0603,279.1745801661723,339.8647062892532,470.8163076774636,271.0915577163181,485.3270754256977,231.92008408523748,493.6386760926115,2.9253225267610468,310
17.12,5.6825,0.3968,0.3968,-0.0603,278.0839912613407,338.5370328398931,467.6914901129917,270.1637282584754,484.33510560387725,231.24214884070028,493.21254551114697,2.934829196299636,310
17.13,5.5006,0.3953,0.3953,-0.0602,276.2708205430092,336.3296945740982,461.9305033822943,268.9206515750628,484.8944534532532,230.1263476426648,492.92391433838793,2.95504976579715,310
17.14,5.3265,0.394,0.394,-0.0601,274.49406270050736,334.1666850267046,456.304971233489,267.7188531629882,485.57215291520566,229.0375317567189,492.6683592602825,2.975225139720372,310
17.15,5.2709,0.3941,0.3941,-0.0601,273.9730694311162,333.53243235092407,454.5018808732914,267.39085432488764,486.1175514076626,228.73361381165063,492.7190602425055,2.982350839325292,310
17.16,5.2847,0.3916,0.3916,-0.0592,273.98520033770313,333.5472004111169,454.9889531193861,267.1330675088739,484.23321684590775,228.73598794501328,492.3937451201022,2.9788346853626977,310
17.17,5.2986,0.3818,0.3818,-0.0586,273.5058049673548,332.96358865591014,455.47672578894105,265.88916195750613,477.3445139510558,228.37867566856505,490.85599845348816,2.969469406184983,310
17.18,5.342,0.3802,0.3802,-0.0584,273.86709039656097,333.4034143958134,456.92884417868487,265.9196034816068,475.7951981808962,228.60442149589807,490.6899895465526,2.963016838290028,310
17.19,5.609,0.3753,0.3753,-0.0589,276.15829481723995,336.1927067340313,465.563119109218,266.7718830078211,470.0028811741959,230.00508676899904,490.1122052168824,2.9273702775950707,310
17.2,5.8296,0.3693,0.3693,-0.059,277.8141282704878,338.2085039814635,472.51472707379486,267.1397630382188,463.9779762749933,231.01447594485217,489.29805484517584,2.897479394879082,310
17.21,6.0192,0.3677,0.3677,-0.059,279.4305764007167,340.17635387913333,478.36589957812777,267.91217353475184,461.31308835209137,232.03551353142424,489.2097166887617,2.875524323606047,310
17.22,6.1507,0.365,0.365,-0.059,280.41082477364955,341.36969972444297,482.3665358985588,268.2002169036405,458.394754123825,232.6539766413323,488.8912400425038,2.8594185416914466,310
17.23,6.2668,0.3628,0.3628,-0.059,281.19930128302406,342.329584170638,485.8588036831685,268.6754400935946,456.4896078635984,233.2019160866849,488.6465264969308,2.844832957703421,310
17.24,6.3442,0.347,0.347,-0.0588,280.72402016142195,341.75098106607896,488.17563417382826,266.53881979898244,444.42235144122367,232.79025538150745,485.9416266238287,2.8242476326530697,310
17.25,6.2475,0.3263,0.3263,-0.0586,278.27330819148926,338.76750562442174,485.3436394904377,262.92454126127217,430.48065868725575,231.13042182231973,482.08746965371785,2.81569875355396,310
17.26,6.0927,0.3249,0.3249,-0.0584,276.69837802957915,336.8501993403573,480.73453194831137,262.4917118644503,431.9026244375683,230.25178167944875,481.7992621689076,2.828628782891937,310
17.27,5.7483,0.3231,0.3231,-0.0584,273.7769323119364,333.2936567275747,470.1742121187613,259.85682552335555,431.7818768920618,228.26206279782653,481.3146859099806,2.86716513551196,310
17.28,5.311,0.3212,0.3212,-0.0582,269.5764625242836,328.1800413339105,456.1752818420092,257.1411097465552,433.8878225688656,225.60189285113609,480.7346716609831,2.9172085275874062,310
17.29,4.8041,0.3168,0.3168,-0.058,264.10893603066114,321.5239221242832,439.0155098133661,253.41690999486752,435.1270032468468,222.14786007823216,479.5875388491464,2.9790925219743185,310
17.3,4.2817,0.3109,0.3109,-0.0577,257.8166240042649,313.86371617910515,420.1090107559393,249.0427532587163,435.9076076933972,218.1900277047488,478.07944706449615,3.0497998803593624,310
17.31,3.5619,0.308,0.308,-0.0577,248.34744754577545,302.3360230992049,391.530659118565,243.09875820528515,442.1903014989433,212.351965635728,476.9171626013844,3.1705621079241864,310
17.32,3.5348,0.3009,0.3009,-0.0573,247.4977627726404,301.3016242449536,390.4120477391429,241.7877908019537,437.0009098770417,211.74234341610037,475.5160227193554,3.16888953577055,310
17.33,3.5987,0.2924,0.2924,-0.0552,247.81152825281316,301.6835996121204,393.14055101751313,240.9990536294511,429.4811437844026,211.8190021137039,473.8799428603969,3.1482928983858702,310
17.34,3.6625,0.2816,0.2816,-0.0544,247.90504017543608,301.7974402135744,395.82517836819113,239.79692979551132,420.1166227132069,211.7273491310514,471.69728335489776,3.1253438082017144,310
17.35,3.798,0.2655,0.2655,-0.0533,248.45155259201232,302.4627596772324,401.4034003846722,238.20189210323915,405.5907763026625,211.8343322495336,468.2951054654786,3.0835403992950168,310
17.36,4.0379,0.266,0.266,-0.0533,251.5348010968941,306.2162795962189,410.9543666280316,240.0587926280948,403.35698476900416,213.77859663216876,468.6903358451798,3.043251594578458,310
17.37,4.1772,0.2664,0.2664,-0.0535,253.27236443003903,308.3315740887432,416.34897992625287,241.10655070752043,402.21492257494987,214.88643039801192,468.96789143616354,3.0212618081996583,310
17.38,4.1811,0.2693,0.2693,-0.0542,253.594428491704,308.7236520768571,416.5164485305661,241.61608012351465,404.4545191373986,215.1429488015435,469.7000688057056,3.0240541808468038,310
17.39,4.0727,0.2753,0.2753,-0.0541,252.8230871186875,307.7846277966631,412.3717004745397,241.8424897176093,410.3001231631487,214.7573769873827,471.02448895747153,3.048298371915488,310
17.4,3.8096,0.2907,0.2907,-0.0539,250.7434959318984,305.2529515692676,401.9824331918512,242.36117379404968,425.3123191334894,213.69929140456563,474.2038512175232,3.109445660139052,310
17.41,3.7835,0.3056,0.3056,-0.0533,251.5330587860453,306.2141585221421,400.9527443662067,244.4614753081106,437.1331773730285,214.40964005403757,477.3404010429795,3.1292274165262923,310
17.42,3.7976,0.3435,0.3435,-0.052,254.35104608949004,309.6447517611183,401.5572436108803,250.10513294209417,465.4080056327423,216.650879261752,484.7343339992289,3.16223918759758,310
17.43,3.8118,0.3624,0.3624,-0.0512,255.77742044063112,311.3812074929422,402.1606390304083,252.8141908126992,478.9561578550412,217.76789419519787,488.205673049533,3.17623387327971,310
17.44,3.8483,0.3711,0.3711,-0.051,256.84071937735644,312.675658372434,403.65554077532295,254.2659971308128,484.6755151708856,218.53158637858127,489.8192275446755,3.177277298369433,310
17.45,4.0069,0.3716,0.3716,-0.0511,259.0152889639517,315.3229604778542,409.9694281621204,255.57231682378676,482.919612716702,219.86579020812025,490.1224820200053,3.1508052415423404,310
17.46,4.3049,0.3713,0.3713,-0.0511,262.7974396639206,319.9273178517294,421.4101965758059,257.7451962326125,479.0286231668512,222.1692628544928,490.4023222461034,3.1028861384126145,310
17.47,4.3746,0.371,0.371,-0.0511,263.6575124680001,320.9743630045219,424.0335207385838,258.19432059575547,477.9653043094525,222.7041998877785,490.4801234182939,3.0921468194401847,310
17.48,4.4133,0.3698,0.3698,-0.0511,264.07755706662454,321.48572164632554,425.4898635380306,258.29663918718205,476.6331184800085,222.9623484720451,490.3765390628538,3.085488941119725,310
17.49,4.4549,0.3635,0.3635,-0.0508,264.193886373406,321.62733993284206,427.0471360162396,257.71971033137265,471.66723149112073,222.98103281489148,489.387139106988,3.0741774800345216,310
17.5,4.4965,0.3592,0.3592,-0.0504,264.43064723366774,321.9155705453347,428.59640869623735,257.4057572839685,468.11261457521744,223.0947024930317,488.7349267632031,3.0645482093697005,310
17.51,4.6261,0.352,0.352,-0.0499,265.46622022185164,323.17626809616723,433.3117461549045,257.2671115158909,461.5587523895181,223.66878317296624,487.6231186683535,3.03972342273094,310
17.52,4.9821,0.3447,0.3447,-0.0501,268.86682277501785,327.3161320739348,445.8076342329912,258.4980991039353,452.7802600039522,225.71234938694383,486.6336114742562,2.984629206345492,310
17.53,4.8854,0.3421,0.3421,-0.05,267.6871770776387,325.88004165973405,442.501443546581,257.51187056540806,451.7997079242485,224.9704718910588,486.1545343648153,2.9954079308210515,310
17.54,4.4713,0.3409,0.3409,-0.0499,263.0176615441751,320.1954140537784,427.7754393003268,254.61868402951424,455.0805828043035,222.08977210306256,485.6841846803443,3.053062122529222,310
17.55,4.3881,0.342,0.342,-0.0487,262.1532305697744,319.14306330233404,424.74298979393706,254.1960236554385,456.73005192641386,221.58422949180508,485.8901632860976,3.0666566678736813,310
17.56,4.3562,0.3431,0.3431,-0.048,261.884219928124,318.81557208641186,423.5871478640875,254.1230040834407,457.8336491649375,221.4456132801864,486.1368560448013,3.0726435319933816,310
17.57,4.3615,0.3458,0.3458,-0.0476,262.1664694930178,319.15918025236954,423.8110671747271,254.5364736768881,459.685411001468,221.66361571553264,486.7069693444062,3.074390576218467,310
17.58,4.3668,0.3449,0.3449,-0.0474,262.20123276073446,319.2015007521985,424.0334316624557,254.43804331092807,458.9342830969393,221.6894978386373,486.6165254074269,3.072967960920648,310
17.59,4.6106,0.344,0.344,-0.047,265.00517141026074,322.61499128205656,432.9705729007949,255.9654371971768,455.6439521473256,223.41748019301212,486.7168878463007,3.036317689113244,310
17.6,4.897,0.3419,0.3419,-0.0461,268.0395512062891,326.30901885983025,443.1037272432548,257.504102084453,451.2480289784496,225.285844848323,486.6164949683196,2.994826131738834,310
17.61,5.1949,0.3322,0.3322,-0.0465,270.4342923873632,329.22435594983347,453.25398139495593,257.8817456806683,441.51800044679584,226.70349145867087,485.0808113963022,2.947467345394781,310
17.62,5.4426,0.3323,0.3323,-0.0476,272.9029715865301,332.22970454012363,461.42389527209673,259.31534079137094,439.4323982503228,228.2709292527224,485.336731434201,2.9172515334965703,310
17.63,5.4465,0.3319,0.3319,-0.0477,272.943398166887,332.2789195075147,461.575692764246,259.2695019648635,439.0740496241941,228.30766319769083,485.3329785603158,2.916598218236331,310
17.64,5.2452,0.3314,0.3314,-0.0476,270.9752299002011,329.88288857415785,454.9980298910016,258.0327123047418,440.38530631128026,227.0802804272371,485.1722591061425,2.940979361339378,310
17.65,4.9241,0.3303,0.3303,-0.0476,267.6367304437508,325.8186283663053,444.1554078311107,255.9306475262512,442.44123929270125,224.9973133748957,484.8054577955165,2.98166528916621,310
17.66,4.5487,0.3114,0.3114,-0.0472,262.14572996294714,319.1339321288052,430.9044447100336,250.67157674145267,432.1323994776593,221.392269536344,480.8927031883687,3.016445553323113,310
17.67,4.2004,0.3021,0.3021,-0.047,257.40662284552667,313.36458433368466,417.9879106980894,246.84536098161053,428.6848565999713,218.3513832664638,478.7872178167358,3.060468310325137,310
17.68,3.9063,0.2976,0.2976,-0.0465,253.4302666814009,308.5238029164881,406.55836916504194,243.9812647705029,428.4807368087127,215.8458335293835,477.66576210211525,3.104705251773465,310
17.69,3.8262,0.297,0.297,-0.0459,252.3759511377286,307.24028834158264,403.3732466080476,243.267186071693,428.9195227472553,215.2006059969004,477.5355590506144,3.1181874136689007,310
17.7,3.8483,0.2935,0.2935,-0.0449,252.43696704196,307.31456857282086,404.2939599513885,242.88583856286945,425.91359844656506,215.20115030313275,476.888704064608,3.1109200893349334,310
17.71,3.8704,0.2888,0.2888,-0.0429,252.40299025743036,307.2732055307848,405.2191607766844,242.30975513397115,421.9661407762948,215.1240632625901,475.97712258338936,3.102368535906069,310
17.72,3.9296,0.2876,0.2876,-0.0415,253.10549566679052,308.12842950739724,407.6140108635976,242.5613855553872,420.319125611555,215.55414342644357,475.84094389640654,3.0910751635585068,310
17.73,4.688,0.2671,0.2671,-0.0415,260.2592242884879,316.8373165251158,436.11749568096536,244.35518138215863,396.7445237155129,219.7834564304719,471.9717224246189,2.951848615001253,310
17.74,4.9202,0.2558,0.2558,-0.0425,261.6569983912502,318.53895456326114,444.27786360269903,243.7919271670811,385.8637061391698,220.5607296968489,469.5618043121713,2.907438216725197,310
17.75,4.9318,0.2522,0.2522,-0.0448,261.460312530684,318.2995109069197,444.68808388252006,243.2099498106636,382.8879201284808,220.4106594272233,468.7724077401283,2.9019648630851624,310
17.76,4.6609,0.2487,0.2487,-0.0452,258.3754423975075,314.54401683174825,435.19881026835145,240.9362467995989,382.2867147680148,218.40556776027864,467.7926061573336,2.935321666325844,310
17.77,4.2933,0.2482,0.2482,-0.0453,254.3261611829651,309.6144570923054,421.7506269693428,238.46712528095887,385.11770259950544,215.83477230704517,467.4525796879312,2.989398153514251,310
17.78,3.5658,0.2477,0.2477,-0.0451,245.25864360807748,298.57574004461605,392.8361140512472,233.0361823123437,392.2442401053279,210.13834866705815,466.7548424749143,3.113589843750397,310
17.79,3.5658,0.2429,0.2429,-0.0449,244.87735051916425,298.1115571537652,392.8595849691104,232.18465254176945,388.21484553775286,209.830118317698,465.6352055702052,3.1080306088780563,310
17.8,3.0202,0.2114,0.2114,-0.0427,234.23667053205148,285.15768586510615,368.69081807091897,221.69272503983885,367.5919480936545,202.55521941443504,456.8061350449088,3.1811843552834493,310
17.81,2.9544,0.1953,0.1953,-0.0413,231.73062403841573,282.1068466554627,365.6260465971302,217.9083511635462,353.7382501303682,200.62186218419023,452.11664005335126,3.173738299721872,310
17.82,2.9157,0.1775,0.1775,-0.0419,229.35163557529097,279.21068678731075,363.7989033509702,213.82200562106652,337.4096792435754,198.6902680630629,446.5543115344799,3.1558632505896136,310
17.83,2.8538,0.176,0.176,-0.0419,228.25821912496644,277.87957110865483,360.84083580844106,212.9104908903957,336.709690067943,197.9686569096417,446.0543984323338,3.168523002739987,310
17.84,2.7147,0.1773,0.1773,-0.0418,226.18728954571188,275.3584394469536,354.01945107865686,211.8315104414594,339.75033045466625,196.70000083271495,446.37959080095095,3.20559420020897,310
17.85,2.6454,0.1786,0.1786,-0.0417,225.19523421225043,274.1507199105657,350.5497101082933,211.4019735099224,341.9364001810366,196.11831954682077,446.7815703558204,3.2259634232063146,310
17.86,2.6161,0.1833,0.1833,-0.041,225.19767848972035,274.153695552703,349.08310734348254,212.08449787140597,346.8683360624486,196.2571903141576,448.3193933953816,3.2413300054302208,310
17.87,2.7001,0.1879,0.1879,-0.0404,227.09623732309797,276.4649845672497,353.3608916395761,213.8957191623849,350.0526656491561,197.5891393656587,449.93518821108063,3.226397595547868,310
17.88,2.7841,0.1885,0.1885,-0.0396,228.56854584081867,278.2573601540401,357.55955674525586,214.8529901387037,349.44364358930846,198.5461408229269,450.287488911383,3.2060709730849437,310
17.89,3.4536,0.1891,0.1891,-0.0393,238.5134698597617,290.3642241771012,388.3404354317202,220.87318344210428,342.1013041730559,204.8896722413056,451.2563054391682,3.0590422691825285,310
17.9,3.8057,0.1926,0.1926,-0.0394,243.42483329282572,296.3432753130053,403.065052651493,224.2718172248057,341.8189441876405,208.12296880222223,452.7225265922151,2.9988907795087574,310
17.91,4.0534,0.2099,0.2099,-0.041,248.2616806862852,302.2316112702602,412.9217019360401,229.54855318543463,354.8224660496893,211.5589636843885,458.09169646795874,2.981450952105768,310
17.92,4.0727,0.2253,0.2253,-0.0414,250.07102254226731,304.43428831232546,413.6929977366033,232.66449111644584,367.79702080865945,212.9845182783176,462.4090823036532,2.998893165014021,310
17.93,4.0573,0.2407,0.2407,-0.0414,251.3796532710079,306.0274039820966,413.11639720693233,235.399917678021,380.76971016932174,214.0729552184609,466.4535633454865,3.0208385225551235,310
17.94,3.9179,0.2428,0.2428,-0.0414,249.89911740009407,304.22501248707107,407.6474572184428,234.76987655517317,383.8710348352109,213.18457770652847,466.9256756419026,3.0469894767371515,310
17.95,3.8444,0.243,0.243,-0.0413,249.0263373152976,303.1624976012319,404.7261561551807,234.25681834714447,384.77003938757,212.65146328561596,466.9760518074958,3.060134851764963,310
17.96,3.7129,0.24,0.24,-0.0408,247.10111798209635,300.81875232603034,399.3957169339441,232.7189916515505,383.65393789133,211.40303834273232,466.168149009817,3.080117864767273,310
17.97,3.5774,0.237,0.237,-0.041,245.0680164355417,298.3436721823986,393.7719224414642,231.1129291494928,382.6143458065882,210.087407347258,465.34398370362976,3.1017731657472893,310
17.98,3.4961,0.2224,0.2224,-0.041,242.6707699023469,295.4252850985093,390.34308416435687,227.76946914029355,371.05795957430894,208.3231898985808,461.499875883746,3.0990578744108337,310
17.99,3.1711,0.2136,0.2136,-0.041,237.2746303432218,288.85607172218306,376.049995316549,223.35868565918665,367.14870960494704,204.76117877874003,458.8172690149751,3.1541630030827723,310
18.0,3.0086,0.2094,0.2094,-0.041,234.45981269067516,285.429337188648,368.57038535134507,221.07899175447125,365.43116634913065,202.9126508925503,457.52050636005526,3.1848431269568795,276
18.01,2.8693,0.2041,0.2041,-0.0404,231.80652915050769,282.1992528788789,361.9638604404482,218.72853007383117,362.4568960979466,201.134857694948,455.9023779546864,3.210472451654803,276
18.02,2.7106,0.1944,0.1944,-0.0394,228.32757099919635,277.9639994772825,354.1891575387575,215.2323390939188,355.6716849577362,198.71967390112533,452.8985335963831,3.2363387322216526,276
18.03,2.6487,0.1828,0.1828,-0.0387,226.19172586436704,275.3638401827077,351.09468474041574,212.21889732850653,345.5296821474372,197.08128170893556,449.2768298183212,3.235144743140794,276
18.04,2.6293,0.1738,0.1738,-0.0381,224.98201235968375,273.89114548135416,350.1324117371175,210.1004573671048,337.05162328542013,196.07972569516443,446.37605097498255,3.22615920968815,276
18.05,2.6216,0.1738,0.1738,-0.0377,224.8809347401638,273.7680944662864,349.76235215169464,210.0160992456086,337.1359951652408,196.02713071607255,446.42895060193206,3.2283960156245826,276
18.06,2.6215,0.1743,0.1743,-0.0377,224.95868710373247,273.86274951758736,349.77642022688104,210.1173495713344,337.6058329286442,196.1029919015028,446.6581619744322,3.2294302553715983,276
18.07,2.6215,0.1748,0.1748,-0.0376,225.03832017132987,273.9596941216189,349.7965603469248,210.21959683528016,338.07339886934824,196.1798093319487,446.88710444613935,3.230430454947881,276
18.08,2.6216,0.177,0.177,-0.0376,225.29280604220557,274.2695030079024,349.8208311709496,210.68666240842563,340.19534422272903,196.41485570820643,447.67709371985416,3.234139448864218,276
18.09,2.6835,0.1781,0.1781,-0.0374,226.4748428965405,275.7085043957885,352.9830802659993,211.54969105284985,340.3853222269575,197.2077055569446,448.1778761233944,3.2196881770915544,276
18.1,2.6951,0.1784,0.1784,-0.0364,226.7295453550961,276.01857695403004,353.59561133115534,211.72692745970065,340.4934903707477,197.38812545571943,448.3529375016474,3.217285798369057,276
18.11,2.7067,0.1788,0.1788,-0.0366,226.9900275091377,276.33568566329814,354.19516552347545,211.9226158012843,340.7015332066726,197.57729423692905,448.5604276381355,3.2151150354169205,276
18.12,2.6835,0.1788,0.1788,-0.0366,226.63257411834547,275.90052501363795,353.0486485026486,211.68280694824605,340.9953606315405,197.36281677457816,448.5945025164613,3.2213419374600494,276
18.13,2.6023,0.1788,0.1788,-0.0366,225.28786191091316,274.2634840654595,348.93724342640013,210.8414131335288,342.1052580489305,196.52163846674276,448.5551230354347,3.243135924070509,276
18.14,2.5703,0.1788,0.1788,-0.0366,224.76432832834877,273.6261388345115,347.30641537818894,210.49894463098585,342.5420833291054,196.2018783664974,448.5766311866434,3.252058287909303,276
18.15,2.5712,0.1787,0.1787,-0.0362,224.7989353142933,273.6682690782701,347.375876729598,210.48226417609428,342.4095543752257,196.23272176206828,448.607716723643,3.25182741176502,276
18.16,2.572,0.177,0.177,-0.0357,224.671256496169,273.5128339953362,347.4411314631845,210.12507291038705,340.7225380364188,196.1159100912803,448.114083965045,3.249067846181405,276
18.17,2.5829,0.1727,0.1727,-0.0355,224.4481120934337,273.2411799398324,348.025278914976,209.3105610324454,336.3403711112868,195.865186360066,446.7598660822034,3.2393116395479686,276
18.18,2.7261,0.157,0.157,-0.0353,225.14734315989145,274.0924177598679,355.3132809223417,207.22751727608536,318.78617247071,195.86760330972007,441.4962008717435,3.1748505440275108,276
18.19,2.7648,0.1562,0.1562,-0.0353,225.70227873655773,274.76799150537465,357.25588504881586,207.4110819690111,317.48420199770567,196.21238403087864,441.310513217077,3.163771441863757,276
18.2,2.7725,0.1554,0.1554,-0.0352,225.75955309131504,274.8377168068183,357.65695480865776,207.29233214404616,316.5627315191702,196.23732129057845,441.086431033625,3.1605872320174475,276
18.21,2.73,0.1545,0.1545,-0.035,225.00489645015472,273.9190043741014,355.56872834830256,206.6643306041733,316.1465999885706,195.73679516947465,440.7643678731752,3.169940002075164,276
18.22,2.6913,0.1535,0.1535,-0.0347,224.29181862716212,273.05090963306696,353.65211129234103,206.0437862899342,315.58567243949204,195.2593369238469,440.4070907460738,3.1783024403857736,276
18.23,2.6816,0.1472,0.1472,-0.0339,223.4168367132445,271.98571425960205,353.19030973625206,204.4337796475783,309.200267178953,194.50985078292103,438.0633433841464,3.1693605355584573,276
18.24,2.6719,0.1325,0.1325,-0.0338,221.43071444580903,269.5678262818545,352.720661227812,200.62690992241693,293.7375602304424,192.7474998832688,432.1610002817819,3.14317793351189,276
18.25,2.6487,0.1196,0.1196,-0.034,219.30707856125247,266.9825304223944,351.56188204543326,196.90225257725365,279.7672541138575,190.9050019257557,426.4761579768208,3.1217248225205605,276
18.26,2.5326,0.1102,0.1102,-0.034,216.07741166960304,263.0507620325602,345.59755527274484,193.04401501674363,270.2495329920186,188.42117210583567,421.8804991478465,3.1314784296696305,276
18.27,2.2462,0.106,0.106,-0.0339,210.5719466604663,256.34845680404595,330.0899952448373,188.7358470463202,268.59204274514707,184.6248259450961,419.4402356521274,3.206708947979191,276
18.28,2.0876,0.0953,0.0953,-0.0338,206.01987233644965,250.80680110524307,320.9764132501372,183.56078489845927,257.36151110065947,181.10945532794105,413.511125621195,3.2317138384394184,276
18.29,2.0025,0.089,0.089,-0.0334,203.39161147063564,247.6071791816434,315.919645725888,180.44793982920137,250.3251704688516,179.03545621130738,409.7813231750294,3.24438530318504,276
18.3,1.9872,0.0811,0.0811,-0.033,201.7480109744353,245.60627422974727,315.01411764865185,177.52264784518576,239.95947234683973,177.49034932476113,404.8923579382183,3.226089617870576,276
18.31,1.9798,0.0695,0.0695,-0.0328,199.39242141398395,242.7385999822413,314.58339756519763,173.06575519233715,223.7708534891175,175.16341013248115,396.8925335163928,3.189714045255783,276
18.32,1.9776,0.0476,0.0476,-0.0326,194.10738793983543,236.30464618762585,314.4687063150829,163.2083556397074,189.7647598043393,169.74477614552657,377.8854998386669,3.098370695767997,276
18.33,1.9804,0.0465,0.0465,-0.0322,193.8682354684284,236.0135040485215,314.66087454866755,162.6712485510835,187.8783686338484,169.4759213059007,376.79463852176855,3.092002764912344,276
18.34,1.9831,0.0461,0.0461,-0.0317,193.8261973776251,235.96232724232624,314.84796828025,162.49247878542934,187.17085777638027,169.4133531549787,376.4274248389531,3.0891450008050527,276
18.35,2.0025,0.0466,0.0466,-0.0315,194.3402294001272,236.58810535667655,316.0439256895065,162.98036446147717,187.85517513746905,169.82871546017,377.0348430065095,3.0848001295402936,276
18.36,2.0295,0.0471,0.0471,-0.0313,194.9843428554705,237.37224347622487,317.6892492119618,163.55302061889296,188.4739062335236,170.333153337399,377.647783088075,3.0777992807446437,276
18.37,2.0682,0.0529,0.0529,-0.0309,197.285654158622,240.17383984527893,320.0183599702961,166.88275883203542,197.65107446346255,172.47744658380668,383.4987865125132,3.0918989209815706,276
18.38,2.1108,0.0598,0.0598,-0.0303,199.7909894817369,243.2238132821145,322.5516357588408,170.53930888088036,208.0179605578366,174.78028877198747,389.7725326545428,3.1070363157398564,276
18.39,2.1534,0.0767,0.0767,-0.03,204.2210685457761,248.6169530122492,325.050520081359,177.86900695890373,231.95790775540107,178.9697028418348,402.70539984252537,3.154890815190828,276
18.4,2.2153,0.085,0.085,-0.0298,206.90484385711667,251.88415773909855,328.61772781984547,181.5593826436622,242.42509353206148,181.26803858476245,408.2623450566991,3.1609787934113096,276
18.41,2.343,0.0934,0.0934,-0.0296,210.6180425227502,256.4045735059568,335.7669881808406,185.79534975786217,251.80969951123097,184.19963975515344,413.5230979628731,3.1454920391546946,276
18.42,2.4204,0.1549,0.1549,-0.029,220.38092492701716,268.28982165028174,339.9960050799542,203.4563110435909,320.2830518087486,193.02890873209628,441.79976439021743,3.2590952671600686,276
18.43,2.5133,0.1802,0.1802,-0.0286,224.7067269333803,273.55601539715866,344.9567231071654,210.03915255502517,344.14518351223734,196.56070320804196,450.76230969147895,3.27503220378105,276
18.44,2.7029,0.1818,0.1818,-0.0284,228.1516753548547,277.7498656493883,354.71634780138584,212.35386967450933,342.956747348016,198.80585320907372,451.5855257431802,3.22639311522537,276
18.45,2.7648,0.1822,0.1822,-0.0284,229.24110408731244,279.0761267149891,357.8231491672233,213.05008567456844,342.48272022421884,199.52159352049264,451.8522374400342,3.2113390925868166,276
18.46,2.8112,0.1805,0.1805,-0.0285,229.84716533072285,279.81394040261915,360.1281474213444,213.13974262625865,340.23370971906064,199.87489746596444,451.4193908529798,3.197246477989653,276
18.47,2.7919,0.1788,0.1788,-0.0284,229.3889717964704,279.2561395783118,359.2000340865807,212.58567429162844,338.83867334899065,199.549986756231,450.90319827881103,3.1995651305024477,276
18.48,2.5558,0.1708,0.1708,-0.0284,224.6375959840225,273.47185598054915,347.27336694249,208.4593293742504,334.2481214135812,196.30950654401093,447.9963487793954,3.248967155674481,276
18.49,2.4644,0.1534,0.1534,-0.0279,221.18693832060228,269.27105534682016,342.48893383023113,203.5514182553253,317.9857550820808,193.578090685856,441.7237531771015,3.244884063608534,276
18.5,2.4805,0.1423,0.1423,-0.0271,220.2014297476906,268.0713057797973,343.3702044849716,201.0551178760965,306.15326720548586,192.58445084790705,437.51246415983456,3.2195986966867944,276
18.51,2.4967,0.1301,0.1301,-0.0245,218.97881098653363,266.58290033143226,344.2713908176237,198.1212942463097,292.78756370018783,191.3650305457324,432.5239285621106,3.1904663850736106,276
18.52,2.5713,0.117,0.117,-0.0218,218.4433693797082,265.9310583752969,348.217587490058,195.30886677938605,277.28898566413835,190.52125718077704,426.7487093509204,3.141020076892981,276
18.53,2.3894,0.0903,0.0903,-0.0207,211.20892655887093,257.1239105934081,338.60710181056726,185.2199828835217,247.2516144149897,184.53675038724992,412.4496900717687,3.124699257850269,276
18.54,2.2927,0.0806,0.0806,-0.0169,207.83342443938355,253.01460366533647,333.3545183140496,180.81188923703627,235.61841859130223,181.7473710744117,406.33257650957,3.1248478616894992,276
18.55,2.1921,0.0683,0.0683,-0.0156,203.6307626743892,247.8983197775173,327.71293804837217,175.00802143656273,219.62208944037613,178.13868481664227,397.6013257229536,3.1153000339797177,276
18.56,2.1147,0.0577,0.0577,-0.0144,199.8642098290235,243.3129510962025,323.2680762324355,169.6133490110628,204.61320992765985,174.78168177887272,388.9284195944299,3.099759000347655,276
18.57,2.0412,0.0503,0.0503,-0.0135,196.6827182085829,239.4398308626227,318.95059057261653,165.2733667430753,193.52183270227877,171.94961018482826,382.0024587561844,3.0924442524441744,276
18.58,2.0063,0.0454,0.0454,-0.0125,194.70095755362425,237.02725267397733,316.8820190518933,162.36046612878292,185.62732393651416,170.09563615137716,376.94962038691824,3.0809011631101657,276
18.59,1.9831,0.0396,0.0396,-0.011,192.51024626658983,234.36029980280503,315.5097024067234,158.88232466420513,175.6309671032594,167.92053849485808,370.3293776685329,3.0578831879445536,276
18.6,1.9829,0.0373,0.0373,-0.0104,191.75476293795103,233.4405809679404,315.52126803689885,157.52183134011867,171.43064950150983,167.11120529367574,367.50961382600127,3.044562090225769,276
18.61,1.983,0.0357,0.0357,-0.0099,191.21762960921225,232.7866795242584,315.5499228708076,156.544916818546,168.44536336987238,166.53029351982036,365.4707664338921,3.0348609923223595,276
18.62,1.9831,0.0347,0.0347,-0.0095,190.88125232491828,232.3771767433788,315.5774140793401,155.91938953356396,166.5511829016804,166.16407872750216,364.1730433241598,3.0286698602728723,276
18.63,1.9908,0.0342,0.0342,-0.0091,190.8533440444692,232.3432014454408,316.0667669278332,155.69072501264952,165.54603901796548,166.08145559517578,363.546364457512,3.022830628592129,276
18.64,2.0179,0.0332,0.0332,-0.0082,190.96265924331055,232.47628081794332,317.73204665825966,155.3607221806438,163.4574359028231,166.0205294784571,362.231970474532,3.0067228945668147,276
18.65,2.0412,0.0325,0.0325,-0.0078,191.1072257995932,232.65227488646133,319.1511003870771,155.16722866096535,161.9639654838823,166.0261048501324,361.3095917571905,2.994014929926471,276
18.66,2.045,0.0322,0.0322,-0.007,191.07888384008865,232.61777163141227,319.40412356489753,155.01123670867636,161.35537216785704,165.96753092104882,360.9281820330757,2.9908014837800776,276
18.67,2.0179,0.0308,0.0308,-0.0064,190.09352276956983,231.4182016325198,317.8032246276708,153.76031177624608,158.75228643060814,165.0635575592453,358.86170676993754,2.9908473444803088,276
18.68,1.8941,0.0299,0.0299,-0.0061,187.63173959960736,228.4212482082177,310.2244522222967,151.67576978470456,157.65233422908517,163.18766196735157,357.3618106957338,3.030165485040319,276
18.69,1.8813,0.0296,0.0296,-0.0055,187.30904119495,228.0283979764609,309.44500194084765,151.30917349855414,157.1138012866157,162.9162409394309,356.9240569412484,3.033052174898262,276
18.7,1.8816,0.0296,0.0296,-0.0044,187.3411160105388,228.06744557804723,309.4933880015047,151.31276540467016,157.10785503082545,162.94421017395828,356.9727840580258,3.033045464779904,276
18.71,1.882,0.0296,0.0296,-0.0036,187.37394191409408,228.10740754759283,309.5444668936671,151.3168851956618,157.10165577637036,162.9734176663206,357.0216323135635,3.033022176855222,276
18.72,1.8864,0.0297,0.0297,-0.0027,187.51851816750064,228.2834134213051,309.8479417813376,151.43996860519732,157.2755557875951,163.0980987593728,357.2326641736148,3.0321791575013144,276
18.73,1.9251,0.0323,0.0323,-0.0019,189.255379447661,230.3978532406308,312.28752629729405,153.67022847815218,162.23641926122804,164.74354567765852,361.2543583714109,3.035833967469,276
18.74,2.0528,0.035,0.035,-0.0011,192.48118628865143,234.3249224383583,320.0715447974476,156.8971493102675,166.6312306996604,167.41074604091705,365.2671968042703,3.007444897618184,276
18.75,2.1185,0.0388,0.0388,-0.0004,194.9485320951444,237.3286477680019,323.97194367088804,159.93744624893367,173.19646670804653,169.64197084488453,370.33078200302526,3.0081079922664102,276
18.76,2.1805,0.0426,0.0426,0.0009,197.25226424001792,240.13319124871748,327.5931706639342,162.77988457399124,179.46629265980928,171.69973493262816,374.9870116169026,3.0089077989949007,276
18.77,2.2346,0.0458,0.0458,0.0013,199.15397655302053,242.44831928193804,330.69602406560466,165.0850737084652,184.51696447066524,173.37141583930324,378.65422498565766,3.008364799198363,276
18.78,2.2849,0.0502,0.0502,0.0015,201.2827292015013,245.03984424530597,333.5394258386509,167.86583670388265,191.3479311687321,175.2832759834056,383.3114917217856,3.014202116141933,276
18.79,2.2966,0.0593,0.0593,0.0019,203.9217456620712,248.2525599364345,334.21257529709635,172.27017727941688,205.3429235956274,177.88089230528666,391.771078878235,3.050541910669308,276
18.8,2.2308,0.0637,0.0637,0.0027,203.92036838008107,248.2508832453161,330.5484223935528,173.48180894747077,212.40822608263787,178.21965948409493,395.40160347753806,3.0888486006716884,276
18.81,2.1998,0.0656,0.0656,0.003,203.85558702408167,248.17201898583855,328.8071147337436,173.93777731139434,215.44908464201112,178.32166368055874,396.92756091548966,3.106280424809389,276
18.82,2.1418,0.0658,0.0658,0.0036,202.92413136963344,247.03807297172767,325.4926700900873,173.371174260445,216.27591277684175,177.70800440502512,397.059552856473,3.1263895401022657,276
18.83,2.0953,0.0658,0.0658,0.0044,202.1303146147192,246.07168735704943,322.80166526618103,172.8372133879811,216.71930650874555,177.1733577141048,397.0484221708824,3.142382157664156,276
18.84,2.045,0.0646,0.0646,0.0053,200.9869609506932,244.67977854867,319.8474401600545,171.748791011395,215.4512718315765,176.31101627168195,396.0815205445151,3.1555815706768944,276
18.85,2.0461,0.0634,0.0634,0.0059,200.7640642595257,244.4084260550748,319.93673056180097,171.25591864874127,213.6551239170708,176.07644255222365,395.1718411185885,3.1507075771861164,276
18.86,2.0471,0.0622,0.0622,0.0066,200.53520656888327,244.1298166925536,320.0211598723246,170.75558160303032,211.84704656026923,175.83569352889452,394.2457148852455,3.1457888047811373,276
18.87,2.0598,0.0608,0.0608,0.0074,200.46501507754851,244.04436618136347,320.80353443516617,170.29923317084936,209.61165451893223,175.6860247189462,393.1513912554224,3.135848327007602,276
18.88,2.0876,0.0607,0.0607,0.0082,200.96312905865267,244.6507658105337,322.4753929799989,170.57693510134223,209.1901059519275,176.02738896332764,393.1589609578286,3.125877012634407,276
18.89,2.1147,0.0607,0.0607,0.0097,201.4693395590581,245.2670220718969,324.10062374277544,170.88729178397602,208.9296471382434,176.3805899475633,393.2491671034828,3.116657015954011,276
18.9,2.134,0.0608,0.0608,0.0104,201.8563638439978,245.73818207095383,325.2511821639505,171.14764788136472,208.8957622376001,176.66161544030032,393.41244663140174,3.110659820101469,276
18.91,2.1611,0.0638,0.0638,0.0108,203.05319304442955,247.19519153234904,326.84290506428584,172.73623987510115,213.0939155793588,177.7179785341479,395.9733833967092,3.1135676489370026,276
18.92,2.1766,0.0738,0.0738,0.0114,205.5103660332684,250.1865325622398,327.759274432035,176.92439936730756,227.19646294912823,180.09045599773765,403.6153649047414,3.144866432139209,276
18.93,2.1959,0.079,0.079,0.0119,206.9058487886365,251.88538113399227,328.8879724279984,179.08288744931951,234.0930828211203,181.36811976947376,407.2849061278714,3.1559245566227525,276
18.94,2.3043,0.0825,0.0825,0.0127,209.47464713039253,255.0126138978692,335.0175134763192,181.5332825364276,237.62247160751448,183.31616051992552,409.7874852261173,3.132595776242861,276
18.95,2.3662,0.0858,0.0858,0.0144,211.16393228689483,257.06913495795897,338.4589756814457,183.35085269305927,241.2835762083437,184.64435647361023,412.0180238402631,3.123858504691648,276
18.96,2.3972,0.0885,0.0885,0.0152,212.2006985735684,258.33128521999635,340.17008968440007,184.6012272686592,244.4194575591284,185.4943072367792,413.7759938081834,3.1227347441099083,276
18.97,2.401,0.09,0.09,0.0154,212.5590733525881,258.76756755967244,340.395551816964,185.14526209678112,246.2725714331777,185.8228601322875,414.7412366939941,3.126129470007947,276
18.98,2.401,0.091,0.091,0.0153,212.761710897113,259.0142567443115,340.4122842607864,185.4766106169333,247.52355614813055,186.020614834676,415.3928137740865,3.129183880794182,276
18.99,2.3701,0.0944,0.0944,0.0153,212.8585079196905,259.1320965978841,338.75175135072595,186.26990734021717,252.08826759691792,186.26739430182016,417.394002186557,3.148111421319193,276
19.0,2.3427,0.0997,0.0997,0.0154,213.29606939112395,259.6647801283248,337.2708504732531,187.66541842220576,258.8995958057343,186.82811145797297,420.38836770916106,3.170880724648507,332
19.01,2.3292,0.1058,0.1058,0.018,214.05638263220385,260.590378856596,336.5727784834179,189.3907509894779,266.38840941888714,187.622508625836,423.684618845676,3.1907233297054747,332
19.02,2.3361,0.1112,0.1112,0.0195,215.0182408385622,261.76133667303225,336.98597391189134,191.0592913855386,272.6620409108807,188.5071418491901,426.50141269816686,3.2019503938533096,332
19.03,2.343,0.1135,0.1135,0.0207,215.5043538579866,262.35312643580977,337.3953218037968,191.7957533930235,275.23863118236403,188.93554565733004,427.7042303195901,3.205433593496667,332
19.04,2.4629,0.1132,0.1132,0.022,217.5503051174498,264.84384970819974,343.90965985983206,192.9864119956984,273.45761381368254,190.2842413227671,427.77188148011584,3.1693073964392955,332
19.05,2.61,0.1137,0.1137,0.0233,220.06648790991628,267.9070287598981,351.6339392448353,194.61372062863285,272.3925039586335,191.9786702023721,428.2577051945934,3.129665386683464,332
19.06,2.8228,0.1198,0.1198,0.0243,224.305065769548,273.06703658901495,362.3317966016041,198.36032642419855,277.039295510814,195.0301881539355,431.4845674960406,3.089014000127915,332
19.07,2.8538,0.127,0.127,0.0237,225.83735943327284,274.93243757094086,363.8575812418714,200.61886436202064,284.58215442058275,196.31433506084417,434.8636418533293,3.0973287257417472,332
19.08,2.8228,0.1384,0.1384,0.0233,226.9394977572278,276.2741711827121,362.3601165021818,203.31289987684644,297.0126731933743,197.43804456984515,439.7732485304662,3.128462141810658,332
19.09,2.8199,0.1516,0.1516,0.0239,228.5783012198832,278.2692362676839,362.2424620516471,206.5294729615866,310.6055811473657,198.9360812370583,445.067908674852,3.1543643034610978,332
19.1,2.8194,0.1721,0.1721,0.0245,230.93353530953277,281.13647776812684,362.24233046276015,211.19352106464777,330.82478555262816,201.06546170779865,452.5263472399029,3.1899818825406445,332
19.11,2.9179,0.175,0.175,0.0258,232.8274422243625,283.4421035774848,367.048564181436,212.7511027344056,332.37486062019053,202.3720775770198,453.68578970147473,3.1708958368654216,332
19.12,3.0163,0.1758,0.1758,0.0288,234.4559311427292,285.4246118259312,371.766814187464,213.82404315245583,331.9451943146763,203.4474988319681,454.12640634944336,3.1492446609036557,332
19.13,3.3027,0.1767,0.1767,0.0307,238.73581224356624,290.6349018617328,384.8875686232653,216.48082957570543,329.6261923023828,206.2397494909415,454.79326622458376,3.088421783499039,332
19.14,3.6006,0.1776,0.1776,0.0286,242.8446915151344,295.6370157575549,397.7782143848222,219.019136201702,327.50837257288146,208.93895997803492,455.4448794148395,3.0313485500749007,332
19.15,3.8444,0.1785,0.1785,0.0231,246.0076411425464,299.48756313005646,407.8231441732933,220.99142098954653,326.1267720871713,211.0386643312341,456.0255296069168,2.9889086470842807,332
19.16,4.0186,0.1834,0.1834,0.0199,248.67602619361963,302.7360318878848,414.7754960883865,223.2647473492908,329.07243181448234,212.8985414508776,457.844376758609,2.967024641533188,332
19.17,4.034,0.1848,0.1848,0.0183,249.04489472375252,303.1850892289162,415.3909064368005,223.6650019780931,330.1834571849761,213.1812490031544,458.37070256358135,2.966822515958854,332
19.18,3.9644,0.1845,0.1845,0.0186,248.22272439691795,302.18418622233486,412.66437670658337,223.1169200722779,330.4805088780861,212.64980493229865,458.27534533497936,2.9782023997843026,332
19.19,3.7438,0.1843,0.1843,0.0189,245.54668442639792,298.9263984321366,403.7683344745373,221.4965203860555,332.22617095647337,210.9153990427988,458.07704713738536,3.016604061650137,332
19.2,3.6084,0.1832,0.1832,0.0201,243.7340927709212,296.71976511242576,398.1620554330906,220.2473147413667,332.4667370006948,209.72571883756197,457.6562586151066,3.0399719333773447,332
19.21,3.4729,0.1749,0.1749,0.0226,241.04998623593772,293.4521571567938,392.4298274890748,217.3981193256648,326.0920046313583,207.80197586884415,454.8371994552554,3.053033372992338,332
19.22,3.3839,0.1584,0.1584,0.0245,237.92153574996044,289.64360873908225,388.5979374683428,212.939068593432,311.2331280229576,205.36057242698607,448.9885068034861,3.0432465743934074,332
19.23,3.3104,0.1507,0.1507,0.0258,235.98884175511395,287.2907638757909,385.3870560576566,210.50843353573296,304.3543256987374,203.8967259178918,446.0754811772663,3.0446208653876634,332
19.24,3.2717,0.1452,0.1452,0.0284,234.7794670996866,285.818481686575,383.7041661026936,208.842481114832,299.2015540791857,202.9539187054713,443.9444401607853,3.04253879596062,332
19.25,3.1866,0.1374,0.1374,0.0315,232.59588307546085,283.16020548316976,379.91323041433793,206.1706615141361,292.0265160672119,201.28973740266036,440.74118014337824,3.045581290533729,332
19.26,3.1324,0.1268,0.1268,0.0349,230.37723494876568,280.4592425463234,377.4854749239565,202.91426984994536,281.39616544394386,199.4883263190345,436.1669850861541,3.035690251652236,332
19.27,3.0202,0.1146,0.1146,0.0351,226.9837656664181,276.32806255042203,372.29414568507326,198.53688459290615,269.1120249741343,196.81237593429975,430.4087519522767,3.033920776925625,332
19.28,2.8654,0.0948,0.0948,0.0357,221.46155566511777,269.6053721140564,364.92698014388367,191.07748522882443,247.5435184824824,192.3035697533595,419.8170655310069,3.0207308603030696,332
19.29,2.7145,0.0872,0.0872,0.0357,217.86705774302243,265.22946160020126,357.4989738291139,187.1525474415032,239.46767709986284,189.51971227004572,415.1693239972139,3.036969239989939,332
19.3,2.4475,0.0812,0.0812,0.0378,212.60726215888877,258.8262321934298,343.70963514734706,182.46267259465756,234.1332233676429,185.64017716271584,411.0783326778399,3.0914796607301698,332
19.31,2.3198,0.0739,0.0739,0.04,209.07356266766672,254.52433716063777,336.80655160658847,178.42955524598702,225.545449233904,182.8048281240552,405.96704612950936,3.105774307333157,332
19.32,2.223,0.0658,0.0658,0.0446,205.7277398798462,250.45116159285627,331.4516130035289,174.17334617233533,215.0571777922769,179.96988317723188,399.812414777525,3.1072342198594027,332
19.33,2.1689,0.0495,0.0495,0.0472,200.7258883980051,244.3619510932236,328.40394037360545,166.19663555417128,190.67972134273128,175.17051309876214,385.2682878107401,3.056302479967884,332
19.34,2.156,0.043,0.043,0.0487,198.5860681172418,241.75695249055525,327.6927603653254,162.65616498343238,179.95998258348246,173.01191944608317,378.3146350833692,3.027992245450521,332
19.35,2.1502,0.0415,0.0415,0.0506,198.0360256602085,241.08733558634088,327.3948282506621,161.76211028361533,177.40727164438252,172.46067437735388,376.6141531601406,3.021875152319755,332
19.36,2.1499,0.0409,0.0409,0.0525,197.86306239120012,240.8767716066785,327.41510716252884,161.42175396572543,176.35837611327014,172.27361818258504,375.9505589657281,3.0187323258333696,332
19.37,2.1613,0.0417,0.0417,0.0569,198.3503478643381,241.4699887044116,328.13919963550927,162.00248764796106,177.66474973291875,172.70707058119189,376.9624817630967,3.019276089878105,332
19.38,2.1727,0.0424,0.0424,0.0597,198.79641233585443,242.0130237132141,328.8434139977677,162.51848194345737,178.78881187082126,173.10176814414973,377.8432076930128,3.019337143679389,332
19.39,2.2037,0.0558,0.0558,0.0635,203.2111246424045,247.38745608640556,330.6767099959288,169.61515559993157,200.2808805785458,177.47984810830866,391.6685635869181,3.073463973988628,332
19.4,2.2927,0.0714,0.0714,0.0671,208.39849599748368,253.70251686650187,335.74405546690195,177.19679394630168,222.23941519871184,182.21060778568463,404.5953900494747,3.1055443657532464,332
19.41,2.8693,0.0898,0.0898,0.0721,221.01392503104827,269.0604304725805,365.6945400022904,189.44879847180252,241.2551346392364,191.83621444482856,417.5838381572609,3.0063858092191484,332
19.42,3.3685,0.1511,0.1511,0.0814,237.4693506494715,289.0931225297914,388.7950742988607,211.06953962254863,303.82541789772773,205.01277383322872,447.39818747483895,3.034414211274124,332
19.43,4.5177,0.1998,0.1998,0.0982,257.0535019924431,312.9346980777569,434.8749142648268,229.93704745875849,338.8612004667446,218.9126159001371,465.01522846797326,2.91510319437328,332
19.44,5.4542,0.2022,0.2022,0.102,266.42054290889587,324.3380522369168,467.2442694335565,235.71646487354465,334.4848055877401,225.187609946902,466.4480360418339,2.7947375772993985,332
19.45,5.9108,0.2062,0.2062,0.1045,270.8190448103857,329.69275020394787,481.8053406655595,238.82166048843465,335.0878942301857,228.21306004759305,467.9765850392913,2.74803638956704,332
19.46,5.667,0.2129,0.2129,0.1072,269.6227893402996,328.2364391968864,474.1815163919015,238.9907836252727,341.96145241179386,227.46834819754667,469.8406002366941,2.7846007090276523,332
19.47,4.9202,0.214,0.214,0.0803,262.8568137868481,319.9995993926846,449.20195508553314,235.1648652527473,347.7810162322248,223.0136355948765,469.72513950830336,2.879407315100204,332
19.48,4.1114,0.214,0.214,0.0799,254.1691787828392,309.4233480834564,419.534984125228,230.09362989144145,354.1996772081672,217.3513872085773,469.1622657201578,2.998727446575441,332
19.49,3.2949,0.2138,0.2138,0.0806,243.5630868435185,296.51158398341386,385.67345067041,223.84760585066604,362.2793403011879,210.54524408358068,468.3981643253972,3.1482771314333244,332
19.5,3.0357,0.2136,0.2136,0.0814,239.70092522234123,291.80982200980674,373.87181669391407,221.5157421518146,365.2469142747115,208.0892395366761,468.11805280869225,3.204491285894221,332
19.51,2.7764,0.1976,0.1976,0.2181,234.51139310865943,285.49213074097673,362.6993698741838,216.20207982189285,353.99817085030963,204.136692123498,463.1577269461698,3.237947311695624,332
19.52,2.7919,0.1804,0.1804,0.2386,233.1453217637461,283.82908736456045,363.6694361962193,212.87860147676616,337.7776065538221,202.79088149737777,457.7849980815848,3.207504089087116,332
19.53,2.7222,0.1396,0.1396,0.3023,227.5544776280925,277.02284232985176,360.84967831241096,202.9562327934836,298.0973743996136,197.82766302833363,442.7524117612635,3.1509121078133666,332
19.54,2.6487,0.133,0.133,0.3393,225.6646236670975,274.7221505512491,357.54681742047507,200.62976378694225,291.87957409188874,196.28687272426032,439.9413921620632,3.1549129429382607,332
19.55,2.6023,0.1275,0.1275,0.3679,224.29206872466395,273.0512140995909,355.4928632354484,198.7810603598268,286.4173494957551,195.13062167744363,437.5320331334808,3.154377759455957,332
19.56,2.5752,0.1183,0.1183,0.3721,222.59397985308547,270.98397547332144,354.1700678375552,196.0043676482007,276.5750560241777,193.6568556265329,433.3153684723859,3.141413685279802,332
19.57,2.5558,0.1184,0.1184,0.3945,222.39162491256772,270.73763032834336,353.41221711153133,195.8795512411839,276.83697796771685,193.4871521668372,433.39475828411975,3.1458755858783274,332
19.58,2.3701,0.1186,0.1186,0.3937,219.36011595407413,267.0470976832207,343.67564177776865,194.03422551430032,279.1592500330094,191.45079753003063,433.30395018963225,3.198575539425498,332
19.59,2.2424,0.1199,0.1199,0.4557,217.5360635547459,264.8265121536037,337.3745320111097,193.12791622897052,282.045838945708,190.12887243825296,433.7966944482806,3.236583540257618,332
19.6,2.2046,0.1226,0.1226,0.4813,217.333993537649,264.5805138719205,335.5609065129077,193.48679823185236,285.5023702324191,190.0418333811352,435.0557802133549,3.2530683120670822,332
19.61,2.1868,0.1282,0.1282,0.5018,217.8408426448778,265.19754756767736,334.80006343970774,194.80948480886215,291.91039504182976,190.55212904921495,437.61945099501503,3.2697528698210903,332
19.62,2.1863,0.1324,0.1324,0.5221,218.46128503854,265.95286874257044,335.00501559194515,195.9282368875091,296.4578217198572,191.08344096499752,439.51317020366974,3.2776509139855907,332
19.63,2.1882,0.1323,0.1323,0.5253,218.5205982117729,266.0250760838975,335.1623055388427,195.92664415216544,296.29940112115,191.1224321051483,439.529485654754,3.2768426191229336,332
19.64,2.1901,0.1322,0.1322,0.524,218.5640853721655,266.07801697481017,335.2716872873688,195.9151678299898,296.1529619832845,191.16138759174365,439.54573775418976,3.276305738903729,332
19.65,2.2037,0.1318,0.1318,0.5291,218.80720208965275,266.3739851526208,336.1019552850921,195.9749347347721,295.50060644529395,191.31082660680133,439.4493367866549,3.271076425381471,332
19.66,2.2424,0.1317,0.1317,0.5314,219.53258880312788,267.25706462989484,338.2883545940331,196.38787034540724,294.8441140075887,191.806068372219,439.5191598313479,3.2588826558938573,332
19.67,2.2888,0.1318,0.1318,0.5318,220.4041528950557,268.3180991765895,340.8529164037236,196.92555346779625,294.320312306915,192.41190693322653,439.6857188963149,3.2451251631030966,332
19.68,2.3778,0.1318,0.1318,0.5434,222.0258387869847,270.29232547980746,345.7819638244546,197.905529170717,293.1373936629374,193.4991335564253,439.8664162781798,3.2184555704549878,332
19.69,2.4475,0.1317,0.1317,0.5236,223.1614612623081,271.6748224062882,349.28158810330103,198.5639544375406,292.2051199714279,194.3210373836779,439.9736023150772,3.1997291401641745,332
19.7,2.5326,0.1316,0.1316,0.5712,224.7344576326646,273.5897745093308,354.17595888860103,199.48606116617572,290.97346360496465,195.2950624892744,440.09797380641663,3.173955041416792,332
19.71,2.579,0.1314,0.1314,0.51,225.29783018793543,274.27561935922574,355.96788818978257,199.772460245586,290.34836807738594,195.8092090530624,440.1265917743161,3.164483185142461,332
19.72,2.5829,0.1302,0.1302,0.4747,225.1173815976333,274.05594281451016,355.8430685731876,199.4263414835006,289.0803348645373,195.73033938188212,439.6633127978315,3.1629236005375065,332
19.73,2.641,0.1299,0.1299,0.4753,226.03220401375887,275.1696396689239,358.80168303765964,199.90721016502397,288.0987195220956,196.34839790765096,439.6602310374764,3.147296049012082,332
19.74,2.7532,0.1296,0.1296,0.4749,227.758585084511,277.2713209724482,364.37672581015295,200.8766637065306,286.5705572113727,197.5182289986233,439.7198119499617,3.1186275881427794,332
19.75,2.7841,0.1293,0.1293,0.4762,228.21599612721863,277.8281691983532,365.9146524449687,201.07771139741945,285.9164654464144,197.825726779537,439.6799965933499,3.110568533182929,332
19.76,2.7919,0.124,0.124,0.4776,227.6099638328221,277.09039075300086,366.3248881806554,199.71831092837115,280.13288464984623,197.24689341835185,437.35926327171785,3.097537551909396,332
19.77,2.7928,0.1222,0.1222,0.4842,227.4059610631368,276.84203955512305,366.4477829731435,199.23876433976443,278.14598590188854,197.04450289868967,436.58558705263687,3.09327977993286,332
19.78,2.7938,0.1208,0.1208,0.4914,227.2609816573685,276.6655428872312,366.5810113516602,198.86756750301905,276.5839527844541,196.893968043325,435.9890207809374,3.089806712827895,332
19.79,2.8035,0.1177,0.1177,0.5415,227.10643207881375,276.47739557420806,367.5296548451741,198.16419317070148,272.9860584330902,196.5952773511781,434.5847332114031,3.078431863932465,332
19.8,2.8228,0.1098,0.1098,0.5621,226.23232044856704,275.4132596765164,368.6667160399842,196.0702542378422,263.9453097958532,195.6855132959805,430.7540660066725,3.0546883235414017,332
19.81,2.7725,0.1061,0.1061,0.5803,224.97094491646928,273.87767207222345,366.42203716855664,194.54014987941144,260.1396112884755,194.6523216415285,428.8365338932412,3.057077373739414,332
19.82,2.6835,0.1031,0.1031,0.5951,223.2223929884222,271.7490001598183,362.2159494146295,192.8412118068269,257.438255562944,193.30635744832605,427.1918879943787,3.0709341551368534,332
19.83,2.579,0.0988,0.0988,0.6109,220.97989915733876,269.01900766980367,357.15449601021174,190.5498534768249,253.2992364322167,191.55229392719207,424.7618902761609,3.0859323860358074,332
19.84,2.3933,0.0872,0.0872,0.6344,216.0885243762771,263.064290545033,347.7992883385364,184.96174449892663,240.773128588558,187.57409648081307,417.7433250920824,3.103073229682938,332
19.85,2.3625,0.0793,0.0793,0.6668,214.19003401715116,260.7530848904449,346.51014191292563,181.9102248757828,230.8307598044652,185.78064284909905,412.6307891938513,3.086122253904483,332
19.86,2.3472,0.0713,0.0713,0.733,212.4884366052348,258.6815749976772,346.3826168772061,178.843012253577,220.1407159158109,184.0016416445305,406.99794253562766,3.060490177571946,332
19.87,2.3412,0.065,0.065,0.758,211.0527198937489,256.93374595760736,346.33334703619244,176.26990091493215,211.3789514281079,182.55250001516345,402.1762285608192,3.038277227278146,332
19.88,2.3789,0.0547,0.0547,0.7867,209.0986435983133,254.55487046751185,348.63572767793994,172.11570808768317,196.0038212884504,180.39674438727263,393.353153067372,2.9849018774863247,332
19.89,2.4165,0.0503,0.0503,0.8176,208.5041205692844,253.83110330173756,350.9309252856026,170.3936464889627,188.9768544053132,179.57560348356435,389.1829233169698,2.953506437323372,332
19.9,2.4939,0.0469,0.0469,0.8711,208.7322904622488,254.1088753453464,355.4657224853641,169.45931485869914,183.123642826122,179.37293124242112,385.79709945325794,2.9142806403186388,332
19.91,2.5945,0.0461,0.0461,0.9007,209.9562821976036,255.5989522405609,360.841869851156,169.97217949656778,181.2946877628266,180.16504699497835,385.0967927886029,2.8834932485979765,332
19.92,2.6758,0.0462,0.0462,0.9356,211.14692843218933,257.0484346131001,365.2002500536592,170.83219086373208,181.10034887907332,181.0251297237415,385.3421984295597,2.86216591886948,332
19.93,2.7919,0.0463,0.0463,0.968,212.8080458720498,259.0706645398867,371.118255748583,171.82586800409126,180.60111567808383,182.1938251622058,385.6206565957212,2.8346922095879856,332
19.94,2.7764,0.0466,0.0466,1.0249,212.87320351746612,259.1499868908284,370.9131839479742,171.9440916130003,181.08771730064456,182.17083964632977,385.9776482056254,2.83738776518514,332
19.95,2.7416,0.0474,0.0474,1.0365,212.6015908118478,258.81932794485823,369.37176183540186,172.35824803325218,182.8369987628765,182.1227253985888,386.8456554695617,2.846794493395934,332
19.96,2.7373,0.0536,0.0536,1.0518,214.67273662087243,261.34072284280126,369.3231864447377,175.18272024961996,191.91053955321152,183.974467705884,393.12257122764566,2.8776128397299257,332
19.97,2.7397,0.0562,0.0562,1.0585,215.49783758472412,262.3451935814033,369.5178684169494,176.44105497796323,195.71195376854945,184.74822419498656,395.6035035223335,2.887982049591886,332
19.98,2.742,0.0571,0.0571,1.063,215.81804781704216,262.7350147337905,369.6875766942687,176.88171823595965,196.9972679449025,185.040109763462,396.4740854904088,2.891147857155372,332
19.99,2.7609,0.0594,0.0594,1.081,216.7706334743985,263.89468422970253,370.7741236176983,178.10981933352107,200.17245505156887,185.8571837744568,398.5854170045863,2.89545812179632,332
20.0,2.7996,0.0652,0.0652,1.1085,218.8936786607949,266.47926097835904,372.88041459675264,180.9951415626654,208.021259515362,187.7018417854996,403.5348452704606,2.907796401217172,415
20.01,2.877,0.0692,0.0692,1.1569,221.03604390606256,269.0873577986849,376.960834194588,183.349372227298,212.91058452573816,189.400298707092,406.8040014171744,2.9029379777826194,415
20.02,3.0047,0.0732,0.0732,1.1666,223.6613701137644,272.28340709501754,382.9272616416205,185.9597527677432,217.3973926215359,191.50610172404177,409.9702424222998,2.888834520055264,415
20.03,3.1517,0.0766,0.0766,1.166,226.2817128620638,275.47338957120814,389.5146643850507,188.38172741212333,220.89175169297343,193.58271489706692,412.5950446306209,2.869890955176994,415
20.04,3.4845,0.0824,0.0824,1.1721,231.4960534688001,281.8212824837567,403.8376070759825,192.9139220977201,226.2172985076669,197.62212936437336,416.8907459411767,2.824409475586137,415
20.05,3.6316,0.0881,0.0881,1.1783,234.40671424155715,285.3646955984174,409.95342223338383,195.9508899922552,232.23027113855812,199.93679832022949,420.7133431588236,2.814954441091289,415
20.06,3.7632,0.0994,0.0994,1.1992,238.2249121698668,290.01293655462047,415.42184435368455,200.65764364791048,244.45525322929248,203.01547439906807,427.532204680625,2.82251078241523,415
20.07,3.9179,0.1571,0.1571,1.2305,249.38827893386787,303.6031221803609,421.7524951809632,217.72581560610516,302.3210570152376,212.1330312832589,453.9371634000833,2.917368058942301,415
20.08,4.5216,0.1785,0.1785,1.2587,258.656719322498,314.88644091434537,444.4153568523465,226.41469519403373,317.541645172927,218.89415975299204,462.0841842154092,2.8614751799358835,415
20.09,4.9473,0.1924,0.1924,1.3234,264.4321148869637,321.91735725369495,459.6334540572892,232.42493136597437,327.75693724957443,223.16408037104307,466.98041117870105,2.8217693650130773,415
20.1,5.4387,0.2046,0.2046,1.3636,270.6371952803967,329.47136816743955,476.03561590404325,237.0460962011704,333.8445644505184,227.4169282382769,471.1169758334236,2.781610152191237,415
20.11,6.5532,0.2029,0.2029,1.4383,278.5513166898561,339.1059507528683,510.0870060524008,243.39005444420212,329.43946873521696,233.47483727884827,471.3151833425675,2.654587672937953,415
20.12,7.9617,0.2091,0.2091,1.4924,287.0643897034682,349.4696918129178,548.2675029901451,253.2187093913849,333.85706546816215,240.74685459367336,473.9047925410933,2.528044739106009,415
20.13,9.0801,0.2355,0.2355,1.616,296.20257462995244,360.5944386799421,576.1447445439214,264.0198833124447,352.73400033770963,247.81448573693095,481.8156691679292,2.4733249253941736,415
20.14,7.6444,0.2527,0.2527,1.5155,291.791301944006,355.22419367096387,540.2772101466566,258.6454688978006,364.6914938462302,243.2002627731,485.69342352603405,2.616862732734668,415
20.15,6.4448,0.2608,0.2608,1.5164,285.51102061115176,347.57863378748914,507.5048573618519,252.63991915793093,371.4818879352726,237.9501466437449,487.1351628835836,2.743010059384336,415
20.16,6.3135,0.2598,0.2598,1.5172,284.4318755008865,346.2648919141228,503.7303675185941,251.8693328867862,371.4533591914226,237.2029825772484,486.87889278100994,2.7548304020585457,415
20.17,6.3622,0.2587,0.2587,1.8944,285.2720727214331,347.2877407043534,507.2441216858461,252.205631229356,369.93604092343537,237.41470783868243,486.699138537401,2.7420256933759246,415
20.18,6.411,0.2379,0.2379,2.1381,283.5851907833898,345.2341453015181,509.9986211359471,249.0922133383312,354.4130767534555,236.06084456142253,481.5122469344304,2.707543744048741,415
20.19,7.0253,0.2023,0.2023,2.3202,282.3472744307245,343.7271166982734,528.0493651428802,247.29932985651925,328.66014473286293,236.02777908069265,471.85007556365247,2.590361427623389,415
20.2,7.4161,0.1666,0.1666,2.4348,278.35447083893234,338.86631232565674,539.0375677529476,242.8011781088437,300.89274799478653,234.10452680946872,460.3315069376024,2.491332463253344,415
20.21,7.7876,0.1479,0.1479,2.6438,276.4572270548824,336.5566242407264,549.6429818967182,240.9686062309984,285.35747163134124,233.4719659257623,453.4822390256911,2.4186657564396783,415
20.22,7.7296,0.1451,0.1451,3.0024,275.9334100245298,335.9189339429059,549.9264858343805,240.3662664933036,282.9517484542667,232.88310839454192,452.3884540497828,2.412202199505153,415
20.23,7.2226,0.1452,0.1452,3.2214,274.0005950681573,333.5659418221045,537.9634506966702,237.81614842977424,283.04573103884616,230.6639796934732,452.2584669524474,2.454094229310598,415
20.24,7.0562,0.1453,0.1453,3.0572,273.1608258891383,332.54361412590754,532.765600708383,236.70176869247388,283.1225439626114,229.9358015724719,452.27748485159015,2.472892432556622,415
20.25,6.6964,0.1478,0.1478,2.889,271.8298671192581,330.9233164930099,522.1811536148933,234.94222874465436,285.25611886087177,228.564152984974,453.1627358564129,2.516258844694097,415
20.26,5.4774,0.148,0.148,2.6034,264.7272974936273,322.27670999224193,485.0423932299276,226.5862788668692,285.4987400116865,222.10075346223715,452.6254899939951,2.6574869139104385,415
20.27,5.1601,0.1482,0.1482,2.0477,261.97997749222503,318.932146512274,471.6466689139346,223.4822839877979,285.67934010745284,220.2552834790194,452.5615887699228,2.711993623574519,415
20.28,4.9628,0.1497,0.1497,1.7736,260.21664359910136,316.7854791641234,463.4572712346208,222.42814365317503,287.99863196831404,219.23544896163992,453.0802788172349,2.745949134734749,415
20.29,4.8072,0.1512,0.1512,1.7539,259.06906116237616,315.3884222846318,458.1064638497171,221.971742416428,290.2232023009806,218.44268510360973,453.6175497424828,2.7688585986412213,415
20.3,4.7346,0.1646,0.1646,1.7549,260.40112639097566,317.01006691075304,455.6528157814397,224.84461335994408,302.8385175731888,219.53622485904765,458.6582687059743,2.801446744850996,415
20.31,4.719,0.1702,0.1702,1.756,261.0648882125254,317.81812478046567,455.1459123300065,226.0664347355541,307.917363545494,220.0722185404426,460.7035917349701,2.812792411826392,415
20.32,5.2298,0.1787,0.1787,1.821,266.9320200698038,324.96072008497856,472.6251705245276,230.7386095312492,312.32395182823706,224.28942734404768,464.0421537907004,2.761595522683229,415
20.33,5.7406,0.2016,0.2016,1.8256,274.2064783613114,333.8165823529008,488.7690075538381,238.1931379285193,328.7263747395725,229.63737689310616,471.757229989761,2.737916193613731,415
20.34,6.3055,0.2286,0.2286,1.9648,282.054029569664,343.3701229543736,506.4134104339727,246.4583312312468,347.3040832238662,235.2352091047481,479.92169116193617,2.712625135979512,415
20.35,7.0292,0.2772,0.2772,1.876,292.47578333020016,356.0574753585046,526.278340760581,258.5801810560533,380.2000660741952,242.8314971089668,492.5573171392146,2.70219415327616,415
20.36,7.7992,0.2967,0.2967,1.5967,298.8600077076616,363.82957460063153,545.2633654248558,265.85678748707466,392.7189122455768,247.92230939203515,497.3738907570188,2.6579331329700544,415
20.37,8.3874,0.2986,0.2986,1.0901,301.71517821866684,367.3054343531597,557.7070137293597,269.0538524378547,393.9008236322159,250.69872308143323,498.1165857183513,2.6179161625330045,415
20.38,10.299,0.2996,0.2996,0.9136,310.3100229146908,377.7687235483193,601.4716164794033,279.2614903283339,394.5877446309274,258.3283342103844,499.152822799218,2.478148325623438,415
20.39,10.4654,0.3006,0.3006,0.646,310.92879799373765,378.52201494889806,604.027586256455,279.96303139283066,395.187128868871,259.03218959464704,499.4903171009755,2.47162630574404,415
20.4,10.2139,0.3003,0.3003,0.33,309.6899611620366,377.0138657624793,597.2047176429761,278.36187099651,394.93742270641087,258.1402300466494,499.3975401048927,2.492701774068565,415
20.41,9.4013,0.309,0.309,0.1726,307.1441865864855,373.9146619313736,578.0338688426186,275.1727472764536,400.3163005460805,255.71711222179397,501.0098086598548,2.563306360160788,415
20.42,8.6622,0.3769,0.3769,0.1027,310.55216161662577,378.063501098501,559.9975702029789,279.4716282123783,440.8363158824858,256.95587353416863,513.8681536610138,2.689424840173869,415
20.43,8.0701,0.4075,0.4075,0.0879,309.38016279736627,376.63671992722857,545.0428432262698,280.6081836915211,461.39232277970586,256.0375039821175,518.9017625322078,2.7617368221169434,415
20.44,7.7983,0.4213,0.4213,0.2627,308.75370037755715,375.8740700248522,538.8692465886679,281.4331402595635,471.2625571201005,255.5174667174816,521.0856460842667,2.7913945862286096,415
20.45,7.671,0.4352,0.4352,0.4375,308.8477493005987,375.9885643659463,536.4182178731621,283.5290713023827,482.087991904564,255.6350661712879,523.2902263599301,2.806764834211457,415
20.46,7.6287,0.4343,0.4343,0.4353,308.53408444952186,375.6067115037658,535.3133256579885,283.1338116940072,481.5408090861757,255.42242339269384,523.1927189037477,2.810168757153577,415
20.47,7.654,0.4333,0.4333,0.2972,308.4858910949277,375.5480413329555,535.3143198410735,283.0074270684168,480.9262111189346,255.53005144617708,523.113434652378,2.809648975247348,415
20.48,7.6793,0.4311,0.4311,0.1585,308.34192558377663,375.3727789715542,535.3122745529296,282.7528763804604,479.6432345800542,255.57821990012212,522.8447558698537,2.8081909025864507,415
20.49,7.7334,0.4186,0.4186,0.0934,308.02034729352994,374.98129235734086,536.4432519907018,280.6343967961332,469.99370149497247,255.2473085088341,520.9400069732619,2.79824327429284,415
20.5,7.6096,0.3647,0.3647,0.0698,302.92458695769034,368.7777580354492,533.0599847823956,272.7457101065178,436.8062721339633,251.792139482559,511.690329211598,2.7672720565333293,415
20.51,7.4858,0.3494,0.3494,0.0682,300.7739932327998,366.1596439355824,529.7535551267546,270.00163481065977,427.5406022915604,250.3400767216273,508.8483931027709,2.7651442928218923,415
20.52,7.598,0.3351,0.3351,0.08,300.38655449122854,365.6879793806261,532.8532216300745,268.33997255195726,417.4178040912674,250.04219531552587,506.20971641863497,2.7430026501624973,415
20.53,7.1259,0.3182,0.3182,0.0919,295.4689695610514,359.7013542482365,520.0686210198865,263.75055844170714,408.6956733837612,246.7146766173036,502.63901581414905,2.768975302032967,415
20.54,6.6422,0.3037,0.3037,0.1172,290.4707911930981,353.6166153655107,506.4880601309005,259.31964386110417,401.537300996061,243.3193140212527,499.40236870000064,2.800391687115852,415
20.55,6.2939,0.2874,0.2874,0.23,286.0964674989966,348.29135173790894,496.87484014026586,255.7166327800738,393.316759940686,240.36895136781305,495.697163232157,2.814645403944505,415
20.56,5.9263,0.265,0.265,0.4351,281.27901047827686,342.4266214518154,486.8937797319783,250.0587881183093,378.4838086555566,236.7273836814821,490.3375636228771,2.8269872831313085,415
20.57,5.6399,0.2345,0.2345,0.6147,275.8588435417755,335.828157355205,479.00457314847927,243.48742613200488,357.3311143907377,232.70295300799276,482.487437041425,2.819011877010505,415
20.58,5.5742,0.2008,0.2008,0.6418,271.65558055187336,330.71114154141105,477.0965898856364,236.00345266820875,329.70043070865074,229.3693112859389,472.87076747294304,2.7844887579402022,415
20.59,5.4387,0.1653,0.1653,0.6662,265.8024241670661,323.5855598555587,472.902176051646,227.45604867424743,300.1727856096375,224.92733060007595,461.03399069107513,2.746098691673771,415
20.6,5.4503,0.1555,0.1555,0.7216,264.5532214111783,322.0647912831736,473.6422718163061,225.18542182693844,291.2874803824357,223.88813137911575,457.448938663947,2.727079695729332,415
20.61,5.4261,0.1442,0.1442,0.8309,262.6581176195936,319.75770840646186,473.5538353793848,222.51461856413968,281.32337366580026,222.3780223107498,453.025012320932,2.706208694771641,415
20.62,5.4318,0.144,0.144,0.9109,262.7973712450757,319.9272345592226,474.25290208495113,222.62064453639783,281.1276171130899,222.41601771562685,453.0023912384073,2.7032258293935647,415
20.63,5.4375,0.1439,0.1439,0.9993,262.96532511852763,320.13170014429454,475.00193341471294,222.75994830564983,281.0173264857815,222.46676991462732,453.0205655336095,2.7002531922934705,415
20.64,5.4542,0.1467,0.1467,1.1298,263.797783548054,321.14512779763095,476.3597294498108,223.66834920991272,283.37241526454073,222.9513413740069,454.2229069388004,2.7008412926165883,415
20.65,5.5161,0.1494,0.1494,1.0799,264.67822985850205,322.2169754799156,478.060509808088,224.62899539090785,285.6234986659329,223.6823542367536,455.3949234925369,2.6997642687689822,415
20.66,5.609,0.1519,0.1519,1.1233,265.8405949570416,323.63202864335506,481.2946139693289,225.9020959050748,287.6902486005931,224.5602327596352,456.49075713305547,2.6920779654332705,415
20.67,5.9534,0.1575,0.1575,1.2735,269.2787659072389,327.8176280609866,492.8691263395981,229.76091884916227,292.2996571982464,227.20764011323772,458.9027180711679,2.65766587009423,415
20.68,6.677,0.1619,0.1619,1.4878,274.5568380193564,334.2431071539991,515.2903443816497,235.8057457532134,295.8708123395954,231.5517556466421,460.9969299111704,2.5812698453608083,415
20.69,6.8512,0.1649,0.1649,1.6081,276.1948111929485,336.2371614522852,520.8406105445814,237.66590710496567,298.2698409550641,232.7978423472219,462.243186089735,2.566761558409417,415
20.7,6.886,0.1723,0.1723,1.5974,277.7291763673051,338.105084273241,521.7752247207118,239.3602059920624,304.1405467346285,233.84953341199295,464.96289300702745,2.577127462265282,415
20.71,6.7699,0.1784,0.1784,1.581,278.17252685904754,338.6448153066666,518.4778445827059,239.791275090028,308.89184175018454,233.9836479344937,467.068909744943,2.600232300615469,415
20.72,6.4023,0.1824,0.1824,1.5818,276.7742323112933,336.9425436833136,508.0387852083884,238.12809126309483,311.9530701672763,232.56889101612768,468.2809356232353,2.646200256978781,415
20.73,6.2359,0.1827,0.1827,1.5826,275.8570390733842,335.8259606110765,503.2119667518871,237.03970432579928,312.1505744561276,231.7513138261831,468.3468931815301,2.6652485140245195,415
20.74,6.0695,0.1826,0.1826,1.6291,274.898111503891,334.658570526476,498.5671580711758,235.9114999352862,312.0394047073718,230.87092348357723,468.2769723666482,2.683123567779816,415
20.75,6.1353,0.1826,0.1826,1.6251,275.3391268055417,335.19545871979,500.52679735889353,236.35679047173664,312.01088731198377,231.26066757206303,468.37145651010206,2.675884904074536,415
20.76,5.9534,0.1825,0.1825,1.6305,274.2132864828855,333.8248705009041,495.13645895488537,235.04763068045503,311.8979942638894,230.28095045449984,468.2908899354437,2.696764184685691,415
20.77,5.8794,0.182,0.182,1.6359,273.69569328409705,333.19475704150943,492.9482354818766,234.4181175175636,311.4799092751212,229.8449929985053,468.1376101566965,2.704701149687667,415
20.78,5.8871,0.1815,0.1815,1.6662,273.73833667972747,333.2466707405378,493.3808328435624,234.4110604093389,311.064403531569,229.86658707638964,468.0317442766315,2.7024432612220264,415
20.79,5.8947,0.1859,0.1859,1.6964,274.5480146116449,334.2323656141764,493.8093002555617,235.3087004701585,314.4091229988179,230.3976506260715,469.5530636727784,2.708511255995409,415
20.8,5.9302,0.1902,0.1902,1.69,275.4664455935704,335.35045550521613,494.8713286250783,236.3260604781262,317.6441956502026,231.06591561605404,471.0292305901726,2.711803188097341,415
20.81,6.1469,0.1991,0.1991,1.7376,278.2918393084295,338.79006524504456,501.64702835343707,239.50789272478443,324.28229428456814,233.1776178338071,474.0213589402845,2.7003272767126227,415
20.82,6.7854,0.2167,0.2167,1.7255,284.7570355362416,346.6607389136854,519.9514949265964,246.8500716479192,337.09706173528724,238.2202190691905,479.6789888770202,2.6588915330326017,415
20.83,6.7854,0.2343,0.2343,1.5952,287.07804331762185,349.4863136040614,519.2841518583465,249.5436269356194,349.44223870701217,239.8012294904118,484.6321223017262,2.6865428094351698,415
20.84,7.4703,0.2387,0.2387,1.4201,291.4160115465527,354.7673184044989,537.0513636820882,254.42946472541396,352.4941985778443,243.5531868703486,486.21056688955775,2.6288449714576987,415
20.85,7.6367,0.2431,0.2431,1.436,292.95633946840564,356.6425002224069,541.537606067794,256.1587617346959,355.48470341335405,244.73037981713645,487.5050686455991,2.619233567420555,415
20.86,7.8573,0.2427,0.2427,1.4197,294.07066750793126,357.99907348791635,547.2045569732328,257.3992193381953,355.19427350596123,245.73518891685143,487.5625816202395,2.5992685766320145,415
20.87,7.6754,0.247,0.247,1.4204,293.7422183840877,357.5992223806286,542.5224423893368,256.9640436838462,358.0640882910955,245.297689500108,488.65155651476175,2.6214731517652026,415
20.88,7.6747,0.2569,0.2569,1.421,295.0750694378456,359.2218236634642,542.5328859849028,258.4677837078676,364.6756609820778,246.12864673176543,491.2135729030539,2.63443122074027,415
20.89,7.6789,0.2578,0.2578,1.4274,295.2563784151993,359.44254763589487,542.6998643220402,258.62450746981847,365.2358962762313,246.25227353083685,491.4984721079533,2.635256643143543,415
20.9,7.6831,0.2578,0.2578,1.4929,295.3819655825177,359.5954363613259,543.1593621824724,258.71427462379364,365.1983463071588,246.30443182188972,491.559976151568,2.6339271408930647,415
20.91,8.2365,0.2567,0.2567,1.8269,298.4256496604693,363.3007908910061,558.8822955507723,262.2037673188299,364.4985354177363,248.72849406994428,491.5992194360978,2.5788687621468096,415
20.92,8.5461,0.2556,0.2556,1.9731,299.9156125033672,365.1146586997514,567.2006581687356,263.93316084155833,363.76427180831774,249.9977547949584,491.5184833180736,2.5498875024526177,415
20.93,8.3913,0.2531,0.2531,1.9597,298.8761806937985,363.84926345332,563.3847054650092,262.6499534968291,362.03607843154185,249.17033049776825,490.88378372858256,2.559686581805409,415
20.94,8.2017,0.2519,0.2519,1.7289,297.6295120361005,362.33157987003545,557.6302023852021,261.1178686960152,361.16727756247496,248.28668834460447,490.55691867912543,2.577785481003885,415
20.95,8.1707,0.2523,0.2523,1.5506,297.4018756758361,362.0544573444961,556.0325610580195,260.7919979776873,361.39080244759504,248.21695782597587,490.7036353568915,2.583986843157512,415
20.96,8.1183,0.2527,0.2527,1.5422,297.224766850919,361.83884660111886,554.7012657040177,260.5269344023588,361.61496849804894,248.0526135740781,490.8405928427577,2.58929826475366,415
20.97,8.3629,0.2806,0.2806,1.5852,302.11312333590627,367.7898892784946,561.0372891166933,266.1493509621832,379.9033275589271,251.32335993190813,497.7382265631593,2.602272571098395,415
20.98,8.6075,0.3018,0.3018,1.6281,305.9543399617274,372.4661529968856,567.2606635459321,270.5736189173812,393.30584832695314,253.93276206523933,502.64125778257386,2.605747626128704,415
20.99,9.1226,0.3539,0.3539,1.7146,314.33983944692216,382.6745871527748,579.9746169061957,280.3451490535753,424.7689699026383,259.5084183444019,513.438290064001,2.6175136097135647,415
21.0,9.8424,0.3693,0.3693,1.7353,319.3456584566243,388.7686276863252,596.5873410691656,286.1626116734669,433.8314211438983,263.3260442250263,516.6417448953246,2.579298027280141,415
