Depth,qc,fs,fs_corrected,u,andrus_2007_holocene Vs,andrus_2007_pleistocene Vs,andrus_2007_tertiary_age_cooper_marl Vs,robertson_2009 Vs,hegazy_2006 Vs,mcgann_2015 Vs,mcgann_2018 Vs,Ic,Measure Vs
0.01,0.7636,0.0079,0.0079,-0.001,45.75015297845368,55.69583840855231,104.02906036000594,26.564107077007865,24.69449239177133,15.792597398687189,44.40015488271734,2.660834765238022,339.0
0.02,0.8777,0.0085,0.0085,-0.001,51.46864456855577,62.65748034432876,117.50753707710324,32.49980134527926,29.988067786677743,19.65566631863236,53.47189381437151,2.5940174500121165,339.0
0.03,1.0821,0.0088,0.0088,-0.001,56.394845899541934,68.65459500813802,132.5066995113408,37.15394093065033,33.31493085789197,22.73966690573609,59.60844038741538,2.478393931168021,339.0
0.04,1.2276,0.009,0.009,-0.001,59.862950741116606,72.87663568483761,143.0671707878427,40.73234929896328,35.91718176246765,25.13140792608553,64.35636117891782,2.4091756830268785,339.0
0.05,1.3889,0.009,0.009,-0.001,62.85773082637804,76.52245491906892,153.32670582510255,43.80024362857854,37.81397311909489,27.219380291364377,68.15637095208693,2.337296347030052,339.0
0.06,1.8922,0.0095,0.0095,-0.001,67.83966745141281,82.5874212451982,175.69694032727153,48.12065696856641,39.90364050682685,30.07309895636333,72.04198100786559,2.1681857196003484,339.0
0.07,2.1596,0.0101,0.0101,-0.001,70.85934094626201,86.26354549979725,187.63908277148383,51.31957930433116,42.1791740060738,32.156110328158,75.57979344527651,2.1031319102931363,339.0
0.08,2.4388,0.0107,0.0107,-0.001,73.63161964423588,89.63849347993934,199.1759781035792,54.34959592610004,44.31840407434722,34.124717421422545,78.83635146679354,2.0435509649552763,339.0
0.09,2.6747,0.0106,0.0106,-0.001,75.59093616893418,92.02374837957204,208.74690004273947,56.65961575738351,45.41971231855086,35.70468768996718,81.17731981323995,1.9886926121362345,339.0
0.1,2.946,0.011,0.011,-0.001,77.77894678350881,94.68741347557597,218.86635074794623,59.23345490972014,47.10281154804015,37.395808815197874,83.83263689147685,1.9398162086579684,339.0
0.11,3.06,0.0114,0.0114,-0.001,79.31340619602535,96.55545102124826,224.1692142414244,61.263866218703214,48.77536557010004,38.725049142667565,86.30263860619475,1.9243935932667489,339.0
0.12,3.2213,0.0114,0.0114,-0.001,80.67396868584463,98.21178796537606,230.58969934515423,63.08895711357732,49.81354043597109,39.967759272237295,88.25710385098527,1.894926146586987,339.0
0.13,3.5791,0.0115,0.0115,-0.001,82.53569310574693,100.47823508525714,241.9669652067228,65.4045831939791,50.87109049882033,41.52172880950041,90.23521743154168,1.8361889021197813,339.0
0.14,3.6263,0.0116,0.0116,-0.001,83.48163401818796,101.62981532648968,244.97176010959612,66.84423938181632,51.97278719689421,42.49660215745417,92.0554952133944,1.8302210508751209,339.0
0.15,3.6538,0.0131,0.0131,-0.001,85.17538860313009,103.6917774298975,247.36360890815425,69.05182137597154,54.97257200413871,43.80664140127524,95.17446050340214,1.847452789798098,339.0
0.16,3.7049,0.0131,0.0131,-0.0012,85.99172172881583,104.6855742785584,250.2724831768348,70.34205418213705,55.87253533310712,44.68898700518544,96.751192253775,1.8394760207886856,339.0
0.17,3.6774,0.0132,0.0132,-0.0014,86.63027346522084,105.46294160983408,251.0624579041636,71.43872583720925,56.90445056776382,45.42847362499741,98.33835655582509,1.845189264315643,339.0
0.18,3.8229,0.0135,0.0135,-0.0014,87.79396519995095,106.87960980863592,256.2579107728437,73.06841565415093,58.106028151675375,46.50138255072175,100.09140760124345,1.8269241421273823,339.0
0.19,3.8583,0.0135,0.0135,-0.0016,88.47239159309343,107.70552020028768,258.5410260770953,74.18361874383187,58.903853536993125,47.2683072509877,101.47688718052116,1.8216361547563251,339.0
0.2,3.874,0.0135,0.0135,-0.0018,89.0762471439971,108.44064869703996,260.2596718994722,75.20837438958296,59.67815553037054,47.97520612443636,102.80544454644745,1.819324012231909,339.0
0.21,3.8544,0.0137,0.0137,-0.0024,89.68996987364405,109.18778941139276,261.0104480032412,76.2333459648715,60.73075987870508,48.65420388598936,104.2775913051142,1.8249827947030344,339.0
0.22,3.8426,0.0139,0.0139,-0.0027,90.30059969141271,109.93116484171983,261.9067553171182,77.24721905408812,61.760148575810405,49.32505547770244,105.70872728101084,1.82945891673197,339.0
0.23,3.8308,0.0143,0.0143,-0.0027,91.00982703877902,110.79457204720924,262.75295051358904,78.36332497163916,63.06795654830325,50.0339439229225,107.29683831763168,1.836546494488678,339.0
0.24,3.8285,0.0145,0.0145,-0.0027,91.60525322519788,111.51943870893656,263.8018328337322,79.34879868848066,64.06054326965956,50.68345568881418,108.65393314029316,1.839531289122302,339.0
0.25,3.8367,0.0159,0.0159,-0.0026,92.90193112784736,113.098003112162,265.0872393130835,81.11714429960519,66.81642045596817,51.67149606190797,111.10701801802904,1.8560368119624733,339.0
0.26,3.845,0.0172,0.0172,-0.002,94.0964217489456,114.55216560741204,266.3415099258535,82.78532368474932,69.40616934521267,52.59619760942787,113.36916384074397,1.8704322423870263,339.0
0.27,3.8622,0.0196,0.0196,-0.0022,95.83379838873807,116.66723282107245,267.7936914172293,85.09863962783297,73.54946361108402,53.76484631661592,116.42082009726334,1.894907602633322,339.0
0.28,3.9998,0.0221,0.0221,-0.0021,97.85165514351412,119.12375408775632,272.3787343470448,87.72178526247076,77.61887910867118,55.132263884928015,119.3759432428316,1.9001010891303245,339.0
0.29,4.3419,0.022,0.022,-0.002,99.08916752210514,120.63029089647584,282.0325017153631,89.38456774716516,77.81095652244649,56.313360229988255,120.44262938359948,1.8503333858617852,339.0
0.3,4.5504,0.0223,0.0223,-0.0016,100.12320426239287,121.88911823247832,288.09891782071634,90.8820115690509,78.70105852218137,57.296220393685005,121.73644969640802,1.8254300938821928,339.0
0.31,4.8492,0.0232,0.0232,-0.001,101.58613314192452,123.67007512929942,296.1469705265673,92.90338600928548,80.30664820588825,58.54480590818269,123.44163367002002,1.796256092785509,339.0
0.32,5.3132,0.0238,0.0238,-0.0008,103.11772620685916,125.53462320835028,307.6339478870634,95.09021620410842,81.3444155090071,59.97312679003015,124.93535062106076,1.7475468611581693,339.0
0.33,5.4036,0.0238,0.0238,-0.0022,103.65999647821036,126.19477832129957,310.56156224746337,96.0658716773918,81.92601698798323,60.63550033705168,125.9275176044376,1.7375834416321985,339.0
0.34,5.4312,0.0237,0.0237,-0.0022,104.03993287904196,126.65730959187717,312.08760352065843,96.82927022274372,82.41403706806877,61.16430837459085,126.81757234841211,1.7336710063468612,339.0
0.35,5.3761,0.0236,0.0236,-0.0028,104.2767078273518,126.945557355037,311.76497999951147,97.38836911135677,82.95861417384103,61.54711953086322,127.6712143817362,1.7388411029728232,339.0
0.36,5.2228,0.0232,0.0232,-0.0028,104.184745064146,126.83360268678646,309.19937527684334,97.52738111322196,83.16541249252595,61.6855597398969,128.27151118834846,1.7523404440765609,339.0
0.37,5.148,0.0229,0.0229,-0.0028,104.25779866141905,126.92253750085796,308.335263673731,97.87688967128256,83.41523591286074,61.96125374529583,128.93164670808102,1.7581182798959327,339.0
0.38,5.1874,0.0228,0.0228,-0.0026,104.62274286707596,127.36681740339684,310.05311362685364,98.59551007470613,83.82041655227214,62.46820364204757,129.7379894914586,1.752675877390028,339.0
0.39,5.0203,0.0218,0.0218,-0.0024,104.14331725742622,126.78316883512755,306.9881556212905,98.2591574268346,83.11479051608157,62.39226404015824,129.80273541277433,1.7625387030487014,339.0
0.4,4.8531,0.0186,0.0186,-0.0012,102.4069512490854,124.66933195540834,303.80746207904696,96.45836110780624,79.05475026274257,61.70876368593071,127.93640954218928,1.7498456423729498,339.0
0.41,4.7312,0.0161,0.0161,-0.0012,100.9978739783375,122.95393353884565,301.6057226835484,95.04084909177112,75.75059625425061,61.16939021429127,126.32119420476974,1.7367172296895073,339.0
0.42,4.6015,0.0161,0.0161,-0.0008,101.04424253746144,123.01038221951826,299.134734162272,95.26994610377072,76.29049999192033,61.33455106794166,127.06754683552973,1.7528722110700006,339.0
0.43,4.1139,0.0161,0.0161,-0.0012,100.24001201312956,122.03131897250556,287.2711254411791,94.43068693792588,77.0782455919767,60.74928049660941,127.7203547551594,1.8181472070039697,339.0
0.44,3.9802,0.0162,0.0162,-0.0014,100.24417587439446,122.03638802100194,284.31329338925457,94.64220865646276,77.80167021945846,60.8798702553048,128.53740584176614,1.8386889281198189,339.0
0.45,3.7718,0.0165,0.0165,-0.0014,100.12540101841176,121.89179254415345,279.15194729679354,94.73406733827842,78.94048742985223,60.88146238070146,129.52747341849147,1.87384363939233,339.0
0.46,3.6931,0.0166,0.0166,-0.0014,100.22529444503606,122.01340193308738,277.51546304316525,95.07385663804388,79.62910914608638,61.09951814448658,130.33175164474557,1.887456530709849,339.0
0.47,3.5083,0.0168,0.0168,-0.0014,100.02726017680747,121.77231673698304,272.7060340105829,95.10647086748752,80.6078703401808,61.07389612206448,131.19716054184508,1.9200915515236932,339.0
0.48,3.4218,0.0178,0.0178,-0.0012,100.56303278894336,122.42456165610496,270.6823036947681,96.03319742822129,82.89111754768795,61.50641479376026,132.868451306907,1.9467789981635053,339.0
0.49,3.351,0.0185,0.0185,-0.0016,100.95258422587644,122.8987981880235,269.0751260675913,96.77807779542972,84.64209143631176,61.87179336749277,134.21404920401113,1.9673323433432248,339.0
0.5,3.2802,0.0194,0.0194,-0.0016,101.4207125077566,123.4686934877037,267.423224692986,97.64413897214308,86.74874061300126,62.274274187445606,135.71600085368556,1.990237965700551,339.0
0.51,3.2173,0.0204,0.0204,-0.0016,101.9377477067065,124.09812764294703,265.97331952219366,98.58572886167542,89.02193381173326,62.704747064763374,137.27212897124684,2.0127946223121684,339.0
0.52,3.123,0.0229,0.0229,-0.0016,102.99456495999574,125.38468777738612,263.4736460039114,100.35720846366364,93.90711208409382,63.379887401624025,140.00612857518468,2.056650744515905,339.0
0.53,3.0876,0.0255,0.0255,-0.0014,104.22968014077016,126.88830625832892,262.82510845517226,102.32408068545888,98.770997346877,64.18222643463892,142.6510489595342,2.0885964069599328,339.0
0.54,3.0522,0.029,0.029,-0.0014,105.71970370496,128.70224798864697,262.1544752797833,104.71494161396524,104.98981907239984,65.1008400012426,145.7314387293852,2.1265685461757555,339.0
0.55,3.005,0.0332,0.0332,-0.0012,107.25856354958523,130.5756425821038,261.0733837402166,107.29139872727896,112.17876156669344,66.0241344104516,148.98944962785237,2.169735613543938,339.0
0.56,2.9893,0.0432,0.0432,-0.0016,110.50947463056715,134.53327346329917,261.01397250106146,112.52381038739249,127.4657823837348,67.77058801100901,154.87575183423274,2.241568805486864,339.0
0.57,2.9853,0.0494,0.0494,-0.0016,112.36833698633588,136.7962363311915,261.33801471120177,115.67408142509149,136.6815744026396,68.85391497430774,158.3053193909434,2.2787794337489498,339.0
0.58,2.9814,0.0563,0.0563,-0.0016,114.22474425998053,139.05621040345457,261.6576584808064,118.90342349756028,146.54340338199935,69.92935420725706,161.72748722987063,2.3159231559545206,339.0
0.59,2.9775,0.0618,0.0618,-0.0016,115.63373590986474,140.7715045859223,261.96981109206695,121.4500219204167,154.34744950544612,70.79480348798113,164.40700550712037,2.343144639774503,339.0
0.6,2.9578,0.0682,0.0682,-0.0014,117.03031709703242,142.47169037899602,261.7427757546445,124.12281560559668,163.2058392066562,71.64196374318014,167.22806309569629,2.375580841110972,339.0
0.61,2.946,0.0704,0.0704,-0.0014,117.6119436166324,143.1797574463351,261.77136944380925,125.35682484878288,166.72987222646742,72.12030633966685,168.6184029638705,2.387297580465156,339.0
0.62,2.9303,0.0725,0.0725,-0.0015,118.13529618617586,143.81688231360542,261.6577246809146,126.52318536434436,170.14410472040794,72.56815933314019,169.95499893554455,2.3992040667947787,339.0
0.63,2.8949,0.0748,0.0748,-0.0015,118.54945508359856,144.32107575394608,260.8584418093755,127.64100666132256,173.90937445104063,72.95306821849324,171.32321298532435,2.4158800488271246,339.0
0.64,2.891,0.0804,0.0804,-0.0014,119.71193155988476,145.73626450768575,261.1316254792581,129.9141534734842,181.46288350401372,73.69924401600467,173.62742763839583,2.4380608556993018,339.0
0.65,2.8792,0.083,0.083,-0.0012,120.28749047259883,146.4369449231638,261.12580125551887,131.19069717443256,185.41635762578147,74.16967258571472,175.0272213621473,2.4500776090252225,339.0
0.66,2.8713,0.0858,0.0858,-0.001,120.90668543056536,147.1907474806883,261.24781080557705,132.5288078779029,189.5705985837,74.66099891413705,176.46049775828823,2.4617138482792797,339.0
0.67,2.8398,0.0879,0.0879,-0.001,121.2351622486444,147.59063230269754,260.536752648146,133.52302454758515,193.04257221772048,75.00515821523732,177.6763253322747,2.475806458381782,339.0
0.68,2.8169,0.0889,0.0889,0.0002,121.44804128933345,147.84978939571027,260.12181558855525,134.23362314137003,195.1609990324691,75.29761714171033,178.59530914188116,2.4841874557689625,339.0
0.69,2.808,0.0888,0.0888,0.0004,121.59015389514144,148.02279604625917,260.1847465465688,134.6931337213387,195.8841215240703,75.56232794015963,179.22574712900067,2.485832005299059,339.0
0.7,2.8121,0.0887,0.0887,0.0008,121.82452809243136,148.3081211560034,260.7037317166857,135.21567899775576,196.508925082678,75.87403281804218,179.85497596136975,2.4846165671346974,339.0
0.71,2.8162,0.0885,0.0885,0.0016,122.04153562033136,148.57230423344686,261.2210877190075,135.70313624033903,197.00352382515285,76.17552895118689,180.45056769519115,2.4830449483899213,339.0
0.72,2.9775,0.0858,0.0858,0.0018,122.97006543199,149.70268835198783,267.2087669342843,136.2649898197118,193.4511140859532,76.89008779833148,180.436638436742,2.4394415918395014,339.0
0.73,3.2331,0.0806,0.0806,0.004,123.95245793548708,150.89864444320168,276.1390786291134,136.42197647820123,186.32866619087883,77.7020617250934,179.7112132110025,2.3700089553015946,339.0
0.74,3.5555,0.0801,0.0801,0.0048,125.9143711977636,153.28706058858177,286.7385873069469,138.2264850029851,184.69899448458565,79.0306289639344,180.31185140363232,2.309622347007002,339.0
0.75,3.8661,0.0795,0.0795,-0.0011,127.58916547813612,155.32594058207874,296.41712752351964,139.83213050325287,183.1579860379556,80.23847203279871,180.8605314200381,2.2560496732397173,339.0
0.76,4.1532,0.0799,0.0799,-0.0011,129.2010071066417,157.28818256460727,305.0403964352055,141.5956128150563,183.0364673127985,81.403394283349,181.68233741709585,2.2134509898534147,339.0
0.77,4.1925,0.0783,0.0783,-0.0011,129.2646550949879,157.36566707215917,306.5363215386639,141.71044446394248,181.5748053948925,81.67339206700156,181.81815174520335,2.201714098086174,339.0
0.78,4.1847,0.0765,0.0765,-0.0011,129.07300341748126,157.13235198649892,306.70988250658627,141.56101077042177,180.03113747394204,81.78688828196783,181.85949990787267,2.19605258965418,339.0
0.79,4.1335,0.0748,0.0748,-0.001,128.70471746785313,156.68400387390815,305.6566583973567,141.2617424269986,178.75124897476454,81.77899529051646,181.8977679869444,2.1970737146171566,339.0
0.8,3.8779,0.073,0.073,-0.001,127.37559266246228,155.06593889343236,298.6651901796906,140.09749323544554,178.18160878328462,81.1503781645674,181.8147481980468,2.2292856049313925,339.0
0.81,3.7403,0.0696,0.0696,-0.001,126.19720905172426,153.63138493253388,294.9339430097093,138.77195408463464,175.0101078062248,80.68852045717524,181.21125743519636,2.237701817029241,339.0
0.82,3.5909,0.0684,0.0684,-0.001,125.38870371795429,152.64711756968347,290.72966521251163,138.14997124429283,174.69315546088936,80.37426365775711,181.3094572268289,2.2577970114468147,339.0
0.83,3.4572,0.0664,0.0664,-0.001,124.45029605376249,151.50470823936303,286.8898916247635,137.26007509035617,173.2258885605698,80.00881015887154,181.11521027805068,2.272633846899073,339.0
0.84,3.2213,0.0644,0.0644,-0.001,122.89351475320606,149.60949622129434,279.57903981840235,135.84807902925746,172.2265796934035,79.26135279249726,180.84937333483745,2.3073969640631296,339.0
0.85,3.1308,0.0576,0.0576,-0.001,121.01643120799604,147.32435103582128,276.8761592147391,133.13309750240916,163.69242094035016,78.46675944678815,178.7415484207324,2.2932656483350904,339.0
0.86,3.064,0.0519,0.0519,-0.001,119.40902615118272,145.367510097092,274.9224315058965,130.7815418150959,156.19379022702162,77.80237683506265,176.83089983823413,2.277473086210612,339.0
0.87,3.0089,0.0469,0.0469,-0.001,117.93654152572556,143.57492011827463,273.3357848263085,128.6188337143735,149.32623898636496,77.19732253737162,175.00514358972958,2.2608693316271604,339.0
0.88,2.8988,0.0439,0.0439,-0.001,116.61370914323211,141.96451547871737,269.7758458035305,127.00315132328772,145.5514745599876,76.60691782221932,173.96211302319702,2.2659040683805074,339.0
0.89,2.8359,0.0434,0.0434,-0.0012,116.25444740133776,141.52715335815034,267.8223712955699,126.80410796076788,145.4610370428272,76.53276145457328,174.1722670368847,2.2763252994490792,339.0
0.9,2.773,0.0434,0.0434,-0.0012,116.0262637377138,141.24936455026028,265.83113882146773,126.84088734176795,146.1730538783352,76.52329631312848,174.63633326276295,2.2901203028887416,339.0
0.91,2.7219,0.0436,0.0436,-0.0012,115.91737089054152,141.11679934500708,264.2378266884108,127.0286168261975,147.15831676672488,76.58263418362607,175.20581870847414,2.302807086445202,339.0
0.92,2.6314,0.0438,0.0438,-0.0012,115.53309402841612,140.64898403459355,261.1286959010532,126.99102565740138,148.34827231224625,76.4715863666196,175.75152129409113,2.324833829139348,339.0
0.93,2.6039,0.0443,0.0443,-0.001,115.6411029252696,140.78047312641516,260.362782660874,127.4367046338864,149.71913780419422,76.65800124449383,176.47941099732486,2.3343820115774747,339.0
0.94,2.5803,0.0453,0.0453,-0.001,115.90541536007667,141.1022447861803,259.7336194847249,128.14277549145433,151.88749404931374,76.92792641360967,177.4598982325314,2.346066216607156,339.0
0.95,2.5702,0.0491,0.0491,-0.001,116.98064738990476,142.41122290944926,259.61659064218526,130.2389703329251,158.47396699816468,77.6282839031552,179.8035146571111,2.3705571441180235,339.0
0.96,2.5709,0.0538,0.0538,-0.001,118.28307898961069,143.99679181343907,259.9129019734237,132.71182797091285,166.27108996197995,78.45062740936973,182.43606805945657,2.3958160666093176,339.0
0.97,2.5717,0.0618,0.0618,-0.001,120.2103805635739,146.3430719904378,260.2106142829868,136.42186472728292,178.81627488618977,79.5910313666346,186.24178962763253,2.434891942087328,339.0
0.98,2.5764,0.0661,0.0661,-0.001,121.27351783311724,147.63732605770798,260.6567234952012,138.50200753828057,185.56762105720176,80.28627469836226,188.3682229250479,2.4531469517327027,339.0
0.99,2.6354,0.0702,0.0702,-0.001,122.677845294588,149.34694209775932,263.1855402051657,140.7734620098827,191.54318366272489,81.18060608861582,190.3678252705646,2.4566736582558697,339.0
1.0,2.9067,0.075,0.075,-0.001,125.7286634064452,153.0609815382811,273.49589821109447,144.467564445579,196.9405789655548,83.0190077215065,192.64018258726136,2.415570004050918,442.1
1.01,3.178,0.0786,0.0786,-0.001,128.36898859821687,156.27529046739448,283.25886752518073,147.5902901183277,200.6585686619451,84.65437288205848,194.43477092715824,2.374340155473476,442.1
1.02,3.5909,0.081,0.081,-0.001,131.43337414734154,160.00584678806797,297.07984852128845,150.8630537784496,202.0107657200791,86.60883645320148,195.8606339273299,2.307902749674785,442.1
1.03,4.0981,0.0863,0.0863,-0.001,135.20918152612322,164.60248185788913,312.76105947449827,155.35350444789063,206.8181983195192,88.97896606863955,198.16278059464568,2.2453072695804352,442.1
1.04,4.6644,0.0897,0.0897,-0.0009,138.5206133927056,168.6337902172068,328.9298152875104,159.1884924598498,209.04904663173195,91.18879091792728,199.8394826274786,2.1771019629131017,442.1
1.05,5.7851,0.0912,0.0912,-0.0008,142.8996571534803,173.96480001293256,357.4697174315038,163.99860294232414,207.0937721207817,94.44104524650028,201.07638903888449,2.0494153486538766,442.1
1.06,6.308,0.0918,0.0918,-0.0004,144.65879277189828,176.10635641796313,369.8325674671737,166.22215895979005,206.6182242931146,95.92972482235837,201.8602869799811,1.9980992240857676,442.1
1.07,6.8074,0.092,0.092,-0.0004,146.09852470591971,177.8590735550327,381.10903248194944,168.13711845665375,205.8615921748109,97.2590908970806,202.51179826023036,1.9518518984322053,442.1
1.08,7.3068,0.0926,0.0926,-0.0005,147.48748180194897,179.54997784585095,391.9167559798482,170.10810820096677,205.6884956254232,98.56325981558544,203.26704574807923,1.9102370843487453,442.1
1.09,8.2191,0.0927,0.0927,-0.0006,149.34787383609677,181.81480293090044,410.3070908557714,172.8211253995565,203.98503949148488,100.51357071629836,203.9476588700352,1.838152482350244,442.1
1.1,8.6084,0.0939,0.0939,-0.0006,150.4160295573254,183.11516641761355,418.0028925964589,174.5744084066211,204.99122825984944,101.55120120042916,204.83164734352468,1.813556421077945,442.1
1.11,8.8994,0.094,0.094,-0.0006,151.03044162333467,183.8631463240596,423.7248045521299,175.68990640947553,204.9536189800944,102.30460142216047,205.3800992491852,1.7934297723770511,442.1
1.12,9.1038,0.0941,0.0941,-0.0006,151.50214119425183,184.43738927995875,427.79610322582346,176.60102173596422,205.12070475363515,102.90499171720528,205.90970397046664,1.7797881917716454,442.1
1.13,9.3555,0.0941,0.0941,-0.0006,151.99388181937718,185.0360300409809,432.6568513939937,177.56714091441313,205.0751074533521,103.56552653193084,206.41494989120235,1.7630172990996138,442.1
1.14,9.3162,0.0941,0.0941,-0.0008,152.11172119901485,185.1794866770616,432.3378975092684,177.90926624066392,205.65158597323307,103.75659192490026,206.86913618515223,1.765623105602785,442.1
1.15,9.1815,0.0942,0.0942,-0.0006,152.12989945550083,185.2016167284358,430.31182445089,178.07866918305365,206.54995067991703,103.80006166395572,207.33302652402156,1.7749165585006192,442.1
1.16,9.1191,0.0944,0.0944,-0.0009,152.26196635628764,185.36239382504584,429.559248781634,178.4339580712676,207.4103913838868,103.96637565377452,207.83449501965123,1.7797700861181809,442.1
1.17,9.0923,0.0945,0.0945,-0.001,152.41422465122835,185.54775174932143,429.4409732764537,178.8270883020801,208.07248710548504,104.17976025270954,208.31047026011257,1.7819152069655428,442.1
1.18,9.091,0.0945,0.0945,-0.0011,152.57439274030648,185.7427389881992,429.77911722743056,179.23689725342055,208.5565384712446,104.42438828614492,208.75926764858724,1.7820174882737037,442.1
1.19,9.0935,0.097,0.097,-0.0012,153.35558988783538,186.69376160258216,430.1831467598814,180.55329178799175,211.9980695779817,104.90089811929776,209.91722279753728,1.7897580479977098,442.1
1.2,9.096,0.0983,0.0983,-0.0012,153.835272704987,187.2777232930277,430.5848952043145,181.43244514907997,214.0134190757968,105.2656354379666,210.72694028103223,1.7936416059238494,442.1
1.21,9.1314,0.099,0.099,-0.0012,154.21277322517952,187.7372891436968,431.57871531131167,182.1683561697967,215.2430564716823,105.62999470453089,211.37080719511908,1.79342045006708,442.1
1.22,9.1786,0.1014,0.1014,-0.0012,155.01059515810627,188.7085506272598,432.78204937789735,183.5269555926498,218.44725110815705,106.1614432624016,212.48010505069908,1.797560815596959,442.1
1.23,9.1943,0.1041,0.1041,-0.0012,155.8241928023926,189.69901732465183,433.41482245642095,184.90879686601545,222.0645732107484,106.66121906084965,213.6507302704713,1.8045667739344304,442.1
1.24,9.21,0.105,0.105,-0.0012,156.2125485287668,190.1717982089335,434.0451968518266,185.66141651115436,223.57031011187277,107.00428023129022,214.3312870547325,1.806172558174523,442.1
1.25,9.2415,0.1054,0.1054,-0.0012,156.50646934785078,190.52961485825315,434.9574339404271,186.275100013818,224.45283557447496,107.33008979418672,214.87889518580323,1.8052520405455807,442.1
1.26,9.2572,0.1055,0.1055,-0.0012,156.70759979109346,190.7744693108964,435.5830385625797,186.7478389031444,225.0194358846595,107.60287068645998,215.3417670497832,1.80451138640164,442.1
1.27,9.3319,0.1055,0.1055,-0.0012,156.96749675024012,191.090865608988,437.2645032166973,187.3159991593184,225.32704563635173,107.96448129392816,215.7857170347984,1.799575856841172,442.1
1.28,9.4695,0.1054,0.1054,-0.0012,157.28705303896334,191.4798906561293,440.0579457283412,187.9859922676087,225.36899066119068,108.4199144455004,216.21109551537887,1.7902848308668795,442.1
1.29,9.5639,0.1053,0.1053,-0.0012,157.5427001460143,191.79111322123484,442.06909096573753,188.55593280441573,225.51022774620031,108.80146950088924,216.6263786024011,1.7838982448690714,442.1
1.3,9.6426,0.1048,0.1048,-0.0012,157.67945304549224,191.9575950119036,443.7943621945684,188.94776689783805,225.2138645202158,109.12092008856553,216.9289064750662,1.777402288747423,442.1
1.31,9.7645,0.1041,0.1041,-0.0012,157.8183681186297,192.126709013984,446.2676815405539,189.3578461633389,224.57977708083845,109.4907057559234,217.18078478325947,1.7676225376871029,442.1
1.32,9.7881,0.1024,0.1024,-0.0012,157.58605074220745,191.84388786007867,447.015818305425,189.1926621954816,222.9713649839452,109.61067230887164,217.1376446005003,1.7611035629984646,442.1
1.33,9.7881,0.1012,0.1012,-0.0012,157.4402702627112,191.66641597199623,447.349941423826,189.14601425836807,221.99339275214265,109.73347462152432,217.2195228319821,1.7575128652241834,442.1
1.34,9.7723,0.0982,0.0982,-0.0012,156.81936453880817,190.91053074289687,447.4056116954355,188.39707599944543,218.86567607381045,109.6624005038777,216.779264801205,1.7493566152532467,442.1
1.35,9.6662,0.0869,0.0869,-0.0012,153.8446553911297,187.2891456935492,445.8717768935634,184.21008604069783,205.6035404695168,108.60906725416127,213.7458357874192,1.71938429260062,442.1
1.36,9.5521,0.0831,0.0831,-0.0012,152.78583352229563,186.0001451575773,444.1782621032182,182.79178039967795,201.43477587252187,108.24373276380928,212.88544215264184,1.7134917702691723,442.1
1.37,9.4931,0.0811,0.0811,-0.0012,152.2808708149699,185.385407948659,443.4497061788934,182.1939866190091,199.3856368399805,108.14878173633322,212.59624503399132,1.7101665928286809,442.1
1.38,9.3673,0.0785,0.0785,-0.0012,151.51287427954128,184.45045564465892,441.51335347598416,181.17865657168824,196.6582287030325,107.86756332812593,212.06654770215968,1.708876368277324,442.1
1.39,9.2454,0.0775,0.0775,-0.0012,151.21565015618054,184.0886175814372,439.6237337315446,180.8316583340607,195.97370036681016,107.7658801825204,212.0799300197231,1.713220030038444,442.1
1.4,9.1864,0.0767,0.0767,-0.0011,151.04358579470187,183.87914792398487,438.8615969688271,180.6997721604856,195.41320063939887,107.78848375197404,212.16845864924775,1.7141606462444663,442.1
1.41,9.0842,0.076,0.076,-0.0011,150.84980389352413,183.6432395225511,437.2980504200544,180.50885851086815,195.06384496647925,107.74609705691614,212.28009797138165,1.7184001978436392,442.1
1.42,9.0134,0.0758,0.0758,-0.001,150.84065201153211,183.6320981009956,436.2984594016887,180.5995737609325,195.30812363739503,107.81284131839166,212.57484899452905,1.7224613001897946,442.1
1.43,8.8758,0.0756,0.0756,-0.0011,150.7491438659565,183.5206968802949,434.0430192201016,180.53437318781147,195.69035311768025,107.7607068741864,212.85523798887604,1.731172322238339,442.1
1.44,8.7932,0.0751,0.0751,-0.0011,150.62786297535385,183.37305057869165,432.79399231169737,180.45687497668183,195.5545753533776,107.76503431933202,213.0322455083013,1.7350191350803923,442.1
1.45,8.6792,0.0745,0.0745,-0.0012,150.43331298357324,183.136207110437,430.9366595680981,180.25651737217427,195.34623654077225,107.69813296657172,213.16255895680064,1.7407453084662865,442.1
1.46,8.6398,0.0735,0.0735,-0.0011,150.20638661490668,182.8599489224951,430.4814777231789,180.0456842932305,194.42913161759657,107.7125474605566,213.15155696814344,1.73966625628997,442.1
1.47,8.5691,0.072,0.072,-0.0011,149.77983173369276,182.34066471927812,429.4224641649037,179.52794832080892,192.88202401175425,107.60521254356496,212.93545802258768,1.7388184478438284,442.1
1.48,8.5219,0.0706,0.0706,-0.0011,149.40656005112294,181.8862470187584,428.8050554469986,179.09763874947183,191.39944479146865,107.5470782984084,212.7485212653264,1.7366193710586273,442.1
1.49,8.459,0.0689,0.0689,-0.001,148.90944967229618,181.2810691662736,427.878769227327,178.47830100531516,189.51107215424148,107.41618914471364,212.42544707449952,1.7342553002547998,442.1
1.5,8.2859,0.0682,0.0682,-0.0006,148.58444633700347,180.88541293200424,424.79534104873295,178.0476726740984,189.23189256053416,107.20528880954863,212.4704444408206,1.7440741206213255,442.1
1.51,7.9792,0.0677,0.0677,-0.0002,148.12417715706334,180.32508523468584,418.9958393833394,177.36599858645437,189.5276532580247,106.75652294232448,212.5650940273955,1.7651757250617282,442.1
1.52,7.6725,0.0665,0.0665,-0.001,147.40344249757578,179.44766912748358,413.03555435506064,176.3217799436497,188.8424601966188,106.19289246393674,212.36430960220684,1.7842351196138653,442.1
1.53,7.6922,0.0655,0.0655,-0.0014,147.23263651306107,179.2397314072048,413.707202406907,176.19558052777026,187.68284954395287,106.29218883318528,212.30236425213144,1.7784118772325024,442.1
1.54,7.5349,0.0653,0.0653,-0.0018,147.04164100449725,179.00721513590972,410.717851436395,175.986159205735,188.07592527913283,106.1415771344455,212.53555076950013,1.7902679038093208,442.1
1.55,7.413,0.0652,0.0652,-0.0018,146.92999620336028,178.87129972582989,408.4283139843908,175.9090955241776,188.5350285932982,106.06979306276524,212.81577555621885,1.7998745490722043,442.1
1.56,7.3108,0.0652,0.0652,-0.0019,146.8762107786014,178.8058218174278,406.5263092519284,175.9261235103373,189.0957370773521,106.04738354579548,213.1404147428095,1.808423233054704,442.1
1.57,7.1102,0.0652,0.0652,-0.002,146.64039416262685,178.51874071971963,402.4824413398353,175.66466416239004,189.90415516635312,105.81115583890104,213.4413112899128,1.8255416720154116,442.1
1.58,7.0591,0.0657,0.0657,-0.002,146.8210917284719,178.73872036509627,401.6273212820589,176.04998359263848,191.0795348522361,105.9552115620892,213.98544859336909,1.8321459705389316,442.1
1.59,7.0119,0.066,0.066,-0.0019,146.94303921492116,178.88717817468662,400.8500289470377,176.34751420297283,191.95352837360667,106.07882804216898,214.44361697342725,1.8375719324526432,442.1
1.6,6.9411,0.0664,0.0664,-0.0019,147.04791844018445,179.0148572315289,399.5468940869675,176.6224384612199,193.037627486153,106.16192972101356,214.93667726131972,1.8455376685935656,442.1
1.61,6.9136,0.0669,0.0669,-0.0019,147.2636947322972,179.2775414132314,399.1875779549565,177.06593788749674,194.15742209985115,106.3513962982468,215.4794750243216,1.8501205090808952,442.1
1.62,6.9057,0.0676,0.0676,-0.0018,147.5770401590798,179.6590054110537,399.2583745118848,177.65872805554372,195.51913692126533,106.60915049166216,216.10771013128783,1.8537923677135455,442.1
1.63,6.9018,0.0677,0.0677,-0.0018,147.7137000625732,179.82537398921957,399.41548390861726,177.977480302559,195.9888064018986,106.7961060259766,216.48512852276863,1.8545764672524503,442.1
1.64,6.89,0.0678,0.0678,-0.0018,147.8340388089915,179.97187333268528,399.3962359082608,178.2719597611119,196.47875690552848,106.9645935652902,216.85923999433183,1.8560653542741457,442.1
1.65,6.8586,0.0678,0.0678,-0.0018,147.88394334151042,180.03262667662136,398.939929081335,178.4602900824056,196.87357786625583,107.0750614999502,217.18568454298267,1.85889244213326,442.1
1.66,6.8389,0.0677,0.0677,-0.0018,147.9258621172641,180.08365822971282,398.74024244267895,178.6335668934583,197.08792219607943,107.19752329499278,217.471588571406,1.860259441091464,442.1
1.67,6.7878,0.0675,0.0675,-0.0018,147.87242907662872,180.01860931067847,397.8359052932541,178.66445010202216,197.238276556673,107.2344173777646,217.7064559447098,1.8640503868671552,442.1
1.68,6.7288,0.067,0.067,-0.0016,147.70904755732715,179.81971006978958,396.74663515064793,178.5251088061795,196.96202078916792,107.2114153120312,217.81082822364357,1.867324374168751,442.1
1.69,6.5951,0.0663,0.0663,-0.001,147.3230934805102,179.34985293279505,393.95051635511805,178.05853051769344,196.58958478811311,106.985231114002,217.8081311200719,1.87670193275095,442.1
1.7,6.5361,0.0661,0.0661,-0.0006,147.2435521300302,179.2530199843846,392.8316657021752,178.0522600942577,196.75514265580452,106.995431707352,218.03332637047615,1.8813856040625072,442.1
1.71,6.4732,0.066,0.066,-0.0008,147.1829304126596,179.17921963280298,391.6096041931055,177.93610210891308,196.92484384306408,107.00745323295138,218.29850613561268,1.8869288300990523,442.1
1.72,6.4614,0.0661,0.0661,-0.0008,147.2949073961553,179.31553943879777,391.5627158185212,178.0737966017771,197.2503562903396,107.16636171674884,218.6608637189652,1.8884981961366605,442.1
1.73,6.4506,0.0662,0.0662,-0.0008,147.40842298648604,179.4537323313743,391.5372122925974,178.2142461924529,197.573035106272,107.32682177467966,219.02213039289504,1.8899738024821704,442.1
1.74,6.45,0.0664,0.0664,-0.0008,147.5745998482596,179.65603459788124,391.7467692071999,178.43448209580703,198.0173066141276,107.52440884206317,219.4276274915713,1.890903955924095,442.1
1.75,6.4513,0.0665,0.0665,-0.0008,147.7140894522277,179.82584802879896,391.9992620723015,178.6121351930499,198.3049152185597,107.7124239649274,219.7893199037402,1.891224436820159,442.1
1.76,6.4527,0.0665,0.0665,-0.0008,147.8229043049615,179.95831828430096,392.2529657663285,178.7416071528064,198.4409245773256,107.88655200829844,220.10674996244396,1.8911085630329592,442.1
1.77,6.4614,0.0666,0.0666,-0.0007,147.97808048214966,180.14722841305175,392.6755698848333,178.94200091754286,198.70665032615537,108.09106264439792,220.4677442818345,1.89072125063722,442.1
1.78,6.4929,0.0674,0.0674,-0.0006,148.39602243305455,180.65602730980555,393.62570835867695,179.55031478037824,199.96276104564456,108.44375069208569,221.13314827966587,1.891134953790326,442.1
1.79,6.5125,0.0677,0.0677,-0.0006,148.63485259199354,180.94677706851388,394.29782433054896,179.8802336694195,200.4980903048107,108.69998875312716,221.5796297892769,1.890560302263812,442.1
1.8,6.5283,0.0677,0.0677,-0.0004,148.7741940162173,181.11641010669933,394.8816356300899,180.05443203843367,200.59240486373267,108.906463087024,221.8961396830642,1.8890820929175371,442.1
1.81,6.5754,0.0677,0.0677,-0.0004,148.98198108644328,181.36936827914835,396.18477727961215,180.32513138567853,200.5960310877013,109.1872982484934,222.2192031277792,1.8846733334558767,442.1
1.82,6.5833,0.0676,0.0676,-0.0003,149.07210925386593,181.4790895264455,396.58326194682405,180.42612580552984,200.56222425224703,109.36015817168207,222.48839854876616,1.8835290046836364,442.1
1.83,6.599,0.0674,0.0674,-0.0002,149.14819889510355,181.57172039403912,397.16013496838457,180.50258262422585,200.3545342846524,109.53750583885548,222.71517321832312,1.8812353650331184,442.1
1.84,6.5951,0.0664,0.0664,0.0,148.93489827501136,181.31205007392688,397.28565667299273,180.1298136306547,198.99050647518212,109.55823014439824,222.58851556852167,1.8773700594706613,442.1
1.85,6.5794,0.0651,0.0651,0.0002,148.59768513212637,180.9015297260669,397.13807373300784,179.56725243616052,197.19241142855657,109.5059233233881,222.317837694184,1.8732579801482263,442.1
1.86,6.5597,0.0636,0.0636,0.0002,148.18097797263428,180.39423405364167,396.8951802001825,178.8829561182833,195.08199869950624,109.4109162289095,221.94271620631295,1.8685556981010587,442.1
1.87,6.544,0.0625,0.0625,0.0003,147.89333820029836,180.04406389601542,396.7430516367246,178.4015446240247,193.55948815962685,109.3778204239029,221.73656961254355,1.8651523920221589,442.1
1.88,6.5361,0.0611,0.0611,0.0004,147.5179401245008,179.58705754287053,396.76992813077896,177.78309907315537,191.53548927401607,109.3153165294872,221.38103162005348,1.859583791794729,442.1
1.89,6.5086,0.0603,0.0603,0.0006,147.29305354614092,179.3132825779107,396.3404388278951,177.40447523215542,190.4877351493147,109.29058566646042,221.2919677259623,1.8585228326373329,442.1
1.9,6.4653,0.0588,0.0588,0.0008,146.79510463944985,178.70708390889547,395.5386625919557,176.60546456520865,188.369519214839,109.11750126201208,220.85224845360068,1.855658531514544,442.1
1.91,6.4417,0.0575,0.0575,0.001,146.39755147380276,178.22310614202075,395.1927745013707,175.96034955105037,186.4934105938003,109.0168430767095,220.4979828340853,1.851754343565067,442.1
1.92,6.4064,0.0552,0.0552,0.001,145.6140064753506,177.26922527433987,394.56805475230976,174.72394598003314,183.01904719295567,108.71987175914091,219.6119612087749,1.8439665660355824,442.1
1.93,6.3946,0.0527,0.0527,0.001,144.77905518065276,176.25276282862075,394.4931141403249,173.41447977463358,179.10277924805453,108.43017611773963,218.57684533272135,1.8325451040709055,442.1
1.94,6.3883,0.0504,0.0504,0.0011,143.9970186571887,175.3007183652732,394.5468881703563,172.19554310963576,175.441727190761,108.16927579178429,217.5952516888845,1.8211894056291869,442.1
1.95,6.3882,0.0483,0.0483,0.0012,143.2742035577881,174.4207695486116,394.7458747677109,171.07615903313695,172.0463968642564,107.94177651943389,216.67631452832885,1.8099121618507996,442.1
1.96,6.3894,0.0483,0.0483,0.0012,143.3686940321352,174.5358014304255,394.9741602510844,171.18847468937074,172.15377868599842,108.098302424522,216.9572028550564,1.8098145810910755,442.1
1.97,6.3906,0.0462,0.0462,0.0014,142.6183518150471,173.62234134005735,395.2024988546085,170.03805822134586,168.70469518989586,107.8556035159379,215.98529082783728,1.7980355252042175,442.1
1.98,6.4339,0.0446,0.0446,0.0014,142.12538962792996,173.02221346008866,396.4218746836459,169.29220691833453,165.97433276498583,107.79679268112814,215.28426568923692,1.7847620278998808,442.1
1.99,6.4653,0.0437,0.0437,0.0014,141.8896501548586,172.73522627548004,397.3579147750909,168.92969246662574,164.45755344888525,107.84095065771196,214.99607269658603,1.7765465850316635,442.1
2.0,6.4889,0.0426,0.0426,0.0015,141.54420841912193,172.31468851023538,398.1093199905917,168.40753713212624,162.60062973644747,107.81961934832918,214.56241968135504,1.767803319300039,201.2
2.01,6.4889,0.0426,0.0426,0.0016,141.6330481188076,172.4228411881136,398.3064105597676,168.51142711976453,162.70174341963323,107.96921887893284,214.83333573348924,1.767818393893307,201.2
2.02,6.4457,0.0427,0.0427,0.0018,141.68895002849578,172.49089568686443,397.4875928279232,168.54797965671554,163.06845820030068,108.03535667437372,215.15818609960704,1.7725061462355531,201.2
2.03,6.4064,0.0427,0.0427,0.0018,141.70646803136313,172.5122219512247,396.7540329907057,168.53127886255697,163.25336857742178,108.08854196969294,215.41742029017604,1.7762550469116205,201.2
2.04,6.4043,0.0429,0.0429,0.0019,141.8774021006299,172.7203156007668,396.8978618888321,168.7558424660892,163.70806329841767,108.27317817470356,215.81594392728485,1.7776665813580323,201.2
2.05,6.4034,0.0439,0.0439,0.002,142.3942341211296,173.34950240833172,397.0692072519612,169.49075313787364,165.5525433279793,108.62582365923114,216.73113660054267,1.7836882850816993,201.2
2.06,6.4481,0.0444,0.0444,0.002,142.77652980723502,173.81490585228613,398.3175409487407,170.0459159190373,166.4230558448798,108.9842828671966,217.3290308515971,1.7823786776991388,201.2
2.07,6.4929,0.0449,0.0449,0.0022,143.15709346369752,174.27820073841437,399.5648236504168,170.59943343897413,167.29049779619496,109.34154348783905,217.92362959710204,1.7810585443106317,201.2
2.08,6.54,0.0452,0.0452,0.0024,143.45553701765158,174.64152332583672,400.8616392090865,171.03369268334,167.80635678431292,109.66274584399984,218.3901522257563,1.778380623620216,201.2
2.09,6.6148,0.0457,0.0457,0.0024,143.885512416454,175.16497163742227,402.7979567460061,171.67394022857837,168.60364344283576,110.08951096100768,218.98667803452705,1.7743026272415172,201.2
2.1,6.7131,0.0464,0.0464,0.0025,144.43644336157723,175.83567017931142,405.2658872059947,172.5040146398907,169.68797676223042,110.60957105244596,219.7089788043599,1.7692558634897306,201.2
2.11,6.7996,0.0476,0.0476,0.0026,145.1690147327407,176.72749619637997,407.44467630869786,173.5974115911136,171.63848983110375,111.19552950215125,220.7254939391225,1.768115689990604,201.2
2.12,6.8979,0.0486,0.0486,0.0026,145.83105446620635,177.53345761103384,409.8764462054097,174.5945081681316,173.21144036892454,111.76484893263785,221.61132391652663,1.7648127184315012,201.2
2.13,7.0001,0.0506,0.0506,0.0028,146.89392419329613,178.82738597444745,412.3785105058,176.18436996322012,176.42516820843846,112.52443910887604,223.065873677112,1.7664915382238766,201.2
2.14,7.0001,0.0517,0.0517,0.0028,147.41545865762313,179.46229749623686,412.56977520868406,176.93398667830164,178.35160685499926,112.8723528843308,223.9556286946544,1.7722406737912046,201.2
2.15,7.1338,0.0529,0.0529,0.003,148.19142779210804,180.4069555730011,415.7548341611814,178.1192580617844,180.12753030978436,113.543100563444,224.92125495874143,1.7668022292618393,201.2
2.16,7.2911,0.0541,0.0541,0.003,148.9941343503041,181.384163556892,419.425539989798,179.35864875513295,181.836574070399,114.25982083271172,225.87952589860183,1.75947956197209,201.2
2.17,7.3697,0.0551,0.0551,0.0032,149.5871135623794,182.1060512933315,421.3403965146573,180.253551415566,183.38765974197528,114.75773932698844,226.7007226451157,1.7578636306602564,201.2
2.18,7.4405,0.0555,0.0555,0.0032,149.935363828095,182.53000813855047,423.0744756305292,180.7859151297245,183.98582558459697,115.13192106413037,227.1941747002804,1.7539724372751822,201.2
2.19,7.4405,0.0562,0.0562,0.0034,150.28717255578107,182.95829702442916,423.2670790470109,181.28778195934552,185.22255820446563,115.39848481362534,227.82831238765036,1.7573875881563183,201.2
2.2,7.472,0.0562,0.0562,0.0036,150.4217698501976,183.12215460024052,424.1427665471192,181.48682687114928,185.26621197373152,115.6150445256338,228.09819440301115,1.7548065489083189,201.2
2.21,7.5231,0.0562,0.0562,0.0038,150.58521026506344,183.3211255400772,425.44021261692944,181.73952579244587,185.26601332478384,115.874569453192,228.37158087317096,1.7506353834350643,201.2
2.22,7.5899,0.0562,0.0562,0.004,150.7703712342412,183.54653889385884,427.0708750954662,182.0343710704819,185.2315503408004,116.16787787908054,228.64753608556447,1.7452218922459015,201.2
2.23,7.763,0.0562,0.0562,0.004,151.10419793310274,183.95293661421204,430.9569920622973,182.6147242705002,184.96679911830356,116.69142666337258,228.94587638504305,1.7313991408878222,201.2
2.24,7.8377,0.056,0.056,0.0041,151.2151127628606,184.0879633634825,432.72832252516207,182.8139999007014,184.60091905751185,116.96328087709162,229.1152217785485,1.724569793332039,201.2
2.25,7.9321,0.0552,0.0552,0.0042,151.11354086377906,183.96431061677453,434.9038721131928,182.7245868585833,183.23630360893895,117.17026294071218,228.96520284598463,1.713347841560002,201.2
2.26,8.0461,0.0544,0.0544,0.0044,151.02581679479815,183.85751609801517,437.47361406449096,182.67853791170847,181.83175504437577,117.41375545364096,228.81177999387404,1.7006791785052024,201.2
2.27,8.1562,0.0534,0.0534,0.0044,150.83909917055115,183.6302076858884,439.94276079919337,182.4979598881878,180.11496521676187,117.60700449800922,228.53865698498777,1.687393751213704,201.2
2.28,8.2466,0.0525,0.0525,0.0045,151.02154208322418,183.8523121013164,441.9916145540003,181.64895550117257,177.70509648024756,117.77158570357054,228.3065732692506,1.6805789847518764,201.2
2.29,8.2506,0.0515,0.0515,0.0046,150.72605709089984,183.49259124109548,442.2654735312941,181.12208101528444,176.11559801451938,117.73511267925728,227.9896149782237,1.6756226176689446,201.2
2.3,8.2034,0.0505,0.0505,0.0048,150.36612543226772,183.0544135697172,441.48859280574464,180.4590484930845,174.6130104036483,117.58893736718468,227.65035498096825,1.674397355995423,201.2
2.31,8.1051,0.0499,0.0499,0.0048,150.1128119776579,182.74603197280092,439.6492000294019,179.89772760735588,173.84617100858262,117.41011273861638,227.52622917105185,1.679062081784484,201.2
2.32,7.9596,0.0488,0.0488,0.005,149.5824781070853,182.1004081303647,436.8053603612322,178.9076755714857,172.34392410239374,117.0282382207178,227.08549130721028,1.684737915663495,201.2
2.33,7.8219,0.0477,0.0477,0.0051,148.71080410128351,181.0392397754756,434.08872345269,178.5266700131318,171.59455174533494,116.65322769784493,226.6306808069945,1.6856869610280516,201.2
2.34,7.7079,0.047,0.047,0.0052,148.31356822927373,180.55564827911584,431.8447899988825,177.94514270981236,170.80414644337702,116.4026179441502,226.41615753622423,1.6904840630783462,201.2
2.35,7.586,0.042,0.042,0.0052,146.3894546762144,178.21324917104363,429.4046246497679,173.77945868325062,161.6726866388181,115.19303705033433,223.34407066604044,1.6770233663512306,201.2
2.36,7.4995,0.037,0.037,0.0058,143.92308530487713,175.21071254506782,427.7102338939516,170.20326796116595,153.100917515282,113.93384537993236,219.91150735837445,1.653296826951731,201.2
2.37,7.413,0.0362,0.0362,0.0058,143.51420726866854,174.71294797924867,425.9975535329928,169.44712306396204,151.83232737335038,113.67103400849552,219.50335202566615,1.6554962140566951,201.2
2.38,7.295,0.035,0.035,0.006,142.84722716824092,173.90097220481505,423.57217399150056,168.30715055070633,149.87653745776865,113.22426429238826,218.7504517140232,1.6575934034044546,201.2
2.39,7.1692,0.0333,0.0333,0.006,141.88198148918624,172.72589050857457,420.9420550489949,166.75656908587837,146.9873409214425,112.606404328174,217.54177003264485,1.6568118461057082,201.2
2.4,7.004,0.0321,0.0321,0.0061,141.11513525340354,171.79233856936085,417.38360402506254,165.43273838848523,145.03177843875713,112.01761189004657,216.6977565777272,1.6627604813398122,201.2
2.41,6.8822,0.0306,0.0306,0.0062,140.2133982840688,170.6945718240838,414.7675319666422,163.97750375434137,142.4149075874905,111.42077345538634,215.55248528527585,1.6627622336495889,201.2
2.42,6.7013,0.0295,0.0295,0.0062,139.43609251043364,169.74828653444095,410.7376650104876,162.62722123203855,140.59688525759532,110.78491448676276,214.71158708760515,1.670889843341702,201.2
2.43,6.544,0.0284,0.0284,0.0064,138.66855834880016,168.81389712027843,407.1954881378136,161.3195534950752,138.71387651244044,110.18518956009774,213.83892731194769,1.6770334490578889,201.2
2.44,6.3749,0.0275,0.0275,0.0066,137.68021310140895,167.61069421041088,403.3091945959338,160.56469658145016,137.69863193137667,109.60262975841349,213.12565676660228,1.6819586693729351,201.2
2.45,6.2097,0.0264,0.0264,0.0066,136.78059090624694,166.51550197282236,399.4468797468343,159.2856190124922,135.87369583911192,108.94349145533393,212.1758779183502,1.6880670763764514,201.2
2.46,6.0839,0.0253,0.0253,0.0067,135.95962063257207,165.51605990052252,396.49709856721705,158.04099028108308,133.89017763935442,108.36249693917254,211.1907792046512,1.690949647921408,201.2
2.47,5.9502,0.023,0.023,0.0069,134.4260564710921,163.64911222567736,393.30537352501625,155.52546454327938,129.2137628388044,107.28611808314844,208.77007000220107,1.6852597620183407,201.2
2.48,5.7929,0.0219,0.0219,0.0072,133.45570947155525,162.46782022624117,389.4588590406057,154.12892235746315,127.18590317559372,106.55879000379984,207.61522397620357,1.6904983843172616,201.2
2.49,5.675,0.0209,0.0209,0.007,132.6270276023692,161.4589901246234,386.565391982596,152.8764172400407,125.2335679138368,105.95085553974992,206.536377161612,1.6930864369156284,201.2
2.5,5.5531,0.0211,0.0211,0.0074,132.48076275825608,161.2809285752683,383.5272103369935,152.89574157908714,126.051048377186,105.8214481257396,206.96878942263348,1.706073368583191,201.2
2.51,5.264,0.0212,0.0212,0.0074,131.74191044840353,160.38145619805647,375.924260715188,152.46475147109058,127.13815363525214,105.16772537091973,207.22330996506903,1.734413882213084,201.2
2.52,4.975,0.022,0.022,0.0076,131.59895415333386,160.2074224475369,368.05069638223273,152.35789273855696,129.55211911702446,104.75299773715032,208.3460684279851,1.7742610605728812,201.2
2.53,4.8689,0.0227,0.0227,0.0078,131.86345599127833,160.52942468503448,365.177504622927,152.66644366903174,131.344882440903,104.81550163184023,209.3724798886296,1.7938740141481064,201.2
2.54,4.7352,0.0231,0.0231,0.0082,131.84414048087177,160.50591015062653,361.4586144881607,152.5748474437062,132.52531054631402,104.66226031392604,210.0147253567765,1.8143530975104964,201.2
2.55,4.5779,0.0231,0.0231,0.0084,131.4869056903207,160.0710156229991,356.9654868802309,152.00571562074794,132.866338083996,104.26816606100871,210.1710573246665,1.8346302255387663,201.2
2.56,4.452,0.023,0.023,0.0086,131.13234213688756,159.63937303621097,353.32247215954214,151.45938871199365,132.93551970453333,103.92592201047034,210.21727080945445,1.8504333997365028,201.2
2.57,4.3695,0.0229,0.0229,0.0085,130.89111014689655,159.34569930926537,350.9426816993277,151.08727770037245,132.92817140175802,103.72125128426777,210.27645329433932,1.860733915703323,201.2
2.58,4.2672,0.0229,0.0229,0.0085,130.64138906287317,159.041691033063,347.9160052304996,150.71403973148912,133.19120212841574,103.4796707137864,210.4462599678517,1.8749945770129968,201.2
2.59,4.1847,0.023,0.023,0.0086,130.50343389933738,158.87374561658464,345.46493861974943,150.51228458928938,133.65144885401202,103.33756675567396,210.7412396750489,1.887723216779174,201.2
2.6,4.1736,0.0231,0.0231,0.0088,130.5920878997279,158.98167222575572,345.24769966727024,150.6267453100592,133.969562121712,103.44601535258538,211.06166018668185,1.8903043954144243,201.2
2.61,4.1801,0.0233,0.0233,0.0088,130.79810030389768,159.23246993517978,345.5842231138362,150.91132718975243,134.48156711181258,103.65381861938393,211.5060793442265,1.8913116565633843,201.2
2.62,4.1866,0.0239,0.0239,0.0088,131.2422203870761,159.77313786252742,345.9202526031717,151.55805060369062,135.90802901296342,104.00654250147616,212.41416963429583,1.8960916698839871,201.2
2.63,4.2004,0.0246,0.0246,0.0089,131.76313730982812,160.40729759457338,346.4864762257946,152.3199949767052,137.53629147397183,104.41598471939028,213.42361634394535,1.900645428600291,201.2
2.64,4.3223,0.0244,0.0244,0.009,132.1014480299385,160.81915412340342,350.4243767022288,152.75348830864712,136.88902024957568,104.88660224370577,213.44722680493948,1.881561321070902,201.2
2.65,4.4717,0.0243,0.0243,0.0092,132.56009763070497,161.37751015911908,355.1350196647559,153.38100189364158,136.4249945403643,105.47597768475453,213.5911601920322,1.8601790683443835,201.2
2.66,4.6644,0.0236,0.0236,0.0092,132.74251456960727,161.5995829543045,361.0372860730107,153.62750010830655,134.55259390429515,105.97250673775731,213.05045139354613,1.8283291843038867,201.2
2.67,4.8649,0.0228,0.0228,0.0093,132.82201952277754,161.69637159294658,367.02328703621527,153.7771460927207,132.47631940794696,106.42292473200074,212.3650193911004,1.7955756992969405,201.2
2.68,4.8531,0.0224,0.0224,0.0094,132.59813025188694,161.4238107414276,366.8194040628222,153.4314936651184,131.65768072348487,106.33999899211796,212.07361678027357,1.793227727312807,201.2
2.69,4.8723,0.0223,0.0223,0.0094,132.6432413480266,161.47872859759764,367.5083620739573,153.48701271279032,131.4644282710474,106.47115357675182,212.1563065924348,1.7899260782217803,201.2
2.7,4.8915,0.0226,0.0226,0.0096,132.94743348213024,161.84904945650638,368.1970775917725,153.91584944308167,132.17398774740442,106.75976428248688,212.730987480057,1.79046479878549,201.2
2.71,4.9318,0.023,0.023,0.0098,133.39654661056517,162.39579587373154,369.48883154759056,154.46942947801222,133.01824392063065,107.15180271103009,213.4292042014316,1.7898192084143951,201.2
2.72,4.9554,0.0235,0.0235,0.01,133.84129385715786,162.93722730436613,370.2991263850132,155.0832124914759,134.14784077624526,107.52710322168092,214.23385007375387,1.7917506678397106,201.2
2.73,4.9475,0.024,0.024,0.0104,134.1713255718988,163.3390050440507,370.2103561053029,155.62378808831903,135.38363709395276,107.80033924414772,215.01800175395712,1.7969277712809866,201.2
2.74,4.8925,0.0243,0.0243,0.0106,134.27327468489486,163.46311700769812,368.7680684635375,155.7676628178901,136.22704847494083,107.84753926042056,215.547004395955,1.8062453783940289,201.2
2.75,4.8923,0.0247,0.0247,0.0106,134.5805946781256,163.83724569510943,368.89533267612165,156.19877512373705,137.17777111377623,108.10257590792156,216.20410109603455,1.8099141920923891,201.2
2.76,4.8924,0.0252,0.0252,0.0106,134.94646174854623,164.28264908518673,369.0307981147507,156.71690010760267,138.34505824711968,108.39218090257624,216.9673007081981,1.814398326849436,201.2
2.77,4.8925,0.0254,0.0254,0.0107,135.12910576170688,164.5049983185997,369.1664096898365,156.9680328482178,138.85065145967116,108.57274984426849,217.38924204162743,1.8161785686904757,201.2
2.78,4.975,0.027,0.027,0.0108,136.34396670865843,165.98395947141026,371.6642246369273,158.75308385447676,142.2375773913967,109.49736619307023,219.34949907305037,1.8199651370196888,201.2
2.79,5.0655,0.0272,0.0272,0.0108,136.7744580338063,166.50803586724246,374.3644678875928,159.30556635299044,142.50846184005033,109.95896025028344,219.7889131899581,1.8111846663348208,201.2
2.8,5.2621,0.0279,0.0279,0.0109,137.88959573591683,167.86559480894223,379.98240577597727,160.418112469735,143.34750689236557,110.90721876629702,220.778033692402,1.796628186101669,201.2
2.81,5.4508,0.0291,0.0291,0.011,139.1938664828657,169.45340267479304,385.26542709587005,161.96239344810925,145.31470077795592,111.97255127175768,222.24824936328443,1.7869223223426127,201.2
2.82,5.671,0.0295,0.0295,0.011,140.17024713748273,170.64203999345725,391.2734196660178,162.7920062659113,145.3908271082089,112.85200817675867,222.90854817744253,1.7692052393352504,201.2
2.83,5.8205,0.03,0.03,0.0111,140.9534936050394,171.59555743222188,395.31956217108655,163.56877833633845,145.95338466172836,113.5454663851732,223.63933535289624,1.7592577302431245,201.2
2.84,5.9306,0.0319,0.0319,0.0112,142.28101438109013,173.21166968132712,398.2980635930328,165.5195298825241,149.61202653291014,114.54632267470689,225.66438044742569,1.7622234875205312,201.2
2.85,6.0407,0.032,0.032,0.0112,142.733766534466,173.7628462158717,401.24518813622734,165.8438635874261,149.44647050326665,114.99228631890452,225.98782792013895,1.753507575483812,201.2
2.86,6.0446,0.0324,0.0324,0.0116,143.02247159701193,174.1143132485363,401.4853130687364,166.2442002949682,150.2938746222146,115.23376340553396,226.55483397790437,1.75605940744811,201.2
2.87,6.0682,0.0327,0.0327,0.0116,143.31876067267385,174.47501299282033,402.22212090590494,166.58935894746296,150.8589557056032,115.4986950369058,227.03338598775463,1.7562482367383003,201.2
2.88,6.1114,0.0329,0.0329,0.0118,143.62277204404458,174.84511379274994,403.4530585000024,166.8803993067316,151.14315764854308,115.78717454787471,227.4253976801944,1.7541006162850328,201.2
2.89,6.194,0.0332,0.0332,0.012,144.0818603709225,175.40400392981869,405.6668379047416,167.32548534355777,151.4907855918792,116.21059831907496,227.91633225222225,1.7492184600297829,201.2
2.9,6.3316,0.0337,0.0337,0.012,144.77868318412123,176.25230996327804,409.2246374861599,168.03343267453388,152.05170989933558,116.83573310038098,228.59647840163876,1.7410300630023112,201.2
2.91,6.5007,0.0344,0.0344,0.0121,145.63900268143794,177.29965543827228,413.5054839520159,168.95585367358024,152.90508035718017,117.59278676276404,229.45270613708908,1.731681136471063,201.2
2.92,6.6777,0.0346,0.0346,0.0122,146.27073164634655,178.06871678685667,417.911517373326,169.45849511614733,152.73010902576783,118.21806489162115,229.8707690326637,1.7189954170359545,201.2
2.93,6.7996,0.0353,0.0353,0.0124,146.98418817393292,178.93727255957052,420.9518181603044,170.28481575539217,153.73981933310856,118.8365203111427,230.7004023577157,1.7139072363891728,201.2
2.94,6.9569,0.0356,0.0356,0.0123,147.58840446459394,179.67284021776652,424.7869944403477,170.82738595199356,153.84106229211656,119.42537131165456,231.19264113527728,1.7038834534837353,201.2
2.95,7.0906,0.037,0.037,0.0124,148.62945524800784,180.94020638887912,428.0304322125386,172.22644285933225,156.15549415997947,120.25065110863908,232.58730347445837,1.7021845879848367,201.2
2.96,7.2085,0.0377,0.0377,0.0126,149.30395843025985,181.76134069770765,430.87963793887695,173.01605028727482,157.14550114375092,120.83782975554423,233.38287531320003,1.6977006411864168,201.2
2.97,7.4209,0.0387,0.0387,0.0127,150.31187196543596,182.9883658709655,435.830308060468,174.17579725914146,158.38973629423245,121.72222249687584,234.4287874463089,1.6881263359314738,201.2
2.98,7.5664,0.0396,0.0396,0.0128,151.11280863636676,183.96341920949,439.22049262926873,175.14153088696924,159.64541522723442,122.41050893765431,235.3643191660535,1.6830056319987785,201.2
2.99,7.7354,0.0402,0.0402,0.0128,152.07892066333483,185.1395555901468,443.0881296885189,175.4799966973209,159.7591523957051,123.0684399889614,236.063436723664,1.6779108292377978,201.2
3.0,7.9478,0.0408,0.0408,0.013,152.7359640661996,185.93943451537348,447.8441923557741,176.48840296723876,160.47653220734176,123.81631750688882,236.7658605629016,1.6654444967896591,190.3
3.01,8.227,0.0413,0.0413,0.013,153.40164658179432,186.74983062131483,453.93754966189687,177.58751043891886,160.92024345693923,124.67458712793076,237.4014529411254,1.6478297772425945,190.3
3.02,8.5494,0.0418,0.0418,0.013,154.08455355705806,187.5811956346794,460.8015147997352,178.77249177908865,161.30606242007835,125.60765746099274,238.0404443664405,1.627809181799832,190.3
3.03,8.8129,0.042,0.042,0.0131,154.964210917324,188.65208285587272,466.32734596629496,178.92151633376318,160.49628278159028,126.32394448180423,238.4410510880339,1.615885572333351,190.3
3.04,9.0095,0.0448,0.0448,0.0132,156.59557120268997,190.6380866815356,470.4268551311629,181.28212866381185,164.8805953146716,127.52333259706104,240.68980717018917,1.618280228391877,190.3
3.05,9.1235,0.0476,0.0476,0.0132,158.04756584884342,192.40573233772244,472.8449105036975,183.47154457936955,169.4035473532692,128.51617996175773,242.81846734424948,1.6251387955062062,190.3
3.06,9.214,0.0476,0.0476,0.0134,158.28477620631423,192.69451016420865,474.785269279341,183.63352014603225,169.1768042587929,128.8161451279866,243.0373923975845,1.6201470324469984,190.3
3.07,9.2729,0.0476,0.0476,0.0138,158.46963411248365,192.91955457171923,476.0973598696565,183.75673273657412,169.04346400558543,129.0513973724414,243.2495600853555,1.6170287228062834,190.3
3.08,9.2533,0.0476,0.0476,0.0138,158.52988274856816,192.9929007373873,475.86598976989126,183.7840204300265,169.13427355578182,129.12877046941725,243.4459677880354,1.618469808160833,190.3
3.09,9.2179,0.0476,0.0476,0.014,158.56471811595517,193.03530901072804,475.3232398066178,183.79163544882675,169.27000977690162,129.1738679772901,243.6387885036536,1.6208311575009735,190.3
3.1,9.2081,0.0473,0.0473,0.0142,158.5153136090072,192.975164393574,475.2829885186577,183.6196186133743,168.8220034970903,129.2023260723841,243.63578108747276,1.6203088363194456,190.3
3.11,9.2041,0.0469,0.0469,0.0142,158.43241015496375,192.8742384495211,475.355672036975,183.3833322671476,168.186294484146,129.21884903271467,243.56454257229072,1.6189752595770972,190.3
3.12,9.2002,0.0465,0.0465,0.0146,158.3484981609404,192.7720847176666,475.4313979076109,183.14602271967777,167.54890691648123,129.23442113828267,243.4904046125591,1.6176197007491244,190.3
3.13,9.2022,0.0459,0.0459,0.0144,158.18752733202757,192.57612023029444,475.62072700300246,182.77218186537772,166.5521273351929,129.214128248724,243.27692642640045,1.614964883520089,190.3
3.14,9.1982,0.0446,0.0446,0.0145,157.71275802707882,191.99814020687856,475.692355504549,181.88403419781852,164.3668758447643,129.0126418632103,242.56486199493435,1.6092543952912073,190.3
3.15,9.1353,0.0443,0.0443,0.0146,157.5725565161053,191.827460106563,474.5972658334471,181.6368200025599,164.05338351716196,128.92696267338985,242.5348540513578,1.611770896155888,190.3
3.16,9.1314,0.0442,0.0442,0.0148,157.6116188869921,191.87501429720777,474.6695982356722,181.60913032820463,163.92543765484146,129.00848086456682,242.657354681496,1.611809294214917,190.3
3.17,9.1274,0.0441,0.0441,0.0147,157.6501350007109,191.92190347912629,474.7382606439771,181.5810259615405,163.797731096277,129.0894293153857,242.7791205010724,1.6118560137239348,190.3
3.18,9.155,0.039,0.039,0.0147,155.46763217566718,189.26494351820352,475.4341729272545,177.85817105966655,154.8693475746664,127.94688793171584,239.1269295630833,1.5846522177487856,190.3
3.19,8.9702,0.039,0.039,0.0148,155.269135125885,189.02329493586,471.8932630361424,177.6597389093783,155.3452219041644,127.6831244451841,239.2808445426672,1.5957845960914163,190.3
3.2,8.8561,0.0383,0.0383,0.015,154.84405349342188,188.50580425286145,469.7383618111836,177.0118711634574,154.41020777288233,127.36729836342734,238.8845900011744,1.5991539146769158,190.3
3.21,8.805,0.0377,0.0377,0.015,154.5621484624414,188.16261551949387,468.8462874366235,176.52185847656958,153.49357868461834,127.2048241626735,238.57278556974103,1.5992869361242543,190.3
3.22,8.6241,0.0373,0.0373,0.0151,154.1591965115579,187.6720653184183,465.28798078982936,176.00178463586508,153.24410648596043,126.82251846402193,238.39312193553596,1.6084316673917096,190.3
3.23,8.5573,0.0363,0.0363,0.0152,153.64950320203542,187.0515691155214,464.0512741958549,175.16102634245237,151.62450999924795,126.50417747266452,237.7251591513991,1.607326640155221,190.3
3.24,8.455,0.0363,0.0363,0.0154,153.56003562013294,186.9426520592923,462.0671898719807,175.05975155950975,151.90378963833447,126.39385088376233,237.88997735471585,1.6140045968114178,190.3
3.25,8.4305,0.0363,0.0363,0.0158,153.6021906142637,186.9939711825819,461.6979549542129,175.07051774930812,151.99539660005442,126.44932842871856,238.0704109719347,1.6158363259975774,190.3
3.26,8.4294,0.0362,0.0362,0.0158,153.63580199771656,187.0348893885245,461.8153890480496,175.03523327047677,151.8471612597564,126.5260198666442,238.16986895113743,1.6156403246711808,190.3
3.27,8.4324,0.0361,0.0361,0.016,153.6762635314037,187.08414690779583,462.0190507305567,175.00583680364886,151.6887395461404,126.61121276003377,238.26942236130697,1.6151818538876328,190.3
3.28,8.4354,0.0361,0.0361,0.016,153.76514409329104,187.19234933096303,462.2215143914431,175.0562784483822,151.7133056864214,126.72522396267888,238.45418896298975,1.6152865568233752,190.3
3.29,8.455,0.0361,0.0361,0.016,153.88244731247255,187.3351532499666,462.7707735778872,175.13109992715164,151.69781164095943,126.87490805143725,238.64200795773183,1.6143458576822578,190.3
3.3,8.4826,0.0361,0.0361,0.0161,154.01318382086754,187.49431073844747,463.4866930282324,175.21770821565298,151.66330604837276,127.04160456295052,238.83107473444483,1.6129041030169469,190.3
3.31,8.514,0.0359,0.0359,0.0162,154.05193388364734,187.5414847279185,464.2805580446994,175.14993242265302,151.25533705315107,127.1575318265306,238.8479428421388,1.6101061216645214,190.3
3.32,8.5455,0.0357,0.0357,0.0162,154.0897210514385,187.58748649740335,465.0746074023057,175.08201978210406,150.84825526226246,127.27287925249225,238.8632934254045,1.6073068232271674,190.3
3.33,8.5337,0.0356,0.0356,0.0164,154.10336213591208,187.6040930350234,464.968530319864,175.0302558571925,150.72495640652514,127.32434515425616,238.9555174488418,1.607763953367875,190.3
3.34,8.4511,0.0322,0.0322,0.0164,152.31825162085025,185.4309150166873,463.3823486562165,172.16113028412187,144.6739878018666,126.19637640643366,236.0195797924804,1.5934029742601483,190.3
3.35,8.4118,0.0307,0.0307,0.0168,151.53847319723232,184.48161954445675,462.69692845423214,170.8747422148859,141.98321372227025,125.71779976094436,234.7298161148698,1.587009761049084,190.3
3.36,8.4118,0.03,0.03,0.0168,151.24033459441785,184.1186682019,462.833482221487,170.31801172170464,140.69861556441035,125.58136907475978,234.20358242666956,1.5829448739063334,190.3
3.37,8.1994,0.0302,0.0302,0.0169,151.06748016133483,183.90823671814675,458.47096701583695,170.19681655658,141.5320401411851,125.29222747952348,234.53788811963685,1.597915759390834,190.3
3.38,8.1523,0.0304,0.0304,0.0169,151.17268653159348,184.03631403846163,457.5977636731125,170.3375851365369,142.0394206635255,125.36015347915536,234.90524808434904,1.6024836575919104,190.3
3.39,8.0972,0.0307,0.0307,0.0171,151.31563062864106,184.2103329392152,456.548686569877,170.55062545760475,142.7554384551333,125.44288830969076,235.3693705355191,1.6082124472609358,190.3
3.4,8.0736,0.0317,0.0317,0.0173,151.88270046382493,184.900678825526,456.1740004784268,171.4103041256719,144.7338496190091,125.8272084586492,236.52329635501863,1.6162131205792445,190.3
3.41,8.0068,0.0325,0.0325,0.0173,152.0132513326186,185.0596103179705,454.861356215665,172.3690119816464,146.80204866913482,126.03987172986812,237.4526641903631,1.6229175737675905,190.3
3.42,7.9556,0.0331,0.0331,0.0175,152.38991600216443,185.5181586113306,453.8809655012564,172.71494371759374,147.96092180433484,126.21753876562508,238.18311962999107,1.6312001280376602,190.3
3.43,7.8573,0.0337,0.0337,0.0175,152.7046309938589,185.90128990556732,451.8619450975169,172.92915041904752,149.1782511601078,126.2822265112379,238.8944594856281,1.6430655239789185,190.3
3.44,7.8337,0.0338,0.0338,0.0177,152.81786287020438,186.0391374072053,451.4742238335653,172.97476405723046,149.40890859179464,126.3608081823641,239.15725924603512,1.645889077040292,190.3
3.45,7.7984,0.0338,0.0338,0.0177,152.8595018191835,186.08982830161472,450.8258791219376,172.91472879396056,149.47594218915242,126.38059935102528,239.3249617941284,1.6489520642225612,190.3
3.46,7.7354,0.0336,0.0336,0.0179,152.7526421965052,185.9597383261803,449.561455660443,172.63140062687444,149.22023430834804,126.27246491997217,239.30120582716367,1.6528299938101592,190.3
3.47,7.6371,0.0335,0.0335,0.0179,152.6553068543358,185.84124312701752,447.499339499832,172.32220285001426,149.18959041850383,126.1100903148952,239.36056878061729,1.6601936918441051,190.3
3.48,7.413,0.0328,0.0328,0.018,151.79265583621532,184.7910592788708,442.5659046468227,171.57831932366472,148.64524354433618,125.45082389345642,238.8255900557304,1.6706641011226395,190.3
3.49,7.2754,0.0322,0.0322,0.0181,151.27085918055394,184.1558285676309,439.5364763296967,170.8699107249762,147.86168738774956,125.02092826474068,238.39305142564632,1.677266123041366,190.3
3.5,7.1574,0.0322,0.0322,0.0183,151.0890595422323,183.9345072688045,436.92553037470685,170.70045412528867,148.19727936848295,124.82613921631156,238.5368188089672,1.6862951005463778,190.3
3.51,6.9116,0.0318,0.0318,0.0181,150.39890007195427,183.0943131310748,431.2555024265863,169.95052951385728,148.0960007858749,124.16922490751024,238.25984947993345,1.7027692502103766,190.3
3.52,6.8261,0.0316,0.0316,0.0182,150.17107400558797,182.81695965897669,429.33220732744735,169.65770873549212,147.95881987581092,123.97998297391644,238.2139813017796,1.708462755953276,190.3
3.53,6.7406,0.0314,0.0314,0.0182,149.93891304370584,182.53432892277235,427.3910865559486,169.3617378009099,147.82180034890544,123.78754329904716,238.166118832722,1.714237025523415,190.3
3.54,6.7445,0.0313,0.0313,0.0183,149.97449291985612,182.57764355460748,427.6057013013151,169.31988594838708,147.6352348988225,123.86245258392684,238.23884383639475,1.713592367492067,190.3
3.55,6.7249,0.0313,0.0313,0.0183,150.0033737421706,182.61280281655556,427.2501390275364,169.32026213222616,147.71502253883804,123.9076855087294,238.4037968536132,1.7154567424738287,190.3
3.56,6.6541,0.0313,0.0313,0.0184,149.90468089177546,182.4926549986832,425.6461879735136,169.22239664131774,147.9390526404526,123.8157706206505,238.55483860261023,1.721430191087936,190.3
3.57,6.6148,0.0313,0.0313,0.0185,149.88259240158226,182.46576466279575,424.80308563518577,169.18379953878187,148.0754040058941,123.8067075798579,238.71373154704335,1.7249108448877857,190.3
3.58,6.5944,0.0313,0.0313,0.0187,149.9074931257619,182.49607858788409,424.4209322409194,169.18123065498582,148.15810379613177,123.84792246370404,238.87726728434768,1.7268718691884677,190.3
3.59,6.5874,0.0313,0.0313,0.0189,149.9660937974513,182.56741853602767,424.3670292020263,169.20441783325376,148.20242945910044,123.9250437325429,239.04402821333105,1.7277465709245554,190.3
3.6,6.5912,0.0312,0.0312,0.0189,150.00079112102145,182.6096587560261,424.5773776284228,169.16127447789273,148.01368617095105,123.99827287036962,239.11384472263344,1.727100215978511,190.3
3.61,6.5951,0.031,0.031,0.019,149.98415307968733,182.58940374918456,424.79040282489456,169.03082276524472,147.62217555610812,124.03827708450602,239.08280139880475,1.7257947649176544,190.3
3.62,6.6266,0.0309,0.0309,0.019,150.08794330656008,182.71575706885577,425.6804229422551,169.04138954455755,147.35568701429253,124.18559667131666,239.1581458062733,1.7228975950247956,190.3
3.63,6.7327,0.0298,0.0298,0.0191,149.85116523932936,182.4275055087488,428.3872225619011,168.31532836379398,144.86623841273922,124.19127009585364,238.2280228776973,1.707489442923123,190.3
3.64,6.835,0.0295,0.0295,0.0191,150.01248111187067,182.62389004923384,430.9780952517551,168.28418068752163,144.02052523919633,124.45191443357024,238.10709285901865,1.697746958196726,190.3
3.65,7.004,0.0295,0.0295,0.0192,150.48059303895602,183.19376543872903,435.1344836616123,168.64583873890473,143.62540413924086,124.98569527006464,238.3154911683588,1.6850093444707015,190.3
3.66,7.0355,0.0294,0.0294,0.0193,150.57341050366702,183.30676061315987,435.9991604528023,168.65472072765965,143.3741693720236,125.12637659827884,238.38317825325737,1.6822488949492629,190.3
3.67,6.9844,0.0287,0.0287,0.0195,150.15222206165888,182.79400946636733,434.9058216154059,167.9694969197379,142.11592483513226,124.84000495436204,237.7888418217327,1.6817621627952115,190.3
3.68,6.9608,0.028,0.028,0.0195,149.78752755831724,182.35003354925576,434.4612111809998,167.3291479923644,140.78231699496482,124.61793533810932,237.1840471824332,1.6791217319413445,190.3
3.69,6.9175,0.0275,0.0275,0.0197,149.48405383926632,181.9805872825851,433.54482804602,166.82587190569313,139.89155096857357,124.41376892045638,236.78069997075232,1.6792994874425828,190.3
3.7,6.8861,0.0274,0.0274,0.0199,149.4295524186023,181.9142377269941,432.90937610852654,166.7093087269097,139.78452485996738,124.3882500033898,236.82272137672425,1.6813141969606678,190.3
3.71,6.8153,0.0268,0.0268,0.0199,149.0000229990293,181.3913323466444,431.3198893570472,166.05165276787918,138.74187029065342,124.06828944601024,236.28527979221155,1.6829125611882594,190.3
3.72,6.7327,0.0266,0.0266,0.02,148.7644975956424,181.10460576860817,429.4315382807552,165.73534832928192,138.54193139476718,123.86630714237326,236.1948002368776,1.6882665639010506,190.3
3.73,6.6698,0.0266,0.0266,0.02,148.68629337856564,181.0094006347756,428.0091803942352,165.6429787696716,138.71072145759467,123.7913499416511,236.33886058807445,1.6935445053447735,190.3
3.74,6.603,0.0266,0.0266,0.0201,148.59607206392994,180.89956599087125,426.48109867413183,165.54122248017345,138.89029624656305,123.70408778493623,236.48138983210703,1.699186822308394,190.3
3.75,6.5361,0.0265,0.0265,0.0201,148.44607852612924,180.7169651622443,424.938608758354,165.34414242735346,138.86348926583642,123.5759090955114,236.50753846931613,1.7041854730008033,190.3
3.76,6.5222,0.0265,0.0265,0.0203,148.48378807648177,180.76287244093436,424.7063348800823,165.3503263213183,138.92010692152252,123.6295258380862,236.66321512801804,1.7056094974600224,190.3
3.77,6.5185,0.0266,0.0266,0.0203,148.60344829610082,180.9085457517749,424.72600592417945,165.4711786229225,139.1613832995222,123.74941616684336,236.93729309848064,1.70691952618062,190.3
3.78,6.5293,0.0269,0.0269,0.0205,148.87222862516683,181.23575658715967,425.10697747517816,165.8085351637646,139.78442101229746,123.98546534972895,237.4449788561872,1.7084599720560507,190.3
3.79,6.54,0.0274,0.0274,0.0205,149.2513258434603,181.69726624421256,425.4840713678505,166.32877235145287,140.82081546862597,124.29567462409308,238.1761791819947,1.711402171858318,190.3
3.8,6.6305,0.0281,0.0281,0.0206,149.93712474516673,182.53215186368124,427.8343603668973,167.19228580146657,142.06683355085346,124.89439588372896,239.14222707462056,1.7092105391091093,190.3
3.81,6.776,0.0288,0.0288,0.0207,150.74797866065254,183.51927836949005,431.5072466735332,168.15629216743034,143.16281357271626,125.6332839286708,240.1065462542831,1.7026588620569136,190.3
3.82,6.9726,0.0289,0.0289,0.0207,151.33719774943046,184.23658856452403,436.35795219614505,168.67350872768333,142.91687262602022,126.2800668346806,240.4250012332564,1.6883166487058945,190.3
3.83,7.1849,0.0289,0.0289,0.0208,151.88588712061613,184.90455823379355,441.4980363255324,169.12462950583418,142.4531479307295,126.91886741906067,240.6374840143747,1.6725686848196444,190.3
3.84,7.2872,0.0288,0.0288,0.0209,152.3361762346217,185.4527362856264,444.0025469632916,168.97352489920686,141.742834587773,127.23313231924716,240.71299011688535,1.6671757187963765,190.3
3.85,7.295,0.0288,0.0288,0.0213,152.42347756324963,185.55901616395607,444.3001695080305,169.02913411579598,141.75450985889432,127.34477339930498,240.87333771536584,1.666853584948782,190.3
3.86,7.3108,0.0287,0.0287,0.0211,152.45982482478513,185.60326500408627,444.780586619124,169.0282545238008,141.56956607824557,127.43955232649374,240.92636618418857,1.6651452769068549,190.3
3.87,7.3029,0.0284,0.0284,0.0212,152.33770093429197,185.45459244174677,444.7113926952443,168.79834927862336,141.0342019477344,127.40023364044032,240.75309526645003,1.6638741990769037,190.3
3.88,7.2714,0.0282,0.0282,0.0212,152.24339424498413,185.3397842982416,444.0915322273902,168.57798291752607,140.71157804479452,127.33761631825648,240.6814058147245,1.6652745078665472,190.3
3.89,7.2361,0.0279,0.0279,0.0213,152.07962380103632,185.14041158387036,443.38065856128026,168.2648011991465,140.20244108776402,127.2265110689672,240.49490757164585,1.666232620692479,190.3
3.9,7.2085,0.0274,0.0274,0.0215,151.79829905242536,184.7979292812135,442.8477417582707,167.81025248401565,139.30222102469887,127.0564586727043,240.0793056880272,1.6650208244554765,190.3
3.91,7.0237,0.0262,0.0262,0.0215,150.5765084881334,183.31053207251023,438.589854044408,166.64394534870675,137.55981146906583,126.20235700704438,238.7944511795083,1.6684079127928,190.3
3.92,6.8507,0.0251,0.0251,0.0217,149.60759575320674,182.13098613433863,434.54473305584,165.28963755480612,135.67570593916614,125.3920784914624,237.5763210145029,1.6740343684780843,190.3
3.93,6.7249,0.0245,0.0245,0.0217,149.02521231926403,181.4219976060606,431.5898609998012,164.48512213211714,134.70385086929846,124.8954153547284,236.95044942737607,1.6797341249480282,190.3
3.94,6.5636,0.0237,0.0237,0.0221,148.2227269004573,180.44505883533927,427.7179183461888,163.3944812317344,133.36503778669623,124.20479109562724,236.0393641752379,1.6868661748541778,190.3
3.95,6.4103,0.0229,0.0229,0.0219,147.41915053522794,179.46679195592966,423.98189667219447,162.29779923310397,131.98432758051092,123.51754288460596,235.0976744287036,1.693502219239363,190.3
3.96,6.2609,0.0224,0.0224,0.0221,146.7930737675258,178.70461154307492,420.2884933294978,161.48895696084116,131.22181802221488,122.95986132714164,234.5330178697958,1.7023203449077204,190.3
3.97,6.1075,0.0217,0.0217,0.0223,146.013763096963,177.75588550934626,416.4324506797494,160.45117012139772,130.01522206013112,122.28468869577392,233.6732014875164,1.71009023857387,190.3
3.98,5.9502,0.0209,0.0209,0.0223,145.13852431234196,176.69037742372063,412.4080545007659,159.2769483422234,128.56890107022863,121.53182062244528,232.6380363528848,1.717559618815104,190.3
3.99,5.7969,0.0202,0.0202,0.0224,144.31570159770268,175.68868020589892,408.4215326206669,158.19082420838825,127.31035304021532,120.81827983373276,231.71237306464457,1.725685211338502,190.3
4.0,5.6238,0.0195,0.0195,0.0225,143.41044778720803,174.58663208877502,403.8233213468744,157.02815310680947,126.06394072750024,120.02388337093956,230.74678234638168,1.7358592230797243,171.6
4.01,5.4548,0.0192,0.0192,0.0225,142.75676242468083,173.79084121265493,399.2463588632307,156.28614313708795,125.72036984324616,119.42688708264188,230.3756665437619,1.7495488108524526,171.6
4.02,5.2975,0.0187,0.0187,0.0226,141.98366315196645,172.8496768806548,394.9101823389644,155.33798687756357,124.87719521376418,118.74675162541747,229.68174594835384,1.7607259496240977,171.6
4.03,4.9829,0.0177,0.0177,0.0227,140.29953349256513,170.7994320779054,385.8849378448392,153.34763073564346,123.1266101156936,117.249726853344,228.0866280383221,1.783889624600585,171.6
4.04,4.8374,0.017,0.017,0.0227,139.35466221652177,169.64915400272213,381.6387982163753,152.13267926999686,121.71279415459412,116.44027729804692,226.9858210838823,1.7929692469830192,171.6
4.05,4.6723,0.0166,0.0166,0.0228,138.5180936948113,168.63072275890073,376.70724152214586,151.18276737194,121.06709229539184,115.71021871528964,226.3676983421581,1.80752543488572,171.6
4.06,4.5032,0.016,0.016,0.0229,137.49163022049066,167.38111505103214,371.5362435001478,149.95295106200854,119.9034559184748,114.82516465126238,225.3660520396417,1.8210550459715944,171.6
4.07,4.3066,0.0159,0.0159,0.0231,136.67025655169243,166.3811818890169,365.3511423574041,149.21314974948362,120.09174571702664,114.10808140839605,225.24821739263305,1.8437865733978855,171.6
4.08,4.1178,0.0158,0.0158,0.0231,136.01764189422187,165.58669447992227,359.24179917045643,148.21165084806333,120.03257328261714,113.39180862916122,225.1286260195261,1.8694315646055757,171.6
4.09,3.9566,0.0158,0.0158,0.0233,135.3474222968144,164.77077497003495,353.8965256003869,147.64944369522772,120.43039167606312,112.81837239625108,225.2015407729928,1.8910970797245867,171.6
4.1,3.8032,0.0157,0.0157,0.0233,134.60455541102718,163.8664152829896,348.68164458021164,146.97371166107928,120.56159831904168,112.19484063017684,225.08892642888816,1.9115149274482168,171.6
4.11,3.6813,0.0157,0.0157,0.0234,134.05586819144236,163.19844823306028,344.4585181248483,146.52664145927915,120.90228293774116,111.74541043699978,225.17340758460475,1.929335632481178,171.6
4.12,3.6106,0.0157,0.0157,0.0235,133.75091203200026,162.82719725634814,342.0025270184951,146.27099478138996,121.1141874511628,111.5091102761786,225.27956209817012,1.9400890788069112,171.6
4.13,3.5555,0.0157,0.0157,0.0235,133.51985757333355,162.5459135675365,340.0835509576951,146.07331831698036,121.28680530429864,111.3374593777888,225.39212512068636,1.948695682754961,171.6
4.14,3.5319,0.0157,0.0157,0.0237,133.4533432641777,162.46493962595548,339.3033070231861,146.00031415824432,121.36997442070926,111.30554446945406,225.5189592702616,1.952597997304396,171.6
4.15,3.5162,0.0157,0.0157,0.0239,133.42837305750595,162.43454111348552,338.8095108751244,145.95864915956057,121.43036664111708,111.30878932287746,225.649212969796,1.955311755987056,171.6
4.16,3.5146,0.0164,0.0164,0.0239,133.96444571650323,163.0871513070474,338.83141215354107,146.84578213183335,123.40354113650235,111.77995709636043,227.06989022382044,1.963671235542576,171.6
4.17,3.5161,0.0183,0.0183,0.024,135.28937092212428,164.70010373128176,338.9678677803678,149.1564384084181,128.62175327776816,112.88387317858444,230.46961270052748,1.9839573181288728,171.6
4.18,3.5177,0.0191,0.0191,0.024,135.86333926953674,165.39884780639255,339.10710315404253,150.11132502690626,130.7834361630231,113.36836044888922,231.8964004933981,1.9921473072158775,171.6
4.19,3.528,0.02,0.02,0.0241,136.53346054493898,166.21464761992573,339.56659324389733,151.19336252181435,133.15285442334334,113.92602011976352,233.4347536781988,1.9997378847561005,171.6
4.2,3.6499,0.0213,0.0213,0.0243,138.03513805283205,168.04277675996948,344.0781684302317,153.11342758581483,136.07938761350962,115.16091103255208,235.5548515302608,1.993693087147172,171.6
4.21,3.7914,0.0229,0.0229,0.0245,139.76380129555687,170.14723635980835,349.19096670222183,155.35545994084896,139.58995192213072,116.5686411551349,237.9933682232649,1.9874552850496852,171.6
4.22,3.9959,0.0244,0.0244,0.0247,141.6919411545692,172.49453705773644,356.3453016586577,157.63270982500674,142.4784234156293,118.15185485591552,240.20189595923836,1.971564238343876,171.6
4.23,4.2476,0.0253,0.0253,0.0249,143.4377310590171,174.6198465066295,364.8348366847182,159.39417635400352,143.66569391337248,119.63331265421311,241.58935750993663,1.945469849143596,171.6
4.24,4.5739,0.0264,0.0264,0.0249,145.51982544704674,177.15457010944823,375.37263604494376,161.5169496208856,145.03814489374253,121.42271428719296,243.2080518427552,1.913558990238095,171.6
4.25,4.9121,0.0271,0.0271,0.025,147.13401560336445,179.11967116931325,385.82175299631473,163.4954431639504,145.7907965909815,123.02372519141888,244.3112916594769,1.877375622146125,171.6
4.26,5.2464,0.0272,0.0272,0.0251,148.4877771768304,180.7677287370109,395.7315012316682,164.51934635981374,144.91514407012878,124.3148333451496,244.69287058883165,1.8424713561217807,171.6
4.27,5.5649,0.0273,0.0273,0.0251,149.68616294121148,182.22663314582263,404.8275066843036,165.461181648536,144.17756869312484,125.49433815100257,245.06175332653336,1.8114001966705744,171.6
4.28,5.8087,0.0272,0.0272,0.0252,150.4639344293342,183.17348539223292,411.6028059499408,166.0018947860112,143.288671646149,126.31524775180284,245.16765364741352,1.7876620499853093,171.6
4.29,5.9935,0.0272,0.0272,0.0253,151.080465172394,183.92404455769704,416.6492275346604,166.4781043310261,142.8129345703213,126.96855080516822,245.36931112420964,1.7709579464540928,171.6
4.3,6.1979,0.0271,0.0271,0.0253,151.67006060190138,184.64181290666252,422.1137896953024,166.8986210910725,142.10148776699967,127.62675353210872,245.4572658298056,1.7523581315748944,171.6
4.31,6.2491,0.0269,0.0269,0.0255,151.76368334668277,184.7557884220486,423.5397894340323,166.86375415744698,141.57617240458714,127.78199364337908,245.3801064169355,1.7467555800265095,171.6
4.32,6.2215,0.0267,0.0267,0.0257,151.64068537417393,184.6060517598639,422.9228775881628,166.6445910392868,141.24260289921995,127.70374531451064,245.2779067159888,1.7479939037740275,171.6
4.33,6.2097,0.0266,0.0266,0.0259,151.61740367665635,184.5777088237556,422.71432312781377,166.5545816340914,141.08051991376595,127.71114635525542,245.29829442052795,1.7485814138940394,171.6
4.34,6.139,0.0265,0.0265,0.0261,151.4304064767492,184.3500600586512,420.96805125579056,166.32485000156677,141.0604215625572,127.54264950610404,245.30056192625497,1.7543360996627668,171.6
4.35,6.0878,0.0218,0.0218,0.0261,148.51072736129728,180.7956680920141,419.7201731461065,161.6552867153837,131.05038824389297,125.42150840652432,239.277514261946,1.7229781932924175,171.6
4.36,5.9895,0.021,0.021,0.0263,147.78612641554955,179.9135452015386,417.2163723898372,160.6176518014983,129.4855782985905,124.81980807330936,238.22702963794453,1.7253340897284564,171.6
4.37,5.8637,0.0206,0.0206,0.0263,147.2308597438827,179.2375683838572,413.94379193607705,159.90706700047775,128.84516717762727,124.31953376589622,237.7326155399013,1.7335430217377887,171.6
4.38,5.73,0.0211,0.0211,0.0264,147.22692415333847,179.2327772301512,410.40926469978143,160.10634625207192,130.25194129584546,124.2331036429922,238.5721633712854,1.7503338513750002,171.6
4.39,5.6081,0.0215,0.0215,0.0265,147.17573267304124,179.17045716718064,407.14740218248267,160.22582061245998,131.4297154380112,124.12087247399658,239.2552715103569,1.7654726259209108,171.6
4.4,5.5137,0.0226,0.0226,0.0265,147.63170151949336,179.72554967590497,404.6092785203411,161.1277362190091,134.14971405231566,124.4103404681697,240.92066809017763,1.7839793519386655,171.6
4.41,5.5102,0.0226,0.0226,0.0267,147.68402786708285,179.78925131644868,404.6032839504679,161.14615547890628,134.1761537022193,124.47749831946392,241.05794733172868,1.784606574547983,171.6
4.42,5.5114,0.0233,0.0233,0.0269,148.17971819634016,180.39270041293585,404.728773712646,161.8821638975581,135.76761488291228,124.87556710487924,242.1548644103575,1.7904496500048237,171.6
4.43,5.5125,0.0241,0.0241,0.0269,148.72730936533063,181.05933314040252,404.8501655949765,162.70693477182826,137.57252750350742,125.3082521145726,243.3593817183201,1.7969984338551668,171.6
4.44,5.5255,0.0244,0.0244,0.0271,149.01093880463569,181.40462115346955,405.3058426247154,163.0637336132147,138.22490096937116,125.55822059608188,243.8944254343264,1.7983649476439678,171.6
4.45,5.6396,0.0247,0.0247,0.0273,149.6150953763013,182.14011611027985,408.5717964853855,163.68349761195367,138.61661931135652,126.1349701186024,244.4582393540063,1.789903322339904,171.6
4.46,5.7339,0.0251,0.0251,0.0273,150.20696290210353,182.86065048951733,411.2570420699597,164.3419323830135,139.27543026800043,126.68425713530466,245.13853667647507,1.7842714034412808,171.6
4.47,5.8087,0.0251,0.0251,0.0274,150.49878593366645,183.2159133105505,413.3885027193867,164.56134405945832,139.10896448846572,126.99996513170406,245.3010045739373,1.7775288764121315,171.6
4.48,5.9188,0.0255,0.0255,0.0274,151.12519018047675,183.97849239362387,416.45364337701153,165.25023684983003,139.72544438235573,127.59028092594188,245.97889461085472,1.7706552359683485,171.6
4.49,5.9699,0.0256,0.0256,0.0275,151.39724279648598,184.3096868826786,417.9149693560852,165.50167603651025,139.83629513658923,127.8690619097361,246.2586143162896,1.767025026502257,171.6
4.5,5.9777,0.0256,0.0256,0.0275,151.48397233281835,184.41527066603973,418.2153759589538,165.54994725318565,139.83661062588968,127.97222814775402,246.39964020934792,1.76660183739949,171.6
4.51,5.7379,0.0259,0.0259,0.0276,151.00360656215653,183.8304775539297,411.822423529386,165.25698135783713,141.09700915977484,127.42164588216389,246.83694452278377,1.791383305788416,171.6
4.52,5.498,0.0259,0.0259,0.0277,150.3018736165177,182.9761939679346,405.2540371377417,164.65876725371152,141.7521376413696,126.71839694340228,246.89725631358783,1.814949518397523,171.6
4.53,5.498,0.0259,0.0259,0.0279,150.365444127551,183.0535841552795,405.3438355767025,164.6858845112117,141.76937672797828,126.79627219697976,247.0353391801777,1.815240010522884,171.6
4.54,5.4705,0.0259,0.0259,0.0279,150.33788523533107,183.02003419953348,404.6572625599629,164.63955478335143,141.86218903547714,126.78244466605815,247.16402301299976,1.8182717962078143,171.6
4.55,5.443,0.0259,0.0259,0.0281,150.30965847671254,182.9856711890413,403.968899578357,164.59280474380975,141.95524303396903,126.767986356317,247.2924240908673,1.8213150091355848,171.6
4.56,5.44,0.0257,0.0257,0.0281,150.24848166717757,182.9111950730857,403.9717101025519,164.42057431955317,141.540000240617,126.75372761389389,247.1795848560978,1.8203930614420845,171.6
4.57,5.4426,0.0256,0.0256,0.0283,150.26291115999442,182.92876141216712,404.1341449190852,164.35864228099985,141.3292790003159,126.79863193368328,247.19217397233624,1.819660568274065,171.6
4.58,5.4452,0.0255,0.0255,0.0285,150.2770534628547,182.9459781286927,404.2964171396416,164.2965326569362,141.11846743705226,126.84321850504736,247.20397347896323,1.8189259090850012,171.6
4.59,5.4508,0.0256,0.0256,0.0287,150.41615816764474,183.11532298669795,404.54350534808896,164.43407780888882,141.34077272226995,126.98018115286656,247.46818105159215,1.819417180678022,171.6
4.6,5.4744,0.0256,0.0256,0.0288,150.55734756413594,183.28720573025245,405.2988717002772,164.5243249969948,141.29383228377077,127.13609773146236,247.61239031146812,1.8173479596822208,171.6
4.61,5.5334,0.0261,0.0261,0.0289,151.10091624755785,183.9489415187661,407.04827307183217,165.1847937526932,142.24789713308505,127.61411113383105,248.391938478236,1.815561961787197,171.6
4.62,5.5924,0.0269,0.0269,0.0289,151.80862200169202,184.81049634988597,408.786747370888,166.1192655987,143.84319175688273,128.207040793394,249.5250771307046,1.8159979620778772,171.6
4.63,5.9542,0.0289,0.0289,0.029,154.1055516587229,187.606758541054,418.7742231296232,168.89907406475697,147.12387351653533,130.22022209330478,252.11701641711107,1.7962152882825009,171.6
4.64,6.2845,0.033,0.033,0.0291,157.2872257338328,191.48010089336168,427.5841704039412,173.26953197862167,154.5992259467947,132.76923833356875,256.74548797535806,1.7939742183195049,171.6
4.65,6.7642,0.0348,0.0348,0.0293,159.5551323301837,194.2410306628324,439.8529777016676,175.8665975967778,156.80936350252637,134.85653245348374,258.8059495426646,1.7647427792649997,171.6
4.66,7.3462,0.0366,0.0366,0.0295,161.9217538127318,197.12213507636915,454.0280818022612,178.5651948321768,158.7090337915968,137.12324228841814,260.80913440541434,1.7300247901760648,171.6
4.67,7.9753,0.0367,0.0367,0.0295,163.37202761295404,198.8876857896832,468.5929750470884,179.92064009472787,157.3834764041752,138.86946783854154,261.2019666724541,1.6854988272891331,171.6
4.68,8.7539,0.0367,0.0367,0.0296,164.8454810903161,200.6814552403848,485.6583403148401,181.4020400501639,155.73828810773128,140.8284765402608,261.52357013262844,1.6344372476315614,171.6
4.69,9.6544,0.0366,0.0366,0.0297,166.2220129742631,202.35723318605943,504.2623751434485,182.90538928626387,153.89690837488936,142.8805932982667,261.761633907934,1.5805055840311886,171.6
4.7,11.821,0.0366,0.0366,0.0297,168.6334668681031,205.292916187256,544.9018653112836,186.2810791540857,150.70489174098253,147.19469733637524,262.29541301503684,1.4705067339634217,171.6
4.71,12.5681,0.0361,0.0361,0.0296,168.9981126789849,205.73683282659036,557.919506892521,187.00373018770043,149.04248766648507,148.41765290484554,262.0864548994064,1.4349888471002104,171.6
4.72,13.2405,0.0353,0.0353,0.0296,169.047032208525,205.79638703646523,569.2528913742619,187.37121738131464,147.10755734625977,149.34587466025255,261.56515334033804,1.4030145673258816,171.6
4.73,13.5669,0.0349,0.0349,0.0296,169.0695509992426,205.8238012164693,574.6912429399658,187.55713284992683,146.2065339992744,149.81694621568786,261.3649135742527,1.388103805809125,171.6
4.74,13.8304,0.034,0.034,0.0296,168.753587610238,205.4391501342028,579.0489473165234,187.28725193794736,144.62008807264965,149.99512863980357,260.6550311962036,1.3733769138699483,171.6
4.75,13.8107,0.0328,0.0328,0.0297,168.10817071685804,204.65342522052285,578.8549513801383,186.41533377058397,142.8284363949516,149.60538809431367,259.575939431334,1.3680698071375037,171.6
4.76,13.7203,0.0323,0.0323,0.0299,167.8334110440532,204.3189351840648,577.5261196554192,185.96548998958903,142.16378369799014,149.360832191433,259.1833703697815,1.3691130930738098,171.6
4.77,13.5001,0.0309,0.0309,0.0303,166.94806057887303,203.2411172264541,574.0898306628638,184.64985154147183,140.19884041714528,148.5528581700107,257.800646026704,1.3703692095972997,171.6
4.78,13.3231,0.024,0.024,0.0301,162.28424590566857,197.5634297982052,571.3219089352285,179.3376838252146,129.83973635988366,145.27787299617097,249.5769964137209,1.3356833398179566,171.6
4.79,12.8473,0.0239,0.0239,0.0305,162.0254512072994,197.24837538279928,563.56167719736,178.54027908516085,129.87989238716494,144.5529736608578,249.50633404380108,1.3541168375034651,171.6
4.8,11.6047,0.0239,0.0239,0.0307,161.47405571249556,196.5771113021685,542.2057831609133,176.2909784109941,130.27174881649867,142.53358115861295,249.4501713401608,1.4093976222205074,171.6
4.81,11.1879,0.0239,0.0239,0.0313,161.17787592859426,196.21654460872344,534.7988586207197,175.62706714785574,130.54284300895364,141.8668660540819,249.51400448791452,1.428600593642912,171.6
4.82,10.8301,0.0239,0.0239,0.0315,160.905729953597,195.8852364652485,528.3127473342877,175.04838629766857,130.7987352906474,141.28595796616622,249.58510497443777,1.4457499024329892,171.6
4.83,10.8294,0.0241,0.0241,0.0319,161.0991439998221,196.1206970432617,528.4096090563452,175.25854100699814,131.171415670318,141.46388237742346,249.9865641308372,1.447283522358116,171.6
4.84,10.8337,0.0244,0.0244,0.0317,161.362321631295,196.44108720331565,528.597179018677,175.56252171162714,131.71316495509132,141.69875977545544,250.520723742826,1.4492217999088923,171.6
4.85,10.838,0.0245,0.0245,0.0313,161.49443751321363,196.60192392912967,528.7838158173234,175.694678278219,131.90974029821206,141.83633099611646,250.78561966461484,1.449871459631594,171.6
4.86,11.0699,0.0246,0.0246,0.0313,161.8420472531416,197.02510100382457,533.1838978735733,176.21948418350303,131.94855061406898,142.39902385460604,251.0885789707772,1.4396328904232834,171.6
4.87,11.1997,0.0246,0.0246,0.0312,162.0229384903302,197.2453164230107,535.6707927996848,176.48094559511875,131.8896906026415,142.71979335781032,251.2408614313427,1.4337425788539122,171.6
4.88,11.1683,0.0246,0.0246,0.0313,162.05725869194106,197.2870975380152,535.205958224341,176.46717191399165,131.9377070252368,142.743481742495,251.36606041556817,1.435418004784539,171.6
4.89,10.5902,0.0246,0.0246,0.0313,161.56291289366922,196.68528526185816,524.5614318711415,175.5018047484533,132.37034232427476,141.7357803276281,251.3973824449081,1.4635058138739163,171.6
4.9,10.2914,0.0246,0.0246,0.0315,161.30909024530425,196.3762837768921,518.9667506331677,175.00661635655962,132.6272405099712,141.23302760475875,251.47408612869089,1.4787835917056906,171.6
4.91,9.8785,0.0246,0.0246,0.0317,160.89943425073832,195.8775721313336,511.02109009092345,174.28946470711142,132.99713515755698,140.4822959077181,251.5276019366317,1.500617642978794,171.6
4.92,9.4735,0.0237,0.0237,0.0321,159.8676922769128,194.62153842406775,503.0223506097118,172.76430969891268,131.74392305319628,139.2854464148502,250.3631394513964,1.5168897715796092,171.6
4.93,9.1038,0.0227,0.0227,0.0319,158.76591080248184,193.280239237804,495.5351834640288,171.16887233151758,130.2408322079859,138.07259354999414,249.0185130192871,1.53117240808544,171.6
4.94,8.7106,0.0216,0.0216,0.032,157.5094399472919,191.75062254452928,487.3517521694483,169.37921371518163,128.5245180163198,136.71006770054953,247.4617141121198,1.546746837118861,171.6
4.95,8.3528,0.0213,0.0213,0.032,156.79884918114345,190.8855555248703,479.7071466161598,168.36709591280476,128.28428414438795,135.80551140758266,247.06189977957865,1.5668604272498408,171.6
4.96,8.0107,0.0204,0.0204,0.0321,155.65544314428485,189.49358295825985,472.2055215510545,166.77804873297876,126.84516605032935,134.58280643124706,245.72859799309293,1.5822871871285134,171.6
4.97,7.645,0.0201,0.0201,0.0321,154.8333718574626,188.4928005221284,463.9509782340314,165.6756696402683,126.60632497338683,133.5907937751799,245.29596404919653,1.6048213900421355,171.6
4.98,6.8861,0.0196,0.0196,0.0325,152.95983569525043,186.2119738898701,445.8937573739664,163.36001290248572,126.39181115864692,131.39323125786342,244.42919136376196,1.6563659338132315,171.6
4.99,6.5518,0.0193,0.0193,0.0325,152.01897003705483,185.06657221902327,437.592202732859,162.21857385608567,126.16677411998307,130.36078358662473,243.9735313180271,1.6805497140748904,171.6
5.0,6.2412,0.0192,0.0192,0.0327,151.21610268539138,184.08916848656344,429.6428105446031,161.31135498014788,126.36851351174766,129.46849290579425,243.84469416062328,1.7058329066832212,173.4
5.01,5.8873,0.0183,0.0183,0.0327,149.66289858661938,182.198311322841,420.2613524248597,159.3906688470803,124.85095350499542,127.9452240853216,242.34536687282616,1.729300257572435,173.4
5.02,5.5413,0.0178,0.0178,0.0329,148.32493443942417,180.5694854045164,410.7424192525984,157.85237663592807,124.21027034845066,126.61302823603096,241.48775965014408,1.7573360633468036,173.4
5.03,5.1913,0.0173,0.0173,0.0329,146.87545715779353,178.80490436600954,400.722944568671,156.23440216326946,123.57948963992264,125.20201305332004,240.59992763151612,1.787797505545449,173.4
5.04,4.8413,0.017,0.017,0.0333,145.45834039036353,177.07971873609472,390.2721168607383,154.77188753347266,123.45181731472915,123.8383907839892,240.05002728818764,1.822608196682712,173.4
5.05,4.5425,0.0159,0.0159,0.0331,143.53760691770322,174.7414345085083,380.9758642312892,152.46903901435394,121.22867046722182,122.09538769085523,237.9786972466576,1.8459246103451168,173.4
5.06,4.3262,0.0155,0.0155,0.0333,142.3851821212079,173.33848258234005,374.026326902885,151.21974706689053,120.60091384571578,121.05104614018234,237.2248308938147,1.8681854325736624,173.4
5.07,4.1099,0.0151,0.0151,0.0333,141.17096699042244,171.8603076405143,366.8523454756356,149.9264050680887,119.96946228804173,119.96562557828064,236.4482606117148,1.8917234586332217,173.4
5.08,3.9251,0.0151,0.0151,0.0334,140.34559574213853,170.85550785999476,360.5428917890995,149.21623894658737,120.36101902266208,119.23878062920804,236.4856392972214,1.9168473765432428,173.4
5.09,3.701,0.0147,0.0147,0.0335,139.1170991983676,169.35994685018667,352.61953222497635,147.58125555138943,119.5493429567544,118.03495900692084,235.6764398672051,1.946805003715782,173.4
5.1,3.3825,0.0145,0.0145,0.0336,137.26672897095378,167.10732222550897,340.79319039471017,145.9204770075219,119.73955688731166,116.44641433594416,235.2172726502695,1.9939935476677324,173.4
5.11,3.237,0.0139,0.0139,0.0337,135.99689136102228,165.56143296124452,335.19428647789016,144.46614106404363,118.3783208374366,115.3691280765686,233.96840970622216,2.011104992673232,173.4
5.12,3.0797,0.0134,0.0134,0.0341,134.67602086720007,163.95341670789574,328.95634901463086,143.0383725307463,117.3095745375266,114.25883244409968,232.88613941258663,2.032435980589598,173.4
5.13,2.9539,0.0131,0.0131,0.0341,133.66176238337763,162.7186672493293,323.8312485873632,141.9994049308851,116.74553078104418,113.42295601841184,232.24461133912212,2.051771092595009,173.4
5.14,2.8123,0.0122,0.0122,0.0341,132.01495176168865,160.7138543185775,317.8864980427912,139.99416399508078,114.33750616930875,112.0207079969979,230.1353102467167,2.0669436598377064,173.4
5.15,2.6708,0.012,0.012,0.0341,130.86587569394595,159.31497910567333,311.75423677544313,138.92800843085172,114.09644707327529,111.09861196829354,229.666521384607,2.0928458707984308,173.4
5.16,2.5567,0.0119,0.0119,0.0342,129.95237628865044,158.20289287313966,306.67091594859835,138.13200199490086,114.11491121959122,110.3851685060736,229.4552850223993,2.115809925166228,173.4
5.17,2.4584,0.0119,0.0119,0.0343,129.20530691370598,157.29341711233772,302.18331321394874,137.55422287753322,114.43181777279622,109.82281175088298,229.501113310813,2.137814344649739,173.4
5.18,2.3798,0.0119,0.0119,0.0345,128.59152133448433,156.5461998854592,298.52504382428054,137.08110629576595,114.70252783501992,109.36886881075534,229.55813566716148,2.1561552265601907,173.4
5.19,2.2657,0.0119,0.0119,0.0345,127.63385258854116,155.38034228170227,293.0466139506416,136.3644903843417,115.11931591228628,108.65604489281488,229.5866862687184,2.183840203675254,173.4
5.2,2.2186,0.0118,0.0118,0.0347,127.17134364892117,154.81728792042577,290.76893634921703,135.91793997846864,114.96392770909814,108.30994527276737,229.41100473571333,2.194393003990499,173.4
5.21,2.1871,0.0118,0.0118,0.0347,126.92442579598313,154.51669227337078,289.24489428868554,135.71949972752031,115.09331069370532,108.14488942975684,229.4982553093132,2.2027074323716422,173.4
5.22,2.1635,0.0115,0.0115,0.0349,126.51054311825617,154.01283510048577,288.1091447521977,135.11932608333,114.15563846084684,107.80297277627544,228.82384186774885,2.2045451320373712,173.4
5.23,2.132,0.0112,0.0112,0.0351,126.01486594685576,153.4094020222592,286.56100419225623,134.45615747534262,113.23548357560604,107.39689989279996,228.1245635590396,2.20842616304712,173.4
5.24,2.1124,0.0109,0.0109,0.0351,125.62666257538044,152.93680661350663,285.6091090850372,133.86565214318728,112.25733638755864,107.0695770194894,227.4151322320116,2.2091863148124693,173.4
5.25,2.1084,0.0108,0.0108,0.0352,125.5514756073071,152.84527465237386,285.45798465182327,133.69238342942626,111.92399259151438,107.01521150125954,227.2492191608585,2.208961935600103,173.4
5.26,2.1006,0.0107,0.0107,0.0353,125.4386420295558,152.70791203598097,285.110198440099,133.49150598773062,111.6031995954488,106.93211516259156,227.07764452966305,2.2097378835486667,173.4
5.27,2.0967,0.0106,0.0106,0.0355,125.3632866125436,152.61617500657482,284.96420020273143,133.31727409983628,111.26679141938754,106.8766388721187,226.9065183880256,2.2094656536146275,173.4
5.28,2.0691,0.0107,0.0107,0.0357,125.22118276451988,152.4431790176764,283.5855750789641,133.29087926800202,111.73306803661134,106.81234263943182,227.2703662732544,2.218787022565817,173.4
5.29,2.0613,0.0103,0.0103,0.0358,124.85357529600232,151.99565688208978,283.2322264621304,132.6079210500698,110.32595175232753,106.47320391857808,226.2494460498059,2.214675129872288,173.4
5.3,2.0298,0.01,0.01,0.0359,124.32725672469074,151.3549212300583,281.63044902078786,131.90316632109162,109.34850196546302,106.03269075670964,225.46373877387464,2.2185618911187985,173.4
5.31,1.9905,0.0097,0.0097,0.0359,123.7119395454372,150.6058394466192,279.594492249794,131.12804963517385,108.38154984298949,105.52289755726788,224.64735772687916,2.224652092601604,173.4
5.32,1.9512,0.0095,0.0095,0.0361,123.17380773639177,149.9507224616943,277.5342799428998,130.50743305026865,107.77388861564988,105.09348004023728,224.11333601697984,2.2325878338534886,173.4
5.33,1.9118,0.0092,0.0092,0.0361,122.53444415380552,149.17236679593717,275.43917910884846,129.70442795328978,106.77630336860706,104.56108728532108,223.2527571207148,2.2389387016453006,173.4
5.34,1.8804,0.0088,0.0088,0.0363,121.87753180095868,148.37264740986276,273.7617813170869,128.77403432682337,105.3443460899686,103.98205332855592,222.0444347408541,2.2411502387964246,173.4
5.35,1.8607,0.0071,0.0071,0.0363,120.0448568250336,146.14156483047572,272.71736324124134,125.4920195664946,98.60248022121029,102.04412659213423,216.0192493678481,2.213700366705356,173.4
5.36,1.8293,0.0067,0.0067,0.0365,119.32332745400706,145.26318124835643,271.0093259516395,124.45423229667117,97.00758176290148,101.35819634136348,214.47124855845829,2.2147383026139744,173.4
5.37,1.8017,0.0066,0.0066,0.0365,118.95246789449406,144.81170004547104,269.4960096716049,124.02851341550912,96.64370487519008,101.0627468407679,214.1292577865832,2.221151448818216,173.4
5.38,1.7899,0.0066,0.0066,0.0367,118.8628103128734,144.7025516852372,268.87493510043873,123.93660196483408,96.67234039178076,101.01940004195704,214.21965505489212,2.2250308938677774,173.4
5.39,1.7192,0.0067,0.0067,0.0369,118.20195919389148,143.89803727952005,264.83535476867195,123.52837915184584,97.25015805712808,100.61221502770351,214.67568271886125,2.24965545732865,173.4
5.4,1.6995,0.0067,0.0067,0.0369,118.01175976899252,143.6664901535561,263.7253495230415,123.36152231090172,97.30039808405186,100.49714986593104,214.758062720519,2.256307061241036,173.4
5.41,1.6641,0.0072,0.0072,0.037,118.15033762039988,143.83519362483463,261.6715573091553,124.04664059516304,99.53901406968474,100.845168619567,216.8446020887542,2.279227535979245,173.4
5.42,1.6484,0.0074,0.0074,0.0371,118.20303884923818,143.89935164255084,260.7788074946617,124.30352383746973,100.44135346413974,100.98872115277722,217.7047785407712,2.2890951549141185,173.4
5.43,1.6287,0.0076,0.0076,0.0371,118.200310520926,143.89603019938818,259.6366064353083,124.51886391574824,101.3567455219598,101.08921443980206,218.54330340960044,2.300357433565285,173.4
5.44,1.613,0.0078,0.0078,0.0373,118.2416870595378,143.9464016376982,258.7316033295589,124.76575855622518,102.25969806002276,101.21794554808724,219.3689061462284,2.310268152142039,173.4
5.45,1.6091,0.0082,0.0082,0.0375,118.61653355332216,144.40273649969654,258.54300336107696,125.4882044305389,103.95270776096964,101.65542430091104,220.89840789896212,2.3201164724702625,173.4
5.46,1.6051,0.009,0.009,0.0375,119.33782123595503,145.280825852467,258.345324603332,126.907218713265,107.25582789002014,102.45939982996596,223.68751030513175,2.337515299003545,173.4
5.47,1.6051,0.0093,0.0093,0.0376,119.64359566613884,145.65307298486468,258.393353009373,127.44137411083156,108.46969596913252,102.79090414238084,224.74707475397545,2.3434876416730765,173.4
5.48,1.6051,0.0095,0.0095,0.0377,119.85876758786895,145.91502141131872,258.44130481783134,127.79533495890374,109.2741146709304,103.02489466169108,225.47376711583777,2.34751367871198,173.4
5.49,1.6051,0.0095,0.0095,0.0377,119.90124149411726,145.9667287754471,258.4879556936991,127.80331457538064,109.27917649249784,103.07712472188496,225.5777927076529,2.3478437755897104,173.4
5.5,1.6091,0.0096,0.0096,0.0381,120.08141142367712,146.18606608099824,258.7841995547198,128.0192726295354,109.66209643151376,103.25595791747185,225.99326188275373,2.3485589782615133,173.4
5.51,1.5954,0.0103,0.0103,0.0381,120.52915426224772,146.7311443192581,257.9906911574473,129.0794485892008,112.48901035762994,103.78549900540808,228.1608804529108,2.3662859581048084,173.4
5.52,1.5935,0.0105,0.0105,0.0382,120.70871677286092,146.94974215826545,257.9213637139823,129.39842928695498,113.28068576117252,103.98586197947616,228.8349506324491,2.370772026805347,173.4
5.53,1.5934,0.0109,0.0109,0.0383,121.06706732226525,147.38599500101856,257.96265989246746,130.05163165824516,114.82585648243766,104.36060350014915,230.05509818166504,2.377956622359082,173.4
5.54,1.6032,0.0111,0.0111,0.0383,121.39349393778546,147.78338392426056,258.6109428537551,130.4647443007399,115.5360097352952,104.66309526485767,230.71542017105224,2.3781083394974085,173.4
5.55,1.613,0.0115,0.0115,0.0384,121.87025746005212,148.36379169049826,259.2583279743512,131.1861644765919,116.99247462963122,105.11593119692282,231.8959125348252,2.3814887142192203,173.4
5.56,1.6877,0.0133,0.0133,0.0385,124.171116342807,151.16483728689548,263.8078588042369,134.5147421044015,123.08503490321816,107.14177015105112,236.5082942422529,2.383256049644408,173.4
5.57,1.7388,0.0128,0.0128,0.0387,124.49708660776108,151.56167065292655,266.86721141673235,134.22577922514503,120.9883724979393,107.31487936037996,235.49205693780664,2.3589739229534303,173.4
5.58,1.8175,0.0136,0.0136,0.0388,126.04525015540337,153.44639149353452,271.4477132151804,136.0115470604445,123.3206916204889,108.6000877384871,237.54088847557608,2.345362235386336,173.4
5.59,1.904,0.0136,0.0136,0.0389,127.07914522078448,154.70504635573764,276.3416869277247,136.68949822149466,122.81986372375628,109.38406904853646,237.73029883119935,2.318905405830677,173.4
5.6,2.0298,0.014,0.014,0.0389,128.76404134676127,156.75622424823112,283.2016443010267,138.18255743605692,123.4871439601942,110.71742819889216,238.84883367465235,2.2880345457518216,173.4
5.61,2.1556,0.0141,0.0141,0.039,130.15556904944597,158.4502579732386,289.8097170461492,139.21184969184685,123.18698002769192,111.80172438295688,239.28432422652853,2.2553048743819075,173.4
5.62,2.5135,0.0143,0.0143,0.0391,133.57768980328808,162.6163180213942,307.3188020666204,141.7928233314552,122.28683761066944,114.49264010219204,240.10366644768104,2.1710038352479666,173.4
5.63,2.714,0.0143,0.0143,0.0391,135.22055072682042,164.61632262395528,316.4899870365587,142.98192487768176,121.56929686190163,115.8222147712154,240.34814633499295,2.128058867593809,173.4
5.64,2.9106,0.0146,0.0146,0.0393,136.93077935188643,166.6983400805574,325.0938204698352,144.47797118383167,121.84438369702237,117.25413969086266,241.2307742012441,2.092873638440324,173.4
5.65,3.0836,0.0147,0.0147,0.0393,138.23249630794982,168.2830389835911,332.3828871695298,145.53235640492423,121.63521348325597,118.35837329043449,241.6563968098596,2.0621100146434,173.4
5.66,3.2331,0.0151,0.0151,0.0394,139.53743552060885,169.8716606337847,338.4936649417973,146.81255219103522,122.38656779992128,119.4926061671228,242.69481456631024,2.040785654813652,173.4
5.67,3.4769,0.0155,0.0155,0.0395,141.34266137150027,172.0693268870438,348.0647293732216,148.50040355615712,122.89219963989366,121.07183398963464,243.76099410234968,2.005259607978205,173.4
5.68,3.5634,0.017,0.017,0.0399,142.9619276147983,174.0406075310588,351.404414752195,150.72978297288444,126.78786993904268,122.49614449305248,246.86074879116143,2.008513813158338,173.4
5.69,3.6538,0.0177,0.0177,0.0399,143.99994312986294,175.30427859287664,354.83782253703,151.9693610628942,128.42487576983297,123.41162227797986,248.3155945844114,2.0022305429458025,173.4
5.7,3.7718,0.0179,0.0179,0.0401,144.82315396488147,176.3064483050731,359.2269660425742,152.73151158425583,128.64431460105703,124.15403565122156,248.84759507896425,1.986813657595549,173.4
5.71,3.8897,0.0186,0.0186,0.0402,145.96276724832,177.69380360665045,363.53048999887824,154.04371323577462,130.16134777892785,125.16420777960178,250.2596038349259,1.9770046311415723,173.4
5.72,3.988,0.0195,0.0195,0.0403,147.10981363024615,179.090207897691,367.0700773482216,155.4654192888582,132.204327968021,126.16983447670631,251.95967429903249,1.9721776349353308,173.4
5.73,4.1571,0.0196,0.0196,0.0403,147.92259319394418,180.0796786708886,372.99238476248826,156.45968351637345,132.2156965516754,127.0421660381462,252.3162454196771,1.9483668274091903,173.4
5.74,4.3301,0.0203,0.0203,0.0404,149.2378935020604,181.6809138285953,378.90219446751377,157.89520355465874,133.51066565666815,128.22514581420927,253.6582744482733,1.932536307513299,173.4
5.75,4.5464,0.0208,0.0208,0.0405,150.5671062705546,183.29908589458825,386.07779018847214,159.23933262678932,134.19164792211834,129.45203477693136,254.66584006878531,1.9102684399586327,173.4
5.76,4.7666,0.0218,0.0218,0.0405,152.17622599375778,185.25801425327035,393.1720024217648,161.0738118518204,136.0411169493105,130.9089129090351,256.4275791390056,1.8930967245664048,173.4
5.77,4.9868,0.0227,0.0227,0.0405,153.66175010676264,187.0664783908415,400.0709289256605,162.75056123596116,137.61321425993452,132.26995510251624,257.9790742731416,1.8759262353780823,173.4
5.78,5.4036,0.0232,0.0232,0.0406,155.53310305589716,189.3446471984835,412.5801219552194,164.60624041760155,137.81588570312047,134.11447214818193,258.9779520309588,1.835700267687819,173.4
5.79,5.5255,0.0233,0.0233,0.0407,156.05967676756757,189.9856934561692,416.17759355844754,165.10244022596734,137.79415693995765,134.65872967337722,259.27894535108334,1.8243937274911717,173.4
5.8,5.5845,0.0244,0.0244,0.0407,156.99447273257542,191.12370593530923,417.9384867674085,166.36772825405748,140.10008926400627,135.4471587424862,260.9728924311252,1.8275349538076369,173.4
5.81,5.6946,0.0249,0.0249,0.0409,157.71258140109066,191.99792518393645,421.1355244512608,167.1951127688438,140.96169163446805,136.12253798200356,261.813875803943,1.8208275823654163,173.4
5.82,5.7929,0.025,0.025,0.0411,158.13908275099578,192.5171442186036,423.9671953775756,167.6020310864816,140.98155030839462,136.56910459690351,262.09751436929264,1.812330308074985,173.4
5.83,5.8558,0.0253,0.0253,0.0413,158.57204348661003,193.0442268532644,425.7908554706028,168.09005546164252,141.50596171571064,136.98250452239049,262.6392960323152,1.808873309299481,173.4
5.84,6.0053,0.0253,0.0253,0.0413,159.07827920494367,193.660513814714,429.97827582783566,168.54313475977318,141.21234355915533,137.54619971203854,262.8022204536024,1.7951032885947034,173.4
5.85,6.0996,0.0254,0.0254,0.0415,159.47071073693985,194.1382565493181,432.6159185897824,168.927025458914,141.25007923873972,137.96589655114045,263.0811930756278,1.7874493560491322,173.4
5.86,6.2176,0.0257,0.0257,0.0417,160.04651103673518,194.8392308273298,435.864501619192,169.5585175721888,141.66323227392903,138.54775395005015,263.634332542792,1.7792981548772284,173.4
5.87,6.3277,0.026,0.026,0.0417,160.59106728862224,195.50216887310532,438.8670406029007,170.161524560703,142.09037303887635,139.09816791844548,264.1806167748523,1.7720185945713345,173.4
5.88,6.4811,0.0269,0.0269,0.0417,161.6059722438665,196.7377053403592,442.9705624093712,171.4174966773949,143.66385967609375,140.03983001448734,265.5132604825631,1.7655012678080688,173.4
5.89,6.6344,0.0271,0.0271,0.0418,162.18261834228977,197.4397092862658,447.0148153372412,172.0278537139896,143.7949136408821,140.66490720546122,265.92934570709787,1.754169286128967,173.4
5.9,6.7917,0.0272,0.0272,0.0419,162.69503914749913,198.0635259186946,451.105433217973,172.5517202711914,143.72249657898962,141.25011316843316,266.2170782625037,1.742090562377406,173.4
5.91,7.0237,0.0272,0.0272,0.042,163.3092058080745,198.8112070706994,457.0008390463572,173.16872801266555,143.32902337416806,142.001803119534,266.3973704245356,1.7236697840805195,173.4
5.92,7.1849,0.0272,0.0272,0.0421,163.73519259602028,199.32979968211168,461.0523337526779,173.59751108515863,143.07409865151948,142.53353665811406,266.5560954211348,1.7113193142683634,173.4
5.93,7.3147,0.0274,0.0274,0.0423,164.20127336337552,199.89720235541367,464.2913608038103,174.11977210256092,143.2726722565769,143.05552094822934,266.9594016478123,1.70302126015393,173.4
5.94,7.4012,0.0279,0.0279,0.0423,164.7485741696893,200.56348159788269,466.4565044937731,174.79426278132414,144.1275639137652,143.58038441863238,267.7251115873999,1.7001858140832704,173.4
5.95,7.5388,0.0279,0.0279,0.0423,165.09603240277053,200.9864742294598,469.8249204667662,175.15168324554247,143.9244114539483,144.02908719867563,267.8755838411915,1.6902046562621964,173.4
5.96,7.8416,0.0282,0.0282,0.0424,165.9449119783365,202.01989284319228,477.017851052663,176.150240352843,144.05305482331528,145.0444895151616,268.4404992637975,1.6706393299056672,173.4
5.97,7.9478,0.0282,0.0282,0.0425,166.20539821219643,202.33700651919565,479.5528435108495,176.42293402089172,143.91388361461676,145.39347646031973,268.5811150639894,1.6634222472824836,173.4
5.98,8.0618,0.0287,0.0287,0.0425,166.77985754636973,203.0363483173197,482.24599212678726,177.1384163606782,144.71252345524564,145.97253845295637,269.3378558631439,1.6590930131926351,173.4
5.99,8.1641,0.0289,0.0289,0.0427,167.14537619576367,203.48132754266885,484.653142049093,177.56726857142257,144.95848246242932,146.3901305322421,269.7202680238588,1.6536526213241818,173.4
6.0,8.2859,0.0289,0.0289,0.0429,167.57138101975588,203.9999421110072,487.4811049506032,177.67421979116662,144.61040038901973,146.7706800765507,269.8636903614187,1.6473064643523785,152.8
6.01,8.4,0.0289,0.0289,0.0428,167.77910640854378,204.2528251930098,490.112282960441,178.01712637922904,144.5323532672329,147.12811280674532,270.00473672244283,1.6394439748869634,152.8
6.02,8.6241,0.0289,0.0289,0.0429,168.11711234728048,204.66431068364585,495.1434523334116,178.65593340695543,144.36959095753082,147.75526099500567,270.17096204475405,1.6240855108428087,152.8
6.03,8.7342,0.029,0.029,0.043,168.3719563854169,204.97455559963797,497.6285328972823,179.05733754403417,144.47979809332767,148.1362002617539,270.431219307551,1.617513624483026,152.8
6.04,8.9033,0.029,0.029,0.0433,168.62347802528174,205.28075585686477,501.367043019193,179.53373255982308,144.3691478720165,148.61425572233668,270.5830065379423,1.60640952384042,152.8
6.05,9.0645,0.029,0.029,0.0437,169.02622705623045,205.77105902497615,504.8965123064021,179.77494548949693,144.06609459409583,149.06729332078174,270.7322230862113,1.5977948389977343,152.8
6.06,9.1864,0.029,0.029,0.0437,169.26095654812912,206.0568166672876,507.5600485479756,180.05858616154927,143.9406838793844,149.42290552962484,270.87214361387964,1.5906478224634517,152.8
6.07,9.2729,0.0288,0.0288,0.0438,169.31693196304352,206.1249606506617,509.462277983156,180.1014409585282,143.5000914412938,149.60733906959675,270.76025405487854,1.5844280489028326,152.8
6.08,9.3594,0.0287,0.0287,0.044,169.43199949141268,206.2650428591111,511.3549418447803,180.22671880611568,143.24291064451978,149.83281146199076,270.7691881438391,1.5788947181810853,152.8
6.09,9.3201,0.0285,0.0285,0.0443,169.3085264759512,206.1147278837667,510.6187504426967,180.01019107397806,142.94806880159155,149.72355009839205,270.62721886495666,1.5801507064781868,152.8
6.1,9.2769,0.0283,0.0283,0.0441,169.1784906441015,205.9564233928192,509.79615901573743,179.78428070087864,142.65646769087104,149.60420661307924,270.4825309617787,1.5816472063834723,152.8
6.11,9.21,0.0282,0.0282,0.0441,169.07652553344093,205.83229195375415,508.47243035577225,179.59173269381483,142.57074653385075,149.47251508461625,270.45566766706963,1.58520665331182,152.8
6.12,9.151,0.0282,0.0282,0.0442,169.04725993252546,205.7966642656832,507.3094078270753,179.49846573331985,142.657263921182,149.4021565381011,270.5547210738053,1.5889644186337952,152.8
6.13,9.0606,0.0281,0.0281,0.0445,168.90785601875717,205.6269551532696,505.473948060045,179.25396153764478,142.59819261455442,149.2124500264989,270.5216567730411,1.594003482691353,152.8
6.14,9.0252,0.0279,0.0279,0.0443,168.7850305898812,205.4774285442032,504.7999646518591,179.03989715685688,142.2941008654632,149.10752559768795,270.37422046910234,1.595082192295502,152.8
6.15,8.9741,0.0279,0.0279,0.0445,168.6105436659427,205.2650096802781,503.789328053453,179.14750247510432,142.55166064906226,149.053076468002,270.47419619810057,1.5968369495082924,152.8
6.16,8.864,0.028,0.028,0.0445,168.61364909022845,205.26879019679987,501.50226291746014,178.96117327543328,142.82136001942592,148.89978176059927,270.6865518155089,1.6050667015946074,152.8
6.17,8.7382,0.028,0.028,0.0447,168.52655231886797,205.16275934470883,498.8551099111172,178.65042101973475,142.9259403369496,148.66063392980988,270.7690172120571,1.6137503736800975,152.8
6.18,8.5219,0.0285,0.0285,0.0447,168.65264444298933,205.31626280016093,494.1855900375892,178.4848138045079,144.0007918856621,148.40959807214,271.4536221277968,1.6323252368627623,152.8
6.19,8.2859,0.0294,0.0294,0.0448,168.78200601629715,205.4737464546226,488.9965416381665,178.82696163033566,146.09320162232316,148.25917081924408,272.60784915613505,1.6533045377846125,152.8
6.2,8.0028,0.031,0.031,0.0449,169.26195559151952,206.0580328940238,482.6303328196007,179.53731704897302,149.5172031077036,148.23562063374354,274.533826623944,1.6832209347838307,152.8
6.21,7.3619,0.0323,0.0323,0.0449,168.72046835810505,205.39883104464965,467.57556672393616,179.1096754654693,153.10383440139367,147.0305713318827,275.9459240251044,1.738613395806249,152.8
6.22,6.9647,0.0346,0.0346,0.0449,169.07320669184378,205.8282516248533,457.85829866002905,179.99079660700917,158.29755232888604,146.76172706076602,278.4236313320788,1.7845228502564705,152.8
6.23,6.5283,0.0388,0.0388,0.0449,170.05823238641386,207.0274133399821,446.76521946116975,182.11262482311,167.30270973063435,146.85534170282705,282.5809470539436,1.8464981463339771,152.8
6.24,6.0721,0.0408,0.0408,0.0449,169.63821016916447,206.5160819450698,434.6575828241183,182.367752435408,172.4195853138296,146.00399400646577,284.39632871920577,1.899693045216085,152.8
6.25,5.5688,0.0402,0.0402,0.0448,167.6636387441819,204.11225586248236,420.6134214757879,180.48034298155147,172.97665648117888,144.0830534571469,283.7823773890279,1.946544211028012,152.8
6.26,4.5504,0.0396,0.0396,0.0447,163.2218348116222,198.70484237936617,389.49758345592346,176.48208680696385,175.5770430627221,139.8406155055463,282.91957872508834,2.0620852708167625,152.8
6.27,3.992,0.0381,0.0381,0.0447,159.6918480150812,194.40746714879447,370.59430195494417,173.21009905234732,175.1467072070082,136.8505064727478,281.3438978281766,2.129979830609297,152.8
6.28,3.4375,0.0345,0.0345,0.0447,154.77103066386513,188.41690689514016,350.12004280934894,167.98873599427975,170.3586382316162,132.89496852897966,277.54168693750046,2.1950212727452243,152.8
6.29,2.9264,0.0259,0.0259,0.0447,147.12649546730208,179.11051622106342,329.3481891286856,157.9522446972117,152.9673181157633,126.85238411867113,267.1764698648668,2.2254440850261985,152.8
6.3,2.5056,0.0227,0.0227,0.0448,141.99512536296757,172.8636308766562,310.49495766427884,152.3739470009202,147.04287558746424,122.75181789087364,262.43890844201326,2.2883449344006523,152.8
6.31,2.1438,0.0208,0.0208,0.0449,137.48270763536254,167.37025277348482,292.6524236775298,147.9788187356825,144.0496099643732,119.2108476572307,259.2783059129203,2.361935553753252,152.8
6.32,1.5619,0.0182,0.0182,0.0451,128.93860224072716,156.9687331626244,259.50468173458546,140.30639319260743,140.75578743047558,112.6909812141386,254.3217425038519,2.522844143285063,152.8
6.33,1.3495,0.0158,0.0158,0.0457,124.3653490936641,151.4012945488085,245.5433626529989,135.2286883930358,134.78007827303404,109.10420487401726,249.5189847745004,2.581712458406615,152.8
6.34,1.2276,0.0132,0.0132,0.0469,120.743965759224,146.99265396775095,236.93691624183717,130.34781936180335,126.5551845902767,106.07925565386653,243.681169114012,2.6024844818262336,152.8
6.35,1.1529,0.007,0.007,0.0477,114.52560798134638,139.42247928163908,231.41393094274807,118.94267783175545,101.0596014525516,99.77691043591828,224.37863994018636,2.5223608364402703,152.8
6.36,1.1018,0.007,0.007,0.0487,113.64774183559643,138.35377266942177,227.52493207413227,118.27335881817014,101.32874641541731,99.17103301344596,224.3926933438009,2.549600559209927,152.8
6.37,1.0782,0.0068,0.0068,0.0481,113.04482931108367,137.6197922047975,225.6929250121755,117.53874158312256,100.49195909236909,98.66781892137632,223.60173314802748,2.558019188178486,152.8
6.38,0.9524,0.0051,0.0051,0.0489,108.768019637858,132.4132412982619,215.3894938923024,111.8468861052264,92.28192828168416,94.67521237463836,215.2815310877941,2.585418192358864,152.8
6.39,0.8305,0.0047,0.0047,0.0534,105.69327116592788,128.67006924547744,204.6423487430199,108.812594629154,90.54094047294224,92.23931975773714,212.87629716907597,2.654987508324326,152.8
6.4,0.74,0.0043,0.0043,0.0574,103.07058211577582,125.47723040181404,196.04493515520784,106.05384375340726,88.55657357743677,90.09135216824004,210.3325575925316,2.711532495278481,152.8
6.41,0.7243,0.0036,0.0036,0.0636,101.7965347561017,123.92621622481948,194.625337899546,103.7301875312268,84.05958436724437,88.53718805467511,205.57843650086923,2.696834839567272,152.8
6.42,0.7282,0.0033,0.0033,0.072,101.53162018730367,123.6037115323697,195.21703352052688,102.91265335796382,81.99702175177212,88.0062092955821,203.3544051367368,2.679801880928376,152.8
6.43,0.5946,0.0033,0.0033,0.08,97.97555472873393,119.2745883654152,181.1821196701931,99.9493815114915,82.50400449118794,85.51169534532343,203.12959753414387,2.804445837098893,152.8
6.44,0.5946,0.0033,0.0033,0.0869,98.04721213848032,119.36182347293256,181.36633407040668,99.98209811177811,82.49784494788784,85.54864544910846,203.20947617051652,2.8033596192444987,152.8
6.45,0.3625,0.0033,0.0033,0.0915,90.44300642238466,110.10452955768568,151.3268510714008,92.17196427901828,83.95855838345548,79.69891962320983,202.5461789874557,3.150524550926324,152.8
6.46,0.3532,0.0037,0.0037,0.1021,90.75162389223571,110.48023778185218,150.2535272302911,93.06028901577317,87.24521973802449,80.1933186252401,205.6222749379697,3.187821777090837,152.8
6.47,0.349,0.0044,0.0044,0.1079,91.52567017687971,111.42255499794052,149.8082708717004,94.87938893393184,92.60481003978202,81.24986474043553,210.37023617782597,3.2283741972983067,152.8
6.48,0.3519,0.0051,0.0051,0.1125,92.46805128268277,112.56980156152684,150.41930190658866,96.836059520018,97.52074804313966,82.38504318355633,214.54374505820172,3.2496882373844858,152.8
6.49,0.3547,0.0058,0.0058,0.1161,93.32454571767896,113.61249043891353,150.98101125238583,98.62531463096884,102.14586499350244,83.40006388795999,218.25905759258188,3.268744688745574,152.8
6.5,0.453,0.0059,0.0059,0.1177,97.07837431721116,118.1823687339962,164.98928114078367,102.92979420329048,101.18213316638422,86.54990474023077,219.22633470355385,3.0864191454014187,152.8
6.51,0.6024,0.0075,0.0075,0.1166,103.22682804600322,125.66744283861264,183.10704085473924,110.94929286493812,108.55913643020384,92.02945653798808,226.73828556552752,2.933449565984217,152.8
6.52,0.5356,0.0077,0.0077,0.118,101.460529375189,123.51716619588228,175.4383444684458,109.37571952546314,110.41365318738356,90.72154269142284,227.4058389600447,3.0214181023495184,152.8
6.53,0.5513,0.0077,0.0077,0.1195,101.98701543159976,124.15810574281711,177.366080286391,109.86025139140853,110.20158261630232,91.13858646551496,227.54267307528195,3.001087022194748,152.8
6.54,0.567,0.0079,0.0079,0.1228,102.68138563029844,125.00342598471116,179.30363378009827,110.71624540602556,111.05090031845808,91.74183997601726,228.43832245050373,2.986373460202019,152.8
6.55,0.6024,0.0079,0.0079,0.1336,103.80801207022078,126.37497121592097,183.5977839397785,111.7798175460249,110.60363651061158,92.5847349644536,228.62908323611055,2.942193068600066,152.8
6.56,0.6929,0.0079,0.0079,0.1334,106.42908067539028,129.5658373439534,193.2951879677527,113.73932900701944,109.2638443338338,94.509768585857,228.9543560664664,2.852234134442857,152.8
6.57,0.7204,0.0078,0.0078,0.1326,107.11196973847596,130.39718055118814,196.09793741112887,114.07964664564052,108.39189377803773,94.98072081927008,228.72947738150157,2.825703976026721,152.8
6.58,0.7204,0.0077,0.0077,0.1305,107.05050074996704,130.3223487390903,196.0853302555078,113.87232993004476,107.88257309096412,94.91917722390086,228.4340008535648,2.8240299348035696,152.8
6.59,0.741,0.0074,0.0074,0.1298,107.35638167213666,130.6947255139055,198.1509620518296,113.65995284468448,106.0880655700774,95.03159597941789,227.3916660194903,2.7993186609012097,152.8
6.6,0.7617,0.0072,0.0072,0.1304,107.73921944130096,131.16078888506206,200.2188179873991,113.6393811818541,104.8213536712336,95.23279351230238,226.71632694439973,2.7772811677448024,152.8
6.61,0.803,0.0069,0.0069,0.1309,108.50753224088476,132.09612620629449,204.2053637973461,113.76245834415812,102.85417316259102,95.66153421773994,225.63995346688145,2.737033780753848,152.8
6.62,0.8266,0.0069,0.0069,0.1348,109.116747733523,132.83777984950626,206.50934165285815,114.18901371920558,102.639067396012,96.10176331151852,225.7746587344341,2.718981155352242,152.8
6.63,0.9052,0.0069,0.0069,0.1567,111.00669287242162,135.1385826272959,213.99136551752449,115.56312727773418,101.98354701372256,97.40792072230784,226.0127655830113,2.6609902029710244,152.8
6.64,1.031,0.0069,0.0069,0.1304,113.49236369404883,138.16461667101598,224.15436127718627,117.3799224419664,101.20478520732526,99.29200292595296,226.3167904169667,2.5865802796338744,152.8
6.65,1.1962,0.0059,0.0059,0.0981,115.31701915596388,140.38593636378212,236.495434598031,117.393118080945,95.6033464602689,100.17208291040498,222.0854677716312,2.4769407154769585,152.8
6.66,1.3102,0.0052,0.0052,0.0861,116.31943123776227,141.6062641155367,244.6000228603599,117.2130480370326,91.87899854721844,100.47743734164742,218.6993379141673,2.406743873392984,152.8
6.67,1.5186,0.0048,0.0048,0.0594,118.76846390201548,144.58769518506233,258.306881030712,118.65033217452736,89.73092696121616,101.99894423136784,216.75425585593183,2.3146667782171644,152.8
6.68,1.5579,0.0047,0.0047,0.0552,119.18447820568991,145.0941473808399,260.8061584501566,118.8469039637736,89.24671942557201,102.23874290949904,216.28465832922436,2.298247027997432,152.8
6.69,1.5933,0.0046,0.0046,0.0549,119.54733456984252,145.53588556328657,263.0737785523592,119.0036554640544,88.77398858684931,102.42973092549448,215.79833186646397,2.283316364284611,152.8
6.7,1.6444,0.0047,0.0047,0.0548,120.36133438158096,146.52684185583772,266.2819178635008,119.78468999702676,89.25445930770863,103.12306576905952,216.53487685008213,2.2688912665038448,152.8
6.71,1.6995,0.0047,0.0047,0.0563,121.0776186407849,147.3988400844338,269.6914095530367,120.3662807724536,89.26838041818755,103.65662256404572,216.6694351789461,2.2509148584527323,152.8
6.72,1.7152,0.005,0.005,0.0578,121.69336031609387,148.14843864567953,270.69206590644256,121.20879138984262,90.64564590539896,104.37159439772736,218.51648771172265,2.25390539451962,152.8
6.73,1.7428,0.0053,0.0053,0.0584,122.4364514672948,149.0530713514893,272.38396710735736,122.1489911262398,91.99353892198287,105.16241609633332,220.28689505390108,2.252948316617325,152.8
6.74,1.8057,0.0054,0.0054,0.0563,123.32201652467816,150.1311505517821,276.0899588843428,122.978749843541,92.42213915662046,105.90852568741305,220.96377222326967,2.236214371162473,152.8
6.75,1.8686,0.0055,0.0055,0.0542,124.18299371372824,151.17929669497352,279.7198583917167,123.78866661275624,92.84602199135205,106.638181069171,221.6307318349075,2.220135544555119,152.8
6.76,1.9394,0.0055,0.0055,0.0532,124.9856382648323,152.15642919196975,283.72963528210346,124.44672434555422,92.84098534030473,107.25491722740811,221.77478036414,2.200005155341424,152.8
6.77,2.1045,0.0055,0.0055,0.0532,126.7119726311193,154.2580536378844,292.7191758529003,125.91279766444109,92.85836531382316,108.56879610588844,221.9919061449157,2.155667547112369,152.8
6.78,2.2068,0.0055,0.0055,0.0443,127.71434487875658,155.47833289587757,298.00069902825413,126.7699634084599,92.89309564169736,109.35827461017476,222.15283692043,2.130656991032421,152.8
6.79,2.2893,0.0055,0.0055,0.0366,128.49762493192029,156.43189122146816,302.15828887270925,127.44308466689262,92.93292160731409,109.98283583285794,222.29605626037144,2.1114831983740374,152.8
6.8,2.3208,0.0056,0.0056,0.0355,128.93745452388717,156.96733594212353,303.7680582029774,127.90051032097549,93.34554315071554,110.40957497611583,222.92289424158463,2.1066058768927283,152.8
6.81,2.2972,0.0055,0.0055,0.0351,128.64071892099034,156.6060925994665,302.62796827737566,127.5225150583924,92.94918882635046,110.12741662645706,222.4672034701665,2.1101946758418006,152.8
6.82,2.1871,0.0059,0.0059,0.0356,128.14219314906987,155.99919165973722,297.068791893878,127.41829757157709,94.51056044575655,110.0352109487374,224.50860514873855,2.145793048735673,152.8
6.83,2.1878,0.006,0.006,0.0361,128.3053672093107,156.19783834176957,297.15326192261404,127.62896775600863,94.91396407388504,110.23878789518176,225.0836309385584,2.148022111121951,152.8
6.84,2.1886,0.006,0.006,0.0369,128.35165045597648,156.25418316379745,297.24595114318385,127.64542898246224,94.91995833251411,110.2894405985102,225.16757106816263,2.148037482054906,152.8
6.85,2.191,0.006,0.006,0.0379,128.4134317839193,156.32939521520612,297.4233542511962,127.67540757142748,94.92587145835638,110.35165681749874,225.25263816033043,2.1476434243769367,152.8
6.86,2.2028,0.006,0.006,0.0387,128.5634746252632,156.51205606553782,298.0834198344432,127.782400602799,94.9314898158424,110.4818380187763,225.34474493819357,2.144922767443168,152.8
6.87,2.3129,0.006,0.006,0.0395,129.61326325736627,157.7900596176633,303.72159835076445,128.68165225517674,94.94377022692282,111.30557998264952,225.50918383739443,2.118568625170294,152.8
6.88,2.3876,0.006,0.006,0.0413,130.3122885316291,158.64104690807022,307.48141895113446,129.28018937872184,94.96395363140545,111.8614459245258,225.64525660947535,2.101506428999289,152.8
6.89,2.4702,0.006,0.006,0.0387,131.04946142160028,159.5384747741221,311.50838098944905,129.91973583961422,94.99377849355844,112.4560294051196,225.78500651213824,2.083507371371609,152.8
6.9,2.5331,0.006,0.006,0.0342,131.60000283591384,160.20869910459078,314.5082000232364,130.39598224535678,95.0233568614742,112.90946777069232,225.9099009699923,2.070414337310764,152.8
6.91,2.5646,0.0066,0.0066,0.0321,132.58304545445623,161.40544664020763,316.01810377468775,131.73519773334752,97.24705803466684,114.05483345708475,228.8311579940736,2.076003128512268,152.8
6.92,2.5489,0.0069,0.0069,0.032,132.83155024697658,161.7079742137106,315.323733116612,132.1696231750635,98.34766658835296,114.42122541498588,230.231100702462,2.0853932270680278,152.8
6.93,2.541,0.007,0.007,0.0322,132.91712131878705,161.81214769243638,314.99789872012883,132.30065011314247,98.7193272919943,114.5527372914667,230.7411450547192,2.089242439679596,152.8
6.94,2.5253,0.0075,0.0075,0.0323,133.37303755801213,162.36717615758002,314.30069972538627,133.07630367203768,100.5390924081958,115.15396853698007,232.8942583039685,2.102304728161346,152.8
6.95,2.5095,0.0082,0.0082,0.0333,134.0195695900691,163.1542586313885,313.604193188116,134.17230990929184,103.05579665601228,115.95158917403076,235.6864728577629,2.1187322055213684,152.8
6.96,2.482,0.0083,0.0083,0.0343,133.93390163422154,163.04996720687842,312.34448764635925,134.1553198007905,103.4433105754796,115.93061218152988,236.12478646855652,2.1268588790017104,152.8
6.97,2.4623,0.0083,0.0083,0.0351,133.80841643338823,162.8972026145596,311.4497267521456,134.02454094970545,103.469930536248,115.84388557103551,236.1966444189597,2.1315234520569555,152.8
6.98,2.4388,0.0083,0.0083,0.0365,133.65004598469497,162.70440380745475,310.3717510783745,133.8660587500285,103.50096279721492,115.73014120083135,236.2655671755215,2.137069522328125,152.8
6.99,2.3955,0.0083,0.0083,0.0371,133.31667475464008,162.2985605708662,308.31099295337685,133.55965876649597,103.55513320040276,115.4779349006724,236.31982947003783,2.147310797409248,152.8
7.0,2.3562,0.0082,0.0082,0.0377,132.90911048373889,161.80239537150825,306.4242595986612,133.1084706646437,103.2456310507951,115.13309452968628,236.004199127278,2.154987367242791,160.0
7.01,2.2697,0.008,0.008,0.0383,131.961835776373,160.64919137993238,302.1400808130948,132.11767592904144,102.62150777714226,114.32556565120082,235.2676848594286,2.172485490704588,160.0
7.02,2.2186,0.0076,0.0076,0.0389,131.10626206653063,159.60762338534167,299.580579101719,131.0256354080183,101.1940747821542,113.51217508939035,233.7490187530747,2.177879093998333,160.0
7.03,2.191,0.0075,0.0075,0.0395,130.77728771819088,159.2071328743193,298.2046577628482,130.6368160775306,100.8507363163143,113.22804024507572,233.40930769433896,2.1831795505147973,160.0
7.04,2.1974,0.0075,0.0075,0.0407,130.87801283401512,159.3297547544532,298.5903391745015,130.69835203540217,100.8497764647043,113.32037954005872,233.4983037091482,2.1817500947012176,160.0
7.05,2.2037,0.0074,0.0074,0.0413,130.86924676781933,159.31908302169313,298.9640661948712,130.5786467236779,100.47044975471152,113.28556791944126,233.17986893795396,2.178424723893265,160.0
7.06,2.2176,0.0073,0.0073,0.0419,130.9310521893798,159.3943244044624,299.7285676320969,130.51887545522416,100.08445527116804,113.30485254934916,232.8621228764573,2.17317770387969,160.0
7.07,2.2775,0.0072,0.0072,0.0423,131.4160172281195,159.9847166255368,302.83083197815967,130.82156901718693,99.66657003686925,113.65512521755474,232.57406500992525,2.15660648768657,160.0
7.08,2.3522,0.0072,0.0072,0.0431,132.12690393177172,160.85014391693952,306.6243660685933,131.41098800757396,99.62633045199304,114.2294162001897,232.71281711089307,2.138924094716831,160.0
7.09,2.4112,0.0072,0.0072,0.0437,132.68075369071792,161.52439579739573,309.57842478464136,131.8693217629401,99.60212393911416,114.68263407439493,232.8386129037464,2.125453474201404,160.0
7.1,2.5095,0.0072,0.0072,0.0375,133.53794548628542,162.56793363547794,314.3079146200773,132.59957483752552,99.56934847806362,115.38963456541153,232.99053973821452,2.103962578765467,160.0
7.11,2.659,0.0073,0.0073,0.0229,134.8616410326371,164.1793890832104,321.22279561729084,133.83476899139913,99.89390611659842,116.5340419185286,233.5918315506973,2.074937203991413,160.0
7.12,2.8359,0.0079,0.0079,0.0006,136.75703802303883,166.4868288976125,329.0590353056525,136.14842708138173,102.02871684741348,118.4398370555675,236.1993120824343,2.050069136875221,160.0
7.13,2.8949,0.008,0.008,0.0002,137.32698038703649,167.18067177552268,331.7000449516373,136.70832323995,102.35297825056398,118.9620432239248,236.7059600158566,2.0407897719396897,160.0
7.14,2.946,0.0081,0.0081,0.0004,137.83281575776527,167.79647135727947,333.97263872290034,137.21107173621047,102.6775012863562,119.43172289179728,237.2033278812065,2.03316451674878,160.0
7.15,2.9853,0.0082,0.0082,0.0007,138.2503091452753,168.30472417685692,335.71661780075726,137.63378837440854,103.00361974314728,119.8283892850644,237.68944460330547,2.027840127666685,160.0
7.16,3.0168,0.0082,0.0082,0.0012,138.50677729866263,168.61694627663277,337.1162672530166,137.84306103452624,102.99993640851,120.05628258238336,237.79197562429857,2.022335733325833,160.0
7.17,3.123,0.0087,0.0087,0.0088,139.78175512799285,170.16909319929565,341.7115948189818,139.31227921209708,104.59784187949568,121.29715424143858,239.774744737553,2.011571803706357,160.0
7.18,3.1977,0.0087,0.0087,0.0164,140.31567018175014,170.81907674300018,344.91951221698446,139.78035081595735,104.5742555149726,121.7578996209071,239.9012670650648,1.9986446592223,160.0
7.19,3.3078,0.0086,0.0086,0.0177,140.94606002828868,171.58650786052536,349.4628018770318,140.2855178794594,104.2309200284712,122.28282884102566,239.68538518364016,1.978847030722687,160.0
7.2,3.3904,0.0085,0.0085,0.0187,141.38625232271,172.12239413199478,352.82393126811246,140.6211034448959,103.90970011605742,122.64621872405124,239.44909187860608,1.964126696223344,160.0
7.21,3.4336,0.0082,0.0082,0.0191,141.3736439782174,172.10704484304728,354.5845401844292,140.41674564961096,102.97872590521052,122.55141588428678,238.43923839880057,1.952817754534865,160.0
7.22,3.4375,0.008,0.008,0.0202,141.22897578344086,171.93092704071063,354.7955080349981,140.14095978430947,102.36259095899412,122.36763954568694,237.7604208093899,1.949247611821492,160.0
7.23,3.3864,0.0079,0.0079,0.0213,140.8607713852505,171.48267820813106,352.83090977229426,139.70108112956433,102.05074899327369,122.02354195385284,237.42876285498303,1.9558870477135264,160.0
7.24,3.3078,0.0079,0.0079,0.0225,140.423781254464,170.95069022282576,349.7413662321216,139.2516978160611,102.05108414821532,121.65832813443664,237.47053185513803,1.9687049866643973,160.0
7.25,3.2567,0.0079,0.0079,0.0235,140.14679603943824,170.6134908306205,347.7260029990886,138.9595179974176,102.0562780058378,121.43247143403654,237.52610563539463,1.9772967809788116,160.0
7.26,3.178,0.0079,0.0079,0.0245,139.68701999572627,170.05376347305807,344.5517511762804,138.4957422536238,102.06365610384688,121.05184489663591,237.56594298775963,1.9907120902145783,160.0
7.27,3.1387,0.0079,0.0079,0.0257,139.47270943201252,169.79286365636307,342.97711687217924,138.26729955083226,102.07281762707686,120.88138020595233,237.62680666130723,1.997646407419192,160.0
7.28,3.0994,0.0079,0.0079,0.0269,139.25473666758978,169.52750550837015,341.3894820809961,138.03651715637184,102.08307399648449,120.70836670758034,237.68729637320104,2.0046764339934504,160.0
7.29,3.0992,0.0077,0.0077,0.0277,139.08057766691658,169.31548585537672,341.4341982310692,137.72240021038053,101.43355851678474,120.496587839604,236.9784537336206,2.0015651026386245,160.0
7.3,3.1023,0.0076,0.0076,0.0285,139.0338229807745,169.25856710702985,341.6174616044606,137.59042036702073,101.11189568311993,120.42913651739678,236.6598942310781,1.9995453732014776,160.0
7.31,3.1053,0.0076,0.0076,0.0293,139.09360097559676,169.33134031811778,341.79641952980194,137.62104601789824,101.11948623982282,120.49174529475764,236.74356609094917,1.9992356189262523,160.0
7.32,3.1505,0.0074,0.0074,0.0305,139.2148003268384,169.478887354412,343.7413816536429,137.58878261537308,100.47581589328644,120.5215704169086,236.03107841516956,1.9882482385001556,160.0
7.33,3.2252,0.0072,0.0072,0.0311,139.51734078459108,169.84719747689348,346.8781368761626,137.73692643980573,99.85114081023032,120.70005914975503,235.31391247532517,1.9725013307569368,160.0
7.34,3.2842,0.0066,0.0066,0.0261,139.25750985180568,169.53088155871995,349.2905578441073,137.12075657942748,97.94232674405248,120.19027704528716,232.77865216316533,1.9530030287178544,160.0
7.35,3.3117,0.0062,0.0062,0.0239,139.013856005574,169.23425948504664,350.43264694082427,136.63799944743255,96.67966965744942,119.7571786054775,230.98817583088223,1.94199255473656,160.0
7.36,3.2999,0.0061,0.0061,0.0244,138.86512938460027,169.05320098994815,350.00698491716275,136.40891475830617,96.3531958261502,119.57939282248942,230.5736246301448,1.9423267355472065,160.0
7.37,3.2901,0.0062,0.0062,0.0249,138.95611689947415,169.16396839935985,349.66119020331,136.52545674504577,96.6748066696299,119.73480327900218,231.135842262888,1.9458391505837191,160.0
7.38,3.2922,0.0062,0.0062,0.0261,139.00883032324535,169.2281412630813,349.8029779559877,136.55131596101805,96.68461656578592,119.790951946207,231.21623896725708,1.945691374630354,160.0
7.39,3.2943,0.0064,0.0064,0.0269,139.28760614366357,169.56752052272086,349.9414513138626,136.90903790623682,97.34110345336242,120.16328923534708,232.25316565533183,1.9490328588248167,160.0
7.4,3.3024,0.0066,0.0066,0.0277,139.6022734402651,169.95059375336618,350.3227204959854,137.3023400085936,98.00117270212934,120.55850700225768,233.26814282491907,1.9513879363960691,160.0
7.41,3.3196,0.0075,0.0075,0.0285,140.73819576372176,171.33345571235694,351.0708193499924,138.8829570758763,100.9080554890734,121.9814294982853,237.26723042977693,1.9639860713446555,160.0
7.42,3.3668,0.008,0.008,0.0289,141.59933959368846,172.38180472275116,353.0164329758045,139.96898204413293,102.51167066028316,122.9322615993618,239.37293781803496,1.9647533576064076,160.0
7.43,3.3471,0.0083,0.0083,0.0289,141.83309075234493,172.66637135068078,352.2742709538887,140.333258217556,103.46380391447455,123.2504421500718,240.5927995144162,1.9729492881376889,160.0
7.44,3.2999,0.0083,0.0083,0.0302,141.5838148152655,172.36290499249716,350.4287668707944,140.0673248744858,103.47397901253976,123.04463801821416,240.6493903967141,1.9808464246165935,160.0
7.45,3.2409,0.0083,0.0083,0.0315,141.25526845993545,171.96293551644317,348.0833707834638,139.7274335268577,103.48690526639814,122.77122786160892,240.69904662068691,1.9908446732489489,160.0
7.46,3.1544,0.0082,0.0082,0.0327,140.63597786241905,171.20901652816232,344.56749421002297,139.05586914287238,103.18387440821704,122.21648268046104,240.35350717627247,2.0041495997642462,160.0
7.47,2.9893,0.0082,0.0082,0.0337,139.56723509881343,169.9079383811642,337.63174852098405,138.03305009220435,103.225430493691,121.31919176875024,240.3393502820464,2.033744437325558,160.0
7.48,2.8988,0.0082,0.0082,0.0355,138.97123016434742,169.18236715659685,333.7588762555209,137.460800326766,103.26158750824956,120.8282388327228,240.3660217190573,2.0508106912541835,160.0
7.49,2.8123,0.0084,0.0084,0.0361,138.58878927925144,168.71678694865395,329.9772287289738,137.22575072685223,103.98008315969216,120.58792612690026,241.14764145575987,2.071145316124292,160.0
7.5,2.7179,0.0087,0.0087,0.0365,138.2226505825313,168.27105288308155,325.7591316399033,137.0868957892126,105.06510812981972,120.3911526237438,242.27080680713337,2.095424824771458,160.0
7.51,2.4506,0.0089,0.0089,0.0512,136.39191641400154,166.04233302574104,313.34701094101604,135.44510828116137,105.92709498922176,118.8776813631614,242.8834797435216,2.157930877029893,160.0
7.52,2.4545,0.0089,0.0089,0.0536,136.46698782402922,166.13372430751386,313.6012529795758,135.48603857791298,105.92770175199874,118.94890008541788,242.96812175015805,2.1571805280687,160.0
7.53,2.2893,0.0088,0.0088,0.0548,134.93690579152928,164.27101574620957,305.45331390783895,134.0868588949376,105.79691443252176,117.69447559324009,242.56795777283716,2.195160047865854,160.0
7.54,2.2146,0.0087,0.0087,0.0564,134.17546257985003,163.34404140155658,301.68157240416974,133.3443084443922,105.55145035080912,117.06570305596898,242.2297014700437,2.212461985727182,160.0
7.55,2.1596,0.0082,0.0082,0.0572,133.17557949128937,162.12679242417835,298.8595992203483,132.06229769079837,103.79957309435092,116.113678345101,240.4088757636318,2.217828298857184,160.0
7.56,2.0927,0.008,0.008,0.0586,132.34296117841143,161.11317013024004,295.36130263867733,131.1699570293981,103.14620508852458,115.3945121331379,239.6628390050776,2.2321612806401903,160.0
7.57,1.9787,0.0079,0.0079,0.0594,131.0920154441326,159.59027967111797,289.1905288216952,130.02063882561976,102.93540564667668,114.39004726251518,239.2520934041297,2.262485629588244,160.0
7.58,1.9354,0.0079,0.0079,0.0588,130.65811102053405,159.062048198911,286.80190382750686,129.64135261583954,103.00964638440256,114.068018355259,239.2928321135223,2.2755031567384294,160.0
7.59,1.8922,0.0081,0.0081,0.0604,130.42438845637406,158.77751638167277,284.4097339517778,129.6145630857331,103.86708226707592,113.97577311476094,240.11181647354783,2.292638451856441,160.0
7.6,1.8332,0.0084,0.0084,0.0612,130.09080274474866,158.37141203708532,281.05678307704113,129.60514823787753,105.15837090984924,113.84170737892192,241.2735166861609,2.3170852600919374,160.0
7.61,1.8362,0.0087,0.0087,0.0618,130.4574154143313,158.817723113099,281.27481644032764,130.15792595914428,106.31418799058638,114.24240393243412,242.46026990901908,2.322131094079997,160.0
7.62,1.8392,0.0092,0.0092,0.0624,131.00755484741282,159.48745807511128,281.49266450623685,131.03655281899842,108.21592423227445,114.84240127110746,244.3121327831028,2.330751113898621,160.0
7.63,1.8521,0.0092,0.0092,0.069,131.2083210510391,159.73186910561284,282.35314979531506,131.17290367785773,108.1815591419101,114.99996611851924,244.40585060150676,2.3265301036227983,160.0
7.64,1.8804,0.0093,0.0093,0.0712,131.6676505176792,160.29105280413117,284.04346046299304,131.60570769434298,108.48516437489016,115.39683468088369,244.8581761225581,2.31963863170386,160.0
7.65,1.9433,0.0086,0.0086,0.0726,131.7343697472304,160.37227621401965,287.66235328741226,131.00195012856048,105.70599666668112,115.23616902760904,242.5191805139244,2.2877795186415937,160.0
7.66,2.0298,0.0079,0.0079,0.0688,131.97471963487908,160.6648760772441,292.4488950083908,130.545959265991,102.89945798350377,115.18866296034962,240.01385366479505,2.249794282561823,160.0
7.67,2.1281,0.0074,0.0074,0.0542,132.44791635514017,161.24094164973584,297.6281188313118,130.47922978591555,100.88352055314613,115.38995912032736,238.14433069867516,2.214061223379177,160.0
7.68,2.2382,0.0073,0.0073,0.0455,133.42214662074886,162.42696110352037,303.3392683183112,131.2071502843056,100.4257689098225,116.14204799986508,237.8906471122288,2.184272942585205,160.0
7.69,2.4466,0.0072,0.0072,0.0435,135.2183485667668,164.6136417334552,313.8123299119959,132.68176552698,99.96531767662732,117.54847806541252,237.6991944356304,2.132788258963179,160.0
7.7,2.5017,0.0072,0.0072,0.0433,135.6501747987111,165.13934323321354,316.5228652993908,133.20482552718866,100.03806700729338,117.96867858173312,237.81654977302347,2.1194239431710087,160.0
7.71,2.5607,0.0073,0.0073,0.0436,136.2878896132286,165.9156917030609,319.3881097124982,133.82706310356292,100.39029198846606,118.54367601936418,238.36272366027504,2.108631027332914,160.0
7.72,2.6039,0.0073,0.0073,0.044,136.67650752757385,166.38879177269862,321.4738647518713,134.15252919966073,100.38737304319643,118.87242689140837,238.47042408936417,2.099606849257884,160.0
7.73,2.6511,0.0078,0.0078,0.0447,137.63570749786388,167.55651347566038,323.7281028218816,135.3551501899355,102.14298950327044,119.88060723946973,240.6438787012336,2.0990083395178525,160.0
7.74,2.7573,0.008,0.008,0.0459,138.7111938828642,168.86580124870426,328.65861876718594,136.44223679356995,102.80089198272124,120.85760341043084,241.58640906970965,2.080963214144191,160.0
7.75,2.8674,0.0082,0.0082,0.0453,139.7771717198938,170.1635133981316,333.6323130366686,137.52401960662002,103.4465718843117,121.83401556854449,242.51259579844847,2.0630071825817464,160.0
7.76,2.9971,0.0082,0.0082,0.0367,140.72375869690765,171.31588015275716,339.2699019115725,138.37380056127387,103.41799956143552,122.65659629920054,242.67115703912464,2.0391562374050283,160.0
7.77,3.1466,0.0083,0.0083,0.0281,141.86449092740125,172.70459765074935,345.5942784958796,139.48124553083505,103.72616532978148,123.68798925261224,243.22065435633343,2.0145930869683544,160.0
7.78,3.2999,0.0083,0.0083,0.0148,142.86730708391596,173.9254173195499,351.8571459155127,140.4160839366013,103.72368278598334,124.58270172915904,243.38547209295857,1.989229670813677,160.0
7.79,3.5122,0.0086,0.0086,0.0073,144.48739849784826,175.89770251911963,360.3178514987072,142.12886032403176,104.66696427051492,126.12233949255938,244.703858415065,1.9603839253333664,160.0
7.8,3.5634,0.0087,0.0087,0.0039,144.92038952729288,176.42482203322612,362.3341733418399,142.5796279932282,104.98105165739058,126.55191443921252,245.17771352544068,1.9543621035395944,160.0
7.81,3.5594,0.0089,0.0089,0.0042,145.14134725296154,176.69381404708363,362.22705738089365,142.86813019784938,105.5961531608776,126.81552957088512,245.9808829816899,1.958226516196484,160.0
7.82,3.524,0.0091,0.0091,0.0044,145.1795183793493,176.74028324442526,360.89424566189393,142.97692993738914,106.21446112063312,126.91206349954456,246.75417560716716,1.9669354705706343,160.0
7.83,3.4887,0.0094,0.0094,0.0056,145.3153222233752,176.9056096632394,359.56426495983897,143.2332095568876,107.1404311939682,127.11498974077033,247.85849766986277,1.977152514495272,160.0
7.84,3.3746,0.0097,0.0097,0.0066,144.97036365603694,176.4856601030015,355.0801890825597,143.03251372432288,108.10501518769392,126.8830921510424,248.89197261590215,2.000205344484931,160.0
7.85,3.3668,0.0097,0.0097,0.0094,144.96493392103048,176.4790499908197,354.83387656159454,143.00152057636546,108.115815316622,126.88577463827596,248.96798945969397,2.001636945600669,160.0
7.86,3.3638,0.0098,0.0098,0.0106,145.08493273623463,176.6251355049813,354.7675036124779,143.14340797736725,108.43046674743032,127.02248331457542,249.37883550162744,2.00381828345278,160.0
7.87,3.3653,0.01,0.01,0.0118,145.32930202537403,176.92262855262928,354.8822172888049,143.4567196688753,109.04709497303632,127.2888092244468,250.11592175277423,2.006723067928347,160.0
7.88,3.3668,0.0103,0.0103,0.0128,145.66766387324847,177.33454732395467,354.9952652204879,143.91188596065936,109.964370005123,127.65472518041358,251.16038250879697,2.0110596495260835,160.0
7.89,3.3982,0.0106,0.0106,0.0148,146.18574707291236,177.9652573061542,356.31615530598594,144.5342000167069,110.85347440688464,128.17563079869973,252.1977698387899,2.0103596829468158,160.0
7.9,3.4297,0.0106,0.0106,0.0156,146.41585002867114,178.24538264359967,357.6243887213291,144.72496528501293,110.83768972546798,128.39124920460446,252.29582704522383,2.0054189158380376,160.0
7.91,3.4533,0.0106,0.0106,0.0164,146.59696937478,178.46587576060173,358.61283586310105,144.87024159070697,110.82832666966593,128.56330035163631,252.3893947145056,2.001804613615155,160.0
7.92,3.4808,0.0106,0.0106,0.0173,146.80010704077517,178.71317378876978,359.7521328113041,145.03694314149314,110.81688936007718,128.75544270020333,252.48490229513547,1.9975893230936577,160.0
7.93,3.5122,0.0106,0.0106,0.0181,147.02441004212906,178.98623831215713,361.03854592182233,145.22451004482053,110.80367945847216,128.9672876795449,252.58230410508523,1.992795089876186,160.0
7.94,3.528,0.0106,0.0106,0.0199,147.15761419044654,179.14839988402187,361.7166900354724,145.32572279705676,110.80095138521284,129.09589254788517,252.67124278537065,1.9904756975681437,160.0
7.95,3.5437,0.0107,0.0107,0.0209,147.3834755241917,179.42336150771166,362.3830086391704,145.5658405819861,111.0937425489149,129.32441987425867,253.0687450637963,1.9896102596117728,160.0
7.96,3.5752,0.0107,0.0107,0.0217,147.60462708353882,179.69258949300377,363.6601755140947,145.75180610119548,111.0813513649917,129.5345911208996,253.16582239635807,1.984891224237156,160.0
7.97,3.6224,0.0108,0.0108,0.0229,148.00740441145388,180.182927109596,365.53921726962295,146.16228309192053,111.35272764503544,129.92504933592778,253.5772994251257,1.979172832658391,160.0
7.98,3.6538,0.0108,0.0108,0.0235,148.2232690167192,180.4457188029625,366.7950002675428,146.34484765664644,111.34160299724,130.13198234725164,253.67395876865825,1.97458620353282,160.0
7.99,3.6538,0.0108,0.0108,0.0241,148.26318653831365,180.4943140466427,366.8450756056365,146.35718260345735,111.34929188698123,130.17729605302645,253.7543466064571,1.9748049429639032,160.0
8.0,3.6341,0.0108,0.0108,0.0259,148.1942159263882,180.41034982342916,366.1484254222385,146.2639799703764,111.36842426180264,130.12123030348332,253.82450458278024,1.977997459680835,174.1
8.01,3.5909,0.0105,0.0105,0.0265,147.70530995110153,179.81515994047143,364.53171350416267,145.62028192290344,110.52195017876822,129.6389936544959,252.9542003595905,1.9806979312743995,174.1
8.02,3.5476,0.0098,0.0098,0.0273,146.8186435204364,178.7357399379226,362.8998474080633,144.39337314080828,108.47232206346877,128.7184053318439,250.7522143022965,1.9776409105572288,174.1
8.03,3.5083,0.0098,0.0098,0.0281,146.63012358221826,178.50623740443964,361.4120975223681,144.18344602481466,108.49350368624177,128.55661750939635,250.8106039493779,1.984017856015269,174.1
8.04,3.482,0.0098,0.0098,0.0287,146.515029628848,178.36612302642368,360.4255320051828,144.04557375041998,108.51065093149354,128.46183201333596,250.87561980866425,1.9884048400364804,174.1
8.05,3.4701,0.0098,0.0098,0.0303,146.48508072868634,178.3296634957921,360.0122279268897,143.99042674160754,108.52247147659288,128.44289588225004,250.94817040737956,1.990488303827253,174.1
8.06,3.4725,0.0099,0.0099,0.0311,146.63681283964655,178.51438084826538,360.1577467028974,144.16100814880937,108.83001081357948,128.6083511838467,251.3598155264065,1.991777634760845,174.1
8.07,3.4749,0.0103,0.0103,0.0317,147.0786184501885,179.05223115675122,360.3016134085983,144.7609177706334,110.0353999154521,129.0891817891941,252.73801603651395,1.9973952953915628,174.1
8.08,3.5122,0.0112,0.0112,0.0325,148.1872136239689,180.40182528135344,361.8221026318234,146.24473129548818,112.67989494119942,130.2346920767693,255.6056556515577,2.004257558466146,174.1
8.09,3.583,0.0115,0.0115,0.0343,148.91458773068916,181.28732419388248,364.64466634251227,147.05877541149684,113.50320421311612,130.9413979316913,256.60367800520777,1.9973131085104296,174.1
8.1,3.6931,0.0118,0.0118,0.0351,149.84759155110612,182.42315493178137,368.92816202693655,148.0689988328341,114.2815609834904,131.83999520990753,257.6023496672354,1.984527333530269,174.1
8.11,3.8072,0.0119,0.0119,0.0357,150.59777513619423,183.3364219049321,373.2833581971473,148.81443601848477,114.48238468916462,132.55717435172423,258.0237118829255,1.9689905259727176,174.1
8.12,3.9291,0.0124,0.0124,0.0367,151.72518401338775,184.70891966847208,377.849618653226,150.10766701717185,115.78778917832436,133.6615837792674,259.54939368228315,1.9579233740044624,174.1
8.13,4.0942,0.0127,0.0127,0.0351,152.85684668767922,186.0865959676095,383.8619876434065,151.32390714729794,116.48697784974269,134.7693231719308,260.5176777152788,1.9388674666963768,174.1
8.14,4.1414,0.013,0.013,0.0309,153.38566013191746,186.73036885624737,385.56070982392686,151.94222084206592,117.2676174626416,135.30003209234863,261.41304432552016,1.936447778624322,174.1
8.15,4.1768,0.0131,0.0131,0.0304,153.6826694688633,187.09194544035532,386.85798062594193,152.25072731977443,117.51555173552872,135.59842517976028,261.771367693217,1.9331268810710112,174.1
8.16,4.1925,0.0133,0.0133,0.0306,153.9717124213702,187.44382381732024,387.46045830834873,152.5892201837254,118.04438366101242,135.8887474633677,262.376164808128,1.9336428292080925,174.1
8.17,4.1886,0.0137,0.0137,0.0308,154.33733253414053,187.8889265633015,387.37131241606113,153.07987778953165,119.1175313945884,136.2514967314533,263.4686336638631,1.939127594775037,174.1
8.18,4.1786,0.0138,0.0138,0.0313,154.41557008366888,187.9841722757708,387.0686930358583,153.16886595844258,119.39971001902464,136.33320384287114,263.7948121690966,1.9418690834004455,174.1
8.19,4.1744,0.014,0.014,0.0333,154.60710831388965,188.21734925169176,386.981196746548,153.4089814743414,119.93989643239937,136.5227159848436,264.36844908045265,1.9449524978745305,174.1
8.2,4.1794,0.014,0.014,0.0341,154.67236847152523,188.29679640011767,387.2103400034787,153.4463846425336,119.94312981568544,136.5925799608643,264.452421369598,1.9444908799927096,174.1
8.21,4.1844,0.014,0.014,0.0351,154.73776291682512,188.3764070291784,387.44074946921467,153.48396571786552,119.94635051957265,136.6623950207063,264.53631799378826,1.9440244790991452,174.1
8.22,4.2161,0.0142,0.0142,0.0361,155.0986020302511,188.81568942813175,388.6113548056083,153.89148561609215,120.44855926075766,137.0185259104087,265.12101313884,1.9422845958775612,174.1
8.23,4.2633,0.0143,0.0143,0.0367,155.44605619712945,189.2386771095489,390.31590437974666,154.24781275672993,120.6712087699047,137.36474272002067,265.46649647341115,1.93736229626788,174.1
8.24,4.3223,0.0145,0.0145,0.0385,155.92927049744847,189.82693799689375,392.42667682350486,154.77748012784582,121.14025107979369,137.84216276393045,266.0550278678891,1.9320601924263408,174.1
8.25,4.3813,0.0146,0.0146,0.0391,156.32310585384792,190.3063897351192,394.51223900817433,155.18204181605049,121.34868691353002,138.2369485251374,266.4012987633163,1.9257478481550856,174.1
8.26,4.397,0.0145,0.0145,0.0395,156.35184842420392,190.3413806903352,395.100836745753,155.14821199478175,121.0850663232164,138.2758546434662,266.25201641605474,1.9228277821403352,174.1
8.27,4.4167,0.0148,0.0148,0.0401,156.73077188881948,190.80267882117155,395.8264130562969,155.60851899914883,121.84393575457764,138.64690356589816,267.0523455614272,1.92387642781944,174.1
8.28,4.4599,0.0148,0.0148,0.0407,156.9646828862769,191.08744003546755,397.3498649003304,155.81805125516766,121.81045756235272,138.88802314428497,267.1532485472296,1.9185952597597933,174.1
8.29,4.4796,0.0151,0.0151,0.0419,157.34067389260426,191.54516821708344,398.0738962091801,156.2741042419956,122.56209241390528,139.25459004941462,267.9416485680147,1.9196136617336936,174.1
8.3,4.4953,0.0151,0.0151,0.0427,157.4513795003021,191.67994026123736,398.65826447834326,156.3587101321216,122.55501220445096,139.3714663261764,268.0303232699288,1.9178473483375067,174.1
8.31,4.4992,0.0151,0.0151,0.0433,157.50991192571846,191.7511971269616,398.8416956924253,156.3902492830978,122.55978814108713,139.43553819201497,268.1137078883371,1.9175739145578248,174.1
8.32,4.4874,0.0148,0.0148,0.0439,157.25215326997463,191.4374039808387,398.49405893889457,155.99896897796287,121.81885846074648,139.197385756042,267.49134924353217,1.9159720988397115,174.1
8.33,4.3773,0.0145,0.0145,0.0445,156.55220008148515,190.58528705572107,394.7889495435288,155.1558883629882,121.1632270224318,138.51103884816413,266.8122147029937,1.926868753496353,174.1
8.34,4.3026,0.0139,0.0139,0.0449,155.74487205123762,189.60245293194143,392.2562884743889,154.0989744561683,119.68371457327903,137.73029370469987,265.39717726989,1.9299531451612455,174.1
8.35,4.2935,0.0126,0.0126,0.0457,154.6098619865019,188.2207015487849,391.9918949065981,152.45785349030075,116.27369597148748,136.61622155424357,262.1062696028091,1.915946408800674,174.1
8.36,4.2956,0.0114,0.0114,0.0467,153.56413364026648,186.94764095336788,392.1183866306303,150.94110049031983,113.06576489621328,135.54069333004665,258.79742488004223,1.9009923238809157,174.1
8.37,4.2977,0.0113,0.0113,0.0471,153.5197855789602,186.89365200916896,392.2406463201418,150.83386880181698,112.8036472200339,135.49616675934888,258.5803036132204,1.899664916043161,174.1
8.38,4.338,0.0113,0.0113,0.0479,153.74387194604805,187.1664528038846,393.6906372830247,151.0431379201889,112.80226190561132,135.72344227235843,258.67629528234687,1.894708358501375,174.1
8.39,4.4167,0.0114,0.0114,0.0491,154.2314111545222,187.75997879680963,396.4529328531103,151.5655369480711,113.06093121917992,136.21999140955998,259.0853680012603,1.8862311970069137,174.1
8.4,4.4638,0.0116,0.0116,0.0499,154.66561494384092,188.28857471424115,398.11148616672114,152.06113217245186,113.59061949833864,136.67055513211986,259.77046296599684,1.8830668172161564,174.1
8.41,4.4992,0.0119,0.0119,0.0503,155.13695155639766,188.86237580778848,399.361662628533,152.62471822903098,114.38235769588547,137.16174153584836,260.72786509138933,1.8826023819932567,174.1
8.42,4.4678,0.0127,0.0127,0.0505,155.76444456673772,189.6262803421155,398.3452717958808,153.4994281886678,116.50295138726032,137.81096998268382,263.00795946825747,1.896371354363525,174.1
8.43,4.4167,0.0129,0.0129,0.0514,155.75679483344368,189.61696762332275,396.6553991052563,153.52414544420017,117.06205197802092,137.8068902332371,263.5994614287071,1.9053778654922529,174.1
8.44,4.3616,0.013,0.013,0.0518,155.63751402093357,189.47175619939745,394.81128271679233,153.4029959282856,117.36540001972725,137.6915603666217,263.9188495329905,1.913809462539636,174.1
8.45,4.2751,0.0131,0.0131,0.0524,155.36832453081175,189.14404725490127,391.859009348054,153.12984482688103,117.69332845647388,137.42753908433008,264.22187715449047,1.926451346627643,174.1
8.46,4.2004,0.0131,0.0131,0.053,155.05675863041523,188.76474963702725,389.2854578109621,152.78327571127593,117.75400678265495,137.1242152139802,264.26647787726506,1.9365759103782727,174.1
8.47,4.1996,0.0131,0.0131,0.0536,155.09299755480905,188.8088665884632,389.3069707589206,152.79245887747058,117.76266497576816,137.16549342455252,264.3451004553456,1.936896558195361,174.1
8.48,4.2056,0.0132,0.0132,0.0548,155.2497124985995,188.99964999829507,389.5727816857605,152.95982164699407,118.0319013002908,137.32535583928512,264.68836057264565,1.9374884421400875,174.1
8.49,4.2116,0.0133,0.0133,0.0556,155.4057268059951,189.1895804594723,389.8355730556792,153.12633792560268,118.30055091305763,137.48465618722358,265.0299917404829,1.9380868681480303,174.1
8.5,4.2436,0.0135,0.0135,0.0558,155.77044426592204,189.6335843237312,391.0084129651757,153.54035069504212,118.81235167056242,137.85030984706668,265.6387135710538,1.936413854795616,174.1
8.51,4.3223,0.0145,0.0145,0.056,157.02822471654565,191.16479530709907,393.8028008919339,155.13863106711625,121.3599612731713,139.08321831778795,268.2341474357411,1.937801205971424,174.1
8.52,4.279,0.0146,0.0146,0.0559,156.95002479547318,191.06959540318476,392.3399374584951,155.06681381990288,121.66794845116456,139.00633936262787,268.5336883927217,1.9448784739194565,174.1
8.53,4.3931,0.0147,0.0147,0.0564,157.59945100355105,191.86020122171436,396.3430919435701,155.73197031598454,121.82435365585772,139.65871098835967,268.90422128349394,1.9312924401301663,174.1
8.54,4.4678,0.0147,0.0147,0.0569,157.97472562182637,192.31705727874515,398.9472854509889,156.0889134448765,121.76486711914713,140.04381919033293,269.01750701506387,1.921957375021428,174.1
8.55,4.456,0.0147,0.0147,0.0578,157.96320754554208,192.30303527283385,398.59779152824376,156.0487711869737,121.78362094017484,140.03604864842177,269.0919031865622,1.9236609640838045,174.1
8.56,4.4402,0.0146,0.0146,0.0586,157.84996546131393,192.16517534420828,398.1102352918182,155.8717309004036,121.55086273596385,139.9306273796745,268.9256753051453,1.9247647460400796,174.1
8.57,4.4167,0.0145,0.0145,0.0594,157.7014866429658,191.98441852187145,397.3575694716656,155.65835742387802,121.32392738062752,139.7893654448106,268.7543287976636,1.9268562273060976,174.1
8.58,4.2869,0.014,0.014,0.0598,156.72436010586088,190.7948731723524,392.915856086365,154.4628913803437,120.1519838641476,138.83039483834156,267.5509791463529,1.9382631045455776,174.1
8.59,4.2279,0.0134,0.0134,0.061,155.9712616690653,189.87805768407952,390.90060756707857,153.45999602727372,118.6339087497281,138.09551645530445,266.08290444779783,1.9392731556329137,174.1
8.6,4.1571,0.0129,0.0129,0.062,155.23422411653195,188.9807945766476,388.44611176513854,152.50487093420813,117.36423268004827,137.37040110377993,264.81560613706,1.9430008986844385,174.1
8.61,4.0942,0.0125,0.0125,0.0624,154.61062357491122,188.22162869989197,386.2443806167206,151.69855706514934,116.33754240915412,136.75542828487974,263.78123995851786,1.946897675113152,174.1
8.62,4.0195,0.0121,0.0121,0.0628,153.9169180501249,187.37711762623903,383.5922995534136,150.8190379719489,115.30145160892768,136.06950390446264,262.70967360223204,1.9524612968765376,174.1
8.63,3.9998,0.0117,0.0117,0.0634,153.48981407704218,186.8571649633557,382.9236073128038,150.20915911323624,114.2202876888854,135.63812026485758,261.63131978788044,1.95032225232295,174.1
8.64,3.9959,0.0112,0.0112,0.0636,153.04170234159585,186.31163763324716,382.82673582494726,149.5402612702326,112.8452538355518,135.1718455182095,260.224404476344,1.9445841288767023,174.1
8.65,3.992,0.011,0.011,0.0636,152.87068188768018,186.10343881978457,382.7282422289315,149.26450183257776,112.2975019048083,134.9942686738836,259.68967903531376,1.94271495913246,174.1
8.66,3.992,0.0109,0.0109,0.0644,152.81418831818294,186.03466403952703,382.7778648024833,149.1428061748432,112.02619583337544,134.93531679802786,259.4573850744658,1.9415891274139951,174.1
8.67,3.9802,0.0108,0.0108,0.0648,152.6970728005205,185.89208862672055,382.3932583287313,148.9583344859456,111.75729503832954,134.81791574123793,259.21669644743616,1.9421168440863696,174.1
8.68,3.9212,0.0103,0.0103,0.0648,151.9488301820002,184.98118456939156,380.26843393749147,147.97633341764362,110.36727598416095,134.04299760074406,257.6709066845855,1.9438736654243425,174.1
8.69,3.9173,0.0101,0.0101,0.0651,151.7701664513625,184.76368089731088,380.1699382851614,147.69148700484237,109.8073584486256,133.84868190806105,257.08790190386594,1.9418848826723292,174.1
8.7,3.8386,0.0098,0.0098,0.0654,151.09839398389312,183.94587093691337,377.28899198186105,146.85745858036205,108.95963331686924,133.1670659825149,256.11817309578305,1.9491482023817728,174.1
8.71,3.7757,0.0097,0.0097,0.066,150.6995940664016,183.46037538518456,374.970559098368,146.3804601200453,108.67889084526344,132.77996846146848,255.819976928548,1.9570849273598367,174.1
8.72,3.701,0.0097,0.0097,0.0655,150.32750585378196,183.0073984306911,372.1675956264698,145.9715753130247,108.68894705709752,132.44068186098764,255.85641642597471,1.9684086426555267,174.1
8.73,3.6184,0.0097,0.0097,0.0655,149.901068329029,182.4882570962092,369.0257172013133,145.51142769290922,108.70287541131276,132.05298523571616,255.88787466095127,1.9811861282154488,174.1
8.74,3.4257,0.0095,0.0095,0.0656,148.60576652495888,180.91136794342825,361.4609550178423,144.10180290336825,108.13766197998991,130.83169371706123,255.16632663430457,2.008998443950114,174.1
8.75,3.3707,0.0094,0.0094,0.0658,148.2048593397712,180.4233070223301,359.28383793086704,143.63324082209175,107.84929150054148,130.45399041954872,254.85874638388867,2.016769092789263,174.1
8.76,3.3668,0.0094,0.0094,0.066,148.21734309426313,180.43850463649423,359.16783623730544,143.61944124276278,107.85643506463651,130.47366751358956,254.9302215448924,2.0176393073153425,174.1
8.77,3.3741,0.0094,0.0094,0.0662,148.2989804029355,180.53788918618235,359.5061879842911,143.6738172110279,107.86171827714432,130.55576881990427,255.00790439728223,2.016649137535362,174.1
8.78,3.3815,0.0094,0.0094,0.067,148.38185163694132,180.6387759058416,359.8530749801008,143.72948817131945,107.86702661462697,130.63834283932363,255.08557399988143,2.0156250435357133,174.1
8.79,3.3982,0.0095,0.0095,0.068,148.62311682450095,180.93249004721852,360.5769598473159,143.98799220620774,108.1750346236282,130.88733835185505,255.51961922716728,2.014568998150854,174.1
8.8,3.4965,0.0096,0.0096,0.0674,149.3514552466452,181.81916290895936,364.5469844108853,144.73036439501058,108.46795240947164,131.58177690670428,255.99531652585551,2.000352483317809,174.1
8.81,3.5476,0.0097,0.0097,0.0612,149.781363301301,182.3425292363665,366.5577533955653,145.17770104534847,108.7664438704348,132.01210876642335,256.4416142822957,1.9941372841084863,174.1
8.82,3.5712,0.0098,0.0098,0.059,150.05248335578491,182.67258843312948,367.5081909132675,145.4659924572193,109.06681059173808,132.29246077729627,256.8700807053623,1.9921840931796764,174.1
8.83,3.587,0.0098,0.0098,0.0582,150.1793348862406,182.82701638324943,368.1614670404088,145.5670243287465,109.07131090201864,132.41829178735728,256.9521260533458,1.989966115674978,174.1
8.84,3.5122,0.0098,0.0098,0.058,149.7797076117217,182.34051361426992,365.2585784170342,145.13970961722563,109.09050766162264,132.0586116968411,256.9856390680188,2.001995450820726,174.1
8.85,3.4454,0.0098,0.0098,0.0579,149.41736045154747,181.89939533231868,362.637689739212,144.75315357883932,109.11126970895296,131.7353489158831,257.02263172870346,2.0130009690829334,174.1
8.86,3.3707,0.0098,0.0098,0.0584,148.99761951946635,181.38840637152427,359.6683699653298,144.3133689977509,109.1370902266545,131.36142667199957,257.0543784252181,2.0255417959753728,174.1
8.87,3.2724,0.0098,0.0098,0.0588,148.415091607976,180.679241957536,355.6819906882652,143.71952176205878,109.17495039732232,130.84378926518718,257.0714411993502,2.0424536516228704,174.1
8.88,3.1819,0.0097,0.0097,0.0594,147.7628522365332,179.88521141838828,351.9498178314078,143.01475595492062,108.90686883466658,130.2463439182286,256.7488112602678,2.057014496884665,174.1
8.89,3.0561,0.0092,0.0092,0.06,146.4431350349741,178.27859917301194,346.6321011725387,141.46490531110743,107.38784648255036,128.9647530898883,254.9849562543882,2.072288636324695,174.1
8.9,3.0011,0.0086,0.0086,0.061,145.47320395223326,177.0978135070666,344.29217234218686,140.18800064974167,105.47985356692604,127.94991553727324,252.79710794100328,2.0730482786060622,174.1
8.91,2.9381,0.0085,0.0085,0.0614,144.95382727291516,176.4655288539837,341.565992239503,139.61105056710227,105.16757233100589,127.47563443901475,252.44511286211716,2.083575034790412,174.1
8.92,2.8634,0.0084,0.0084,0.0616,144.33608737324766,175.71349767177978,338.27560019129095,138.9423074112152,104.85420627451572,126.91865007633236,252.0805267697512,2.096671204721951,174.1
8.93,2.7179,0.0084,0.0084,0.0622,143.26019727386654,174.40371842035927,331.67477119943953,137.9082166979763,104.89166355019196,126.00835137476312,252.05470543953675,2.1264699520756016,174.1
8.94,2.6975,0.0084,0.0084,0.0626,143.1343547370477,174.2505188103189,330.766303755093,137.7666991945488,104.902832472849,125.91088695942553,252.11203014977048,2.130982091607089,174.1
8.95,2.6925,0.0082,0.0082,0.064,142.91804244048677,173.98718210146217,330.5827042803108,137.41688335704305,104.2298225649141,125.6647868978511,251.3911220712837,2.1287343992900296,174.1
8.96,2.7033,0.0082,0.0082,0.0642,143.03830601351237,174.13358992949335,331.12469179905776,137.50428438113087,104.2324510732914,125.77628720846786,251.4696052638487,2.1266885298825016,174.1
8.97,2.714,0.0082,0.0082,0.0654,143.15899370806514,174.28051407938366,331.670154968837,137.5922417181758,104.23522427542171,125.88688559617704,251.54793538870317,2.124631154424878,174.1
8.98,2.773,0.0083,0.0083,0.0658,143.7602999193011,175.01253903219268,334.4336908888327,138.19128997463065,104.56684967168012,126.44361609006518,252.0557734690053,2.1143760518377857,174.1
8.99,2.8477,0.0084,0.0084,0.0614,144.4614201388252,175.8660766907437,337.8284544323868,138.886241597757,104.89365285683613,127.0940935193211,252.56927752852232,2.1014276746628138,174.1
9.0,2.9185,0.0087,0.0087,0.0546,145.32572385320077,176.91827251694008,340.9761070590881,139.8511770306137,105.87391102782374,127.9559056617745,253.8415990525357,2.0930370964844465,176.2
9.01,3.0207,0.0089,0.0089,0.0491,146.29271834114726,178.0954831979184,345.46229961261844,140.85784958942992,106.50591322043532,128.87425841239354,254.7291372033485,2.077243103284839,176.2
9.02,3.237,0.0098,0.0098,0.0435,148.69919195406584,181.025103248428,354.67338427427376,143.61126731473072,109.27682610945348,131.24946851633615,258.14365522534405,2.052524996840824,176.2
9.03,3.2802,0.0098,0.0098,0.0259,148.99154112671738,181.38100658904725,356.3626191760013,143.86943677327335,109.26921573388876,131.54078478533128,258.2413649149127,2.0458448454500178,176.2
9.04,3.296,0.01,0.01,0.0244,149.3254364044411,181.7874877967109,357.04305199847335,144.26434094241094,109.87986164664947,131.89332107002537,259.0022122664747,2.046388023775336,176.2
9.05,3.292,0.0103,0.0103,0.0241,149.630081582211,182.1583601870395,356.9142944667212,144.6778379555428,110.7977120643966,132.23482131183033,260.0697785545834,2.051751350827005,176.2
9.06,3.3058,0.0107,0.0107,0.0239,150.14078422217315,182.7800851400369,357.52169870010283,145.33706477378715,112.00081519431646,132.77433727026585,261.44222274462373,2.0554107794655367,176.2
9.07,3.3196,0.0107,0.0107,0.0247,150.26585713742782,182.93234781947731,358.13596038464584,145.431869814153,111.99855118025874,132.89475817348892,261.5232620802712,2.0532343089557563,176.2
9.08,3.4651,0.0108,0.0108,0.0255,151.30102971773167,184.19255791723856,364.0904372097966,146.45860469527614,112.2227957664194,133.86250008369962,261.9958788613606,2.0303777862371373,176.2
9.09,3.5555,0.0108,0.0108,0.0283,151.87913374539477,184.89633673352407,367.7469882263738,147.00270506273094,112.18692854079237,134.40098531123874,262.1188000461985,2.0158629468131983,176.2
9.1,3.6263,0.0108,0.0108,0.0293,152.3271673513588,185.44176894948032,370.57103390413255,147.42295378569256,112.16465720000616,134.8243325228596,262.22998341090334,2.004866562656812,176.2
9.11,3.6931,0.0108,0.0108,0.0305,152.74361295589992,185.94874620718247,373.20964251415694,147.81527535448825,112.14733817435952,135.2204625578049,262.3382921389416,1.9947136772463685,176.2
9.12,3.7325,0.0108,0.0108,0.0315,153.00074082257495,186.2617714361782,374.7714980406268,148.0489857688819,112.14135690031534,135.4685659122266,262.43172574814884,1.988904088736512,176.2
9.13,3.7521,0.0107,0.0107,0.0325,153.04998736773896,186.32172375203007,375.569168886192,148.03419013646106,111.85631120306635,135.50741699844522,262.1974018055815,1.984763983338235,176.2
9.14,3.7403,0.0105,0.0105,0.0345,152.82930396454,186.05306569596175,375.1742744425363,147.70646417965636,111.2924030537194,135.2751749307095,261.6213964443171,1.9839397521620052,176.2
9.15,3.7246,0.0103,0.0103,0.0355,152.58390949950663,185.75432460809503,374.6212499909996,147.35309572444328,110.7260520872522,135.01867595545104,261.0322222920628,1.983710730650256,176.2
9.16,3.6931,0.0102,0.0102,0.0367,152.34729729408332,185.46627496671013,373.4597398344997,147.04613697868905,110.44820345790232,134.7854126727324,260.75703039353607,1.9872712314973584,176.2
9.17,3.6538,0.01,0.01,0.0375,151.96432728433223,185.00005060701315,371.9860102288326,146.55118940920767,109.87755866539676,134.39767180318117,260.1378272967945,1.9906471333253069,176.2
9.18,3.6184,0.01,0.01,0.0393,151.80041542231376,184.8005057315124,370.66202377790927,146.3573560186642,109.8882425798064,134.25005588128437,260.19082395448555,1.996295625510611,176.2
9.19,3.5594,0.0099,0.0099,0.0403,151.39582169794008,184.3079568496662,368.39418709815067,145.88035674485798,109.60781182866366,133.86144690334248,259.8910617528333,2.0043090654934907,176.2
9.2,3.4965,0.0099,0.0099,0.0411,151.06071654014443,183.90000274452365,365.9450846323791,145.51616904984755,109.62354436819167,133.55857873391943,259.92828370119645,2.0145717930919,176.2
9.21,3.4179,0.0098,0.0098,0.0421,150.52162405336725,183.2437162388819,362.8351236997924,144.90804758474815,109.3445241541368,133.05007116770207,259.6131285994266,2.026150307519658,176.2
9.22,3.237,0.0098,0.0098,0.0427,149.41281895433755,181.8938665531066,355.43757276623296,143.79009006920333,109.39593115022858,132.05210606803257,259.5799379312116,2.057228945482773,176.2
9.23,3.1466,0.0096,0.0096,0.0441,148.64891031713125,180.96389082085545,351.67229945995894,142.92585953688737,108.81221155303396,131.32928800243002,258.90180214286386,2.070496876390288,176.2
9.24,3.0443,0.0094,0.0094,0.0447,147.77935414004352,179.90530069222692,347.3150140739618,141.9620592806451,108.223255868768,130.5168054313542,258.2017564055741,2.0864535249860587,176.2
9.25,2.946,0.009,0.009,0.0455,146.70422546182704,178.59644838831116,343.0441023857759,140.6973344292121,106.9793139752512,129.47230144788278,256.75414429272104,2.0990030390693395,176.2
9.26,2.7494,0.0087,0.0087,0.0463,144.94657066451592,176.4566947220194,334.1831465653603,138.84249563135452,106.05716929044952,127.86922617069658,255.5643069447301,2.133773598090038,176.2
9.27,2.6708,0.0085,0.0085,0.0477,144.1477417822014,175.4842073870278,330.5618900813833,137.95242978040085,105.41513955797294,127.12884954880144,254.80769229159117,2.1471897713593195,176.2
9.28,2.5882,0.0084,0.0084,0.0483,143.39889959862535,174.5725734244135,326.6734324346019,137.17162327654415,105.10663130556742,126.46869263353184,254.42623105039587,2.1637427600705244,176.2
9.29,2.5095,0.008,0.008,0.0491,142.33673587684146,173.27950454572004,322.89932840261275,135.9111195785521,103.7482595831762,125.43629482901342,252.82870176629504,2.1745836386652484,176.2
9.3,2.4584,0.0079,0.0079,0.0497,141.81730893650706,172.64715870531296,320.4216607160295,135.34295989162115,103.41341183739644,124.97210875598638,252.44588281952213,2.184826530664943,176.2
9.31,2.4442,0.0079,0.0079,0.0505,141.72656734400664,172.53669067966027,319.7582305687457,135.23537665955024,103.42136163066522,124.90521562046526,252.5037070422296,2.1883746545923253,176.2
9.32,2.4434,0.0077,0.0077,0.0514,141.53423031941273,172.3025412584155,319.76135397990384,134.9009993555943,102.71433951723672,124.67098617239732,251.73113579339287,2.1850386257351446,176.2
9.33,2.445,0.0075,0.0075,0.0524,141.36033961799797,172.09084823060624,319.8849002558138,134.58305373887083,102.00313604198418,124.44778213559508,250.94066185458095,2.181084206898549,176.2
9.34,2.4466,0.0061,0.0061,0.0532,139.76619676325345,170.15015258135205,320.0064022777133,132.1350717881034,96.89300716281984,122.3797886371459,244.35754860259112,2.1531471438573107,176.2
9.35,2.482,0.0061,0.0061,0.0534,140.10894384315708,170.56740989601732,321.79575881837417,132.4389314750912,96.92572853376794,122.66969431726834,244.44969777583276,2.1452769048069493,176.2
9.36,2.5803,0.0061,0.0061,0.0546,140.98165253821637,171.62983787261123,326.63167573780186,133.25746906498097,97.01519826644645,123.39438403832293,244.58610622209827,2.1236577022711662,176.2
9.37,2.6314,0.0062,0.0062,0.055,141.5594820585099,172.33328250601207,329.11601964116994,133.85524454499773,97.4268617647351,123.9472366589794,245.2054814393451,2.1149019971373915,176.2
9.38,2.7022,0.0064,0.0064,0.0544,142.40431064558985,173.36176948158763,332.48659967453483,134.7725200073381,98.20452455482535,124.78732309082184,246.3344654089511,2.104241329215908,176.2
9.39,2.7966,0.0071,0.0071,0.0558,143.9996708807698,175.30394715919803,336.907562275508,136.70031344313017,100.70976516082754,126.52841608969388,249.81171460122147,2.098386993907824,176.2
9.4,2.887,0.0077,0.0077,0.0542,145.39154418077285,176.9984016113756,341.0322353557989,138.35847827062344,102.78263945377036,128.00603143564695,252.5877026141154,2.0915275173802104,176.2
9.41,3.0561,0.0077,0.0077,0.0536,146.63912586851532,178.51719670949694,348.53279622898003,139.5625511660698,102.84725972823156,129.09772744220544,252.76210549622024,2.059723599444711,176.2
9.42,3.1466,0.0077,0.0077,0.0535,147.293142226713,179.313390536868,352.46260461329524,140.1920016101357,102.89318535691162,129.6796667200426,252.88464233343072,2.043601447773016,176.2
9.43,3.2449,0.0078,0.0078,0.0534,148.08983160739393,180.2832732611752,356.65149426089533,141.01750381017376,103.26682327442349,130.43343008386526,253.4348890892524,2.028320002531018,176.2
9.44,3.3274,0.0078,0.0078,0.0534,148.65434784630102,180.97051042158387,360.1151020925417,141.56901722408625,103.31592244212784,130.94442448274532,253.54995943810613,2.0145519079102985,176.2
9.45,3.3707,0.0079,0.0079,0.0516,149.06903163244843,181.47534285689372,361.9156288496695,142.0105360885259,103.6579696993931,131.36588891156535,254.06255048750947,2.0092699014882114,176.2
9.46,3.3746,0.008,0.008,0.051,149.2365196332294,181.6792412926271,362.1080548542852,142.19697943305565,103.9772946293776,131.56368806571305,254.5486254810599,2.0104829149914187,176.2
9.47,3.3707,0.0083,0.0083,0.0461,149.56652065363204,182.0809816652912,361.9463930436527,142.6311177177253,104.91252600192728,131.98309045668384,255.8359555828456,2.016328210580833,176.2
9.48,3.3274,0.0085,0.0085,0.0461,149.54331422024498,182.05273035508085,360.2056790611029,142.66416375223167,105.52486628625935,132.03693469038458,256.6730682686196,2.0269839527267326,176.2
9.49,3.2645,0.009,0.009,0.0461,149.7034152837615,182.2476359976227,357.63381247352226,143.01632930382584,107.07259030459632,132.3395212621131,258.6198626716133,2.04586693835429,176.2
9.5,3.1583,0.0098,0.0098,0.0461,149.8554091714685,182.43267203483123,353.193568725088,143.51097705154757,109.57027611698992,132.68384134163304,261.50450345857286,2.0773112183961477,176.2
9.51,3.1586,0.0103,0.0103,0.078,150.4309730847424,183.1333585379473,353.51473557783584,144.28309725379012,111.10936575416792,133.2737823300456,263.2719108992267,2.0838605868619005,176.2
9.52,3.1588,0.0107,0.0107,0.0706,150.84532753735002,183.6377900454696,353.4970508169514,144.8492218432401,112.33273534726874,133.73618642029385,264.6496099241438,2.090221613894419,176.2
9.53,3.1908,0.0113,0.0113,0.071,151.6650020408359,184.63565465840887,354.8949817322856,145.8963173820418,114.11993351713872,134.57757557900345,266.62404558079203,2.09323848135114,176.2
9.54,3.2685,0.0118,0.0118,0.0718,152.67827305408306,185.86920197888372,358.2012060811569,147.07381958367927,115.5405308527792,135.5703322002296,268.2479019997134,2.086472964890579,176.2
9.55,3.3746,0.0124,0.0124,0.0656,153.93102274863682,187.39428856355784,362.56706769351575,148.52080112388992,117.19258792704274,136.79706249780708,270.118464647757,2.0764812699457136,176.2
9.56,3.4651,0.0124,0.0124,0.06,154.5226265154898,188.1145018449441,366.2297721540032,149.06545004168007,117.11905053625784,137.35933771130144,270.24291570521325,2.061553050151561,176.2
9.57,3.5398,0.013,0.013,0.0598,155.5440086417289,189.3579235638439,369.25220202120113,150.284544433899,118.74983117375088,138.363511814223,272.0229549768788,2.057187946830282,176.2
9.58,3.6735,0.013,0.013,0.0601,156.36334743234497,190.35537948285477,374.5424687207516,151.06022136052056,118.63719241946146,139.14456875480775,272.1695011737125,2.0359186432647496,176.2
9.59,3.7167,0.0132,0.0132,0.0604,156.82180455483788,190.913501197194,376.254668196351,151.56464809879657,119.15726270329505,139.5962375561751,272.8058252625792,2.0318796100236547,176.2
9.6,3.7757,0.0139,0.0139,0.061,157.79620901373727,192.09973271237584,378.5614909065632,152.76863854516344,121.01329763815602,140.55525626957257,274.7489761811905,2.031548512440825,176.2
9.61,3.8386,0.014,0.014,0.0624,158.26638849513532,192.67212512451255,381.0004583608346,153.24523338021615,121.2280803382996,141.01471806258607,275.1112158707755,2.023350028069528,176.2
9.62,3.9487,0.0145,0.0145,0.0632,159.31869946753162,193.95319935177764,385.1708163214809,154.44788899833077,122.457136875507,142.04417651383355,276.4996905293199,2.0130547129989758,176.2
9.63,3.988,0.0146,0.0146,0.0652,159.64809866154246,194.3542070662256,386.6806143692484,154.78616433105208,122.68801024627786,142.36917205302242,276.8398883461654,2.0086397870237334,176.2
9.64,4.047,0.0154,0.0154,0.0662,160.65447161093,195.57935674374085,388.8962273610134,156.0426391788748,124.71345510135455,143.34502994477626,278.86995359359963,2.009418612244285,176.2
9.65,4.0824,0.0154,0.0154,0.0674,160.87415488584412,195.846797252332,390.23677691588864,156.23621431189116,124.68201901787933,143.56628943947524,278.9610920486508,2.0045460145368765,176.2
9.66,4.1965,0.0154,0.0154,0.068,161.4825377087675,196.58743721067347,394.39898537737525,156.82600502624297,124.5729584291922,144.17881267019206,279.09112582794324,1.9887431972679743,176.2
9.67,4.2594,0.0154,0.0154,0.0688,161.82674665442778,197.00647418799903,396.685887447952,157.15155610546154,124.51942229557332,144.52959179043617,279.19492865168274,1.9803186252689744,176.2
9.68,4.2751,0.0155,0.0155,0.0702,162.0233093117701,197.24576785780712,397.2925648613001,157.3564094525854,124.76457166197495,144.72546955999996,279.5106396176465,1.979474891869342,176.2
9.69,4.3223,0.0156,0.0156,0.0704,162.36801704071942,197.6654120495715,398.99922059438944,157.71444478942428,124.9795330572928,145.07351083970389,279.8402364562913,1.9744252910900475,176.2
9.7,4.4127,0.0156,0.0156,0.0714,162.82866492259666,198.22620077533503,402.2044227420199,158.1666237985522,124.90448050961776,145.54830118250393,279.95615138371033,1.9626345150895017,176.2
9.71,4.456,0.0161,0.0161,0.0706,163.47212834333178,199.00954754840396,403.7383311616378,158.94961730677886,126.11677912896668,146.1771273236623,281.2002994371711,1.9626036687310535,176.2
9.72,4.4992,0.0166,0.0166,0.0711,164.10833144408383,199.78405567105855,405.2691156012674,159.72305217707404,127.31406187073036,146.79440366764285,282.4142282931236,1.9624936013724843,176.2
9.73,4.5307,0.0167,0.0167,0.0716,164.36808695145828,200.1002797669927,406.3920453712321,159.99373078119515,127.5344450856544,147.05725795939992,282.7229531200452,1.959694264143276,176.2
9.74,4.5818,0.0175,0.0175,0.0718,165.26308286248783,201.18984000650693,408.1742769072397,161.1148519065078,129.42929885900523,147.91035297708046,284.545541546138,1.9615931050952184,176.2
9.75,4.7116,0.0178,0.0178,0.0722,166.09957984050484,202.2081841536581,412.58440981740665,162.04366359445888,130.01481724303284,148.7586463744619,285.30801336774834,1.9485472207460417,176.2
9.76,4.7706,0.0183,0.0183,0.0736,166.77387292481953,203.02906269108465,414.5957830552276,162.85150460094022,131.14187244182472,149.41108698933587,286.43800559801633,1.9464128151319664,176.2
9.77,4.8571,0.0198,0.0198,0.0752,168.29655454147283,204.88276205048868,417.4955608925173,164.79421283522495,134.53886715722183,150.8238480544515,289.500117877026,1.950385580759411,176.2
9.78,4.9593,0.0204,0.0204,0.0742,169.19037161289765,205.97088718091888,420.8556642540582,165.85168501014235,135.78777220248267,151.695208543292,290.74584582808257,1.9439504587920609,176.2
9.79,5.2306,0.0219,0.0219,0.0738,171.35999240729626,208.612164669752,429.52159475007534,168.46921570873403,138.79355911574874,153.80968765399865,293.6316006351046,1.9262212087644888,176.2
9.8,5.4351,0.0231,0.0231,0.0688,172.9843494448281,210.58964280239945,435.8564647170985,170.43705635802672,141.13754027487602,155.39189109145784,295.83533514626333,1.914163756290456,176.2
9.81,5.6396,0.0257,0.0257,0.0666,175.4760998786235,213.62307811310689,442.0656893076869,173.60218949589452,146.34095963669492,157.6543694067416,300.12526583706773,1.913435092843628,176.2
9.82,5.8126,0.0269,0.0269,0.0662,176.87657830924368,215.3280083764706,447.2283819210919,175.31436453785034,148.5485947931163,158.98772643439546,302.0564399372444,1.904896762203168,176.2
9.83,6.0564,0.028,0.028,0.0661,178.40687399342264,217.19097703547104,454.3325416772475,177.15660527346884,150.3961234597066,160.5094892807698,303.8048670875225,1.888873569860782,176.2
9.84,6.1862,0.0287,0.0287,0.067,179.29051918315665,218.266719005582,458.0709904270636,178.2194537492905,151.5924848459938,161.37628280396274,304.9079156695795,1.881525240711392,176.2
9.85,6.3513,0.0292,0.0292,0.0678,180.14271195496295,219.30417107560703,462.7440911727793,179.22412869411068,152.32934934281937,162.2677035718262,305.73142169959965,1.8696475507559525,176.2
9.86,6.5047,0.0307,0.0307,0.0682,181.54414241850367,221.01026033556977,467.0221777090534,180.9813721048961,155.00103630460504,163.55085454026036,307.86228291635206,1.8659851630947264,176.2
9.87,6.6462,0.0313,0.0313,0.0698,182.3498155378079,221.99107978515744,470.9251572990749,181.94950271968324,155.93246050794843,164.36855679874512,308.76623496335446,1.857412561504468,176.2
9.88,7.0198,0.0322,0.0322,0.0704,183.93652364369848,223.92272443580683,480.8977693253631,183.8840030593733,157.06533156890058,166.10513303022344,310.11111234559627,1.831070348081383,176.2
9.89,7.2361,0.0326,0.0326,0.0716,184.76377396843893,224.9298117876648,486.5489214676484,184.88850738273925,157.49917560229864,167.05062680079303,310.7585160646034,1.815845335497304,176.2
9.9,7.413,0.033,0.033,0.072,185.47143413552925,225.7913111215139,491.1010913687131,185.75509195645773,157.9904848037323,167.84955729725831,311.3868207824576,1.8042773453073009,176.2
9.91,7.6057,0.033,0.033,0.0728,185.9624940513546,226.38912319295343,495.98335695799074,186.35059845886656,157.73595270475013,168.51827288927194,311.5255218458756,1.7892909638032848,176.2
9.92,7.7669,0.033,0.033,0.0738,186.36509643411716,226.87924783283827,500.0202672808284,186.84334427470355,157.533165284401,169.0753891297678,311.65338888807867,1.7770876634215769,176.2
9.93,8.0972,0.033,0.033,0.0752,187.1033478840693,227.7779887284322,508.0811818817582,187.81135241627544,157.12935819582498,170.14006401358375,311.828930705706,1.7526946970915482,176.2
9.94,8.2859,0.033,0.033,0.0766,187.5203428329207,228.2856347531209,512.6215025215486,188.35927364043383,156.91594695309226,170.7531837129104,311.9615263249872,1.739303323798128,176.2
9.95,8.4157,0.0327,0.0327,0.0778,187.628672702541,228.41751459439772,515.7256898587937,188.50809635681105,156.24807706621888,171.0539463996188,311.70650847507267,1.7284913467116032,176.2
9.96,8.4747,0.0327,0.0327,0.0782,187.78168912033905,228.6037954508476,517.154619262232,188.68864197436565,156.19399117292392,171.27393928080562,311.8018559607697,1.7245771537606456,176.2
9.97,8.5337,0.0323,0.0323,0.0788,187.68731792427576,228.4889087773792,518.5787906013892,188.5624635584635,155.43556609583632,171.31787066113142,311.3983986582032,1.7182199623505463,176.2
9.98,8.5533,0.032,0.032,0.0798,187.58049867821512,228.358867956088,519.0887588780531,188.40446433623796,154.89642114512878,171.2895290027742,311.1050558158964,1.7151943725048129,176.2
9.99,8.5455,0.0317,0.0317,0.0798,187.4226649158045,228.1667225061968,518.9596684312986,188.1703464385875,154.38539746189346,171.1808365462329,310.8009841764756,1.7140545710249742,176.2
10.0,8.514,0.0312,0.0312,0.0806,187.09554878680305,227.7684941752385,518.2844942893223,187.71514830594225,153.54150506389402,170.91174145468986,310.2293205030945,1.7132609898403903,177.4
10.01,8.4432,0.0309,0.0309,0.0806,186.82020190223395,227.4332892722848,516.6881119420718,187.30444305275475,153.08947136022493,170.61690886539003,309.899111937746,1.7164490179702458,177.4
10.02,8.3882,0.0306,0.0306,0.0818,186.5719141274054,227.13102589423264,515.4588254852807,186.9355567397671,152.6188725868016,170.36572739208393,309.5695410742006,1.7185423295492797,177.4
10.03,8.341,0.0305,0.0305,0.0828,186.4634698935611,226.99900682694397,514.4065796085098,186.7439768092105,152.4976897529673,170.2283064514185,309.5030154646599,1.7213901051387803,177.4
10.04,8.2663,0.0305,0.0305,0.0826,186.3648628020565,226.8789634111993,512.694987244949,186.5522101932428,152.58411793562814,170.0550327195818,309.5604479739647,1.7268645088419596,177.4
10.05,8.1562,0.0305,0.0305,0.0822,186.19465612472447,226.6717552822733,510.12923983856587,186.2577959020523,152.70806127442603,169.7739791138757,309.6077037312026,1.7349353514570467,177.4
10.06,8.0933,0.0306,0.0306,0.0828,186.176495826112,226.64964709265803,508.67881956994745,186.174941409249,152.9655053347429,169.67780291878128,309.7996763426379,1.7403180584397968,177.4
10.07,8.05,0.0308,0.0308,0.0822,186.25792495956776,226.7487782116477,507.6866677737756,186.22530252719469,153.38453450555903,169.68534355121872,310.12779698490147,1.7449700430917106,177.4
10.08,8.0225,0.0312,0.0312,0.0819,186.49463626283503,227.03694849388617,507.0731834229478,186.477141008612,154.14842825502097,169.83034144227713,310.7186055717005,1.7497578035919483,177.4
10.09,8.0107,0.0317,0.0317,0.0818,186.82272068869776,227.43635562102335,506.83799507252536,186.85018416657613,155.07389052975896,170.06542680543652,311.43619593696064,1.754014449077418,177.4
10.1,7.9517,0.032,0.032,0.0818,186.9278001228965,227.56427841048276,505.46124165475567,186.9291732706525,155.69226455530736,170.06418071826678,311.8788786495349,1.760475961708592,177.4
10.11,7.9478,0.0321,0.0321,0.0818,187.0233250434959,227.68056961816893,505.4162343840935,187.0124709779628,155.88726968930686,170.14301321995327,312.0824015136213,1.76159894243932,177.4
10.12,7.9467,0.0322,0.0322,0.082,187.124640201954,227.8039098110744,505.4400038054813,187.103870513908,156.0788072077297,170.23033140582632,312.2863997326716,1.762510041180662,177.4
10.13,7.9462,0.0335,0.0335,0.0826,187.94973111397115,228.8083683126605,505.4802122821674,188.1131256402221,158.41535121798518,170.8358192202617,313.975637016115,1.7708319763835585,177.4
10.14,7.9529,0.0335,0.0335,0.083,188.00669222288167,228.87771227133425,505.69397633738873,188.15002926552916,158.4172329105391,170.90342590097455,314.0559832508306,1.7705300378859448,177.4
10.15,7.9596,0.0335,0.0335,0.0849,188.06424262570332,228.94777363129103,505.91491080223017,188.1877913683076,158.41875952548344,170.97099563618164,314.136271099191,1.7702060074340142,177.4
10.16,8.0028,0.0335,0.0335,0.0834,188.1966679944212,229.1089871236432,507.0020099999989,188.32929059749424,158.37620213440673,171.15115549521016,314.22713012162217,1.767225334715825,177.4
10.17,8.0657,0.0332,0.0332,0.0838,188.18965924374905,229.10045473152056,508.56886417001095,188.3009774332859,157.77724559599233,171.26316519894542,313.956196198503,1.760940417084987,177.4
10.18,8.1483,0.0331,0.0331,0.0844,188.339637489766,229.28303694406296,510.6005800610568,188.47958892946173,157.5126505243765,171.51854277522307,313.9348129720032,1.7544890800684267,177.4
10.19,8.2859,0.0329,0.0329,0.0844,188.5324371245485,229.51774954292856,513.9205513391415,188.735763372924,157.01171979700118,171.893090812699,313.804382400358,1.7435583248074318,177.4
10.2,8.3331,0.0327,0.0327,0.0849,188.5441679962645,229.5320306041481,515.0870039221647,188.73447472142044,156.61642545767216,171.9935987672421,313.6467382680219,1.7391604533147205,177.4
10.21,8.3528,0.0324,0.0324,0.0853,188.44041919705933,229.4057277181592,515.6027805831247,188.57880670800836,156.0751151181272,171.9673643317446,313.35431314590227,1.7360995802923096,177.4
10.22,8.3921,0.0318,0.0318,0.0851,188.1855781752528,229.0954864742208,516.5753767300694,188.24605952309108,154.98115474565014,171.8636364019345,312.68208588989773,1.72978509211932,177.4
10.23,8.4039,0.0313,0.0313,0.0853,187.93712281849287,228.79301908338272,516.9031430725953,187.9103441728409,154.09146560213264,171.71912835625628,312.119004523968,1.7259993075519755,177.4
10.24,8.3528,0.0311,0.0311,0.0857,187.75792990211443,228.5748711851828,515.7544498799407,187.62899335625573,153.7970813514782,171.52370265547364,311.92203275183675,1.7285094735169833,177.4
10.25,8.3253,0.0307,0.0307,0.0861,187.4953418182026,228.2551987352032,515.1581405541519,187.25670728165025,153.1199729751349,171.30464027192988,311.4668576647005,1.7280841996028191,177.4
10.26,8.2427,0.0306,0.0306,0.0858,187.31640642454607,228.03736434292568,513.2518308043096,186.9604172155494,153.03302275716368,171.05889993201183,311.3886204108587,1.7335072977328132,177.4
10.27,8.168,0.0305,0.0305,0.0857,187.14995938621843,227.83473316583112,511.5225701250467,186.68463978722872,152.93828310064393,170.83464832515105,311.3118936203143,1.7384176911608054,177.4
10.28,8.0972,0.0304,0.0304,0.0857,186.98875176190552,227.638480405798,509.8769667199242,186.4182100366176,152.83960242532663,170.6202747994116,311.2355930629796,1.7430923552627835,177.4
10.29,8.0893,0.0305,0.0305,0.0857,187.0783189356424,227.7475187042603,509.7363447362226,186.4912567902711,153.03902335965608,170.68893140155603,311.44285026644326,1.7445131575818076,177.4
10.3,8.0874,0.0301,0.0301,0.0857,186.86185793856916,227.48400096869287,509.7397186647249,186.1871733231753,152.32774324700276,170.54228424241532,310.98468627560004,1.7422467906659107,177.4
10.31,8.0955,0.03,0.03,0.0858,186.85577735978356,227.47659852495389,509.9837420368888,186.14884083434637,152.14917724125664,170.56577252897554,310.9288095294005,1.7411994147762158,177.4
10.32,8.1036,0.0297,0.0297,0.0859,186.7209009366241,227.31240114023805,510.2276394477164,185.95143961690297,151.60770572661008,170.49403751899615,310.60130378927454,1.738838456368226,177.4
10.33,8.1208,0.0297,0.0297,0.0859,186.79643346123743,227.40435377889773,510.68915148965743,186.01880948834628,151.60196321081574,170.59202599054436,310.68229627382533,1.737787478354579,177.4
10.34,8.1483,0.029,0.029,0.086,186.43745418413909,226.9673355285172,511.3971563788509,185.556536528764,150.31444504547264,170.38337479239524,309.80404744726934,1.7313644101286745,177.4
10.35,8.1169,0.0264,0.0264,0.086,184.674722956375,224.8214018599348,510.6939097331666,183.35112388665985,145.56924509260892,169.01161602649077,306.1101018412215,1.7160594263930409,177.4
10.36,8.1169,0.0263,0.0263,0.0861,184.64685086172304,224.78747061427157,510.74321718423465,183.2847748327821,145.39447528374916,169.00375353023855,306.0338798783944,1.715548340969764,177.4
10.37,8.0775,0.0263,0.0263,0.0865,184.61197483502883,224.7450128426438,509.84737563884624,183.1853638981677,145.43429384958878,168.9306789790574,306.0975669915585,1.718571104786781,177.4
10.38,7.995,0.0268,0.0268,0.0869,184.83381849914048,225.015083390258,507.9065316949864,183.37404067877188,146.4380081722424,168.99028352385173,306.89941863113705,1.7282537082647873,177.4
10.39,7.9124,0.0272,0.0272,0.0867,184.9800863755885,225.19314863115127,505.9472149474623,183.4749002361521,147.2593808577637,168.99060081080978,307.5423491620138,1.7373105770354602,177.4
10.4,7.7708,0.0271,0.0271,0.0869,184.66177973367985,224.8056448931755,502.5256076517156,182.97935754631848,147.20255862808952,168.5452850135352,307.4288669677456,1.74738564280695,177.4
10.41,7.6253,0.027,0.027,0.0871,184.3251739722053,224.395863966163,498.9668474773373,182.46468743581835,147.15116808880447,168.08049439151372,307.3128927244584,1.7579622435068336,177.4
10.42,7.2361,0.0266,0.0266,0.0869,183.21347418425444,223.0424903112663,489.1487951468598,180.9115875079471,146.75594068855438,166.65520469478702,306.67278332406306,1.7860945730225726,177.4
10.43,7.0355,0.0232,0.0232,0.0869,180.4068375769233,219.62571531103703,483.9823230811466,177.31128399514142,140.30470115604996,164.15224958865917,301.2791700054234,1.7773451409207477,177.4
10.44,6.8192,0.0206,0.0206,0.0869,177.98316681518727,216.6751596010976,478.3030624345573,174.19719492658638,135.20891003558913,161.85464015877668,296.66297498500506,1.7747341879565823,177.4
10.45,6.5676,0.0198,0.0198,0.0875,176.75360065854397,215.17829645387965,471.5488522341017,172.5568868344684,133.6964600672756,160.4951549914606,295.1287111002238,1.7898853426857966,177.4
10.46,6.0918,0.0186,0.0186,0.0859,174.5048197052845,212.4406500759985,458.2653634934567,169.6193155849141,131.3996809391649,157.98671805409717,292.64767091178214,1.823005979825526,177.4
10.47,5.903,0.0176,0.0176,0.0862,173.16432435788752,210.80874269655877,452.8472047131776,167.8835474122837,129.31249205610115,156.5939693373521,290.555333118032,1.8321566166038743,177.4
10.48,5.7064,0.0158,0.0158,0.0865,171.08025574604756,208.2716156908405,447.086628190685,165.21561921154372,125.3565082086319,154.48380444255622,286.5059605523712,1.834386320048792,177.4
10.49,5.4194,0.0154,0.0154,0.0879,169.80448156076966,206.71849929137176,438.43657916982016,163.58338025385197,124.5213450155345,153.05467600780773,285.512342057305,1.860102181297337,177.4
10.5,5.0144,0.0153,0.0153,0.0909,168.25503136697378,204.8322120989246,425.7210606394922,161.68708254886633,124.4305396065169,151.31060553040416,285.175462454861,1.903941803931432,177.4
10.51,4.6369,0.0153,0.0153,0.0969,166.736808168284,202.98394037878052,413.3071828117192,159.92360225183253,124.61672627855756,149.654424068851,285.0789915076854,1.9493926723406387,177.4
10.52,4.2594,0.0149,0.0149,0.0891,164.6886315088465,200.49050792381317,400.1535162520832,157.57383971768436,123.85585946426346,147.54987040222733,283.9887465300728,1.994938540279441,177.4
10.53,4.0146,0.015,0.015,0.0887,163.57076920153253,199.1296320714309,391.27904519475686,156.3957313691511,124.29842962440948,146.41749522018117,284.17963353215873,2.031045829091712,177.4
10.54,3.8971,0.0151,0.0151,0.0885,163.06035022100602,198.50825244296385,386.91862185073074,155.8731502747398,124.66386073406044,145.91145314434607,284.4309950170919,2.0499338087512364,177.4
10.55,3.8923,0.0153,0.0153,0.0886,163.23527906259957,198.72120929359943,386.77439523367656,156.08597292210231,125.19158578100688,146.08347918257758,284.98371290581446,2.053166826892961,177.4
10.56,3.9091,0.0163,0.0163,0.0887,164.17395343379678,199.86394331070912,387.4454677483952,157.32155636534392,127.7435806818403,146.9829703867044,287.41702082392413,2.062012945951861,177.4
10.57,3.9258,0.0173,0.0173,0.0897,165.08543135461375,200.9735686056168,388.1179575288826,158.5242931079083,130.24943819076438,147.8407484851456,289.728880996891,2.070447457830737,177.4
10.58,4.0156,0.0185,0.0185,0.0895,166.51601093141005,202.71514374258612,391.5056021072626,160.29949552926914,133.0981870342968,149.1901519388229,292.38474332077857,2.069588669388236,177.4
10.59,4.2358,0.021,0.021,0.0897,169.49995036384604,206.34776566033432,399.5752242566199,163.99334805049256,138.72687337498022,151.97137945519572,297.43102237718114,2.061987386318597,177.4
10.6,4.6919,0.0221,0.0221,0.0899,172.48086796775132,209.976708830306,415.4687780544307,167.2884660869841,140.54231989286797,154.9214780844591,299.70991853455064,2.0108130979850607,177.4
10.61,4.9239,0.0231,0.0231,0.0895,174.2105526869347,212.08241196670315,423.2074539921674,169.29868177841118,142.42252182011222,156.61704383595702,301.6187898746371,1.9907939264756904,177.4
10.62,5.0891,0.0237,0.0237,0.0888,175.33584773696535,213.4523363754361,428.59242324281615,170.59125279518966,143.4933446752485,157.7396428566282,302.771983808169,1.976317611600184,177.4
10.63,5.325,0.0239,0.0239,0.0885,176.43467795086184,214.79004272278837,436.0886331655191,171.7942528127454,143.60281353097898,158.92459760269983,303.27678223900824,1.9511210034530488,177.4
10.64,5.5491,0.0239,0.0239,0.0886,177.30024520519484,215.84377677154157,443.029367644529,172.73310914541435,143.3226277175556,159.91259420724302,303.44148933854626,1.9267688977577289,177.4
10.65,5.6592,0.0242,0.0242,0.0886,177.93127481142602,216.61198672695343,446.3977975420345,173.4597805244706,143.82320363857497,160.57370029511532,304.0504083826817,1.91770631882186,177.4
10.66,5.7851,0.0243,0.0243,0.0889,178.4696400606948,217.26738789997628,450.1975910765884,174.06175507630786,143.88800432467144,161.18046782361378,304.3352403629983,1.9056248601525616,177.4
10.67,5.8008,0.0246,0.0246,0.089,178.7643820712407,217.6262042606409,450.70491883139454,174.4031316400617,144.4968662963927,161.4497593318303,304.8995110051674,1.9065972655099557,177.4
10.68,5.7772,0.0252,0.0252,0.089,179.12486800433393,218.0650567009283,450.0474657682614,174.852449233981,145.7678209659334,161.72016736442367,305.91943001218993,1.91393610303714,177.4
10.69,5.6238,0.0251,0.0251,0.0903,178.56548354262185,217.3840669214527,445.5079575386964,174.16726151724473,145.7643569637584,161.0834211890942,305.772848920029,1.9293914043866984,177.4
10.7,5.5137,0.025,0.025,0.0907,178.14250579534362,216.8691374899836,442.2099776843313,173.64444204510255,145.7089304498395,160.61398036734573,305.6417878847621,1.9406181141188157,177.4
10.71,5.2346,0.0246,0.0246,0.0909,176.8611075298318,215.30917438414303,433.5919283032462,172.1337240409876,145.26153336678962,159.2451205395367,304.95642893188216,1.968719121276126,177.4
10.72,5.0537,0.0216,0.0216,0.0913,174.1277920872573,211.9816599323132,427.8679922805671,168.5887543500501,139.0237303303173,156.78026586275303,299.8366615773503,1.9647208180089937,177.4
10.73,4.8453,0.0203,0.0203,0.0913,172.36654230693648,209.83752976496615,421.1038955088119,166.39666038482093,136.36598115360854,155.07182342657654,297.4043681499747,1.9783204986112592,177.4
10.74,4.6369,0.019,0.019,0.0915,170.53154917858808,207.6036250869768,414.15720743774943,164.12304726354105,133.6149536799874,153.2887755757144,294.8301489970831,1.992420341425144,177.4
10.75,4.2083,0.0183,0.0183,0.0915,167.99963544883215,204.52129532901307,399.1916138000112,161.26687910519547,132.44838154818086,150.73155523431558,293.25344861374447,2.043481394475564,177.4
10.76,4.0116,0.018,0.018,0.0915,166.78183135029423,203.03875120905383,392.0262769351685,159.91514801539006,131.9689502713514,149.52953749894414,292.58916270436663,2.069261694796445,177.4
10.77,3.815,0.0179,0.0179,0.0915,165.65049392748526,201.66147086824293,384.6427225830351,158.73001493771034,131.99195399091656,148.42115407083645,292.33733395420734,2.0985880890348727,177.4
10.78,3.469,0.0181,0.0181,0.0917,163.72977182550264,199.32320048322063,371.0269265870854,156.92238676798175,133.0426959203031,146.57590334576034,292.6227102896959,2.158292344795634,177.4
10.79,3.3353,0.0183,0.0183,0.0923,163.02601268617784,198.4664502266513,365.5659117714084,156.31474763013003,133.7991216512343,145.9192709616198,293.0245589041249,2.184494086215748,177.4
10.8,3.3218,0.0188,0.0188,0.0921,163.32542356761195,198.83095043013628,365.0348945169447,156.76418945586497,135.1024175307942,146.19836298314132,294.11329029641075,2.1924560386860734,177.4
10.81,3.329,0.0196,0.0196,0.0935,163.96955602861544,199.6151116870101,365.38042056614256,157.64778832680886,137.10721262205345,146.78842355039615,295.78494638901884,2.1995298682051683,177.4
10.82,3.3363,0.0218,0.0218,0.0983,165.52186193720567,201.5048754018156,365.7580214907528,159.8984771796875,142.51063870560668,148.1750437773178,299.9789345310717,2.2197227104080963,177.4
10.83,3.4179,0.0226,0.0226,0.1011,166.6299835862972,202.8538930615792,369.1868327182504,161.1805605699148,144.23089194761545,149.1752866709273,301.5120484212467,2.212442723361922,177.4
10.84,4.0903,0.0231,0.0231,0.0965,171.07002460635752,208.25916039034828,395.2598307856156,165.4715152052252,143.92371864968248,153.40110964575854,302.8438156475464,2.1075761381914666,177.4
10.85,4.4796,0.0247,0.0247,0.0505,174.09738632637564,211.94464422341383,408.8819259615786,168.87346191879593,146.78364046993363,156.32901350228124,305.7688595569621,2.0674879418814296,177.4
10.86,4.8531,0.0263,0.0263,0.0092,176.84601674681434,215.2908029961218,421.3206467818588,172.0198644253631,149.56943230938444,159.00896551547638,308.52864432407176,2.032996655882648,177.4
10.87,5.3329,0.0276,0.0276,-0.0065,179.68449419340752,218.74634075719177,436.7065087995515,175.23504043478275,151.46317971819792,161.87054369836812,310.75887473458187,1.9863169853821172,177.4
10.88,5.4823,0.0297,0.0297,-0.0141,181.56555188523396,221.03632403419783,441.3346673875182,177.59491402076608,155.4494283694991,163.54982508955953,313.87268969496347,1.985214132320704,177.4
10.89,5.5688,0.0302,0.0302,-0.0157,182.2270490264914,221.84162490181563,444.013813241274,178.36160203219373,156.2956323071481,164.1881552116399,314.6642090041948,1.97947280955971,177.4
10.9,5.6356,0.0308,0.0308,-0.0164,182.86631972566823,222.6198674921179,446.0783362882569,179.1209304051614,157.3637485506236,164.7811319998016,315.5710898627758,1.9766214134604445,177.4
10.91,5.8087,0.0311,0.0311,-0.0161,183.7103245942152,223.64735167991407,451.3091820758337,180.05881086744964,157.65712919699453,165.67599379663363,316.11306967640803,1.960497772661544,177.4
10.92,5.9306,0.0311,0.0311,-0.0158,184.17722699715725,224.2157546052349,454.9489333394184,180.5461155486616,157.46130659754243,166.21454762852088,316.2349480302263,1.9480961467964493,177.4
10.93,6.0446,0.0311,0.0311,-0.0144,184.6052374749963,224.73681083912592,458.3213572634505,180.9966471929841,157.28437274081955,166.71330834002137,316.35275939063985,1.9367327579697609,177.4
10.94,6.2412,0.031,0.031,-0.013,185.22863081041223,225.49572446484967,464.0121526135577,181.67048907715167,156.79744442837188,167.4812777235612,316.36843197663285,1.916855107779414,177.4
10.95,6.3395,0.0299,0.0299,-0.01,184.9143009189935,225.11306198833992,466.850701302212,181.17534731332583,154.55777322851972,167.3985059932814,314.99523856449616,1.900063069702198,177.4
10.96,6.4024,0.0293,0.0293,-0.0084,184.7766611403888,224.94550051873424,468.6666062570306,180.93703991981133,153.3270609658148,167.39733255508523,314.26177055962614,1.8901333045212856,177.4
10.97,6.4339,0.0286,0.0286,-0.007,184.47292384227407,224.5757333732032,469.59654186407136,180.49699072562063,151.94357901799376,167.22220523163736,313.359110937096,1.882450407285868,177.4
10.98,6.4142,0.028,0.028,-0.0052,184.0733505608314,224.0892963349252,469.09901030139,179.94653806215737,150.81123591747323,166.89676156832485,312.561545764756,1.8801978493096625,177.4
10.99,6.3788,0.0275,0.0275,-0.0018,183.6874889073445,223.61955171328896,468.16943101640896,179.41747396076838,149.88490763909508,166.55673891395165,311.88931050704343,1.8800596588325684,177.4
11.0,6.3395,0.0272,0.0272,-0.0002,183.41505129033587,223.28788852736545,467.1164844441663,179.03590034959333,149.35007073066126,166.29918828394128,311.502308372101,1.8817596901100395,203.5
11.01,6.1901,0.0266,0.0266,0.0014,182.6052786963798,222.3020784129841,462.931047856886,177.98542496735132,148.34660768393374,165.46431178480995,310.6169296993874,1.891819309849386,203.5
11.02,6.0918,0.0259,0.0259,0.0052,181.87520108726773,221.41328828015205,460.172311477473,177.02894931561102,147.06901927264514,164.75991467315353,309.57635740776595,1.8962943240680383,203.5
11.03,5.9935,0.0251,0.0251,0.007,181.06402506900352,220.42576964922168,457.3735338209193,175.96953249349423,145.5714772946453,163.98824864829953,308.3498770690584,1.9000793292910148,203.5
11.04,5.7929,0.0249,0.0249,0.009,180.30104452115927,219.4969237648896,451.5180496031441,175.01497968670532,145.3976300338622,163.11909368342725,308.02238321098923,1.9190937729365616,203.5
11.05,5.7104,0.0242,0.0242,0.012,179.58306360671563,218.6228600429581,449.1098120107472,174.0766661832349,144.05419610126003,162.43858289866526,306.92039019136973,1.9222954803200676,203.5
11.06,5.6474,0.0236,0.0236,0.0134,178.98988723799457,217.90073228973253,447.2599037090567,173.2937376850753,142.88073819542467,161.88240046476324,305.96520624521094,1.924277646386892,203.5
11.07,5.5531,0.0231,0.0231,0.0148,178.3462617621844,217.1171882322245,444.4418358959768,172.4618988347573,141.93846715920762,161.2440757081218,305.1463809250898,1.930435604248779,203.5
11.08,5.5334,0.0231,0.0231,0.0181,178.31514578038744,217.07930790655865,443.8990911177153,172.39353546720636,141.9656377480463,161.20203804363416,305.208070601111,1.9327007428750385,203.5
11.09,5.5295,0.0231,0.0231,0.0199,178.33980427459974,217.109326942991,443.8302949965345,172.38990945252135,141.9759749562619,161.22610099029748,305.276145369824,1.9332921526976348,203.5
11.1,5.5137,0.0231,0.0231,0.0213,178.32098693008973,217.0864188714136,443.3939188986959,172.335933744007,141.99934350130903,161.2000664598387,305.339299988991,1.9351842896808609,203.5
11.11,5.4548,0.0232,0.0232,0.0245,178.2145217145026,216.9568090437423,441.6391018476929,172.19227989106545,142.28196103860262,161.04898272707212,305.5561390400203,1.9425907443471933,203.5
11.12,5.4076,0.0239,0.0239,0.0263,178.55797523929635,217.3749263782738,440.2270877447543,172.63779851234258,143.82200688738655,161.28524423138364,306.789313384865,1.9537353826572643,203.5
11.13,5.3948,0.0242,0.0242,0.0279,178.75149101043945,217.6105107953176,439.8782249791136,172.8643067735254,144.47471562028872,161.4375672022222,307.3517194937446,1.95777447398263,203.5
11.14,5.3996,0.0252,0.0252,0.0299,179.47468410343672,218.49091977809687,440.0791006855203,173.78204222660708,146.56416826641396,162.0422331602409,309.046091002112,1.9654016829946048,203.5
11.15,5.4044,0.0267,0.0267,0.0329,180.5017417450587,219.74125082007143,440.2860940269209,175.11066349345813,149.6561174327413,162.8832059405656,311.4505428869811,1.9766412489610623,203.5
11.16,5.4154,0.0288,0.0288,0.0343,181.8828715183334,221.422626196232,440.6755922239441,176.9211990958607,153.8956905877847,163.99886539311586,314.60722066508384,1.99119153309697,203.5
11.17,5.4744,0.0304,0.0304,0.0359,183.1019902083297,222.9067706884014,442.5502755720203,178.4716482923137,156.97812509197442,165.03481567571868,316.9235152431362,1.996157080705756,203.5
11.18,5.5019,0.0322,0.0322,0.0373,184.28075262808272,224.34178580810072,443.44496764762056,180.007249572087,160.44525452421595,165.98563700130612,319.3865248238613,2.00561164356807,203.5
11.19,5.498,0.0352,0.0352,0.0389,185.9423982812435,226.36465877716603,443.37411341146327,182.2597274771622,166.18415713727595,167.24190662800726,323.1780294858625,2.025773724031222,203.5
11.2,5.4272,0.0355,0.0355,0.0401,185.8551964141796,226.2584999824795,441.23390751964433,182.1941441620453,166.90041532027843,167.08917149484697,323.5768643743668,2.0358275965056736,203.5
11.21,5.3014,0.0354,0.0354,0.0415,185.32227193829104,225.6097223596587,437.351924420576,181.59680945941807,166.98381297045836,166.52816506140235,323.47512525577247,2.0498200784093523,203.5
11.22,5.1048,0.0352,0.0352,0.0421,184.40807769177076,224.49679023346005,431.1356505638713,180.6012631696714,167.0430447672535,165.5876015473565,323.2194873270185,2.0720519768474186,203.5
11.23,4.6211,0.0335,0.0335,0.0437,181.27998426701328,220.6886764989727,415.1233415638061,177.105553315319,164.88624156509962,162.60183673623663,320.98207066517324,2.122660672875316,203.5
11.24,4.338,0.0289,0.0289,0.0449,177.3567006879561,215.91250518533792,405.2816087662078,172.0937372080194,156.20578287709404,159.2044025650344,314.80113851201065,2.129446932407222,203.5
11.25,4.338,0.0257,0.0257,0.0461,175.50286333156092,213.6556597079872,405.3258391790863,169.39647928250278,149.3893657856906,157.70024511302705,310.10487404465243,2.104748473774994,203.5
11.26,4.0588,0.023,0.023,0.0469,172.33150741024068,209.79487858638,395.2178163161731,165.50200259411943,143.92848395005345,154.80257047558146,305.5805649786511,2.122964354437775,203.5
11.27,3.7875,0.0214,0.0214,0.0479,169.74383876762658,206.64467328232803,384.9759713729362,162.47520383402278,140.72783239623118,152.39116713107157,302.6426327040336,2.1510848891067145,203.5
11.28,3.1426,0.0192,0.0192,0.0489,163.98555620450222,199.6345901620027,358.5930634695545,156.25731153325484,136.63058118258255,147.05621576944054,298.05956050245,2.2447654135033206,203.5
11.29,2.7927,0.0173,0.0173,0.0505,159.92739568328886,194.69422083182997,342.87848764053456,151.7480969639968,132.42939333345643,143.36794574288078,293.8582553433708,2.2977075585178013,203.5
11.3,2.4545,0.0151,0.0151,0.0526,155.3150891795078,189.07923900113997,326.49274035458177,146.55773259899345,127.04679438787136,139.18210296845416,288.49701980939943,2.352135957513259,203.5
11.31,2.1596,0.0126,0.0126,0.0564,150.38101560735083,183.0725407393836,311.050592189819,140.81470100673485,120.12447311404196,134.63591938033176,281.58422948039043,2.398490048913302,203.5
11.32,1.9394,0.0105,0.0105,0.0604,146.10645770962415,177.86873112475985,298.6711241479831,135.72683531967212,113.61948019917796,130.6080501283151,274.8313359587295,2.4332943249578576,203.5
11.33,1.7899,0.0108,0.0108,0.0662,144.59613443349755,176.0300767016492,289.81133163077664,134.55625439987716,114.94324919312152,129.44201123019312,275.73756984127385,2.489230750813871,203.5
11.34,1.6798,0.0111,0.0111,0.074,143.46274647965424,174.6503000621878,283.0438454131405,133.73765056237522,116.25127705522846,128.58761773773668,276.6532341025968,2.534798755642526,203.5
11.35,1.5697,0.012,0.012,0.1083,142.79509500738257,173.83750696550922,276.3525559956734,133.73926048788832,119.68970609382828,128.19654322091975,279.39350994543884,2.591156159255457,203.5
11.36,1.4872,0.0128,0.0128,0.1171,142.24498844807468,173.1678120237431,270.93374810518645,133.77945274256115,122.74038892432092,127.91828166399269,281.6977010432648,2.638746175805187,203.5
11.37,1.4439,0.0128,0.0128,0.1258,141.62657100373312,172.41495600454468,268.08513912446955,133.22696444949267,122.9187426349141,127.40632959031532,281.6988173436571,2.6577756635483607,203.5
11.38,1.322,0.0127,0.0127,0.1274,139.58164331813,169.92547882207134,259.4053719397668,131.3905851865416,123.15009351102692,125.7472251317762,281.2906808236716,2.7151243465688317,203.5
11.39,1.1529,0.0126,0.0126,0.1316,136.48244931268795,166.15254698935925,246.5405885924337,128.6391707782619,123.75411997752856,123.24240638271172,280.77968766369185,2.806303479759424,203.5
11.4,0.9917,0.0119,0.0119,0.1454,132.76965732416548,161.63262630767974,233.3399039714425,124.86639455863352,122.26876556667064,120.05673672686338,278.45242349274605,2.8979384690679257,203.5
11.41,0.8423,0.012,0.012,0.1605,129.50275270449825,157.65552503156312,219.9621256876227,121.95283231063316,123.925023300575,117.37686204028496,278.4806601293056,3.015007001885241,203.5
11.42,0.842,0.012,0.012,0.1813,129.62548573033635,157.8049391499747,220.3516577309866,122.0355613491835,123.88263200683188,117.39942896539254,278.5416546572783,3.012029087606688,203.5
11.43,0.8441,0.0122,0.0122,0.1974,129.9208884968461,158.16455990920394,220.87972560731848,122.4211033723858,124.60117522671432,117.63139913362124,279.2077986489596,3.0113101823268127,203.5
11.44,0.8462,0.0131,0.0131,0.2136,130.67784976415726,159.08607797375666,221.4078789941,123.71938719351904,127.96676836870355,118.39950599833816,281.8708131738485,3.022295509698224,203.5
11.45,1.1215,0.0143,0.0143,0.2331,137.60910958437512,167.5241334070654,245.77930121128688,130.60699076998512,129.79133116594377,124.23092972747754,285.7588852784696,2.841307545125593,203.5
11.46,1.5343,0.016,0.016,0.2317,145.87096441779124,177.58204363905023,275.90325443704364,138.60764250681393,132.7887103719942,131.21521196072177,290.69984320485503,2.6567097008752945,203.5
11.47,2.0023,0.0173,0.0173,0.1573,152.8322129224302,186.056607036002,303.81598253076146,145.15081599411934,134.67105123321437,137.26331303567434,294.31107785804954,2.5065745892467763,203.5
11.48,2.4584,0.0177,0.0177,0.1177,157.92962399976722,192.2621509562384,327.8595719736728,149.6968367500222,134.3338688062305,141.6828929156497,295.70073673388765,2.383373095375541,203.5
11.49,2.9028,0.0186,0.0186,0.1008,162.47490225469508,197.7955331796288,349.02727963343807,154.11042344821598,135.62531975470046,145.74780732834668,298.0452824400825,2.2902745768047663,203.5
11.5,3.3982,0.0204,0.0204,0.084,167.390531450949,203.77977741854664,370.4313112712573,159.30581597749298,139.1159459029834,150.2764659606269,302.06435039614934,2.21189878288474,203.5
11.51,3.7855,0.0224,0.0224,0.0971,171.25758635194143,208.48749642845044,386.08399798201646,163.61707318000902,143.11288953277614,153.85694208994437,306.0709889056956,2.163979554896038,203.5
11.52,4.1729,0.0246,0.0246,0.0776,174.90081708953335,212.9227338481276,400.5440950180717,167.77579330003292,147.36269584880154,157.2868065263128,310.1130465868958,2.124042141011917,203.5
11.53,5.2542,0.0267,0.0267,0.0601,181.2985568069392,220.71128654757817,437.1968971165937,174.8345048895606,150.0487612330042,163.74187363421927,314.036973308313,2.000540038815605,203.5
11.54,5.5491,0.0289,0.0289,0.0519,183.84354357684333,223.8095313109397,446.3800547933191,177.93278719580655,154.05408681770925,166.1627251373786,317.48396206524217,1.9839962151038597,203.5
11.55,5.9266,0.0312,0.0312,0.0502,186.62516163509085,227.19584894706716,457.7533396381216,181.31495636276955,157.96749133084197,168.8552059049058,320.8868028671622,1.960172182428888,203.5
11.56,6.1822,0.0335,0.0335,0.0502,188.8618847933131,229.91881627012032,465.223913209158,184.08119390679448,161.9161893612177,170.93201772611152,324.0398115450944,1.949788263629345,203.5
11.57,6.6187,0.0354,0.0354,0.0506,191.35078823886693,232.9487856820989,477.5314653788303,187.12227709084783,164.7283466092219,173.45348732527015,326.6083151195572,1.920241279723322,203.5
11.58,7.0552,0.0368,0.0368,0.051,193.42345123651413,235.4720275922781,489.3512924717177,189.68093294508287,166.58256983491336,175.66268430598424,328.48625840944214,1.889894855421819,203.5
11.59,7.7433,0.0383,0.0383,0.0568,196.04569329085217,238.6643222671244,507.1081462972752,193.0252429866536,168.23451072351003,178.6668056322177,330.49641914012744,1.84200191636498,203.5
11.6,7.9596,0.0386,0.0386,0.0576,196.74992940846545,239.5216531929144,512.5132336983659,193.9275196113132,168.4690900153246,179.53628289594886,330.9714796230081,1.8271244494098635,203.5
11.61,8.168,0.04,0.04,0.0642,198.0226072054662,241.0710000762197,517.6670700493,195.54604113607937,170.56244194215495,180.78268170337128,332.6440520215989,1.8192933436793288,203.5
11.62,8.4944,0.0405,0.0405,0.0698,199.02059795812312,242.28594534032385,525.5328601001568,196.8786913808544,170.984380136862,182.03672077500707,333.3509068064674,1.79829981395927,203.5
11.63,8.982,0.0421,0.0421,0.07,200.8688313232764,244.5359685674669,536.8866841408797,199.3633715015954,173.0098825260562,184.1408387325669,335.2455766073552,1.7730879688317716,203.5
11.64,9.5678,0.0432,0.0432,0.0752,202.5152828383434,246.54034432493984,550.0516805423996,201.7062188828568,174.09268137204737,186.26653823078303,336.60204949424485,1.7405245111560357,203.5
11.65,10.0436,0.0451,0.0451,0.0828,204.316358376476,248.732958023536,560.4084642300643,204.1919731408965,176.54382775427445,188.2890906460023,338.6859233148042,1.7206894453040718,203.5
11.66,10.429,0.0462,0.0462,0.0828,205.49164316140312,250.1637395008386,568.5627838939765,205.87570391135483,177.82321499883864,189.73709550305983,339.91704388935443,1.703381141873592,203.5
11.67,10.7082,0.0476,0.0476,0.0861,206.6463327858796,251.5694486088969,574.3830727899151,207.4524299522222,179.65714441681715,190.97832075223607,341.3795391274221,1.6941673220053313,203.5
11.68,10.9402,0.0489,0.0489,0.0875,207.66352070080157,252.80776433141057,579.1525953573181,208.8273458386218,181.36745997648217,192.04332040701516,342.70601992583534,1.687383637532876,203.5
11.69,11.2194,0.0495,0.0495,0.0905,208.356863371404,253.65183366953528,584.8073416795501,209.87069532960209,181.96822827794475,192.98258329163195,343.3881293468447,1.674973152515583,203.5
11.7,11.4553,0.0502,0.0502,0.0915,209.0337738495,254.4758985993913,589.5206739257218,210.8586209021464,182.7614915711484,193.8334975984339,344.1429756361934,1.66567747394376,203.5
11.71,11.6952,0.0513,0.0513,0.0925,209.907185239548,255.5391820307541,594.2533381576822,212.0818460588181,184.12951045319852,194.8092091073695,345.2416344271992,1.6581753007554854,203.5
11.72,11.9311,0.0513,0.0513,0.0931,210.19668216814068,255.89161307425823,598.8497028972164,212.6298631088848,183.89554348500357,195.41658986003208,345.3672354522393,1.6462053296625794,203.5
11.73,12.2024,0.051,0.051,0.0949,210.35045893199836,256.0788195693893,604.0651628610493,213.06942751779223,183.2000964747381,196.0013722847435,345.2359158640629,1.631374282355191,203.5
11.74,12.5091,0.0506,0.0506,0.0963,210.46275325050863,256.21552569627136,609.8683387187699,213.51450167722183,182.34019557324703,196.62131671451368,345.02043945000287,1.6146971598830135,203.5
11.75,12.8159,0.0498,0.0498,0.0979,210.32854571825996,256.0521426135339,615.5885435613603,213.71652560370765,180.9321773221832,197.0943874199774,344.44231037453966,1.596546604772968,203.5
11.76,13.1068,0.0482,0.0482,0.0987,209.72868972065356,255.32188313818693,620.9363420356319,213.367130086152,178.38738002698886,197.24385569206925,343.1139678633974,1.5759904322754978,203.5
11.77,13.4411,0.0469,0.0469,0.0989,209.28240455075303,254.77857945309069,626.9837442200326,213.26747297425248,176.25947348099032,197.5584629452887,342.0338490140033,1.5550988753378376,203.5
11.78,13.6967,0.0456,0.0456,0.0996,208.73548603540516,254.1127656083193,631.5607488886629,213.00675680132923,174.22583560006285,197.6801179643576,340.9069862889216,1.5378771731022145,203.5
11.79,13.8815,0.044,0.044,0.1003,207.95012958541312,253.15667949528557,634.8534597682024,212.3943547605848,171.81101062800946,197.5222728088589,339.43422146414406,1.522500032083656,203.5
11.8,14.0191,0.044,0.044,0.0997,208.06447143672332,253.29587827079368,637.2980097415428,212.6888673864781,171.73915581975328,197.84965278119964,339.53181903574205,1.5167637520687782,203.5
11.81,14.1017,0.044,0.044,0.0994,208.1484212103548,253.39807799521452,638.7802929295741,212.8736243546649,171.70246852953426,198.06373227533,339.6193577348528,1.5134126625080098,203.5
11.82,14.0977,0.044,0.044,0.0991,208.18847261534432,253.4468362273757,638.7636527707201,212.88766108855248,171.71900707528624,198.1022479672734,339.6913766459635,1.5137462935753732,203.5
11.83,14.1135,0.0447,0.0447,0.0991,208.65047091223016,254.009268936628,639.090149131456,213.38060238485883,172.72788551033403,198.44058890617467,340.4647632263158,1.5165206916404148,203.5
11.84,14.2196,0.0452,0.0452,0.0981,209.03778995374373,254.480787769775,640.968813405979,213.9225039217541,173.39039960208552,198.88492644637492,341.04925034234606,1.514528468752393,203.5
11.85,14.2629,0.0462,0.0462,0.0982,209.68155692816143,255.2645040864574,641.7666584089122,214.6491297005969,174.80074451084135,199.3805257888372,342.101590146912,1.51747131139171,203.5
11.86,14.4005,0.0482,0.0482,0.0984,210.93291599211457,256.7878977295308,644.1759948598038,216.16066989189724,177.549730210775,200.40688654341992,344.08939743260873,1.5208981390889214,203.5
11.87,14.3494,0.0498,0.0498,0.0988,211.84418504786612,257.89726875392404,643.3580818028155,217.04674622184217,179.84464701448874,200.8950413036792,345.6178558242135,1.530276450969844,203.5
11.88,14.432,0.0517,0.0517,0.0999,212.9703740956901,259.26828150779664,644.8258337511103,218.3533320234539,182.44353730286133,201.73419865012488,347.393030890216,1.5351964626210135,203.5
11.89,14.4084,0.0533,0.0533,0.0995,213.86007140854943,260.35139127997326,644.4757023575561,219.26289023380065,184.68901331526612,202.24481946692117,348.8422334650226,1.543149308777673,203.5
11.9,14.3375,0.0548,0.0548,0.099,214.66476516909333,261.3310184667223,643.3159239721845,219.9988233995715,186.81139696620264,202.61464765414172,350.1648207633318,1.5526538570317212,203.5
11.91,14.3078,0.0548,0.0548,0.0995,214.69056601641768,261.3624281938998,642.8624096864246,219.96432242783817,186.8503261958315,202.60146015464045,350.23386985903426,1.554069640690538,203.5
11.92,14.305,0.0548,0.0548,0.0989,214.7321052541865,261.4129977007488,642.8657709794293,219.98046196253327,186.86598416653695,202.6430253049662,350.3077381531798,1.5543591891555986,203.5
11.93,14.3488,0.0549,0.0549,0.0995,214.85337308526604,261.5606281038022,643.671429438813,220.14298435367772,186.9783451894916,202.8102100199817,350.47304975545325,1.553083798665734,203.5
11.94,14.3927,0.0561,0.0561,0.0986,215.54204362778623,262.3990096338267,644.4723362380132,220.9327701097435,188.59860943105943,203.31125944110107,351.5420450679109,1.5563163310931671,203.5
11.95,14.5578,0.0566,0.0566,0.0986,215.93805231880188,262.8811071707153,647.3362500656538,221.54873147963053,189.14716258108797,203.8429295766728,352.0520520109208,1.5516009782900564,203.5
11.96,14.896,0.0568,0.0568,0.0987,216.2485678740037,263.2591261074828,653.0870231319215,222.33683904488112,189.16354729093092,204.62563228786175,352.34794509004143,1.5385110189906557,203.5
11.97,15.1319,0.0567,0.0567,0.0989,216.3521126601251,263.3851806297175,657.0685715408562,222.74204890124784,188.8496150619997,205.10679544219064,352.38270477385817,1.528717094325451,203.5
11.98,14.9471,0.0566,0.0566,0.0989,216.25677608494567,263.2691187121078,654.0496611022335,222.36481001792072,188.8784688244572,204.7617259487557,352.34424940315995,1.5359469386380005,203.5
11.99,14.6915,0.0556,0.0556,0.0996,215.6525543636653,262.533544442723,649.8161586280561,221.3416217141028,187.7452445974866,203.99911704047943,351.5580290999052,1.542527210628682,203.5
12.0,14.6365,0.0535,0.0535,0.1003,214.55967189958764,261.20307883428063,648.9429801179824,220.058522496288,184.9331974829973,203.2855623403132,349.86688463286663,1.5362678199600996,207.1
12.01,14.4988,0.052,0.052,0.1007,213.72625758274503,260.1884874920375,646.6618581590023,218.9457608372054,182.9860817660225,202.577344150745,348.62492046318584,1.535815227389651,207.1
12.02,14.3573,0.0513,0.0513,0.1021,213.3153589062865,259.68826301634874,644.3049722038685,218.28397204924352,182.13561461788623,202.1107836379348,348.0592513606217,1.5389054802890825,207.1
12.03,14.3298,0.0505,0.0505,0.1027,212.9057361342725,259.1895918156361,643.8890007646976,217.7801241880136,181.05591473189216,201.8382306267288,347.4169595770109,1.536760096770178,207.1
12.04,14.2747,0.0505,0.0505,0.1027,212.91907061163488,259.2058250924251,642.9963517354004,217.69416227536323,181.10979275882133,201.7728913155105,347.48009492364446,1.5392545843259042,207.1
12.05,14.1843,0.0499,0.0499,0.1026,212.5823679747507,258.7959262301313,641.4924076216716,217.18188772655864,180.35069395560885,201.434987578432,346.9971659192896,1.5406405686668785,207.1
12.06,14.1095,0.0499,0.0499,0.1025,212.60345623750624,258.8215988978337,640.2521442198702,217.0317612413392,180.39374902414937,201.3280994115367,347.0564189222074,1.544162361258181,207.1
12.07,14.0348,0.05,0.05,0.1025,212.65595933177715,258.88551570825047,639.0094750286344,216.9679407794247,180.60582771026145,201.25406043810003,347.2059199469927,1.5479561411412393,207.1
12.08,14.0255,0.0503,0.0503,0.1023,212.85637016643872,259.12949411566456,638.8996114737208,217.1504724925125,181.0481616682592,201.38114984657625,347.5471437143318,1.54982747173687,207.1
12.09,14.0213,0.0508,0.0508,0.1021,213.1676475383064,259.50844048141647,638.878265848624,217.46160248713204,181.766800785573,201.58422127946787,348.0664192201546,1.5523411165117302,207.1
12.1,14.0242,0.0509,0.0509,0.1021,213.2659153616617,259.6280708750665,638.9809656906915,217.54783670681607,181.91769350792768,201.66947968807787,348.2287819221812,1.552812321185939,207.1
12.11,14.027,0.0517,0.0517,0.1021,213.74060356128112,260.20595216155965,639.0818905290158,218.0484760970108,183.0486632312199,201.98287083423392,349.0089255350233,1.556293278320788,207.1
12.12,14.1056,0.0519,0.0519,0.1021,213.93888927366095,260.4473434635873,640.4978580067259,218.33993839103408,183.27606837098804,202.2566581817735,349.2715184798168,1.5539416995144677,207.1
12.13,14.1685,0.0529,0.0529,0.1022,214.5524793219869,261.19432265285366,641.6385568442425,219.06925760759603,184.62850300383093,202.75360479617208,350.22373239047727,1.5556570764618365,207.1
12.14,14.2039,0.0531,0.0531,0.1025,214.7225577051562,261.4013745975814,642.3030342923307,219.2753951236366,184.88909916480247,202.93649650587545,350.47511521013183,1.5551527462129926,207.1
12.15,14.2275,0.0533,0.0533,0.1031,214.8851972762036,261.5993705971174,642.7643679002607,219.4586693865898,185.15918147863067,203.09484687919505,350.7238036644792,1.5551474902615936,207.1
12.16,14.3966,0.0533,0.0533,0.1037,215.0285864920676,261.7739313816475,645.722470768646,219.80308004858685,185.0304825994804,203.48722361366708,350.82748538265867,1.5481742255895603,207.1
12.17,14.5028,0.0532,0.0532,0.1035,215.0789976286609,261.8353014609784,647.5873430442929,219.96736878212675,184.8179354665193,203.71749946320492,350.83388092522983,1.5434869226033252,207.1
12.18,14.6325,0.0532,0.0532,0.1037,215.16452885020595,261.93942642633766,649.8439694547836,220.2683229897604,184.76292272534891,204.02543071327105,350.92991297038435,1.5380517224351635,207.1
12.19,14.719,0.0532,0.0532,0.1043,215.24989573657925,262.04335133148777,651.3616454591709,220.45641403342637,184.7110963431596,204.24526382636,351.0180947118657,1.5346266496516974,207.1
12.2,14.8842,0.0532,0.0532,0.1039,215.37076565649107,262.19049732094567,654.1925129425226,220.79352626726447,184.60218000469857,204.62043000496087,351.119923686756,1.5280100813587545,207.1
12.21,15.0179,0.053,0.053,0.1045,215.3654409687813,262.18401509242943,656.4832342216044,220.953704919998,184.24542613706848,204.86671362047724,351.04402832991707,1.5218954173209165,207.1
12.22,15.1634,0.0527,0.0527,0.1042,215.30696042203857,262.11282138335133,658.9546855753771,221.07622983744204,183.74675228270857,205.10139228618613,350.8827719617667,1.514944698961498,207.1
12.23,15.2145,0.0522,0.0522,0.1044,215.096895363376,261.8570900075882,659.855025491397,220.9044310797338,183.043338187449,205.0851130192964,350.5294579715616,1.5109538450445616,207.1
12.24,15.2695,0.0517,0.0517,0.1047,214.8858546895316,261.6001709263863,660.8184289925255,220.73870312367416,182.3374905111684,205.07444542851624,350.17289637800553,1.5068045752613288,207.1
12.25,15.2578,0.0512,0.0512,0.1045,214.64671617784728,261.30904578172715,660.6779784196511,220.44678057117275,181.67590153739735,204.93300042035725,349.8010598266693,1.5052995950385375,207.1
12.26,15.2499,0.0502,0.0502,0.1048,214.12744575582704,260.67689048535465,660.6018174561036,219.86641949448756,180.32466504315363,204.62892825831403,348.97595416111176,1.501474266709117,207.1
12.27,15.0965,0.0502,0.0502,0.1051,214.1097361523611,260.6553309680918,658.1130986813207,219.59929916447783,180.4370213938518,204.37755675452132,349.0218349217588,1.5077477098914775,207.1
12.28,15.0965,0.0492,0.0492,0.1069,213.58829674673484,260.02053516993806,658.1721659015053,219.02889026759283,179.07220726469208,204.0827301962088,348.1818191183856,1.503539869450381,207.1
12.29,14.8291,0.0493,0.0493,0.1053,213.57620453496708,260.00581421648167,653.7478618589103,218.59864376104605,179.39412142109188,203.6385851984704,348.2994035617117,1.5149586659146164,207.1
12.3,14.0624,0.0492,0.0492,0.1055,213.2048452507771,259.55372465312,640.6951063060252,217.0259458720612,179.75529028498778,202.0994389674606,348.1423462664929,1.5470150972937644,207.1
12.31,13.7478,0.0483,0.0483,0.1057,212.5493018733336,258.7556718457974,635.2415450642103,215.88148882119415,178.73351162943035,201.1790510000135,347.3210421895435,1.5567863636850212,207.1
12.32,13.4765,0.0478,0.0478,0.1069,212.12884120108237,258.2438066795785,630.4857240408485,215.05304750726376,178.24167000948862,200.47453733186336,346.8716144785712,1.5666718628137022,207.1
12.33,13.1973,0.0467,0.0467,0.105,211.35363004358976,257.30007135741363,625.515070713157,213.8249640804001,176.8880018816509,199.53023416255388,345.84077673385383,1.5744312179328432,207.1
12.34,12.9181,0.046,0.046,0.1043,210.7862338039785,256.60932810919127,620.4818932731913,212.82899705169345,176.10155966838852,198.71238774373435,345.1786126475384,1.5842122645194274,207.1
12.35,12.5485,0.0328,0.0328,0.1044,202.41083622476992,246.41319192580687,613.700213177795,203.2717508685699,156.49806636048663,192.4491457220705,330.3274576133561,1.534295291711091,207.1
12.36,12.171,0.0309,0.0309,0.1045,200.9083783452268,244.58411276810216,606.641969018763,201.0231163868509,153.62959473161854,190.7007905688408,327.7679200429653,1.5418734398909952,207.1
12.37,11.762,0.0308,0.0308,0.1047,200.5278710878997,244.120886541791,598.8345553428634,200.0193982393118,153.6218321854035,189.75603548007717,327.61399318878955,1.561406527980661,207.1
12.38,11.5418,0.0308,0.0308,0.1047,200.3620490433618,243.91901622670133,594.5822040133128,199.51666984311197,153.71452310364148,189.28284811248756,327.63515563063686,1.5726163666683783,207.1
12.39,11.3177,0.0309,0.0309,0.1047,200.24854846323663,243.78084160741847,590.2006737398035,199.0711475521084,153.9752320498169,188.84234187957372,327.79264809783064,1.5848445119496148,207.1
12.4,11.0503,0.031,0.031,0.1051,200.1187629185781,243.6228418139212,584.8927946843617,198.46401047837327,154.2177973094527,188.28596041584652,327.9392733811824,1.5999927824326634,207.1
12.41,10.4683,0.0317,0.0317,0.1063,199.99465906197423,243.47175885805564,573.0018661410523,197.4928452561032,155.61104110512375,187.21319889574883,328.82800968652367,1.6365456783317025,207.1
12.42,10.1184,0.0317,0.0317,0.1059,199.60330756695896,242.9953309510805,565.6672264088197,196.5749848162784,155.78854940536485,186.34066924974667,328.81229690214406,1.6570314719399395,207.1
12.43,9.8038,0.0325,0.0325,0.106,199.7485919415556,243.17219888537207,558.9423693928138,196.3178192514036,157.29577373343744,185.92077263388475,329.8694579033786,1.6809621109283426,207.1
12.44,9.3241,0.0328,0.0328,0.1062,199.27285035459744,242.5930352142925,548.4005739028494,195.19953229070725,158.10007677389927,184.76462063157348,330.2083130862985,1.7131276116222116,207.1
12.45,8.9112,0.0338,0.0338,0.1081,199.2642805599602,242.58260242082116,539.0670127398176,194.7354833296703,160.08651704658496,184.06270506879477,331.456316859248,1.7466812089743442,207.1
12.46,8.5848,0.0344,0.0344,0.1067,199.0818115572587,242.3604662436193,531.4916547921011,194.1961760375501,161.3727610964394,183.3847998844616,332.1911216159869,1.773118810349527,207.1
12.47,8.2388,0.0347,0.0347,0.1069,198.6207621743501,241.79918873399143,523.2679371699735,193.34723692165628,162.19549388344964,182.4737737330442,332.5325733275054,1.800130450377443,207.1
12.48,7.9203,0.0348,0.0348,0.1068,198.0387248549402,241.09062156253592,515.5071687414901,192.40622698483224,162.6766862919786,181.52454212258053,332.6274108476058,1.8249709632698707,207.1
12.49,7.6961,0.0348,0.0348,0.1083,197.5666941566806,240.51597549508944,509.9465976382788,191.6770807401487,162.9086665373035,180.8157425539312,332.62413428214626,1.8426869395217704,207.1
12.5,7.472,0.0348,0.0348,0.1099,197.06693244352388,239.90756993124648,504.286834308303,190.9297978370748,163.1510237275499,180.0880071369592,332.6187469982586,1.8609419948580568,207.1
12.51,7.2125,0.0348,0.0348,0.1091,196.44363321940057,239.148770875792,497.57866802062136,190.03620195098208,163.44537356053647,179.21352877374204,332.5990401780499,1.8828257375308344,207.1
12.52,7.1102,0.0346,0.0346,0.1087,196.09251187326572,238.72131880223657,494.91602362601617,189.5387184879332,163.21582879591324,178.79942766253887,332.3819787080982,1.8905667602281069,207.1
12.53,7.0601,0.0341,0.0341,0.1083,195.70151895268555,238.2453274206607,493.6219330889097,189.0067636341611,162.3924499522273,178.44138973951067,331.8032579008405,1.8920061946262852,207.1
12.54,7.036,0.034,0.034,0.1085,195.6147988701537,238.1397551462741,493.0195585767728,188.85819145476583,162.24768418130697,178.34962803069948,331.7351588333284,1.89367101316066,207.1
12.55,7.0343,0.0335,0.0335,0.1081,195.35138877072168,237.8190819817481,493.0109607625969,188.49686252575552,161.36333801327794,178.16373367825634,331.16305285015375,1.8908768121299695,207.1
12.56,7.0349,0.0333,0.0333,0.1078,195.2710501989261,237.72127850304048,493.0642516973164,188.36285530872613,161.0107350416389,178.11682941608385,330.9722582603274,1.8897568607783293,207.1
12.57,7.0355,0.0333,0.0333,0.1077,195.31002506669395,237.7687261681492,493.1185840521349,188.37618412785804,161.01589338864707,178.15843000611986,331.0391161417318,1.8898986425387572,207.1
12.58,7.0945,0.0333,0.0333,0.1077,195.5062516707,238.00761072954785,494.7283491048564,188.60069685698087,160.9574002701675,178.41224201839535,331.1261878348833,1.8849667596083517,207.1
12.59,7.1495,0.0333,0.0333,0.1077,195.68971213475447,238.23095390317937,496.2245870329414,188.8096181026012,160.90422771414512,178.65021529337588,331.2116890770414,1.8804214436219784,207.1
12.6,7.1731,0.0349,0.0349,0.1076,196.73566529675384,239.5042881873525,496.88631872335225,190.0693418770713,163.71874426927144,179.4721793308412,333.313604216859,1.888553559708465,207.1
12.61,7.1606,0.0362,0.0362,0.1077,197.4882309704057,240.42045509440695,496.5958923029978,190.9617930721388,166.01616806485276,180.01228474388822,334.96498575464216,1.897698181167418,207.1
12.62,7.1654,0.0382,0.0382,0.1078,198.6562946126245,241.842445615369,496.76215844774526,192.38112673733107,169.47580549374467,180.87485920492844,337.3842375188015,1.9092481396699443,207.1
12.63,7.1702,0.0406,0.0406,0.1081,199.9978016252462,243.47558458725624,496.9294197859171,194.02851107350116,173.55999767552387,181.84950284769232,340.1371894827977,1.92261964345394,207.1
12.64,7.1849,0.0429,0.0429,0.1077,201.26567710225268,245.0190851679598,497.3540384590006,195.5951690395006,177.39371974533935,182.777212477068,342.6563042789151,1.9340779143324205,207.1
12.65,7.3422,0.0446,0.0446,0.1073,202.5961265930202,246.6387628088941,501.51060181186415,197.24503557896327,179.9613293860577,183.98090748192536,344.5159268219703,1.9297685842829189,207.1
12.66,7.586,0.0466,0.0466,0.1072,204.2765299668445,248.68447126398456,507.8288969040341,199.3450989197645,182.83332064021928,185.5633793560081,346.6392585775696,1.9198430987653483,207.1
12.67,7.8731,0.0486,0.0486,0.1071,206.02065132531436,250.80774943951312,515.1060678068924,201.53873843637345,185.5792542989206,187.25159377211128,348.703601303965,1.906777773839367,207.1
12.68,8.1483,0.0497,0.0497,0.1075,207.25882445084392,252.31509063581,521.935603209805,203.10720563031296,186.89059873545548,188.57156493064156,349.87841703562265,1.8908612501153552,207.1
12.69,8.4354,0.0509,0.0509,0.1055,208.5329206852524,253.86616431248123,528.8991662684498,204.73828672236283,188.32715423510663,189.9314780735077,351.1252323090794,1.8751836761425444,207.1
12.7,8.8522,0.052,0.052,0.1055,209.99623364230345,255.64758878193464,538.7514520603214,206.6714894267396,189.41320445308023,191.63679999503637,352.2984322054046,1.850450643879051,207.1
12.71,9.0488,0.0526,0.0526,0.1055,210.72090327443576,256.5297952906174,543.3227827290569,207.61770778955773,190.05069942563128,192.4691841036696,352.9518802040811,1.8397101893162655,207.1
12.72,9.1943,0.053,0.053,0.1057,211.23719934857763,257.1583296417467,546.6794103342386,208.28842823496183,190.4571143009981,193.0753477130566,353.4116777645234,1.83178263157443,207.1
12.73,9.3319,0.0532,0.0532,0.1061,211.63611813925849,257.64396990866254,549.827869816849,208.81568568679916,190.57607622304036,193.5915850588217,353.69395089993594,1.8236292188437049,207.1
12.74,9.4184,0.0533,0.0533,0.1073,211.8864077281498,257.9486702777476,551.8130500795603,209.13553238766485,190.6156687391072,193.92151223580743,353.8747606550058,1.818513967861764,207.1
12.75,9.446,0.0533,0.0533,0.1067,211.9776977457091,258.059805951298,552.4690416230281,209.22765461707715,190.58547897019912,194.0455627984489,353.9526792653937,1.8168901142322549,207.1
12.76,9.4184,0.0532,0.0532,0.1085,211.92020705961625,257.9898172899676,551.9041100752424,209.10606565060647,190.47863071950584,193.975858583088,353.928812534602,1.8184241437060475,207.1
12.77,9.3162,0.0521,0.0521,0.1087,211.24455372950808,257.16728280114023,549.6575064723153,208.19119635637784,188.9760685622726,193.3778873091093,353.0102563826373,1.8204340509469836,207.1
12.78,9.1432,0.0512,0.0512,0.1087,210.52088533631436,256.28629519203486,545.7872977615291,207.1763120770981,187.8536073850572,192.61981028132297,352.232384794805,1.8281511763720275,207.1
12.79,8.9937,0.0502,0.0502,0.1084,209.7819637365704,255.3867384619118,542.4096886008202,206.15894361657732,186.5380327548814,191.890454740846,351.35701636275104,1.8339453409083424,207.1
12.8,8.8207,0.0494,0.0494,0.1082,209.0813419337781,254.533807571556,538.4505359334362,205.17731306399008,185.5471919371024,191.14105147862855,350.64294373512126,1.8424369174728037,207.1
12.81,8.6556,0.049,0.049,0.1082,208.58048480500676,253.92406845826903,534.6289734334076,204.447114407356,185.1556619441539,190.5344669818365,350.2927709131806,1.8524636704665356,207.1
12.82,8.514,0.049,0.049,0.1082,208.31475570722736,253.6005721653203,531.3203537974902,204.02069617084865,185.35193509302755,190.1236807982082,350.31917156336834,1.862907908570805,207.1
12.83,8.4,0.0489,0.0489,0.1082,208.05272026906965,253.2815725014761,528.6391466556427,203.61505047703088,185.3585924088154,189.76393873504827,350.26030206571784,1.8710056428979789,207.1
12.84,8.4009,0.049,0.049,0.1083,208.1428015616427,253.39123668373892,528.7019850490459,203.6899337164504,185.51750835483116,189.84016016960908,350.4226808926781,1.8716070882904288,207.1
12.85,8.4018,0.0491,0.0491,0.1095,208.2333092265858,253.5014199280175,528.770072127463,203.76541639967888,185.67597967778897,189.91631422942172,350.5848913461035,1.8721915321927207,207.1
12.86,8.4039,0.0493,0.0493,0.1101,208.3745885758897,253.673412179344,528.8640284680679,203.90385205481,185.98764991819093,190.02833043809613,350.8398999201083,1.873172412196233,207.1
12.87,8.455,0.0496,0.0496,0.1085,208.67278308527025,254.03643158206813,530.1200998703011,204.254679608045,186.38578204162903,190.331205507188,351.2015196632936,1.871038095215836,207.1
12.88,8.455,0.0506,0.0506,0.1085,209.19151789443757,254.6679348280109,530.1608640724975,204.8574155051823,187.9296566004595,190.6879658406538,352.1832336174415,1.875940556569388,207.1
12.89,8.4393,0.0518,0.0518,0.1085,209.7617563471837,255.3621381617889,529.8262588054102,205.5200693303032,189.79238479857744,191.04937855608603,353.3224878833521,1.8828610367195768,207.1
12.9,8.4166,0.0532,0.0532,0.1085,210.39775322338747,256.1363952284717,529.3234432184522,206.26549590827693,191.95702541018304,191.4397467063617,354.61203907047366,1.891121610780406,207.1
12.91,8.4061,0.0547,0.0547,0.1089,211.09419306709984,256.9842350382085,529.1142492791619,207.09382588949305,194.2381909094012,191.88891266986352,355.96266274687684,1.898802477820544,207.1
12.92,8.403,0.056,0.056,0.1093,211.7061633857676,257.7292423826736,529.0823693884035,207.82149940339264,196.1918754099583,192.2945414687925,357.1202107097211,1.9049343299690007,207.1
12.93,8.4448,0.0568,0.0568,0.1097,212.1972067838404,258.3270343455448,530.1261207791489,208.4080199351744,197.3188098952082,192.70012388539612,357.8625293502388,1.9054819763345456,207.1
12.94,8.4865,0.0596,0.0596,0.1099,213.54237621255984,259.9646319109424,531.1635965947711,210.0708262710169,201.37688181330464,193.65018313236465,360.1917263868413,1.9144471738685744,207.1
12.95,8.5966,0.0608,0.0608,0.1107,214.3499602037648,260.9477776393659,533.8233706847133,211.06870269856037,202.9435138682205,194.3729666973396,361.2313963116424,1.9114960453486856,207.1
12.96,8.7617,0.0624,0.0624,0.1109,215.4412991712504,262.2763642084787,537.748800094243,212.4356737309212,204.97929627318328,195.3687334056834,362.5750966902415,1.906233951721937,207.1
12.97,8.9308,0.0632,0.0632,0.1113,216.19608178340724,263.1952299971914,541.7233070364147,213.382922801142,205.84673643973412,196.15657334885765,363.2983105194374,1.8976131368831692,207.1
12.98,9.0999,0.0636,0.0636,0.1111,216.77357969030209,263.8982709273243,545.6499694311824,214.1131505871222,206.14384400159688,196.8323154544065,363.7177942161581,1.887616412959321,207.1
12.99,9.2965,0.0636,0.0636,0.1111,217.23090521189167,264.4550150405638,550.1546025711357,214.71010847809424,205.83532723072048,197.48136108433172,363.846213612923,1.8743945077664683,207.1
13.0,9.5128,0.0636,0.0636,0.1111,217.7107632337788,265.0391900237307,555.0404039447475,215.354048375328,205.5055879862952,198.17890308287596,363.9790025234195,1.860159511168407,183.8
13.01,9.7133,0.0636,0.0636,0.1111,218.1413427386502,265.5633737687916,559.5127676289309,215.9414763468788,205.20921820976235,198.81752886968476,364.10601274497,1.847274239437728,183.8
13.02,9.8746,0.0633,0.0633,0.1111,218.35638746247272,265.825167345619,563.0788128036745,216.2539868693852,204.55765774750267,199.25397511426945,363.9973828839858,1.8359645314108055,183.8
13.03,9.9689,0.0627,0.0627,0.1113,218.31106877150975,265.76999676531625,565.1661320391898,216.2178607745315,203.58688245083545,199.41176568556187,363.6431929964424,1.8278290447612864,183.8
13.04,9.9925,0.0626,0.0626,0.1115,218.3510650269486,265.81868785889395,565.719547165886,216.2446108166803,203.4183304626214,199.4957930120426,363.644679782352,1.8261354005153188,183.8
13.05,9.9886,0.0625,0.0625,0.1113,218.3417150718918,265.8073053049118,565.6774456222214,216.19474721372453,203.28849612996208,199.5006211650711,363.63857843662106,1.826170548638271,183.8
13.06,9.9178,0.0625,0.0625,0.1111,218.2554009663409,265.7022272633716,564.1877593805106,216.01072463056144,203.3927839090716,199.3388174248593,363.6899121615757,1.8308113514229905,183.8
13.07,9.8746,0.0624,0.0624,0.111,218.1745663833966,265.6038199450046,563.2920822479931,215.8505644513795,203.3180196634169,199.22946423747308,363.6728835878525,1.833334249190488,183.8
13.08,9.7055,0.0624,0.0624,0.1111,217.90134203398955,265.27119899790034,559.6387069174416,215.38540147863125,203.56399675827325,198.77679154958295,363.6967698058885,1.8443403641680889,183.8
13.09,9.6032,0.0624,0.0624,0.1111,217.7465524824816,265.0827595438907,557.4253284695665,215.10525135377537,203.7168420328786,198.5158857802613,363.7385748310424,1.8511692847684085,183.8
13.1,9.5246,0.0622,0.0622,0.1113,217.5488018016628,264.84201958463296,555.7250097860546,214.7864174011863,203.5535079077086,198.2703515070644,363.6349427094208,1.8557090582129887,183.8
13.11,9.5167,0.062,0.062,0.1113,217.48832921242564,264.7684007803443,555.5912678157563,214.6713568172545,203.2862341490499,198.23572346531435,363.5506749302129,1.8556162042077275,183.8
13.12,9.4892,0.0607,0.0607,0.1117,216.9142888927908,264.06956908687573,555.0225422195139,213.91885448222783,201.48366453485025,197.84685585725697,362.6127283680349,1.852362836082732,183.8
13.13,9.4774,0.0586,0.0586,0.1119,216.00760054195908,262.9657745728198,554.8021500675708,212.7725663086498,198.4970362645615,197.27595994325603,361.0230420594287,1.8446718444062549,183.8
13.14,9.4577,0.0575,0.0575,0.1123,215.51660279035508,262.36803817956275,554.405944567328,212.13011191595828,196.94085231491576,196.94859299470895,360.1985959169498,1.8415324926749304,183.8
13.15,9.4106,0.0569,0.0569,0.1125,215.1944581951148,261.9758621505746,553.3947023317529,211.6766208832203,196.1395049859956,196.67737064256016,359.763693813915,1.8422908212241769,183.8
13.16,9.3988,0.0555,0.0555,0.1124,214.5701918324689,261.2158857090926,553.1713404473547,210.88009343466732,194.1189368935519,196.2771325256113,358.6660905571865,1.8372392203259384,183.8
13.17,9.3909,0.055,0.055,0.1124,214.3631033357433,260.9637779739484,553.0356904913182,210.5904478112452,193.4018307039903,196.147424835402,358.31099874132985,1.835772372443241,183.8
13.18,9.3594,0.0538,0.0538,0.1124,213.78059787690128,260.25464089361896,552.3695246990444,209.8349975538165,191.6814786394206,195.7352068585393,357.3446507202757,1.832773199167292,183.8
13.19,9.2611,0.0533,0.0533,0.1125,213.39538693372697,259.78568844105894,550.1932518627186,209.27365979182903,191.0726497534284,195.32761404530947,356.951761029215,1.8373247676442697,183.8
13.2,8.9937,0.0531,0.0531,0.1123,212.8082265957974,259.0708845514056,544.1246822326743,208.369076603778,191.12903015510236,194.4855548738163,356.7684091853796,1.854929473341804,183.8
13.21,8.8718,0.0525,0.0525,0.1123,212.31241434594725,258.4672870298488,541.3431961958314,207.66538467610863,190.398318068278,193.9615827943342,356.2740285815332,1.8609400914851573,183.8
13.22,8.7342,0.0522,0.0522,0.1123,211.91799219092184,257.9871209280788,538.1688648804368,207.07882645014664,190.13659554745664,193.47415134833017,356.03568598275086,1.8695409741816595,183.8
13.23,8.5887,0.0522,0.0522,0.1123,211.63892625435903,257.6473884835676,534.7752882942098,206.6332900887174,190.33958911766496,193.04726886858964,356.0595383220433,1.8802453959685377,183.8
13.24,8.4039,0.0522,0.0522,0.1129,211.25905546665,257.1849370898348,530.4043889379335,206.05447714222507,190.60202413736772,192.4839758980804,356.0702910189168,1.8940541379579547,183.8
13.25,8.2899,0.0522,0.0522,0.1127,211.0306658709728,256.90689758205383,527.6901896699958,205.6954463132869,190.76901777003744,192.1461057245716,356.10231971914936,1.9028113796827972,183.8
13.26,8.1758,0.0523,0.0523,0.1127,210.84139505826903,256.6764809405015,524.9506341180111,205.3887564575827,191.09086697703765,191.8337074329699,356.22238781831453,1.9121577216032308,183.8
13.27,8.1661,0.0523,0.0523,0.1128,210.8566833575416,256.69509278309414,524.7529373374911,205.3675649046733,191.10867214053275,191.84111753329503,356.2872057799265,1.913092416084876,183.8
13.28,8.1686,0.0523,0.0523,0.1129,210.9017308865122,256.7499332531453,524.8537603971605,205.3867298673244,191.10852095187997,191.88975429874205,356.3559220119632,1.913089624845662,183.8
13.29,8.1712,0.0523,0.0523,0.1133,210.9471510700544,256.80522738963145,524.9584701967166,205.40641508943256,191.1081347380457,191.93870880296103,356.42463239686293,1.913074489805642,183.8
13.3,8.2152,0.0523,0.0523,0.1133,211.09291121557817,256.98267452331254,526.0727037669438,205.5627078454633,191.0474526439863,192.12736727809795,356.506632852721,1.9098929745966609,183.8
13.31,8.3567,0.049,0.049,0.1136,209.8980279013823,255.5280339669002,529.5472440342152,204.11373099636413,185.80207834219988,191.6013699408356,353.6106621239687,1.883894725936151,183.8
13.32,8.5219,0.0458,0.0458,0.1139,208.70173416549065,254.07167637537992,533.5523871269335,202.72246887821,180.62327443996983,191.10809290920685,350.6370517861476,1.8561661843215744,183.8
13.33,8.6595,0.0394,0.0394,0.1139,205.55945107990837,250.2462882711928,536.8582655286019,199.07402076924905,170.26667995551392,189.21072793500045,343.9487527262445,1.812772282709138,183.8
13.34,8.7971,0.0339,0.0339,0.1139,202.56398722185617,246.59963661791187,540.1327637162709,195.72393984388285,161.06764067064282,187.32796303941532,337.3946980004865,1.7715398220111698,183.8
13.35,8.8561,0.0322,0.0322,0.1139,201.62063730903023,245.45121063708032,541.5503300247209,194.69131209155503,158.16491048891857,186.74826425458397,335.225751885879,1.7572344918427178,183.8
13.36,8.8443,0.0321,0.0321,0.1141,201.57171075187085,245.3916478718428,541.3163433711829,194.5940701237296,158.00928992783437,186.70307682868972,335.1504085797896,1.7575967196372344,183.8
13.37,8.7775,0.032,0.032,0.1141,201.4245940543277,245.21254928352943,539.7948975282143,194.32362722426967,157.88528142501045,186.4898514965328,335.0591194618957,1.7617722710169197,183.8
13.38,8.687,0.0333,0.0333,0.1144,202.13101409947149,246.07253890370444,537.7088160886375,194.99629757162853,160.15680056815324,186.8670580111513,336.8360292943573,1.776298162878092,183.8
13.39,8.644,0.0347,0.0347,0.1147,202.9633693871143,247.08584099300876,536.734314161187,195.87264419902337,162.55347804034548,187.41187039751864,338.6957618804743,1.7879620512158194,183.8
13.4,8.6246,0.0347,0.0347,0.1145,202.9634175536684,247.0858996305529,536.3137423547856,195.82308505958943,162.57445559834215,187.390130610175,338.75410716171194,1.7895206254281435,183.8
13.41,8.6204,0.0409,0.0409,0.1149,206.6252429822725,251.5437740653753,536.2557218448286,200.0341539840552,172.78011748408758,189.9905526523427,346.13552063495325,1.825144360745644,183.8
13.42,8.6655,0.0432,0.0432,0.1147,208.0119285175313,253.2319129778642,537.3615913246238,201.66845503588,176.41668578220285,191.0383047654884,348.6853507566529,1.834257497720028,183.8
13.43,8.7106,0.0446,0.0446,0.1153,208.887013976622,254.29723440632245,538.4679474972028,202.7034996887963,178.583599984854,191.72761505879555,350.2134925451024,1.8383957121486845,183.8
13.44,8.7696,0.0451,0.0451,0.1157,209.3077186907044,254.8093966669445,539.896281461764,203.21181810761655,179.30835180248187,192.1314948321612,350.8049972034379,1.8368979405929453,183.8
13.45,8.8483,0.0453,0.0453,0.1153,209.60818822029384,255.17518565948816,541.7751937389769,203.5929998245789,179.54069511071813,192.48929665525424,351.09611382214933,1.8325246096718355,183.8
13.46,8.9033,0.0453,0.0453,0.1153,209.75502611533415,255.353944836059,543.095786291849,203.7756964289215,179.48705693830158,192.70094546738216,351.17824107321445,1.8288447722485697,183.8
13.47,8.9466,0.0453,0.0453,0.1153,209.87782503108167,255.50343916827336,544.1406475301839,203.9215846472407,179.44651905446236,192.8754357985423,351.256842231861,1.8260029352725689,183.8
13.48,8.8876,0.0447,0.0447,0.1153,209.484270626185,255.02432945796437,542.8104788603937,203.3789257649615,178.5790795189314,192.51833876270544,350.69718627092595,1.8272804707175605,183.8
13.49,8.7578,0.0442,0.0442,0.1157,208.9996321696553,254.43433481523255,539.8178001050406,202.67368660434565,177.9378838019205,191.97119869723824,350.2123014113849,1.834074238047221,183.8
13.5,8.5573,0.0442,0.0442,0.1182,208.6262165500207,253.9797418869817,535.1268150973324,202.0506923210065,178.15834817245354,191.37145203886723,350.21793734027455,1.848652905337924,183.8
13.51,7.8809,0.0436,0.0436,0.1208,206.81583348784383,251.77579728954908,518.6543288849185,199.4429089352441,177.98368046061145,188.9401719531824,349.4487275080433,1.8971123380294712,183.8
13.52,7.7885,0.0421,0.0421,0.1181,205.8368895149009,250.58403940944456,516.3542628628308,198.17852667883653,175.6717363670113,188.110963518528,347.89668390578214,1.8967694412763647,183.8
13.53,7.6961,0.0409,0.0409,0.1171,205.00199748841976,249.56764911633712,514.0452228775847,197.08971986660248,173.82019749811565,187.37628583527336,346.62551766908024,1.897922075500388,183.8
13.54,7.531,0.0391,0.0391,0.1161,203.6380455333611,247.90718586670047,509.8495474838292,195.32779186255897,171.02615679123545,186.1338086042525,344.6124517112948,1.9016360178625689,183.8
13.55,7.3226,0.0372,0.0372,0.116,202.06832853501663,245.996226042629,504.4664387346024,193.29953186012736,168.05027330029966,184.65616677042985,342.3808790133397,1.908364891464668,183.8
13.56,7.1102,0.0356,0.0356,0.1162,200.6143979640021,244.2262236083504,498.8813680217533,191.41342514403655,165.52779815091577,183.24298096079696,340.41907088138413,1.917330606924519,183.8
13.57,6.9293,0.0352,0.0352,0.1165,199.9109781582924,243.36988645357332,494.0478395298292,190.4555046753876,165.02586635324573,182.4304503263888,339.9179543030952,1.9311269052415607,183.8
13.58,6.7524,0.035,0.035,0.1165,199.3136416920252,242.64269423376984,489.24333966386143,189.6373981581068,164.87044065904053,181.7036209619375,339.6645581609592,1.9462121190806183,183.8
13.59,6.6108,0.0351,0.0351,0.1165,198.97648304071777,242.2322402234825,485.3475120610087,189.1568982825285,165.20928678654548,181.22992106874685,339.8005541924072,1.960257274421374,183.8
13.6,6.4968,0.0352,0.0352,0.1159,198.7109875356738,241.90902830429857,482.1762076791511,188.77729494249505,165.52207800308298,180.8562027800669,339.94575451155174,1.971957988052705,183.8
13.61,6.4555,0.0365,0.0365,0.1156,199.3447142082532,242.68052164483,481.0404803642076,189.52619258963148,167.8667178379259,181.27194434614557,341.59964809221304,1.9841182531807364,183.8
13.62,6.4563,0.0376,0.0376,0.1157,199.98766708882,243.46324689073745,481.0987189698162,190.29297850025907,169.78966711805805,181.75957693458332,342.9847912730799,1.9908283089299847,183.8
13.63,6.4571,0.0385,0.0385,0.1157,200.51184930326596,244.10138176049767,481.15636873635054,190.9133348564397,171.35064371521293,182.15718795449564,344.1053139233841,1.996244665244628,183.8
13.64,6.4614,0.0394,0.0394,0.1159,201.04012763423407,244.7445032068937,481.31438614180337,191.54019951608217,172.89547411238456,182.5616022651192,345.20630318663484,2.001232277333729,183.8
13.65,6.5204,0.0411,0.0411,0.1163,202.1556833625309,246.1025710500376,483.0198759799417,192.90308292501808,175.70688525328077,183.4801395141144,347.1949362038545,2.0053183818408065,183.8
13.66,6.6226,0.0433,0.0433,0.1159,203.63882780573329,247.908138198284,485.9208434607431,194.72742958175812,179.24046725185212,184.72672059792905,349.6615029401589,2.00774362300006,183.8
13.67,6.7603,0.0456,0.0456,0.1159,205.24833947569152,249.86754370953756,489.7780400045912,196.70942970528543,182.8089145492834,186.11040385297807,352.1408168449123,2.007041942850559,183.8
13.68,6.9569,0.0476,0.0476,0.1158,206.86235450360485,251.83243156960592,495.1879563034993,198.69239284861223,185.727892682677,187.58538748138412,354.25200628781,1.9992626330115584,183.8
13.69,7.2007,0.0494,0.0494,0.1158,208.4864707786663,253.80961660011556,501.7613142038652,200.69152938267047,188.20018368672757,189.138211349542,356.1220822662981,1.9865204358399704,183.8
13.7,7.5152,0.0512,0.0512,0.1159,210.2672475650112,255.9775187747962,510.0337254809768,202.9022182976583,190.51907356778895,190.9110145548101,357.96215491017773,1.968265620308504,183.8
13.71,7.8416,0.053,0.053,0.1161,212.01840241639604,258.1093594634387,518.3978326649377,205.0967675664577,192.7808141079643,192.6741302800577,359.75321948288536,1.949917083923531,183.8
13.72,8.1641,0.0542,0.0542,0.1164,213.42945489475008,259.82716248056533,526.4568481508935,206.8883762765898,194.11517479854933,194.1954294468305,360.976038391464,1.9300624046540875,183.8
13.73,8.5494,0.0555,0.0555,0.1167,214.98049815407325,261.71538905713265,535.8268137314587,208.8975579306156,195.49950982026587,195.913914249698,362.2803785330116,1.9068878437099404,183.8
13.74,8.6045,0.0562,0.0562,0.1169,215.4607926793836,262.30009543577137,537.1794665144091,209.47128006973537,196.45554639422372,196.33907513780557,362.9552557352871,1.90607016490111,183.8
13.75,8.6123,0.0566,0.0566,0.1171,215.6961583957589,262.58662761222826,537.404583884288,209.7254600169992,197.0342629757532,196.5200628826562,363.359363239025,1.907414095558904,183.8
13.76,8.6084,0.057,0.057,0.1173,215.90370789585623,262.83929656886846,537.3514850445514,209.94075642885716,197.62814045459675,196.66188241686044,363.7578518212583,1.909607660735316,183.8
13.77,8.6163,0.057,0.057,0.1175,215.9607698553383,262.908763302151,537.57890914314,209.9770169038929,197.61977767436352,196.7275884692487,363.8271861010768,1.9092119650710144,183.8
13.78,8.6241,0.057,0.057,0.1174,216.01742180457765,262.97773089252934,537.8024268079008,210.01274656974635,197.61167112871956,196.7929352080151,363.8964515537097,1.9088283641731936,183.8
13.79,8.7224,0.0568,0.0568,0.1174,216.1911567933166,263.1892343570811,540.1683786527053,210.2321085662944,197.18440857961085,197.0966236708223,363.8274853841408,1.9009940436733388,183.8
13.8,8.8247,0.0563,0.0563,0.1175,216.2331291369617,263.24033112325776,542.6127137879029,210.2976017767929,196.3168145959337,197.32276782703684,363.50754975566633,1.8916577104601997,183.8
13.81,8.9033,0.0553,0.0553,0.1179,215.98783662947795,262.9417141576253,544.4898779672949,210.0088531396135,194.751648834329,197.32094950339769,362.75190398953856,1.881889228404442,183.8
13.82,8.9662,0.0543,0.0543,0.1177,215.69786737907248,262.58870811365347,545.9904578780432,209.66304495777177,193.20478829677168,197.2618299266632,361.977495177953,1.873232511819168,183.8
13.83,8.978,0.0537,0.0537,0.1181,215.4807881689252,262.3244377708654,546.3050890309895,209.3758971615057,192.30910217157523,197.15696194293977,361.5246823211736,1.869911593012892,183.8
13.84,8.9308,0.0527,0.0527,0.118,214.9486567427872,261.67662559991487,545.2476025891298,208.67502238071185,190.89089967744823,196.73976554290564,360.6941966815766,1.8689181069259049,183.8
13.85,8.8483,0.0518,0.0518,0.1179,214.38435131484812,260.9896450789456,543.3614980710976,207.91313765887915,189.65518259976955,196.2357126589148,359.92845289566566,1.870842756796434,183.8
13.86,8.573,0.0508,0.0508,0.1183,213.3457449442012,259.7252547146797,536.898112088771,206.464819271079,188.4961177595124,195.0679032143956,358.999065566947,1.8862950345167884,183.8
13.87,8.4118,0.05,0.05,0.1177,212.6333585169136,258.8580016727644,533.0649308239036,205.48183129759903,187.4881467099433,194.31825270101,358.2740711742814,1.8946874669929767,183.8
13.88,8.2781,0.049,0.049,0.1175,211.87511939997333,257.9349279651849,529.8582715935362,204.4612528159532,186.1302046302972,193.5844128034966,357.3571432537507,1.90020317218783,183.8
13.89,8.1326,0.049,0.049,0.1175,211.56619061731968,257.5588407515196,526.3288860148594,203.9794340172443,186.3177952817356,193.12938490491416,357.3753647597301,1.9115632297246696,183.8
13.9,7.9714,0.0464,0.0464,0.1175,209.92686575225676,255.56314091579085,522.3677989552496,201.8842577314266,182.48141716003303,191.74229119387357,354.863387032894,1.911599202166055,183.8
13.91,7.8062,0.0452,0.0452,0.1177,208.94614378332415,254.36921851882943,518.2558611132332,200.5853025161568,180.7933454663042,190.78778601515728,353.66621081846563,1.918893902016848,183.8
13.92,7.645,0.0443,0.0443,0.1183,208.11031087109995,253.35168279959996,514.1933778361846,199.4665865324964,179.5588450883887,189.9360483590872,352.75238582432445,1.9275688014801884,183.8
13.93,7.5231,0.0434,0.0434,0.1183,207.36284195252017,252.44172063785064,511.09194773660494,198.4742025136966,178.26317158616817,189.21215197309004,351.83447265910144,1.933161134510485,183.8
13.94,7.4327,0.0426,0.0426,0.1183,206.7414265884979,251.6852149773018,508.7807023227167,197.64873644201265,177.0787398424972,188.62922561600135,351.0168543236394,1.9367040473815715,183.8
13.95,7.3579,0.0424,0.0424,0.1183,206.46957023233549,251.354259413278,506.8609039342246,197.2550408279529,176.8467414475875,188.3186697378156,350.8395699676779,1.9421859280412004,183.8
13.96,7.3108,0.0423,0.0423,0.1182,206.323612049864,251.1765711911388,505.6583550027036,197.02546218104123,176.74412586642077,188.1452099018669,350.7788131039416,1.9458811344116884,183.8
13.97,7.2911,0.0423,0.0423,0.1182,206.30517208207223,251.15412253469668,505.17491140923215,196.9610057365176,176.77155189586736,188.1095629038589,350.835363183561,1.9477686354402164,183.8
13.98,7.2911,0.0423,0.0423,0.1182,206.34159146046488,251.1984591692616,505.2106996667358,196.97008797956047,176.77484284562846,188.1469866336942,350.89888331646085,1.9479561302731292,183.8
13.99,7.2754,0.0423,0.0423,0.1183,206.3341186065487,251.18936178188545,504.8324635563383,196.9204219849117,176.79732309152982,188.12598560230245,350.9567711240164,1.94950048555152,183.8
14.0,7.2203,0.0423,0.0423,0.1188,206.2152877574266,251.04469813947583,503.4115396893571,196.7224968643916,176.8683058247862,187.9574837592209,351.0004756501685,1.9544724783807328,164.0
14.01,7.1653,0.0428,0.0428,0.119,206.35278576899108,251.2120870231196,501.98460249701947,196.83967941121017,177.7586482190612,187.9711541128216,351.5807012302695,1.962173188940808,164.0
14.02,7.0552,0.0436,0.0436,0.1192,206.474057477638,251.35972214668973,499.0701714100809,196.9290463891572,179.21036681009508,187.8782442006247,352.4513801162349,1.976409413132516,164.0
14.03,7.0607,0.0447,0.0447,0.1191,207.07807961032648,252.0950534386584,499.25295751067415,197.64042277561623,180.9914744042261,188.3256423031304,353.66069626538246,1.9818934652720372,164.0
14.04,7.0662,0.0453,0.0453,0.1191,207.427814424193,252.52081755988715,499.4362094649316,198.03792648890385,181.954598274658,188.5926673634579,354.3401590629882,1.984704426649384,164.0
14.05,7.0855,0.0457,0.0457,0.1192,207.71887504841956,252.8751522328586,499.99089426720127,198.36447986936145,182.57313976842772,188.8418464018496,354.81642286100805,1.9852246627112384,164.0
14.06,7.1259,0.0458,0.0458,0.1192,207.92540218959428,253.12657657863653,501.1096592560583,198.5888681442916,182.67962164758825,189.06820323796384,354.99608833554703,1.9823256649223595,164.0
14.07,7.2478,0.0458,0.0458,0.1194,208.32055330238003,253.60763010724528,504.3928781537686,199.0616062488268,182.51505698215797,189.5680355730209,355.1045198100927,1.9717695003051123,164.0
14.08,7.3855,0.0455,0.0455,0.1202,208.60162223082057,253.94980097665115,508.060313012898,199.40488166436828,181.85549539161929,190.0163681123097,354.9144813239166,1.958499950004612,164.0
14.09,7.5113,0.0452,0.0452,0.1202,208.8353030430572,254.2342819654609,511.3742203623021,199.69542821535413,181.218432767162,190.4121008606171,354.71742653730246,1.9464714376080277,164.0
14.1,7.5899,0.0446,0.0446,0.1204,208.77966155119827,254.16654449711095,513.4423954788803,199.6233171172463,180.166413585482,190.5239256563921,354.1925885246279,1.9369855852619924,164.0
14.11,7.6017,0.0432,0.0432,0.1204,208.1265649625917,253.3714703892421,513.7822763085874,198.80485707725413,177.9091703350433,190.1002239083868,352.7944272192774,1.9288625125335563,164.0
14.12,7.5428,0.0421,0.0421,0.1204,207.4309391095624,252.52462152468465,512.2986633276336,197.9047465782261,176.19969548367834,189.51865953251664,351.65625548196067,1.9280737334933584,164.0
14.13,7.4484,0.0401,0.0401,0.1204,206.1440620738318,250.9579886116213,509.88350807379175,196.27846621882392,173.02960207692067,188.44967712384857,349.4682755243229,1.925217129962035,164.0
14.14,7.2754,0.0379,0.0379,0.1204,204.49818598753555,248.95431337613024,505.37686661864655,194.1844536303325,169.54270899186852,186.9722711221449,346.91597117964386,1.9276431978085524,164.0
14.15,6.8782,0.0361,0.0361,0.1204,202.3896467993553,246.38739610356305,494.7244823456643,191.4341704872301,166.8817986018437,184.75558781357367,344.64690632223113,1.952422498966624,164.0
14.16,6.6973,0.0337,0.0337,0.1204,200.4856179370439,244.0694479233578,489.7649955682706,189.0329743429204,162.86730207513995,183.03588931373972,341.5720323607282,1.9544587393200508,164.0
14.17,6.54,0.0321,0.0321,0.1204,199.0751257992385,242.3523270599425,485.388389807315,187.2388721709796,160.1580801666886,181.7112244361652,339.41986553391746,1.9591925888407955,164.0
14.18,6.3828,0.0305,0.0305,0.12,197.62551548453476,240.58758406812925,480.9458979346171,185.40036169013695,157.38682833138333,180.344258233162,337.17075939452,1.9638896765257656,164.0
14.19,6.1862,0.029,0.029,0.1196,196.0685754541998,238.69217881380845,475.2846698550141,183.42137831417884,154.76829799086914,178.81873263715613,334.94968867614983,1.973212511617442,164.0
14.2,5.9502,0.0277,0.0277,0.1196,194.45672995609328,236.7299321204614,468.334923591866,181.37011349926712,152.49552560938358,177.17904183643262,332.9220882581527,1.9883320961982525,164.0
14.21,5.6632,0.0268,0.0268,0.1192,192.86172611682247,234.78818831613177,459.6388465037294,179.34300250159177,150.9855797612006,175.47493009830032,331.4333743211768,2.012744173879168,164.0
14.22,5.3958,0.0257,0.0257,0.1183,191.13015485371525,232.6801885175664,451.2857394967567,177.17439252687447,149.03005875499863,173.6858352698568,329.5731876790779,2.0347799654982004,164.0
14.23,5.1363,0.0251,0.0251,0.1181,189.69124526159004,230.92847249237047,442.9352574575354,175.39090744869495,148.0364250415109,172.1533027856717,328.5012237457456,2.061143936366444,164.0
14.24,4.9082,0.0248,0.0248,0.1175,188.52028853784904,229.50295995912057,435.3770793158656,173.96361614463157,147.62269733448267,170.89363741929714,327.9361742858476,2.0875037319172107,164.0
14.25,4.6958,0.0247,0.0247,0.1175,187.494723023746,228.25444542021256,428.14636546196914,172.7433934957625,147.6155572590567,169.7846343171608,327.71488745371835,2.114798065845977,164.0
14.26,4.4442,0.0247,0.0247,0.1175,186.27118626077765,226.7649224044249,419.3081217685289,171.33911396987298,147.87463621094588,168.47643955460873,327.63951312185617,2.14988429386693,164.0
14.27,4.3223,0.0247,0.0247,0.1175,185.66001005339703,226.02088180413557,414.92916745134295,170.63666836996885,148.01117869167447,167.83575294741033,327.6301908754116,2.1677650345540966,164.0
14.28,4.3083,0.0246,0.0246,0.1175,185.5511547598414,225.88836231632868,414.4467825780925,170.47417188453588,147.8168588206752,167.73354798179608,327.5076280931692,2.169194506638248,164.0
14.29,4.3046,0.0246,0.0246,0.1181,185.5637044940588,225.9036402536368,414.344621797258,170.45778193322462,147.8222997387744,167.74543875538615,327.56355510884293,2.169925804273964,164.0
14.3,4.3174,0.0246,0.0246,0.1181,185.6645652819841,226.0264272998068,414.8410096109667,170.53788260512363,147.80924821317572,167.84981413200927,327.62873255091097,2.1682376837624275,164.0
14.31,4.3301,0.0244,0.0244,0.1196,185.6347787231515,225.99016540209752,415.3438806974754,170.4487591797036,147.3725379118901,167.8397013759792,327.3462309413158,2.1648447146495595,164.0
14.32,4.4914,0.0241,0.0241,0.1204,186.309739056949,226.81185624324232,421.1905413381183,171.13076971137454,146.57093942986526,168.58555745228475,326.9664404394803,2.139265825252233,164.0
14.33,4.5582,0.0238,0.0238,0.1216,186.47660995767015,227.01500342672892,423.5977007629352,171.25744622782082,145.87451991961314,168.80153735553495,326.52776596732855,2.127539999220082,164.0
14.34,4.5621,0.0239,0.0239,0.1214,186.595507935238,227.1597487907245,423.76323138490335,171.37065546695302,146.08416393906387,168.91384353629832,326.76553010061906,2.1280493565614287,164.0
14.35,4.5386,0.0215,0.0215,0.122,184.8316731235117,225.01247162862296,422.96591375258015,169.11992644059148,140.9576892817854,167.34463690025956,322.34542320325653,2.1104694153224237,164.0
14.36,4.4835,0.0191,0.0191,0.123,182.79351236345823,222.5312324424709,421.04370106553546,166.5634061048978,135.6652781849193,165.44947745670302,317.45058631880016,2.0957259716889456,164.0
14.37,4.4206,0.0164,0.0164,0.1232,180.3259568323153,219.52725179586216,418.8201268202634,163.5025916662823,129.44945790379333,163.06927469119384,311.2451401709897,2.0771247734735185,164.0
14.38,4.3537,0.0152,0.0152,0.1234,178.9883363039227,217.89884419607975,416.4311616600545,161.84495833009436,126.5888243355222,161.71988919874684,308.2052078800047,2.0736079153585063,164.0
14.39,4.2751,0.0149,0.0149,0.124,178.3566759996553,217.12986643436295,413.5923171430216,161.05298128122195,125.85933296491883,161.06065020561672,307.4201666276283,2.081633339733867,164.0
14.4,4.2692,0.015,0.015,0.1244,178.44549601776322,217.2379951520596,413.40681258638944,161.13133377263827,126.10597357083046,161.14916755289744,307.73854329891407,2.0837953626074084,164.0
14.41,4.2633,0.0152,0.0152,0.1242,178.62132456207772,217.45204729296415,413.21666430744295,161.3164111871181,126.59555479451072,161.3254318118235,308.3198802296588,2.087100865933587,164.0
14.42,4.2633,0.0155,0.0155,0.1244,178.91365863596934,217.8079322524844,413.2465168858837,161.6434964793172,127.32576007949685,161.6185124269373,309.15851080538084,2.0906408820002467,164.0
14.43,4.2554,0.0165,0.0165,0.1246,179.7571262387732,218.83476237763696,412.9853463270771,162.65326633754552,129.72863111001152,162.44728094011816,311.7318728945236,2.1029227037907208,164.0
14.44,4.2043,0.0173,0.0173,0.1248,180.18116355442223,219.3509817184271,411.1246336119145,163.1688139013205,131.6391170033298,162.83479875799048,313.683432829126,2.119150189650281,164.0
14.45,4.0981,0.018,0.018,0.1248,180.20053869124732,219.3745688415185,407.1778804295447,163.22352688764585,133.3282668885474,162.8023201464898,315.3006436196945,2.142671979928032,164.0
14.46,3.8544,0.0188,0.0188,0.1249,179.45476636142212,218.46667209216608,397.83887716047104,162.46462978051946,135.34455582405275,161.9860019933128,316.9997605178074,2.189772542903511,164.0
14.47,3.7403,0.0194,0.0194,0.125,179.2393506648027,218.2044268962816,393.355455729079,162.29711103991102,136.83782830073562,161.73877341500892,318.28196183174896,2.2151368341330286,164.0
14.48,3.6538,0.0199,0.0199,0.1256,179.0889390762044,218.02131713624885,389.9102133835239,162.19603453688435,138.08315189850924,161.56658133840577,319.33712631880707,2.2352466198692,164.0
14.49,3.6542,0.0204,0.0204,0.1258,179.4817133978758,218.49947718002275,389.9546778316009,162.67591293822665,139.24634663909555,161.9333241715944,320.4251835875552,2.2402961626702105,164.0
14.5,3.6545,0.0213,0.0213,0.1256,180.1467099434864,219.3090381920704,389.9918392754854,163.51753079838656,141.31691864957412,162.54771239232664,322.28503161879684,2.249119399612188,164.0
14.51,3.6769,0.0218,0.0218,0.1308,180.67361196176947,219.95048412737157,390.9656769982695,164.13680876077424,142.42834727674125,163.03567073386674,323.3296412440613,2.2499255654138888,164.0
14.52,3.7433,0.0217,0.0217,0.125,181.05354700894517,220.41301375002016,393.60954092127577,164.48929333844032,142.12996454103063,163.42532887250624,323.2355796683968,2.2379107400113534,164.0
14.53,3.9094,0.022,0.022,0.125,182.31627569668225,221.95024867422188,400.176184843043,165.855793715779,142.62862654169217,164.66928581595954,323.973523410786,2.213085623071409,164.0
14.54,4.1335,0.0232,0.0232,0.1244,184.4718256859854,224.5743964872866,408.7579974125605,168.3361560771933,145.03787431209642,166.7615850568619,326.4094630646806,2.188468162015855,164.0
14.55,4.3341,0.0237,0.0237,0.1236,185.9406030675503,226.3624732996265,416.2034940300441,169.98432031742828,145.91287523808506,168.23304025556112,327.4872751961178,2.162824326401778,164.0
14.56,4.4992,0.0238,0.0238,0.1236,186.89888163832515,227.52907329883064,422.1852211315554,171.03678770576332,145.97029530604374,169.23261129222058,327.81422025678705,2.1401070913922964,164.0
14.57,4.5582,0.0243,0.0243,0.1234,187.5651391671984,228.3401694209372,424.3075401424714,171.80604001665228,146.97022909139804,169.87565542558235,328.79023345343296,2.1362587679807925,164.0
14.58,4.5425,0.0243,0.0243,0.1233,187.51789339739696,228.2826528316137,423.77975510231903,171.72173632518667,146.98673190427618,169.82366379577329,328.83891536690464,2.1386499099017677,164.0
14.59,4.511,0.0243,0.0243,0.1234,187.39035518767383,228.12738892412472,422.6902454313405,171.54700371591176,147.0182401887112,169.6859178643559,328.8790268846251,2.1432666974630186,164.0
14.6,4.5066,0.0241,0.0241,0.1234,187.26538723352124,227.9752540234172,422.5622229490039,171.3561298803544,146.60353983683586,169.578031367951,328.58045461015536,2.1424004033815702,164.0
14.61,4.5049,0.0237,0.0237,0.1248,187.0190821244256,227.6754043253877,422.54027400724107,171.0095272408191,145.76226942552842,169.3656596905441,327.9221971369909,2.1394021144654154,164.0
14.62,4.5032,0.023,0.023,0.1252,186.56141328328067,227.11824225790693,422.5111622808759,170.39691488707948,144.2775550718409,168.96768772616932,326.70224325575595,2.133794173300088,164.0
14.63,4.5032,0.0221,0.0221,0.1254,185.96042495729696,226.3866042958398,422.5411898112428,169.60584107346233,142.3464676773746,168.44082595180285,325.0675534465981,2.126052489418732,164.0
14.64,4.4874,0.0224,0.0224,0.1255,186.1248523760121,226.5867768055799,422.00665034163296,169.78720577238815,143.0074480730903,168.57612890424306,325.68567101094044,2.13113584595749,164.0
14.65,4.4127,0.0218,0.0218,0.1256,185.34943642866077,225.64279217402176,419.3533300700537,168.82152895580862,141.7662087408064,167.82243016326382,324.553899259221,2.136592882495881,164.0
14.66,4.2908,0.0208,0.0208,0.126,184.0211309587449,224.02572464542865,414.9461351914904,167.19197783534457,139.65445048135135,166.52821799150183,322.56754333809147,2.145320102328895,164.0
14.67,4.1178,0.0203,0.0203,0.1264,182.74533800731777,222.4725854002129,408.54268757356704,165.6750328269638,138.65506550717038,165.24158865869572,321.50636997821294,2.166856745087367,164.0
14.68,3.933,0.0196,0.0196,0.1264,181.19970091326837,220.59094024223967,401.5103264549494,163.84523359160295,137.18860514390573,163.70621546510085,319.9894750609283,2.189415206621917,164.0
14.69,3.76,0.0189,0.0189,0.127,179.6619733385212,218.71892406428665,394.7455194018237,162.03350464663313,135.68025248570666,162.1896966981265,318.42905965305675,2.211207997276301,164.0
14.7,3.587,0.0184,0.0184,0.1272,178.2132647463748,216.9552788216737,387.7819711445337,160.3591663876257,134.61615963520268,160.7656421695501,317.2651504743653,2.236305003078745,164.0
14.71,3.469,0.0183,0.0183,0.1274,177.38111843450758,215.94223113766145,382.9209648391748,159.42569102112225,134.46420555096455,159.95101696099812,317.0165352060812,2.25687125451359,164.0
14.72,3.3864,0.0183,0.0183,0.1276,176.8414475330374,215.28524047500207,379.4650501161968,158.82805196717558,134.530773152628,159.4270255273098,317.0145066619509,2.2725475244105544,164.0
14.73,3.3235,0.0181,0.0181,0.1278,176.27547661149208,214.59623239659908,376.8044150503857,158.16535537667983,134.09584086321988,158.88221535044914,316.57241781204965,2.2826754524420982,164.0
14.74,3.3051,0.0181,0.0181,0.1278,176.17300412960572,214.4714832882157,376.0375186881435,158.03033636175888,134.11192082568243,158.78520283143342,316.6137703640655,2.286459271501624,164.0
14.75,3.3018,0.0181,0.0181,0.1276,176.17834525905377,214.47798553276112,375.91866373624896,158.00802758292565,134.11540208569227,158.79229892145509,316.66575986554983,2.2873181766920534,164.0
14.76,3.3008,0.0182,0.0182,0.1274,176.27565285228908,214.5964469506128,375.89899537504,158.10298901402092,134.36170439239018,158.88793543601267,316.9462855673517,2.2888024418821766,164.0
14.77,3.3358,0.0187,0.0187,0.1274,176.9298669140596,215.39288146059428,377.43034448639975,158.86337801606032,135.54754679471793,159.5178379299392,318.1442728632721,2.287512543915191,164.0
14.78,3.3707,0.0195,0.0195,0.1274,177.79371655377534,216.44452450024824,378.94795586280094,159.90299515196452,137.4347919807221,160.34369337695924,319.9609778954125,2.289285338842414,164.0
14.79,3.4729,0.0204,0.0204,0.1274,179.18181075548355,218.13437831102345,383.2899115412944,161.50516242230543,139.45183975485884,161.6694524189982,321.9695110437062,2.279221345287232,164.0
14.8,3.5476,0.0211,0.0211,0.128,180.21279309694216,219.38948724845133,386.4267304449982,162.69167341603043,140.99290535127017,162.65095318872008,323.49100187670444,2.2724704721048554,164.0
14.81,3.6931,0.0221,0.0221,0.1278,181.8924035807362,221.43423044611367,392.38819713333936,164.61312590367183,143.10467598869798,164.25590889726436,325.5966101329245,2.256163502921652,164.0
14.82,3.7836,0.0239,0.0239,0.1279,183.6994419108773,223.63410319585068,396.0362646968897,166.8059704054915,146.97850390385312,165.93538244302485,329.04293978566784,2.256910641922069,164.0
14.83,3.874,0.0246,0.0246,0.1279,184.750006250779,224.9130510879049,399.6272909497904,168.00365065505804,148.37924826802984,166.93125622849908,330.39419766917024,2.2479067161435125,164.0
14.84,3.9645,0.0254,0.0254,0.1282,185.84519893436607,226.24632913748917,403.174239685409,169.26436028366203,149.96975449891423,167.96422048557446,331.88491251368976,2.239931672694396,164.0
14.85,4.0549,0.0261,0.0261,0.1286,186.8574198060411,227.4785980247457,406.66955637607015,170.42024940378897,151.32489809931138,168.92272573970007,333.1722848979224,2.2313307225968435,164.0
14.86,4.1532,0.0267,0.0267,0.1286,187.8355307116174,228.66934173588209,410.411653853289,171.52492670372402,152.4435928845071,169.858238692764,334.2743178560356,2.220919854649265,164.0
14.87,4.3655,0.0272,0.0272,0.1286,189.364779302408,230.5310356724967,418.2824883723856,173.2160218448103,153.20051654482563,171.37773007003244,335.2622378074182,2.192973107089132,164.0
14.88,4.4638,0.0272,0.0272,0.1286,189.9228663882413,231.21044603785893,421.8629724256056,173.79814713999224,153.08297963136536,171.9602776765666,335.37452418025026,2.178866953357069,164.0
14.89,4.57,0.0272,0.0272,0.1286,190.50636344062505,231.92079027554357,425.6758262121475,174.41512449313836,152.9615218964156,172.5757227233228,335.4899009101144,2.163984435863388,164.0
14.9,4.688,0.0271,0.0271,0.1288,191.0687246325708,232.60540390052105,429.8482521785423,175.0070807655431,152.63206060840065,173.1897844114862,335.4495374716709,2.147078139806164,164.0
14.91,4.8099,0.027,0.027,0.1292,191.6290643411282,233.2875565891996,434.0927004966709,175.60693776174915,152.30672429380678,173.81025275643714,335.4089872427339,2.1300858954361552,164.0
14.92,4.8728,0.0265,0.0265,0.1292,191.63693532408087,233.29713865540285,436.269966113135,175.55260870504324,151.24502464297422,173.89819725271445,334.6838782145433,2.118098718486345,164.0
14.93,4.8846,0.0261,0.0261,0.1293,191.4638313916076,233.0864034332614,436.7007573982268,175.29734841493058,150.43127523187528,173.77167542640834,334.0853927535622,2.1136008351170283,164.0
14.94,4.8531,0.026,0.026,0.1294,191.2836987212332,232.8671114867187,435.6580607003689,175.05022291079945,150.25961460244872,173.58686010968592,333.9592939340602,2.1171174613556127,164.0
14.95,4.7981,0.026,0.026,0.1294,191.05626523854275,232.5902359425738,433.8041784133334,174.7545812476444,150.31147344088745,173.3344317131842,333.98766318989846,2.1245715697126606,164.0
14.96,4.7076,0.0261,0.0261,0.1296,190.71745150307012,232.17776704721584,430.7070204479043,174.3399329149052,150.6010469690218,172.94702824668218,334.16382330537016,2.137703186517013,164.0
14.97,4.6093,0.0262,0.0262,0.1296,190.32681926469067,231.70221475701476,427.2963518261552,173.87209907002153,150.9027902652559,172.5090673236834,334.33430277142145,2.152181650246947,164.0
14.98,4.5408,0.0266,0.0266,0.1302,190.2659155904393,231.62807115357828,424.90540544607984,173.80910690798282,151.78852289850025,172.38613982604667,335.0129819413177,2.1651233565521952,164.0
14.99,4.5087,0.0272,0.0272,0.1298,190.5076399581897,231.92234429692664,423.7871664606717,174.1082473310993,153.0401287944083,172.56125427788595,336.0249351531272,2.1745929147049656,164.0
15.0,4.5189,0.0281,0.0281,0.13,191.14708806417192,232.70080286073107,424.1804825118667,174.88190833409803,154.83630935682174,173.1165269834046,337.51253566812863,2.180268711581769,183.0
15.01,4.5291,0.0288,0.0288,0.1302,191.6554877012244,233.31972415801235,424.5733215973376,175.488852809904,156.2165938936503,173.55892317701398,338.6566297865453,2.1842997064575487,183.0
15.02,4.5582,0.0299,0.0299,0.1301,192.49108976474875,234.336978844042,425.6347503909659,176.4998627512515,158.3437437281093,174.29262836004804,340.38434194311424,2.188505155630492,183.0
15.03,4.6487,0.0309,0.0309,0.1302,193.5726423005129,235.65365149627664,428.8541741997797,177.76842342778704,160.16388999327313,175.29709227061522,341.9504921089183,2.183224562848057,183.0
15.04,4.7666,0.0325,0.0325,0.1302,195.11055816538536,237.5258968969909,432.98262074712784,179.60206348711327,163.05307346290164,176.70184921486097,344.3237974224113,2.1784239509328813,183.0
15.05,4.916,0.034,0.034,0.1304,196.71028719768677,239.47339311022736,438.1199187186995,181.49159986087489,165.64473796341716,178.18774426246867,346.4867863534945,2.168782915740371,183.0
15.06,5.0969,0.0356,0.0356,0.1304,198.47017755366645,241.61586832620264,444.2072891882208,183.5692927535129,168.31455465285342,179.83556979348575,348.7161315758146,2.156036613875026,183.0
15.07,5.2699,0.037,0.037,0.1305,200.03897414911924,243.52570765979732,449.9090107572796,185.41813945301436,170.57850296829906,181.3149406465142,350.6145784292222,2.1434750253480885,183.0
15.08,5.4666,0.0392,0.0392,0.1306,202.0795933055685,246.00993967634432,456.251069107,187.86341511325804,174.15688055777667,183.18395455704996,353.4122439380269,2.133300882998184,183.0
15.09,5.6317,0.0402,0.0402,0.1308,203.32416449546724,247.5250698205689,461.4734569054041,189.32199402038708,175.63895739756353,184.38954123775704,354.70903629186995,2.1201417871942025,183.0
15.1,5.8912,0.0413,0.0413,0.1308,204.966601981718,249.52455893426537,469.4776941879292,191.25906035998003,177.135957639641,186.0401200419932,356.13441005913745,2.0975957919883026,183.0
15.11,6.021,0.0414,0.0414,0.1312,205.5556495574517,250.2416603308108,473.4186760903752,191.92804829067467,177.1235825428852,186.69670566616784,356.3635339677498,2.084324632888994,183.0
15.12,6.1547,0.0414,0.0414,0.1312,206.09268749615555,250.89544564749372,477.4213200501876,192.54062671404407,176.94356557697927,187.3225414220533,356.48112021495655,2.070405327269015,183.0
15.13,6.3159,0.0411,0.0411,0.1318,206.55799423524485,251.46190602551547,482.1749345299497,193.0745245042297,176.2338077349027,187.94232343862456,356.27197545504134,2.052314584636612,183.0
15.14,6.4535,0.0409,0.0409,0.1316,206.96843064692868,251.9615677440871,486.1752629698513,193.55361363398848,175.73076374259392,188.48481868152533,356.1624393938291,2.0375771145010018,183.0
15.15,6.5204,0.0407,0.0407,0.1316,207.12562697812368,252.15293719075927,488.11851557218336,193.72069573005936,175.31860466447466,188.7227956179669,356.02217913364854,2.030039856933176,183.0
15.16,6.5518,0.0403,0.0403,0.1316,207.05488377882597,252.06681503509247,489.0434625232038,193.6060033463076,174.6162790400652,188.7332639989717,355.6373602614965,2.0248968606788003,183.0
15.17,6.5361,0.04,0.04,0.1317,206.87818593960952,251.85170462213333,488.6297292969558,193.35318472534703,174.1346094240668,188.58566816830097,355.3450454733898,2.024912739089576,183.0
15.18,6.4575,0.039,0.039,0.1317,206.11451067063484,250.9220129903381,486.4175010300391,192.3743508165753,172.54402182980954,187.8966398194035,354.2047567488169,2.027088928042413,183.0
15.19,6.3277,0.0373,0.0373,0.1318,204.78003560290077,249.2974346470096,482.7065288337293,190.6934120431521,169.79190635397606,186.69045923773936,352.1642284644903,2.030223868531421,183.0
15.2,6.135,0.0338,0.0338,0.1322,202.15533642420493,246.10214869033643,477.0945735697875,187.44131628499477,163.8691368054282,184.3808124211641,347.66036516314915,2.028394486153032,183.0
15.21,5.6986,0.0338,0.0338,0.133,200.56221379375475,244.16269505326667,463.92756502727343,185.4201010481023,164.3168802900362,182.46536813113408,347.52840095314303,2.07567149073238,183.0
15.22,5.6986,0.0331,0.0331,0.1327,200.1909276455156,243.71069452497557,463.95589516298287,184.92961534404952,163.05173247385457,182.18198801325943,346.64184387332585,2.0712828566114028,183.0
15.23,5.5019,0.032,0.032,0.1328,198.79124825696465,242.0067370084787,457.83125370404304,183.18673579198173,161.24526633154068,180.7880298649884,345.0897994027004,2.0865797338697787,183.0
15.24,5.1874,0.0309,0.0309,0.1329,196.8333079734812,239.62315753293365,447.7314070318918,180.79322061267544,159.52865414167923,178.77507127395776,343.43154406096124,2.116893192965218,183.0
15.25,5.0773,0.0304,0.0304,0.1332,196.0740541244923,238.698848499382,444.1268104615032,179.85004841548803,158.70223553069118,178.01494884214674,342.7064471368513,2.127316338632285,183.0
15.26,5.0711,0.0302,0.0302,0.133,195.95812951268013,238.5577228850019,443.9481225054219,179.67250153609848,158.32921845006643,177.91856732052943,342.466197020102,2.1268744254564997,183.0
15.27,5.076,0.03,0.03,0.1328,195.8920805811978,238.47731549015387,444.1385587137879,179.553211271276,157.94354376736382,177.87759617236074,342.2296671110888,2.125021804124801,183.0
15.28,5.081,0.03,0.03,0.132,195.94610710753213,238.54308691351736,444.3282391105587,179.58379920310549,157.93959203085467,177.93519708432655,342.28884912277005,2.124602628737694,183.0
15.29,5.1205,0.0299,0.0299,0.1308,196.09467254491403,238.7239491851128,445.6587381127193,179.72076387301573,157.70895784898082,178.1167630169239,342.21655514615384,2.119139914739363,183.0
15.3,5.2228,0.0298,0.0298,0.1304,196.5174576934905,239.2386441485972,449.0485123728083,180.1838761512425,157.41655730613354,178.60765957626947,342.1742207288983,2.105946436063878,183.0
15.31,5.2778,0.0298,0.0298,0.1284,196.78556656324045,239.5650375552493,450.8563320655689,180.47049845040084,157.364705294882,178.90978659702512,342.25731946120953,2.0994785218605463,183.0
15.32,5.3014,0.0298,0.0298,0.121,196.9123367079316,239.7193664270472,451.6029330080975,180.58914924363964,157.34495785627786,179.05726734964657,342.3251661406547,2.0969914064494417,183.0
15.33,5.2857,0.0286,0.0286,0.1089,196.1221528368948,238.75740345361103,451.0444897478617,179.58747447128837,155.07090701307175,178.40362898026976,340.5496697586055,2.090664915819238,183.0
15.34,5.2228,0.0274,0.0274,0.1073,195.11941701513587,237.53668158364368,449.0135355487548,178.3316908442731,152.8013518230023,177.4960360786064,338.6831806563805,2.089579741068716,183.0
15.35,5.0615,0.0249,0.0249,0.1068,192.7918090717195,234.70307191339768,443.7122249819892,175.46761114471207,147.95834074264042,175.3301923006095,334.4743027002827,2.0901893886629974,183.0
15.36,4.688,0.0227,0.0227,0.1074,189.5724720313677,230.78387899470852,430.9945239272661,171.54489545771787,143.65645088416346,172.11033184088058,330.34322376419414,2.1207014048013395,183.0
15.37,4.5386,0.022,0.022,0.1081,188.36922205515603,229.3190529367117,425.75194323576966,170.07179643404712,142.25798902986335,170.89564499299746,328.9761505754481,2.135339679574419,183.0
15.38,4.4324,0.0219,0.0219,0.1125,187.79209430055724,228.61646262676533,421.9958015350336,169.364185382382,142.10784146339955,170.28035779641533,328.77786536096045,2.149624026591952,183.0
15.39,4.4223,0.0218,0.0218,0.1165,187.70243717219364,228.5073148183227,421.6861938258445,169.2238522637355,141.8991793747459,170.19052940264226,328.63080230275443,2.1502542038089443,183.0
15.4,4.4374,0.0216,0.0216,0.1181,187.6678298526799,228.46518416847988,422.271486164398,169.14179372449377,141.458975835933,170.17460849188203,328.2995118045605,2.146408264283543,183.0
15.41,4.4525,0.0216,0.0216,0.121,187.77859778641135,228.6000320878052,422.86502506160735,169.23976379614066,141.4516585677519,170.28860335417332,328.3616881189418,2.144346676205384,183.0
15.42,4.4874,0.0216,0.0216,0.1232,187.9889432281283,228.85610479946055,424.16435439375806,169.45417682094737,141.43347408084293,170.51091663336797,328.4345606750085,2.1394924621907103,183.0
15.43,4.5504,0.0217,0.0217,0.1258,188.41103491184435,229.36995554485404,426.4629279258168,169.92213002784445,141.61592906562095,170.9498984406127,328.7196508414949,2.131625574595945,183.0
15.44,4.5661,0.0217,0.0217,0.1284,188.52194603799495,229.5049777853852,427.0671867459235,170.02156089557351,141.6090479346851,171.0655151141054,328.78191659050515,2.1295472900048438,183.0
15.45,4.5425,0.0218,0.0218,0.128,188.50710966705665,229.4869161164168,426.2518455111247,169.97657880153082,141.83854673219594,171.0339403311306,329.019765499447,2.1339494322291204,183.0
15.46,4.5189,0.0218,0.0218,0.128,188.4191561799376,229.379842306011,425.43653703930767,169.84230391571427,141.85341153639553,170.93644331279893,329.06094656690726,2.137459860005543,183.0
15.47,4.4285,0.0218,0.0218,0.1279,187.98846937246685,228.8555279316988,422.2099407713329,169.30922920850827,141.90700990483268,170.47039860290937,329.0655726779839,2.1505537716953063,183.0
15.48,4.3813,0.0218,0.0218,0.1282,187.7733533265553,228.5936475279804,420.5242680554446,169.0295798610878,141.93679350526503,170.23814118913285,329.0932795966404,2.1575868401231104,183.0
15.49,4.3419,0.0218,0.0218,0.1284,187.59597814603825,228.3777125256118,419.1123462140383,168.7946772944805,141.96244426102103,170.0473623012424,329.1250506245803,2.1635534954171574,183.0
15.5,4.3026,0.0218,0.0218,0.132,187.42024139543784,228.16377213357651,417.7209415175547,168.562606618383,141.98808283942896,169.8553318534144,329.1566460456009,2.169462438003596,183.0
15.51,4.2633,0.0218,0.0218,0.1336,187.2398405918503,227.9441537639917,416.3066797694795,168.32613856083432,142.01445282041848,169.66146022800152,329.1880065901857,2.1754888117881577,183.0
15.52,4.1198,0.0218,0.0218,0.1472,186.5742767232768,227.13390209790225,411.06038121653154,167.32479518946118,141.98801083162647,168.85727347421275,329.15828232764983,2.1983620969172954,183.0
15.53,3.9763,0.0219,0.0219,0.1354,185.8293149834311,226.22699215374223,405.50514590954026,166.46959205105907,142.3117104527004,168.09134252298236,329.3214464801187,2.2227332223217,183.0
15.54,3.9684,0.0222,0.0222,0.136,186.0227170229483,226.4624381148936,405.2297563367634,166.68636161927762,142.97591735379996,168.2631927991357,329.9533203088872,2.226950572830486,183.0
15.55,3.9445,0.0224,0.0224,0.1364,186.04872013540077,226.4940940778792,404.3309644846343,166.70713324149403,143.4325162632433,168.27217188078316,330.37724539993195,2.2328722284782545,183.0
15.56,3.9411,0.0232,0.0232,0.1364,186.6038125807322,227.16985879393488,404.2244365237849,167.38180619124972,145.17359282836986,168.77219781717784,331.93969419128047,2.240813275908657,183.0
15.57,3.941,0.0236,0.0236,0.1372,186.90246784312225,227.53343911336623,404.252482529632,167.72710883365195,146.0351347478442,169.0413997224138,332.7321929890602,2.2445352298622656,183.0
15.58,3.9586,0.0236,0.0236,0.1366,187.0388563065555,227.69947724276324,404.95750021104567,167.8456635156774,146.0185688518079,169.18009504542007,332.7972197676896,2.241863542308305,183.0
15.59,3.9763,0.0247,0.0247,0.1362,187.8984910350511,228.7459890861492,405.6661696349304,168.8895781166851,148.34342246505727,169.96045566751653,334.83941317772747,2.248667419618027,183.0
15.6,3.9998,0.0258,0.0258,0.1359,188.77293375704048,229.81052805204928,406.5976330358909,169.9484324786567,150.6238006378646,170.7514532853444,336.81073400117083,2.254240718992391,183.0
15.61,3.9873,0.027,0.027,0.1359,189.4699766933934,230.6591020615224,406.1408110761272,170.827934738295,153.1155175522053,171.35026716930292,338.8543015987981,2.2662215110155755,183.0
15.62,3.9931,0.0279,0.0279,0.1361,190.0785394007509,231.3999610096098,406.3921702186732,171.57224395188834,154.94140867776463,171.88380730623837,340.360613411627,2.272574729788537,183.0
15.63,3.9989,0.0284,0.0284,0.1364,190.4414888576084,231.84181252230596,406.6441122877104,171.99819739453795,155.94250563316385,172.2040175678098,341.20636264710106,2.275699072412476,183.0
15.64,4.0116,0.0287,0.0287,0.1364,190.72675035531609,232.1890873890804,407.1594071293502,172.3130833752133,156.52694167407492,172.46365040730754,341.736092918896,2.2761319371931794,183.0
15.65,4.2476,0.0296,0.0296,0.1366,192.6895306589798,234.57855906310587,416.1163352969162,174.50925831820106,158.00112753378332,174.36636029063183,343.311276857764,2.2456993145758304,183.0
15.66,4.4049,0.0307,0.0307,0.1365,194.2441318889676,236.47111708222135,421.9260382920643,176.29755702285016,159.93970223219458,175.8446697996974,345.09223379203,2.2302023195090737,183.0
15.67,4.6093,0.0317,0.0317,0.1366,195.94817944143583,238.54560975479143,429.2834618122451,178.24649369154832,161.59059946878662,177.50000076249057,346.7055664473839,2.207926490291731,183.0
15.68,4.8453,0.0327,0.0327,0.1366,197.6574951066956,240.62651578206427,437.5300676583185,180.4520593565455,163.3274291670485,179.27414810444654,348.2931146041887,2.18144654509726,183.0
15.69,5.0773,0.0333,0.0333,0.1376,199.14291763152767,242.43485624707725,445.40854973521584,182.15257707943437,164.15389568038827,180.7902475900866,349.2945370923979,2.1553390828385544,183.0
15.7,5.3053,0.0343,0.0343,0.1378,200.770006930966,244.41566061161075,452.9353400848798,184.0582789401368,165.7079716798049,182.41710988362732,350.8112052341393,2.1336960378947545,183.0
15.71,5.4941,0.0359,0.0359,0.1377,202.502661107363,246.5249787393984,459.0233775913425,186.12180202088757,168.34919911081846,184.0656489389313,353.0448194548175,2.121502278378405,183.0
15.72,5.7025,0.0373,0.0373,0.1377,204.15877675310776,248.5411195255225,465.5950748736442,188.0959185291427,170.55921385188685,185.67646746154225,354.95988889442805,2.1062792610893277,183.0
15.73,5.9109,0.0397,0.0397,0.1378,206.29044949959265,251.13619939080843,472.02271767484206,190.66493173146975,174.42714669477994,187.64030927616048,358.0017296017975,2.0975120778847844,183.0
15.74,6.139,0.0418,0.0418,0.138,208.2751621639022,253.5523713299679,478.89941639989,193.059396863338,177.6629033659736,189.50855842827755,360.56767600923126,2.08514196648887,183.0
15.75,6.371,0.0438,0.0438,0.1382,210.1624887237692,255.8499862724147,485.73524830284384,195.34339561124287,180.65107043239703,191.29783919104293,362.92301259003096,2.072267910560104,183.0
15.76,6.603,0.045,0.045,0.1382,211.60241646021447,257.6029417776524,492.41990385841575,197.0915121263945,182.29480206565967,192.75153074984877,364.3553826112365,2.055704423514129,183.0
15.77,6.8389,0.0471,0.0471,0.1379,213.44860796599176,259.8504792629465,499.06962586258106,199.34397411228457,185.32808851839343,194.4973952508938,366.67625747612334,2.044023285946067,183.0
15.78,7.0591,0.0487,0.0487,0.138,214.95629074158188,261.6859191636649,505.1560650514169,201.19019159030677,187.5438226964893,195.96403652511128,368.4175720672229,2.0317124970566867,183.0
15.79,7.2714,0.0506,0.0506,0.1382,216.54202445557715,263.61637759809395,510.9174044980932,203.13435235793904,190.1892334131449,197.46291559889556,370.3957330322425,2.021955643578736,183.0
15.8,7.4563,0.0542,0.0542,0.1386,218.77618444718271,266.3362245443964,515.8577395650531,205.85355941925215,195.35169924473743,199.34704380279624,373.8493058672223,2.022621563236556,183.0
15.81,7.6253,0.0559,0.0559,0.1396,220.06429255302183,267.9043561515049,520.3146942049283,207.4294881103436,197.6304808724415,200.54002350065824,375.4756301626309,2.015893572619266,183.0
15.82,7.7787,0.0574,0.0574,0.1396,221.19686348823237,269.2831381595872,524.3070229145701,208.81469344727583,199.60845693495017,201.5939630352108,376.8862146885127,2.0097490035047407,183.0
15.83,8.0068,0.0595,0.0595,0.1392,222.7739024459764,271.2030116733626,530.1382453062367,210.76723297670716,202.3191644236559,203.0750265513917,378.7923756059525,2.000194252795333,183.0
15.84,8.2702,0.0609,0.0609,0.1386,224.1120215680496,272.832026256756,536.7417352209745,212.45640715616508,203.95528711451715,204.45385486345765,380.0910836002796,1.9852804478679875,183.0
15.85,8.5022,0.062,0.062,0.1384,225.209270465475,274.167807523187,542.4584087880062,213.8515955000693,205.1970211563216,205.61129999713452,381.115499386874,1.972079461719783,183.0
15.86,8.7657,0.0625,0.0625,0.1383,226.1029012809232,275.2557059072109,548.8333853263641,215.03463777677123,205.5610452848064,206.69093038642887,381.660736317169,1.95456770075986,183.0
15.87,9.0331,0.0625,0.0625,0.1383,226.7602037438594,276.0559002099158,555.1845292491719,215.95806640949044,205.2378138761383,207.62361666323756,381.8064955105018,1.9353572021398373,183.0
15.88,9.2297,0.0625,0.0625,0.1383,227.2315365773031,276.6296967028038,559.7906547823413,216.62488754254483,205.0086905644568,208.3048180282139,381.9281962565562,1.921653137754226,183.0
15.89,9.3319,0.0625,0.0625,0.1384,227.48721715203848,276.9409600111773,562.1789084458278,216.9711486108616,204.89290425828767,208.6719136709051,382.0201600707993,1.9147308480746208,183.0
15.9,9.3123,0.0625,0.0625,0.1385,227.48214666660263,276.93478724629887,561.764349040263,216.9152374492319,204.9165349553553,208.6452331798536,382.0750262402328,1.9162575599822305,183.0
15.91,9.1786,0.0612,0.0612,0.1386,226.66511616815507,275.9401414221018,558.7140303439413,215.8257103209961,203.2782643870534,207.88459556235787,381.0522597160731,1.9205029964525595,183.0
15.92,8.9977,0.0598,0.0598,0.1392,225.687505232404,274.7500063698832,554.5318256318033,214.51287154798857,201.5374932606559,206.9279380383129,379.9120577559326,1.9277465736290005,183.0
15.93,8.7932,0.0581,0.0581,0.14,224.503357033716,273.3084346497412,549.7361335376872,212.94380278624985,199.37989419744704,205.78683541389896,378.4860971982052,1.9355985142129293,183.0
15.94,8.632,0.0567,0.0567,0.1394,223.53188352495576,272.12577124777226,545.9077144905982,211.65709204070225,197.5728786448721,204.85992774408223,377.2961050625745,1.941712325688064,183.0
15.95,8.459,0.055,0.055,0.1396,222.37714969359973,270.72000832264314,541.7503515033022,210.14994571244145,195.32427571677505,203.78365011173503,375.8092969991406,1.947494951999656,183.0
15.96,8.2938,0.0526,0.0526,0.1398,220.88913961612485,268.9085177935433,537.7319103877163,208.2624846460672,192.00811108052707,202.4898668363574,373.64054673528,1.9495697650368784,183.0
15.97,8.1011,0.0505,0.0505,0.14,219.4392164706929,267.14339396432183,532.9749052256905,206.40035548427392,189.10417164937024,201.1592969479448,371.661010965184,1.9551120230505208,183.0
15.98,7.877,0.0484,0.0484,0.14,217.87096520176752,265.2342185064996,527.3463798581593,204.3797265376345,186.17731776351457,199.67803454827697,369.5963271201497,1.963258552967605,183.0
15.99,7.6686,0.0477,0.0477,0.1398,217.0016155713124,264.1758798259455,522.023043185488,203.1887206510561,185.32835330853948,198.70273168879575,368.8822048477587,1.9772564585584111,183.0
16.0,7.4641,0.0467,0.0467,0.1397,215.9693486667041,262.9192070725093,516.7119004898103,201.8163521001043,184.0057517493984,197.61742314492844,367.8521837914475,1.9898547120793453,185.9
16.01,7.2557,0.0466,0.0466,0.1398,215.3472062077933,262.1618162529658,511.2056747080493,200.93270150058044,184.0765992515632,196.8124039905396,367.73075930975097,2.007781903564317,185.9
16.02,7.0827,0.0465,0.0465,0.1397,214.80589756175877,261.502831814315,506.5636951280904,200.17411032566653,184.1146724603263,196.12873640350784,367.62050408430616,2.023034489327825,185.9
16.03,6.9687,0.0464,0.0464,0.1397,214.43269018590212,261.0484924002287,503.47692486611726,199.6480789828216,184.08931610470427,195.66997490237608,367.5315254381966,2.0331923139700225,185.9
16.04,6.9337,0.0462,0.0462,0.1398,214.2569338013516,260.8345281059933,502.54490855894574,199.3902970547381,183.81668659159016,195.49195373415984,367.3694665734321,2.0356069837749367,185.9
16.05,6.9167,0.0461,0.0461,0.14,214.187396166662,260.7498735941972,502.1078531939058,199.2663326721724,183.67982600532403,195.42157415977573,367.31723979871424,2.0368608426146437,185.9
16.06,6.9092,0.046,0.046,0.1401,214.14816533418224,260.70211431987406,501.9321444881047,199.182134178972,183.53187508710093,195.3896619410562,367.2684827529396,2.037229975539682,185.9
16.07,6.9154,0.046,0.046,0.1402,214.2021561448446,260.7678422632891,502.1349546290649,199.2144595299208,183.52535088498328,195.4487191973308,367.3287647818749,2.036829934524436,185.9
16.08,6.9215,0.046,0.046,0.1401,214.25566259478768,260.8329805501764,502.3338077869111,199.24618316663236,183.51900927860552,195.50734388257985,367.3889792487742,2.0364433654340504,185.9
16.09,6.9136,0.0459,0.0459,0.1402,214.2150404227433,260.78352747116577,502.1470526030586,199.160221619609,183.37141826038155,195.47367051369085,367.3397238118659,2.036848541869439,185.9
16.1,6.9175,0.0459,0.0459,0.1402,214.261510156156,260.8400993205378,502.2856981673683,199.18275235297128,183.36759880282756,195.5233139827425,367.3990043263596,2.0366654233702324,185.9
16.11,6.8979,0.0457,0.0457,0.1404,214.1337640380344,260.68458230717226,501.7757189346552,198.9883705213839,183.07570111170224,195.4063445919647,367.2404730639328,2.037649554012769,185.9
16.12,6.8861,0.0451,0.0451,0.1408,213.83209429313987,260.3173321829529,501.482001909527,198.58975200849304,182.14244301519776,195.1776637436149,366.6629792881236,2.0358232931037628,185.9
16.13,6.8625,0.0444,0.0444,0.1414,213.43948825580387,259.8393770070656,500.8615320094987,198.0786412964696,181.05883955046528,194.86167131222768,365.9662247349231,2.034549115820822,185.9
16.14,6.8389,0.0439,0.0439,0.1416,213.14447010859467,259.4802244800283,500.23736592406055,197.6839835894415,180.28851954817043,194.6155689091196,365.4758076500632,2.034310038734012,185.9
16.15,6.8035,0.0428,0.0428,0.1416,212.50114073824972,258.6970408987388,499.2813491395049,196.87113279983407,178.5631229904443,194.0944343922452,364.31521929710726,2.0319510164046086,185.9
16.16,6.7485,0.0419,0.0419,0.1417,211.88928014502756,257.952167133077,497.7731297300897,196.08777885206504,177.1659571650553,193.55933810440055,363.34515645663447,2.032466729578094,185.9
16.17,6.6737,0.0409,0.0409,0.142,211.1522752304552,257.054943758815,495.6991902045488,195.1478841803391,175.61219482549365,192.89503310298105,362.232767480526,2.0342939303408065,185.9
16.18,6.5912,0.0402,0.0402,0.1418,210.53973458936787,256.3092421087957,493.3884180334742,194.35253125411333,174.5448162196787,192.30718015654583,361.4440204627641,2.038565570077849,185.9
16.19,6.3316,0.0395,0.0395,0.1419,209.30637951779445,254.8077663694889,485.935790044853,192.7541550787315,173.64607414449574,190.95188312271904,360.568705123253,2.060701275553872,185.9
16.2,6.1862,0.039,0.039,0.142,208.54872333340847,253.88540231893208,481.6917118654104,191.77250212003293,172.9592036379658,190.14565646795617,359.96642118316123,2.0730093436026378,185.9
16.21,6.0996,0.0386,0.0386,0.1422,208.0473955030544,253.27509017763143,479.1469397447624,191.11671411883825,172.37544697045684,189.63026093830527,359.5029329060759,2.079969965370788,185.9
16.22,6.076,0.037,0.037,0.1422,207.1206131249953,252.14683336955943,478.470419235932,189.9660972890752,169.67467820732315,188.8920415777483,357.5753859085725,2.0731006640311582,185.9
16.23,6.0564,0.0359,0.0359,0.1422,206.4664175505561,251.3504213658944,477.91214369658337,189.146043036453,167.79819638860175,188.3640875018013,356.2222208585152,2.068628209328684,185.9
16.24,5.9895,0.0348,0.0348,0.142,205.62410751339112,250.3250004510849,475.9259068180532,188.0887984664037,165.9438413148737,187.6100318379445,354.8101308027016,2.0690935863521887,185.9
16.25,5.8834,0.0349,0.0349,0.1416,205.31179642874545,249.94479565238572,472.7293082661789,187.65307173564983,166.2168479193449,187.20440134202315,354.9508433035952,2.081461653276942,185.9
16.26,5.7418,0.0348,0.0348,0.1416,204.73391298999533,249.24128537912475,468.4000111637322,186.89829344087732,166.17498242861114,186.53628855145988,354.80972074073134,2.0967667338949463,185.9
16.27,5.6042,0.0347,0.0347,0.1421,204.26254181310253,248.66744220725525,464.1326420585818,185.9901630557768,165.95650288873344,185.8732408357058,354.66851688760056,2.113259216270583,185.9
16.28,5.4744,0.0345,0.0345,0.1426,203.64041578751417,247.91007139349557,460.048628221251,185.1940129421611,165.72704453211836,185.1898547858588,354.3957388426231,2.1273837135923,185.9
16.29,5.4142,0.0341,0.0341,0.1434,203.18997116561545,247.3617040277057,458.15256862147527,184.6119680869212,165.07215699639374,184.74786842556583,353.88488433102856,2.1321542166130247,185.9
16.3,5.3848,0.0337,0.0337,0.1434,202.867845855667,246.9695514764642,457.2334156812482,184.1861811180172,164.383442173973,184.4538302652444,353.3830878798876,2.133268981177341,185.9
16.31,5.4052,0.0329,0.0329,0.1432,202.52683136235763,246.5544033976528,457.9173615868633,183.73954347293164,162.92211960195291,184.21804891889016,352.345623413403,2.125700831174514,185.9
16.32,5.4255,0.0318,0.0318,0.143,201.99792807931945,245.91052114004108,458.5966420661563,183.07084637083037,160.9046475126643,183.8293296305826,350.8555367192369,2.116024516287437,185.9
16.33,5.4666,0.031,0.031,0.1422,201.720108202194,245.5723056374536,459.9364749833253,182.7120827501675,159.40523043456145,183.67172031644293,349.76905877834486,2.10582596261708,185.9
16.34,5.5531,0.0207,0.0207,0.1398,194.89058070035665,237.2580982439124,462.7016856063723,175.0456838642608,139.47509678514652,178.0494118348818,331.96953657297166,2.0140160183192024,185.9
16.35,5.6238,0.0178,0.0178,0.1365,192.8090091106812,234.7240110912641,464.9394669739834,172.7444097483613,133.40424243461285,176.1833731343391,325.6001297252013,1.9795542194408624,185.9
16.36,5.7025,0.0177,0.0177,0.1349,193.03600090272053,235.00034892505107,467.42066430989615,173.05580519233737,133.2163068234466,176.4837664163896,325.4455502828491,1.970155977492051,185.9
16.37,5.6946,0.0176,0.0176,0.1354,192.9517808086499,234.89782011487813,467.2057439118815,172.9269612612477,133.0048015975301,176.39554460731534,325.25287640256624,1.9702120427842185,185.9
16.38,5.6042,0.0177,0.0177,0.136,192.73982776748352,234.6397903256321,464.4039275334608,172.56537873045465,133.19569888270473,176.10221953760524,325.5042751356932,1.9812766765434464,185.9
16.39,5.4744,0.0178,0.0178,0.1372,192.3711329158953,234.19094441935084,460.3209152730855,171.99227183006843,133.37984011188223,175.62085702994548,325.736571733937,1.9969876764214811,185.9
16.4,5.325,0.0189,0.0189,0.1396,192.74051763220973,234.640630160951,455.54843695105126,172.24447743751463,135.71147486291906,175.82505691073982,328.2691333813349,2.024950370518202,185.9
16.41,5.207,0.0201,0.0201,0.1426,193.25933803629437,235.2722376094018,451.7329338469919,172.71987895417104,138.2570671601685,176.18620151433026,330.9028151703565,2.0503584716517467,185.9
16.42,4.9868,0.0215,0.0215,0.1426,193.53941478864184,235.61320061225967,444.4054517742096,172.61235922528869,141.08809663548934,176.1044427976075,333.7567404096124,2.092020153067549,185.9
16.43,4.9269,0.0227,0.0227,0.144,194.18963279712705,236.4047703617199,442.40658653112587,173.31757903677675,143.593454653379,176.62242019135525,336.1433052597762,2.11045705654648,185.9
16.44,4.9376,0.0241,0.0241,0.1446,195.2667261041255,237.71601438763105,442.8019939967213,174.5596990325877,146.4483622342934,177.58743391026826,338.82632659185555,2.1211156561423183,185.9
16.45,4.9482,0.0256,0.0256,0.1444,196.3746453746972,239.06478567354443,443.1880911952328,175.84516798387835,149.4496335502938,178.56496962639682,341.55436018949143,2.132176676142868,185.9
16.46,4.9947,0.0278,0.0278,0.1424,198.0600311813901,241.11655969908355,444.7784986886549,177.8332174559635,153.72859508370846,180.06379076010194,345.31170171576065,2.14349568041055,185.9
16.47,5.3447,0.0319,0.0319,0.1396,202.17268119604736,246.12326406475333,456.3805402888526,182.7676596078616,161.15691148141914,183.9476442029102,351.7731254819664,2.1292344981872824,185.9
16.48,5.7497,0.0342,0.0342,0.1409,205.2225679416837,249.8361696681368,469.2644877764293,186.4602694760853,164.9422407739769,187.00146123312183,355.2177810548377,2.0971957554910885,185.9
16.49,6.1508,0.037,0.037,0.1422,208.24762759805915,253.5188509889416,481.48791535940063,190.4514305571801,169.6269594962333,190.09559776864575,359.1045429305251,2.0698498939015124,185.9
16.5,6.1001,0.0398,0.0398,0.1452,209.72532380312668,255.31778549945855,480.0217187592046,191.8555063441621,174.20913722626184,191.05445804973408,362.5596643546233,2.09315531603427,185.9
16.51,6.4361,0.042,0.042,0.1462,212.01324820530024,258.1030847716699,489.9437425657551,194.95872488397612,177.67670061734302,193.4295766380729,365.3053068229436,2.0696064916502577,185.9
16.52,6.772,0.0443,0.0443,0.1208,214.3478886372884,260.9452557323511,499.4028768036175,197.82445785326823,181.0251150896616,195.74891564539115,368.04090175630654,2.049654312637444,185.9
16.53,6.8979,0.0463,0.0463,0.1184,215.7875341771596,262.69786769393335,502.9337350711719,199.5499451153911,184.0396165016964,197.02263873301132,370.26684131786266,2.0482968847546936,185.9
16.54,6.8664,0.0486,0.0486,0.1179,216.82536478965872,263.96131365697585,502.085441262616,200.7382078671321,187.63973989857377,197.71995099058725,372.6522506965973,2.063016531118296,185.9
16.55,6.8851,0.0504,0.0504,0.1177,217.7623585661053,265.10200173265,502.6345214845851,201.83083462987776,190.36843626390527,198.4286955356922,374.4830407437754,2.0701971644401205,185.9
16.56,6.9038,0.0523,0.0523,0.1193,218.72504633027145,266.27396944554783,503.1927706990086,202.958049235232,193.21231699859,199.15028700701143,376.3539614888777,2.077588134557672,185.9
16.57,6.9411,0.054,0.054,0.1208,219.64169042082776,267.38988399057297,504.2644379320087,204.03695565923408,195.69852621482363,199.8682628406804,377.99504620135673,2.082078850449907,185.9
16.58,7.067,0.0554,0.0554,0.1228,220.7114573042391,268.6922088921172,507.7682960911551,205.3208307323195,197.5964766447337,200.84613784613467,379.363243349616,2.0768017351159687,185.9
16.59,7.2636,0.0573,0.0573,0.125,222.20847308324872,270.514662883955,513.1427497669581,207.1401108920828,200.10253263602252,202.24035941725344,381.1654396121117,2.067394590247264,185.9
16.6,7.5231,0.0588,0.0588,0.1278,223.6990740216365,272.329307504601,520.0922009340167,208.977805760949,201.91595614840483,203.7357928594668,382.6057483297425,2.0510537823753525,185.9
16.61,7.8377,0.06,0.06,0.1308,225.1811447610893,274.13356753523914,528.3148416754781,210.84210807465368,203.21559325041423,205.31954738916335,383.7867093204541,2.0295108649520643,185.9
16.62,8.1483,0.0609,0.0609,0.133,226.4694668056621,275.7019595895017,536.2337180581711,212.49494192318187,204.09455127029187,206.76171756332408,384.6994339190408,2.008056898897893,185.9
16.63,8.6634,0.0619,0.0619,0.1358,228.26322894173308,277.8856700160229,548.9438579376374,214.9004060644937,204.8763918831404,208.91196642785897,385.7484349675248,1.9723845540374376,185.9
16.64,8.8286,0.062,0.062,0.1384,228.7413778013672,278.4677642799253,552.9521392333186,215.5478709379473,204.82788166433264,209.5440732664917,385.9420195807337,1.9606473075906092,185.9
16.65,8.9466,0.0622,0.0622,0.1398,229.1402880833397,278.9533941884136,555.7946871586764,216.0703452340341,204.9721531030643,210.03628978317852,386.2002734489423,1.9529818761684208,185.9
16.66,8.9859,0.0623,0.0623,0.1414,229.3103844179116,279.1604679870228,556.7638064915197,216.2655644375753,205.0661838058092,210.23201251980444,386.3521482689485,1.9506868176991967,185.9
16.67,8.9937,0.0623,0.0623,0.143,229.36454903074292,279.2264075156871,556.9884268019674,216.3011751372192,205.0577482052824,210.29335840197984,386.413287845967,1.9502721573159123,185.9
16.68,8.9544,0.062,0.062,0.1458,229.1811866774848,279.0031837812859,556.1066359375741,216.02441811133923,204.689451611137,210.1116284727408,386.21696328394654,1.9520384361643228,185.9
16.69,8.8876,0.0617,0.0617,0.1468,228.9319878213567,278.6998112607821,554.5610384716232,215.6487803265302,204.3505324928581,209.83567257963924,386.01064842835393,1.9558456302709375,185.9
16.7,8.8168,0.0609,0.0609,0.1472,228.4535906988896,278.11741476386555,552.9095778180726,215.0066570479552,203.32589509488736,209.40209375034405,385.39189056801234,1.9579464276036516,185.9
16.71,8.7421,0.0603,0.0603,0.1474,228.04938410310996,277.6253371690034,551.154999703961,214.4468126098184,202.5768823781951,209.00866142719008,384.9302169857841,1.9611752629640475,185.9
16.72,8.7244,0.0602,0.0602,0.1473,227.99838912462943,277.56325632563585,550.7620265626629,214.3401719269172,202.45768915480184,208.9536383841105,384.8996530135819,1.9622528008207527,185.9
16.73,8.7175,0.0601,0.0601,0.1472,227.97313326019588,277.53251005589067,550.6282622680855,214.2720206585909,202.326741318946,208.93573126031836,384.872437448053,1.9625270524378156,185.9
16.74,8.7106,0.0598,0.0598,0.1472,227.8598968637636,277.3946570515383,550.4948605800839,214.10280584922197,201.91782437929885,208.85984896479292,384.6780402235655,1.9619693364237047,185.9
16.75,8.7106,0.0593,0.0593,0.1471,227.6741405900258,277.1685189791619,550.5269267324917,213.8562687804045,201.2223699034769,208.7489993447654,384.3164451006494,1.96005841888928,185.9
16.76,8.6831,0.0592,0.0592,0.147,227.59900341540197,277.0770476361415,549.8965891977482,213.7137428794604,201.1125393745685,208.6593605977049,384.2811630406068,1.9618680724999231,185.9
16.77,8.6045,0.059,0.059,0.147,227.35524118774364,276.7802936198619,548.0285764258434,213.3354558965997,200.91722224177065,208.36233869531333,384.14426289884256,1.9671112715356691,185.9
16.78,8.5297,0.0589,0.0589,0.1471,227.1622038032904,276.5452915866144,546.2427401769089,213.01956355506164,200.8577138188849,208.1057199758416,384.09266940583575,1.9725385297731453,185.9
16.79,8.4826,0.0588,0.0588,0.1473,227.035838910276,276.3914560646838,545.1256500184759,212.80323210594088,200.76857135092644,207.94496485687603,384.0499814185507,1.9758883851050688,185.9
16.8,8.4,0.0588,0.0588,0.148,226.8627451826273,276.18073326580713,543.1343029991597,212.5061783854396,200.85823640599045,207.6865339842752,384.0800263822936,1.98241754711884,185.9
16.81,8.3715,0.0588,0.0588,0.1474,226.82454077152929,276.1342235479487,542.4610960695185,212.40671754028045,200.8895952038284,207.61925960160403,384.1281932695799,1.9848126152622192,185.9
16.82,8.3709,0.0588,0.0588,0.1474,226.8578408096452,276.17476272478547,542.4782340422319,212.41105348889332,200.8902815592714,207.6514446341529,384.1857901241306,1.9850330183545173,185.9
16.83,8.3756,0.0588,0.0588,0.1474,226.9047004390772,276.23180923018094,542.6260847515737,212.4350597949061,200.88517019111413,207.7025454585479,384.24516108927816,1.9848412676695075,185.9
16.84,8.3803,0.0588,0.0588,0.1474,226.95154043634057,276.28883183554507,542.77389195359,212.4590593812892,200.8800694736578,207.75362904741235,384.30450600756336,1.9846496184986933,185.9
16.85,8.5062,0.0587,0.0587,0.1482,227.26012122505483,276.6644954044146,545.8996507804058,212.8797651548099,200.60421818090504,208.2051578178692,384.3195949061727,1.9746821764227056,185.9
16.86,8.6359,0.0584,0.0584,0.148,227.4792228521072,276.9312278199566,549.084794405547,213.20556698296187,200.0482545373276,208.60503613771075,384.1643559388004,1.9637459511744315,185.9
16.87,8.7224,0.0584,0.0584,0.1466,227.72040061402777,277.2248355301208,551.1977420358899,213.52320671804472,199.96007284984336,208.939074254388,384.25032882452433,1.957458666718248,185.9
16.88,8.7421,0.0571,0.0571,0.1459,227.21306615456095,276.60721097076987,551.700376732992,212.9305575527545,198.11770549912487,208.6511726415036,383.1912945385464,1.9506330419439013,185.9
16.89,8.7067,0.0545,0.0545,0.1452,225.95905732670096,275.0805915281577,550.877675641564,211.444159663957,194.46671647461795,207.75844729222516,380.92240579378927,1.9420876884675131,185.9
16.9,8.6556,0.0542,0.0542,0.1452,225.733342703968,274.8058085091784,549.6767041497901,211.1077109455269,194.08656163652253,207.5214825287813,380.6895872830989,1.9447397187945223,185.9
16.91,8.5651,0.0544,0.0544,0.1453,225.64873918030952,274.7028129151594,547.5140667408637,210.8938872248729,194.4592974395863,207.30507095857868,380.8992917538513,1.9526212604767523,185.9
16.92,8.4275,0.0547,0.0547,0.1454,225.49027989543052,274.5099059596546,544.1810155415432,210.55618508989036,195.02261026863235,206.9506012212117,381.1830400980313,1.9646452185548664,185.9
16.93,8.2663,0.0553,0.0553,0.1466,225.39792165173515,274.39746983689497,540.2324307983235,210.280705737872,196.04304901197835,206.5967335329257,381.7265221001264,1.9800168790965085,185.9
16.94,8.0815,0.0559,0.0559,0.1476,225.2222433438302,274.183600592489,535.6395171913337,209.90149021626192,197.09381673238784,206.14356134133075,382.2555703278284,1.9975410359715429,185.9
16.95,7.8613,0.0573,0.0573,0.1478,225.27400620682977,274.2466162517928,530.0692976828017,209.77830834191627,199.33373866019588,205.7808814739606,383.46563450540015,2.021838671700765,185.9
16.96,7.6175,0.0572,0.0572,0.1482,224.5549569350148,273.3712519208876,523.7851059928406,208.76146610321385,199.47192366648,204.85335157683804,383.3464015384317,2.0421637910398625,185.9
16.97,7.0591,0.0571,0.0571,0.1482,222.9072288900344,271.3653221269984,508.8610747980357,206.16769149368065,199.74429411828785,202.62362291492215,383.1004839999591,2.093201742892627,185.9
16.98,6.717,0.0565,0.0565,0.1486,221.49118634687136,269.64144424836513,499.3678627175691,204.3470570511656,199.3115308469992,201.03597059369275,382.4911453732343,2.123455932455339,185.9
16.99,6.3198,0.0554,0.0554,0.1492,219.55786919225287,267.2878407557862,487.95823778814986,201.9383325561218,198.2345647837062,198.98675647454075,381.39953072531625,2.1589542347010027,185.9
17.0,5.8087,0.0512,0.0512,0.1492,215.67825040049283,262.564826574513,472.5916269230498,197.20989436087564,192.6410589016577,195.33469929946557,377.3311086882747,2.1953497070996177,197.8
17.01,5.3093,0.0477,0.0477,0.1484,211.87712656572572,257.9373714713183,456.74326033012585,192.6481295940416,187.90731663183084,191.7237936927935,373.6806517889581,2.2378259729364887,197.8
17.02,4.8256,0.0446,0.0446,0.1481,208.03678399299767,253.2621718175624,440.4941582648689,188.12018441780376,183.62865223333304,188.0835281359944,370.22380024448,2.2853189872780693,197.8
17.03,4.4206,0.0423,0.0423,0.1481,204.708722932346,249.2106192219864,426.1037224966476,184.2690225583646,180.43102751362923,184.94008002768496,367.500445698463,2.331396553368382,197.8
17.04,3.992,0.0401,0.0401,0.1481,201.00074810902703,244.6965629153373,409.9586326963493,180.071625578306,177.3678034882642,181.4674718348404,364.7364276550213,2.387400876741371,197.8
17.05,3.6459,0.0381,0.0381,0.1481,197.6526767488641,240.62064995513896,396.1282762627207,176.31544632933745,174.442224967482,178.38316241951716,362.1292676901865,2.436794462014091,197.8
17.06,3.3432,0.0361,0.0361,0.1482,194.3889419691509,236.6474076146185,383.3572213535104,172.66681754445747,171.3614869394402,175.41247236511788,359.4224389677062,2.483250474793452,197.8
17.07,3.1348,0.0345,0.0345,0.149,191.90695517143263,233.62585846957015,374.15905633396005,169.87699830980154,168.76568259201426,173.16971550337544,357.19327313299726,2.516829770346318,197.8
17.08,2.946,0.0332,0.0332,0.1531,189.6270877286328,230.85036766963992,365.529126107616,167.34365008625184,166.64899554312834,171.10922557638474,355.30347802792846,2.5506269943802944,197.8
17.09,2.7691,0.0315,0.0315,0.1553,187.148466444344,227.83291567137528,357.11547024951886,164.5330013824741,163.66654598982706,168.8793919075202,352.7744920481289,2.581320975513265,197.8
17.1,2.7827,0.0312,0.0312,0.1577,187.16662700247647,227.85502417692788,357.82107777224724,164.45878921376433,163.02843006990804,168.891865555072,352.4008277353648,2.5757886835174464,197.8
17.11,2.7963,0.0304,0.0304,0.1597,186.9293834723061,227.5662059662857,358.5207651864931,164.03162803288413,161.37947713203943,168.67390323399556,351.2774678490072,2.566482465645209,197.8
17.12,2.8885,0.028,0.028,0.1587,186.5588945760791,227.11517600566157,362.9527647428071,163.15695199900432,156.2746472619776,168.33824941220195,347.6768117136476,2.52544417822212,197.8
17.13,3.0954,0.0276,0.0276,0.1747,188.21381841363197,229.12986589485627,372.7359554181338,164.7341082489604,155.10761257145435,169.84823562277077,347.2560757319765,2.474233028425835,197.8
17.14,3.7207,0.0276,0.0276,0.2172,193.04178440422936,235.00738970949664,399.958330191252,169.78222890984622,154.3182734644732,174.4368495145539,347.7805543302113,2.3484756314317723,197.8
17.15,4.3852,0.0277,0.0277,0.1555,197.1326695333669,239.9875976927945,425.1555701912405,174.3273331623588,153.93451503909873,178.6962936210184,348.41887204588687,2.2422429861486584,197.8
17.16,4.7194,0.028,0.028,0.1547,199.11529115374748,242.4012240132578,437.1891717023796,176.62884329867384,154.2809831397086,180.7871015041879,349.148302121538,2.1963349430718027,197.8
17.17,4.743,0.0285,0.0285,0.155,199.5776052445673,242.96404116729937,438.04496613377376,177.14885248695694,155.225670061268,181.21232745550097,350.0171022477414,2.197020003338536,197.8
17.18,4.6211,0.0285,0.0285,0.1553,198.9852434533399,242.2429050736312,433.7652120347857,176.41266848711606,155.31057245735943,180.56339735724455,350.00122330587084,2.214353920914929,197.8
17.19,4.4756,0.029,0.029,0.1601,198.5523019172123,241.7158458122585,428.5914782152782,175.88799604768164,156.38179212462805,180.02222816760414,350.7620432877766,2.2393000973760584,197.8
17.2,4.4748,0.0295,0.0295,0.1589,198.87785946959,242.11217674558785,428.57837616276777,176.25095170443717,157.33991218695436,180.30233920740463,351.59366341262995,2.243373196547392,197.8
17.21,4.482,0.0299,0.0299,0.1573,199.18403472777104,242.4849118425039,428.8528739877302,176.58763279794712,158.09537084243598,180.57497371208024,352.265784086798,2.245498737860748,197.8
17.22,4.4892,0.0305,0.0305,0.1565,199.6063633446809,242.99905102830724,429.13295459409466,177.06682120600743,159.22495863950627,180.9440280232021,353.2329196562916,2.249023354083468,197.8
17.23,4.5268,0.0318,0.0318,0.1561,200.59266318890133,244.19976388214076,430.5148270683863,178.2259382998548,161.62472721758735,181.8195293931337,355.228917072219,2.2529529866487654,197.8
17.24,4.6565,0.0331,0.0331,0.1547,202.0539980364055,245.9787802182328,435.16903687971234,179.92925921750262,163.89192239952652,183.19832081677015,357.2111140901079,2.2434066523957985,197.8
17.25,4.8295,0.0352,0.0352,0.1502,204.13627216688664,248.51372263794892,441.22978820456416,182.3825830317825,167.49917983279542,185.13568881200723,360.2291222528513,2.233437584050603,197.8
17.26,5.0615,0.0354,0.0354,0.1492,205.42941004445063,250.08797744541823,449.17983671948906,183.8672452368478,167.6174824906055,186.5085065344168,360.67261287110136,2.2038486058259634,197.8
17.27,5.266,0.036,0.036,0.15,206.74975309553145,251.69535159456,456.0195069848089,185.413862342328,168.47180909300857,187.86740801602863,361.6204649475032,2.181651040326075,197.8
17.28,5.3918,0.0359,0.0359,0.1508,207.29368272712247,252.35752679823605,460.15897028585846,186.03983765048363,168.18100724823864,188.4939801788456,361.6058346797059,2.165613261294386,197.8
17.29,5.4036,0.0358,0.0358,0.1523,207.32349915539248,252.39382505873868,460.5773627036007,186.04231579748176,167.99513779896097,188.53999973919437,361.533493515336,2.163694414848345,197.8
17.3,5.3604,0.0356,0.0356,0.1528,207.05342525466173,252.06503944045775,459.2047485031599,185.6794809511282,167.68373608819584,188.2649122022058,361.30167794325865,2.167898242501092,197.8
17.31,5.2503,0.0341,0.0341,0.1532,205.75080664979484,250.4792428780111,455.6280502694689,184.0770847817209,165.13924133331506,187.0637061965475,359.28273272443926,2.17209047157412,197.8
17.32,4.8925,0.0343,0.0343,0.1559,204.18795456337395,248.57664033802047,443.62325518348536,182.17523338468757,165.8148877247187,185.2917093976541,359.42074063291085,2.2201831250102253,197.8
17.33,4.6605,0.0337,0.0337,0.1589,202.69041359713347,246.75354698781464,435.56509301320926,180.38238916366385,164.95975374752902,183.7601712811699,358.5205710386963,2.24855735342027,197.8
17.34,4.4285,0.0334,0.0334,0.1599,201.27845284868803,245.03463825057676,427.2410584861855,178.72691546917844,164.65235987432172,182.30785661034517,358.02101202805164,2.280712578702303,197.8
17.35,4.1847,0.0326,0.0326,0.1597,199.43466513020832,242.79002711503625,418.1876596346303,176.57990456238326,163.4417350807082,180.49276681401395,356.79694541760506,2.313282896500466,197.8
17.36,3.9723,0.0261,0.0261,0.1603,194.34121081570987,236.5893001234729,410.04018842037937,170.36915775241067,151.02421240843876,175.89595865127058,346.5468948695494,2.299275716289069,197.8
17.37,3.7993,0.0248,0.0248,0.1615,192.4376081242372,234.27187075994092,403.2132148795372,168.1074017901611,148.4810664604537,174.05999979124627,344.1895135694476,2.3182753102255718,197.8
17.38,3.756,0.0245,0.0245,0.1609,191.986816784378,233.72308130272108,401.4844891948253,167.54890570643892,147.88483539955507,173.62526783745597,343.6662690086064,2.323581581167724,197.8
17.39,3.7583,0.0244,0.0244,0.1619,191.96704097833668,233.69900640840987,401.6085519896612,167.4870438221208,147.6721658475034,173.60939767180722,343.5351371364043,2.3224737351141966,197.8
17.4,3.7605,0.0253,0.0253,0.1643,192.59359740943117,234.46177075930748,401.7398554287422,168.22914585192896,149.5401868984209,174.174624405307,345.2082771535023,2.329891266986857,197.8
17.41,3.7718,0.0262,0.0262,0.1751,193.277971619148,235.2949219711367,402.3066815244546,169.03554641993406,151.375397261447,174.78408891255648,346.8386382433095,2.335202977057349,197.8
17.42,4.0234,0.0276,0.0276,0.1847,195.7952542194948,238.35943991938493,412.36135365817546,171.9172701254497,153.97636885469188,177.209126630124,349.41143030306887,2.303167764511088,197.8
17.43,4.4442,0.0284,0.0284,0.209,198.7918944761376,242.0075237100806,428.3926731983831,175.34759804563672,155.20848713767683,180.2213325549244,351.02096123468687,2.242705365432461,197.8
17.44,5.1284,0.0283,0.0283,0.14,202.0923454757928,246.0254640574869,451.8277025843086,179.2961316583714,154.6033939310003,183.9515328612624,351.2829875234115,2.1497188339284614,197.8
17.45,5.8205,0.0289,0.0289,0.1172,205.35044845480357,249.99185029280437,473.982924091582,183.43438438703615,155.4094306999312,187.6919974325688,352.6236408764005,2.0721448072293382,197.8
17.46,6.1783,0.0289,0.0289,0.1129,206.66832261221592,251.59621883226288,484.8673079236188,185.2128456802472,155.28156332795746,189.34148433462124,352.830482074931,2.033672292270079,197.8
17.47,6.2019,0.029,0.029,0.1128,206.8463827921303,251.81298774694127,485.5983381675217,185.4052648372929,155.45629490550974,189.52995075611287,353.0500548605754,2.0320918875563465,197.8
17.48,6.1665,0.0292,0.0292,0.1133,206.88756592739625,251.8631237376998,484.57194559976085,185.38559866249997,155.83132467535663,189.51199117498737,353.4018300357528,2.0373898230516536,197.8
17.49,6.08,0.0293,0.0293,0.1139,206.6814854797075,251.61224319268743,482.00454158534336,185.04080288466656,156.04396327003496,189.210623986458,353.5731309867126,2.0474321043861887,197.8
17.5,5.9384,0.0293,0.0293,0.1163,206.20321228860715,251.02999756873916,477.7430645798081,184.34374025117745,156.09787014828456,188.59962005051293,353.5626059970284,2.0628762909571723,197.8
17.51,5.789,0.0292,0.0292,0.1169,205.61014038212733,250.3079969869376,473.1642332842606,183.51708686861704,155.9756811589285,187.88541112413952,353.3899441478215,2.07892024141068,197.8
17.52,5.5688,0.0291,0.0291,0.15,204.73821672717276,249.24652471134075,466.4719145753636,182.33478510950997,155.88404739101497,186.8155809479617,353.1820375556807,2.1029184754891554,197.8
17.53,5.3486,0.0286,0.0286,0.1539,203.53733636916013,247.7845834059341,459.428012339382,180.78759686582887,155.05664602247674,185.4958311607172,352.33285369661064,2.1257267436661347,197.8
17.54,5.3643,0.0289,0.0289,0.1559,203.82867234125345,248.1392532850042,459.9787565301776,181.1008764069449,155.60811348306558,185.7643832614889,352.86969138179944,2.126144449908753,197.8
17.55,5.3447,0.0284,0.0284,0.1559,203.4542232100223,247.6834021687228,459.36565487157634,180.62587427689127,154.68450228427335,185.4271164804825,352.1112360438939,2.125044535549176,197.8
17.56,5.3132,0.0267,0.0267,0.1583,202.2322592222685,246.1957938358052,458.37714846374246,179.17087458176368,151.48431737608163,184.3517902975849,349.3321497046411,2.1161877324938376,197.8
17.57,5.2739,0.0252,0.0252,0.1589,201.06979604912792,244.78062127719923,457.1164380372205,177.7848777740086,148.605980709623,183.30217148726263,346.7471158068413,2.109401861840131,197.8
17.58,5.2346,0.0242,0.0242,0.1553,200.22459027861308,243.75167512178984,455.8219086479305,176.7633079236772,146.65685236519784,182.5193731591067,344.95724062866947,2.106415114231788,197.8
17.59,5.207,0.0238,0.0238,0.1542,199.84875936119047,243.29414183101449,454.9260660726136,176.28516640578673,145.8713006198549,182.1571509385069,344.2466837874598,2.1067456671089797,197.8
17.6,5.2149,0.0234,0.0234,0.1543,199.6225265074575,243.01872792212225,455.2143265815227,176.0046113666952,145.0757637748434,181.9695338904107,343.5422392560616,2.102591822926404,197.8
17.61,5.1677,0.0234,0.0234,0.1544,199.44978464533463,242.80843348127695,453.6714985698408,175.74202664016482,145.08260776016854,181.760140785248,343.5684961331041,2.108669803229665,197.8
17.62,4.9908,0.0233,0.0233,0.1545,198.6247609187211,241.80405677061705,447.7369419412241,174.64738916162804,144.9087569910525,180.81502249817092,343.3380831106021,2.1306523483471387,197.8
17.63,4.7076,0.0211,0.0211,0.1587,195.70322987009027,238.24741027663163,437.9722113426086,171.097306663921,140.4184028954691,177.85846728700497,338.84183602259185,2.1493549790527577,197.8
17.64,4.4206,0.0194,0.0194,0.1557,192.9748774794863,234.92593780111375,427.6466677004873,167.7758097391248,136.78049290257462,175.05771993717286,335.0539037116842,2.1745262410351613,197.8
17.65,4.0981,0.0173,0.0173,0.141,189.5363045080624,230.7398489663369,415.44669093204817,163.6311284885182,132.04157437866257,171.54677830892138,329.96302107153,2.203173591197943,197.8
17.66,3.7207,0.0161,0.0161,0.1375,186.2902533363666,226.7881344964463,400.49373290467,159.72445599514202,129.1332820148077,168.19680247131305,326.70696156389465,2.253545984975674,197.8
17.67,3.2213,0.0152,0.0152,0.1388,182.1190888302307,221.71019509767217,379.23745561052897,154.82125007372514,126.785335136667,163.98309932046064,323.9736579902821,2.338463564219751,197.8
17.68,2.6747,0.0144,0.0144,0.1401,176.95939087874842,215.4288236784764,353.50218236350514,148.9559340906329,124.59590620147564,158.96063519384046,321.3081391330549,2.45381216124749,197.8
17.69,2.2343,0.0136,0.0136,0.1434,171.92069244969235,209.29475602571245,330.336407322693,143.33842103253812,122.36138299583072,154.186469363958,318.5507282069406,2.567165316833251,197.8
17.7,1.7467,0.0135,0.0135,0.1982,166.04826801188025,202.1457175796803,301.8165154182118,137.028921343503,122.16282947333538,148.74813592350807,317.7113992510759,2.737525939602373,197.8
17.71,1.4203,0.0135,0.0135,0.2397,161.0983861403937,196.11977443178364,280.0486371818746,132.33694602854288,122.85453781366122,144.40526183761622,317.27076366795905,2.8827075506340805,197.8
17.72,1.4518,0.0125,0.0125,0.2872,161.13731083435113,196.16716101573184,283.02639105868724,131.62539636093334,119.4182536042997,143.96232291402498,314.2081805503271,2.849060760206698,197.8
17.73,1.3456,0.012,0.012,0.2965,158.89819436158982,193.44128009237025,275.40134993454905,129.4436720312315,118.20106548026249,141.9367300923517,312.4140851384004,2.893878462626962,197.8
17.74,1.208,0.0118,0.0118,0.3418,156.35934687008066,190.35050923314168,265.50427426492195,127.0353366749196,118.03388012035458,139.57600809900478,311.5279206975208,2.963641976103676,197.8
17.75,1.1372,0.0123,0.0123,0.3551,155.40577941715176,189.18964450783693,260.0122260879034,126.4620039123868,120.08378069578298,138.86653437506706,313.1178289039848,3.014389110677737,197.8
17.76,1.092,0.0127,0.0127,0.3875,154.92484505734092,188.60415920024116,256.811396144691,126.23852882537815,121.66734728821272,138.44674037243408,314.3736633690342,3.046609661402451,197.8
17.77,1.0901,0.0136,0.0136,0.4293,155.71731219489138,189.5689018024765,257.3667045104519,127.4549822460717,124.62788720850344,139.22262251596808,317.2254218941765,3.056166871077105,197.8
17.78,1.09,0.0149,0.0149,0.4594,156.72783640944698,190.7991051941094,257.8752302249723,129.07006617208762,128.78150217375443,140.30163346312818,321.0581218642576,3.07099847051406,197.8
17.79,1.1097,0.0154,0.0154,0.468,157.5178673283583,191.76088196495795,259.6651147466338,130.02405331318678,130.19137492891042,141.0719146824234,322.5273032465713,3.063813105599633,197.8
17.8,1.1293,0.016,0.016,0.4277,158.15403651788375,192.53534880438025,260.6280905741105,130.88704964093165,131.95512150151706,141.8995719775674,324.2219420041596,3.064454083099478,197.8
17.81,1.2748,0.016,0.016,0.4247,161.07587437360087,196.09236880264456,272.1066928679673,133.38054631253397,130.9588543003067,144.420221608885,324.55895470637654,2.977433609382149,197.8
17.82,1.499,0.0157,0.0157,0.422,164.9478040556958,200.8060223286732,288.420974104286,136.40119902302175,128.88561426730806,147.6200233908443,324.1957299226865,2.8607275148670177,197.8
17.83,1.8764,0.0154,0.0154,0.4184,170.16381748832495,207.15595172491732,312.9362873680752,141.46696506483335,127.41760876314652,152.2512887069196,323.9674273052557,2.6985240888892745,197.8
17.84,2.1714,0.0148,0.0148,0.406,173.1874533945652,210.8368997846881,330.03253931686265,144.50140190214017,125.646176074992,154.9986264919846,322.6922611644839,2.590096453004732,197.8
17.85,2.4388,0.0143,0.0143,0.3691,175.5087183751277,213.662787587112,344.1152967264407,146.87289017362687,124.27586410758953,157.1880441748755,321.5755446205577,2.5065417383026967,197.8
17.86,2.5449,0.0143,0.0143,0.3505,176.52074202883236,214.8948163829264,349.4248626349726,147.94490948967518,124.28811229421312,158.1795524462608,321.72248282740355,2.478948766108141,197.8
17.87,2.5685,0.013,0.013,0.352,175.61689931009963,213.794486116643,350.66081952757827,146.74192867303276,120.7596056086867,157.1663636142836,317.82754392243544,2.455153217097004,197.8
17.88,2.368,0.0119,0.0119,0.3535,172.6919588250179,210.2336890043696,340.26888402250785,143.32964833723776,117.54232699780066,154.22591457897929,314.05106182251745,2.493951541785945,197.8
17.89,2.0927,0.0098,0.0098,0.3592,167.73295866058592,204.1966453259307,325.13329196304727,137.48564882641597,110.9553364303108,149.10666830213748,305.986871313486,2.543387235407424,197.8
17.9,1.9,0.0083,0.0083,0.3715,163.91623584142974,199.55020015478405,313.92335268164885,132.94359389209933,105.7609751238592,145.05575565899483,299.2777987684355,2.580610512367383,197.8
17.91,1.731,0.0076,0.0076,0.4182,161.13710513354005,196.1669105973531,303.98893690417697,129.65992812293112,103.0286382800058,142.1021673329336,295.7073395098669,2.626686696556107,197.8
17.92,1.5579,0.0075,0.0075,0.4245,158.7347736800592,193.24233317572424,292.66929944847146,126.88723935593742,102.3490742317801,139.8303911408314,295.01019719279765,2.697338227911662,197.8
17.93,1.3613,0.0075,0.0075,0.4489,155.93228051160443,189.83060236195325,279.1347455776386,123.64246733125776,102.01889093563868,137.1616124533057,294.7574504424404,2.791013383647365,197.8
17.94,1.1726,0.0079,0.0079,0.4909,153.214961572056,186.52256191380727,265.3546212964532,121.19462750565862,103.69015881188714,134.8469393687068,296.4695290310083,2.8994385065561024,197.8
17.95,1.0782,0.0084,0.0084,0.5404,152.1019861546385,185.16763531869037,258.48494103927334,120.45368984493264,105.8629778978364,133.92807445236474,298.7007714201596,2.9631388542365817,197.8
17.96,1.0566,0.0089,0.0089,0.5631,152.26129552541894,185.3615771613796,257.072748699705,120.91313064921496,107.87960846901652,134.20153436122237,300.9517664919092,2.9849862071748205,197.8
17.97,1.035,0.01,0.01,0.5709,152.86292630873044,186.09399724541095,255.39468238093184,122.16585941623528,112.15057406982488,135.12434407997046,305.54204251131387,3.020224738723904,197.8
17.98,1.0428,0.0111,0.0111,0.5671,153.94293416931652,187.40878942351577,256.00532196485284,123.83549735889436,116.13532467602292,136.46840339849476,309.77632348536423,3.0353601763789766,197.8
17.99,1.0106,0.0122,0.0122,0.5815,154.1939968057115,187.71443089390965,253.51966494545775,124.7016611882012,120.17749421144262,136.94424016919115,313.57635277248806,3.0745730960050874,197.8
18.0,1.0076,0.0138,0.0138,0.5958,155.34126867645492,189.11110969307555,253.52158021976769,126.65702939762907,125.5854786066831,138.31428577158,318.6781687014952,3.099598217761096,188.2
18.01,1.0095,0.0158,0.0158,0.616,156.76921589434343,190.84948021920076,254.04526330841568,129.02959604047984,131.9490385633312,139.9363313265523,324.3848276160898,3.1234962463926967,188.2
18.02,1.0114,0.0183,0.0183,0.6176,158.27061072908188,192.67726523540404,254.24932081458076,131.6462850905658,139.49065476199962,141.7131001409053,330.6897912023258,3.153398302346133,188.2
18.03,1.1372,0.0184,0.0184,0.6146,161.02385710920055,196.02904343728764,264.63316854148184,134.09423831223947,138.64370075123426,144.2132023970951,331.2578539480245,3.070966983275504,188.2
18.04,1.3456,0.0183,0.0183,0.5867,164.94853950575094,200.80691765917507,280.17365625642594,137.30754556736966,136.8914049550261,147.70626641779992,331.4822043385367,2.9555456197035745,188.2
18.05,1.5973,0.0181,0.0181,0.5081,168.94855938081758,205.67650707229967,296.6611354277294,140.4037610519959,135.03985080623505,151.2841616236681,331.47575109724,2.843713556717443,188.2
18.06,1.8843,0.0171,0.0171,0.392,172.01754050801298,209.41265800975492,313.4935483495642,143.13885863326695,131.90410208024835,154.22175482889273,329.4844704373001,2.7244431999929186,188.2
18.07,2.2775,0.0173,0.0173,0.3336,176.69555251064085,215.1076291433889,335.5224509120412,148.05886402741694,132.127229951476,158.66605490498273,330.4923060659392,2.5978257372404645,188.2
18.08,2.6983,0.0175,0.0175,0.2772,180.94701444214263,220.28332192956495,356.8260536936039,152.5961049227652,132.4567219871464,162.76766642779208,331.4484338768546,2.4866472882642703,188.2
18.09,3.0876,0.0178,0.0178,0.2766,184.5140899638231,224.6258486516108,375.3281180415303,156.5085842779241,133.11107784025808,166.21722727869977,332.5596150324012,2.398901786043218,188.2
18.1,3.3471,0.0186,0.0186,0.2604,187.1003352748794,227.77432120420104,386.7572480819155,159.44253846861963,134.9693890286153,168.80073457916083,334.7122952173005,2.354315130579313,188.2
18.11,3.5122,0.0204,0.0204,0.2546,189.6394640976607,230.8654345536739,393.80072411288273,162.3996685663835,139.0366136038116,171.30966524976867,338.9240063497697,2.340944420087709,188.2
18.12,3.5673,0.0207,0.0207,0.2544,190.2652452193585,231.62725504965383,396.13595067388,163.0964778988952,139.68821218049646,171.92864747958373,339.6543933998473,2.333688510588092,188.2
18.13,3.5712,0.0206,0.0206,0.2541,190.24649658714748,231.60443062783173,396.318145775164,163.03872504310874,139.46426935389894,171.91296580543394,339.4907638232057,2.332189617530878,188.2
18.14,3.5602,0.0206,0.0206,0.2544,190.19929418808184,231.54696683766485,395.8820579958162,162.95388486401166,139.46557307415853,171.86295703796375,339.5303781218539,2.334436839263984,188.2
18.15,3.5588,0.0198,0.0198,0.254,189.62698597812428,230.85024379945563,395.8416665531305,162.22986406957168,137.67807011967787,171.31541891303652,337.8326842400073,2.326974644010261,188.2
18.16,3.5591,0.0198,0.0198,0.2497,189.65067621889315,230.8790840925656,395.8397909218928,162.2259692449721,137.6769563798817,171.34373357137,337.87997714356254,2.3272755065275263,188.2
18.17,3.5594,0.0198,0.0198,0.2379,189.66412028887945,230.89545078646196,395.7750355626365,162.21034072104203,137.67606338151444,171.37203828797382,337.9272507252391,2.327857778267605,188.2
18.18,3.5712,0.0198,0.0198,0.2194,189.74684526695796,230.99615945542703,396.1358877335288,162.27408930941394,137.6736559002891,171.47995980203652,337.9825718671344,2.326535484910114,188.2
18.19,3.5476,0.0216,0.0216,0.2127,190.908223299891,232.41001097378037,395.1111980340452,163.66107301823934,141.6654125228324,172.58441061744915,341.858145461909,2.3490115905236544,188.2
18.2,3.4887,0.0254,0.0254,0.2101,193.03337902706147,234.9971570764227,392.6216029283383,166.29987357598282,149.77165827671078,174.5269219819409,349.1418514268838,2.39476911593498,188.2
18.21,3.41,0.0271,0.0271,0.2101,193.5123450527676,235.58024615119533,389.27636727604846,166.96564889373946,153.31791087987304,174.91903375583328,352.0842207898557,2.4246636479468298,188.2
18.22,3.3649,0.0278,0.0278,0.2102,193.6063085880701,235.69463654199845,387.34760457153305,167.1157003690294,154.7732273658229,174.9806316847907,353.26768401823284,2.439623592359254,188.2
18.23,3.3445,0.0277,0.0277,0.212,193.42123726618277,235.46933232404857,386.4966548209693,166.8745136609791,154.58851941307748,174.80185238655628,353.13535764865094,2.443119364932461,188.2
18.24,3.3399,0.0276,0.0276,0.2142,193.35909282840916,235.39367822588935,386.3362173449826,166.7647847687629,154.38714238122395,174.74139540069166,353.0147458019351,2.4433768656941552,188.2
18.25,3.3926,0.0249,0.0249,0.218,192.16160006807684,233.93586095244137,388.6783388120352,165.14035840920857,148.78769859734663,173.6721373338537,348.41040629519887,2.4101847857955123,188.2
18.26,3.4454,0.0235,0.0235,0.2116,191.6689922644918,233.3361644959031,390.9154403923711,164.43534589665978,145.79622112853087,173.25117154238237,345.8866869708992,2.3877914383423087,188.2
18.27,3.5712,0.0222,0.0222,0.1631,191.64675879869785,233.30909766798,395.8575836042831,164.28043211981756,142.9491028153257,173.35392410331556,343.47593896868585,2.3536901904958936,188.2
18.28,3.5712,0.022,0.022,0.1502,191.517806808116,233.15211263596728,395.77074116662845,164.091125890236,142.5155175929892,173.2501134310491,343.11958283778665,2.3525083333223797,188.2
18.29,3.5083,0.022,0.022,0.1473,191.0992153199832,232.6425229982404,393.1124021588081,163.58877227137208,142.53812947206114,172.8336269559388,343.1219387601738,2.3648422274111294,188.2
18.3,3.3746,0.0219,0.0219,0.1459,190.0837646726007,231.40632221012257,387.37830662458754,162.41673568732006,142.37437982312596,171.83043874237626,342.8676107363967,2.390532877127421,188.2
18.31,3.1466,0.0209,0.0209,0.1502,187.66571638719844,228.46261125398075,377.3125706080665,159.62424292005767,140.25171033109982,169.47533692941656,340.6614189904978,2.428602722878992,188.2
18.32,3.1403,0.0199,0.0199,0.1545,186.9394712564925,227.5784867470344,377.085993718686,158.69238262335193,137.97884872358566,168.76397765752347,338.5387493797241,2.4199155890852904,188.2
18.33,3.1376,0.0194,0.0194,0.1567,186.584369447262,227.14618889231892,377.0036810100877,158.22081077772347,136.8259708984768,168.41260084461547,337.46513140951726,2.415442285343598,188.2
18.34,3.4566,0.0198,0.0198,0.1683,189.32154965749652,230.4784082786915,391.19343521625336,161.28823532816006,137.67101638957462,171.09271657574754,338.65092368445846,2.353602436703725,188.2
18.35,3.7757,0.0203,0.0203,0.1847,191.89792222414053,233.61486183808407,404.6425777627418,164.2414488883589,138.74212181247455,173.667462335618,340.0195960242908,2.298898706145727,188.2
18.36,4.1493,0.0229,0.0229,0.142,196.03818008085125,238.65517575060156,419.0489693738953,169.0967219538731,144.2410164939346,177.83987670677,345.67754515113626,2.2617936472316456,188.2
18.37,4.397,0.0233,0.0233,0.0782,197.67008661394732,240.64184457350115,427.9223647169891,171.01732728441377,145.01360559520836,179.61609116048686,346.65302914755614,2.2288312291599977,188.2
18.38,4.5857,0.0269,0.0269,0.073,201.13481245597413,244.85977168553373,434.80834281709406,175.07679124636252,152.12674228833987,182.9016929234009,353.3469661717151,2.2309275881963977,188.2
18.39,4.8413,0.0349,0.0349,0.0729,207.25372556207776,252.30888329296425,443.9062899149704,182.30160014591772,166.7293878735938,188.39118656838656,365.7084179884182,2.2519254393943333,188.2
18.4,5.1441,0.0439,0.0439,0.0735,213.3964493815452,259.7869818557942,454.31169514542734,189.61633637011903,181.57331501000093,193.7270596830283,377.0012080452067,2.264895484731834,188.2
18.41,5.5137,0.0533,0.0533,0.0741,219.41084409117104,267.10885367620824,466.5092629365769,196.80680610718636,195.67633620972904,198.8790082654755,386.8829406874112,2.2658555826360978,188.2
18.42,5.8912,0.0557,0.0557,0.0772,222.1943342566343,270.4974503993809,478.4748303031189,200.07804014007115,198.7162155812946,201.5503991755629,389.3486865832016,2.232334470210072,188.2
18.43,6.2294,0.0565,0.0565,0.0802,224.01438064734813,272.7131590489456,488.8047774576699,202.23151185215607,199.44867714403392,203.44833633741055,390.2859034172764,2.198471675221787,188.2
18.44,6.371,0.056,0.056,0.08,224.41354956832777,273.19910382231205,493.0342672909914,202.69269023962465,198.5551592297284,203.98811239452377,389.95352195641175,2.1813268570570727,188.2
18.45,6.1744,0.0556,0.0556,0.082,223.47753758081947,272.05961096795414,487.21904998731554,201.50840853307173,198.2031259449539,202.97926114736933,389.5533659901724,2.2007319144699133,188.2
18.46,5.907,0.0543,0.0543,0.0834,221.8180430058157,270.03935670273216,479.104530383994,199.46911563458588,196.6242175842408,201.3239600270628,388.2830819294079,2.2247549088779226,188.2
18.47,5.5177,0.0454,0.0454,0.0853,216.14163649344573,263.1289487746296,466.8606970371228,192.62072401912025,183.5241435120789,196.44655619718463,379.21206872152896,2.226789499320208,188.2
18.48,5.0537,0.0431,0.0431,0.0873,212.8233580462196,259.0893054475717,451.5416760292567,188.6433352801172,180.34328135403325,193.17118550532007,376.4645684328317,2.2737062953330662,188.2
18.49,4.5307,0.0413,0.0413,0.0887,209.12090129854323,254.58196679822652,433.1851599078988,184.32367396558564,177.98605290831875,189.51253576531664,374.1311974134104,2.337800965290904,188.2
18.5,4.0116,0.0407,0.0407,0.0901,205.5767312080028,250.26732494887293,413.62257795725566,180.37935822325295,177.65975396086648,186.0225687337068,373.1350331653779,2.4177807467030084,188.2
18.51,3.4808,0.0398,0.0398,0.1902,201.415852189754,245.20190701361355,392.772618868166,175.8846082377436,176.90221061493168,181.9486713313787,371.7121901528469,2.50693398694266,188.2
18.52,2.9499,0.0393,0.0393,0.1529,196.4942145194469,239.21034811063103,368.65246529380215,170.8001296287743,177.0394405980048,177.50428769814474,370.6982445869271,2.6215836571543325,188.2
18.53,2.9696,0.0386,0.0386,0.1625,196.42914298228536,239.13113058713,369.6914680895474,170.59122836139943,175.73012253495173,177.4362871593372,369.90189054100654,2.6122491704396484,188.2
18.54,2.9325,0.0375,0.0375,0.193,195.67934099516827,238.21832816803092,368.248182840413,169.63327532675365,173.7943213367282,176.7173531526157,368.53025122005175,2.612846875754123,188.2
18.55,2.9397,0.0369,0.0369,0.2148,195.5510923951853,238.06219943761687,368.8145383966242,169.3769124193037,172.6676420760311,176.56973014025394,367.8151686597556,2.606390445409811,188.2
18.56,2.9468,0.035,0.035,0.2662,194.87216053226447,237.2356736914524,369.6537385143415,168.36095056228046,169.11328823835132,175.8841248114434,365.3524491147446,2.589754435992499,188.2
18.57,2.9735,0.0333,0.0333,0.3532,194.49364297579328,236.7748697096614,371.7399329669411,167.68269294567108,165.8277916163827,175.41268142503912,363.0689424443044,2.5677694081085183,188.2
18.58,3.5201,0.0331,0.0331,0.3992,199.02259004280347,242.2883704868912,396.3543854790732,172.3492514164815,164.65919466394402,179.66445897599365,363.2875094035917,2.448735291464989,188.2
18.59,4.4953,0.0335,0.0335,0.4176,205.60016308385664,250.295850710782,434.5201052530637,179.64885557213967,164.4105945155792,186.31742024156583,364.5639156247508,2.286395464915457,188.2
18.6,6.9844,0.0338,0.0338,0.3753,215.89610144372023,262.8300365401812,512.6911724901692,193.10406782221327,163.64607925400804,198.69964836747565,366.2285999327034,1.999656585824499,188.2
18.61,7.6017,0.0347,0.0347,0.1484,218.05797902462567,265.46188750823995,528.2051358471454,196.19057514767567,164.97305705763176,201.60709216771,367.7622594064275,1.9544090168279529,188.2
18.62,7.7866,0.0356,0.0356,0.1342,219.10883345825368,266.74118855787407,533.0121290907629,197.5446526889582,166.38949912174658,202.76669179798992,369.1042854344201,1.9446361857055692,188.2
18.63,7.7905,0.0357,0.0357,0.1323,219.21090310377213,266.8654472567661,533.1321816437826,197.6294691310884,166.55170796521423,202.85880667499828,369.29043510484496,1.9451079975310184,188.2
18.64,7.7905,0.0363,0.0363,0.1314,219.6106886303956,267.3521426804816,533.1558156400474,198.02271139759944,167.52110415500644,203.16993568108836,370.14169963621504,1.9488752578116924,188.2
18.65,7.8141,0.0365,0.0365,0.1317,219.8232215017709,267.610878349982,533.800041863545,198.2541801607419,167.83661223866713,203.3814869200128,370.4647387726549,1.94824925760604,188.2
18.66,7.7551,0.0375,0.0375,0.1319,220.31039480543657,268.20395889357496,532.2912990200645,198.65440510643452,169.45768835108572,203.64626061844663,371.79831033912143,1.959236680921366,188.2
18.67,7.5821,0.04,0.04,0.1328,221.3476749650181,269.4667347400221,527.7720217300601,199.49364980279677,173.48432379440354,204.10639486912623,374.9190510160233,1.9884592204606115,188.2
18.68,7.3501,0.044,0.044,0.1334,222.91884621194387,271.37946495367083,521.5966486052985,200.8870834129026,179.80882780442056,204.83935196972064,379.5574515249356,2.030836364102083,188.2
18.69,7.1928,0.0498,0.0498,0.1342,225.3895229571075,274.38724533908737,517.351378196552,203.44171736295436,188.6307352853676,206.3424363239511,385.7072198782676,2.074638050226716,188.2
18.7,7.0984,0.0526,0.0526,0.135,226.4305749329816,275.6546129618907,514.7884622134775,204.5065078742965,192.80141201360613,206.91821051528748,388.4744102677516,2.0968950103281863,188.2
18.71,6.9569,0.0527,0.0527,0.1344,226.03293965686083,275.1705352344393,510.8827598974337,203.91519806480284,193.07006042574648,206.3823182790936,388.5650011742618,2.1109809670885533,188.2
18.72,6.8664,0.0526,0.0526,0.1356,225.70849703476728,274.7755616075428,508.3772507257488,203.44788932694323,193.00396416535511,205.9916682706595,388.48394574981626,2.119413177137046,188.2
18.73,6.776,0.0525,0.0525,0.1376,225.37867339060645,274.3740371711731,505.8582678709559,202.9768178112417,192.93836443941825,205.59697312091464,388.4022397803564,2.127941419317965,188.2
18.74,6.6973,0.0464,0.0464,0.1394,222.25219873490852,270.5678941120626,503.65185292324855,199.3206628435651,183.91515457248235,203.18812603149837,382.2341242711048,2.105981084965289,188.2
18.75,6.6344,0.0429,0.0429,0.141,220.2915059943913,268.180963819259,501.8828864992669,197.0248346046292,178.5575928444981,201.6255522083984,378.3814676999288,2.0939284611148685,188.2
18.76,6.1783,0.0393,0.0393,0.1432,216.766737475342,263.8899412743294,488.5090636837605,192.64309580679227,173.11449679523173,198.15099957519067,373.947922250328,2.121165638546544,188.2
18.77,5.7929,0.0357,0.0357,0.1436,213.29328753399275,259.6613935196433,476.7196652904067,188.38835910370588,167.3698362576519,194.79122163316936,369.18029721700367,2.1424263258901943,188.2
18.78,5.3093,0.0323,0.0323,0.144,209.2845955706168,254.78124678162047,461.21235949016585,183.4750090678341,161.73337352981667,190.79824342093443,364.2221408976251,2.178458443225099,188.2
18.79,4.7548,0.0266,0.0266,0.1468,203.115510336823,247.2710560622193,442.3315113499329,176.07716815426127,151.43123876724462,184.81690293899211,354.9021433820562,2.21043551597656,188.2
18.8,4.3184,0.0238,0.0238,0.1484,198.9393521561817,242.1870374075256,426.495677839279,171.05412076639342,146.0027806677664,180.62426190360543,349.60536199381824,2.25180735377951,188.2
18.81,3.9251,0.0214,0.0214,0.151,194.948941000932,237.329145566352,411.36788615525967,166.29393675366282,141.0577381632313,176.61872930100228,344.61042118879567,2.294350334569302,188.2
18.82,3.5162,0.0183,0.0183,0.1615,189.9648254177536,231.2615265955261,394.6824467460376,160.4006062003884,134.1819393627326,171.6248266504449,337.44119867435484,2.337276129808166,188.2
18.83,3.1701,0.0151,0.0151,0.1775,184.8518812350422,225.0370728078775,379.67403503079566,154.3709462348818,126.42022959337332,166.43160645002953,328.90602526375307,2.3702910628874085,188.2
18.84,2.8438,0.0108,0.0108,0.1996,178.21589328868154,216.95847878622104,364.6518669721215,146.54891628061574,114.72278544986052,159.3771100772623,314.6727705418026,2.3837743593594864,188.2
18.85,2.427,0.0085,0.0085,0.2343,172.0135511025834,209.40780134227543,343.9287424028591,139.24026541800413,107.19187274527285,152.73768301471202,304.7105596302728,2.4501997699675773,188.2
18.86,2.0809,0.0074,0.0074,0.2724,167.19834414526363,203.54581026379924,325.14830524952635,133.5600264656771,102.85421936129192,147.7041913781751,298.96956882142774,2.531195260695999,188.2
18.87,1.7388,0.0062,0.0062,0.3599,161.7885297264805,196.9599492322372,305.31592947084334,127.12312130992176,97.67643121459422,141.85572523552247,291.8225264638446,2.6220856367077734,188.2
18.88,1.5304,0.0057,0.0057,0.4541,158.57929137214936,193.05305036609488,292.703001068582,123.24534421041072,95.13505320958949,138.32347888044436,288.41613109556334,2.690757077771002,188.2
18.89,1.4164,0.0055,0.0055,0.5332,156.9081880702752,191.01866373772637,285.815670540574,121.18707499018517,93.9894808887421,136.4052804239632,286.9540549806976,2.732430204740335,188.2
18.9,1.3849,0.0056,0.0056,0.5528,156.6654722278534,190.7231835817346,283.8422527312955,120.8696558053263,94.31169658536274,136.1877555766557,287.6176487559657,2.7492741701040053,188.2
18.91,1.3338,0.0054,0.0054,0.5623,155.65855658578934,189.497373234874,280.2527796981444,119.59501829464992,93.30301635670044,135.06406385250432,286.21973300547955,2.7695472942063755,188.2
18.92,1.2984,0.0054,0.0054,0.5791,155.18774948303135,188.92421676195124,277.8791928675942,118.98459503005752,93.19026943511996,134.56168127807763,286.2010439404016,2.787077230628859,188.2
18.93,1.2906,0.0052,0.0052,0.5905,154.83138569511945,188.4903825853628,277.4788817875574,118.50178704216182,92.30774878116551,134.04418248767104,284.82568708681003,2.784573297050254,188.2
18.94,1.2906,0.0042,0.0042,0.5938,153.2946168376712,186.61953354151277,277.54304669018046,116.53080993433326,87.82742401767756,131.70830060845762,277.0633972271298,2.7535264744158674,188.2
18.95,1.2709,0.0039,0.0039,0.5928,152.4971363933484,185.64868778320675,276.0538796949214,115.50091382636047,86.32068405131137,130.63019815743507,274.4123858512388,2.754540514763747,188.2
18.96,1.2473,0.0038,0.0038,0.5974,151.9873759037864,185.0281097959139,274.33815797488654,114.82690166370068,85.72463249701542,130.0165778731592,273.4858782993882,2.763879977655637,188.2
18.97,1.204,0.0038,0.0038,0.602,151.3312540091652,184.22935270680983,271.07117718666046,113.9554707823023,85.50372497025285,129.37572413931568,273.4508600775685,2.7883842490834376,188.2
18.98,1.1903,0.0038,0.0038,0.613,151.1661435249773,184.0283486391028,270.183713552924,113.71178785871086,85.44231712264461,129.1816221749834,273.4641632258158,2.795387944559736,188.2
18.99,1.1765,0.0038,0.0038,0.6172,150.97617218100723,183.7970791768784,269.17580917868213,113.4350259890751,85.37314459791507,128.98376207240156,273.47700770102614,2.803355455297688,188.2
19.0,1.1746,0.0039,0.0039,0.6236,151.16153343852994,184.0227363599495,269.14078697219543,113.63801618729173,85.85749711803034,129.25098038431162,274.4353179338935,2.807508713951525,198.6
19.01,1.1726,0.0041,0.0041,0.6234,151.4912157694841,184.42408876285023,268.9933006636662,114.0231078043238,86.81307836263473,129.77573455440788,276.25862222188624,2.815937805599224,198.6
19.02,1.1804,0.004,0.004,0.6287,151.48719469272922,184.41919353897472,269.7076530071662,113.99186213233492,86.37331151784164,129.6526893686966,275.42339674313,2.8073662623607456,198.6
19.03,1.1687,0.0041,0.0041,0.6341,151.49969848058024,184.43441554157596,268.8818248373265,113.98550575965992,86.80677996621505,129.75141555917187,276.32531434578163,2.817364224415071,198.6
19.04,1.1637,0.0041,0.0041,0.6385,151.44344560064124,184.3659337746937,268.56882463185195,113.9077875695528,86.79620355631631,129.69027241888256,276.3532760227581,2.819903645975814,198.6
19.05,1.1621,0.005,0.005,0.6441,152.78450452627132,185.99852724937375,268.5446465529633,115.87217778000635,91.10783822127136,131.83727018929724,283.61035783521567,2.8475507178450963,198.6
19.06,1.1634,0.006,0.006,0.6395,154.13334903187712,187.64059882141564,268.58879496277353,117.8747271528882,95.60840022183788,133.888577224278,290.45369503273145,2.874555904741985,198.6
19.07,1.1647,0.0063,0.0063,0.6477,154.4982976150704,188.0848840531292,268.836189726065,118.60644191344528,97.01345885984664,134.4730973352234,292.3430249018992,2.878977047233764,198.6
19.08,1.1922,0.007,0.007,0.6469,155.85486520719832,189.73635764354577,271.00562912393315,120.33934815135976,99.92915625579558,136.13068197501534,296.46526138129406,2.880302958587155,198.6
19.09,1.2001,0.0075,0.0075,0.6437,156.5931527923541,190.6351425298224,271.5874564727601,121.28151540991998,101.908344711072,137.06269494203454,299.19051998888244,2.888199535849018,198.6
19.1,1.2512,0.0081,0.0081,0.6355,158.20511995619242,192.5975373379734,275.4196807301022,123.02692076049266,104.1227717965918,138.79199092366258,302.33224405892327,2.874744332217082,198.6
19.11,1.263,0.0082,0.0082,0.6324,158.53244051062086,192.9960145346689,276.2852748088852,123.36820977148716,104.48828784221848,139.14157859906837,302.8760235638593,2.870998343453755,198.6
19.12,1.267,0.0082,0.0082,0.6311,158.62159968420946,193.1045561372985,276.5834430891286,123.42680651799064,104.48170189849192,139.22519606084063,302.9232020018695,2.869222146677568,198.6
19.13,1.2591,0.008,0.008,0.6314,158.29415611465348,192.7059291830564,276.0021463246489,122.97456498078488,103.72475986690758,138.83524335055088,301.9783353813577,2.869529741223895,198.6
19.14,1.2512,0.0077,0.0077,0.6317,157.85609011094712,192.1726314394139,275.41869436061734,122.35179287137024,102.56806982955572,138.29021780671826,300.5073347543961,2.867660234653487,198.6
19.15,1.2473,0.0069,0.0069,0.6379,156.94005508198822,191.05745836068127,275.2296468208555,120.94066826446274,99.37455653903596,136.9950990563836,296.28456194681803,2.851602527125142,198.6
19.16,1.1962,0.0062,0.0062,0.6375,155.196159747631,188.93445534494208,271.2839639096045,118.79909679995008,96.4646884464895,134.9882696856764,292.1409827292892,2.863338745076515,198.6
19.17,1.1863,0.0058,0.0058,0.6372,154.53201042898957,188.12592573963943,270.51636381971525,117.86138586443562,94.72819204714038,134.10201582703064,289.6395263846127,2.859040871612754,198.6
19.18,1.1854,0.0054,0.0054,0.6378,154.01529501383212,187.4968808864043,270.4689625511929,117.05609251996184,92.94873444122936,133.3137563356155,286.99758423568164,2.849091010201633,198.6
19.19,1.1844,0.0051,0.0051,0.6383,153.61143701146509,187.00522766613145,270.4120786180935,116.42621500874571,91.58379798856151,132.68589555129353,284.9087157181881,2.841542760688129,198.6
19.2,1.1922,0.0052,0.0052,0.6423,153.92785268091637,187.3904293506808,271.1017650833241,116.78198474710024,92.04933421296371,133.0448643413827,285.68035996848243,2.839712909014225,198.6
19.21,1.1804,0.005,0.005,0.6523,153.4914228532388,186.8591234735081,270.34545482389166,116.192394069893,91.12053410766742,132.4418217002005,284.24399297847333,2.8398317239569413,198.6
19.22,1.1647,0.0047,0.0047,0.6616,152.82864000417197,186.05225739638328,269.2654094180422,115.3047411186154,89.69758281183778,131.52860459590372,281.97594907650654,2.839211002411009,198.6
19.23,1.1618,0.0042,0.0042,0.6704,152.07955497170815,185.1403277916447,269.18883948575814,114.1745602909636,87.28645619467524,130.2784769543202,277.9143002417203,2.82483142051362,198.6
19.24,1.1609,0.0039,0.0039,0.7009,151.71433374424478,184.6957106451676,269.6148335830003,113.58605323301596,85.82234632324997,129.48386283092833,275.2843472958463,2.812312530989463,198.6
19.25,1.1628,0.0039,0.0039,0.7207,151.83069550620198,184.83736844233283,270.0919580366634,113.70678155089108,85.85075616904764,129.5330682338658,275.3238710860935,2.8090062682573755,198.6
19.26,1.1647,0.0039,0.0039,0.7394,151.9432110761678,184.974343918813,270.55052015703484,113.82237563335084,85.87803453093933,129.58223279380016,275.36337631016266,2.8058524086145646,198.6
19.27,1.1844,0.0039,0.0039,0.7653,152.36481391775192,185.48759955204585,272.51217408374083,114.3387637845014,86.00406713383207,129.9143340633061,275.4337254294643,2.791397080828808,198.6
19.28,1.2198,0.0039,0.0039,0.7709,152.96515416723335,186.21844855141453,275.3451716525698,115.08191870096935,86.18917274377291,130.48527410105442,275.5299216157528,2.770743565737808,198.6
19.29,1.267,0.0042,0.0042,0.7338,154.11655226805436,187.62015058719663,278.37790130931904,116.50315481569838,87.79179259984691,132.02911310098526,278.3118919923891,2.759104640176926,198.6
19.3,1.267,0.0044,0.0044,0.7041,154.37614172629546,187.9361725363597,277.9447849382245,116.79443837399586,88.6815521576958,132.5589818135727,280.0368278470427,2.769051072457191,198.6
19.31,1.2748,0.0049,0.0049,0.6973,155.28835242749176,189.0466899117291,278.4440705582365,117.90739492288088,90.94936574684354,133.88601817422278,284.0327589148376,2.781297741334523,198.6
19.32,1.2827,0.005,0.005,0.6927,155.57033731988244,189.389975867683,278.98253266936183,118.23118588647358,91.4140047273593,134.2493918279463,284.8300352139945,2.780704121610593,198.6
19.33,1.2945,0.0051,0.0051,0.6784,155.88041421548047,189.7674607840632,279.6659243943764,118.58983957527938,91.881961022844,134.6670352119059,285.6209718706223,2.779028074183965,198.6
19.34,1.3181,0.0089,0.0089,0.671,160.83648260340289,195.80093534327307,281.32482907891614,125.40939718537363,106.98071016384108,141.42450130541744,307.14366414279874,2.856801306180163,198.6
19.35,1.3023,0.0126,0.0126,0.672,163.784516431202,199.38984609015895,280.18095762887015,130.2297781786304,119.68171110917557,145.33301308979085,321.3564885433388,2.9277254526784597,198.6
19.36,1.2866,0.0164,0.0164,0.6731,166.15593023479587,202.27678463366456,279.03816215067184,134.32082195182687,131.35732986724312,148.30965385947377,332.57254372566223,2.9880161834127907,198.6
19.37,1.2729,0.0183,0.0183,0.6774,167.07885222928442,203.40034184434623,278.08666714705384,136.04684534855934,136.84567929504985,149.45611030760102,337.36317000352744,3.017847672989103,198.6
19.38,1.2662,0.0192,0.0192,0.6916,167.53684954572503,203.9579037947957,277.8094689134022,136.85294277408588,139.35693596009835,149.9603710482087,339.50637747915465,3.030307159212334,198.6
19.39,1.2631,0.0196,0.0196,0.6951,167.7338865208823,204.19777489498716,277.64221197131207,137.1898029377486,140.46225809355124,150.1857548555629,340.4559038005366,3.0362505359872656,198.6
19.4,1.271,0.0196,0.0196,0.7087,167.9621779182612,204.47569485701365,278.457872038053,137.357415516276,140.38171699538654,150.34220554634166,340.5160284507501,3.030648038617768,198.6
19.41,1.2788,0.0196,0.0196,0.7163,168.16447188919528,204.7219657781508,279.17242948366453,137.50301434878435,140.31149876378012,150.49627621172712,340.5758463837191,3.0258084394583573,198.6
19.42,1.2945,0.0196,0.0196,0.7223,168.51014889119483,205.14278995449808,280.4494788483758,137.7670423700023,140.18865031196228,150.78254090393276,340.6509888521265,3.0169399141843334,198.6
19.43,1.3259,0.0198,0.0198,0.7276,169.25510017519946,206.04968716980807,282.8639239481366,138.455673965257,140.4992334862809,151.45304987665762,341.2058184375104,3.002208380161425,198.6
19.44,1.4439,0.0199,0.0199,0.742,171.52751140281478,208.8161008382093,291.5397600712198,140.32497336208647,139.9910584735295,153.40995182613423,341.68930381787726,2.9438158139778547,198.6
19.45,1.554,0.0204,0.0204,0.7438,173.72698308238708,211.49371853507995,299.12107101262444,142.2931978549492,140.65837174931406,155.38379470480038,343.02444861651395,2.899557396077232,198.6
19.46,1.6641,0.0215,0.0215,0.7547,176.19467241495113,214.49786207037528,306.5229676911588,144.7222726599535,142.83926597722902,157.63104698135112,345.59433938757644,2.864220584919987,198.6
19.47,1.7467,0.0227,0.0227,0.7655,178.19769812153766,216.93632814795887,311.9298906261015,146.7992050185813,145.33979970792035,159.474460566949,348.2131101212479,2.8429819340205778,198.6
19.48,1.8214,0.0219,0.0219,0.8066,179.0145257019977,217.93072694156243,317.0782908878832,147.1077865831238,143.06133629715578,159.98482153923794,346.7452295009606,2.804696214087605,198.6
19.49,1.9,0.0245,0.0245,0.8236,181.60659935876288,221.08629487153743,322.0413876111969,150.27549139994738,148.86892126615837,162.49006702675314,351.99501932374585,2.799487907587236,198.6
19.5,1.963,0.0256,0.0256,0.8016,182.9865721657929,222.7662617670522,325.5192535147891,151.87896621622738,151.1895250749483,163.87469078595717,354.1419039209734,2.788617410556168,198.6
19.51,1.9472,0.0267,0.0267,0.7571,183.27686508193287,223.1196618388748,324.08395964833306,152.34755141842828,153.60376271806808,164.28007761335235,356.108997447242,2.8074656086126493,198.6
19.52,2.364,0.0267,0.0267,0.7489,188.22403318908863,229.1423012736732,347.236899455562,157.43635191787232,152.95765979752753,168.95726929854123,356.66673276793114,2.673095420541094,198.6
19.53,2.2618,0.0274,0.0274,0.745,187.4869682727711,228.24500485380827,341.74993939270826,156.75304584266686,154.55816959912164,168.27040814279192,357.7980400095407,2.7100905166795317,198.6
19.54,2.2622,0.0276,0.0276,0.745,187.6243477297104,228.41224941008227,341.7889197215865,156.8962860722536,154.96760295237016,168.40026401698742,358.1833376274156,2.7118843587276,198.6
19.55,2.2627,0.0278,0.0278,0.7568,187.78915715749736,228.61288697434463,341.96104899472675,157.06772696145703,155.3719845774963,168.5305451068858,358.5666958278949,2.712914380214933,198.6
19.56,2.2805,0.0279,0.0279,0.7685,188.0967134227764,228.98730329729295,343.0654314176891,157.3700837675807,155.54212475276648,168.79510315471464,358.80132946600605,2.7078362660409856,198.6
19.57,2.3916,0.0278,0.0278,0.8481,189.4661018786472,230.6543848957444,349.81429594012667,158.74109922931112,155.14945879079934,169.92878063888625,358.8065421739144,2.6698001275243124,198.6
19.58,2.5842,0.0278,0.0278,0.6894,191.15977544092965,232.71624836287089,358.0675348333461,160.4750247620071,154.9400407083353,171.85905910132112,359.05865697222094,2.6256021227446533,198.6
19.59,2.6904,0.0276,0.0276,0.4082,191.5729917383368,233.21929429014915,360.5821033324676,160.84871000236686,154.46794948212627,172.7796050954275,358.87507238878857,2.61099489809274,198.6
19.6,2.832,0.0271,0.0271,0.2706,192.415159802202,234.24454236789808,366.1986999738979,161.6395378325999,153.31978274946928,173.82125844867264,358.2053263472827,2.577975369192521,198.6
19.61,2.9303,0.0259,0.0259,0.2749,192.65511643126527,234.5366634815404,370.9735374825786,161.71915898604604,150.7550664875213,174.04670858899158,356.2383785244695,2.543829810426994,198.6
19.62,2.8123,0.0247,0.0247,0.2793,190.89279751086377,232.3912317523559,365.3634022572709,159.65714891061097,148.32639888756017,172.3641214651965,353.9861443444186,2.562182753687808,198.6
19.63,2.6983,0.0242,0.0242,0.3041,189.58192364681125,230.7953853091616,360.0118757092301,158.1613214708461,147.3382247216463,171.07373420332357,352.9837043988028,2.5857655940903195,198.6
19.64,2.5882,0.0218,0.0218,0.3603,187.1305116204616,227.81105762490972,355.0466010596518,155.1950736678053,142.1274011074521,168.60666270079471,348.1609661492546,2.5895523964883385,198.6
19.65,2.5371,0.0202,0.0202,0.3877,185.63526446133147,225.990756735534,352.72609582932034,153.34760020082993,138.49268089212262,167.08651051083726,344.7214103568106,2.5859966964352705,198.6
19.66,2.4623,0.0201,0.0201,0.4162,184.89548192048065,225.09015190319383,349.15322017162,152.50332405292792,138.2845537078849,166.32303893028515,344.46713656901346,2.6045600764582244,198.6
19.67,2.3921,0.0201,0.0201,0.4206,184.2018628158651,224.24574603670533,345.5074916643688,151.72382893803908,138.31178551020707,165.65514597036227,344.43772572630485,2.624870669002487,198.6
19.68,2.3574,0.0202,0.0202,0.4401,183.9686657528342,223.96185395997207,343.87678540821446,151.45575411070425,138.55700939608596,165.39841942146032,344.6670670274983,2.6352933138537185,198.6
19.69,2.3548,0.0203,0.0203,0.5205,184.20522735918243,224.24984200248292,344.6169936032024,151.69354891062278,138.77969816733918,165.4633005730811,344.9299189170736,2.6325515640161234,198.6
19.7,2.3522,0.0203,0.0203,0.4566,184.0671381201593,224.08173336367227,343.8092696208595,151.51414876938858,138.78336561827044,165.46033389989435,344.97141094322825,2.6373636153227302,198.6
19.71,2.3326,0.0202,0.0202,0.4793,183.86435453408035,223.8348663893152,343.01550597125873,151.25109986326882,138.5528365234669,165.2166710394075,344.7729361292646,2.641058494749119,198.6
19.72,2.2618,0.0201,0.0201,0.5019,183.1005320381585,222.90499552471476,339.425680927468,150.38454745126592,138.34895624373152,164.4404367876092,344.51620318529,2.660546377232685,198.6
19.73,2.2617,0.0197,0.0197,0.5839,183.03565141861665,222.82601042266376,340.3355721179093,150.22617895211764,137.39005924607025,164.18840698362638,343.66106874446103,2.651420605809048,198.6
19.74,2.2633,0.0189,0.0189,0.6451,182.65889723108424,222.36735315088515,341.1078244534774,149.67639397123452,135.46760219860246,163.66413736245968,341.8595449437845,2.6386157835851933,198.6
19.75,2.2648,0.0184,0.0184,0.5966,182.24128855382716,221.85895997857216,340.67779965814,149.12452064302528,134.25541221421057,163.3389108703511,340.7154046556102,2.635737291746937,198.6
19.76,2.2893,0.0178,0.0178,0.6,182.10191525295477,221.68928813403184,342.0649497716449,148.86310502173765,132.77768492126498,163.16561513266157,339.3206198199241,2.621390411736914,198.6
19.77,2.3129,0.0176,0.0176,0.6034,182.23662352771376,221.8532808163472,343.39490113138305,148.9547451655474,132.27817573954923,163.27655020199745,338.8916359319422,2.611968070493807,198.6
19.78,2.2854,0.0173,0.0173,0.6168,181.7756582241887,221.29210566422967,342.069917934406,148.38192426074193,131.53360895293,162.78602466009485,338.14838684683485,2.6161352990541253,198.6
19.79,2.281,0.0173,0.0173,0.6477,181.81981055068664,221.34585632257503,342.18357927529456,148.3999385743398,131.53001233022047,162.76372534039396,338.1868074080225,2.615815204187648,198.6
19.8,2.2766,0.0173,0.0173,0.684,181.8753909753705,221.41351944827707,342.35573071688464,148.43050087984307,131.5263608559286,162.7413303236154,338.2252011723198,2.615168869132893,198.6
19.81,2.2815,0.0173,0.0173,0.6521,181.88496270273745,221.4251719859413,342.29262558185377,148.41059507652898,131.52296765936012,162.8145757460179,338.2737926288684,2.615835137533124,198.6
19.82,2.2657,0.0173,0.0173,0.6034,181.6379567717077,221.1244691133833,340.9205191407188,148.10925435302337,131.52109662298122,162.67454870589464,338.2995889486157,2.6238309412069976,198.6
19.83,2.2264,0.0174,0.0174,0.593,181.29006345589505,220.70094681587227,338.66699056699946,147.7105110544825,131.77039853930168,162.36558626316375,338.5525334192399,2.638052161449525,198.6
19.84,2.2107,0.0175,0.0175,0.5936,181.21851221541888,220.6138409579013,337.8225509266265,147.61483189412547,132.0176350560555,162.3001262005078,338.83031871789086,2.644353496699237,198.6
19.85,2.1674,0.0176,0.0176,0.5943,180.8377163798388,220.15026341893417,335.43442317095923,147.18172401746122,132.26980345428882,161.93772079216726,339.0749923626935,2.65953611018111,198.6
19.86,2.132,0.0177,0.0177,0.5988,180.54562753647272,219.79467700092331,333.50837147435385,146.8463042810436,132.52204728411186,161.6527848825501,339.32671604821263,2.672184546315218,198.6
19.87,2.0298,0.0177,0.0177,0.6315,179.4570239114492,218.46942041393817,328.0397413450143,145.62977115599168,132.54375959139378,160.53579345815626,339.2465927256436,2.704720291957954,198.6
19.88,1.9,0.0183,0.0183,0.6405,178.33212244045342,217.09997514489984,320.47540967374346,144.46933794703904,134.0944641790079,159.47827727331207,340.59676435279755,2.758101405783484,198.6
19.89,1.8411,0.0189,0.0189,0.664,178.0663103636998,216.77637783406936,317.1921290560834,144.24787442279643,135.61443263091377,159.20465607489282,341.99201234539794,2.7858995625966507,198.6
19.9,1.8422,0.0203,0.0203,0.6666,179.0206520838674,217.9381851455777,317.3073363884957,145.4805104359091,139.02038506650254,160.1878769225075,345.229230966568,2.8010884998625314,198.6
19.91,1.8434,0.0209,0.0209,0.6343,179.34567602168394,218.3338664611805,317.00010020131134,145.91415676801282,140.46391240173205,160.61311128103893,346.58469956734115,2.809716183118693,198.6
19.92,1.8546,0.0232,0.0232,0.6128,180.73824443295567,220.02916713577213,317.4395025901092,148.01178639310902,145.98387104360376,162.17495922756157,351.3811394805808,2.829166413452905,198.6
19.93,1.8804,0.0247,0.0247,0.6144,181.931121338512,221.48136510775376,319.0508361762284,149.5577272355078,149.35370552433767,163.36790286384374,354.3359016557065,2.833301449306429,198.6
19.94,1.9236,0.0272,0.0272,0.5978,183.7743604679868,223.72530839581,321.47829090235143,151.98657744849598,154.78457328704485,165.243034423327,358.91088204085247,2.8402446411044013,198.6
19.95,2.0141,0.0269,0.0269,0.5893,184.95414489365328,225.1615676966214,326.7618132324351,152.71859480778585,153.65229934112017,166.2107299116032,358.561210305868,2.807830892952323,198.6
19.96,2.1438,0.0273,0.0273,0.5763,186.77407303218848,227.37713238701207,334.08705793654383,154.64867229968843,154.28861054130533,167.9401305196598,359.46141449704123,2.767654973736855,198.6
19.97,2.2068,0.0277,0.0277,0.5715,187.75364015543596,228.56964888487852,337.5793184474237,155.70052958649757,155.0230406859834,168.86926546306344,360.2646264261782,2.7509158016328854,198.6
19.98,2.3287,0.0276,0.0276,0.5641,189.1173865323545,230.22986186547504,344.1823016709252,157.0746083546724,154.6414360531871,170.15439514944393,360.2842139768157,2.712564901561929,198.6
19.99,2.5253,0.0276,0.0276,0.5217,191.1803558088268,232.7413027237892,354.0985957518156,159.2039474413368,154.40480927948528,172.1758764947742,360.5460060563848,2.65800123695394,198.6
20.0,2.6472,0.0274,0.0274,0.3542,192.0015334445196,233.74099723680644,358.61714948373503,160.01104929729692,153.89395252261215,173.26815506609915,360.3765633880161,2.6323726468345465,296.2
20.01,2.6786,0.0274,0.0274,0.3539,192.34125426442304,234.15457040886284,360.20894708891274,160.33876199185417,153.8560686802251,173.586738310131,360.4535940551244,2.624238104077315,296.2
20.02,2.6393,0.0273,0.0273,0.3541,191.91990759814465,233.64162664121957,358.2530616972953,159.84834749433134,153.68597966388597,173.18916412812192,360.2884391743925,2.634115140890515,296.2
20.03,2.6275,0.0272,0.0272,0.3544,191.77258146902017,233.46227309272024,357.6771151176605,159.64782480526236,153.4873828129409,173.0487626491993,360.15015769102325,2.6366723995473547,296.2
20.04,2.5803,0.027,0.027,0.3777,191.2544295682817,232.83147947442995,355.5300836366508,159.04203144055367,153.1144216235733,172.51588481468644,359.8019615644254,2.646837733156613,296.2
20.05,2.5331,0.0269,0.0269,0.396,190.7744292006552,232.24713120079764,353.30963481869094,158.49002075799214,152.94786472813155,172.0287347901015,359.6247031872375,2.6583397089998178,296.2
20.06,2.541,0.0268,0.0268,0.4056,190.8477523278204,232.3363941382161,353.83386255031775,158.52222057003314,152.72479266768153,172.0765462964554,359.5042576193326,2.654961698434851,296.2
20.07,2.4859,0.0252,0.0252,0.4192,189.41657861495457,230.5940957051621,351.134264288297,156.75927257116393,149.41657318811895,170.6836351343779,356.6259076509608,2.656072198742743,296.2
20.08,2.4486,0.0248,0.0248,0.4668,188.9163442311145,229.98511471613932,349.6965981649379,156.14223897096798,148.58319410273165,170.10997986641277,355.8899173100251,2.6606986793859826,296.2
20.09,2.4423,0.0244,0.0244,0.4925,188.69461749968963,229.7151865213613,349.652863840226,155.82096447671702,147.71982236772922,169.84104698502358,355.1763742418471,2.6576202129071462,296.2
20.1,2.4392,0.0246,0.0246,0.5001,188.8223098810613,229.87063811607464,349.58701113101245,155.95230513286305,148.1458243899555,169.9485909167135,355.59492381318034,2.660128902930094,296.2
20.11,2.439,0.0234,0.0234,0.4974,188.1203441902925,229.0160711881822,349.5653023584285,155.0125348432701,145.5396152049683,169.2660244471069,353.3348201627561,2.6494426126135218,296.2
20.12,2.4448,0.0221,0.0221,0.5029,187.4059374734888,228.14635866337764,349.945187676894,154.0475765147827,142.65341300089946,168.54582518091374,350.76934331795627,2.635134027741936,296.2
20.13,2.4506,0.0211,0.0211,0.5083,186.85291064844623,227.47310861549977,350.3234452012608,153.29613890117182,140.38882920475197,167.9798023882509,348.71414617681256,2.6233625284028084,296.2
20.14,2.4623,0.0204,0.0204,0.5625,186.6397119109913,227.2135623264242,351.51936628564425,152.95188422224646,138.7734627765085,167.6481469667809,347.2439159925959,2.6099455542275605,296.2
20.15,2.4899,0.0204,0.0204,0.5394,186.8976698977897,227.52759813643968,352.7318589897027,153.2026833550146,138.76217328710558,167.94063280526814,347.3161762480785,2.6036854472221025,296.2
20.16,2.5449,0.0204,0.0204,0.4822,187.35779949600385,228.08775590817865,354.9970959474991,153.6751837994568,138.7455416822143,168.49308326969742,347.4159426775175,2.5918044255781383,296.2
20.17,2.5882,0.0204,0.0204,0.4574,187.75969489583244,228.5770198731873,356.9742726302945,154.08500299244406,138.7315802261652,168.92621627411836,347.5029161203942,2.58156243724116,296.2
20.18,2.6511,0.0203,0.0203,0.4371,188.2824844075404,229.21345927874484,359.9661206049568,154.61943992662452,138.48591890210832,169.46555449018015,347.3862683977228,2.565026612265102,296.2
20.19,2.7061,0.0203,0.0203,0.4312,188.81461514581943,229.861270612302,362.6700879022009,155.17612646316334,138.4723310839427,169.99079460637088,347.4826088354111,2.5512072029431865,296.2
20.2,2.7219,0.0203,0.0203,0.4304,188.9856072082408,230.06943486220615,363.4625337331891,155.33450045265374,138.46620550321782,170.15678321475428,347.5411155788939,2.547398791604342,296.2
20.21,2.7219,0.0203,0.0203,0.4308,189.0121666881879,230.1017681421418,363.4842988438227,155.33305299796143,138.462648687446,170.18019664761343,347.5846361971961,2.547588464646262,296.2
20.22,2.7455,0.0203,0.0203,0.4311,189.25596533010088,230.3985664888185,364.6690486054096,155.57241978587103,138.45559727167617,170.4153232661637,347.65034949520305,2.541766564220637,296.2
20.23,2.6118,0.0256,0.0256,0.4369,191.39467350614208,233.0022112248686,358.06964885548365,158.42044727513235,150.06271591429174,172.5074850246725,358.2063369837017,2.627086709179854,296.2
20.24,2.4761,0.031,0.031,0.4535,192.9355775872762,234.87809445407535,351.2739532482206,160.72632285867917,161.1157858740296,173.95222287258215,367.1317282444163,2.708462688643061,296.2
20.25,2.4201,0.0418,0.0418,0.4963,197.14296007880228,240.00012531332453,348.7966441230716,166.56488124608313,181.0270634675105,177.75982290851323,381.6616913128336,2.795604103010468,296.2
20.26,2.4078,0.0418,0.0418,0.5248,197.09292925290129,239.93921822092327,348.46434119656215,166.48083356781848,181.03111517293345,177.65382315746476,381.6949742422025,2.7978154457554627,296.2
20.27,2.3955,0.0417,0.0417,0.5548,197.0075068286524,239.83522570444643,348.1473475182744,166.34640801490775,180.86096264660728,177.51191407731167,381.6093198123224,2.79934022183532,296.2
20.28,2.3876,0.0417,0.0417,0.5845,197.01203282550435,239.84073561365747,348.0603200405495,166.317160764275,180.85432949199856,177.45182572228288,381.6476123359961,2.8001716053009185,296.2
20.29,2.3169,0.0401,0.0401,0.5797,195.52082298670103,238.02534972294043,344.23866608253064,164.6444840598363,178.29630990539414,176.13670378272556,379.674295432449,2.8118871481310665,296.2
20.3,2.2421,0.0357,0.0357,0.5333,192.7194055385372,234.6149284816975,339.6611075227335,161.0730771850969,170.46187335922662,173.6470862698055,373.9365939914061,2.810038258536872,296.2
20.31,2.2109,0.0311,0.0311,0.524,190.28584977781577,231.6523388599496,337.84326974277,157.76040668548447,161.64555692525602,171.3476862264415,367.2983927572188,2.788034015621144,296.2
20.32,2.21,0.028,0.028,0.5202,188.74974274715024,229.78229551826988,337.7671957153547,155.658577454832,155.40025830601655,169.874118692711,362.362710307904,2.764038582485526,296.2
20.33,2.2143,0.0259,0.0259,0.5319,187.73120920363667,228.54234163920987,338.15357399012595,154.243855574352,150.99917705242015,168.84878696128206,358.75852628172646,2.744096929312723,296.2
20.34,2.2186,0.0252,0.0252,0.5436,187.44441886384976,228.19320557338236,338.53932742252823,153.80674828241567,149.49269529342243,168.53535060710732,357.5325615034144,2.735929822055449,296.2
20.35,2.3483,0.0254,0.0254,0.5623,189.09573768344123,230.2035067450589,345.84355444516245,155.5563304524111,149.77923444777196,170.05462331918812,358.09520991316515,2.696284121718972,296.2
20.36,2.6118,0.0256,0.0256,0.473,191.8155990921273,233.51464237302457,358.66259806713526,158.4538763771771,149.98444714719795,172.81494972449897,358.7873174410839,2.62808756360358,296.2
20.37,3.0836,0.0267,0.0267,0.3212,196.56505085339225,239.29658364760792,379.99186253254015,163.67692887096905,151.93627681239843,177.64055488896085,361.24344826102407,2.5283485951830778,296.2
20.38,3.642,0.0292,0.0292,0.2399,202.30936753350773,246.2896648234008,403.79202640784587,170.18178143672787,156.52068737707967,183.3311713207573,365.9671459430068,2.4357625328715984,296.2
20.39,4.051,0.0343,0.0343,0.1809,207.90500388625983,253.1017438615337,419.8938712149216,176.67213461316763,165.63695085488132,188.6923037204198,374.0472875373959,2.4008669466860475,296.2
20.4,4.456,0.0404,0.0404,0.0774,213.459072767211,259.86321902095256,434.5793966686724,183.1423482157774,175.75726135433032,193.9424015503413,382.4088720861036,2.3767868702077597,296.2
20.41,5.0104,0.0427,0.0427,0.0267,217.6916878437262,265.01596780975365,454.0940233364764,188.06281477511493,179.03237871132495,198.1806814261606,385.5535578501382,2.310500098141373,296.2
20.42,5.1834,0.0443,0.0443,0.0018,219.3623881854313,267.0498638779164,459.86802827022086,190.00265608353752,181.4249750106789,199.78797623433852,387.54709910889727,2.296782984599915,296.2
20.43,5.2699,0.0497,0.0497,-0.0114,222.28265592054677,270.60497242501344,462.7182575736608,193.39689555178944,189.6339946273777,202.2132229046317,393.4824078085212,2.3140356310310195,296.2
20.44,5.2935,0.0509,0.0509,-0.0115,222.9550456128821,271.4235337895956,463.5308636175605,194.1537480536777,191.39910508761253,202.7720383414437,394.7666263820981,2.317070860614954,296.2
20.45,5.2542,0.0504,0.0504,-0.0112,222.5663566866226,270.95034727067105,462.2370669405141,193.6584588212156,190.6859115186611,202.41619127406744,394.2873847452722,2.319955648840112,296.2
20.46,5.1323,0.0505,0.0505,-0.0109,221.99505287765024,270.2548469814872,458.13315609919385,192.95316755887447,190.9508936785601,201.79374733659225,394.36927119127154,2.3369100919309758,296.2
20.47,4.9554,0.0503,0.0503,-0.0102,220.96765150818027,269.00409748821943,452.0596846766813,191.72548158948996,190.827788032615,200.7382164781189,394.11230092937416,2.360475319721658,296.2
20.48,4.6762,0.05,0.05,-0.01,219.240916681877,266.90198552576334,442.1740004725368,189.7202538397108,190.6749235848857,198.99706143257345,393.6856117542762,2.3996397578641857,296.2
20.49,4.3616,0.0482,0.0482,-0.0098,216.53368766096108,263.6062284568222,430.5822732908306,186.59183766718823,188.27752333459048,196.43930626818556,391.6601311711136,2.4395234190730357,296.2
20.5,4.0352,0.0451,0.0451,-0.0088,213.0188413716008,259.3272851480358,417.99882801533937,182.52701853070036,183.7852552619785,193.20867345192949,388.11446947985183,2.478057377356118,296.2
20.51,3.8544,0.0409,0.0409,0.1765,210.14950064918173,255.8341747033517,412.2644678187908,179.0905062709552,177.08704952491155,190.41233898964336,383.13089815682497,2.4799919021293424,296.2
20.52,3.6735,0.0386,0.0386,0.1384,207.7065310364749,252.8601247400564,404.5338516976252,176.23866475755997,173.39780627773828,188.21810680696595,380.1706352731599,2.5014860892259683,296.2
20.53,3.3432,0.0362,0.0362,0.147,203.96966584296985,248.3108975479633,390.4383111222492,171.983241149488,169.56452835886438,184.7200944033157,376.7949514731778,2.552766564764306,296.2
20.54,3.1072,0.0332,0.0332,0.1994,200.57707551761095,244.18078758665683,380.2695658711118,168.04152906074418,164.36904538892483,181.4998924628574,372.4252770940479,2.582339388320116,296.2
20.55,2.8792,0.0282,0.0282,0.2371,195.9514325552871,238.5495700673061,369.88239711193,162.55082412457412,154.99253000813152,177.1272298990296,364.4451231771488,2.5973772860326827,296.2
20.56,2.861,0.0231,0.0231,0.2716,192.82190469430952,234.7397100626377,369.353978053497,158.6405136622988,144.47282498203012,174.0831006856618,355.1422909055684,2.556037608657595,296.2
20.57,2.8766,0.0193,0.0193,0.3308,190.47824201115,231.88655549183477,370.6959981804436,155.73962414978357,136.0464323674133,171.66306295820775,346.9973750740882,2.5116139965508526,296.2
20.58,2.8922,0.0159,0.0159,0.3827,188.0572459726899,228.93925596675297,371.9606608677972,152.83137006888705,128.0019668986519,169.0785347910222,338.42010031857865,2.467058910718309,296.2
20.59,3.0325,0.0147,0.0147,0.3871,188.2006391264568,229.1138215452518,378.6391631799144,152.98499880410137,125.13435852762596,169.1534822421847,335.1439551478563,2.4197741489779903,296.2
20.6,3.5201,0.0145,0.0145,0.1555,191.2954758468839,232.88144885707607,398.34512589231394,156.71309417134688,125.03156197531008,172.6515074622026,334.95811931477414,2.3257052847291506,296.2
20.61,3.9094,0.0145,0.0145,0.0483,193.6872431638818,235.79316559081263,413.6495574852811,159.689088765126,125.38581484526745,175.30282086610563,335.25938377694206,2.258930248063678,296.2
20.62,4.3026,0.0147,0.0147,0.0341,196.13345378325155,238.77116112743667,428.94925717700914,162.80664039745898,126.24293091475252,177.96502897252705,336.136481153906,2.1978117538281694,296.2
20.63,4.4599,0.0149,0.0149,0.0169,197.15930424691757,240.02002256146488,434.757071391116,164.09671524420764,126.85575025767488,179.11249604565964,336.8583219370422,2.176944949953526,296.2
20.64,4.6133,0.0157,0.0157,0.0138,198.70106583754685,241.89694971527445,440.4040498345004,165.93240010999654,128.80713584625337,180.79419139413972,339.2828824440639,2.163700820143312,296.2
20.65,4.7824,0.0178,0.0178,0.012,201.4145441302793,245.20031459338352,446.5071373395741,169.02715794341862,133.53109306895416,183.6620671344529,344.9995348402875,2.162092995718676,296.2
20.66,4.9632,0.0184,0.0184,0.0117,202.79970684246865,246.8865996343096,452.8980500833396,170.7347718071547,134.92277918515887,185.1798066302846,346.62723255066777,2.143557704410201,296.2
20.67,5.1245,0.0192,0.0192,0.0118,204.2226629529224,248.61889402964468,458.4851951769844,172.45331971329503,136.6867990724245,186.7180456931078,348.6755356916831,2.1302101337445603,296.2
20.68,5.266,0.02,0.02,0.0119,205.5220048520722,250.20070155904443,463.3012847431647,174.0107602932301,138.4003953991127,188.11334424612332,350.6443927585617,2.119786907279875,296.2
20.69,5.4233,0.0204,0.0204,0.0122,206.5314591818557,251.42960248225916,468.5618985504132,175.29077060541042,139.2871022131835,189.2485261213907,351.6678223758037,2.104073237049428,296.2
20.7,5.5216,0.0208,0.0208,0.0122,207.27981319326668,252.34064214832463,471.80932449562215,176.20394935350933,140.1330156324997,190.07026818170297,352.64665352928984,2.0959326851718862,296.2
20.71,5.5963,0.0211,0.0211,0.0128,207.8446218604933,253.02823530842667,474.2629871431838,176.88788068389377,140.76179576772918,190.6905083492734,353.3820671955612,2.089844775375933,296.2
20.72,5.5767,0.0216,0.0216,0.0124,208.19262051354744,253.45188584257951,473.64812259214426,177.1904564578536,141.73534387289394,190.99067507552172,354.49371680338965,2.0967396248225625,296.2
20.73,5.5177,0.0222,0.0222,0.0138,208.45548182577213,253.77189091833128,471.76013100597896,177.34383270690066,142.88365624175515,191.158181309717,355.7740562923488,2.109148122750604,296.2
20.74,5.4469,0.0223,0.0223,0.0144,208.2723182669974,253.5489091946056,469.4660439272657,177.0151502656042,143.05246747253042,190.89980009661707,355.99140080975496,2.118770077311331,296.2
20.75,5.4255,0.0219,0.0219,0.0152,207.90172881289945,253.0977568157037,468.7886264320463,176.56688502838546,142.262273293546,190.5307351677133,355.187705113955,2.1180773479254418,296.2
20.76,5.4219,0.0216,0.0216,0.0169,207.68066544219744,252.82863619050124,468.703421558439,176.3035689783918,141.6714586941411,190.32003281186965,354.59285757138883,2.116019871959881,296.2
20.77,5.4206,0.0208,0.0208,0.0181,207.06734311287116,252.08198292001703,468.6907823480953,175.6350278655674,140.08740695065052,189.74364789194175,352.8997681601043,2.109209242017994,296.2
20.78,5.4456,0.02,0.02,0.0197,206.5468339443866,251.44831958447065,469.5477045234961,175.10980570702648,138.50086501508903,189.2776607206642,351.15973752484217,2.0990206342343813,296.2
20.79,5.4705,0.0188,0.0188,0.0215,205.66998671239807,250.3808533890064,470.4003341059608,174.22252557084482,136.0867960115811,188.45703920293624,348.40057378418726,2.084935022827139,296.2
20.8,5.5727,0.0178,0.0178,0.0233,205.23369373283995,249.8497141095443,473.7698040888753,173.93712834512098,134.11088377244317,188.12986589982447,346.0232376287161,2.063297253318131,296.2
20.81,5.8598,0.0171,0.0171,0.0251,205.7068270789908,250.42570253094533,482.976031709813,174.9468267433783,132.90567118492,188.8909977962597,344.3930818027593,2.023842940536184,296.2
20.82,6.0643,0.017,0.017,0.0269,206.3586999349301,251.21928687730616,489.3755616873625,175.99032154423526,132.87920855731437,189.75933191255947,344.2598028229769,2.000768733449946,296.2
20.83,6.3474,0.0168,0.0168,0.0285,207.13460356611108,252.16386521091783,498.0054827575356,177.33132548269458,132.72879517229384,190.84813282612035,343.8884239508669,1.9695699288809023,296.2
20.84,6.6698,0.0169,0.0169,0.0301,208.23896647796548,253.50830701665365,507.545510115776,179.0915956778644,133.22271595000663,192.3349589004368,344.32185043239934,1.938898558961801,296.2
20.85,7.0394,0.017,0.017,0.0315,209.39873936029983,254.9202044386259,518.1337432543625,181.02051640545804,133.75827532125766,193.95532193015663,344.7654298384683,1.905584623014121,296.2
20.86,7.4877,0.0173,0.0173,0.0349,210.84990540377584,256.6868413611184,530.5314701150561,183.41853443390855,134.7435787000002,195.99780192304053,345.7502049163846,1.8692556007174943,296.2
20.87,7.995,0.0179,0.0179,0.0339,212.5862774040057,258.8006855353113,543.9930591656861,186.2263466382261,136.31443986175347,198.44388685252807,347.4967008343761,1.8332890208484536,296.2
20.88,8.5062,0.0195,0.0195,0.0279,214.8464122100636,261.55215399486,557.0118829691871,189.97860638667447,139.82004583871904,201.67761559546383,351.5896753946948,1.805579493162477,296.2
20.89,9.0095,0.0221,0.0221,0.0235,218.0241440544122,265.42069710971924,569.3763765686426,194.07455245270756,144.7030182543203,205.50489328825427,357.5526172706158,1.7897510058623811,296.2
20.9,9.4302,0.0231,0.0231,0.0183,219.58752562001152,267.32394423305755,579.3875993234385,196.4587364342529,146.63638147919335,207.64873751832195,359.7806299440126,1.7685101119223192,296.2
20.91,9.8077,0.0243,0.0243,0.0118,221.1728823420337,269.25394372073674,588.1349349351859,198.7591793861506,148.8279159275288,209.7332263811973,362.3061769383443,1.75246651272209,296.2
20.92,10.0987,0.0246,0.0246,0.01,221.8618573944508,270.0926959584619,594.7592718499984,200.0329438807923,149.4595107586902,210.86078150928108,363.0069909114093,1.7362441520399732,296.2
20.93,10.4251,0.0249,0.0249,0.0028,222.56817386793236,270.9525594913959,602.0257465831439,201.40086475704837,150.10030811297494,212.0702592760325,363.7090261042491,1.7184621529160664,296.2
20.94,10.7908,0.025,0.025,-0.005,223.1299835697339,271.63650173706736,610.0018612284182,202.72742386490788,150.43337615293066,213.22498113635064,364.0354292854888,1.6976752714251144,296.2
20.95,11.1368,0.025,0.025,-0.0096,223.55399739680567,272.15269248306777,617.411120742844,203.887756387766,150.60081433235686,214.22468053953563,364.1644459519305,1.6780654512543864,296.2
20.96,11.4121,0.0248,0.0248,-0.0105,223.71529160790288,272.34905065309914,623.224051099365,204.6526678743148,150.4253224321171,214.8645309977832,363.89406508541776,1.6616253839358872,296.2
20.97,11.4514,0.0246,0.0246,-0.0104,223.6240134306707,272.23792939386,624.0730665862592,204.64460451075564,150.13695265035864,214.85498613506863,363.5643372001983,1.6583016188029085,296.2
20.98,11.5497,0.0234,0.0234,-0.0102,222.7783348222882,271.2084076097421,626.1448296438487,204.10499981866872,148.31746986518738,214.2569138319708,361.2747652388656,1.6452140156568744,296.2
20.99,11.6126,0.0183,0.0183,-0.0099,218.57876973800003,266.095893594087,627.4763345022253,200.55507123977384,140.39774505146045,210.12153491313933,349.9677473554812,1.607344700454225,296.2
21.0,11.5929,0.0171,0.0171,-0.0084,217.55339419936837,264.8476103296658,627.1051932478183,199.60295498696047,138.53297553547907,208.91860872100412,346.933112818693,1.6001337746761026,348.3
21.01,11.7856,0.0158,0.0158,-0.0078,216.6672411488194,263.76881531160626,631.0996204085184,199.3048854127671,136.7774160247714,208.07286551847184,343.4685451530804,1.581543863268824,348.3
21.02,11.8839,0.0152,0.0152,-0.0062,216.28894225693296,263.3082775301793,633.1418385280799,199.213357294218,136.01294754146895,207.6810300029929,341.8064033087363,1.5727269737167449,348.3
21.03,11.9783,0.0152,0.0152,-0.0078,216.41469591349343,263.461368938166,635.0819853579171,199.5414762124911,136.13085521565716,207.9452791918355,341.8675520471118,1.5682620945032986,348.3
21.04,12.0215,0.0152,0.0152,-0.005,216.48749474904884,263.5499936075377,635.9973229945738,199.69803861883403,136.18871369569342,208.08060524475715,341.91778154457364,1.5662631119651649,348.3
21.05,12.1238,0.0155,0.0155,-0.0116,216.8691926441548,264.0146693059276,638.0630099256898,200.26068189723767,136.74736414412794,208.70046645704616,342.8503399041794,1.5635147260970546,348.3
21.06,12.1985,0.0155,0.0155,-0.0116,216.97090735358265,264.13849590870933,639.5923077276134,200.51916343029447,136.840380719684,208.91273077892296,342.9071261802518,1.5600610669192267,348.3
21.07,12.2693,0.0165,0.0165,-0.0223,217.9052355612319,265.2759389441084,640.9955022681027,201.4690947856705,138.37384275661523,210.2024532914024,345.76184111508474,1.5635214229277268,348.3
21.08,12.4384,0.0181,0.0181,-0.0317,219.4348419147553,267.13806841796304,644.3502562784796,203.1709752857742,140.90555200700427,212.26933730917028,350.0245379907228,1.5662447806024296,348.3
21.09,12.7372,0.0198,0.0198,-0.0419,221.13587775503737,269.20889465830635,650.2135342543157,205.3351883591852,143.69552423679636,214.61742229571684,354.23800405291,1.5634052874073996,348.3
21.1,13.0754,0.0208,0.0208,-0.0435,222.2476843663051,270.56239835898015,656.7842004691834,207.09009617257524,145.44794349245157,216.34014677726745,356.62617619629947,1.5541892721155297,348.3
21.11,13.3821,0.0239,0.0239,-0.0453,225.0162143355356,273.93278266934766,662.6551877119889,210.1751598566985,150.2183237052796,219.60998013372117,363.23131682592526,1.5595967906347612,348.3
21.12,13.6731,0.0254,0.0254,-0.0481,226.4204167605319,275.64224649108235,668.1476974487637,212.0510616124693,152.57933421590218,221.43627957657893,366.2192041454692,1.555626635405691,348.3
21.13,13.8657,0.0261,0.0261,-0.0482,227.11062794949405,276.4825035906884,671.7610036352509,213.08027762242835,153.70006675754428,222.41325418962967,367.5978506826031,1.5512942648671406,348.3
21.14,14.027,0.0274,0.0274,-0.0481,228.24278745972555,277.8607847335789,674.7695577167754,214.41200697822745,155.6563821506029,223.7140374510168,370.0040082199853,1.5518756953319568,348.3
21.15,14.1017,0.0278,0.0278,-0.0481,228.6207309848307,278.3208898945765,676.1725985684162,214.89417078274465,156.26963445190572,224.1841561382205,370.7607156815986,1.5510191103826028,348.3
21.16,14.1292,0.0282,0.0282,-0.0475,228.97361659989943,278.7504897737906,676.7102150678886,215.24468096863407,156.86016865059045,224.5426190268365,371.4997042527629,1.552227586160415,348.3
21.17,14.2,0.0282,0.0282,-0.0467,229.03812208021017,278.82901818460374,678.0390526894979,215.44920149033004,156.89649933730465,224.7338123304967,371.5578578080155,1.5492399545530635,348.3
21.18,14.2039,0.0283,0.0283,-0.0459,229.14730946327845,278.9619419552955,678.1448548484038,215.5358764322804,157.046903781598,224.8382560977378,371.7740522116848,1.549758244039897,348.3
21.19,14.2118,0.0282,0.0282,-0.0451,229.1042117861741,278.9094752179511,678.3236208604688,215.5015773681888,156.9135702077136,224.81970494688915,371.6489197333768,1.5489583332785737,348.3
21.2,14.2668,0.0281,0.0281,-0.0445,229.08322360136015,278.88392438426456,679.3597741988162,215.59618494101468,156.8008194393916,224.90796883357729,371.5322917384077,1.54610741399925,348.3
21.21,14.2511,0.028,0.028,-0.0437,229.02878254907137,278.8176483206086,679.1085321513025,215.4972236776517,156.65742612184974,224.83525605886123,371.40142582947664,1.5463356198545497,348.3
21.22,14.0073,0.0276,0.0276,-0.0429,228.62936412893768,278.33139980914154,674.6785234174368,214.5692209864588,155.98230565617064,224.03895087201815,370.7042284834065,1.55485653006852,348.3
21.23,13.7753,0.027,0.027,-0.0423,228.0688991075816,277.6490945657515,670.4186558368662,213.52843060216108,155.01625703538588,223.12265407368503,369.6449191994749,1.561836403561062,348.3
21.24,13.4804,0.0263,0.0263,-0.0415,227.3796349865104,276.8099904183605,664.9300078338482,212.2259950756335,153.86192900876324,221.9730782680759,368.3696953535878,1.5712207989792737,348.3
21.25,13.0872,0.0257,0.0257,-0.0409,226.6842233599503,275.9634023512439,657.4816171738624,210.6815093278017,152.7872311174335,220.6347863514256,367.2294800190643,1.5860639113540296,348.3
21.26,12.7293,0.0249,0.0249,-0.0403,225.8219685924549,274.9137008951625,650.582479716503,209.070537621359,151.41288808619495,219.2082052395629,365.6913845978269,1.5984361004377308,348.3
21.27,12.4541,0.0247,0.0247,-0.0391,225.47872553650288,274.4958397835687,645.2045901052111,208.10262729868688,150.96745298688393,218.40169798785087,365.2925757576432,1.610843503148928,348.3
21.28,12.171,0.0241,0.0241,-0.0385,224.7887647892884,273.6558875695685,639.5907657727437,206.81096790915495,149.90312148265994,217.26428001290745,364.107987358123,1.6214076009313647,348.3
21.29,11.9783,0.0234,0.0234,-0.0379,224.0779062309736,272.7904945420548,635.7328994262226,205.71303857072,148.72229162590136,216.26412370729244,362.71572450994273,1.626889837597004,348.3
21.3,11.9658,0.0233,0.0233,-0.0371,224.01382914044152,272.71248764923314,635.5120222218784,205.61026762681777,148.56596577632254,216.1829827811122,362.55411077527526,1.6270025209328602,348.3
21.31,12.0078,0.0232,0.0232,-0.0365,223.998790390211,272.6941796054743,636.3957375904326,205.68065550077773,148.4429286297655,216.2431011484794,362.4038775051352,1.6243034943443608,348.3
21.32,12.0499,0.023,0.023,-0.0357,223.90125102060813,272.5754360250882,637.280499012889,205.6796231319819,148.16699113796233,216.22489299629163,362.0485506518,1.6209545588028635,348.3
21.33,12.1356,0.0228,0.0228,-0.0349,223.84121596913064,272.50234987546344,639.0419931854107,205.81641317770303,147.91997384048926,216.3170210811749,361.6995972869157,1.6153964972131956,348.3
21.34,12.3243,0.0227,0.0227,-0.0343,223.94877328401083,272.6332892153176,642.8540930188935,206.34711358471148,147.89470053467963,216.7473429108798,361.5771227953376,1.6053673714207397,348.3
21.35,12.4541,0.0161,0.0161,-0.0335,218.54978901876115,266.0606127184919,645.4666159223219,202.03764854325004,138.16190905123696,210.99975905845005,345.8518428651987,1.5557922817648853,348.3
21.36,12.4384,0.016,0.016,-0.0329,218.47968277024765,265.97526598117105,645.1877848108597,201.9242523024764,138.00659810354225,210.87981860511124,345.6095435415017,1.5559898754233037,348.3
21.37,12.3715,0.0163,0.0163,-0.0323,218.69690181956236,266.23970656294546,643.8914981732474,201.92439430526957,138.36818216859444,211.06871741226,346.4723753747266,1.561224942003003,348.3
21.38,12.3268,0.0166,0.0166,-0.0315,218.93603099537,266.53082034218954,643.0342981345132,201.99940580517088,138.76017639525014,211.30578424711044,347.32660219546057,1.565442191191302,348.3
21.39,12.3049,0.0173,0.0173,-0.0309,219.5359681989762,267.2611786770145,642.62957278013,202.43775201366088,139.76948465709026,212.00470165542944,349.2333059741948,1.571250225724238,348.3
21.4,12.3009,0.0193,0.0193,-0.0303,221.2560682060937,269.355213468288,642.5818529611432,203.87738920910223,142.75592874389866,213.95627122149145,354.2765633855691,1.5848700875145874,348.3
21.41,12.3794,0.0208,0.0208,-0.0295,222.6149276170339,271.0094770989978,644.1789976740831,205.21844097490543,145.0890863117719,215.5148771211061,357.7997088122504,1.5910439110730166,348.3
21.42,12.458,0.0214,0.0214,-0.0287,223.2099588011088,271.7338628883064,645.7721096473689,205.905161002651,146.0597229040945,216.24921364808125,359.1841703609645,1.5912273721269958,348.3
21.43,12.7215,0.0224,0.0224,-0.0281,224.2747192142647,273.03009295649616,650.9908434131821,207.4427371316501,147.75438753320827,217.7539744415884,361.42167196538696,1.585003707343954,348.3
21.44,13.0754,0.0242,0.0242,-0.0271,226.0269663093408,275.16326333311054,657.8874870166658,209.7821729674849,150.66401688922025,220.0515870651592,365.188749382344,1.5795828188524617,348.3
21.45,13.9837,0.0244,0.0244,-0.0263,226.76524905267428,276.0620423249948,675.0250358930141,212.5720163680832,151.5060253029605,222.37069282535575,365.8045831065486,1.5396707539509304,348.3
21.46,14.5106,0.0257,0.0257,-0.0253,228.08428620600156,277.6678266855671,684.6689683464323,214.92641430079223,153.66765497762262,224.55256854081983,368.4256443517537,1.5247542717719202,348.3
21.47,14.9864,0.0277,0.0277,-0.0245,229.8707984996452,279.84271121695934,693.197278145025,217.53829072335608,156.72580345922074,227.03528885831287,372.1652270962713,1.51640385081781,348.3
21.48,15.478,0.03,0.03,-0.0235,231.8256755865453,282.2225615836204,701.8356604223206,220.31474487454847,160.13219156587652,229.63778726602004,376.1785953362092,1.509191704940376,348.3
21.49,15.942,0.0332,0.0332,-0.0215,234.36673742552827,285.3160281702084,709.8414487215671,223.50640855231777,164.66761161702226,232.59489112553015,381.2960762518753,1.507807306699373,348.3
21.5,16.4217,0.0383,0.0383,-0.0205,238.150255018564,289.92204958781707,717.9646371240901,227.7718535080666,171.61741959635037,236.40759316295765,388.5765789710873,1.5148314114050232,348.3
21.51,16.8011,0.0403,0.0403,0.1857,239.6348630489003,291.72939849431344,724.9700920851866,229.95207112817076,174.32064031669313,238.2214189369088,391.2685440917666,1.5084731502552304,348.3
21.52,17.1806,0.0409,0.0409,0.1563,239.84926488898373,291.9904094300672,731.1070271485777,231.4514965207057,175.40057150921328,239.31312991808804,392.13189001937184,1.4955741446300104,348.3
21.53,17.7351,0.0408,0.0408,0.1514,240.08991294987345,292.28337228680243,740.0348476832145,232.43468798118175,175.15017126625128,240.39249293075684,392.1453640186685,1.476740464097512,348.3
21.54,18.0496,0.0406,0.0406,0.1506,240.13329839078767,292.3361893453068,745.0439732654438,232.8997679916945,174.8304919839511,240.93457087717275,391.9919620370561,1.4657627595206306,348.3
21.55,18.2856,0.0404,0.0404,0.1498,240.1343286579316,292.3374435835689,748.7760582014153,233.21694874165797,174.53247561644335,241.3179046049873,391.8240610247919,1.4574730610725035,348.3
21.56,18.1479,0.039,0.039,0.1484,239.2128351126832,291.21562535457093,746.6504925055341,232.10236804355287,172.71620449245393,240.38177519199533,390.0556785850725,1.4560110072120822,348.3
21.57,17.9435,0.0346,0.0346,0.1481,235.8782190196212,287.1560927195389,743.465266374031,229.28823599304536,167.19995709912797,237.64797085584095,384.0454710381146,1.4407216352753758,348.3
21.58,17.6328,0.0284,0.0284,0.1478,231.28592457460064,281.565473395166,738.5621731867417,224.8263165763026,159.0654864858405,233.22752854535543,374.3078467718491,1.4205970086883046,348.3
21.59,17.3812,0.0275,0.0275,0.1476,230.61359006544205,280.74697921010335,734.5584435972888,223.68279313965468,157.77839437200043,232.1539921007269,372.7481651497061,1.424808197735438,348.3
21.6,17.1924,0.0272,0.0272,0.1468,230.39635023877452,280.4825133341604,731.5363164551595,223.05116428979213,157.2936286157389,231.60804561316812,372.23053980794674,1.4299896008436304,348.3
21.61,17.1649,0.0268,0.0268,0.1418,230.1168796981639,280.1422883281995,731.1071284056392,222.74469342262196,156.76510228815698,231.29986542397245,371.5534344950851,1.4290226323449648,348.3
21.62,17.1845,0.0267,0.0267,0.1214,230.0721034328569,280.0877780921736,731.3926591702754,222.73145596297917,156.6511176252736,231.29585666689317,371.4195178771727,1.428069697273943,348.3
21.63,17.1256,0.0267,0.0267,0.0973,230.09493339779013,280.1155710929619,730.3903881150349,222.58661730682843,156.6218178567658,231.21125164803587,371.4535366718539,1.4304317039750312,348.3
21.64,16.9171,0.0266,0.0266,0.0293,230.01930259930643,280.023498816547,726.7947440405198,221.98908034690737,156.37194709727288,230.76155037809892,371.2821461741036,1.437923796579783,348.3
21.65,16.7402,0.0263,0.0263,-0.0062,229.78996491555955,279.7443051145942,723.798969767065,221.3553217010169,155.87974533272543,230.225263667296,370.7495907786402,1.443078405477791,348.3
21.66,16.3352,0.0263,0.0263,-0.0257,229.9133876701349,279.894558902773,717.0259460933202,220.18881444770804,155.53611326900588,229.44421991049543,370.7257155653247,1.4593864434405202,348.3
21.67,16.1504,0.0263,0.0263,-0.0433,229.81458127734408,279.7742728593754,713.8885515670429,219.79641146052447,155.4944423349881,229.09801180440928,370.7377958325037,1.4659533214151823,348.3
21.68,16.1394,0.0264,0.0264,-0.0473,229.9050921669441,279.88446002932324,713.7217506067487,219.85286258069587,155.6381178919574,229.1770958286843,370.9621755406193,1.4669589644166567,348.3
21.69,16.1358,0.0268,0.0268,-0.0499,230.2141622837345,280.2607193019377,713.6846870183041,220.13390411479952,156.1998086387453,229.4853672506132,371.7308416566349,1.4691919174506838,348.3
21.7,16.1392,0.0298,0.0298,-0.0508,232.35622871997003,282.8684523547461,713.7716924058615,222.22448505339185,160.38904013007013,231.55202715521435,376.9385097636616,1.4839666943497487,348.3
21.71,16.1425,0.0328,0.0328,-0.0512,234.79040034313897,285.83179172208224,713.8586825235586,223.9674171693863,164.3266972324432,233.4396252981484,381.7132841928942,1.500797642090672,348.3
21.72,16.288,0.0329,0.0329,-0.0513,234.64003052358032,285.6487328113152,716.3436633958554,224.6670397959956,164.73830476818802,233.83045260631488,381.9342260210877,1.4938300913870457,348.3
21.73,16.3902,0.033,0.033,-0.0513,234.80027775353497,285.8438163956078,718.0911367168511,224.95569839721392,164.88367804812398,234.13008153868824,382.1471295851763,1.490808439481701,348.3
21.74,16.579,0.0338,0.0338,-0.0512,235.48421003485623,286.6764296076511,721.2749170470291,225.8857293300077,165.99429529783237,235.01331089317648,383.4160790763968,1.4880716219837102,348.3
21.75,16.8857,0.0357,0.0357,-0.0507,236.95815073630013,288.4707922007132,726.3809552865308,227.76373634514871,168.59398170344946,236.7367632775744,386.2490797564176,1.4863356147128934,348.3
21.76,17.0115,0.0376,0.0376,-0.0514,238.3009716328763,290.1055306835016,728.4755430174736,229.25834940455292,171.1799526601753,238.0425103551595,388.9281429805713,1.4906828684596367,348.3
21.77,16.9722,0.038,0.038,-0.0548,238.5659983847125,290.42817194660654,727.8537766012585,229.45258988703787,171.7393943144302,238.20276429905292,389.50215761983657,1.4939301645649574,348.3
21.78,16.8857,0.0381,0.0381,-0.0578,238.95118776339837,290.8970981467458,726.4567300399106,229.02936744650023,171.61080507213492,238.10988830866424,389.6657958035784,1.49982246599971,348.3
21.79,16.6458,0.038,0.038,-0.0589,238.87599477020245,290.8055588506813,722.5231320670936,228.40818509729735,171.43638260359833,237.59825370010333,389.536678499269,1.5085467131014505,348.3
21.8,16.1543,0.0379,0.0379,-0.0591,238.74045073123,290.64054871628,714.323903724052,227.16671236861723,171.21156433609292,236.55344400947897,389.36210203502674,1.5272268338119863,348.3
21.81,15.5999,0.0376,0.0376,-0.0592,238.4144659426687,290.2436976693358,704.8826702951774,225.61894231070616,170.70822008696967,235.24165733085755,388.9046716516148,1.548102411154745,348.3
21.82,15.0729,0.0369,0.0369,-0.0591,237.77543115350923,289.4657422738373,695.7144251754975,223.86119151925615,169.66355296842838,233.74534602457325,387.9020638275092,1.5666193716553831,348.3
21.83,14.6758,0.0356,0.0356,-0.059,236.7263262972932,288.1885711445308,688.6810116960102,222.0394110857261,167.80439217780724,232.1858602439721,386.0661311703346,1.5770898013349983,348.3
21.84,14.1528,0.0313,0.0313,-0.058,233.378908512898,284.11345384178884,679.2272735289439,217.94402410978964,161.6590133525943,228.55016359621052,379.6012809210731,1.5771615807374555,348.3
21.85,13.2877,0.0295,0.0295,-0.0572,231.5563260659454,281.8946578194118,663.0770262640025,214.33648722923132,158.7679255995437,225.40177114413697,376.5575509623117,1.6068951323740477,348.3
21.86,12.2457,0.029,0.029,-0.0566,230.42105299712884,280.51258625737427,642.7247570173826,210.88849923809556,157.63417290539817,222.4791114322055,375.53815110301576,1.6557429679887643,348.3
21.87,11.6991,0.0285,0.0285,-0.0564,229.5631593914088,279.4681940417151,631.6297603809779,208.83647561925216,156.67483587985362,220.73025313178425,374.6068007668309,1.6818462056395869,348.3
21.88,11.3924,0.0282,0.0282,-0.0558,229.0476935669027,278.84067042927285,625.2770041611967,207.6451733785863,156.101687396481,219.72235528066196,374.0615451853089,1.6970266155642597,348.3
21.89,10.8969,0.0279,0.0279,-0.0558,228.2858116776933,277.9131620424092,614.7625768986594,205.7938605571818,155.44878032255824,218.153869468773,373.4620884011116,1.7236450811785748,348.3
21.9,10.3779,0.0269,0.0269,-0.055,226.882678986534,276.20500050534577,603.4276453950364,203.3066045291092,153.67075872963048,215.99837880257044,371.6029243397172,1.7485210703038694,348.3
21.91,9.2926,0.0272,0.0272,-0.0548,225.7684573906261,274.8485568233709,578.4949746728433,199.21022633899952,153.44996409959705,212.8126237077654,371.8779687000753,1.8243135432448156,348.3
21.92,8.8954,0.0259,0.0259,-0.0544,224.0906909496392,272.80605854738684,568.937739671043,196.71104526327852,151.14083989938362,210.6469647381098,369.4410997733798,1.8439352637019288,348.3
21.93,8.4629,0.0262,0.0262,-0.0536,223.51034131745504,272.0995459516844,558.2236531002048,195.14815564406973,151.4470584270484,209.3670509993207,369.9008584793532,1.8787430715904505,348.3
21.94,8.168,0.0245,0.0245,-0.0532,221.5909717548045,269.7629221362838,550.7287341340242,192.6480448697793,148.42460284956633,207.1700897831358,366.6349551582316,1.889782099639288,348.3
21.95,7.8967,0.0204,0.0204,-0.0528,217.63453117552632,264.94638577890163,543.6853147610472,188.29124186305347,141.05635101639962,203.0804405145323,357.96099749975457,1.8800350076444348,348.3
21.96,7.6175,0.0189,0.0189,-0.0524,215.700114397276,262.5914436140752,536.276683290831,185.79684463601387,138.10636841384184,200.77930045822245,354.37100735113285,1.8908874360321477,348.3
21.97,7.4051,0.0178,0.0178,-0.052,214.21730399126815,260.78628311980475,530.5327297797131,183.87835855662848,135.87412727359094,198.9957918966381,351.58625553228813,1.899671902437872,348.3
21.98,7.3619,0.0175,0.0175,-0.0518,213.86159085744072,260.3532410438409,529.371569628444,183.42018786226024,135.2712355994084,198.5730131939449,350.8354194629073,1.90090934926316,348.3
21.99,7.3436,0.0174,0.0174,-0.0512,213.75058681873404,260.21810569237186,528.8949229085428,183.2509648243063,135.0670896725488,198.43255404944745,350.60803715544,1.901748357588503,348.3
22.0,7.3348,0.0175,0.0175,-0.051,213.84658572134316,260.33497392163514,528.6772865889743,183.29760573273688,135.24902867293662,198.51777461432263,350.9065810480075,1.9035524642358008,259.3
22.01,7.3346,0.0175,0.0175,-0.0507,213.8730834248144,260.3672319954262,528.6972119038741,183.3005818738573,135.25088627608923,198.54207634186253,350.9468576413221,1.9037092243530664,259.3
22.02,7.3344,0.0178,0.0178,-0.0499,214.17326063516356,260.73266512106864,528.7198846043004,183.55892643998075,135.8174038572633,198.84670453339749,351.7635489905433,1.906525909944217,259.3
22.03,7.3383,0.0193,0.0193,-0.0495,215.5497045997305,262.4083360344545,528.8533855999185,184.8354915669884,138.62287345320323,200.22709961487328,355.525110257555,1.9193949979573512,259.3
22.04,7.2478,0.0214,0.0214,-0.0491,217.13856461610325,264.34260040221267,526.3748593827366,186.1043209619654,142.4167496189999,201.61585466604373,360.3392780961245,1.945226207344479,259.3
22.05,7.1889,0.0305,0.0305,-0.0489,223.86942046708552,272.5366857860172,524.7591335827982,192.48907810344332,158.24656110771616,207.4157305394904,377.34657358844896,2.0184420987989484,259.3
22.06,7.151,0.0391,0.0391,-0.0485,229.1887931400879,279.01244382271574,523.7248942375352,197.74400872501192,172.02887418923268,211.60193810099008,389.7599775293038,2.075705500028935,259.3
22.07,7.1424,0.0499,0.0499,-0.0483,234.92095312462916,285.9907255430268,523.5084856471844,203.6523380224677,188.01980839023332,215.9189587423316,402.3585769486063,2.1336744060059334,259.3
22.08,7.1381,0.0584,0.0584,-0.0479,238.838145848354,290.759481902344,523.4136211642798,207.79243544582988,199.77355800780137,218.76494361297068,410.7160754072783,2.1731397149136518,259.3
22.09,7.1418,0.0686,0.0686,-0.0477,243.0308069892391,295.8635911173346,523.5419735892456,212.33376231584995,213.0916100357899,221.7519462124876,419.4513373677433,2.2143646235061656,259.3
22.1,7.1456,0.0773,0.0773,-0.0475,246.2499445019669,299.7825411328293,523.6730951263938,215.8819594846641,223.88237020896176,224.00584269524367,426.0633926624564,2.245884439427568,259.3
22.11,7.1771,0.0873,0.0873,-0.0467,249.72282021393931,304.0103898256653,524.5828856271331,219.793117456965,235.7142657324273,226.45104611715303,432.918935151327,2.2761295514678577,259.3
22.12,7.1967,0.094,0.094,-0.0465,251.8907931339653,306.64966120656646,525.1550098353048,222.24985292732703,243.34984792818935,227.96328594794485,437.1593781920914,2.294942867429265,259.3
22.13,7.2439,0.0983,0.0983,-0.0463,253.3785816762573,308.4608820406611,526.4944260729611,223.94558757230357,248.0984892553359,229.055450409495,439.7803358025054,2.3031240267483315,259.3
22.14,7.299,0.0998,0.0998,-0.0459,254.0705751654591,309.3033088970807,528.0484301126628,224.72368471695347,249.6856597725244,229.6227742575008,440.7220826567616,2.302290842568341,259.3
22.15,7.2478,0.0989,0.0989,-0.0457,253.6331082438757,308.77074047080526,526.653258680961,224.16098142190864,248.73235694598048,229.24649543994985,440.23072810787926,2.304823175144223,259.3
22.16,7.1535,0.0981,0.0981,-0.0455,253.03937349427412,308.0479329495511,524.0463243088789,223.40562099137512,247.93163198907305,228.689075357195,439.7737594164846,2.3118538314140906,259.3
22.17,6.9411,0.0959,0.0959,-0.0453,251.52079406419395,306.19922755641005,518.0636020920224,221.54992288620923,245.68891315786556,227.2988850791593,438.4312120471532,2.326714548385517,259.3
22.18,6.6108,0.0881,0.0881,-0.0451,247.76057588068684,301.62157063735793,508.5153477974405,217.0667616648515,237.12488696417424,224.1530799848244,433.5156431189705,2.337359905838893,259.3
22.19,6.2255,0.0812,0.0812,-0.0449,243.835634453453,296.8433810737689,496.99040848455,212.39628344243488,229.3603991044509,220.75156626849972,428.80192468986246,2.357246458990464,259.3
22.2,5.8401,0.0747,0.0747,-0.0447,239.8339471983378,291.97176180667213,485.0099974725947,207.6543305615498,221.7876632558537,217.247146456464,424.0238122245476,2.3797739205952184,259.3
22.21,5.3014,0.0694,0.0694,-0.0443,235.16233303341485,286.2845793450268,467.40285897883206,202.1698788836765,215.6127055114916,212.96262972220063,419.73362504506633,2.428689633169023,259.3
22.22,5.2228,0.0648,0.0648,-0.0439,233.1410900019584,283.82393565455806,464.7623963846186,199.7555699897956,209.660987253506,211.32529534936896,416.0094892883519,2.4212871774848845,259.3
22.23,5.2253,0.0553,0.0553,-0.0423,229.57560813835084,279.48334903799235,464.8791096598348,195.56046421260217,196.6609051134575,208.60331063398615,407.5714266927599,2.3800118813296853,259.3
22.24,5.2279,0.0469,0.0469,-0.0401,225.99563386783225,275.125119491274,465.0032776699763,191.44731942418036,184.44386836773384,205.8106127834816,398.9816727965312,2.3386147015035803,259.3
22.25,5.2385,0.0354,0.0354,-0.0389,220.2121185170529,268.0843181946732,465.3926353513586,185.0309061074104,166.31283543721844,201.1447207554016,384.7040910725344,2.270893161327483,259.3
22.26,5.498,0.0246,0.0246,-0.0377,214.4510216910691,261.0708090152146,474.109741393829,179.28507292087565,147.3775912042889,196.5472235450636,367.0985760044369,2.1598833584201387,259.3
22.27,6.0053,0.0197,0.0197,-0.0361,212.5637186370012,258.7732226885232,490.4201826992672,178.34816867093215,138.34743952901087,195.4491283987101,356.9231659370447,2.058549262953171,259.3
22.28,6.7878,0.0173,0.0173,-0.0363,212.9873499307596,259.28894774179435,513.9606996137661,180.5209699208426,134.38685980435022,196.81810807811132,351.3039928138352,1.9562243414942613,259.3
22.29,7.9478,0.0174,0.0174,-0.0371,216.0694449461024,263.0410634126464,545.9408865285526,186.2389349187824,135.74989648770344,201.462197844558,352.0179685034828,1.8558039988138024,259.3
22.3,9.7369,0.0176,0.0176,-0.0385,219.3291739449015,267.0094291503149,590.0257937950009,194.2388553743609,138.12652319145172,207.6618451547786,353.1114870710686,1.7275076211665903,259.3
22.31,10.3346,0.0173,0.0173,-0.0407,219.9661028655792,267.78482087983554,603.6348013564667,196.2896206237182,138.2332208914938,209.17839137922388,352.5184998220935,1.6887596164853365,259.3
22.32,10.8222,0.0171,0.0171,-0.0423,220.4591753619562,268.385083049338,614.3882196433921,197.9398607705316,138.42086821395853,210.39476281645992,352.1460448976567,1.6593375777598205,259.3
22.33,11.1211,0.0153,0.0153,-0.0423,219.267605797466,266.9344766230021,620.8483390907767,197.6733816692363,135.9496239539915,209.30690322354343,347.2002119904861,1.6300421709694772,259.3
22.34,11.3609,0.0133,0.0133,-0.0423,217.86500339694015,265.22696065714456,625.9601215917901,197.09947124147345,133.3053931867583,207.54967816459256,341.0268430351043,1.603617029908385,259.3
22.35,11.6598,0.0126,0.0126,-0.0423,217.68865569284745,265.0122764956404,632.2333661656022,197.7227705529565,132.78804999242416,207.4202958824756,338.7416938659758,1.584164268067367,259.3
22.36,12.0176,0.0123,0.0123,-0.0421,217.91580387259043,265.2888047144579,639.6098772600178,198.83813172869864,132.96358531645345,207.9346485417514,337.7959485295845,1.565238085797115,259.3
22.37,12.7097,0.0125,0.0125,-0.0419,218.8791149159738,266.4615312020551,653.4773638842229,201.4307402065517,134.3150446017743,209.9249124857012,338.68358821191134,1.5350212454654466,259.3
22.38,13.1186,0.0126,0.0126,-0.0415,219.40393063024996,267.100437289,661.4659985383463,202.9116514331321,135.08302053780162,211.05005986914705,339.1523998554481,1.5179838666902734,259.3
22.39,13.4725,0.013,0.013,-0.0413,220.05814849425556,267.8968764277894,668.2610859478281,204.3476769953004,136.09472711007572,212.43726375050755,340.63870536038326,1.5053857713167438,259.3
22.4,14.0466,0.0157,0.0157,-0.0409,222.5692348124657,270.9538510760452,679.0370490450082,207.8397609073182,140.14664559497197,217.11843417761625,349.2460362848444,1.4968196362082058,259.3
22.41,14.6207,0.0166,0.0166,-0.0407,223.48993696291487,272.0747058678964,689.5448918046817,210.32063397583656,142.0750605307924,219.4143594531336,351.930057920837,1.47764214112495,259.3
22.42,15.6195,0.0179,0.0179,-0.0405,225.4267472563535,274.4325618772999,707.2143507886888,213.73367529292372,144.57813440548875,222.9304486400866,355.6105158069003,1.4494888847400085,259.3
22.43,16.1504,0.0188,0.0188,-0.0401,226.14528896616395,275.30730830663435,716.3397662014934,215.94471195844093,146.35250981995375,224.94785449586223,358.01451805122593,1.4335496123707403,259.3
22.44,16.6773,0.0198,0.0198,-0.0395,227.1020317239681,276.4720386204829,725.2171111526914,217.98599743211128,148.08725079125432,226.99249243438328,360.56099399776105,1.4202140853453755,259.3
22.45,17.0351,0.0207,0.0207,-0.0391,227.90394771030543,277.4482841690675,731.1580511325823,219.4800643502377,149.51348427808097,228.55732298586696,362.7484675181752,1.412571488701844,259.3
22.46,17.3929,0.0225,0.0225,-0.0387,229.37093242644983,279.23417860611283,737.023232735375,221.49023315807256,152.02162062436935,230.86306174518785,366.799641728265,1.4097011341783472,259.3
22.47,17.6603,0.0232,0.0232,-0.0387,229.9720178156197,279.9659347320588,741.3658832733753,222.5948094909427,153.09911137679435,231.98863146779075,368.3465075971503,1.404351875948704,259.3
22.48,17.6446,0.0244,0.0244,-0.0379,230.91628463757664,281.1154769500933,741.1491517840093,223.28808019718983,154.5809619218112,232.9606951831324,370.8086238538853,1.4111286351628682,259.3
22.49,17.4991,0.0255,0.0255,-0.0377,231.77470270401983,282.1605076396763,738.8407019605063,223.60558230207968,155.8729352125752,233.5651212776376,372.9594599961405,1.4218869654894706,259.3
22.5,17.3654,0.0259,0.0259,-0.0375,232.097441792987,282.5534074001581,736.7113234679884,223.5290213325759,156.3024816068388,233.63777056409296,373.73568687519816,1.4287107601959517,259.3
22.51,16.7579,0.0267,0.0267,0.0355,232.78137221904063,283.3860183536147,727.0272437194291,222.44478530954095,156.89983168318068,233.0592083518102,375.1599286760896,1.4549782848238808,259.3
22.52,16.1504,0.0275,0.0275,0.0487,232.96741222036997,283.61250183349387,716.9248893152244,221.71645754992943,157.85765296012593,232.42071919285007,376.541946745228,1.4795257853111905,259.3
22.53,16.2683,0.0279,0.0279,0.0485,233.35853285898105,284.08864869789,718.9493727585198,222.25721638033437,158.44462586385706,232.9720686801217,377.31217178717753,1.4775025975651022,259.3
22.54,16.1032,0.0282,0.0282,0.0487,233.48170077206836,284.2385922442571,716.18720735579,222.1236612509233,158.8387476931105,232.8654413459388,377.851046460284,1.4848083372705143,259.3
22.55,15.7768,0.0292,0.0292,0.0489,234.5009730898494,285.4794455006862,710.6420424496434,221.64538524369647,159.81481156888282,232.88100359676952,379.5517011719412,1.5051074964752764,259.3
22.56,15.6038,0.0297,0.0297,0.0493,234.865255653524,285.92291992602924,707.689456014806,221.517799589253,160.4182838583775,232.86812739572304,380.40199833058574,1.5147893469901754,259.3
22.57,15.5605,0.0297,0.0297,0.0495,234.88239135826836,285.94378078397887,706.970819770877,221.4136538441981,160.404091709816,232.80364331564604,380.43682848838927,1.5166406641643144,259.3
22.58,15.5151,0.0296,0.0296,0.0505,234.8222547106353,285.8705709520778,706.217107720179,221.2411331957275,160.25260138780507,232.66922811689423,380.30445941830527,1.51803378746744,259.3
22.59,15.4977,0.0296,0.0296,0.0514,234.8467759163517,285.90042285468905,705.9487244993995,221.2049832877211,160.25028384537782,232.66027183576185,380.3439057243228,1.5188460837218505,259.3
22.6,15.5153,0.029,0.029,0.052,234.4218070948384,285.38306950675974,706.2876989113498,220.88210284847565,159.4457283624597,232.33169906066888,379.3783606526067,1.5149919793957642,259.3
22.61,15.533,0.029,0.029,0.0528,234.45683453125503,285.425711603267,706.6289020393267,220.93838456871336,159.46007276461043,232.39842607189223,379.4240251224281,1.5143947831271645,259.3
22.62,16.1307,0.0282,0.0282,0.0536,233.71518201473785,284.5228302788113,716.9219273853125,222.28312791923076,158.9090455317107,233.15219304529128,378.1946676512653,1.4845846813954655,259.3
22.63,16.5672,0.0277,0.0277,0.0554,233.68732235527207,284.4889141716356,724.3045290626172,222.88105507089372,158.31394570113494,233.73181010393884,377.4329060932895,1.4672325980425762,259.3
22.64,16.9997,0.0276,0.0276,0.0562,233.91811772088244,284.7698824428134,731.5000053052293,223.73272995673736,158.2871686584459,234.5591954602105,377.3696215265117,1.4524356834722676,259.3
22.65,17.4323,0.0257,0.0257,0.057,232.3991169488261,282.9206641116144,738.5859695378472,223.77401194802772,156.20158819733845,234.04874091889903,373.998053908769,1.4264055950610466,259.3
22.66,18.0536,0.0251,0.0251,0.0576,232.02211965863455,282.46171088877253,748.5611573805926,224.95075899994973,155.87213372139732,234.80005003276264,372.9895526890433,1.4023601014679778,259.3
22.67,18.2148,0.0244,0.0244,0.0594,231.5296633938028,281.86219891419466,751.1442448709817,224.9389668163371,155.13367879895188,234.57828984189192,371.68651766044735,1.393628366394588,259.3
22.68,18.3091,0.0228,0.0228,0.0598,230.3614524551237,280.4400290758028,752.6605306601923,224.24325555335605,153.2895417303011,233.46362835822487,368.47897538879096,1.3827403680500434,259.3
22.69,18.3721,0.0222,0.0222,0.0604,229.95009673335724,279.9392481971305,753.6829246804318,224.06383389986897,152.6435124615075,233.09125330984895,367.2540084582136,1.3778964300580634,259.3
22.7,18.2974,0.0207,0.0207,0.061,228.8731629120528,278.62819832771646,752.5463183229926,223.0395200363696,150.86319428011564,231.63416754243883,363.9587154906097,1.3731555441822842,259.3
22.71,18.1283,0.0199,0.0199,0.0616,228.3018824451381,277.93272645495074,749.9183156745129,222.17748982424317,149.81371002339432,230.59740256826964,362.114097484312,1.3748257343898205,259.3
22.72,18.0536,0.0196,0.0196,0.0628,228.1039031223465,277.69170814894363,748.773614512882,221.83194374869905,149.4148349701148,230.1981246960948,361.4289396881912,1.3758851590750327,259.3
22.73,18.0535,0.0188,0.0188,0.0634,227.5714765411548,277.0435366587971,748.8065517272087,221.40980686021183,148.55299395188325,229.43116517881876,359.516218855473,1.3722813991929592,259.3
22.74,18.0535,0.0176,0.0176,0.0642,226.78989327421365,276.0920439859992,748.8416927682493,220.79774231118108,147.31508055152145,228.2064764815419,356.4863811323837,1.3670274551698562,259.3
22.75,18.0536,0.0173,0.0173,0.065,226.62302086140656,275.8888949617124,748.8784045292059,220.6587483147534,147.02357360515404,227.9091012652097,355.7301008696536,1.3658344131885432,259.3
22.76,18.0693,0.0174,0.0174,0.0666,226.7204404533676,276.00749272583874,749.1645933148744,220.76103287365004,147.1478537528602,228.0745620269148,356.03861645105474,1.3658721394042812,259.3
22.77,18.0889,0.0175,0.0175,0.0676,226.8190756009414,276.12757029679824,749.5104418492691,220.87347378060016,147.2768904712621,228.2465670821268,356.3464186832177,1.3657945767374526,259.3
22.78,18.1597,0.0176,0.0176,0.0684,226.93093626606836,276.26374849782235,750.6640383962255,221.12107465018127,147.46530135103825,228.51091902271992,356.6604042471647,1.3641381533770836,259.3
22.79,18.1676,0.0179,0.0179,0.0692,227.1584180306171,276.5406828198817,750.8238202080519,221.3034707009333,147.7823536212202,228.8739661357006,357.4857754294839,1.3652939083650095,259.3
22.8,18.0536,0.0183,0.0183,0.0698,227.428184328113,276.8690939646593,749.0563901565656,221.2206465413178,148.07319851041785,229.11437607724264,358.53741718100014,1.3707154324230326,259.3
22.81,17.8333,0.0211,0.0211,0.0692,229.4134346547946,279.2859204493152,745.5846742680861,222.20422896155503,150.9704832924609,231.456543460812,365.2424829312454,1.3911343081458678,259.3
22.82,17.507,0.0237,0.0237,0.069,231.36159366926745,281.65759229302125,740.3791888483967,222.9208566245157,153.84751309723572,233.10746044570348,370.79226353349446,1.4152763014073209,259.3
22.83,17.1216,0.0264,0.0264,0.069,233.6524796900452,284.4464970139681,734.1470192605454,223.40856628150067,156.86158559962047,234.4800933129312,376.0092160370879,1.4444121573182245,259.3
22.84,16.6655,0.0259,0.0259,0.065,233.0331688033136,283.6925533257731,726.638217915792,222.1128162269812,156.05492260796592,233.228200376348,375.0423348226059,1.4570852859488168,259.3
22.85,15.5999,0.0267,0.0267,0.0634,233.387765704652,284.12423651001114,708.5661694386018,219.87431957208852,156.5012598841555,231.6317902570603,376.386060170442,1.501778561433908,259.3
22.86,15.0493,0.0269,0.0269,0.0612,233.38745575163568,284.1238591759044,698.9369518854127,218.52240513041625,156.46187546625487,230.60716685259317,376.6929199743738,1.52524041633368,259.3
22.87,14.6207,0.0268,0.0268,0.0605,233.1642155124977,283.85208844999715,691.2987688453815,217.2814000158376,156.08496342948763,229.6066279961985,376.471741242586,1.5427262080899244,259.3
22.88,14.1725,0.0266,0.0266,0.0605,232.82447217196483,283.4384878615224,683.1618846688344,215.89273650326624,155.5547844589717,228.46520322714213,376.0602627155144,1.561062123403166,259.3
22.89,13.7478,0.0247,0.0247,0.0604,231.1058142801173,281.3462086888385,675.3036245619429,213.40767350093532,152.59541601414503,226.09907317210104,372.4120034856072,1.5688604277529472,259.3
22.9,13.331,0.0239,0.0239,0.0608,230.22786250624992,280.27739783369555,667.44561792641,211.6306537948888,151.1697278937645,224.51188993644152,370.7779028853655,1.583181398928811,259.3
22.91,13.0203,0.023,0.023,0.0598,229.3053432549687,279.1543309190924,661.49014017009,210.0712862142095,149.64284682266657,223.0661290574232,368.9087166864679,1.5923098295871423,259.3
22.92,12.6428,0.0214,0.0214,0.0604,227.7180607618841,277.2219870144676,654.134668587883,207.7818774846773,146.99854898162286,220.82450177429675,365.4277158307032,1.6003733025051416,259.3
22.93,12.5445,0.0212,0.0212,0.054,227.4971550162797,276.9530582806883,652.1917544002996,207.330063100062,146.62527735934478,220.431324362912,365.0011207780621,1.604055345627867,259.3
22.94,12.4974,0.0211,0.0211,0.0481,227.40089559718163,276.8358729009168,651.2606956522138,207.1116390980324,146.44140421801552,220.25220670681168,364.8069249986567,1.6058936346466768,259.3
22.95,12.4108,0.0211,0.0211,0.0275,227.3520224748181,276.77637518673515,649.4801136438272,206.82572332693516,146.3716480373259,220.0584362327536,364.8283789475781,1.6104900249421898,259.3
22.96,12.3165,0.021,0.021,0.0066,227.21039564686677,276.6039599179247,647.5353777065603,206.44203838237488,146.14531211459595,219.7568296025059,364.62274513016,1.614854640821514,259.3
22.97,12.2103,0.0208,0.0208,-0.0106,226.9719019003045,276.3136197047186,645.3553932193852,205.94817837053424,145.75775339591348,219.3352472883212,364.1862087507115,1.619158498926864,259.3
22.98,12.0294,0.0204,0.0204,-0.0193,226.4920264671457,275.72942352522085,641.6777153212663,205.06517322345212,145.00221801336187,218.53830222251295,363.26791284685385,1.6258897783103083,259.3
22.99,11.9919,0.0204,0.0204,-0.0257,226.48290912878625,275.7183241567833,640.9140642324656,204.94287753619284,144.9734038449204,218.46649077736816,363.2995066408146,1.627997761895511,259.3
23.0,11.9841,0.0206,0.0206,-0.0331,226.6717697387422,275.94824142107746,640.7520607811766,205.06246646188345,145.27426483482,218.6494160525471,363.7988456630482,1.6299366878644368,317.2
23.01,11.9812,0.0207,0.0207,-0.0387,226.78051479780865,276.0806267103757,640.6974723091208,205.12778421951543,145.42754345471633,218.75612785585668,364.0673286800141,1.6309348407762874,317.2
23.02,11.9783,0.021,0.021,-0.0398,227.05960108989464,276.42038393552394,640.6612497745754,205.3393635423428,145.88633701445977,219.0363581694205,364.78841196729405,1.633223601480006,317.2
23.03,12.0097,0.0211,0.0211,-0.0403,227.2015104657824,276.59314317573507,641.3282337679749,205.5220175226263,146.0686012517346,219.2318317007349,365.06094936762986,1.6323990337240006,317.2
23.04,11.9154,0.0211,0.0211,-0.0406,227.13934873049232,276.5174680197298,639.4248607790119,205.21454601530257,145.996100728574,219.0095419880869,365.079750069421,1.6374012491015526,317.2
23.05,11.6637,0.0204,0.0204,-0.0406,226.32134307682296,275.52163505004535,634.2547379999596,203.86730284805057,144.7161746531729,217.7529656049993,363.4645101237263,1.646001270142767,317.2
23.06,11.4789,0.0197,0.0197,-0.0405,225.55378409219492,274.5872154165852,630.421795601174,202.72919776802345,143.47566658632476,216.65017553268183,361.81538552100136,1.6511734141143624,317.2
23.07,11.1171,0.0194,0.0194,-0.0405,224.91606568380115,273.810862571584,622.7774823433389,201.2462085660729,142.6830976236763,215.40479945697305,361.0483452661934,1.6689648854588963,317.2
23.08,10.9441,0.0194,0.0194,-0.0403,224.73772174765224,273.5937482145332,619.0821060562972,200.6352478668852,142.52948451830832,214.9447528886263,361.0460277510961,1.678786555029085,317.2
23.09,10.6689,0.0194,0.0194,-0.0391,224.4220402088553,273.2094402542586,613.1156205543775,199.64561776965596,142.2837793896869,214.1837158141332,361.0175550680702,1.6946900926044848,317.2
23.1,10.6178,0.0195,0.0195,-0.0393,224.4704175627452,273.2683344242116,612.0167055797655,199.5398596975997,142.40240915350188,214.152821170824,361.285674412532,1.6985245337682504,317.2
23.11,10.5641,0.0199,0.0199,-0.0385,224.77613597000368,273.64051335478706,610.8612788468475,199.6506269863498,143.00392009673206,214.38327136137428,362.26668922967406,1.7046922213711024,317.2
23.12,10.5541,0.0211,0.0211,-0.0383,225.82513756115017,274.91755877009587,610.6672029363998,200.51777827587216,144.93491259011225,215.4242238774412,365.072157516152,1.7140172371480595,317.2
23.13,10.5506,0.0285,0.0285,-0.0377,232.15389186478555,282.62212922669545,610.6185744165969,205.44830186219053,156.37228229705988,220.88319880186228,379.6629984022249,1.766899626885442,317.2
23.14,10.6195,0.0287,0.0287,-0.0371,232.42380597494872,282.9507203173289,612.1687010841645,205.8366817130921,156.71586424319386,221.2452823801896,380.0681709112766,1.7640557818759,317.2
23.15,10.6885,0.0287,0.0287,-0.0367,232.53945535331343,283.09151086490334,613.714151289325,206.08989327400943,156.7514076699427,221.47831503061383,380.1279362737201,1.7599616950697423,317.2
23.16,10.8576,0.0287,0.0287,-0.0363,232.46449652279455,283.0002566364456,617.4358296609307,207.0201215103936,157.11628325472427,222.00615306503764,380.2136346411044,1.7473029709723786,317.2
23.17,10.9598,0.0287,0.0287,-0.0357,232.61844550175792,283.1876727847488,619.6800564790238,207.3809046217215,157.16310201056172,222.3325435168171,380.2815260022323,1.741375771596536,317.2
23.18,10.8655,0.0305,0.0305,-0.0349,234.2018112352756,285.1152484603355,617.6663825588719,207.9253377174585,159.5788071878216,223.20679050915476,383.3179886302878,1.7608449778164763,317.2
23.19,10.8812,0.0323,0.0323,-0.0347,235.57090252596467,286.7819682924788,618.0346389481807,209.14711760935396,162.2898001025465,224.34515695732276,386.23229169177023,1.7709196069603166,317.2
23.2,10.9638,0.0324,0.0324,-0.0347,235.77266851613223,287.0275964544219,619.8502173142145,209.50547203663425,162.47070566999443,224.67415538086203,386.4513057923433,1.7666791867706657,317.2
23.21,11.2194,0.0323,0.0323,-0.0347,235.71398789030167,286.95615917080204,625.3612075855975,210.6651367501543,162.7162037064591,225.39015821498205,386.4040494707483,1.7485423828941584,317.2
23.22,11.239,0.0323,0.0323,-0.0347,235.76563342544463,287.0190319961935,625.8052584341033,210.73724060585465,162.72528473436748,225.47381488256065,386.45115406497234,1.7475376159791487,317.2
23.23,11.6165,0.0317,0.0317,-0.0347,235.77719034182152,287.0331012856958,633.7848367821393,211.61285617245596,161.95819874570944,226.2237852310124,385.64656444059847,1.722687551458396,317.2
23.24,11.8092,0.0316,0.0316,-0.0347,235.93153894847777,287.2210039372773,637.8101503181267,212.18432051181577,161.87952704283816,226.7280443771266,385.5771127738654,1.7115761459447143,317.2
23.25,11.8249,0.0315,0.0315,-0.0346,235.9024931201376,287.1856437984283,638.1617159672476,212.1771898992461,161.74069418028864,226.73889078938825,385.4640116250332,1.7102587524348425,317.2
23.26,11.534,0.0315,0.0315,-0.0345,235.6285446903194,286.85214136212795,632.1421902492626,211.2302550488352,161.64291635913378,225.9540920444461,385.4348995986264,1.7265166983976916,317.2
23.27,11.2272,0.031,0.031,-0.0321,234.94656438040911,286.02190446310675,625.6983336663355,209.88615342663888,160.79171286282,224.8067402409447,384.5991051058963,1.7411303151783415,317.2
23.28,10.9284,0.0304,0.0304,-0.0323,234.49574152281156,285.4730766364662,619.3058541804515,208.13563265776236,159.47924112753117,223.5989427180122,383.58828306261495,1.7577972897570322,317.2
23.29,10.5942,0.0302,0.0302,-0.0322,233.96100643881783,284.8220947950826,612.0237751295147,206.81892975630632,159.03486071149482,222.50579850848357,383.2128319089882,1.7770574131296184,317.2
23.3,10.2324,0.0301,0.0301,-0.0321,233.4273516232255,284.1724280630571,603.9748785931517,205.4346817575701,158.7289019487711,221.36071529235443,382.9907468396145,1.7994025524124346,317.2
23.31,9.7487,0.0304,0.0304,-0.0319,232.9542197032581,283.59644137787944,592.9240556346916,203.80896412097397,158.99186112961218,220.02975143292505,383.3890652695479,1.8333721608540647,317.2
23.32,9.3005,0.0306,0.0306,-0.0317,232.37842187038387,282.89547010307604,582.3777223910121,202.18628341522367,159.12645783676638,218.6885998360836,383.6240355562616,1.8659713435454897,317.2
23.33,8.8404,0.0326,0.0326,-0.0311,232.958303479248,283.6014129312584,571.2187001611318,201.6135284640448,162.0856022751299,218.26652648252733,386.6912673502386,1.9125553632059684,317.2
23.34,8.7067,0.0325,0.0325,-0.0311,232.6463565284037,283.2216514258828,567.9248133943146,200.99309397216297,161.88950747893787,217.7584889977645,386.5351777845378,1.9222910634278467,317.2
23.35,8.109,0.0323,0.0323,-0.0311,231.2159861942185,281.48033101904866,552.7159024366417,198.2767588059938,161.39611020162783,215.4550498792716,386.0637485507846,1.9689931570714816,317.2
23.36,8.0936,0.0312,0.0312,-0.0311,230.4497035263808,280.54746516255057,552.3377950547243,197.49584197809943,159.64124082741358,214.803084564582,384.36490738698905,1.963341948236168,317.2
23.37,8.088,0.0309,0.0309,-0.0311,230.2553054896567,280.3108066830604,552.2150618735234,197.276387653439,159.1591804553026,214.63503985559757,383.9220327832315,1.9620004043649888,317.2
23.38,8.1339,0.0308,0.0308,-0.0309,230.3209275209754,280.3906943733614,553.4355017222235,197.41836963362977,159.01511177122504,214.77777388708623,383.8178957413589,1.9576873122369824,317.2
23.39,8.1798,0.0325,0.0325,-0.0309,231.632491858492,281.9873813929468,554.6508227081196,198.73077478489708,161.7329943055679,215.93820665878997,386.565893952755,1.9650012809064523,317.2
23.4,8.4629,0.0342,0.0342,-0.0305,233.4498154861097,284.1997753743945,561.9380460709813,201.0490876771777,164.46312536166502,217.9449268420128,389.27669398928566,1.9527771894878576,317.2
23.41,9.4106,0.0357,0.0357,-0.0301,236.3734251278916,287.75895232960715,585.2342639569063,205.8932748890917,166.97295582921666,222.1180086117959,391.8049777808014,1.8904845144052984,317.2
23.42,10.0672,0.0386,0.0386,-0.0299,239.41180762107567,291.4578527560921,600.5442333246718,210.16353825522145,171.37952765551526,225.77121867279436,396.0437032053767,1.8618082164194232,317.2
23.43,10.9874,0.0388,0.0388,-0.0281,240.88509610689823,293.2514213475283,620.9945593204817,213.6117239797274,171.83900932962476,228.75806966250224,396.60929782097855,1.80452658690904,317.2
23.44,12.3755,0.0405,0.0405,-0.0269,243.23188751688545,296.1083848031649,649.9141462457076,219.5579128672688,174.81139266165383,233.5682686130007,399.22078793310425,1.732058068486772,317.2
23.45,14.3101,0.0426,0.0426,-0.0271,246.09293829931127,299.59140314698766,687.0370315133395,226.4395523105308,177.91147523453466,239.5361558044288,402.3285938336591,1.6473072824029462,317.2
23.46,16.3312,0.0436,0.0436,-0.0297,247.599586330935,301.4255833593992,722.633990879131,232.314070515419,179.49983512506054,244.63635304948056,403.9822827612476,1.5660407163844534,317.2
23.47,18.6866,0.044,0.044,-0.0379,247.77788382678412,301.64264118043286,760.8191046102222,238.48375838216427,180.71788526446605,249.6476002460479,404.9092882122604,1.478380110419749,317.2
23.48,20.6567,0.0417,0.0417,-0.0415,246.3785290789241,299.9390788786902,790.5495032038391,241.14165304506272,177.99609641780765,252.1807668299328,402.4347835575063,1.4067258895204096,317.2
23.49,22.2335,0.0393,0.0393,-0.0269,244.3063392067276,297.41641294732057,813.1630101417904,243.0799761508759,175.58559732604456,253.6454122692527,399.60604392397016,1.349881211394861,317.2
23.5,23.9558,0.0384,0.0384,-0.0124,243.0630203564384,295.9028073904467,836.7520293990062,245.9764230880689,175.1311464728219,255.9230000239095,398.66730724156366,1.2995128869611885,317.2
23.51,24.7226,0.0373,0.0373,0.0225,241.98169862543625,294.5864157179224,847.0119144073701,246.87018983480652,174.19193789619985,256.49768125213285,397.29922268998666,1.275416550793058,317.2
23.52,25.5366,0.0369,0.0369,0.0972,241.3446071529808,293.810826099281,857.7844841843067,248.21274118142975,174.09019456421075,257.49693754632483,396.8805638745321,1.2536294483043584,317.2
23.53,25.281,0.0369,0.0369,0.2489,241.4834468975201,293.9798483969811,854.9243250470283,247.81038648662053,174.0068752376115,257.1545890708842,396.8937025004904,1.259166829307499,317.2
23.54,26.96,0.0369,0.0369,0.0321,240.6870722850654,293.0103488687753,875.6422135013032,250.78578753081976,174.69172528260785,259.577395586001,397.1252892724953,1.2209992536636318,317.2
23.55,27.6324,0.0368,0.0368,-0.0229,240.2872472782168,292.523605382177,883.8221074224305,251.91454505817663,174.8782983885973,260.47194004493,397.1002588227831,1.205981949353251,317.2
23.56,27.829,0.0367,0.0367,-0.052,240.14284330566983,292.34780924168507,886.185783661912,252.21164385442185,174.8666537807639,260.7098803973024,397.02328040003135,1.2015311839968568,317.2
23.57,27.8801,0.0365,0.0365,-0.0564,240.0086394521456,292.18443063739466,886.8338238295182,252.21392871093695,174.69207256404988,260.69126399973453,396.7893255178194,1.1997880367774645,317.2
23.58,28.0846,0.0361,0.0361,-0.0574,239.65092953585767,291.74895769582673,889.349016517889,252.3864114543348,174.38418704731836,260.7579297317881,396.285277683822,1.1939752880691303,317.2
23.59,28.2498,0.0358,0.0358,-0.0598,239.3843418880457,291.4244162115339,891.3762145061946,252.53968188158805,174.1651144117069,260.8282912093133,395.9152512138895,1.189432578469543,317.2
23.6,28.3559,0.036,0.036,-0.06,239.49101410084305,291.554278035809,892.6911114458501,252.8349227106703,174.42464959993322,261.1205923070771,396.25556883359496,1.1880146290617204,317.2
23.61,28.297,0.0361,0.0361,-0.0599,239.623946825888,291.7161091793419,892.0196764158025,252.7955736938915,174.5074058106917,261.1332789381197,396.4348770505071,1.1897403029143234,317.2
23.62,28.1082,0.0377,0.0377,-0.0599,240.85785711246956,293.2182608325716,889.7777829993248,253.26983327472897,176.06712841510466,261.8532222180341,398.6991487312246,1.199866026904126,317.2
23.63,27.8133,0.0414,0.0414,-0.0594,243.60856382161035,296.5669472610909,886.2369366410486,254.6234214692033,179.84185547505348,263.52639976990633,403.5929673256581,1.220392202122346,317.2
23.64,27.1802,0.0605,0.0605,-0.0592,256.6234264785064,312.4111278868773,878.5099400553123,262.9706653209192,200.4178762221725,271.0877529443536,423.969128285138,1.3049441717536938,317.2
23.65,27.0692,0.0817,0.0817,-0.059,268.9204466658947,327.3814133323936,877.1743250567857,272.27939312902726,222.91385540675108,277.8009794693816,440.8879412497238,1.3760230578204236,317.2
23.66,27.0395,0.1139,0.1139,-0.0586,284.14816121226966,345.91950060624134,876.8440814812741,284.9188512599449,255.24808959839697,285.5572536402889,460.39474605445446,1.4622982852575532,317.2
23.67,27.1413,0.1359,0.1359,-0.0584,293.1761247613519,356.9100649268632,878.1414502945009,292.32128317913737,275.5001980344747,289.9645905060278,471.1501251525539,1.5107689866537686,317.2
23.68,27.2431,0.1578,0.1578,-0.0576,301.0045153147283,366.4402795135823,879.4374696115635,299.2392823199039,294.97485651168165,293.7756227120689,480.45545998569344,1.5524449764212236,317.2
23.69,27.8723,0.1568,0.1568,-0.057,300.68321746876296,366.0491343097984,887.18346166311,300.04865749992456,293.8993208334852,294.6222331811685,480.19096254018245,1.53527161733098,317.2
23.7,28.4424,0.173,0.173,-0.0564,306.04785643974776,372.5799991440408,894.1136693343913,305.69741824416025,307.6223003521528,297.9386381372873,486.4928149593413,1.5515673285392488,317.2
23.71,28.9694,0.1892,0.1892,-0.056,311.0936028761019,378.7226469796023,900.4473272290908,311.0173873127607,320.94770616009373,300.9903257837882,492.3064639164099,1.5670306895039854,317.2
23.72,29.3429,0.192,0.192,-0.0558,311.9769833200948,379.7980666505503,904.9045166068724,312.4044085616413,323.11555801378967,301.94938137066083,493.3469558976474,1.5631191217823517,317.2
23.73,29.8423,0.2221,0.2221,-0.0556,320.5018391731716,390.1761520369046,910.7977176454266,320.8210211638716,346.979467999842,306.4008562627815,502.8924954015396,1.598192251542602,317.2
23.74,29.98,0.251,0.251,-0.0556,327.8563066250712,399.1294167609563,912.4395022489388,327.72223464673993,369.0247313286735,309.76912931485936,511.0254320205426,1.6350898603471873,317.2
23.75,30.2473,0.2584,0.2584,-0.055,329.7137999874721,401.3907130282269,915.5793578431798,329.8225381981009,374.44628706620034,310.9506423857265,513.047714049825,1.6388381970255377,317.2
23.76,30.4361,0.2579,0.2579,-0.0548,329.6779411196161,401.3470587543152,917.797767764058,330.0526233328506,374.00183032506544,311.2157803822733,512.99680098831,1.6341364337451725,317.2
23.77,30.8765,0.2698,0.2698,-0.0544,332.5823656457228,404.8828799165321,922.8894752064888,333.3845535808764,382.621397065546,313.0666877020287,516.1237439335953,1.6395953648876744,317.2
23.78,31.2933,0.2745,0.2745,-0.0546,333.78811717675313,406.3507513456125,927.668573311476,335.1067312344442,385.9064827099081,314.1584378163843,517.3902006803958,1.6364862284695565,317.2
23.79,32.0837,0.2738,0.2738,-0.0544,333.8286720530528,406.4001224993687,936.5927511377092,336.3200701769763,385.13996518719966,315.2589422380384,517.3689987848436,1.6190176024466028,317.2
23.8,34.3368,0.273,0.273,-0.0542,333.95341433596246,406.55198266986736,961.2411169765344,339.8643902594036,383.8858143831919,318.31501925634166,517.4870573622684,1.572657174984457,317.2
23.81,33.7234,0.2671,0.2671,-0.0548,332.54057468300545,404.83200396191967,954.6812293933784,337.61567380588514,379.7334212477047,316.9516248986445,516.0053208243033,1.5775484798520254,317.2
23.82,33.1534,0.2612,0.2612,-0.0582,331.10981783673907,403.0902130186389,948.514672267703,335.411662479173,375.5428111775869,315.6257645025284,514.4988876471233,1.5816705284121229,317.2
23.83,32.9569,0.2499,0.2499,-0.0586,328.34187924893644,399.7205486508792,946.400873494864,332.58751502067355,367.17806235698777,314.23689950081376,511.5811742567534,1.57113210423727,317.2
23.84,33.0571,0.2398,0.2398,-0.0588,325.7965996628752,396.6219474156742,947.5383077822268,330.44896777567783,359.5170131391733,313.3361961571658,508.9102397005341,1.555647125085667,317.2
23.85,33.1572,0.234,0.234,-0.0589,324.3054931884304,394.8066873598283,948.67288861267,329.2628599638011,355.0569659775384,312.87273599687086,507.3581650091822,1.5457278840324429,317.2
23.86,34.8598,0.231,0.231,-0.0589,323.4308958401286,393.7419601532,967.0407225098746,331.2191368812849,352.2648485879604,314.8362883512979,506.7492774682812,1.5079957154348342,317.2
23.87,34.2228,0.2102,0.2102,-0.0589,317.6120164909853,386.65810703250384,960.289460842022,325.1210691950438,336.21691302999795,311.58801765866247,500.55592328666,1.4900475912888078,317.2
23.88,34.6868,0.1991,0.1991,-0.0588,313.96409261552424,382.2171562275947,965.2842787636353,323.3166730498582,327.75123594149704,310.82642205238915,497.14024057490224,1.4626494260798515,317.2
23.89,35.4103,0.188,0.188,-0.0578,310.75015477914275,378.3045362528695,972.9714394251188,320.6923922796385,317.5259745777472,310.3070748622594,493.57428013575,1.4332776142366024,317.2
23.9,35.2845,0.1819,0.1819,-0.0572,308.91567429577213,376.0712556644183,971.6906479516916,318.6666895086014,312.3210428220738,309.3361278054433,491.50144228907016,1.4261167990752317,317.2
23.91,34.6239,0.1655,0.1655,-0.0568,303.1076913559762,369.0006677377102,964.7391792753192,313.53097647584474,299.4857970409958,306.1211391825049,485.4846580734458,1.4081462141140748,317.2
23.92,32.6499,0.1656,0.1656,-0.0566,303.79170989374086,369.8333859575976,943.3786609336146,310.64392205834434,300.09349124655733,303.594867022258,485.3632631032368,1.4479109441332505,317.2
23.93,31.2029,0.1657,0.1657,-0.0564,304.20779282536995,370.3399217004504,927.2165381071112,308.4252418006723,300.5626818393079,301.6697306698634,485.2898711817583,1.4787623951212876,317.2
23.94,31.3012,0.1661,0.1661,-0.055,304.3624679241452,370.5282218206985,928.373271420296,308.7086641514304,300.8754398014616,301.9018659888791,485.5046210470607,1.4774821681094077,317.2
23.95,31.0102,0.1683,0.1683,-0.0546,305.2044018829513,371.5531849009842,925.1047532403084,308.89146045123186,302.82489217543247,301.86057588498005,486.3535836429078,1.487887419737073,317.2
23.96,30.5226,0.182,0.182,-0.054,309.7859808974505,377.130759353418,919.558276320026,311.94534169374106,314.44215837169224,303.17025013467475,491.3210813362814,1.5227276768538744,317.2
23.97,30.3535,0.2079,0.2079,-0.0542,317.5688722490094,386.6055836074897,917.6455908811118,318.43635978166816,335.48911040907615,306.32717289905884,499.92539287402207,1.5684085041533984,317.2
23.98,30.3338,0.2141,0.2141,-0.0538,319.3386686262205,388.76011832757285,917.456764750232,319.9485659173677,340.39062820229515,307.08212696306134,501.8893993627954,1.5783477633949017,317.2
23.99,30.2591,0.2252,0.2252,-0.0556,322.3691719915558,392.4494267723288,916.6264034319992,322.507213867053,349.0687385043717,308.2993953347422,505.2422177498412,1.5964012797353748,317.2
24.0,29.5238,0.2529,0.2529,-0.0568,329.2049618887082,400.7712579514709,908.0844104557932,327.5272132919917,370.3237429639936,310.2173657896674,512.880068714635,1.6509737714566377,317.2
