Depth,qc,fs,fs_corrected,u,andrus_2007_holocene Vs,andrus_2007_pleistocene Vs,andrus_2007_tertiary_age_cooper_marl Vs,robertson_2009 Vs,hegazy_2006 Vs,mcgann_2015 Vs,mcgann_2018 Vs,Ic,Measure Vs
0.04,32.2718,0.026,0.026,0.0042,74.35181636623986,90.5152547067268,498.8004283844179,75.5765734881895,49.98890588734451,43.9444292017262,75.68202782720792,0.7415208085135181,86.0
0.06,24.5406,0.0053,0.0053,0.0016,88.75343568667301,108.04766083594976,467.650072941609,82.96871759885533,61.52016810751725,41.43832891100396,68.05703665908067,0.9594295970030148,86.0
0.08,15.4184,0.0236,0.0236,0.0005,88.64154378882971,107.91144461248834,402.8863341150928,78.63762372722914,56.05252528563703,47.52325686234087,88.57508410579429,1.126808120210238,86.0
0.1,17.8188,0.032,0.032,0.001,94.12595603156542,114.58812038625356,435.2941511672693,87.84166889918781,65.00624583303059,52.95070764435636,97.60807619704404,1.0965868570471873,86.0
0.12,21.9528,0.0446,0.0446,0.0047,99.76853903449314,121.45735186807862,480.0056645781997,98.78261273781644,76.16885687384399,59.00645873292882,106.88903781844992,1.041702015308284,86.0
0.14,23.187,0.0548,0.0548,0.0011,105.28402351646224,128.17185471569317,497.6646075122374,106.7403799263584,86.06770418338158,63.14739220365163,114.202189619605,1.0567920504946071,86.0
0.16,23.4942,0.0362,0.0362,0.0006,98.53657303810084,119.95756717681842,506.8272799517102,104.53647367900824,75.85302795395135,63.43870731128137,111.93846162525728,0.9595996560159538,86.0
0.18,23.6074,0.0421,0.0421,0.0005,102.72725589680664,125.05926804828636,513.7137648438778,109.85913702493336,82.41617060481445,66.42291459378701,117.61451662279592,0.986426984664667,86.0
0.2,22.4574,0.077,0.077,0.0014,118.85028812032267,144.68730727691457,509.29449846426814,123.44572485035378,111.08487390244451,71.3967850661029,130.60632176554518,1.1658906072899236,86.0
0.22,21.839,0.057,0.057,0.0009,113.05681705916442,137.6343859850697,508.6663154334826,119.88591862670096,98.9184159162056,71.21942402244613,128.63725001534743,1.1027729250791682,86.0
0.24,22.7105,0.0697,0.0697,0.0008,118.8206089110861,144.65117606567006,520.7932150010117,127.36466843354228,110.77730561885846,74.61076844719969,135.0235550108081,1.1315326276057465,86.0
0.26,19.791,0.0399,0.0399,0.0007,108.85881994781718,132.5237808060383,498.0567776671503,117.36020835986736,89.71438019484222,71.40892882796027,128.0172076946756,1.0792586838623617,86.0
0.28,18.5045,0.0653,0.0653,0.001,121.33223817685884,147.7088116935673,489.0077165558976,127.98109285380264,113.71784585211208,75.20617290666142,138.99760056014105,1.2389374826318202,86.0
0.3,16.9634,0.049,0.049,0.0007,116.43431188671003,141.74611881860355,476.2721212906148,123.06178323753213,102.21608372802108,73.92539683002845,136.17435244673885,1.2181781570117622,86.0
0.32,17.6003,0.0471,0.0471,0.0014,116.26426078200518,141.5391000824411,486.1243880915919,124.87926771232276,101.8666514001502,75.41628623985174,137.7438654890439,1.1865005351006783,86.0
0.34,16.4873,0.0525,0.0525,0.0006,119.928587283624,146.00001930180315,476.9945590593397,127.96739393166024,109.00673526898206,76.66757345149747,141.7919376769511,1.2524374809357277,86.0
0.36,15.8951,0.0515,0.0515,0.0006,120.5518894016355,146.75882188025193,473.04504428087046,128.88288126782402,109.9721482528653,77.36273738535697,143.4592566089463,1.2697841921904636,86.0
0.38,14.5743,0.0464,0.0464,0.0009,119.52721965027656,145.51139783511928,460.0835804788459,127.23066619437766,107.2084095451643,76.89096027627218,143.3847263598705,1.2965471401458415,86.0
0.4,12.1131,0.035,0.035,0.001,115.3981663994422,140.48472431236442,430.880231329797,120.89677731324043,97.88236644218424,74.18855493376336,139.8382138907264,1.3421770933907902,86.0
0.42,12.8965,0.0739,0.0739,0.0012,131.2438243827022,159.77509055285486,443.45725751164616,139.08746628715983,138.45368305529402,80.73959420422052,156.09288035597575,1.4942112913983985,86.0
0.44,10.9492,0.0812,0.0812,0.0012,133.34017917144277,162.32717464349554,418.5013623833224,140.60732750292283,149.3937972515004,80.51223477007136,159.6934105058104,1.6218094587151128,86.0
0.46,10.4287,0.0846,0.0846,0.0009,134.62267084250635,163.8884688517469,412.5972389498144,142.5377289779576,155.12217823257774,81.21970083246633,162.30449111079102,1.6637821665120778,86.0
0.48,8.5184,0.0859,0.0859,0.001,133.73408313955434,162.80670990902271,383.52279489213976,141.29150975626928,161.20387953795512,79.92743497335384,164.14117923229705,1.7926105878332437,86.0
0.5,7.4962,0.0866,0.0866,0.0006,133.05006329161975,161.9739900941458,366.72142606451393,140.96893808873284,165.62916881269368,79.41866766525952,165.8633058346382,1.873620562194109,80.0
0.52,5.7544,0.0835,0.0835,0.0015,129.30613247599982,157.41616127513024,332.7866251131534,137.29889180295095,168.32205989209152,77.05604895410492,166.39943353527298,2.025343420297844,80.0
0.54,4.396,0.0737,0.0737,0.0003,123.5650189877172,150.42697963722094,301.37215580943183,131.4054620482603,163.31818142858273,74.13501780379848,164.96232801653343,2.1543090068284765,80.0
0.56,2.6717,0.0653,0.0653,0.0012,113.61100858204487,138.3090539259677,250.07953774118135,122.63935385965414,162.32478297171986,69.00956915340205,163.28574373839257,2.425522774754977,80.0
0.58,1.6218,0.0464,0.0464,0.01,101.13126618515535,123.11632405149348,207.5729561780145,109.99561912695636,144.37592714765435,63.03930380586388,157.00314615720694,2.6349116265792727,80.0
0.6,1.4677,0.0474,0.0474,0.0233,99.98596497342508,121.72204431547402,200.7882317522978,110.09746272324948,148.4110460316385,62.83899683801608,158.6778553954792,2.699956937299734,80.0
0.62,1.4928,0.0458,0.0458,0.0268,100.40694206937272,122.23453817141028,202.81729213713015,110.51446371279212,146.81180336841473,63.38854475682236,159.3070432004333,2.679592951281944,80.0
0.64,1.4702,0.0434,0.0434,0.0326,100.04948964838836,121.79937870238584,202.4094784522368,110.13867034833837,144.23998846889194,63.52573631499534,159.45404439095276,2.6732192464598383,80.0
0.66,1.4236,0.0426,0.0426,0.0315,99.66545707823654,121.33186079089666,200.5427933113341,110.18056697156172,144.4114866158214,63.6766053608129,160.27385761074518,2.6881186257108207,80.0
0.68,1.3163,0.0422,0.0422,0.033,98.51730102583882,119.93410559667336,195.29585159984768,109.8086127323305,145.80330616285232,63.43710232283188,161.1975196683199,2.7332408503020797,80.0
0.7,1.27,0.048,0.048,0.0289,99.34782318894348,120.94517605610508,193.12528655695888,112.62334365414276,157.0155533303459,64.30516199918996,165.08175145369364,2.7917743493836404,80.0
0.72,1.2475,0.0514,0.0514,0.029,99.98259529046967,121.7179420927457,192.36173205695164,114.54595944869072,163.88652729736887,65.01237559154194,167.7261516670163,2.8221088165285635,80.0
0.74,1.2478,0.0548,0.0548,0.0303,100.93066374218556,122.87211238179114,192.93369561043255,116.64778157572852,170.41224151127275,65.86093694712169,170.30536364311803,2.840035759271163,80.0
0.76,1.379,0.0581,0.0581,0.0222,103.75137424400268,126.30602081878588,200.71295067468185,119.95720433535676,175.10266070471403,67.64066598549498,172.89453543848524,2.797116140600308,80.0
0.78,1.5738,0.0566,0.0566,-0.0301,106.17899314148023,129.26138295484552,210.454113140868,121.75093632955756,171.94792038690025,69.28905212909156,173.61340410556937,2.717195468784876,80.0
0.8,1.5559,0.0521,0.0521,-0.0311,105.44643751388432,128.3695761038592,210.03304365813685,120.5298108124081,166.0928597947039,69.18624054393617,172.84271938903117,2.7011547008219066,80.0
0.82,1.6391,0.0506,0.0506,-0.027,106.52918616857627,129.68770490087547,214.90100466384845,121.35851331110294,163.83462890376651,70.01736322750277,173.33342060717015,2.659975307833308,80.0
0.84,1.7951,0.0441,0.0441,-0.0257,107.19479012773016,130.49800537288888,223.1044783575709,120.40663256323468,152.6477094607898,70.60649167379236,171.41928819663977,2.5653617733285574,80.0
0.86,1.7567,0.038,0.038,-0.0285,105.56171645898324,128.50991568919702,221.71694318229336,117.73234397148998,143.15127383854855,69.97886359149884,169.110468765573,2.5390287391500563,80.0
0.88,1.9079,0.0308,0.0308,-0.0332,105.21062816677173,128.08250385520037,229.299143783034,115.41386298235123,129.54351488714633,70.03799790071616,165.61572728753717,2.433810582160968,80.0
0.9,1.801,0.0224,0.0224,-0.0377,101.41104370960926,123.45692277691562,224.6749162714704,109.58028652026697,113.61473273115372,68.07094829610618,159.7372318705062,2.390954360040382,80.0
0.92,1.6842,0.0162,0.0162,-0.0111,97.8236173280555,119.0896210950241,219.97881788704737,104.23265795136771,100.28102463754963,66.02999626289979,153.92541767708894,2.352855802640869,80.0
0.94,1.4994,0.0134,0.0134,-0.0058,94.73093486194236,115.324616353669,210.9666214660905,100.55375745479483,94.2250694767566,64.30269654346834,150.8643117061785,2.380529928056476,80.0
0.96,1.3787,0.0111,0.0111,-0.0082,92.24427184464786,112.29737441957133,204.668364837675,97.45660928800427,88.61488714529092,62.91217222495601,147.91030784069554,2.3917400970377822,80.0
0.98,1.2547,0.0085,0.0085,-0.0099,89.188961989294,108.57786676957532,197.77267042268969,93.48025155671615,81.31364809540842,61.05344693109829,143.51378155433062,2.3951784102336564,80.0
1.0,1.1386,0.006,0.006,-0.0106,85.82463081821551,104.48215925695804,190.90934590126787,88.97554146142258,73.11643842891317,58.819567475394265,137.76426030046437,2.388970763870378,57.0
1.02,1.0046,0.0054,0.0054,-0.0098,83.5909936161597,101.76294875010744,182.33710104493605,86.53997506386989,71.0665994003296,57.58168506161464,136.44622889515702,2.4438312014906995,57.0
1.04,0.8205,0.0087,0.0087,-0.0114,83.36672248545388,101.48992302576994,168.98055418905216,89.24942739744499,84.21713397393911,58.50062495181268,145.67025303863846,2.654916690751482,57.0
1.06,0.7207,0.0135,0.0135,-0.012,84.14018188771165,102.4315257763446,161.04476396903277,93.43911822889942,100.98415222792366,59.86696027047876,154.82921528918524,2.830986246362354,57.0
1.08,0.6242,0.025,0.025,-0.0095,85.86282581422932,104.52865751297485,152.75734871694036,101.26885707132269,134.18975834211247,62.03906870612335,168.3579242525404,3.0719267551200864,57.0
1.1,0.7035,0.0372,0.0372,-0.0174,90.9842872308486,110.76348010712005,159.94243996474574,109.99925612171953,160.82327103994393,65.56711640857336,178.26760970142928,3.105834505737364,57.0
1.12,0.7174,0.0371,0.0371,-0.0222,91.50101144255348,111.39253566919557,161.2673496387551,110.372607804274,160.67580565300983,66.06753530069479,179.04539582337705,3.0947630453014305,57.0
1.14,0.7048,0.035,0.035,-0.0171,90.9969437076977,110.7788879919798,160.63452207532077,109.27969766242472,156.7003529413928,65.90471833902086,178.46835317426408,3.0885209502196678,57.0
1.16,0.8267,0.0358,0.0358,-0.0173,94.46207841280378,114.99731285036982,171.11458703993625,111.99136335603212,156.3840121422511,67.89027037125895,179.99514658641488,2.993969216803549,57.0
1.18,0.9571,0.0331,0.0331,-0.0195,96.86610684447524,117.9239561584916,181.28406458502,112.61581632142897,148.8711153262591,69.21569723492166,179.13589858811284,2.88145117333837,57.0
1.2,1.1334,0.0284,0.0284,-0.0181,99.02959398839543,120.55776659456836,193.83856957155908,112.20016280871552,136.7062269883786,70.35367911910079,176.57386795916855,2.735175626296688,57.0
1.22,1.0787,0.0248,0.0248,-0.0173,97.18526741952635,118.3124994672495,190.51964667824484,109.31316658178304,129.26769643875718,69.39098354129841,174.1530064095034,2.7312824628503485,57.0
1.24,0.9602,0.0223,0.0223,-0.0178,94.39873225877282,114.92019579328868,182.455741179607,106.16501197820726,124.67076771331344,67.94514662048232,172.3235173407688,2.7774175191322588,57.0
1.26,0.5395,0.022,0.022,-0.0161,84.034935934854,102.30340026851792,146.35523469722943,98.95792993197456,130.42302598682005,62.74060261466565,171.98286861415932,3.138035053911688,57.0
1.28,0.4134,0.0217,0.0217,-0.0081,79.53449544088967,96.8246031454309,132.62938728478025,95.7971221365982,132.87708072711462,60.57671250406998,172.02231369821664,3.3019908457577314,57.0
1.3,0.3672,0.0219,0.0219,0.0007,77.86509638603502,94.79229125256435,127.39410756083473,94.80826778540388,135.0022160231821,59.85451572409077,172.7529364552868,3.3755555905605217,57.0
1.32,0.3164,0.0212,0.0212,0.0034,75.38999110539567,91.77911960656864,120.70286391348236,92.76288271488684,134.99025086561988,58.67556831120616,172.5005054045368,3.462360335932872,57.0
1.34,0.312,0.0209,0.0209,0.001,75.18294076391575,91.52705832128872,120.09279696195472,92.48008846628466,134.53374183525534,58.73315899554291,172.81961392067436,3.4705859568468203,57.0
1.36,0.3114,0.0195,0.0195,-0.0014,74.8933629384717,91.1745287946612,120.0322246823073,91.50334156186088,130.56042664135404,58.62088785691945,171.90961053005609,3.456693939935205,57.0
1.38,0.3039,0.018,0.018,-0.0041,74.17323974896718,90.29785708569918,118.91914762940948,90.12506471853268,126.3825601859598,58.26463736285562,170.72880365434276,3.4553897447538686,57.0
1.4,0.2952,0.0161,0.0161,-0.0045,73.28306535593016,89.21416652026281,117.74131776497568,88.30894465719403,120.66731281809516,57.717128929561,168.8481759408464,3.44747057820091,57.0
1.42,0.2784,0.0151,0.0151,-0.0045,72.17148342530191,87.86093634384581,115.27985993134835,86.86902106381952,118.04531693673654,57.153316746084535,167.9756235755262,3.471196028685036,57.0
1.44,0.2639,0.0138,0.0138,-0.0047,71.0351658147712,86.47759316580843,113.07470627790528,85.15426995957183,114.13075520476784,56.51188999530372,166.54377276305644,3.485684984475476,57.0
1.46,0.2518,0.013,0.013,-0.0041,70.18006652891016,85.43660273084716,111.2446467327478,83.95666294381559,111.7821710991682,56.0682807962859,165.77593119023012,3.502784914752751,57.0
1.48,0.2498,0.0119,0.0119,-0.0034,69.81364906768147,84.99052929978613,111.10368627250315,82.83794751842603,107.77087545160929,55.8051510747371,164.43689152817635,3.486621900373082,57.0
1.5,0.2374,0.0123,0.0123,-0.0025,69.33295851517951,84.4053408010881,109.16279044793508,82.81220871925323,109.9582812800652,55.7574033410965,165.64451732555654,3.529022458281235,37.0
1.52,0.2219,0.012,0.012,-0.0016,68.35426484107825,83.213887632617,106.57977107916312,81.86479014315469,109.56673291419008,55.308137696223625,165.58512078106537,3.56894237292806,37.0
1.54,0.2106,0.012,0.012,-0.0005,67.72911769234173,82.45283892980733,104.68958770241146,81.40349151692902,110.2118475891636,55.09328033176548,166.0694134206388,3.604464970710939,37.0
1.56,0.2468,0.0121,0.0121,0.0005,70.32183713836798,85.60919303801319,111.44988897361142,83.36763379867847,109.21614296407456,56.60767912224104,166.98817988898307,3.4977150617857053,37.0
1.58,0.2393,0.0125,0.0125,0.0013,70.14107357595056,85.38913304898328,110.34295525911377,83.55535914055923,111.2170992078308,56.70949408163185,168.1986385122603,3.5264898127971955,37.0
1.6,0.2285,0.0119,0.0119,0.0023,69.37424288144356,84.45560002958347,108.62896419566084,82.52390061054723,109.43036837616002,56.30062154965984,167.60191399426682,3.5455773690036443,37.0
1.62,0.2373,0.0108,0.0108,0.0033,69.67214433711935,84.81826267127573,110.41173446355208,81.8264534129014,104.72784641730048,56.34819943706697,166.06929636487996,3.496100750537876,37.0
1.64,0.2833,0.0083,0.0083,0.0052,71.35001647104292,86.86088961692182,118.37094931892771,80.71203171894284,92.64596499037128,56.74810990445186,161.19145876578463,3.315238873700219,37.0
1.66,0.2353,0.007,0.007,0.0074,68.0661593476528,82.86315051018603,110.62941298429604,76.92881794832236,87.77665654943421,54.65936302507606,157.9282595117434,3.398268377428156,37.0
1.68,0.2376,0.0056,0.0056,0.0087,67.46070822724424,82.126079580993,111.26388980131075,74.78628043935261,80.49880419030467,53.91074040133865,153.88940157487878,3.3424397363245664,37.0
1.7,0.2276,0.0046,0.0046,0.0097,66.24828053697283,80.65008065370606,109.6834047056348,72.49645999099452,75.05460303843257,52.88400386459234,150.4059182179784,3.3292783182048566,37.0
1.72,0.2284,0.004,0.004,0.0108,65.91986074634674,80.25026525642211,110.03859964065454,71.3216062702715,71.40821882584308,52.47083178933045,148.1394072190097,3.2981547037833803,37.0
1.74,0.2262,0.0036,0.0036,0.012,65.55001212836521,79.80001476496635,109.85751700116003,70.36756694919569,68.90390457932943,52.10873809421118,146.54172030487575,3.2830964532423192,37.0
1.76,0.2247,0.0035,0.0035,0.0131,65.49641736604495,79.73476896735907,109.7930323024096,70.12994040961904,68.31655535622151,52.10253269258401,146.42160695762425,3.2814480304204685,37.0
1.78,0.2242,0.0037,0.0037,0.0142,65.79814163781289,80.10208547212004,109.90899026146782,70.66372395244623,69.72002568541018,52.49124267294725,147.9029865468682,3.293199533723268,37.0
1.8,0.2257,0.004,0.004,0.0153,66.30339035201284,80.71717086331998,110.3879878772312,71.50186695192242,71.70784298164924,53.04727790676958,149.83995419626626,3.3037281968116976,37.0
1.82,0.2283,0.0044,0.0044,0.0163,66.94232156468743,81.49500016570646,111.05583484232554,72.57197184718561,74.23383651488409,53.72161897696687,152.1456739309756,3.315029015792612,37.0
1.84,0.2338,0.0048,0.0048,0.0173,67.72940145686272,82.45318438226766,112.23705280002858,73.72428581598454,76.60884230696527,54.462028048009095,154.32968680678297,3.316892253798178,37.0
1.86,0.2366,0.0051,0.0051,0.0184,68.26225990855943,83.10188162781148,112.9356124706395,74.52188623248394,78.37327389299426,54.99571703022294,155.99057619621212,3.3212120900960023,37.0
1.88,0.2353,0.0054,0.0054,0.0193,68.53916310544741,83.43898117184902,112.89209385222054,75.11303355928918,80.18005507507961,55.377831393010894,157.57339140693608,3.336598897880431,37.0
1.9,0.233,0.0057,0.0057,0.0202,68.74582438288479,83.69056881394671,112.66870761613684,75.63974676543289,81.97725378174547,55.71192819899504,159.09868185701393,3.354316274603091,37.0
1.92,0.2343,0.0064,0.0064,0.0213,69.426080469807,84.51870665889548,113.09922634771831,76.99774081449006,85.787408171833,56.45932894656649,161.94766022491103,3.3752593673000515,37.0
1.94,0.245,0.0073,0.0073,0.0224,70.74401459720657,86.12314820529495,115.17241550012632,79.00149595198093,90.1787867810427,57.61325566770197,165.22866500789922,3.3745129016985507,37.0
1.96,0.2494,0.0085,0.0085,0.0235,71.79610354366098,87.40395214010901,116.12616117006604,81.03486443058748,95.88133476687378,58.66240587101429,168.99040062194476,3.396834640116745,37.0
1.98,0.2482,0.0097,0.0097,0.0245,72.44678847952768,88.19609032290327,116.10922260994676,82.66860102645595,101.42408669265214,59.4352721646008,172.3526269352794,3.4303465763509293,37.0
2.0,0.2445,0.0109,0.0109,0.0257,72.89217476318869,88.73829971170798,115.67375506927262,84.06855936788577,106.80340348022268,60.05134202890219,175.41189997035164,3.467395025398464,35.0
2.02,0.2467,0.011,0.011,0.0268,73.2014590470925,89.11481970950392,116.24748614666616,84.38819253172737,107.26041416172932,60.341132115023576,176.07461711113288,3.4632260320528787,35.0
2.04,0.2554,0.0112,0.0112,0.0277,73.93185039315073,90.00399178296611,117.908513807752,85.1043636538775,107.905460093097,60.90036759108883,176.97338806851354,3.4444603477890845,35.0
2.06,0.2663,0.0109,0.0109,0.0277,74.53856396551473,90.74259961019185,119.8400352335854,85.30290123484501,106.43193251471324,61.29608791986036,176.8403450087302,3.4112349143361342,35.0
2.08,0.2675,0.0102,0.0102,0.027,74.38016399158109,90.54976485931611,120.10394169496212,84.57809955807467,103.58319195618448,61.16287191735474,175.75593424140516,3.394031781475245,35.0
2.1,0.2674,0.0099,0.0099,0.0268,74.33269593766389,90.491977663243,120.18746933758396,84.27695459601286,102.42239743564852,61.17074222599463,175.49906484772418,3.3882153368109083,35.0
2.12,0.2583,0.0097,0.0097,0.0274,73.83681020941566,89.88829068972342,118.82656553011596,83.72929085770953,101.94197023835083,60.9238248332574,175.40936415809122,3.40638175762001,35.0
2.14,0.2485,0.0092,0.0092,0.0278,73.13384350754978,89.03250513962583,117.29686332947702,82.73532141681041,100.13248215456856,60.477557392091306,174.57106963178543,3.4199620594845883,35.0
2.16,0.2357,0.008,0.008,0.0295,71.88856694676294,87.51651628301575,115.29089500936952,80.59574917928367,95.00715166120848,59.4801718525754,171.76462029551294,3.421692615273156,35.0
2.18,0.2298,0.0074,0.0074,0.0326,71.36958165945178,86.88470810715869,114.57442843247983,79.5538688732375,92.29291499107894,59.032253793676894,170.3975562416351,3.4179469686551918,35.0
2.2,0.2286,0.0073,0.0073,0.0358,71.41705764766333,86.94250496237275,114.70396636274712,79.47288952481206,91.8868313871474,59.07096997102276,170.48329459658706,3.415320926069518,35.0
2.22,0.2264,0.0076,0.0076,0.0372,71.58796047015203,87.150560572359,114.51601287639656,79.92200377226496,93.54106297063528,59.33537383246158,171.758765689736,3.4299201827548127,35.0
2.24,0.2201,0.0082,0.0082,0.0386,71.65663317976002,87.23416213188176,113.57675923074756,80.59569860467109,96.77530000394373,59.61706725875418,173.82157997026076,3.465002541194818,35.0
2.26,0.2154,0.0096,0.0096,0.043,72.26172299327241,87.9707932092012,113.15070275136124,82.4212672020749,103.56327637743988,60.36370139481829,177.79128505624598,3.511291660600511,35.0
2.28,0.2107,0.0106,0.0106,0.048,72.63019156755621,88.41936364745973,112.76598096622578,83.60318578861795,108.25628843028288,60.8179518479924,180.46880880122905,3.54384923720819,35.0
2.3,0.2059,0.0118,0.0118,0.0514,72.98560301447483,88.85203845240416,112.23092754969193,84.88904891436133,113.68617309411718,61.3071153434221,183.3760509434701,3.581391368077934,35.0
2.32,0.2019,0.013,0.013,0.0498,73.20352077992455,89.11732964512554,111.44027560689548,86.00600495118353,119.0101410537686,61.776089144489,186.0796412732705,3.6212917232194575,35.0
2.34,0.2045,0.0139,0.0139,0.0475,73.72183853973212,89.74832517880432,111.8467613462586,87.08899655770362,122.67433069650812,62.383522947653134,188.13189146273243,3.633641981097184,35.0
2.36,0.2099,0.0145,0.0145,0.0433,74.26726082093637,90.41231752113993,112.63031970058864,87.9559207709127,124.9798785506683,62.98696682982904,189.6126135832401,3.6335155103267054,35.0
2.38,0.2131,0.0145,0.0145,0.0402,74.49410407486745,90.6884745259256,113.08186516686062,88.14029583733489,125.03489904964226,63.272614153108265,190.03915179738345,3.628459129335976,35.0
2.4,0.2175,0.0139,0.0139,0.0373,74.60729061157745,90.8262668314856,113.77121083492808,87.80110616706173,122.6795145835347,63.3841849639005,189.4271922793857,3.608830129617719,35.0
2.42,0.2113,0.0134,0.0134,0.0387,74.14889848850572,90.26822424687654,112.80993334677297,87.07368023543262,121.12821524457628,63.07448607189322,188.88302222834375,3.6184639163708834,35.0
2.44,0.2136,0.0123,0.0123,0.04,74.0390640356666,90.1345127390724,113.43922491010224,86.14134628418232,116.63283999587262,62.869050126009775,187.19579771187452,3.58917299792271,35.0
2.46,0.2156,0.0117,0.0117,0.0405,74.04910628716826,90.14673808872658,113.94570756354852,85.66703179735894,114.14328516812284,62.83514625008198,186.38008279879557,3.5709296346951365,35.0
2.48,0.2146,0.0115,0.0115,0.0398,73.97615271253525,90.05792504134727,113.79433339252688,85.44472947265629,113.48229929824522,62.84460347766093,186.33773398322123,3.571766703281456,35.0
2.5,0.2167,0.0112,0.0112,0.0378,74.03026538161488,90.12380133413986,114.12142969806564,85.23691054259912,112.26270434628944,62.93524461381461,186.08967461052285,3.562338534900438,37.0
2.52,0.2094,0.0109,0.0109,0.0379,73.51245647449258,89.49342527329533,112.8366112838374,84.5660136682006,111.40830557255514,62.62304978232837,185.761095833088,3.5800221776324106,37.0
2.54,0.2062,0.0106,0.0106,0.0371,73.23719529788333,89.15832471046667,112.24467199156555,84.08114419605725,110.36407858260807,62.47691119078146,185.43776499966737,3.585979518033412,37.0
2.56,0.2047,0.0102,0.0102,0.0371,73.05278893823194,88.93383001176062,112.04102958020049,83.57428357058463,108.74787687660802,62.34811344708602,184.86928476576,3.58278405434467,37.0
2.58,0.2067,0.0101,0.0101,0.0385,73.274116379801,89.20327211454035,112.62879025623889,83.65913832682124,108.29542144608416,62.51954431510855,185.00984493165427,3.572766632952495,37.0
2.6,0.2131,0.0097,0.0097,0.0395,73.63659987927879,89.64455637477418,114.02025062420005,83.58503379498038,106.27585453351338,62.71890745337974,184.4420138347021,3.541839971137045,37.0
2.62,0.2256,0.0097,0.0097,0.0408,74.56502289335413,90.77481047886587,116.54038302266318,84.32832922155407,105.86977943027452,63.37069434531524,184.87790743226523,3.502286041683859,37.0
2.64,0.2271,0.0095,0.0095,0.0419,74.68043217522852,90.91530873506082,116.98736561478168,84.23179064943353,104.9841920988717,63.45561261524352,184.74199295709087,3.492406452695016,37.0
2.66,0.2227,0.0097,0.0097,0.0426,74.60488705985298,90.82334076851669,116.32044259784196,84.35342679992303,106.18349961381976,63.51973582111555,185.57021227395623,3.510590948471121,37.0
2.68,0.2196,0.0105,0.0105,0.0439,74.89382272168865,91.1750885307514,115.93313519622502,85.3030673384972,110.04965453407958,63.94300821710746,187.8280918253513,3.53822993280392,37.0
2.7,0.2186,0.0106,0.0106,0.0449,74.98748821015636,91.28911608192948,115.9104320667071,85.46392116951226,110.64415214642916,64.08360855863101,188.40740216673964,3.5432442322189197,37.0
2.72,0.2218,0.0103,0.0103,0.0446,75.13879994845486,91.47332167637984,116.5664867437049,85.32002817585588,109.2846415750712,64.19658559692176,188.07654700448663,3.5278151721341,37.0
2.74,0.2213,0.0095,0.0095,0.0469,74.88139594424895,91.15996027995524,116.73733955621788,84.3788904479952,105.6979291865134,63.876463317818576,186.4522287077485,3.5081248315926827,37.0
2.76,0.2395,0.0088,0.0088,0.0486,75.76935662634702,92.2409558929442,120.24222664478329,84.42108542429264,101.81383472927534,64.32837845840085,185.05437686218968,3.435955552969277,37.0
2.78,0.2567,0.0079,0.0079,0.0508,76.387755148462,92.99378887638852,123.46685372538091,83.99619829307412,96.9866713863463,64.52420316002261,182.90448800388293,3.3636645833277226,37.0
2.8,0.2787,0.0075,0.0075,0.0511,77.41236052512407,94.24113455232497,127.22190044626404,84.37587315352252,94.52668146174662,65.14147139988118,182.1137407326473,3.2986120370477523,37.0
2.82,0.2829,0.0082,0.0082,0.05,78.11883647543632,95.10119223096598,127.91490171138288,85.67108499302842,97.96994586794573,65.89747428613921,184.59106030495653,3.310618483621528,37.0
2.84,0.2841,0.0097,0.0097,0.0522,79.14349470746807,96.34860225256983,128.34544620542928,87.9453552089921,104.99690567956868,66.99497557842628,189.01022888484013,3.3449320122199024,37.0
2.86,0.2759,0.011,0.011,0.0543,79.4734505294418,96.7502876010596,127.25263296943008,89.37769899643477,111.0438104327728,67.54472190665825,192.4256549604496,3.39239803084931,37.0
2.88,0.2695,0.0134,0.0134,0.0552,80.24155482858752,97.68537109567178,126.35359985390672,91.9381178349948,121.28797356987285,68.56130820489491,197.74058447458205,3.455465208244813,37.0
2.9,0.2687,0.0162,0.0162,0.056,81.30232178136602,98.97673955992386,126.36358827174377,94.79842721748022,132.1545317753207,69.75394211304143,203.0298910169564,3.5046953889842016,37.0
2.92,0.2867,0.0181,0.0181,0.0568,83.03092665351392,101.08112809992998,129.4236684990255,97.40849318317196,138.31677850798968,71.19527390766176,206.43569630728595,3.489922751859619,37.0
2.94,0.3171,0.0189,0.0189,0.0519,84.88671603838115,103.34034995976836,133.9047855361843,99.35660545756288,140.04121380860684,72.63349956375096,208.11362631790112,3.4396264532462646,37.0
2.96,0.3505,0.0197,0.0197,0.0466,86.78544428358758,105.65184521480228,138.57553708700684,101.31013363710638,141.67978070127162,74.08199865895088,209.7528444897323,3.3891648841494884,37.0
2.98,0.3958,0.0203,0.0203,0.0401,89.03653059183287,108.39229811179652,144.55722830713717,103.37985460163932,142.3169491229607,75.7196554850705,211.1214091658568,3.322069848924378,37.0
3.0,0.4132,0.0221,0.0221,0.0363,90.36077198756936,110.00441807182357,146.74478081239764,105.44835403096334,147.64940961252586,76.8721761570425,213.89568070396024,3.318750358181798,37.0
3.02,0.4289,0.0251,0.0251,0.032,91.8841924483208,111.85901689360792,148.6424699492539,108.2553194007595,156.40932808387203,78.25136872410866,217.8906179228026,3.330739752744679,37.0
3.04,0.427,0.0258,0.0258,0.0286,92.01087259720424,112.0132362052921,148.311155532131,108.76262901737664,158.76516200170516,78.52405685848758,219.02944369485127,3.343701936745186,37.0
3.06,0.4823,0.0253,0.0253,0.0296,94.26737903423428,114.7602875199374,155.33850256718057,110.19325782926792,155.6652052570732,79.92912681426056,219.03296986848216,3.257632505658788,37.0
3.08,0.5525,0.0241,0.0241,0.0304,96.6058111737363,117.60707447237462,163.55772242066806,111.2886778482484,150.4266264552053,81.3276428929527,218.23206447504944,3.1558439614368727,37.0
3.1,0.5942,0.0216,0.0216,0.0302,97.27723952314209,118.42446550643383,168.16458224274498,110.41805972231964,142.26500027913718,81.58725780325724,215.61568634032756,3.0808420453595406,37.0
3.12,0.6355,0.018,0.018,0.0286,97.27233071562412,118.41848956684674,172.48896842345658,108.260634017896,130.50464745128247,81.28849032205689,211.01306632789195,2.992794606670337,37.0
3.14,0.588,0.0143,0.0143,0.0246,94.2560212872244,114.7464606974906,167.4678016916643,103.54631730964104,119.04343608518,79.0037109238344,205.0076339989242,2.9892180489880373,37.0
3.16,0.5201,0.0114,0.0114,0.0208,90.6293729038725,110.33141049167088,159.85307683448565,98.59521889836792,109.45357893280458,76.30806510788736,199.1944623180119,3.018022217196428,37.0
3.18,0.4465,0.0087,0.0087,0.0219,86.52080404928353,105.32967449477997,151.1117718827435,93.03326800786898,99.343010254109,73.12181302941491,192.40661468724977,3.056718774552116,37.0
3.2,0.3859,0.0061,0.0061,0.0252,82.40267428776573,100.31629913293222,143.37565159528364,86.98450024570042,87.60207654198561,69.64408892950557,183.8211555360011,3.0749976927635814,37.0
3.22,0.3486,0.0039,0.0039,0.0282,78.8682058121032,96.01346794516913,138.33533413871382,81.12261989366024,75.217421244915,66.24532892884656,173.57969163010907,3.0515892615733824,37.0
3.24,0.3169,0.0049,0.0049,0.0316,78.63761875539521,95.73275326743764,133.85853887312612,82.37313322171399,81.8557529293031,66.70653970916857,178.9616428822981,3.1569429340346824,37.0
3.26,0.3103,0.0088,0.0088,0.0364,81.34344341823522,99.02680068306896,133.22668437095183,89.09072353694904,102.69655274340968,69.93602643454338,193.38631624637955,3.2933889493525568,37.0
3.28,0.3401,0.0097,0.0097,0.0585,83.78500309803744,101.99913420630644,139.20687266347576,91.90694955459972,106.00055877527478,71.56227861743002,196.28632881832692,3.236249495672568,37.0
3.3,0.3754,0.0098,0.0098,0.0805,85.8468405531608,104.5091971951523,145.5592118366907,93.62116818126395,105.58355720346933,72.77188712378894,196.99464905378943,3.159250816456345,37.0
3.32,0.4412,0.0095,0.0095,0.0817,88.3005738345634,107.49635075512066,154.24546574091437,95.24572867220334,103.1949678711154,74.41710690562036,196.73519585812505,3.0507110326607285,37.0
3.34,0.562,0.0096,0.0096,0.0816,92.37005971901684,112.45050748402052,168.27283802962776,98.47060986528663,102.09128916173862,77.25202681459382,197.65641794627683,2.903590096753993,37.0
3.36,0.6999,0.0078,0.0078,0.0753,94.6797793780068,115.26234011235611,182.04833512731025,98.56496231603523,93.29989694347576,78.49991332321623,192.99637741966876,2.728283979570556,37.0
3.38,0.8682,0.0063,0.0063,0.056,96.78378526837405,117.82373858758578,196.4687108292273,98.7803255380056,85.92610536490454,79.6825419092611,188.29367785217093,2.563057106065333,37.0
3.4,1.0039,0.005,0.005,0.0399,97.694225555145,118.9321006758287,206.99126481024808,98.25047475010568,79.69473399095894,79.95155184059438,183.19032424259424,2.440426166927246,37.0
3.42,1.0064,0.0041,0.0041,0.0167,96.49598313235286,117.47337076982087,206.54873165574492,96.26418959041392,75.36979672602511,78.80197659229863,178.79310403979795,2.4131387640043824,37.0
3.44,0.9013,0.0052,0.0052,-0.0135,95.89712191025583,116.74432232552886,197.1404645674436,96.92319594564545,80.97408682987565,79.23380950544697,184.5251255104916,2.526466791891804,37.0
3.46,0.7439,0.0071,0.0071,-0.015,94.6061404923266,115.17269277326716,183.15529262634297,97.8741105569808,90.5388604120382,79.21975918224973,192.15814670677707,2.705402711898103,37.0
3.48,0.6005,0.0081,0.0081,-0.0138,91.79529248838618,111.75079085542666,168.78841144103328,96.69370931163058,96.22585768539795,77.7834108100858,195.45345548487492,2.871002565743958,37.0
3.5,0.4938,0.0103,0.0103,-0.0122,89.94208689172633,109.49471447688424,156.67947752670443,97.37805497829586,107.25215869891323,77.26905223447105,201.6555075773375,3.054351216442276,50.0
3.52,0.4518,0.0115,0.0115,-0.0104,89.15034472586706,108.53085444888164,151.5754288887595,97.8410379241115,113.112159186804,77.10931779528532,204.72570276241487,3.1402029378232914,50.0
3.54,0.5079,0.0122,0.0122,-0.0084,91.7048694912723,111.64071068502716,158.76162861854257,100.41035389415802,114.93041234403309,78.92973749817762,206.779326981112,3.072869552129694,50.0
3.56,0.6932,0.0128,0.0128,-0.0067,97.79793425603198,119.05835474647373,179.0894641104489,105.54210802379104,114.52663617936246,83.004756850246,208.85085342155685,2.876028844862589,50.0
3.58,1.0964,0.0102,0.0102,-0.0049,104.55996878854982,127.29039678606064,213.665421406858,108.79317128446073,101.73618292552736,87.14985292800002,203.75391129248885,2.533090022378259,50.0
3.6,1.5883,0.0088,0.0088,-0.0097,109.91632281468031,133.81117560048037,246.23367450960316,112.40530622417614,95.02911721228038,90.94865171749584,200.71227625519236,2.2778550735101164,50.0
3.62,1.7723,0.0088,0.0088,-0.0514,111.6807883400122,135.95922058784095,255.95494205797317,114.07679666985732,94.79898464896851,92.5380257041233,201.156905808386,2.2181274215516584,50.0
3.64,1.4375,0.0078,0.0078,-0.0677,107.12298332657257,130.41058839756658,235.7133387984386,109.21986687171348,91.83916685319578,89.03143853068326,197.9962668810497,2.326240996726438,50.0
3.66,1.1076,0.006,0.006,-0.0687,100.7752986654388,122.68297228836028,212.962488781739,102.12328362360942,85.13693343922021,84.03172192245208,191.2531365772697,2.440558911326591,50.0
3.68,0.8781,0.0039,0.0039,-0.0679,94.25903409345636,114.75012846159903,194.49959972897292,94.21535235438982,75.2017473276721,78.53300427800863,180.7756275693214,2.5133622647607856,50.0
3.7,0.6884,0.0012,0.0012,-0.0675,85.43140233102042,104.00344631602486,176.71510541341607,82.28328494198632,57.38104360416349,68.86507579195693,155.02736877223091,2.5153042141239377,50.0
3.72,0.5483,0.0017,0.0017,-0.0671,82.8324551500206,100.8395106174164,161.4276866045163,80.71975683521272,60.55108439224274,68.7028333752446,162.15644476297348,2.693872425448933,50.0
3.74,0.4898,0.0022,0.0022,-0.0665,82.03517669644276,99.86891076088683,154.34913041531698,80.92032374607702,64.39872208723219,69.16078521232635,167.77117967064004,2.80411379088316,50.0
3.76,0.4731,0.0026,0.0026,-0.0662,82.22068103649072,100.09474213138,152.28979015669307,81.79159179324161,67.47230147711662,69.88050845877892,171.64196082137596,2.8538441105229246,50.0
3.78,0.4687,0.0031,0.0031,-0.0657,82.90042678197885,100.92225869110467,151.8205125160527,83.22266504966824,71.1135512769555,70.91733995770359,175.83560644581354,2.889455440359356,50.0
3.8,0.4755,0.0065,0.0065,-0.0653,86.89043824176449,105.77966394649587,152.81202493494544,91.22583743968946,91.35448937556518,75.67965551387321,193.88073415813676,3.019544240204653,50.0
3.82,0.5064,0.0111,0.0111,-0.0649,91.22181633589264,111.05264597413016,156.85738315840396,99.28938568465884,112.25213791411244,79.95402608058544,208.22219811242869,3.0916249464596994,50.0
3.84,0.5926,0.0146,0.0146,-0.0643,96.08317786579096,116.97082522791943,167.20489008956298,105.87440632870631,124.383264001624,83.78781547636153,216.31162636152524,3.0436945634812886,50.0
3.86,0.769,0.0153,0.0153,-0.0639,101.59926641287468,123.68606345915178,185.58633879816887,110.60466335405202,124.21104884559512,87.45645619282347,218.33938586699523,2.874563911785996,50.0
3.88,1.4604,0.0195,0.0195,-0.0656,116.54453161125298,141.88029935282972,238.729528161054,124.84209752823206,130.88893293432102,98.00988015886038,226.7022199738034,2.511180041024067,50.0
3.9,2.2791,0.0276,0.0276,-0.0672,129.35031291469068,157.46994615701473,283.8291838174381,139.32881848242022,146.95283911835952,107.70780228533977,238.2674575509676,2.3134631776341337,50.0
3.92,3.0979,0.0297,0.0297,-0.0689,136.2414537682746,165.85916110920385,319.6755566974766,146.44963418248693,148.18128014260387,113.423707689374,241.4089502197797,2.1397496938997365,50.0
3.94,3.9166,0.0309,0.0309,-0.0705,140.99474751180497,171.64577957958866,350.0497775318257,151.75679466300346,148.1304290221142,117.87216327453795,243.3898315268006,2.004223970268911,50.0
3.96,4.4382,0.0302,0.0302,-0.0733,142.69288576405643,173.71307832146002,367.4458994677968,153.69657649142928,145.41049594361493,119.95419763292404,243.2018481171784,1.9218218898882329,50.0
3.98,4.3229,0.0341,0.0341,-0.0753,144.37027983404622,175.75512327623017,363.8980448036981,156.28839508482884,153.8249341971777,120.88030795964166,247.33921512172887,1.967904234635602,50.0
4.0,4.1685,0.0395,0.0395,-0.0752,146.33078785882628,178.14182869770158,359.01929672855204,159.51366665086485,165.11288479123957,121.894792267485,252.36342111985664,2.0277843720220714,59.0
4.02,3.8294,0.0333,0.0333,-0.0753,142.15526858078306,173.05858783747505,347.6496962214178,153.80376771733694,154.08377776408534,118.88480853717827,246.98004454480127,2.037185109832304,59.0
4.04,3.5343,0.0201,0.0201,-0.0747,133.5296110367039,162.55778734903086,337.2467205971558,141.45863837140607,125.64194480418104,112.85292149577288,231.44466452883864,1.9684773539364755,59.0
4.06,3.8975,0.0089,0.0089,-0.0742,125.51848775580883,152.80511552881077,350.37722949931043,130.56146872538258,96.01701245745836,107.11755045070382,208.5976253123288,1.7612022181742557,59.0
4.08,4.9351,0.0104,0.0104,-0.0747,130.25543224707693,158.57183056165886,383.8660600444641,137.12200012701476,100.06175322673732,112.41641551210344,213.5017803448021,1.6536769688489192,59.0
4.1,6.0875,0.0198,0.0198,-0.076,140.79893439339128,171.40739839195462,416.2866168942908,151.50638737154551,121.33161123799071,122.39231750664626,232.7905756777225,1.6426353050611129,59.0
4.12,6.4599,0.0185,0.0185,-0.0788,141.2545700955796,171.9620853337491,426.0614958836146,150.5862347009622,117.44926428606968,122.9156032728327,231.13022743257764,1.605465483849441,59.0
4.14,6.1158,0.0164,0.0164,-0.0818,139.02727938262169,169.25060098753943,417.36588749121614,147.64515139912794,113.3458686831664,120.89970154926309,227.72478262502835,1.614864908673871,59.0
4.16,5.6762,0.0142,0.0142,-0.0827,136.2911764903375,165.91969311867177,405.7563512631185,144.174141914949,108.8961420716011,118.34502582846726,223.64947329642936,1.631219111914976,59.0
4.18,5.2201,0.0121,0.0121,-0.0822,133.2276808760676,162.19022019695188,393.09023883332753,140.63004090850305,104.47891537715296,115.53718062796004,219.17462700007056,1.6491225569039392,59.0
4.2,4.9023,0.0103,0.0103,-0.0814,130.9040578006396,159.36146167034389,383.8988105457916,137.25779631200191,100.07530629748636,113.12646041000332,214.79275292196303,1.6614049526769836,59.0
4.22,4.5844,0.009,0.009,-0.0806,128.91014369636153,156.93408797817926,374.3084386634001,134.2938051214448,96.69715356376186,110.93829659702035,211.20725016663843,1.6810267971019113,59.0
4.24,4.6437,0.0078,0.0078,-0.0802,127.9168534393078,155.72486505654862,376.34565069711545,133.08675280731475,93.68073740479494,109.97597513795392,207.58234331588343,1.6564173127116628,59.0
4.26,5.387,0.0069,0.0069,-0.0805,130.0141789667572,158.27813091605228,398.6437302027483,134.28229743992637,91.55934333450251,111.36074573766469,204.7683040716448,1.5795115892997564,59.0
4.28,5.6794,0.0104,0.0104,-0.0712,134.04543042708127,163.18574138949026,407.1214577691577,139.82553452614937,99.96650694984112,116.24987960466484,216.3272359498277,1.5946065583484803,59.0
4.3,5.6492,0.0143,0.0143,-0.0606,136.9128100838878,166.67646444995034,406.5992795385612,145.12633288718288,109.82668926547008,119.42659924217004,225.72811919258183,1.634242570959579,59.0
4.32,5.6189,0.0171,0.0171,-0.05,139.41112929271924,169.71789653026693,406.07087865269193,148.0286838754705,116.24791207632327,121.2748565009339,231.2991609496484,1.6692454069007838,59.0
4.34,5.5886,0.0191,0.0191,-0.0394,140.6960649024534,171.28216596820417,405.5390009400914,150.5150811248016,121.27176508804814,122.45523979771758,234.914074229067,1.688445203664862,59.0
4.36,5.5228,0.0213,0.0213,-0.0369,142.0441736808591,172.92334187235022,403.9161066841128,152.89308593596826,126.66617840279686,123.51551560557029,238.52349516361735,1.7137804103575516,59.0
4.38,5.3801,0.0229,0.0229,-0.0362,142.69307913382406,173.71331372813364,400.0752715607164,154.4000856023492,130.88019490186795,123.95035669138971,241.01227746880048,1.7409376075705347,59.0
4.4,5.2204,0.023,0.023,-0.0353,142.47765406811888,173.45105712640563,395.6727868569093,154.07417803920458,131.48151843800304,123.61478616314304,241.37312280203685,1.7598082494567562,59.0
4.42,5.0475,0.0197,0.0197,-0.0343,139.82074335405707,170.2165571266782,390.78793120373047,150.38347245432877,124.37949597724374,121.59869156543763,236.7745194092691,1.7481213812969991,59.0
4.44,4.876,0.0177,0.0177,-0.0331,137.9984514644583,167.99811482629707,385.8343798051685,147.7560196122705,119.95493793406288,120.07517884550695,233.70921831395572,1.7480726386380243,59.0
4.46,4.7522,0.0165,0.0165,-0.0316,136.82865025643824,166.57400900783784,382.2410324746998,146.08821500181736,117.27783562635452,119.08496115573304,231.8053249838923,1.7501151357025748,59.0
4.48,4.7438,0.0161,0.0161,-0.03,136.63953964689946,166.34378739622545,382.1720439360451,145.64907288745346,116.31654909652656,118.9602466576549,231.32565043510544,1.747635274574392,59.0
4.5,4.8894,0.0149,0.0149,-0.0282,136.43238804939102,166.0916028427369,386.81620172243424,144.58570368224684,112.93569821589224,118.86066725041567,229.31751531575495,1.7208173512017255,69.0
4.52,5.0618,0.0129,0.0129,-0.0266,135.63018065665946,165.11500253854194,392.1750795415896,142.53107285317515,107.52297355263796,118.18032260649272,225.37113850428224,1.683084628571433,69.0
4.54,5.1891,0.0113,0.0113,-0.0259,134.86449309857582,164.18286116348364,396.1036970827029,140.8539576307495,103.32722364392338,117.4513775085208,221.8128821581648,1.653698674843727,69.0
4.56,5.174,0.0104,0.0104,-0.0301,134.0645880885181,163.20906375993508,395.78261480409503,139.7810668759564,101.17698558313188,116.738691623382,219.6719019626973,1.644286805596497,69.0
4.58,5.0782,0.0106,0.0106,-0.0293,134.1772359298931,163.34620026247856,393.14039001216827,139.68210442328098,101.67949032716092,116.75111156060916,220.430018123034,1.6581764787651,69.0
4.6,5.0571,0.0118,0.0118,-0.0282,135.4332280614257,164.87523416173562,392.69716224271497,141.07535892635298,104.65692533132156,117.86708114184646,223.7644133796116,1.67717411300783,69.0
4.62,5.098,0.0115,0.0115,-0.027,135.3646755137654,164.7917788863231,394.0943449366277,140.95558981761388,103.9659546730938,117.89402324095308,223.2747713153088,1.6693351323869234,69.0
4.64,5.1779,0.011,0.011,-0.0259,135.1820435207698,164.56944428615455,396.6307955640097,140.75841507334988,102.79862620282604,117.86464197487804,222.25656123378008,1.6546154654998728,69.0
4.66,5.1842,0.0122,0.0122,-0.0253,136.486115067152,166.15700964696768,396.991851078739,142.243939503171,105.74452287199564,119.0449961936176,225.51571722962836,1.6702309262533277,69.0
4.68,5.1666,0.0136,0.0136,-0.0247,137.496519433058,167.3870671358967,396.65094612551513,144.2747378727077,109.54322992182608,120.20745333373556,228.9653320154255,1.6852632236257463,69.0
4.7,5.2146,0.0146,0.0146,-0.0237,138.5524386760346,168.67253404038996,398.2377972127785,145.7308539259209,112.0365891860745,121.22219359549088,231.35229930981004,1.6916124621165185,69.0
4.72,5.3545,0.0147,0.0147,-0.0227,139.21293669556653,169.4766185859071,402.47469496933377,146.27628882067916,112.0998954348964,121.8979949966383,231.85200430000305,1.6800057241768267,69.0
4.74,5.442,0.0146,0.0146,-0.0216,139.75893290078088,170.14130961834195,405.16169269338303,146.18258306391823,111.53232247699798,122.2572769345202,231.9221136083412,1.6743827880865385,69.0
4.76,5.4673,0.015,0.015,-0.0212,140.29294644404072,170.79141306231045,406.0553957967839,146.77154388953318,112.4896316764412,122.75732853918288,232.9945151844465,1.6770364625979846,69.0
4.78,5.3997,0.0159,0.0159,-0.0211,140.62039386787126,171.19004470871283,404.2959710237406,148.06786316396372,115.12562481449557,123.27527117617689,234.9936758460159,1.6894591630950893,69.0
4.8,5.2935,0.0169,0.0169,-0.0208,141.11966865002606,171.79785748698825,401.404293258966,149.07735882203306,117.83214157357035,123.69053374885736,237.07991215806376,1.709727822012898,69.0
4.82,5.1793,0.0164,0.0164,-0.0202,140.49572752888793,171.03827699168968,398.2397248183576,148.27908640644972,116.88882808500354,123.1379651808017,236.36652057428464,1.7166091071467022,69.0
4.84,5.0868,0.0159,0.0159,-0.0193,139.93160706913295,170.35152164937924,395.6765614871375,147.5173324010195,115.88132591250267,122.64471159219715,235.6323684518225,1.7214418085920584,69.0
4.86,5.0304,0.0159,0.0159,-0.0181,139.85346316081615,170.25638993490665,394.1682191291643,147.4456744301993,116.0447126319116,122.58841504853866,235.85887154172875,1.7276848756057357,69.0
4.88,5.0141,0.0163,0.0163,-0.0168,140.20832516030916,170.68839584733288,393.8555888004837,147.96031746447542,117.131939637335,122.92434290041358,236.86221546174116,1.733882657200129,69.0
4.9,4.9911,0.0172,0.0172,-0.0157,140.8914251455961,171.51999582942133,393.3366505674253,149.04972855678415,119.4843830542578,123.53256452346592,238.76172843655516,1.7455858713314214,69.0
4.92,4.9451,0.0183,0.0183,-0.0144,141.6104435230564,172.3953225498078,392.12068454802846,150.2944831123748,122.38124794172666,124.14486864580036,240.92533063036723,1.761359004413861,69.0
4.94,4.9223,0.0199,0.0199,-0.0128,142.71806152798175,173.743727077543,391.60590830425815,152.1313556384845,126.43061029750842,125.0693588641486,243.80668933675983,1.7789473711356172,69.0
4.96,4.9224,0.0234,0.0234,-0.0093,145.02436996756393,176.55140691703437,391.8103625966493,155.98480358356295,134.90422595031453,126.90540491515766,249.25093153953927,1.8092487990480244,69.0
4.98,4.9135,0.0248,0.0248,0.0131,145.9664213347418,177.69825205968567,391.9819516596972,157.49381803780915,138.24838565705045,127.62841272983472,251.39335315167656,1.8210612324743785,69.0
5.0,4.9068,0.0246,0.0246,0.0354,145.98559501847097,177.7215939355299,392.21869176514673,157.3642112438271,137.8136947229881,127.65977112094352,251.381109243714,1.8199041270979768,64.0
5.02,4.9377,0.0217,0.0217,0.0411,144.49636341599452,175.9086163325151,393.385570364361,154.47482538041004,130.8634017069995,126.59226520660891,247.57662827765452,1.793336760281292,64.0
5.04,4.9941,0.0217,0.0217,0.0304,144.81043422940502,176.29096340971049,395.1102002097599,154.6660082026275,130.74663928408808,126.93971291451174,247.84663681169656,1.788548801074359,64.0
5.06,4.9611,0.0186,0.0186,0.0146,142.7609510218618,173.79594037444048,394.06691260423895,151.19578314091154,123.38031950393436,125.34426566327068,243.1609301388924,1.7659327916659089,64.0
5.08,4.6959,0.021,0.021,0.0136,143.43701106178756,174.61896998826313,386.0309558180096,153.287197498252,130.10704573559318,125.7533749581479,247.17383868093853,1.8168891400907483,64.0
5.1,4.202,0.016,0.016,0.0166,138.09638484319183,168.11733806997267,370.1928664613852,146.14059263887196,118.81177843202136,121.12727902674108,238.62952813006504,1.8274585615278875,64.0
5.12,3.6219,0.012,0.012,0.022,132.57319986680668,161.3934607074168,350.0237408730288,138.5931829307193,108.70208954453231,115.89208203287949,229.844834165566,1.861899856768029,64.0
5.14,3.2403,0.012,0.012,0.0304,130.6065699833629,158.9993025884418,335.756694921473,137.15362812026373,109.63165408658294,114.17259846253594,229.8821853926386,1.919951365896084,64.0
5.16,3.4822,0.013,0.013,0.0464,132.92497461935878,161.82170823226286,345.4694573848192,139.60899826822808,112.03631027306758,116.25688244950692,232.6389790112052,1.8949029218220077,64.0
5.18,4.8827,0.014,0.014,0.0552,139.84974592071185,170.2518645991275,393.1117252365654,145.8542438307897,112.16984759296756,122.94112110362832,235.70994882211676,1.7302808886165058,64.0
5.2,6.2,0.017,0.017,-0.0211,146.18942684189938,177.969737024921,429.8174154950034,152.86805029802423,117.56286454281928,129.44891548747594,242.39890834358272,1.6414726460402134,64.0
5.22,6.3694,0.02,0.02,-0.0457,149.01101187709978,181.40471011125192,434.1678661103365,156.37795132482773,123.91818664376552,131.8578226054749,247.86466613713148,1.6570618698271342,64.0
5.24,6.3604,0.021,0.021,-0.0436,149.89350854031125,182.47905387516155,434.1200801236113,157.3467255783008,126.0576372968218,132.50671273761228,249.68063725812428,1.667882460325536,64.0
5.26,6.3976,0.022,0.022,-0.0454,150.83277091638288,183.62250372429224,435.2354516569088,158.444076277251,128.13978012749936,133.27214949544492,251.4482535813057,1.6743157164490985,64.0
5.27,6.1769,0.024,0.024,1e-06,151.3598654302549,184.26418400204943,430.0084326900675,160.40479818973188,133.3030355063167,133.6317541275225,254.36479586700804,1.70383843654397,64.0
5.29,6.4084,0.0257,0.0257,0.0137,153.1616619049314,186.4576753625252,436.4080048722138,162.62051844267705,136.42466020850884,135.24925861986702,256.95394726137005,1.6972680253137795,64.0
5.31,6.5843,0.0283,0.0283,0.0196,155.27076422206784,189.02527818338692,441.1696909359842,165.48180460372834,141.46713280518193,137.0117324814635,260.4940914118405,1.7016910589500684,64.0
5.33,6.707,0.03,0.03,0.0265,156.67124254711112,190.73020831822225,444.5270936796172,167.33164673611736,144.66704374115886,138.18761691869832,262.76275813874526,1.7036670826851406,64.0
5.35,6.7621,0.0314,0.0314,0.0322,157.70572853111693,191.98958255962063,446.1418958344492,168.74921896880275,147.39045905234155,139.0199359269719,264.5920068308508,1.708813383725363,64.0
5.37,6.7244,0.032,0.032,0.0398,158.06357978776856,192.42522756771825,445.4370674081805,169.28439662888792,148.74761795509588,139.2708519642655,265.48340741199206,1.7159872611032525,64.0
5.39,6.5964,0.0316,0.0316,0.0438,157.64571563453003,191.916523381167,442.39267343967305,168.7797962647026,148.36392630218748,138.88448512846898,265.2613071577305,1.7242179294374689,64.0
5.41,6.4179,0.0304,0.0304,0.0478,156.6475328047539,190.70134428404825,437.9980071749317,167.46264229676677,146.48896143015494,138.0351699698394,264.123435236922,1.7315903586126398,64.0
5.43,6.1905,0.0283,0.0283,0.0486,154.9731524134572,188.66296815551317,432.1891790730716,165.1857778503588,142.82913347432293,136.64663915038196,261.8515320921705,1.7372559661096754,64.0
5.45,6.0036,0.0273,0.0273,0.0476,153.98091523804396,187.4550272463144,427.3182344019256,163.93955338595535,141.2914666266739,135.77782333744685,260.8131362681357,1.7472229385834652,64.0
5.47,5.8749,0.029,0.029,0.0474,154.66477789300208,188.28755569582864,423.9586585721804,165.3139157934399,145.35853595284885,136.17375159904864,263.0709494666433,1.77136235087052,64.0
5.49,5.7871,0.0279,0.0279,0.0491,153.90250427005768,187.3595704157224,421.7074151188818,164.17949361582276,143.31854112219267,135.58088541632534,261.9644241156448,1.7723059866521498,64.0
5.51,5.6692,0.0262,0.0262,0.0493,152.67653452071477,185.86708550347888,418.56942897106205,162.37674947917088,140.02073451406773,134.61210350317816,260.03172615807983,1.771619560159106,80.0
5.53,5.5023,0.025,0.025,0.0462,151.53985773780084,184.48330507210537,413.9473177609251,160.890250874511,137.9018771674963,133.6481047578853,258.63151411344523,1.7792717260704307,80.0
5.55,5.2856,0.0235,0.0235,0.0476,150.01575728815595,182.62787843775507,407.8276700687823,158.9372098445495,135.1788294473954,132.32913791061426,256.71757400988946,1.7894740059337912,80.0
5.57,5.2669,0.0243,0.0243,0.0448,150.54734098824082,183.27502381177143,407.3884178489744,159.7606230588159,137.1106546629876,132.76231554211634,258.0651993210653,1.7984709043571818,80.0
5.59,5.5128,0.0283,0.0283,0.0305,153.79523334341775,187.2289797224216,414.5017502849469,164.2507577738149,145.3061405766691,135.4734472143996,263.55625873798937,1.805124370170736,80.0
5.61,5.7831,0.0299,0.0299,0.0101,155.6521360723956,189.489556957699,422.043980017779,166.36538299691648,147.92364593289162,137.1706978731461,265.78141116966486,1.7918690125223469,80.0
5.63,5.7712,0.0287,0.0287,-0.0091,155.05242696781164,188.75947630864027,421.6357610676124,165.2955068749514,145.4691641565489,136.79986733083234,264.6039939722681,1.7861084401876302,80.0
5.65,5.4584,0.0285,0.0285,-0.0139,154.00970128807347,187.49007113330683,412.8360201054651,164.46024870496666,146.11243592272027,135.7615621177096,264.49174881063925,1.8156976942543737,80.0
5.67,5.1265,0.0289,0.0289,-0.0069,153.14798463616737,186.4410247744646,403.2792463158862,164.10774453950384,148.2090539087641,134.82879490121888,265.0853115261971,1.8529682246044104,80.0
5.69,4.9206,0.0292,0.0292,0.0028,152.8535254996078,186.08255278213124,397.27387927024375,163.58940404351873,149.28320135327496,134.28157012188686,265.5974268217455,1.8806282325222137,80.0
5.71,4.8743,0.0291,0.0291,0.0134,152.74954202450735,185.95596420374807,396.1177023538139,163.4444117417425,149.2575959564528,134.1915421666327,265.6961919850415,1.8852887459961525,80.0
5.73,5.0181,0.0293,0.0293,0.0207,153.54691258938792,186.9266761957766,400.7687550798048,164.08018234289588,149.18601276180553,134.96230325607496,266.2255030399784,1.870997744956348,80.0
5.75,5.1219,0.0301,0.0301,0.0095,154.25887185671476,187.79340921687017,403.9078880220453,165.44794719449044,150.99316556949853,135.7952505279071,267.4355607484556,1.863796163551538,80.0
5.77,5.0713,0.0288,0.0288,-0.0111,153.45856595800043,186.81912377495703,402.2562035385389,164.1695434628508,148.38431139696854,135.23573169616574,266.11915905124806,1.8616728307210204,80.0
5.79,4.8256,0.0323,0.0323,-0.017,154.59845193791242,188.2068110548499,394.7475876859679,166.3500128977428,156.68385420400762,135.68681963090356,270.2539434245422,1.9172117671540816,80.0
5.81,4.3959,0.0411,0.0411,-0.0147,156.67619871498414,190.73624191389376,381.0727387208,172.3287793147819,177.65345589954464,136.71197043577297,278.90372038734495,2.024660874531901,80.0
5.83,3.9956,0.0459,0.0459,-0.009,156.4717727405917,190.48737551028557,367.6138303563869,174.7141362445013,190.2987470419556,136.21719806648215,282.98359251739834,2.105720483746268,80.0
5.85,3.7054,0.0484,0.0484,0.0006,155.70464034242485,189.55347519947372,357.435819868795,175.58426065505392,197.7311256937624,135.46951400762862,285.0292737654865,2.1619737503058296,80.0
5.87,3.5256,0.0454,0.0454,0.0088,153.6334506536335,187.03202688268425,350.95818254388394,172.89863111558503,192.86116523359613,133.91721480743675,282.80818875678807,2.17492258626932,80.0
5.89,3.3571,0.0434,0.0434,0.007,151.8770517826178,184.8938021701434,344.5468989428991,170.8680751096541,189.9644446322968,132.60514615614295,281.29675710552385,2.1928640977074463,80.0
5.91,3.1022,0.0441,0.0441,-0.0349,150.1757923720295,182.8227037572533,333.70493617166903,170.42788461460756,194.0892753660258,131.40382158459207,281.959519097086,2.2457232158884355,80.0
5.93,2.8045,0.0384,0.0384,-0.0528,145.82363748084043,177.5244282375449,320.80380378416766,164.72608192092457,183.8264267042668,128.1497323226589,276.96174211110906,2.27369047520867,80.0
5.95,2.5238,0.0327,0.0327,-0.0629,141.28046045078196,171.9936040270389,307.9355242911612,158.49848082820336,172.42479179820498,124.66281049545832,271.25575568964433,2.300293425725462,80.0
5.97,2.424,0.0341,0.0341,-0.0673,141.08445454376113,171.75498814023092,303.1868458214531,158.90837338651312,176.55812218424455,124.48871874691991,272.8882723393682,2.3374380639214087,80.0
5.99,2.5064,0.0328,0.0328,-0.0731,141.27284127405673,171.98432850754736,307.1150618416914,158.65015854659757,173.068439917633,124.80249384544256,271.80992703771136,2.3067591694282905,80.0
6.01,2.6275,0.0337,0.0337,-0.075,142.76410035987203,173.79977435114856,312.8357058509367,160.2371367239212,174.42585786432684,126.052760320267,273.09358592448444,2.2849705173303203,93.0
6.03,2.5891,0.0258,0.0258,-0.079,139.0796737805587,169.3143854719845,311.0841028143071,152.72975142653974,154.2405998110727,123.14134764133678,263.9659435082688,2.23439588313739,93.0
6.05,2.4911,0.0241,0.0241,-0.0804,137.45802829490947,167.34020835902024,306.5450585827969,150.53671010916153,150.38442574013524,121.88031247380668,261.78175524853634,2.2427384513296125,93.0
6.07,2.528,0.0235,0.0235,-0.0805,137.58273386184132,167.49202383180685,308.3941381840522,150.12831718906858,148.44000879615777,121.99521864595596,261.1715500899605,2.229539594633804,93.0
6.09,2.6375,0.0231,0.0231,-0.0786,138.4307922717056,168.52444276555465,313.63636088105386,150.28761869525496,146.53252279862943,122.67976633693812,260.8881253526111,2.201951733014434,93.0
6.11,2.7479,0.0228,0.0228,-0.0767,139.28820854448486,169.56825388024242,318.78906908918043,150.5388300860162,144.9613813289347,123.38489755210524,260.74039466264827,2.1761581846370945,93.0
6.13,2.6156,0.0225,0.0225,-0.0826,138.10670896838346,168.12990657020595,312.7512422396701,149.59655155988068,145.05980727413777,122.48791870977924,260.412010579434,2.2030066216711024,93.0
6.15,2.1667,0.0222,0.0222,-0.0839,133.77935639474276,162.86182517620858,290.8016255312838,146.89895410358946,147.78455579367548,119.186598877176,259.8100565137523,2.31021984838045,93.0
6.17,1.7649,0.0233,0.0233,-0.083,130.0351837772407,158.30370198968433,268.60805414974936,144.73707649883286,154.17860946203464,116.28811610516443,261.2666040915668,2.450153104921786,93.0
6.19,1.503,0.0243,0.0243,-0.0816,127.19889499705072,154.85082869206175,252.40173248387757,142.8200701157159,159.3462107155487,114.12879643179647,262.60065296099526,2.5662634949038776,93.0
6.21,1.5018,0.0246,0.0246,-0.0804,127.38477509895054,155.0771175117659,252.4366396000202,143.1833460782885,160.33914856556862,114.3344334651276,263.23305477650536,2.5697762018026995,93.0
6.23,1.5759,0.024,0.024,-0.0804,128.1885489016491,156.05562474983373,257.3120356911282,143.60893414681365,158.03728180299342,114.9971717573498,262.6965714512245,2.531850973669336,93.0
6.25,1.5214,0.022,0.022,-0.0622,126.62964485162902,154.15782851502664,254.37769901668943,141.22148769140694,152.6247038045136,113.6937527362018,259.884841940313,2.5306151703733257,93.0
6.27,1.463,0.0216,0.0216,-0.0392,125.80569194461346,153.1547554108338,251.25725512257415,140.32174527438647,151.9338656872287,112.98298476486718,259.4001595687776,2.5477817362037523,93.0
6.29,1.4045,0.022,0.022,-0.0162,125.35726611802032,152.60884570889434,248.0603922601276,140.1962333719894,153.69858577818894,112.59183986950826,260.15068760345264,2.574745496464672,93.0
6.31,1.346,0.0234,0.0234,0.0068,125.34650286526116,152.5957426185788,244.78968503693156,141.00508096776178,158.51948566215987,112.57796389501088,262.37362655844805,2.613342507151001,93.0
6.33,1.3788,0.0276,0.0276,-0.0107,127.6257612013398,155.37049189728324,246.6210796468473,145.2074688074097,170.58920698246092,114.6282578050556,268.3276234359138,2.642863835783796,93.0
6.35,1.421,0.0297,0.0297,-0.029,129.05544458486196,157.11097601635367,249.0466792591508,147.50783324756563,176.1660006800752,115.93144555968296,271.1746214039004,2.645621982087585,93.0
6.37,1.3481,0.0327,0.0327,-0.0272,129.0621908642104,157.11918887816918,244.17159803666,149.0006811173656,185.30321558974163,116.07963459439964,274.6996988065312,2.705544677047966,93.0
6.39,1.2369,0.034,0.034,-0.0001,127.82762046311998,155.6162336072765,237.11231848168453,148.6376723371933,190.3017318963365,115.12138148030311,276.1385294341597,2.767522523811628,93.0
6.41,1.2482,0.0319,0.0319,0.0329,127.61928469337846,155.3626074528086,239.0173004672827,147.5245029880579,184.42433842823587,114.76353142078383,274.09437854071484,2.737423526222821,93.0
6.43,1.475,0.0253,0.0253,0.0341,128.6326427679077,156.5962607609311,254.70524350666577,145.13018117367125,163.4252775751603,115.41586948237035,266.49671514947744,2.569055463539313,93.0
6.45,1.8794,0.0205,0.0205,-0.029,131.31818524962188,159.86561682562663,277.7707052186327,143.67423181065757,145.21375998852525,117.5465161987688,259.97650882290264,2.38174290277267,93.0
6.47,2.2759,0.0216,0.0216,-0.0634,136.1791836812687,165.7833540467619,298.3341100575261,147.3372382059749,145.1761092228016,121.4615815310614,262.3254699532275,2.2856270570897177,93.0
6.49,2.4347,0.0239,0.0239,-0.0704,138.98256547279684,169.1961666625353,306.16154683444927,150.6967450678467,150.4996299760152,123.78756500661386,266.13934714478256,2.269469403981814,93.0
6.51,2.4349,0.0324,0.0324,-0.0741,142.90109944091628,173.96655584111548,306.1889505157628,158.74291201250062,173.04829890902082,127.06380498726573,277.0936396579117,2.339316410112768,100.0
6.53,2.7045,0.0301,0.0301,-0.0787,144.51862427293094,175.9357165061768,318.8870493392473,158.12680664509156,164.79239526198302,128.3232151871127,274.88046599381425,2.261562497721196,100.0
6.55,2.9867,0.0261,0.0261,-0.0823,145.00585616672006,176.5288683768766,331.39291442698817,155.7424146233016,152.55629468156138,128.74834562301922,270.2392880769524,2.172891841712008,100.0
6.57,2.9811,0.0325,0.0325,-0.0809,148.05041107685648,180.23528305008617,331.27785356698934,161.61753512060676,168.5555897997747,131.1890348876902,278.2652772995853,2.2236811757706585,100.0
6.59,2.8895,0.0376,0.0376,-0.0796,149.46817208419256,181.9612529720605,327.4285854675586,165.43328208858364,181.4235521386241,132.30218844439656,283.7411163658081,2.276851423413841,100.0
6.61,2.7589,0.0358,0.0358,-0.0792,147.7499181727501,179.86946560160885,321.73034010665225,163.39068739576402,178.3527066371312,131.0002420425009,282.05705315486483,2.293201754265419,100.0
6.63,3.0637,0.0366,0.0366,-0.0809,150.6965544848042,183.45667502497903,335.09585342098745,165.4944013452849,177.6312961951503,133.34814298678083,283.30447942024995,2.2375481999612243,100.0
6.65,3.2409,0.0435,0.0435,-0.0836,154.74261181551452,188.3823100362785,342.50726541641706,171.55148730574277,191.6606883715307,136.48744360951306,290.07891393590575,2.2469130465700933,100.0
6.67,3.1123,0.0524,0.0524,-0.0837,156.71366168267312,190.78184900499335,337.29071423070224,177.09836857369788,211.79558325884628,137.92183633448133,297.32091553499043,2.3181415505594267,100.0
6.69,2.8544,0.0577,0.0577,-0.0832,156.0404643696196,189.9623044499717,326.30497158885515,179.23252145359214,225.6348620555856,137.42255289266632,301.1037946142679,2.395322574659357,100.0
6.71,2.8853,0.0607,0.0607,-0.0832,157.22624094241223,191.4058585385888,327.76331244711656,181.1969640722744,231.345031510124,138.33078627462177,303.3475530571151,2.4029377195125328,100.0
6.73,3.5603,0.0635,0.0635,-0.0838,163.7227267690671,199.3146238927773,355.5793425358854,185.84284822652003,229.34275525901023,143.23537837363116,305.83638505828014,2.2902492545597712,100.0
6.75,4.0576,0.0662,0.0662,-0.0851,168.0208026122615,204.54706404970963,374.05497711741504,189.3018282556,229.79831641271977,146.58389394223653,308.0252657100385,2.224588464516694,100.0
6.77,3.897,0.0688,0.0688,-0.0865,167.75331601376087,204.2214281906654,368.3636559243928,190.18480272177175,236.00664007292573,146.32094310801244,309.71097154590893,2.259488487625599,100.0
6.79,3.5651,0.0692,0.0692,-0.0876,165.5602072253986,201.5515566222244,356.01546103057024,189.12768385771855,240.000931125253,144.6454421056703,309.9716187341784,2.314741202880546,100.0
6.81,3.1288,0.0685,0.0685,-0.0877,161.9108917026134,197.10891163796416,338.60594235554606,186.86701710371864,243.5566576846037,141.94805338679782,309.4935088255001,2.390815406490756,100.0
6.83,2.9087,0.0677,0.0677,-0.0876,159.80150529884622,194.54096297250845,329.2851472990783,185.3906005983129,244.7584373545454,140.44241349580844,309.08369286367923,2.432291352248076,100.0
6.85,2.8069,0.0634,0.0634,-0.0873,157.88016295803715,192.2019375141322,324.87628086621936,182.49573897734825,237.58134809882316,139.07782483083562,306.60409633654297,2.4370404493763926,100.0
6.87,2.7086,0.0596,0.0596,-0.0873,156.04835047241096,189.9719049229351,320.51583953713583,179.79826342783963,231.156965262766,137.76931445423676,304.2945231135376,2.4430312375427152,100.0
6.89,2.6041,0.06,0.06,-0.0872,155.17609264726582,188.91002583145405,315.7610061669651,179.48471142676456,233.35487863343775,137.1778598951557,304.6945932169856,2.469388079725253,100.0
6.91,2.5085,0.0593,0.0593,-0.0869,154.07619301205648,187.57101757989483,311.3123339229859,178.5504564837614,233.21857751239867,136.4180668351387,304.36904098397093,2.489767750316469,100.0
6.93,2.4629,0.0554,0.0554,-0.0868,152.67316601048026,185.8629847084108,309.1965124484525,175.95333232308192,225.627933983726,135.40082447618656,301.86880765330966,2.483881865128468,100.0
6.95,2.4836,0.0459,0.0459,-0.0865,150.28571989768403,182.95652857109363,310.2961081754315,169.90053165183718,204.56333181561985,133.57088680508653,294.8092896357361,2.43135143333324,100.0
6.97,2.576,0.0385,0.0385,-0.0863,148.8488731439108,181.2073238273697,314.8138342068048,165.03946167500754,186.5117067592259,132.43597693258906,288.4353878402858,2.366605930996962,100.0
6.99,2.6448,0.0325,0.0325,-0.0863,147.26954452882342,179.28466290465462,318.134910039816,160.5732986108121,171.43482531975997,131.1877746784283,282.4119209007443,2.311263578301269,100.0
7.01,2.6578,0.03,0.03,-0.0864,146.40591343479252,178.233285920617,318.8278443251769,158.48382535184507,165.109491277348,130.5147833884743,279.70075718762246,2.290592846429289,109.0
7.03,2.5572,0.0297,0.0297,-0.0862,145.44113601116524,177.05877427446202,314.1900977009853,157.69030379955626,165.17928882140254,129.78613661629953,279.45716553518724,2.311987021042397,109.0
7.05,2.4844,0.0311,0.0311,-0.0861,145.44126523434437,177.05893158963664,310.78221901431994,158.54490653290122,169.36398038688827,129.84505323959465,281.27756375677643,2.3405969395587585,109.0
7.07,2.3805,0.0357,0.0357,-0.0859,146.30866203540083,178.1148929126619,305.76624884864503,161.8167229942674,181.79863634455987,130.63757219049296,286.48182838596034,2.39961297912659,109.0
7.09,2.3024,0.0289,0.0289,-0.0856,142.83481288576357,173.88585916527742,301.9252326710691,155.54337678427598,165.37307607043928,127.8515593124702,278.8496541705103,2.370794479403916,109.0
7.11,2.1128,0.0194,0.0194,-0.0852,136.16063257786726,165.76077009479494,292.1059897532203,144.63753531059936,140.3047300680206,122.26572388996432,264.7896108573785,2.335378714499164,109.0
7.13,1.888,0.0221,0.0221,-0.0845,135.084657745147,164.4508876897442,279.6943864699357,146.07271379991786,150.36463029627956,121.70419765447262,269.2804452727334,2.431813395984923,109.0
7.15,1.7757,0.0306,0.0306,-0.0838,137.4124702620309,167.28474640595064,273.18541565004983,153.46269099833674,175.87503884240667,124.03350108242628,280.98834375242103,2.5446734920742333,109.0
7.17,1.9524,0.0377,0.0377,-0.0825,142.44573126243313,173.41219458035337,283.5739217669896,160.66161720588488,191.89044449657803,128.0354957540287,289.12169840888345,2.537210374917724,109.0
7.19,2.3598,0.0494,0.0494,-0.0804,151.13579455723954,183.9914020696829,305.3561731303272,171.714770297815,213.67118847620569,134.66719667256658,300.0930548279031,2.489351503773181,109.0
7.21,2.7646,0.0555,0.0555,-0.0796,157.21213872936957,191.38869062705865,324.7611257534139,177.9275564141851,221.57052974088884,139.2179376566603,305.2414755158055,2.423765094334966,109.0
7.23,3.0943,0.0529,0.0529,-0.0814,159.56603699616142,194.25430590837044,339.2733138033731,178.00818970895887,212.6522104473377,141.04122733836329,303.809355841451,2.344299539713389,109.0
7.25,3.1159,0.0442,0.0442,-0.0799,157.0423523821685,191.18199420437904,340.3057519504667,172.33114363847943,194.1928437364739,139.19956009759764,297.01794164388025,2.2956028169697813,109.0
7.27,3.061,0.0433,0.0433,-0.077,156.38489387002315,190.38160992872383,338.1216334047238,171.45803732700094,192.70551724604871,138.71301264790878,296.3922042086146,2.3016594810313373,109.0
7.29,2.9623,0.0399,0.0399,-0.0795,154.4196253913953,187.98910917213345,333.9143473505999,168.50256059559644,186.05431561622984,137.2307408062021,293.39070546510703,2.3022687082373063,109.0
7.31,2.7993,0.0347,0.0347,-0.0818,151.08436864539792,183.9287966117888,326.7347709960834,163.62236891043494,175.45323337911114,134.65091848133855,288.191952515233,2.303735568918111,109.0
7.33,2.6152,0.0297,0.0297,-0.0836,147.38179330971894,179.42131359444048,318.2973566715624,158.3773777816089,164.7532879699665,131.72743033820396,282.4742965075004,2.3092539742840086,109.0
7.35,2.2568,0.0292,0.0292,-0.0849,143.66349153512468,174.89468534710832,300.67543972362904,155.78952969396616,166.57937223444384,128.87701912867826,281.738417985438,2.395080956743662,109.0
7.37,1.7628,0.027,0.027,-0.0847,136.7506015917822,166.47899324216962,273.20586316373425,150.21250519313196,165.94308871185137,123.6602770276703,278.5660728633225,2.5292037266078835,109.0
7.39,1.5806,0.0131,0.0131,-0.0838,126.79234985770816,154.35590417460125,261.9106798840805,132.64416921232888,123.59778772944996,114.726794435921,253.53816886779876,2.4419776657727392,109.0
7.41,1.5677,0.007,0.007,-0.0828,121.42655984056071,147.82363806676958,261.1705677565716,122.19156631867595,99.23203462239437,108.86500281792672,233.8468117366869,2.336231440840826,109.0
7.43,1.7973,0.0053,0.0053,-0.0818,122.4099250571226,149.02077833041014,275.57153693878325,120.81355847644834,91.1711702597676,108.57578378234224,225.92275771000465,2.217685082865215,109.0
7.45,1.9304,0.0015,0.0015,-0.0811,118.76051991276591,144.5780242416281,283.433147079939,113.41052533067344,74.68289580199881,98.86124008534355,191.96451066963277,2.077822351479898,109.0
7.47,1.8895,0.002,0.002,-0.0812,118.94682560019348,144.80483116545295,281.1543965595036,113.9341043109174,76.2366453336698,101.01372650988576,199.38327906152244,2.100400460831339,109.0
7.49,1.8535,0.0115,0.0115,-0.081,129.47411586954829,157.6206627977109,279.13668435891174,132.67303901129367,116.04174977536374,116.56082753578772,250.4249061576544,2.323833174795087,109.0
7.51,1.8793,0.0159,0.0159,-0.0804,133.0385757868547,161.96000530573616,280.73085579371383,139.07685432609782,131.117193868244,120.06519407312484,261.40016469691693,2.37851569772077,168.5
7.53,2.0605,0.0359,0.0359,-0.0795,144.76819919486394,176.23954684592132,291.053743628049,160.23377022416744,185.70777801853492,130.27219258856533,290.98765193373794,2.5045717810625248,168.5
7.55,5.9676,0.0277,0.0277,-0.0789,165.24555034823103,201.16849607610732,438.8254203076299,170.00934342690542,146.21928587279731,148.7058500717591,283.7550647286529,1.8177245327709,168.5
7.57,6.4588,0.0578,0.0578,-0.0793,180.82815532860187,220.13862387829792,452.4745282677252,193.3383018445192,201.14338134113956,159.99571537551554,312.61999766672415,1.9378988507503747,168.5
7.59,12.8306,0.077,0.077,-0.0817,200.6147234333709,244.2266198319298,588.8346422956914,215.95991231438703,211.5840630984135,181.00531599906404,326.3666296053466,1.6108146030320518,168.5
7.61,17.6624,0.0686,0.0686,-0.0827,200.4320624558976,244.00424994631013,665.6514033544113,217.1689069296401,191.64284885311585,187.85935128488444,322.47821150462494,1.400249780584138,168.5
7.63,20.3368,0.0472,0.0472,-0.0799,189.64303481843643,230.86978151809652,702.7538943865032,207.80958140775508,161.27362877957242,185.98997129032895,307.703343070743,1.2391419473864431,168.5
7.65,19.7261,0.0265,0.0265,-0.0765,177.0721420022256,215.5660859157529,694.8021350219558,193.8725284445788,134.91903366888928,176.64080965616972,285.5823527766261,1.1642243826432024,168.5
7.67,22.3107,0.0342,0.0342,-0.0744,181.67863699066757,221.173992858204,728.5135167623358,201.97594686655935,144.11101505371508,183.78116545322908,295.67552317201694,1.1347753994245615,168.5
7.69,22.217,0.0156,0.0156,-0.0713,171.71741808632763,209.0472915833554,727.5454391950327,192.1319512340388,125.90048758277662,172.2096114675248,267.15960288068,1.0682805339923822,168.5
7.71,24.023,0.0254,0.0254,-0.0666,176.18911570509724,214.4910973801184,749.8390563211084,198.96691525725416,134.47461215926737,181.4807065156959,284.9899451824997,1.061790227541358,168.5
7.73,23.5709,0.017,0.017,-0.0542,172.49976747448915,209.9997169254651,744.6642741348089,194.8500551649134,127.80473331719178,175.17864009402885,270.6344700274112,1.0455495861043698,168.5
7.75,25.5614,0.0225,0.0225,-0.03,174.63906046962646,212.60407361519745,768.4219365031443,199.72525629263876,132.60589763885744,181.53778532847429,281.0301659273891,1.0226408643192455,168.5
7.77,25.1867,0.0022,0.0022,0.0099,216.28068519815025,263.2982254586177,764.4865407814202,241.93103590732883,224.67830229995093,149.4667569466697,207.83557583511868,1.300358154273433,168.5
7.79,25.4802,0.0014,0.0014,0.0607,236.72878655026216,288.1915662351018,768.3178976381419,267.1383134639177,292.540144060656,144.30689129917027,196.1197259910631,1.427558451171199,168.5
7.81,26.5809,0.0098,0.0098,0.0228,176.3708173619944,214.7122993972106,780.8384296273854,202.7791093345663,135.96015116584024,170.75939556147264,252.81432156710275,1.0149616535297123,168.5
7.83,27.76,0.0304,0.0304,0.0007,178.51418807746893,217.32162026822303,793.9876698677477,206.40887116460183,140.35192313157734,188.89240790111765,293.1813572963582,1.0091424502895312,168.5
7.85,29.0762,0.0196,0.0196,0.0258,173.7425095272197,211.51262029400664,808.4788167177088,203.9699755825616,133.49221674855343,183.4840268051985,277.19490691472987,0.9596618933845736,168.5
7.87,31.8373,0.0115,0.0115,0.0508,177.82571343999342,216.48347723129635,837.2933323259522,211.4830835174429,142.41272879142176,177.9752191758038,258.97259586086324,0.9460408970041344,168.5
7.89,29.6083,0.0538,0.0538,0.0744,191.57193755790615,233.2180109400597,814.7210133514528,221.2631395749609,165.1731465738398,200.32894266305223,316.52673118040354,1.058761627709707,168.5
7.91,27.2798,0.0598,0.0598,0.033,196.1132173928039,238.74652552167436,789.6568790611025,222.7813226784006,173.22349548451697,199.8656746605572,320.91852275427595,1.12542147360773,168.5
7.93,28.645,0.0788,0.0788,0.0367,205.3531880851516,249.9951854949672,804.7357542595169,233.8765594567508,194.072581049398,206.08314629967936,332.97102374679,1.1585078899072152,168.5
7.95,29.5157,0.0593,0.0593,0.0608,195.02519617936463,237.42197795748743,814.2981478740447,224.5291893153889,171.60968639779128,202.28844171862107,321.16494927837164,1.0801480567842037,168.5
7.97,31.3638,0.0626,0.0626,0.0157,195.986914847628,238.5927659014602,833.4093258943138,227.7840037221364,174.4497803743326,205.12785341769072,323.7851647159143,1.057735070229936,168.5
7.99,30.1734,0.0598,0.0598,0.0557,195.1865432586052,237.61840048873677,821.5623394438037,225.5378883870384,172.01135165943305,203.3564341560306,321.97671411794914,1.0701686352006017,168.5
8.01,28.347,0.0725,0.0725,0.0811,202.83567077213,246.93038180954957,802.5274808184433,230.9382818303109,187.48114637893917,204.92584755259676,330.1955951323495,1.146237562147931,195.5
8.03,22.7009,0.0493,0.0493,0.067,192.50829044368015,234.35791880100197,737.4357176304949,213.37600122699047,163.72804114586532,192.3557804647422,313.731124859882,1.191284293650045,195.5
8.05,24.4197,0.0257,0.0257,0.066,177.95529180288918,216.64122480351728,758.4416307014177,201.34271564949017,135.98383036008212,184.2842135926388,288.5936012282,1.058588153330546,195.5
8.07,25.4963,0.0187,0.0187,0.08,174.746326367141,212.7346581860847,771.2880340641289,199.95096413096493,131.2356656213099,180.7274954562484,277.1699219491852,1.018041751539713,195.5
8.09,25.0593,0.0398,0.0398,0.0557,186.43135109732768,226.95990568370328,766.2865321392577,210.33598215579656,151.51320428265382,192.0743329848364,305.92002132404457,1.1009482299187248,195.5
8.11,25.7535,0.0608,0.0608,0.0825,198.33793486225375,241.4548772236133,774.6382336652234,223.1411417618169,176.0613292874246,199.8711167158373,323.5114715615878,1.163817778232137,195.5
8.13,26.0394,0.0852,0.0852,0.0606,210.5086087209356,256.2713497472259,777.9925296811886,235.83525884075405,204.0515093581736,206.01571086836427,338.2559774842303,1.2362086000450463,195.5
8.15,26.0961,0.1472,0.1472,0.0808,233.3236500431028,284.04618266116864,778.9246335518488,262.27717826833685,272.00837233390087,215.79574344680947,363.40701399197553,1.3819039142677512,195.5
8.17,23.5844,0.0832,0.0832,0.0793,210.3102199020541,256.0298329242398,749.6009735398193,233.0379635399866,204.3618733770832,202.97556857314345,337.3847061619681,1.287946541431321,195.5
8.19,22.9194,0.0797,0.0797,0.0724,208.9507796548644,254.37486218853056,741.6108211982685,230.8080895527192,200.9970119263751,201.55847116242848,335.6415116189533,1.2943786605863192,195.5
8.21,23.4655,0.0909,0.0909,0.0682,213.829501055555,260.31417519806695,748.4622521986885,236.8603370613607,213.65797985130973,204.601077252666,341.69848998433457,1.3137078466322498,195.5
8.23,24.7474,0.0873,0.0873,0.0737,212.2663044720689,258.4111532703448,764.0180397914369,236.3552358440143,208.15212847148055,205.622870994286,340.25137136291534,1.2730650456799395,195.5
8.25,24.8667,0.0976,0.0976,0.0793,216.65995098870383,263.75994033407426,765.6327176215145,241.40030545794656,219.89568931050923,207.81905702166424,345.4447963614022,1.2987996377332538,195.5
8.27,24.9859,0.0661,0.0661,0.0849,202.4848897545087,246.5033440489672,767.2421942851428,225.9968511207261,183.24211846791172,201.47870716370295,328.59260247274875,1.2029890610989578,195.5
8.29,23.3596,0.0799,0.0799,0.0818,209.55293335698795,255.10791886937665,747.9591033156636,231.8324639918014,201.1436589396148,202.8366284288992,336.83078460073074,1.2856109293925644,195.5
8.31,24.6899,0.0663,0.0663,0.0717,202.88811861971476,246.99423136313095,764.0617551918224,226.05565003227744,183.8618248945023,201.45373055276863,329.0941908083711,1.2111689974205695,195.5
8.33,25.9146,0.0654,0.0654,0.0676,202.15595478657923,246.10290147931389,778.4717750434685,226.74090114092223,181.9782973682817,202.76850349122336,328.8276111341101,1.181022687621618,195.5
8.35,26.8263,0.079,0.079,0.0843,208.6721194235035,254.03562364600427,789.0769283375671,234.6532088890185,197.1173788767091,207.13928063061317,337.294535555663,1.2041430645320874,195.5
8.37,27.0154,0.0886,0.0886,0.0292,213.1123978481069,259.4411799889997,791.1230240205313,239.58179568995337,207.96305266539116,209.4713063569088,342.5859946660483,1.228584156017708,195.5
8.39,27.6804,0.1055,0.1055,0.0864,220.1308031832034,267.98532561433456,798.9562080895978,247.97583197068855,226.1530481884639,213.4157280408503,350.7247600159803,1.258805873820132,195.5
8.41,27.0974,0.0909,0.0909,0.0737,214.31806213463005,260.9089452073757,792.6216149909993,240.97666477960692,210.6188799334109,210.2875154064419,344.15185246349205,1.2334183549668418,195.5
8.43,25.1227,0.0817,0.0817,0.07,210.8324113798758,256.6655442885445,770.2286094951436,235.01014263328292,202.0558541529422,206.310755019415,339.42473675321384,1.251379525199389,195.5
8.45,21.0829,0.117,0.117,0.0731,224.74001541644571,273.5965405069774,720.5846007676365,247.35969081141928,247.6724632065627,207.3907512809648,355.3986300319941,1.4474078965093309,195.5
8.47,20.8892,0.1766,0.1766,0.0539,241.63589586043452,294.1654384387899,718.1143951293013,269.1274841373979,312.7436527492945,214.45608796338175,375.1374919260023,1.5731718654181794,195.5
8.49,20.7552,0.1785,0.1785,0.0752,242.14340516187235,294.7832758492359,716.6382151836787,269.6990439462596,315.0173881011339,214.58848322713408,375.8660577666399,1.5803898859519403,195.5
8.51,20.5306,0.1771,0.1771,0.0597,241.7919930182989,294.3554697614074,713.7502877523139,269.0737628656129,314.0803706710859,214.25265762683188,375.6748478704478,1.585027251566446,175.0
8.53,20.2509,0.169,0.169,0.0675,239.77734523008868,291.9028550627167,710.2334590946215,266.1717253615737,306.19975606159375,213.1396427694575,373.5793137016578,1.579284470287873,175.0
8.55,19.6982,0.1585,0.1585,0.0469,236.90520450007529,288.40633591313514,702.8210377125399,262.0419650301889,296.2209896571269,211.302314520403,370.6207610329034,1.5771164141976266,175.0
8.57,19.1923,0.1059,0.1059,0.0317,221.08694007049328,269.14931834668744,695.9499765885618,241.1966530629798,238.2442756715644,203.7150653505222,351.8321466789266,1.478325159189912,175.0
8.59,19.588,0.0694,0.0694,0.0286,206.56978698152648,251.47626241229312,701.5370244168611,224.1560697774174,193.3495997942981,197.4000836329592,333.2709686180736,1.3597726854956955,175.0
8.61,18.7789,0.0734,0.0734,-0.0333,208.4058749023972,253.71149988117915,690.1238830281692,225.42732335754752,199.4152996787319,197.24680333670372,335.800392649742,1.39872732347714,175.0
8.63,16.8295,0.0661,0.0661,0.0583,204.72793213494663,249.23400433819592,662.5349991372422,219.33061532955583,192.39604415768403,192.60155984921877,331.184195404231,1.4365448618272172,175.0
8.65,16.2123,0.0781,0.0781,0.0619,209.80394159973224,255.4134941214132,653.3327376836038,224.96475468628648,208.9621775063284,194.3640605963193,338.5496080020224,1.499151156214337,175.0
8.67,15.2946,0.0563,0.0563,0.0967,199.66904092100475,243.07535416470145,639.3530807211229,211.90976843203657,181.10429240400904,187.69504971095537,324.4966820335263,1.4551054638508178,175.0
8.69,14.9325,0.0596,0.0596,0.0817,201.20884087791825,244.94989324268303,633.5862245899228,213.40704042212775,186.18667719929485,188.05541520505807,327.04111387351975,1.4824858598757984,175.0
8.71,14.6728,0.0613,0.0613,0.0787,201.97555845411773,245.883288552839,629.4865065232309,214.0903471892153,188.9349322430416,188.1394894601023,328.3873405015799,1.4995969908953768,175.0
8.73,14.3287,0.0563,0.0563,0.0651,199.4881416536321,242.8551289696391,623.8655803279204,210.74537520314277,182.4698229977648,186.29695535115596,324.9064856523875,1.4943989056991338,175.0
8.75,13.8707,0.0509,0.0509,0.0642,196.6041454729964,239.3441770975608,616.3195160355846,206.84832853716765,175.3735816875898,183.9991446928444,320.783951273353,1.491078786818795,175.0
8.77,13.8297,0.0493,0.0493,0.0791,195.8509888519256,238.4272907762572,615.8697000050046,205.8613510519129,173.13793117654683,183.5502758844196,319.6323784319288,1.485965889897207,175.0
8.79,13.8091,0.0449,0.0449,0.0751,193.559615813624,235.6377931644118,615.6302236421418,203.06299763958276,166.75286401315952,182.207810949741,315.94987574667925,1.467481708176143,175.0
8.81,13.7677,0.0454,0.0454,0.0748,193.91348368409925,236.0685888328165,615.0623605075198,203.3950142571731,167.58146593945244,182.41174673955405,316.58001506477063,1.4718836970675289,175.0
8.83,13.6137,0.0444,0.0444,0.0818,193.37164843975592,235.40896331796367,612.6190619294812,202.5703237002172,166.30343797319946,181.8947877766647,315.81955933732297,1.4739325837702717,175.0
8.85,13.4349,0.048,0.048,0.0798,195.3223247266045,237.7836996671707,609.6627314606715,204.69415223540847,171.8748353698934,182.84236667142923,319.1881051619157,1.4983593438332874,175.0
8.87,13.2893,0.0515,0.0515,0.0822,197.14624012917545,240.0041184181266,607.2898542674661,206.7375562879155,177.2299354584079,183.74049943935887,322.27994925006016,1.5203342517688525,175.0
8.89,13.5848,0.0565,0.0565,0.0851,199.9365862700917,243.40106154619863,612.5575308812416,210.30331204872164,184.09433333068225,185.8626827909229,326.4245343023194,1.5288182841274731,175.0
8.91,14.2428,0.0578,0.0578,0.0877,201.09948122703355,244.81675975464955,623.8542931888121,212.13877298966383,185.09148627315523,187.60377342712175,327.69215113364464,1.5069408935564994,175.0
8.93,15.0904,0.0547,0.0547,0.0847,200.11270962281057,243.61547258429115,637.8696903403594,211.6069413352901,179.75584292027455,188.4258074117938,325.67611785236664,1.4614731609350282,175.0
8.95,15.7839,0.0528,0.0528,0.0726,199.50528364264872,242.8759974780072,648.950972640386,211.5048220981064,176.4131641364163,189.21087956858835,324.47420665395856,1.4283655019234849,175.0
8.97,16.2112,0.0521,0.0521,0.0773,199.37020324182356,242.71155177265476,655.7693459723048,211.74481923448343,175.06708248287927,189.84756743805065,324.15877295570834,1.4104159989512148,175.0
8.99,16.4809,0.052,0.052,0.0816,199.48984312484689,242.85720032590052,660.080505052186,212.12722787534796,174.7215364825897,190.38667443507407,324.3000763580128,1.4008233779854848,175.0
9.01,16.7125,0.0574,0.0574,0.0855,202.4624426338066,246.47601711941672,663.7721331212623,215.723210251207,181.89057199792103,192.45932863452333,328.7109564589523,1.414678652887413,184.0
9.03,16.9916,0.0672,0.0672,0.0828,207.3890427206128,252.4736172250939,668.1056239779147,221.6648546388839,194.6446483018708,195.5799825176034,335.74572794302526,1.4417153716917974,184.0
9.05,17.3894,0.0374,0.0374,0.0849,191.4327366484548,233.04854896333632,674.1866032327048,204.27772958906087,154.0425340320056,187.0317997853772,311.3459783035475,1.3069851762845088,184.0
9.07,17.9069,0.0393,0.0393,0.0852,192.7421547263311,234.64262314509872,681.9169158033815,206.3197203972361,156.4629452142057,188.7131523278713,313.60124748161314,1.2998110376441294,184.0
9.09,18.3436,0.0466,0.0466,0.0861,197.22369973094683,240.09841706376136,688.3653673135633,211.63449202199368,166.15964809236488,192.183629904044,320.86058639164054,1.3187687531341434,184.0
9.11,18.9408,0.0387,0.0387,0.0852,192.54922344913635,234.40775028590517,696.9714072393532,207.45812765828404,155.29971439833335,190.23450808950844,313.4534670065929,1.266500998630099,184.0
9.13,19.7458,0.0718,0.0718,0.0748,210.5257370239473,256.2922015943706,708.2148830637823,227.83150636101809,197.68276408994765,201.5744064719766,339.9707496642671,1.3715342256933571,184.0
9.15,20.6249,0.0605,0.0605,0.0801,205.06445907988817,249.64368931464648,720.2646717257282,222.80235228755063,182.7312772067933,200.10180671003903,332.77752746594894,1.3072552958220254,184.0
9.17,21.5742,0.0332,0.0332,0.0939,188.96841884500708,230.04850989826951,732.9662271751217,207.57791754698803,147.73944996183891,191.7333039684352,308.07628243211246,1.1716651487977916,184.0
9.19,23.1457,0.0225,0.0225,0.0952,182.2028786401988,221.81220008372028,753.0530893378128,203.5317677901962,136.1838734698943,187.64388248341743,293.1969090168456,1.091708014276192,184.0
9.21,26.3686,0.0525,0.0525,0.1404,199.3515663140801,242.68886333888008,791.8280926848544,224.54474944510136,169.70099533958674,205.25406208242995,327.83415318511334,1.1381379293662597,184.0
9.23,29.7092,0.2121,0.2121,0.0779,257.7263747796209,313.7538475577994,828.5624892304941,291.9906252512255,334.17200935523164,234.60813614327452,393.6456582918595,1.4326652515420906,184.0
9.25,32.7312,0.1928,0.1928,0.0264,252.90454109633131,307.88378916075123,859.7318796988924,288.6789436683152,311.98453111623087,236.16939973995707,389.285516461338,1.3456900220957009,184.0
9.27,34.3501,0.171,0.171,0.0213,246.41286071543183,299.98087391443875,875.8947938611927,282.83233856437937,289.2972645437369,235.60163451009203,383.606793516474,1.2804675162225378,184.0
9.29,39.1735,0.11,0.11,0.0739,221.85633439789987,270.0859723104868,921.3643197746728,262.9206593098832,224.8333297005731,231.60753611254785,362.7746432523988,1.077544488678353,184.0
9.31,41.0294,0.1293,0.1293,0.0262,229.11323231105263,278.92045672649886,937.812921617578,272.1819104368379,242.8611932442658,236.4472219496896,370.8076942461434,1.0940245906431707,184.0
9.33,43.657,0.2682,0.2682,0.0367,271.23714999726576,330.2017478227584,960.5517880760044,319.3634841523635,368.2201474067826,253.61489601835308,408.10869766431887,1.281090821093527,184.0
9.35,47.9255,0.2247,0.2247,-0.0131,258.68951723056495,314.9263688024269,995.4308957107676,309.70813558051844,326.29690807186256,253.44755374439043,399.3187340430817,1.1679913501400483,184.0
9.37,48.4691,0.1928,0.1928,0.07,248.7086475924126,302.775744895111,1000.215971096461,300.0476415570844,297.3548956136016,250.80273394647767,391.6933753183029,1.1125498825207023,184.0
9.39,44.1244,0.1491,0.1491,-0.0418,235.6498556606244,286.8780851520645,964.8027477677796,282.23182149360457,260.1698830544844,242.35459100766255,378.76240641324966,1.09235465811564,184.0
9.41,45.0651,0.1702,0.1702,0.0278,242.95710998543947,295.7738730257524,973.0579661873244,290.5922242356647,279.4132924485698,245.92257086726184,385.6036098241174,1.1186355156023238,184.0
9.43,45.5683,0.1307,0.1307,0.0243,227.5959375661981,277.07331529798034,977.3865595128073,276.2471990465033,241.74163862013887,241.11842293428103,372.8216678501763,1.036046053974211,184.0
9.45,48.0891,0.1859,0.1859,-0.0154,247.06545286421044,300.7753339216476,997.7703775438312,298.02261167690347,291.77176147855204,250.35298424057348,390.6586714949668,1.1073392910716824,184.0
9.47,49.6459,0.2078,0.2078,0.0093,253.5483328670094,308.6675356641854,1010.2817470425448,306.2424939284185,310.4226415593509,253.98899822856,396.6612332379779,1.1231998248463602,184.0
9.49,50.9462,0.2122,0.2122,-0.0238,254.44014056990312,309.75321460683864,1020.4150596319562,308.5128503437343,313.4511753899441,255.5299413150204,398.0316746135366,1.1147897905375193,184.0
9.51,48.4144,0.1615,0.1615,0.0386,238.5257553873569,290.3791804715649,1001.1497588721934,290.0973716199139,269.3571495945497,248.1227935954749,384.2117712298162,1.0612061891403357,221.5
9.53,48.9152,0.107,0.107,0.0516,214.95590274599505,261.68544682121137,1005.3437450957337,269.0056685498391,217.5942542658924,240.28375763665747,364.411467168693,0.9422664397096412,221.5
9.55,49.9599,0.1749,0.1749,0.0385,242.76949439355388,295.5454714356308,1013.656498047263,295.98595469481785,280.8354373596908,251.1954792690125,388.7165962275115,1.0666972367555534,221.5
9.57,51.7925,0.2566,0.2566,-0.0115,267.4534894177505,325.59555233465284,1027.7514737867316,322.82424615466635,351.82709228420026,260.8159061424038,408.9021699905783,1.1677015478330284,221.5
9.59,52.458,0.2556,0.2556,0.0222,267.04450289890747,325.0976557030178,1033.0966653069313,323.0789737959022,350.5206230649581,261.3628367890525,408.9492162933008,1.1588501932181765,221.5
9.61,56.5441,0.2819,0.2819,-0.028,272.6418874954634,331.9118630379554,1063.1888350478716,332.9172976013419,369.7407498697632,266.5118884911646,414.63771101815126,1.1474826280400243,221.5
9.63,53.3501,0.304,0.304,0.0044,279.3365131966708,340.06184215246884,1040.1447039022264,337.0040128217884,390.6994170336618,266.1043123205422,418.7661533286978,1.2079985494808,221.5
9.65,52.2291,0.2742,0.2742,0.0444,272.41851200763045,331.6399276614632,1032.0800194038611,328.541889912494,366.7712664695349,263.1815380189815,413.3390976662196,1.1855933801644176,221.5
9.67,49.4116,0.2262,0.2262,0.0572,260.38814232985925,316.9942602276548,1010.7037127010248,313.147482367991,327.7861761530138,257.09914519871995,403.1726148977387,1.1553459719605534,221.5
9.69,47.1446,0.068,0.068,0.068,196.56610806589237,239.2978706889124,992.9808762985548,251.5485964606493,181.8793459864633,231.25347863728905,344.9127320405371,0.8659771331973318,221.5
9.71,49.6344,0.1037,0.1037,0.0724,213.6473213452097,260.092391202864,1012.9049248367644,269.23384488227134,215.0032462287548,241.4165979257384,364.6920124745002,0.9276489333902604,221.5
9.73,53.4419,0.1501,0.1501,0.0788,231.93439416710987,282.35491463822075,1042.1257189095363,290.12363180938195,256.753526377757,251.7490162933645,383.0611604387216,0.9828056573106608,221.5
9.75,52.1418,0.1389,0.1389,0.0677,228.24113087760128,277.85876802490594,1032.548150227201,285.2841154784546,247.19534446443865,249.3906570213996,379.346770973894,0.975773287713196,221.5
9.77,52.269,0.1337,0.1337,0.041,225.99027464116037,275.1185952153256,1033.6341324130624,283.4419641745018,242.37467107773816,248.83105567796716,377.6723320823034,0.9640303954618786,221.5
9.79,53.0087,0.1298,0.1298,0.0557,223.7876964497438,272.437195677949,1039.4525072853578,282.42146710372515,238.4405377143471,248.86464388579532,376.4555076662765,0.9476362933478588,221.5
9.81,54.2246,0.117,0.117,0.0918,216.93454957101557,264.0942342603668,1048.8165042372916,277.9909417154785,225.9979633266904,247.67690326437668,371.6629154667923,0.9065542738198128,221.5
9.83,55.2545,0.1024,0.1024,0.0717,208.87486396218347,254.2824430843973,1056.5279391843926,272.4941431798537,212.0996175173495,245.75566599131295,365.5176142679263,0.8624552105659908,221.5
9.85,54.6405,0.0679,0.0679,0.0424,190.7802268945448,232.2541892629241,1052.1513124225753,257.1894589126805,181.3404060720761,237.26867122212576,346.6568616111759,0.7845300844878126,221.5
9.87,54.7343,0.1393,0.1393,0.0768,227.0913805877438,276.45907201986205,1053.1582765086805,287.58329383612283,246.75430443794548,252.0549971027749,380.8015969305641,0.9486067154782294,221.5
9.89,55.3986,0.1384,0.1384,0.0463,226.29856496365505,275.4939051731453,1058.13857458488,287.70345367246864,245.68952708117007,252.49949464926047,380.709750593706,0.9398896755305044,221.5
9.91,53.6259,0.1085,0.1085,-0.0074,213.75367705634665,260.2218677207698,1045.1199155316074,274.7464401444326,218.7988970603582,246.4318905138926,368.9517953113195,0.8953519266352333,221.5
9.93,52.5132,0.0976,0.0976,0.0426,209.19968038598935,254.67787177424796,1037.1472108013204,269.6006568733624,209.1017661405313,243.67597397196135,364.0377138600789,0.8820408683070463,221.5
9.95,53.4913,0.0941,0.0941,-0.0032,206.6241408617045,251.54243235337935,1044.5466323490011,268.72526831920425,205.59004158076695,243.72122492415517,362.5475221067604,0.8631143969692465,221.5
9.97,53.3702,0.1305,0.1305,-0.0074,224.72112444983847,273.57354280849904,1043.8369467289865,284.03023000720555,239.76208239672656,250.4850330388907,378.4783209040447,0.9470295345501576,221.5
9.99,54.1656,0.0742,0.0742,-0.0119,195.31521685290156,237.7750466035323,1049.9471187846336,260.5702330247686,187.487422705652,239.6606568429113,351.9102251591898,0.8066480024970861,221.5
10.01,53.5169,0.0419,0.0419,0.0385,179.57103796562163,218.60822013206112,1045.4902504724869,247.69772758858588,163.49448830422716,228.28898494185404,326.84980712043586,0.7391565044394143,206.0
10.03,51.0255,0.0135,0.0135,0.0102,195.63744664791383,238.16732635398208,1026.740775078547,256.8275598532918,184.0619286555981,206.4992848393273,282.1434075405026,0.828768640379128,206.0
10.05,49.9793,0.0551,0.0551,0.0489,188.56204215513324,229.55379044972744,1018.975627867339,249.9262061342526,171.8719040066848,231.50552239035173,338.8664119005081,0.8028041571259439,206.0
10.07,48.4524,0.059,0.059,0.0614,192.05092931534455,233.8011313404195,1007.214539874952,250.66256527171447,175.24155986026383,231.9135559977404,341.98598314223864,0.8299195350752372,206.0
10.09,44.796,0.0487,0.0487,0.091,189.37235909587372,230.54026324715068,977.78518348341,243.55700594549543,166.67070186096106,225.80987013321183,333.5355696810881,0.8451404940128474,206.0
10.11,45.5969,0.0458,0.0458,0.0619,187.3297549064981,228.0536146687803,984.5132659848608,243.0914597053731,164.52890992057763,225.3601715753541,331.09332957906605,0.8286432947944455,206.0
10.13,47.0194,0.1567,0.1567,0.0939,240.76207252222787,293.1016535053209,996.4319063918134,291.26934658050686,268.47228195112683,250.82791925143107,388.787922244319,1.0762644114640778,206.0
10.15,45.8808,0.2527,0.2527,0.0664,271.6442695916954,330.69737167684656,987.2504382857588,321.1512486535824,355.4020042331812,260.19951290397347,413.8380459961942,1.2414427956396357,206.0
10.17,47.4429,0.2496,0.2496,0.0433,270.4678117699971,329.26516215477915,1000.067046966244,321.47613300453094,351.501067992218,261.33224839362435,413.4827719837616,1.2175540703881835,206.0
10.19,48.8318,0.2313,0.2313,0.0346,264.9803553724816,322.5847804534559,1011.3148958227,317.22295657307933,334.63913145386306,260.9095749397171,409.7010306279041,1.1754385550363795,206.0
10.21,49.6467,0.2035,0.2035,0.0095,256.2290495493808,311.93101684272443,1017.8419844599724,309.3060723143623,309.6642260425277,258.90834062293135,403.1867308815473,1.124654851494931,206.0
10.23,50.2815,0.2224,0.2224,0.0556,261.94718623576074,318.8922267217957,1023.14223488206,315.7277225936385,325.94291215507,261.4437237578647,408.1090573567313,1.145386097670582,206.0
10.25,47.9502,0.1652,0.1652,0.0901,244.06005254810225,297.1165857107332,1005.0735234171898,295.6323936561841,276.2719580138037,253.47066956572127,392.6919947959993,1.0814947732921587,206.0
10.27,46.5181,0.1202,0.1202,0.0956,226.57690142398872,275.83274955963844,993.7189067085808,277.73372154627344,234.76802083573503,245.92577038576027,376.8903874877203,1.0097246448614132,206.0
10.29,47.0395,0.0899,0.0899,-0.0478,211.41508957878315,257.3748916611273,997.659643299974,265.1294566479783,205.3205938077471,240.58357824966868,363.1330932663968,0.9316483019643752,206.0
10.31,47.1398,0.127,0.127,0.0072,229.40530070055945,279.27601824415933,998.8510196465288,281.0711949426091,241.13754737633823,247.79199641602904,380.00713474025497,1.0174992459618917,206.0
10.33,49.1693,0.129,0.129,0.0101,228.9300852393372,278.69749507397574,1015.2680375816263,283.2168360843332,242.0395367373804,249.75868436113788,381.0854213373529,0.996550500402394,206.0
10.35,47.9005,0.1315,0.1315,0.0757,231.0210783832454,281.2430519448205,1005.593424485163,283.5737026096389,245.1574814277157,249.35095992952637,382.15058445102414,1.017475212244814,206.0
10.37,46.693,0.0695,0.0695,0.1038,200.78177434025136,244.4299861533495,996.126406300696,256.082620106861,186.21474179431928,235.75521707183304,351.8538184609939,0.881770014927405,206.0
10.39,46.6007,0.0333,0.0333,0.0231,182.6965356517569,222.41317383692143,995.2879353423502,241.7031395526417,158.56302833072994,221.84432730835965,319.90965197584694,0.7957938757526651,206.0
10.41,46.9487,0.0273,0.0273,0.0879,181.918082111595,221.46549126628955,998.531070330636,241.68783922233345,157.91813809961232,218.56691368595423,311.92195812296853,0.789124472515488,206.0
10.43,44.3869,0.0316,0.0316,0.0813,183.56805868996085,223.47415840516973,977.5352186604204,239.30275441903197,156.94720440580812,219.57332676222384,317.93232925359433,0.8163745265492933,206.0
10.45,44.2214,0.034,0.034,0.0037,184.45722806319867,224.55662546824183,976.0527855983404,239.73945907291585,157.9106993750252,220.91030746017648,321.11908415340514,0.8220875448065077,206.0
10.47,42.3183,0.0522,0.0522,0.0239,194.88653950581397,237.253178528817,960.0441342597106,245.26816332938844,171.0961989659673,227.5881863465186,339.578151601708,0.8896772046763379,206.0
10.49,40.514,0.0375,0.0375,0.0485,188.3094511073292,229.24628830457468,944.4711032529618,237.4075781215197,158.82691098078774,220.15732603176207,325.339126755702,0.8728051647526819,206.0
10.51,39.4805,0.0487,0.0487,-0.0111,195.2077194569017,237.64418020840216,935.1485396061704,241.428692333698,168.08257790584435,224.26803745336755,336.679938434834,0.9181523355614584,241.0
10.53,39.2144,0.0763,0.0763,-0.0109,211.33182064979377,257.27352079105333,932.9118330057664,254.68691270864232,195.50826447472488,232.67976128830335,357.0703757045508,1.0043106647286997,241.0
10.55,40.4537,0.0583,0.0583,0.0039,200.22940077402168,243.75753137706988,944.3002711722972,247.0553128698789,177.24113995151296,228.68331796022,345.04125983405333,0.9336313047475816,241.0
10.57,38.3071,0.0228,0.0228,0.0534,185.2480822793237,225.51940451395936,925.20199822235,231.78921644595488,151.44956321936766,209.99622003752663,305.420739213826,0.8773719643334846,241.0
10.59,37.5315,0.0236,0.0236,0.0399,185.54993374313844,225.88687586121205,918.1240280980688,230.85241585969487,150.87927910555845,210.08914272903797,306.89338223479666,0.8865864138816627,241.0
10.61,38.2,0.0262,0.0262,0.0418,185.7895782770828,226.17861703297035,924.5142449442392,232.0975519034616,151.9862224089056,212.5704202672909,311.28069273671525,0.8808479687731846,241.0
10.63,39.6546,0.0593,0.0593,0.0032,201.766040054376,245.6282226748925,937.8295510828948,247.2571448786401,178.5844663109846,228.8294330980183,346.4153708453087,0.9486892072280988,241.0
10.65,40.6895,0.106,0.106,0.0129,225.8958434868745,275.00363554923854,947.316957232336,269.7593627854313,225.2815818752363,241.14977422256348,373.834293000059,1.061554569795761,241.0
10.67,39.4041,0.1125,0.1125,0.0105,229.8252063498511,279.7872077302535,935.937860144733,271.67079954496546,232.5656826553248,241.3521402470529,376.8271518964863,1.0966944149041145,241.0
10.69,41.7539,0.1115,0.1115,0.0391,227.9212757417846,277.4693791639117,957.1580441147312,273.06083567324185,230.3160026722496,243.3200033569329,376.72982663229817,1.0594134579682997,241.0
10.71,42.0187,0.1449,0.1449,0.0735,242.01131561892305,294.62247118825417,959.7749826208716,286.5668922656217,262.6999734791789,249.0254353410861,389.9858565752974,1.127888778911837,241.0
10.73,43.6011,0.1602,0.1602,0.0808,247.0452263299809,300.7507103147593,973.6207568102936,293.36267210466946,276.1672936520317,252.58012068892697,395.402938660843,1.1350051516701434,241.0
10.75,45.0518,0.1864,0.1864,0.0656,255.6060669812654,311.1726032815405,985.9894274930128,303.43797047377944,299.3677952318678,257.1170849579943,403.5538870393069,1.1614081832282168,241.0
10.77,48.215,0.1983,0.1983,-0.0405,258.13355468541727,314.24954483442104,1011.6953576051142,309.5566520996568,307.96501054553767,261.1137887718631,407.2094324247245,1.1401927007485224,241.0
10.79,47.8975,0.2117,0.2117,-0.0476,262.6705434807968,319.77283554183964,1009.3056924381468,313.65969105040494,320.13683372193503,262.42044383547585,410.85843497167735,1.1652541416116426,241.0
10.81,46.8448,0.1567,0.1567,0.0077,244.2918837241488,297.39881496852894,1001.143194375503,294.737912625598,271.127418288129,255.26268475434608,395.2205514539911,1.0860703092761117,241.0
10.83,46.8525,0.1629,0.1629,0.0129,246.75074341577965,300.3922093757318,1001.407110859866,297.06932126533286,276.94193549459584,256.223820591743,397.405541212728,1.097686255101073,241.0
10.85,47.2569,0.1482,0.1482,0.0214,240.87383655634105,293.2377140685891,1004.9123052028716,292.1189072776104,263.09988213653685,254.6658341365202,392.757772543612,1.064779513604226,241.0
10.87,47.255,0.177,0.177,0.0578,251.8678274384972,306.62170296860523,1005.2042808312908,302.45312484434714,289.7499023153795,258.57819282611166,402.1177725188934,1.1177663516485417,241.0
10.89,48.2507,0.1855,0.1855,-0.0128,254.4252337091731,309.7350671242108,1013.1856012438516,306.0629251610861,296.89229996641245,260.50054694132496,404.8279083242081,1.1200790518611188,241.0
10.91,49.817,0.18,0.18,0.0341,251.6976422504888,306.414521000595,1025.968253984464,305.37776397659167,291.002172133604,261.1819089495351,403.5296372399844,1.0912483082584985,241.0
10.93,47.2098,0.1871,0.1871,-0.0022,255.73146997751795,311.3252677987175,1005.1798790326752,306.1009767976194,299.159897864386,260.13391884547946,405.590791962141,1.1364640788452456,241.0
10.95,45.1469,0.1834,0.1834,0.0403,255.61035101050817,311.1778186214882,988.4971175833276,303.5498963814579,297.26978396481263,258.16865683558683,404.5923690476751,1.1575832303282172,241.0
10.97,43.7216,0.1516,0.1516,-0.0002,244.9934587794295,298.25290634017506,976.4935511695752,291.5873618697257,268.8932474953553,253.0774966354031,394.78812339446864,1.1203345797311677,241.0
10.99,42.5564,0.1254,0.1254,-0.0187,235.10637250303265,286.2164534819528,966.5761799368822,280.87867759589005,244.6136682911078,248.28176272509543,385.2699987123083,1.0832760645613528,241.0
11.01,39.4096,0.1357,0.1357,0.0213,241.36459395031247,293.8351578525544,938.9401847328534,282.65987294184305,256.61266976758066,247.28940915454768,389.2017481618386,1.152164107457466,187.0
11.03,33.7682,0.0862,0.0862,0.0108,222.59654386649973,270.98709688095624,885.2595768160745,257.3629672955822,209.8684126193092,233.02690003128512,366.65554994765085,1.1270331680556651,187.0
11.05,32.5606,0.077,0.077,0.0674,218.66719503218692,266.20354177831456,873.4315684336982,252.03886717658716,200.66580365778216,229.7624068354186,361.38334194521326,1.1221743237432171,187.0
11.07,31.5853,0.0691,0.0691,0.0997,215.07909553185965,261.8354206474813,863.6485236314237,247.34479789445703,192.55738594558963,226.82628528778105,356.41620256192925,1.116116033865184,187.0
11.09,28.3639,0.0673,0.0673,0.0505,215.9871375142808,262.9408630608636,828.842815926554,243.30675904846805,191.9920785766606,222.9627638855464,355.0748096744244,1.1747684629842874,187.0
11.11,26.0817,0.0665,0.0665,0.0794,216.68531398915212,263.7908170302722,803.0107154748067,240.54222058740015,192.21887013758948,220.1774800434747,354.46479806797305,1.2219722289327677,187.0
11.13,25.5421,0.0671,0.0671,0.0914,217.3114724968672,264.55309695270785,796.833427858959,240.32792242437503,193.24291737245133,219.78922537571145,354.98553641464133,1.2365721531565794,187.0
11.15,25.1679,0.0715,0.0715,0.0603,219.85237290568276,267.64636701561375,792.3443567451535,242.20622040187956,198.62559382385345,220.59192098734212,358.0522028121585,1.2604292934595611,187.0
11.17,25.2997,0.0729,0.0729,0.0373,220.62118955471897,268.5823177187883,793.950423872896,243.119022958496,200.2222871451324,221.2236754359428,359.13260906046787,1.26230787702061,187.0
11.19,25.3039,0.0674,0.0674,0.0561,217.84291205072253,265.2000668443579,794.235966142674,240.41230542823612,193.87387571591205,219.90259435685945,355.65026863663337,1.2443282167236127,187.0
11.21,24.6123,0.0625,0.0625,0.0529,215.53457881391265,262.38992203432844,786.002889176693,237.1203703146802,188.5212791080881,217.76703676532364,352.26452047503625,1.244441821271668,187.0
11.23,23.6626,0.0619,0.0619,0.0443,215.6145035129733,262.4872216679675,774.3783558270661,235.7312650333521,188.33772728781224,216.47049672154603,351.879268391005,1.2661045745707564,187.0
11.25,22.7931,0.0548,0.0548,0.0282,211.97566335609383,258.0573293030708,763.4393374119114,230.83409157553905,180.2039236326164,213.2459047681949,346.4101122971465,1.262849042306967,187.0
11.27,22.39,0.0598,0.0598,0.0028,214.99775677704568,261.7363995546644,758.2513586825813,233.12647936010617,186.56640834218456,214.35156536305684,350.47581988226784,1.2925039297590388,187.0
11.29,21.7026,0.0605,0.0605,-0.0033,215.62215836221677,262.4965406148726,749.371120117583,232.67885205693327,187.849189855149,213.7027590625252,351.0829254236678,1.3140001881865917,187.0
11.31,20.6839,0.0525,0.0525,-0.0172,211.40639766553943,257.36431020152634,735.7830623279681,226.90772486072427,178.44859238538865,209.84794431986248,344.70071470314343,1.3127591156529792,187.0
11.33,19.6202,0.0536,0.0536,-0.0276,212.25462005266007,258.3969287597601,721.1519421086083,226.09232345215423,180.43868718749653,208.719828588676,345.6506282979485,1.3488506746888462,187.0
11.35,18.3028,0.0641,0.0641,-0.0267,217.9373527128961,265.3150380852648,702.373250539557,230.02108402237351,194.7765845224254,209.8352341611144,353.7593131054083,1.430604189619282,187.0
11.37,17.424,0.0681,0.0681,-0.035,219.8285946801405,267.61741961060585,689.3536801252662,230.82874243727227,200.6423321875293,209.50564761108976,356.58311268853294,1.4751259803472572,187.0
11.39,16.8642,0.0774,0.0774,-0.0409,223.9776520136144,272.6684459296175,680.8807276207646,234.6643707273025,212.9157063763152,210.8530974320892,362.64035316355177,1.5268796566047838,187.0
11.41,16.8686,0.0823,0.0823,-0.0402,226.15827784439884,275.3231208540508,681.0714718483982,237.07191499675625,218.9876143658092,212.0414670174701,365.70877986558406,1.5426330418038332,187.0
11.43,17.2539,0.0802,0.0802,-0.0318,225.525473093322,274.55274985273985,687.1513401450253,236.751088814893,216.01007980493245,212.37965719348875,364.7044692835967,1.5224187457512637,187.0
11.45,17.6498,0.0844,0.0844,-0.0211,227.53813622250536,277.0029484447891,693.3242249032261,239.41677769515013,220.71878777679945,214.08325579425693,367.35667542205226,1.5217501430577067,187.0
11.47,18.1591,0.0866,0.0866,-0.0343,228.7151586980293,278.43584537151395,700.9426665421785,241.26744486625535,222.8433203218122,215.52617445022835,368.8280343730671,1.5114756596682428,187.0
11.49,18.8724,0.0886,0.0886,-0.0408,229.83756632416865,279.8022546555096,711.4269206780347,243.30706251783857,224.4913123652757,217.24155212283824,370.1930212244415,1.494183267584108,187.0
11.51,20.1335,0.0877,0.0877,-0.0447,229.79099606363627,279.74556042529633,729.3436457110735,244.77052317258347,222.19628023654704,219.19472849501145,370.04178062047566,1.4522526685187518,198.0
11.53,21.7246,0.0921,0.0921,-0.0486,231.85023899619677,282.2524648649352,750.9725920172498,248.98505127777472,225.82740302933263,222.61835912792856,372.7775634060292,1.4186738422167484,198.0
11.55,23.022,0.0901,0.0901,-0.0444,231.0317264088933,281.2560147586527,767.9680963461498,249.8188616919172,222.44795899852488,224.18490729257985,372.0378096372967,1.377720160212999,198.0
11.57,24.1643,0.0887,0.0887,-0.0437,230.3456021017448,280.42073299342843,782.4558624774419,250.6525636953849,219.98344514930145,225.5689119835177,371.57685538540034,1.3443864409661523,198.0
11.59,24.5057,0.0902,0.0902,-0.0494,231.04613414161432,281.27355460718263,786.7687988507715,251.8078128766363,221.4530794491056,226.44859217562765,372.5892249563495,1.3404346708609782,198.0
11.61,24.4608,0.0859,0.0859,-0.0525,229.2042750980141,279.0312914236694,786.3355596265812,249.8476013500262,216.67901223272384,225.5809323241936,370.38731208712056,1.3294980925175683,198.0
11.63,24.2698,0.0836,0.0836,-0.0498,228.27468206373248,277.89961294715255,784.129864618386,248.6123785060768,214.24502188407897,224.9270240046992,369.2221349309641,1.3277547765401312,198.0
11.65,23.8605,0.0833,0.0833,-0.05,228.3144341167313,277.9480067508033,779.1787993596704,248.03893230959204,214.2409406720888,224.41703447710515,369.1636177048364,1.33752541733436,198.0
11.67,23.3999,0.0855,0.0855,-0.0561,229.5017760915349,279.3934665462164,773.4922768106417,248.55789670120572,217.14553468179489,224.37968020941,370.5240995417641,1.3563170617107432,198.0
11.69,22.9064,0.0859,0.0859,-0.0558,229.843861461968,279.80991830152624,767.3450198766764,248.1846268577068,218.02799155253575,223.8852460613806,370.8511402338258,1.370824456717051,198.0
11.71,22.3104,0.0933,0.0933,-0.0541,233.20802918018197,283.9054268280476,759.7859318913206,250.8329150782874,227.0000241497146,224.6786861754475,374.9455624314601,1.4085052309867887,198.0
11.73,21.8782,0.0956,0.0956,-0.0559,234.26336883292063,285.1901881444251,754.2410317689286,251.3358356056741,230.0304639756035,224.60651228496036,376.242424403775,1.4272423495845838,198.0
11.75,21.5492,0.0953,0.0953,-0.056,234.22318179850024,285.1412647981742,750.0092664408533,250.8219168575515,230.03119528970237,224.16466014314105,376.2086728663387,1.4360480232143762,198.0
11.77,21.4815,0.0898,0.0898,-0.055,232.00843987053707,282.4450572336973,749.2390503133327,248.342949643867,223.8495651148472,223.06576319298253,373.464565766095,1.4227649349862048,198.0
11.79,21.3959,0.0875,0.0875,-0.05,231.10868956694867,281.34970903802446,748.2497527512432,247.2431689479992,221.3083682205428,222.5629810889527,372.35590126611953,1.4187828501763886,198.0
11.81,21.1464,0.0858,0.0858,-0.0511,230.45600291564887,280.5551339842682,745.0200341277294,246.17894302743352,219.58982758378409,221.93039555889592,371.53443914028105,1.4212867574149026,198.0
11.83,20.9129,0.0881,0.0881,-0.0526,231.5413045686499,281.876370779226,741.9792204822652,246.96758443560944,222.4990311670842,222.16735058768955,372.9433172188749,1.4352101379543785,198.0
11.85,20.6865,0.09,0.09,-0.052,232.4291568899964,282.95723447477826,739.0242100531759,247.5684872103809,224.93575186767785,222.31695386727068,374.1089586415661,1.447723351038333,198.0
11.87,20.4079,0.0905,0.0905,-0.0544,232.70538250825572,283.29350914048524,735.3110460392962,247.4535530862613,225.8070382253908,222.08944186724463,374.5006796070524,1.4578541937905642,198.0
11.89,20.2921,0.093,0.093,-0.0587,233.82015236967908,284.65062027613106,733.8099281703412,248.45381065141223,228.83354973114288,222.5141073842252,375.9739608754048,1.468854537861895,198.0
11.91,20.2951,0.0898,0.0898,-0.0576,232.58595153243184,283.1481149090475,733.9799222010394,247.08751067277203,225.1695995634482,221.9767869439318,374.4260442456729,1.4599136827076735,198.0
11.93,20.418,0.0878,0.0878,-0.0572,231.844159669573,282.24506394556715,735.8011860005689,246.4144293747324,222.7678940040925,221.85836693739964,373.50650714949177,1.4506692088414594,198.0
11.95,20.4897,0.0774,0.0774,-0.0593,227.29530895660167,276.70733264281944,736.8983652624174,241.689934038796,210.4990230680908,219.7620647390431,367.6000178247767,1.4170376231902002,198.0
11.97,20.4234,0.0709,0.0709,-0.0597,224.2719573650981,273.02673070533683,736.1050259411949,238.43934220237688,202.7705474525372,218.16750880524776,363.5771102951383,1.3980345946919477,198.0
11.99,20.202,0.0707,0.0707,-0.0596,224.26812706894847,273.0220677361112,733.1644646685339,238.07653778788472,202.72314584002189,217.8753792437209,363.5678323276844,1.4043118818159774,198.0
12.01,19.8669,0.0704,0.0704,-0.0596,224.2100051940406,272.951310671006,728.6091929351957,237.49289272399605,202.6378078870841,217.37522523395631,363.475166994685,1.4138128223433748,234.0
12.03,19.539,0.0701,0.0701,-0.0601,224.14293119786555,272.8696553713146,724.1022198147873,236.91104310371472,202.54891682009296,216.8783491732081,363.3816384086588,1.4232711353616627,234.0
12.05,19.1229,0.0698,0.0698,-0.0603,224.05984945893024,272.76851238478463,718.2816025571368,236.18736030877565,202.52886409644145,216.2300071618568,363.2738871207989,1.435714655194599,234.0
12.07,18.871,0.0695,0.0695,-0.0602,223.979568153724,272.67077862192485,714.7655318344512,235.70338600073245,202.38529492060903,215.83985997640963,363.1872565835744,1.44310090368341,234.0
12.09,18.9674,0.0717,0.0717,-0.0601,225.1426572206644,274.08671313820014,716.277992635533,237.0146851814958,205.05114309853585,216.65741053809788,364.8281639125704,1.4477888692628018,234.0
12.11,19.5419,0.0809,0.0809,-0.0603,229.5548943382248,279.45813223783887,724.6174544662048,242.41269170474243,215.71915545467184,219.8825877115316,370.8358272735746,1.4595884793975014,234.0
12.13,20.1434,0.084,0.084,-0.0598,231.08541738381248,281.3213776846413,733.1913094388968,244.80742425405217,218.89236762341773,221.63657294552985,372.8923105002871,1.4507274038014553,234.0
12.15,20.5178,0.0848,0.0848,-0.0524,231.55783388970025,281.8964934309395,738.5371074855158,245.77981219208544,219.5364595521607,222.5018970284848,373.5586372195349,1.4419964511138392,234.0
12.17,20.2735,0.0849,0.0849,-0.0363,231.6762211635568,282.0406170686779,735.375383968854,245.5359814659543,219.88978721769652,222.24176596282337,373.7382468440948,1.4497836480212885,234.0
12.19,20.0292,0.0866,0.0866,-0.0202,232.48232676290849,283.0219630157147,732.1885419438602,246.02120141174248,222.11591871617037,222.32095384448417,374.82481003184,1.4624427073179818,234.0
12.21,19.7849,0.0844,0.0844,-0.0041,231.591307331608,281.93724370804455,728.9761126278017,244.7117541516204,219.7817610122116,221.5558779156857,373.69407064380255,1.4635195221538717,234.0
12.23,19.5407,0.0878,0.0878,0.012,233.1087646176228,283.78458301275816,725.7390308215951,245.9623445028841,224.0093633481014,221.98713173330788,375.7386693136383,1.4814368139959042,234.0
12.25,19.2964,0.0914,0.0914,0.0213,234.65166936782003,285.66290183908524,722.4331471443929,247.25918303286736,228.45382201296457,222.42662705712277,377.8276315460248,1.499877977007531,234.0
12.27,19.0767,0.0897,0.0897,0.001,233.9913669149749,284.859055374752,719.2748216773114,246.2024780388381,226.7282880679901,221.8149697254636,377.0302286272628,1.502638934571724,234.0
12.29,19.0808,0.0862,0.0862,-0.0144,232.61492806486052,283.1833906876563,719.3566928132416,244.6698118950537,222.6611012394965,221.19039131556525,375.239666257548,1.492699300862942,234.0
12.31,19.204,0.0854,0.0854,-0.0248,232.38837457200145,282.90758643548,721.1814065310095,244.53835539540185,221.63888541684105,221.3242337936708,374.9571716196381,1.4867711055260568,234.0
12.33,19.3747,0.085,0.085,-0.0291,232.33793835143317,282.846185819136,723.7153347284586,244.66513480583427,221.04401351164043,221.6201105626279,374.9068823321188,1.480460937203515,234.0
12.35,19.5435,0.0838,0.0838,-0.0349,231.93360228519177,282.3539506080596,726.2009303324467,244.41695909916805,219.51314429734245,221.73529509245583,374.3920648895026,1.471846574010287,234.0
12.37,19.6812,0.0839,0.0839,-0.0422,232.08680058217325,282.5404528826457,728.2260062153138,244.71882337448483,219.54324938810177,222.08144215280817,374.6229038923087,1.4682131382643002,234.0
12.39,19.7061,0.0941,0.0941,-0.044,236.47683453392088,287.884842041295,728.6839787845215,249.3817409537172,231.38936177103963,224.3479384796131,380.4113726818375,1.4975671926745833,234.0
12.41,19.6179,0.1065,0.1065,-0.044,241.33965554160807,293.8047980506534,727.551379583293,254.5128177414023,245.50460389936944,226.62006411360863,386.72753394946886,1.5340118872584625,234.0
12.43,19.5402,0.1015,0.1015,-0.0459,239.5320356879574,291.6042173592525,726.552695985455,252.381095570742,240.01486975654845,225.68944831547708,384.4628766141545,1.523731251497,234.0
12.45,19.4249,0.0903,0.0903,-0.0488,235.1379385503901,286.2548817135184,725.0083956801021,247.42898834750812,227.36513787057663,223.4192821026101,378.800779406902,1.4966586852822037,234.0
12.47,19.4039,0.0858,0.0858,-0.0502,233.32463485142048,284.04738155825106,724.8153408769213,245.4200447774875,222.16989067888244,222.5379904395761,376.441672569476,1.4843996575725589,234.0
12.49,19.7246,0.0918,0.0918,-0.0525,235.99965912407,287.3039328466939,729.4753232665041,248.65056834026615,228.87382106078744,224.418835710391,379.9641842622519,1.4921317918469663,234.0
12.51,19.9121,0.1021,0.1021,-0.054,240.22742830974,292.45078229011824,732.226555557034,253.3946941942788,240.415026382464,226.8179124365893,385.4363477935034,1.51492927312783,230.0
12.53,19.9884,0.1034,0.1034,-0.0559,240.83538247132623,293.19090039987543,733.4030949395263,254.09893095818185,241.8186049904373,227.28221963018837,386.2378259241942,1.5163133543276996,230.0
12.55,20.234,0.1032,0.1032,-0.0583,240.9087975989106,293.28027533780426,736.9388009411098,254.4384027778764,241.37651014117105,227.74663296950823,386.3313783962502,1.5085145641433049,230.0
12.57,20.7233,0.0992,0.0992,-0.0583,239.5293988548473,291.60100730155324,743.8214723922529,253.5478970702574,236.4615338975653,227.88386813331596,384.573977489684,1.4832731447845149,230.0
12.59,21.2694,0.1,0.1,-0.0567,240.0072647538179,292.1827570916044,751.3850476634161,254.7385577901493,236.88104886031053,228.99274881166744,385.2047678082543,1.4695084208888285,230.0
12.61,21.6066,0.0986,0.0986,-0.0579,239.56320727971803,291.64216538400456,756.0305386438215,254.6828260400824,235.0486530829084,229.3447733443304,384.6986044568464,1.4562599097364362,230.0
12.63,21.6118,0.101,0.101,-0.0602,240.62106456426645,292.9299916434548,756.2058272896157,255.75547478501548,237.74278714230232,229.9122564630684,386.0586562033963,1.4628728504747686,230.0
12.65,21.4979,0.1049,0.1049,-0.0613,242.23579542808855,294.8957509559339,754.7911486679934,257.2627095367512,242.1817476723212,230.5623468798326,388.1049684298554,1.4767169785389684,230.0
12.67,21.1856,0.1064,0.1064,-0.0604,242.8638066695584,295.660286380332,750.7010780208071,257.4729307824142,244.1502373959641,230.4494880643389,388.93529152040185,1.490011038718341,230.0
12.69,20.8084,0.1012,0.1012,-0.0606,240.88586673943385,293.252359508876,745.6760330794964,254.8200861731987,238.7826094547804,229.00054057012045,386.512887087212,1.487942754619861,230.0
12.71,20.3068,0.0991,0.0991,-0.0609,240.0660397695361,292.25430928465266,738.8626533914822,253.23345526666145,236.93036539534188,227.90023560780452,385.5446684586527,1.497843469204275,230.0
12.73,19.7692,0.1002,0.1002,-0.0608,240.47403622790455,292.75100062527514,731.4333619088619,252.91730129033337,238.70658383969484,227.32885777309068,386.1752751342081,1.5178717462030245,230.0
12.75,19.2179,0.1042,0.1042,-0.0613,241.9575030492745,294.55696023389936,723.6725867834521,253.70796187492624,243.71642056861384,227.24081010718592,388.218350062136,1.5466784955277049,230.0
12.77,18.736,0.1038,0.1038,-0.0622,241.7003429882057,294.2438958117287,716.7824089352991,252.84726209919936,243.851118888816,226.43770428370308,388.1052497097792,1.561666276694634,230.0
12.79,18.3964,0.1,0.1,-0.0614,240.2303684559864,292.45436159859213,711.8996195328725,250.76732084795367,239.9507348618785,225.2419942856345,386.328747619244,1.5632660818820383,230.0
12.81,18.2844,0.0972,0.0972,-0.0623,239.2115607554333,291.21407396313623,710.3427721681828,249.43998009117792,236.88844108566877,224.6117149758771,385.0398654926122,1.559807438555446,230.0
12.83,18.3523,0.0936,0.0936,-0.0628,237.93819946625365,289.66389500239575,711.4574933467267,248.02690067993947,232.66664161916023,224.1259590315872,383.3171668055423,1.5478937420839405,230.0
12.85,18.4039,0.091,0.091,-0.063,237.01753027758605,288.54308033793086,712.3306592438763,247.0023120497359,229.60156932195736,223.78983114257807,382.0744184145439,1.5391288536388523,230.0
12.87,18.335,0.0859,0.0859,-0.0636,234.9302458908452,286.0020384758116,711.4150745072543,244.72017221743863,223.80257511402664,222.69709061222665,379.3591100754378,1.5264411488221536,230.0
12.89,18.141,0.0814,0.0814,-0.0644,233.02789143265107,283.6861287006187,708.629843348883,242.37882384978155,218.66750126258188,221.4609587831681,376.8330706193053,1.5195811939088728,230.0
12.91,17.7322,0.0784,0.0784,-0.0638,231.67253410371504,282.0361284740879,702.5892191786925,240.3262985148285,215.4469831402836,220.1432475993738,375.0818300097887,1.5245637188941217,230.0
12.93,17.4817,0.0748,0.0748,-0.0632,230.05786795429992,280.0704479443651,698.8862124805977,238.21703738633963,211.3072443068315,218.93141955215876,372.90354245911294,1.521952800053792,230.0
12.95,17.3423,0.0713,0.0713,-0.0638,228.47632264484324,278.14508843720046,696.8515682051335,236.30302284452927,207.13665723276483,217.9047080140076,370.7106264038866,1.515430107462975,230.0
12.97,17.1241,0.0677,0.0677,-0.0636,226.7753797366612,276.07437533158753,693.5912108000256,234.15682993162437,202.8431917712276,216.66737045976447,368.3314423516572,1.5110220409083652,230.0
12.99,17.1627,0.0684,0.0684,-0.0638,227.2113317150043,276.6050994791357,694.2935650383668,234.6233696295639,203.7167948216369,217.015698722542,368.97428290756505,1.5124154985361122,230.0
13.01,17.6012,0.0713,0.0713,-0.0633,228.80534738966173,278.54564030045776,701.1374720029955,236.88297780668097,207.00672679932444,218.65098112161115,371.1851244411801,1.5071426549868845,248.0
13.03,18.0148,0.0745,0.0745,-0.0627,230.4953571319007,280.6030434649226,707.5067815513828,239.20335607072587,210.62909619355335,220.27843448116715,373.5189722378816,1.5037997000078849,248.0
13.05,18.3119,0.078,0.078,-0.0626,232.2557947631484,282.74618492905023,712.0567140273564,241.42665493771148,214.6482459882532,221.7353869195768,375.9462355111128,1.505361908080283,248.0
13.07,18.5519,0.083,0.083,-0.0445,234.62251634437212,285.6274112018444,715.8331104174127,244.21717135612647,220.42447207237623,223.3952048771956,379.1785008667234,1.5130335739465277,248.0
13.09,18.5905,0.0867,0.0867,-0.0151,236.31271179709697,287.6850404486398,716.6926670785342,246.02645940431975,224.75387454157777,224.36780745288576,381.4878604586388,1.522860409916798,248.0
13.11,18.6292,0.0902,0.0902,0.0142,237.93642825249333,289.6617387421658,717.5518830735855,247.6272362271069,228.6997936612184,225.26902505911136,383.6096497822912,1.5321990957708014,248.0
13.13,18.6678,0.087,0.087,0.0435,236.64318768387128,288.08735891949544,718.4084390259061,246.41971867233573,225.061978482324,224.75684489376656,381.9656626845101,1.5209563002690325,248.0
13.15,18.7064,0.0877,0.0877,0.0498,237.03765573658583,288.56758089671325,719.1221363782141,246.8455292413829,225.86510513702868,225.0685120289839,382.5169159537608,1.5219670706425332,248.0
13.17,18.2237,0.0885,0.0885,0.0456,237.35685449397076,288.9561706883122,712.0652118850868,246.38103801670877,227.19282955439897,224.4867043472552,383.04190814124206,1.5412972225282489,248.0
13.19,17.935,0.0889,0.0889,0.0459,237.48370774415383,289.1106007320134,707.8475646575914,246.1468124118288,227.9982506397812,224.1494725193021,383.36839603406713,1.5525673487523577,248.0
13.21,17.566,0.092,0.092,0.0539,238.6276798697352,290.50326245011246,702.4112127444173,246.9848949202516,232.077843192704,224.21057397628184,385.168857286637,1.574416192295871,248.0
13.23,17.3791,0.0917,0.0917,0.0354,238.49381357022955,290.34029478114905,699.5359971346638,246.57612440272987,231.97368202356867,223.89894292542172,385.1222511497068,1.5807255578488364,248.0
13.25,17.3098,0.0941,0.0941,0.0278,239.55508898434624,291.63228224181285,698.525322793499,247.42980975530077,234.73427516205905,224.34470880913528,386.5541897521027,1.5909890568968366,248.0
13.27,17.3542,0.1002,0.1002,0.0018,241.98471726241095,294.59009058032643,699.1451626585988,250.086779194936,241.70702446054852,225.69514794322137,389.87958643948906,1.607016459446439,248.0
13.29,16.9517,0.0998,0.0998,-0.0163,241.6971373418627,294.2399932857459,692.8907713008255,249.21562776119316,241.71338199742547,224.95327060754917,389.757718178232,1.621299762575491,248.0
13.31,16.343,0.0929,0.0929,-0.0275,238.8121910590284,290.7278847675129,683.3015920791743,245.2156704969776,234.4336155188109,222.53811400618932,386.1868676534064,1.6255180618664498,248.0
13.33,15.5035,0.0857,0.0857,-0.0252,235.52474030428,286.7257708052104,669.7803569739367,240.49324506052253,226.82301958866984,219.47239214985964,382.1540532709471,1.6376344623302717,248.0
13.35,14.3573,0.0805,0.0805,-0.0261,232.63432514394583,283.2070045230645,650.4906852035429,235.84704983832432,221.75156449204857,216.023576780593,378.98525954547074,1.66997832692246,248.0
13.37,13.2544,0.0735,0.0735,-0.0245,228.797014535277,278.53549595598946,631.0199113145381,230.20304294331945,214.19266106533092,212.0332908625766,374.4499871912965,1.6972232475455398,248.0
13.39,12.4384,0.0634,0.0634,-0.0232,223.5740436369928,272.1770966015564,615.9772343199149,223.31533368077405,201.84540820658788,207.62627985291672,367.28915271613465,1.70062035970403,248.0
13.41,11.9449,0.0622,0.0622,-0.0153,222.55250678885355,270.93348652556085,606.6710201276308,221.5475865521149,200.75263106658863,206.1778031325102,366.4064725494094,1.7215009196535256,248.0
13.43,11.9323,0.0654,0.0654,-0.0056,224.07541349936457,272.7874599122699,606.5949688594965,223.2137149682816,205.09698326760991,207.09241241680795,368.9400928353569,1.7346071596193298,248.0
13.45,11.7988,0.0759,0.0759,0.0012,228.41127415774895,278.06589897465096,604.1377859566732,228.05940919993785,219.0713573587323,209.4147821427009,376.26127622394506,1.7795530666149697,248.0
13.47,11.3816,0.0795,0.0795,0.0021,229.2851813624684,279.1297860064833,595.9821707098076,228.69702392567933,224.2708569236445,209.2212363605888,378.5762704092875,1.8147076485855416,248.0
13.49,11.1748,0.0683,0.0683,-0.005,224.5641557815777,273.3824505167033,591.849035071938,222.85660493883103,209.9213991000752,206.1410997916482,371.2653719963347,1.7877661701538667,248.0
13.51,11.3199,0.0509,0.0509,-0.0137,216.6819959766132,263.7867777106595,594.7873883227584,213.91031953415435,185.61964080316497,201.62803561538112,357.5092686059082,1.7093930467153982,224.0
13.53,11.4739,0.0463,0.0463,-0.0183,214.4617885010575,261.08391643607,597.9161589619267,211.5883957866324,178.8047957758267,200.5211679047864,353.3015059553301,1.6801140865048534,224.0
13.55,11.7839,0.0635,0.0635,-0.0267,223.51676102613163,272.10736124920373,604.0596222452233,222.02800024876151,202.7906500319635,206.72489939197965,368.3227294915387,1.7377335152094489,224.0
13.57,12.1161,0.0781,0.0781,-0.0282,230.19110973409568,280.2326553284643,610.5920023449615,230.0038226089629,221.54787943487813,211.23666719123517,378.5855000768359,1.7728953016302258,224.0
13.59,12.3726,0.0837,0.0837,-0.0353,232.76977267248944,283.3718971665089,615.5357101229569,233.1844859311517,228.2669561676892,213.1834199729405,382.21066279307706,1.7782877294278985,224.0
13.61,12.4893,0.0849,0.0849,-0.0419,233.4549898295578,284.20607457511386,617.7872396545658,234.0189849133748,229.6115007010226,213.81157180380148,383.0877305706192,1.7765964356511312,224.0
13.63,12.7148,0.0717,0.0717,-0.0432,228.53501783594976,278.2165434524606,622.1108487650887,228.48638159439523,212.663391822488,211.4639467729959,374.952788456605,1.7218549074377134,224.0
13.65,12.9979,0.0601,0.0601,-0.0436,223.61617248501665,272.2283838948029,627.4615982175567,223.2744766881513,197.08254472518817,209.13610763468887,366.6440648964207,1.664957117905462,224.0
13.67,13.4163,0.0576,0.0576,-0.0415,222.8113159733468,271.2485585762483,635.2204593522531,222.9068837272429,193.3665319398856,209.4380828330044,364.8451646637902,1.6353827354686818,224.0
13.69,13.945,0.0669,0.0669,-0.0435,227.8004604923244,277.3222997297862,644.7593833230983,228.97859265913397,205.24854737107012,213.32640568812965,372.25789749861326,1.6474428022528331,224.0
13.71,14.5815,0.0781,0.0781,-0.0449,233.32066200322663,284.0425450474064,655.9455747320391,235.7952010207057,218.8250672324043,217.56638131239896,380.0904888057237,1.658546289561033,224.0
13.73,15.2373,0.0778,0.0778,-0.045,233.74797627800484,284.56275372974505,667.1718157840176,237.0440884097493,217.82584760493967,218.96781944406385,380.16424486974654,1.6301512305859756,224.0
13.75,15.6695,0.0743,0.0743,-0.0459,232.56056713276664,283.11721216162897,674.4381855877365,236.28880102136927,213.129600527386,219.10181975573477,378.113594342477,1.601230141841708,224.0
13.77,15.8546,0.0713,0.0713,-0.0475,231.3771444944753,281.6765237324047,677.560761318491,235.235271745202,209.26234491264825,218.81155428843408,376.2641405457532,1.5839258682855857,224.0
13.79,15.8632,0.0709,0.0709,-0.0485,231.27910929187064,281.55717652923386,677.791830247547,235.09214313143053,208.77562893113213,218.81475395684123,376.1286517551527,1.5825235970957692,224.0
13.81,15.6328,0.0801,0.0801,-0.049,235.31586973887636,286.4714935951538,674.1026393684849,239.0424625008245,220.3290042828092,220.66551068173936,382.2406362410913,1.622791237891252,224.0
13.83,15.0029,0.0894,0.0894,-0.0473,238.7149944606748,290.609558473865,663.6878365640179,241.9344664870019,232.1470372895947,221.46068251979491,387.7620841802377,1.6778155454478652,224.0
13.85,14.0199,0.086,0.086,-0.0449,236.6117502018188,288.0490872022142,646.8150802723684,238.3824977025416,229.1855302344631,218.6933107713909,385.7600587003868,1.710784310179871,224.0
13.87,13.1522,0.0826,0.0826,-0.043,234.46719584763483,285.4383253797294,631.3037206646193,234.9432598627727,226.05490325012465,216.05294640597512,383.7011443191146,1.7409928002689972,224.0
13.89,12.1873,0.0759,0.0759,-0.041,230.7265139560802,280.8844517726194,613.2717590923118,229.59948909370289,218.81517338691071,212.28523797796052,379.4290425785292,1.7676365935940563,224.0
13.91,11.5339,0.0673,0.0673,-0.0384,226.34249571194323,275.5473860841048,600.5864039975438,223.8345703288365,208.3908771585569,208.5991745992592,373.5270873774371,1.7722906406887105,224.0
13.93,11.3076,0.0728,0.0728,-0.0366,228.40820954220663,278.06216813833856,596.1510794704927,225.9502300860379,215.9166556007876,209.449091447648,377.4430286687168,1.8050796757509315,224.0
13.95,11.4341,0.078,0.078,-0.0333,230.74804180007365,280.9106595826984,598.806225224047,228.73779463257284,222.46715319249716,211.0738300634579,381.0132010033231,1.81612944000036,224.0
13.97,11.2931,0.0917,0.0917,-0.0324,235.5799896164941,286.7930308374711,596.0633248988624,234.35151563545412,239.7459967846652,213.63095198377397,389.21832315981374,1.867504149189199,224.0
13.99,10.714,0.1148,0.1148,-0.0246,241.6569550091721,294.19107566334,584.3334804026234,241.66391556367347,267.95592632457647,216.09432453745143,400.7427967605684,1.9640910519690369,224.0
14.01,10.3981,0.1087,0.1087,-0.0014,239.33186068772787,291.36052605462527,577.9732917551929,238.5608562703077,261.4903266298654,214.27724370294592,397.9641067663868,1.9675779960227184,214.0
14.03,10.1101,0.0969,0.0969,0.0218,235.24728580412912,286.38800010937456,572.0958803473139,233.2299130834093,247.9825605236244,211.4703645848842,392.1232807260018,1.9532278950789883,214.0
14.05,10.0592,0.0913,0.0913,0.0226,233.4236370431993,284.167905965634,571.0827153605512,230.83621879537984,241.2208862316805,210.35849328716895,389.226172877006,1.9404620087323805,214.0
14.07,10.1279,0.0784,0.0784,0.0333,229.16310166450504,278.9811672437453,572.7456781165442,225.51913320217253,224.81735046548823,208.0015683343644,381.7509212712216,1.8953378360916175,214.0
14.09,10.5646,0.0585,0.0585,0.0533,221.764062589878,269.9736414137645,582.3023918898715,217.04838081538665,197.52446368638985,204.32610504931048,367.7401186743782,1.794298737423485,214.0
14.11,11.9505,0.0446,0.0446,0.0157,216.3151894017193,263.3402305760061,610.097889238384,212.7152588783165,176.5053486277112,203.43455397371528,355.44816660374545,1.65604764514033,214.0
14.13,13.3089,0.0405,0.0405,0.0163,214.9020099038501,261.61983814381745,635.7919842129648,213.5586631160424,169.9825563695096,205.04660465265377,351.4257071223296,1.5690048828181566,214.0
14.15,14.7217,0.044,0.044,0.0054,218.0333585945755,265.4319148107876,660.7752052192822,218.71631610602847,174.2807014299912,209.56590740158188,355.62548134653485,1.5258785310573069,214.0
14.17,16.106,0.0506,0.0506,-0.0024,222.42291994171416,270.7757286246955,683.892567082547,225.5643215266929,182.81544394095883,214.8569281851706,362.51635418047965,1.4999088335035486,214.0
14.19,16.5836,0.0574,0.0574,0.0325,226.4312373720289,275.6554194094265,691.9001317429688,230.3428962161489,191.5230992665383,218.11843111264167,368.71896045625215,1.50946694833937,214.0
14.21,17.0612,0.0605,0.0605,0.0486,228.28653257954284,277.9140396620522,699.6425078238491,232.9549513164974,195.2532238464288,220.0564240999393,371.4592065057544,1.5038883036893482,214.0
14.23,17.9909,0.0668,0.0668,0.0368,231.80122616356428,282.19279706868696,713.9754935431644,237.93506990400664,202.6229478481531,223.66233148118013,376.55544044353167,1.4944838522254404,214.0
14.25,18.7937,0.0745,0.0745,0.047,235.78308133801255,287.0402729332328,726.1358538747565,243.17286277075235,211.47962666692288,227.2087726487971,382.1931706884269,1.49372764218638,214.0
14.27,19.8059,0.0857,0.0857,0.0651,241.13772123283616,293.55896497910487,741.0298854641652,250.1109592315461,223.90681599268297,231.69865650466275,389.5047940481669,1.4960730196102074,214.0
14.29,20.8072,0.0922,0.0922,0.0731,244.14622318801523,297.22148909845333,755.2552756364499,254.64026897040603,230.5684692960416,234.8617072182008,393.507224397212,1.4841568140496744,214.0
14.31,21.8686,0.0945,0.0945,0.0735,245.25583139117916,298.5723164762181,769.8343987825435,257.3377765398649,232.3944737400583,237.12683383741364,395.0548456466972,1.4595202549878432,214.0
14.33,22.6954,0.0978,0.0978,0.0645,246.72691067608227,300.3631956056654,780.8684695977364,260.0261674573746,235.4691848668029,239.170404512374,397.0708748486623,1.4455594240962704,214.0
14.35,23.3306,0.1029,0.1029,0.0733,248.9094971448022,303.02025739367224,789.2928301595091,263.12724326639983,240.56580825916635,241.2317449619614,399.9262738657415,1.4418887677309125,214.0
14.37,23.7801,0.1037,0.1037,0.0493,249.29473662581188,303.4892445879449,795.0411144290919,264.1407976051979,241.1431338591905,242.1448354848104,400.5267598204203,1.432454215924064,214.0
14.39,24.181,0.102,0.102,0.0357,248.63224812003943,302.6827368417872,800.1683620023088,264.0617219551656,239.08543273830708,242.4894402381415,399.85715174608055,1.4178618403772876,214.0
14.41,24.3961,0.095,0.095,0.0217,245.66776664816825,299.0738028760309,802.9147704990588,261.4794306148583,231.4381255759087,241.4635643835321,396.3437208927944,1.3938642965996444,214.0
14.43,24.4313,0.089,0.089,0.013,243.03162944760408,295.86459237099626,803.421377464102,258.9745396654052,224.89356064717592,240.3020858978549,393.13856011120464,1.376442710051594,214.0
14.45,24.4658,0.0904,0.0904,-0.0001,243.75422630395607,296.7442755004683,803.8956585722526,259.67612950259735,226.4410513775267,240.75516939249908,394.0792395130825,1.3799617408601863,214.0
14.47,24.5103,0.092,0.092,-0.0089,244.5592044096719,297.7242488465571,804.5177112316878,260.4760411172612,228.19401899744608,241.26185718463424,395.12261842669824,1.3837000092645155,214.0
14.49,24.5998,0.095,0.095,-0.0165,245.9724978472115,299.4447799879097,805.709050796828,261.9320141420721,231.43100258746028,242.1252267189743,396.9236892372879,1.390090600635287,214.0
14.51,24.6494,0.0996,0.0996,-0.0254,248.06047360047884,301.9866635136264,806.3927921756102,263.9776750976163,236.38385892012525,243.24112507305443,399.5164737000616,1.4016398889387227,264.0
14.53,24.6336,0.1045,0.1045,-0.0269,250.2225590378274,304.61876752431164,806.2972783768791,266.0104888340736,241.64043367645837,244.2836111299825,402.1567661298248,1.415184766414993,264.0
14.55,24.6914,0.1106,0.1106,-0.0302,252.79146341094005,307.74612936984005,807.1123759077946,268.56971237470094,248.04692956366827,245.61336415620485,405.2817964639999,1.429438318361268,264.0
14.57,24.8195,0.1134,0.1134,-0.0347,253.9774073806793,309.18988724604435,808.7966418644838,269.8880389727089,250.90070221014076,246.40110890010965,406.7580788945491,1.4333545061001516,264.0
14.59,25.0659,0.1135,0.1135,-0.0364,254.0786391392505,309.3131259086528,811.9577514881472,270.3216118462012,250.8594014670719,246.8640480653085,406.975647398448,1.4276063851546696,264.0
14.61,25.2389,0.1165,0.1165,-0.0378,255.32308491377557,310.828103373292,814.1983842066072,271.7658887979216,253.86297312099256,247.7386551765856,408.5205909476605,1.4307511487256048,264.0
14.63,25.4268,0.1141,0.1141,-0.0416,254.4466926274778,309.7611910247556,816.6010521108395,271.1514359933305,251.28517725044728,247.6694615526393,407.5799975138072,1.420566996308784,264.0
14.65,25.5597,0.1172,0.1172,-0.0419,255.73378763252015,311.3280892917637,818.3391179784026,272.5737100944168,254.4100044884127,248.5018937789636,409.16000622135147,1.424962582625103,264.0
14.67,25.7104,0.1139,0.1139,-0.0428,254.50139456173844,309.8277846838555,820.2863303915889,271.56217354436643,250.9384695305128,248.2175792148877,407.8021054810969,1.4135746801039786,264.0
14.69,25.7869,0.1126,0.1126,-0.0413,254.0558559356637,309.285389834721,821.3369227213925,271.2109789046577,249.5695680444026,248.1812937922316,407.3433344290962,1.4087699847369697,264.0
14.71,25.9514,0.1076,0.1076,-0.0457,252.06704948588168,306.8642341567256,823.4243046539891,269.5107144214379,244.2977302452212,247.5675498687176,405.1036411656052,1.3926236680972328,264.0
14.73,25.9285,0.1043,0.1043,-0.0441,250.76896244876315,305.2839542854508,823.2653464836262,268.1994605014131,240.8807210548604,246.99020398991144,403.6026073169032,1.3850204493758966,264.0
14.75,26.0953,0.1025,0.1025,-0.0467,250.044834780348,304.40240755868456,825.383563188909,267.7402205722944,238.9146705679957,246.95456342923364,402.84761798143785,1.3765748308973482,264.0
14.77,26.1776,0.098,0.098,-0.0472,248.1356114450959,302.07813567229067,826.4860605874801,266.036624114151,234.1311774567457,246.24037287019007,400.6499485302698,1.3629458147164422,264.0
14.79,26.3201,0.0951,0.0951,-0.0477,246.8730779845576,300.54113841598314,828.3115434532834,265.0538750669926,230.9895935568792,245.9117969442757,399.2411504625072,1.3519142071731047,264.0
14.81,26.4724,0.099,0.099,-0.0475,248.6673217167534,302.72543513343896,830.2526639046139,266.94852170002264,235.0837823556344,247.0313592382671,401.4869477736971,1.3590363534853749,264.0
14.83,26.6972,0.1045,0.1045,-0.0498,251.09377987595883,305.67938419681946,833.0406671878466,269.5581384283656,240.7714719460574,248.5379878903905,404.4822151299878,1.368329214772107,264.0
14.85,26.7775,0.1069,0.1069,-0.0494,252.1819274753536,307.00408562216955,834.1109594609503,270.6812745943482,243.2529967775932,249.20790295839635,405.8253277511205,1.3727887002660573,264.0
14.87,27.0122,0.0983,0.0983,-0.0496,248.44578065535995,302.4557329717425,837.0088473899117,267.52303849794305,234.13541669093357,247.8830596103668,401.5872643409016,1.3451609348655336,264.0
14.89,27.2164,0.0947,0.0947,-0.0498,246.8197334188544,300.4761972055619,839.5328650857454,266.3224990236173,230.2418718832748,247.4772121643055,399.8023644582436,1.3309166569114368,264.0
14.91,27.4026,0.0953,0.0953,-0.0508,247.1149517714737,300.83559346092454,841.8309201232826,266.870970853971,230.81455713538625,247.9427042906553,400.2868612941061,1.328495994245362,264.0
14.93,27.5837,0.1023,0.1023,-0.0508,250.29690758403436,304.7092787979549,844.0655253195283,270.07837191412494,238.1169046017725,249.73538975213503,404.1490365294518,1.3431784414413144,264.0
14.95,27.7237,0.1049,0.1049,-0.0512,251.47573524001632,306.14437333567207,845.8108538026657,271.3697461381137,240.77613038759387,250.5318881733084,405.62236176315247,1.34691533704746,264.0
14.97,27.8265,0.0989,0.0989,-0.0524,248.8622394418425,302.96272627702564,847.114717443389,269.0865226080116,234.48606378389,249.5357717204932,402.6756629196022,1.32920868709952,264.0
14.99,27.9419,0.093,0.093,-0.0525,246.17299410303625,299.688862386305,848.5677275254292,266.78835653516114,228.228355280695,248.5052774460549,399.6157951466201,1.3108760972679632,264.0
15.01,27.9054,0.0928,0.0928,-0.0541,246.17648691233347,299.6931145019712,848.2479397409982,266.7030982339943,228.06225407470905,248.50620992010155,399.6348930982477,1.3114153655519627,220.0
15.03,28.1006,0.1069,0.1069,-0.053,252.55849484460063,307.4625154629921,850.628984974206,272.85877609475,242.748966890364,251.78660067210532,407.2095686692219,1.344417781600316,220.0
15.05,28.5513,0.1206,0.1206,-0.0537,258.1937414888834,314.3228157255972,855.9284272173492,278.8165809355264,256.4444203434872,254.9969138417899,413.8312391815403,1.3676369970278643,220.0
15.07,29.0517,0.1238,0.1238,-0.0527,259.4099403259658,315.8034056142193,861.7507136451752,280.7102805628759,259.3682787916767,256.2865553752408,415.4354580999338,1.364133389571852,220.0
15.09,29.274,0.1217,0.1217,-0.0527,258.59622585105524,314.8127966882412,864.3790907746279,280.25893608528446,257.1750803105353,256.29844279243184,414.6750212150358,1.3547136820674175,220.0
15.11,29.2436,0.12,0.12,-0.0489,258.0070058793264,314.0954854183103,864.1671616792111,279.6302438719493,255.52040318801252,256.05533429596454,414.0529231596683,1.3516627378998365,220.0
15.13,28.9092,0.1203,0.1203,-0.0196,258.31213617891984,314.4669483917285,860.628926128797,279.37843962546225,256.0289119263667,255.77864755445628,414.2907174911648,1.3596834071854538,220.0
15.15,28.5075,0.1183,0.1183,0.0097,257.7045733977532,313.7273067450909,856.2928128662933,278.16358519138515,254.27125394936587,255.0024681121527,413.4841494416002,1.3639234249295968,220.0
15.17,28.1057,0.1276,0.1276,0.0308,261.5438171167722,318.40116866389656,851.8766771748321,281.1523426333301,263.80085644221685,256.1791704188551,417.66758736405376,1.3943264695124304,220.0
15.19,28.0897,0.1228,0.1228,-0.0025,259.781338310262,316.2555422907538,851.6406111972193,279.39259275522545,259.0738162104741,255.43778000656576,415.7276481652373,1.384418889486311,220.0
15.21,27.9909,0.1191,0.1191,-0.0119,258.4271320111177,314.6069433178825,850.5600109880149,277.9156796200607,255.4523407055674,254.75390448776557,414.2045834492108,1.3784476732310802,220.0
15.23,27.9251,0.1189,0.1189,-0.0244,258.45081344115954,314.63577288488995,849.8450294321922,277.7918228751241,255.3164132317415,254.7250945984159,414.24457839088905,1.3798582526189838,220.0
15.25,27.8523,0.1175,0.1175,-0.0317,257.9929716929321,314.0784003218304,849.0722954757333,277.2059914008776,253.97414791272385,254.47198396314727,413.736580192542,1.3785564637224326,220.0
15.27,27.825,0.118,0.118,-0.0339,258.28700987163927,314.43635984373475,848.8534935247754,277.40416198273454,254.51812781947157,254.6184950278395,414.0993158755573,1.3806397994926576,220.0
15.29,27.6858,0.1203,0.1203,-0.0375,259.32441505313403,315.69928789077187,847.3200671072588,278.1279041553413,256.9359712395444,254.9354146297499,415.2618965896541,1.3895239736784473,220.0
15.31,27.56,0.12,0.12,-0.041,259.320456292989,315.6944685305953,845.9386454975554,277.8885270943018,256.732724089174,254.8080686944595,415.2504452753034,1.3920305123514718,220.0
15.33,27.4344,0.1186,0.1186,-0.042,258.8783155040724,315.1562101788708,844.5671542502905,277.23560184335224,255.4215282798996,254.48495864485125,414.7403755704452,1.3919436785770627,220.0
15.35,27.314,0.124,0.124,-0.0426,261.10591555411344,317.8680711093555,843.2542912154192,279.1277809117465,260.92686211918,255.35798128357231,417.272002298706,1.4075192675765482,220.0
15.37,27.5053,0.1286,0.1286,-0.0428,262.9085297306001,320.0625579329045,845.614975455832,281.1113824616337,265.3933717041768,256.48154325300084,419.4123852727868,1.4136459502999288,220.0
15.39,27.9649,0.1364,0.1364,-0.0487,265.7987380901756,323.5810724576052,851.069169557266,284.5518041838624,272.76300449494363,258.44733783886625,422.8262413596764,1.4202599949564507,220.0
15.41,28.448,0.1407,0.1407,-0.0481,267.3533183945279,325.47360500203393,856.772905365446,286.74427436410025,276.6314289526388,259.84766411853224,424.72912070090825,1.418542986703308,220.0
15.43,29.1612,0.1265,0.1265,-0.0493,261.9864607847144,318.940039216174,865.0264727089431,282.701001922035,262.40535002197254,258.5764927026813,419.10965225523256,1.3723087634779834,220.0
15.45,30.1063,0.1209,0.1209,-0.0497,259.5410651141324,315.9630357911177,875.7483492434284,281.88716304646374,256.37756117363193,258.88565577280883,416.8848815148256,1.3393897127933192,220.0
15.47,31.443,0.1204,0.1204,-0.0511,258.9091619520873,315.19376237645406,890.520199591934,283.40847731937714,255.2208611548183,260.51430827974883,416.9307486136448,1.3106789999795905,220.0
15.49,32.381,0.1204,0.1204,-0.0474,258.58842474352423,314.8032996877687,900.7147875977811,284.59120183860307,254.7857741792057,261.71337166258775,417.1577874020276,1.2920751005575573,220.0
15.51,33.081,0.128,0.128,-0.0487,261.50604603916247,318.3551864824587,908.2185095275076,288.3056741501865,261.88696960448584,263.9524229144073,420.694387549202,1.2957825308263573,245.0
15.53,33.5625,0.1407,0.1407,-0.0492,266.39512034547334,324.307103029272,913.3631712156116,293.4745721516834,273.8236690007492,266.6827454308333,426.0844532905511,1.3138875895377842,245.0
15.55,34.059,0.1408,0.1408,-0.0481,266.3174031996459,324.21249085174287,918.6261659477176,294.1422196035248,273.6866886214075,267.3586780809595,426.3089064826079,1.3048987153528775,245.0
15.57,34.3807,0.1454,0.1454,-0.0471,268.0213271103475,326.28683300390134,922.054650379629,296.1637180169291,277.8734717772064,268.53210853447064,428.2633167412962,1.3084776285044868,245.0
15.59,34.8639,0.1503,0.1503,-0.0465,269.7410781648578,328.3804429833052,927.10682307605,298.44561785738586,282.21671292117054,269.9098772564652,430.2967562274849,1.3095081001465738,245.0
15.61,35.2946,0.1516,0.1516,-0.048,270.13318786957734,328.8577939281811,931.5796834018136,299.42974861563954,283.2240042171667,270.6773112657644,430.9576826073026,1.3044180277595196,245.0
15.63,35.7723,0.153,0.153,-0.0474,270.5373698240669,329.34984152495105,936.5001270611942,300.4963209969709,284.2976423655469,271.50545274441555,431.6557293403925,1.2987382101338445,245.0
15.65,36.2382,0.1545,0.1545,-0.0474,270.97815934032286,329.8864548490887,941.2624965126372,301.5763218112763,285.46771054493286,272.32898483335106,432.3848013414405,1.293558321495714,245.0
15.67,36.5881,0.1614,0.1614,-0.0461,273.4220934143891,332.8616789392564,944.8507075378868,304.30119106772,291.6188675109848,273.79400622004266,435.01915995247685,1.3006932306108214,245.0
15.69,36.9102,0.1616,0.1616,-0.0466,273.4463155915578,332.89116680711385,948.1388763145712,304.7787820243258,291.66177196139125,274.2652059499475,435.2578573531548,1.295666655326422,245.0
15.71,37.1067,0.1601,0.1601,-0.0457,272.9080219185191,332.23585277037114,950.188454531864,304.55901684900886,290.2258919271109,274.35976295720315,434.8877260570053,1.289669809161217,245.0
15.73,37.0534,0.1672,0.1672,-0.0457,275.548160318213,335.4499343004332,949.78620257705,306.85390178970584,296.6969656229357,275.39005950976525,437.48399105209376,1.3039429530793374,245.0
15.75,37.1489,0.1603,0.1603,-0.0448,273.1368337431743,332.5144062960383,950.8443571502352,304.77692036919154,290.4372008395246,274.62718074158414,435.24189711189854,1.2897681392154994,245.0
15.77,37.1265,0.1553,0.1553,-0.0446,271.40085669640337,330.401042934752,950.7454507876488,303.1502420736057,285.91659694576543,273.9786755534611,433.5898675514232,1.28089505481429,245.0
15.79,37.1973,0.1561,0.1561,-0.0451,271.7517533163035,330.82822142854343,951.5553196205748,303.5473415543763,286.63945932628496,274.2673688594313,434.0248505255082,1.2814348008790477,245.0
15.81,37.2409,0.1583,0.1583,-0.0451,272.62874555483813,331.89586415371605,952.1007504333752,304.37708670227534,288.64960886579104,274.7291250214204,434.9582640311815,1.285096140845816,245.0
15.83,37.1847,0.1585,0.1585,-0.044,272.8139634735347,332.1213468373466,951.674974466625,304.43320150015086,288.8840870372234,274.79473220666523,435.1639670333116,1.286667284160662,245.0
15.85,36.9093,0.156,0.156,-0.0416,272.1053883449424,331.25873363732126,949.1035036418232,303.35154530031866,286.76401149511474,274.2349843420143,434.3803417066018,1.286906877220296,245.0
15.87,36.5206,0.152,0.152,-0.0424,270.88040340056585,329.7674476180801,945.3857069870996,301.62906038696246,283.31191626058387,273.3233182724939,433.0202085054249,1.2862284798530976,245.0
15.89,36.0452,0.1541,0.1541,-0.0423,271.95772893784726,331.07897435911843,940.7810278418764,301.8452490857192,285.49727302752973,273.21460840211665,433.889475056376,1.2989711794856271,245.0
15.91,35.8027,0.1562,0.1562,-0.0428,272.9162628939791,332.24588526223545,938.4717647135592,302.3146623397676,287.565225533107,273.3515435848764,434.770252484598,1.3075917291871295,245.0
15.93,35.6037,0.1589,0.1589,-0.0435,274.0592607990798,333.63736097279286,936.5882421852018,303.0218697503517,290.1533855941355,273.6165680651678,435.8605046025167,1.316554025517193,245.0
15.95,35.4282,0.1491,0.1491,-0.0427,270.62195860007444,329.45281916530803,934.9405808347514,299.6072745122441,281.267076742614,272.07598312787826,432.38984554594606,1.3010153226283483,245.0
15.97,35.315,0.1392,0.1392,-0.0424,266.948939988336,324.98131824667,933.9148457081702,296.1113775149525,272.11474933803976,270.49844481573945,428.6707965349658,1.2832241761769996,245.0
15.99,35.1499,0.1334,0.1334,-0.0426,264.79264183500857,322.3562596252278,932.358395662638,293.9105086805102,266.7389985303961,269.4565216598659,426.4258392606411,1.2742328729636356,245.0
16.01,34.992,0.1491,0.1491,-0.0442,271.0641938726548,329.9911925406232,930.8637658029554,299.2460981766356,281.5521711522776,271.87467800974844,432.76110884807207,1.3097038805655083,226.0
16.03,34.8414,0.1519,0.1519,-0.0403,272.2492475153948,331.43386654048066,929.4620774268408,300.06056192458965,284.23477553384004,272.2202343336062,433.93227631693225,1.3181948647451307,226.0
16.05,34.4688,0.1452,0.1452,-0.0416,269.985446792309,328.67793522541973,925.75925075685,297.40245939581524,278.2328395906799,270.8772177348806,431.4967742975626,1.3120673010433015,226.0
16.07,34.0651,0.1485,0.1485,-0.0412,271.4697126956581,330.4848676294968,921.7155697214256,298.0901472015994,281.5239516617088,271.01674478950105,432.8578547555031,1.326507111276805,226.0
16.09,33.6987,0.1478,0.1478,-0.0242,271.4326605611457,330.43976068313395,918.1012474910248,297.4674878243761,281.0764814913516,270.58248097436456,432.6935768026406,1.3321908221893397,226.0
16.11,33.4128,0.1514,0.1514,0.0076,272.9370425510777,332.27118223609466,915.3693692787824,298.3885416047024,284.5735137923391,270.8845803973451,434.1584380682147,1.3447854728844233,226.0
16.13,33.1269,0.1494,0.1494,0.0394,272.3897247797929,331.6048823406175,912.622288679722,297.4318500104177,282.8823356872696,270.34435864766266,433.51703323252286,1.3463696520097872,226.0
16.15,32.841,0.1465,0.1465,0.0605,271.5066666402102,330.52985504025594,909.8122899355508,296.1591690789717,280.3475074173938,269.6610777690232,432.5215762422391,1.3462438358698945,226.0
16.17,32.7282,0.1436,0.1436,0.0347,270.55731154296683,329.3741184001336,908.6146900559584,295.06570098414784,277.719966230913,269.173196811157,431.5229433018071,1.3430480793536292,226.0
16.19,32.7203,0.1432,0.1432,0.0261,270.49673782967614,329.30037648830137,908.60382553546,294.9603704170005,277.3719383114058,269.1940183181717,431.5006441070933,1.3426972191096045,226.0
16.21,32.94,0.1532,0.1532,0.0144,274.1719246148239,333.77451692239435,910.9881790617724,298.6308131714515,286.57842177118795,271.06046331205704,435.4613877360706,1.3586305476144624,226.0
16.23,32.8409,0.1612,0.1612,0.0067,277.0932654856158,337.3309318955323,910.0173023479416,301.14324695381026,293.9769914113958,272.1832759644378,438.47947307549305,1.376134455218801,226.0
16.25,32.739,0.1636,0.1636,-0.0038,278.0284037803608,338.4693611239175,909.0017814559804,301.81641042825845,296.23121347467867,272.48869653490124,439.44949504899193,1.3829368990296111,226.0
16.27,32.5734,0.1658,0.1658,-0.0114,278.90045233080986,339.5309854462033,907.3190589483028,302.3384476820114,298.3305536549328,272.6850722145854,440.33375785479,1.3905715977571589,226.0
16.29,32.1458,0.1671,0.1671,0.0063,279.52027183169537,340.28554831684653,902.9395035964249,302.24622117976287,299.7518314169902,272.4362038221009,440.8749745335359,1.40158801760284,226.0
16.31,31.4203,0.1576,0.1576,0.0289,276.568969040961,336.69265796290904,895.3126407710556,298.3447899565162,291.52368212893333,270.3183183373432,437.59492001577024,1.398717275543058,226.0
16.33,30.6949,0.1505,0.1505,0.0514,274.3549148537693,333.997287648067,887.5747116400171,295.12880021151,285.3786595121699,268.473267166718,435.0401051242526,1.40011595911189,226.0
16.35,29.9694,0.1546,0.1546,0.0598,276.01460477184634,336.0177797222477,879.6534294069916,295.53404433430256,289.5976140235577,268.238916417771,436.62077797142194,1.4237630833670727,226.0
16.37,29.4064,0.1665,0.1665,0.0186,280.11586803114955,341.01062195096466,873.218702751816,298.52599915295934,300.84781939040863,269.25040518688724,440.9246633438344,1.4590295767525585,226.0
16.39,28.7282,0.1697,0.1697,0.0086,281.26096625647585,342.4046545731011,865.5284362511328,298.5713665319572,304.17495130142873,268.86283695688394,442.0774397859327,1.4803007552378613,226.0
16.41,28.3104,0.1664,0.1664,-0.0034,280.3296636124468,341.2708948325439,860.7442052356502,296.988452318988,301.4585423650038,267.9501219703833,441.0385571748527,1.4841826145598227,226.0
16.43,28.072,0.1567,0.1567,-0.0119,277.3059158001014,337.58981053925385,858.0297632268964,293.64655763942125,292.7276746998617,266.3833986135025,437.71582814924886,1.4718573143396427,226.0
16.45,28.0636,0.1463,0.1463,-0.008,273.87779322473733,333.4164439257672,858.0541265648627,290.3054424720186,283.04345044687494,264.9475267948827,433.95805308592776,1.4518294682292936,226.0
16.47,28.4451,0.1432,0.1432,-0.0089,272.8220893141845,332.1312391650942,862.5912881581089,289.8582202472611,279.91361988537096,265.0812372794638,432.9278090783949,1.4370342093640212,226.0
16.49,29.0126,0.1502,0.1502,-0.0103,275.26803366329386,335.1089105466187,869.2236992633887,293.0165962113847,286.1760944094425,266.98154831213947,435.8196561828789,1.4385775660621978,226.0
16.51,29.6404,0.1616,0.1616,-0.0178,279.1042889453691,339.77913436827544,876.4318956783102,297.582149911639,296.34131200384047,269.52772565592056,440.18889628571367,1.4469215423883666,228.0
16.53,30.406,0.1655,0.1655,-0.0199,280.3601480198873,341.3080062850802,885.109913584446,299.89979100152755,299.4567283356443,271.14652822313576,441.7742780961252,1.4378673622353702,228.0
16.55,31.3395,0.166,0.166,-0.0179,280.44855244394176,341.41562906219,895.5126392183978,301.3653949943402,299.3962730979613,272.4895771128229,442.1817169142974,1.419394072137782,228.0
16.57,32.2059,0.1672,0.1672,-0.0188,280.74842257881915,341.7806883568233,904.9965832068564,302.92947560670865,300.01855411292144,273.8172436651109,442.8205712031122,1.4041452634136309,228.0
16.59,32.6153,0.1643,0.1643,-0.0247,279.7632734578883,340.5813763835163,909.4573436575774,302.59668642064247,297.206019497956,274.00955946250286,441.99066044257256,1.3909277133273616,228.0
16.61,32.743,0.162,0.162,-0.0269,279.0320046458788,339.69113609063504,910.915195289808,302.07723403598925,295.0775965961176,273.93491289863533,441.3286289169053,1.3843856798337308,228.0
16.63,32.7626,0.158,0.158,-0.0305,277.7281107047864,338.1037869449573,911.2160053399172,300.86629283735925,291.45378542459844,273.48209005337526,440.03246124988806,1.376739152788342,228.0
16.65,32.6782,0.1599,0.1599,-0.0314,278.4985350444066,339.0416948366689,910.4225369654258,301.407895061839,293.2404193845384,273.7433475382972,440.842410078676,1.3822525763357827,228.0
16.67,32.4239,0.1639,0.1639,-0.0325,280.020681400067,340.8947425739947,907.8114294124103,302.38476855059,297.00674159089147,274.0883453632956,442.3694520378465,1.395034365700621,228.0
16.69,32.2814,0.1714,0.1714,-0.0329,282.6309864522795,344.07250524625334,906.3904123574682,304.5613424832519,303.8214937161366,275.0253477460481,445.0705541714268,1.4117650513221365,228.0
16.71,32.1294,0.1744,0.1744,-0.0332,283.7189999362408,345.39704340064094,904.862946057286,305.3111585258705,306.5840765190932,275.32624426924525,446.19522575427743,1.4203986731386555,228.0
16.73,31.9853,0.1728,0.1728,-0.0339,283.31824293948034,344.90916531762826,903.4136504781762,304.6740903357904,305.25267100775045,275.0291246402318,445.7809933145205,1.4207384297261632,228.0
16.75,31.8117,0.1712,0.1712,-0.0364,282.9204378522859,344.4248808636524,901.6318793458336,303.9933532137114,303.9339337400808,274.6927917169762,445.3588987705384,1.421689762618052,228.0
16.77,31.494,0.1725,0.1725,-0.0362,283.48444295328994,345.1114957692226,898.2868554128007,303.99901315221655,305.2764761146465,274.5593994319027,445.8985797505987,1.4307742510651151,228.0
16.79,30.9485,0.1743,0.1743,-0.0376,284.22951998241456,346.0185460655481,892.4071167719649,303.83239225781324,307.18957504580493,274.1963710939445,446.5776406552683,1.4455809711469738,228.0
16.81,30.4263,0.1695,0.1695,-0.0385,282.85801360406947,344.3488861266933,886.7221102276332,301.69300695117346,303.2094263286856,272.9823758564227,445.03738175510574,1.4483503625887748,228.0
16.83,29.8984,0.1674,0.1674,-0.0398,282.3354936682029,343.712774900421,880.9077200590772,300.3460145621341,301.6311407867251,272.10355410727414,444.39282722172106,1.4561976143821227,228.0
16.85,29.5475,0.1672,0.1672,-0.0411,282.3949458295328,343.78515144464865,877.0386179817544,299.8212425838028,301.6601897632275,271.70410133110454,444.4184705363816,1.4637801138506907,228.0
16.87,29.3549,0.1643,0.1643,-0.041,281.5653570906592,342.775217327759,874.9523230344037,298.69144700639094,299.1618733288626,271.1438390988554,443.5203905580528,1.46296981204494,228.0
16.89,29.2551,0.1565,0.1565,-0.0409,279.08793259869424,339.75922229406257,873.9171292234589,296.14518634505094,292.1243394324163,270.007970490516,440.8459069651552,1.4507667110255456,228.0
16.91,29.2772,0.1516,0.1516,-0.0417,277.50115159847354,337.8274889024896,874.2679948088424,294.6442424452144,287.6132711304944,269.41392145830866,439.16053238166165,1.4410283674168922,228.0
16.93,29.2755,0.1477,0.1477,-0.0415,276.2275096462485,336.2769682649982,874.3518612489519,293.40920028946414,284.009488611864,268.9178687713237,437.8058518413416,1.4335818160090186,228.0
16.95,29.2677,0.1464,0.1464,-0.0421,275.8539686861974,335.8222227484142,874.36212613267,293.0077318541608,282.8157777395437,268.79851638579913,437.4327608436925,1.431397132651068,228.0
16.97,29.1559,0.1538,0.1538,-0.0406,278.52539088572314,339.0743889043586,873.1931157890101,295.29025945198896,289.743645296659,269.8406411658195,440.3647634569164,1.4487591828499224,228.0
16.99,29.2726,0.1596,0.1596,-0.0393,280.5423707691711,341.52984267551267,874.6355786998174,297.3322346548167,295.00076663531183,270.9154286984443,442.6339988711477,1.4574959517209536,228.0
17.01,29.4656,0.1615,0.1615,-0.0395,281.23117466913936,342.3683865537349,876.9363785100412,298.23975058393995,296.631823207632,271.5272014633187,443.469042682121,1.457032996465642,221.0
17.03,29.6606,0.1605,0.1605,-0.0395,280.9599093471341,342.0381505095545,879.2523095781823,298.2441340923045,295.62779964115384,271.7339071727085,443.2644964663437,1.451105669198639,221.0
17.05,29.7488,0.1548,0.1548,-0.0235,279.10989931713016,339.7859643860716,880.4290131771729,296.61558812913654,290.3871999380584,271.1238931453844,441.3264153278499,1.43840917377016,221.0
17.07,28.8684,0.1541,0.1541,0.0687,279.08139611964083,339.75126484130186,870.9268559041197,295.220117503652,290.20640545790576,269.93999266243225,441.0992378331765,1.456012095694031,221.0
17.09,27.7949,0.155,0.155,0.103,279.77175974132155,340.5917075111741,858.6921598963011,293.66716538414875,291.1981601177369,268.6882186670128,441.4402813158049,1.483528038536605,221.0
17.11,28.2744,0.1597,0.1597,0.0849,281.3875806453447,342.55879382911536,864.3238026848495,295.8588431575886,295.20520245065404,270.10727590147343,443.3451461484272,1.4818602317130865,221.0
17.13,28.0969,0.1578,0.1578,0.0752,280.8516464280078,341.90635217322694,862.3016713525532,295.04467607984054,293.6054425364915,269.6820626784881,442.766087963848,1.4826571205849468,221.0
17.15,27.8451,0.1537,0.1537,0.0678,279.60579386479657,340.3896620962741,859.4074378039466,293.3871947323525,289.9750754907382,268.8320260946679,441.35425983364746,1.4810410216514855,221.0
17.17,27.7759,0.1536,0.1536,0.0564,279.64365285417944,340.4357513007402,858.634362398339,293.3049126780652,289.97018712143256,268.8082837883448,441.4389421029756,1.48273212279536,221.0
17.19,27.8018,0.162,0.162,0.0563,282.33928167808284,343.7173863907096,859.0383636404248,296.21090028808175,297.93339416319407,270.12250135444987,444.6390931385586,1.4975710252833647,221.0
17.21,28.1142,0.1692,0.1692,0.0482,284.6382339882883,346.51611094226405,862.7693397612478,298.98771547373616,304.3792113410981,271.6235618214587,447.3283393172921,1.5034993021078062,221.0
17.23,27.9825,0.1751,0.1751,0.0332,286.410934480666,348.6741811068978,861.2493200557237,300.7574139982231,310.0171915067262,272.30118923158085,449.44245051437576,1.5167572579117063,221.0
17.25,27.7536,0.1781,0.1781,0.014,287.2899349119257,349.74426858843134,858.5559451397694,301.45852995235066,313.0584995171247,272.4509212361041,450.54094962369714,1.5272342984090457,221.0
17.27,27.571,0.184,0.184,0.0072,289.3055456090908,352.1980555241106,856.4585528981426,302.5418620285876,317.8344486718301,273.0172795041648,452.56439407495935,1.5432185903522455,221.0
17.29,27.5777,0.1914,0.1914,0.0029,291.49557564089423,354.8641790410887,856.6147654304133,304.6520506831959,324.26482892530623,274.0099729298984,455.024173586454,1.5556681439735878,221.0
17.31,27.6312,0.1883,0.1883,-0.0005,290.7139132311692,353.91259002055386,857.3303618361028,303.9042514030693,321.54754234349764,273.80321790020054,454.1986230812184,1.5495842869714518,221.0
17.33,27.4815,0.1823,0.1823,-0.0048,289.0608439660878,351.90015787175906,855.6293729353172,302.0046816977793,316.4075579397099,272.9423581410842,452.4045435155888,1.5433546082439458,221.0
17.35,27.1966,0.1862,0.1862,-0.0075,290.23693540636793,353.331921364274,852.3134991670879,302.6829016617665,319.9901073276532,273.09987147870027,453.7485912910205,1.557038559147572,221.0
17.37,27.0648,0.1885,0.1885,-0.0119,290.95467892009435,354.2056960766366,850.8079455793397,303.14072034144493,322.0719723754056,273.2746264709053,454.5894800873512,1.5643511285497351,221.0
17.39,26.7794,0.1893,0.1893,-0.0141,291.2190892661824,354.52758693274376,847.454209687924,302.9284989992,322.9433122040057,273.0410397331238,454.9365771041352,1.572895096575632,221.0
17.41,26.3141,0.186,0.186,-0.0124,290.29846263835753,353.4068240814788,841.9021291823685,301.279548337665,320.3653748719426,272.0424032190616,453.9708030751439,1.5791258085854472,221.0
17.43,25.8143,0.1849,0.1849,-0.0149,289.97420489068327,353.0120755190927,835.8382186211256,300.16829506669615,319.7225568307422,271.2452558926705,453.6882789602707,1.5901282515461947,221.0
17.45,25.5577,0.1836,0.1836,-0.0148,289.63766971699306,352.6023805250351,832.7488873536824,299.4013371197332,318.7479941069872,270.7830774470728,453.3703440908328,1.594742997045132,221.0
17.47,25.574,0.1754,0.1754,-0.0152,287.3836516249939,349.8583584999926,833.0441514385368,297.1298247335572,311.50559501851376,269.8688221993095,450.8181754872724,1.580461664568265,221.0
17.49,25.4078,0.1749,0.1749,-0.0136,287.2902499045907,349.74465205776266,831.0739325244745,296.7359091499384,311.1654717126025,269.6374437184768,450.7596247755838,1.5841027474584808,221.0
17.51,25.0629,0.1743,0.1743,-0.0125,287.1274272555672,349.5464331806905,826.8445919307519,296.0064727361102,310.84989716148783,269.116028490867,450.6430135598032,1.5922595599676015,252.5
17.53,24.5451,0.1642,0.1642,-0.0115,284.11072802793603,345.87392977313954,820.3735857978475,292.1882577912367,302.10841051810377,267.06692094590903,447.219600793958,1.587966179690995,252.5
17.55,24.1408,0.1515,0.1515,-0.0121,280.17199854580406,341.0789547514136,815.2728736917165,287.644610223315,290.7103539387383,264.73864998530803,442.63716078297233,1.5748989577521404,252.5
17.57,24.3463,0.1419,0.1419,-0.0066,277.13016201565966,337.37584941036835,818.0394741807003,284.96995298339795,281.59351348030583,263.70918654302614,439.0402393453855,1.550152550856943,252.5
17.59,24.9247,0.1394,0.1394,-0.0056,276.4018373690957,336.4891933188991,825.5086942008222,285.1541090902467,278.90194680035603,264.2957916225682,438.2291222252826,1.5297976767927044,252.5
17.61,25.5004,0.1443,0.1443,0.0029,277.9449391743762,338.36775203837107,832.8799428868249,288.1032337010186,283.7071559664124,266.0117353918051,440.4026699818869,1.5236881586022375,252.5
17.63,26.0538,0.1582,0.1582,-0.0015,282.87176857978,344.3656313145148,839.8100552139697,293.054542609347,295.7544215200842,268.96485680776846,445.8983637328113,1.538761646407658,252.5
17.65,26.4002,0.1734,0.1734,-0.0147,287.6744101492168,350.21232539904656,844.0850981573382,298.18029391366764,309.2283712917693,271.6222649398483,451.42171096709353,1.5583915323472344,252.5
17.67,26.8563,0.1862,0.1862,-0.0149,291.5416549750959,354.9202756218559,849.7217776790238,302.5967108956797,320.1850892532772,273.99368087831283,455.8090063022525,1.5694468114877804,252.5
17.69,27.3206,0.1842,0.1842,-0.0139,291.1148299295776,354.40066252296407,855.4058627713995,302.8212809910855,318.1718935792197,274.51102602682056,455.3575861548202,1.5550858244340473,252.5
17.71,27.8175,0.1733,0.1733,-0.0161,287.7460991035398,350.2995989086572,861.4025837668266,300.92142553524627,308.93045398429507,273.920584465091,451.9504451186655,1.523211385160247,252.5
17.73,28.0613,0.1666,0.1666,-0.0116,285.9086886656123,348.0627514190063,864.3982631075111,299.092221475007,302.45983643886444,273.45470337068616,449.7972674701992,1.5065673638684058,252.5
17.75,28.2351,0.1616,0.1616,-0.0104,284.503858826725,346.35252378905653,866.5424583075621,297.6898320335051,297.6159372456959,273.0921788760506,448.1672913738584,1.4942091960543888,252.5
17.77,28.2804,0.1578,0.1578,-0.0054,283.41197730318623,345.0232767169224,867.1946336350996,296.5109546310032,294.00567290561384,272.7016261766042,446.9156650145028,1.4866141193468565,252.5
17.79,28.1707,0.1549,0.1549,0.0007,282.5614200089345,343.9878156630507,866.0345145480501,295.43823244713883,291.3823105608593,272.21488187905663,445.9533771271726,1.4839338824244068,252.5
17.81,28.2649,0.1525,0.1525,-0.0042,281.8864750902156,343.1661435880886,867.2119493311709,294.76430059610857,289.02835359992326,272.0779977501396,445.18655300744047,1.4777301283542923,252.5
17.83,28.6761,0.1501,0.1501,-0.0016,280.9069545400066,341.97368378783415,872.1197475990978,294.9371099267636,287.02050177622937,272.3706995692949,444.44311608349216,1.4626726493260551,252.5
17.85,29.2635,0.1477,0.1477,-0.0001,280.0547930141898,340.936269756405,879.0061877994856,295.0722650267304,284.5414146171783,272.8869780433646,443.7051851829668,1.4448272484144635,252.5
17.87,29.6103,0.1626,0.1626,0.0039,285.17451434856906,347.16897398956235,883.0880595479312,300.31191519194573,297.90904714779884,275.6253877718057,449.4502375800085,1.466053922031494,252.5
17.89,30.0058,0.1694,0.1694,0.0014,287.67089398464685,350.2080448508745,887.6615682887023,302.60718544254865,303.23130188943213,277.1793427657085,452.0226873404106,1.4714492493280784,252.5
17.91,30.5139,0.1658,0.1658,0.0,286.26622145002284,348.498008721767,893.465821696457,302.6760133595704,300.3406223252869,277.4416017014719,450.9456585652386,1.4527589830667311,252.5
17.93,30.9717,0.1671,0.1671,-0.0016,286.7008026527237,349.0270640989681,898.6546960735454,303.7631638864098,301.2842848203608,278.30381209866994,451.5809870257369,1.4456162808768844,252.5
17.95,31.4644,0.1673,0.1673,0.0022,286.7571372641998,349.09564536511283,904.2065248481229,304.56218534493826,301.2378405403871,279.05120708352706,451.83138895039446,1.435827991580177,252.5
17.97,31.725,0.1702,0.1702,0.0085,287.74446055543666,350.2976041544446,907.188847408376,305.84402188985854,303.68291185722995,279.8682720506065,452.9972162813421,1.435840829069021,252.5
17.99,31.9036,0.1679,0.1679,0.0149,287.0298141663699,349.4275998547112,909.2655530315418,305.4393754330518,301.5805655635301,279.86501348212204,452.3427603854936,1.428185967537429,252.5
