Depth,qc,fs,fs_corrected,u,andrus_2007_holocene Vs,andrus_2007_pleistocene Vs,andrus_2007_tertiary_age_cooper_marl Vs,robertson_2009 Vs,hegazy_2006 Vs,mcgann_2015 Vs,mcgann_2018 Vs,Ic,Measure Vs
0.02,0.5235,0.0078,0.0078,0.0002,46.176356567230414,56.21469495141094,96.47129623096386,29.97750663270425,29.716402746560373,18.11640481874233,52.67598024696763,2.8802709508848814,84.0
0.04,0.7005,0.009,0.009,0.0003,53.918579320521694,65.64000960759164,115.4843246307098,37.78055809182933,36.79003682292576,23.180959115076448,64.08973556379883,2.7386050313854864,84.0
0.06,0.8939,0.0097,0.0097,0.0002,59.76175070011539,72.7534356349231,131.94358777097446,43.62440755616651,41.39958260635667,27.04154689501729,71.83761168706512,2.610606615941637,84.0
0.08,1.072,0.0105,0.0105,0.0003,64.43331294527472,78.44055488989967,145.51345998097813,48.5466536789158,45.45052698907776,30.267991289003,78.16630311094436,2.520087736049656,84.0
0.1,1.2368,0.0113,0.0113,0.0003,68.33993616540212,83.19644402744606,157.11536285356036,52.85054942807663,49.08575328436827,33.0761123509373,83.58781429603847,2.4511768743190987,84.0
0.12,1.4031,0.0123,0.0123,0.0003,71.92535728186208,87.56130451704949,167.87462195163008,56.91371150748876,52.74337730660265,35.683964250601115,88.58674225719068,2.394591218629336,84.0
0.14,1.5892,0.0133,0.0133,0.0003,75.33603121255281,91.7134293022382,178.76125266452766,60.79117716751265,56.14100139470597,38.16724522384349,93.13642915215893,2.337577518801546,84.0
0.16,1.8197,0.0143,0.0143,0.0003,78.76180586685449,95.88393757704026,190.7579467624482,64.63661769134791,59.2860499939446,40.63460475302929,97.34637736386269,2.272914989400094,84.0
0.18,2.1017,0.0158,0.0158,0.0003,82.42757481247531,100.34661281518734,203.91411679702037,68.78663321613108,62.98853196202852,43.22373599601232,101.70824109872936,2.20898549826616,84.0
0.2,2.3404,0.0174,0.0174,0.0004,85.59329119782517,104.20052841474369,214.6970338048494,72.61713538627261,66.78722753354583,45.56669420244732,105.85819712950148,2.166112003186547,84.0
0.22,2.5955,0.0191,0.0191,0.0004,88.66600647743381,107.94122527687595,225.4687568782764,76.40210786646982,70.58569348902401,47.861348035679214,109.84802855789272,2.125149464186625,84.0
0.24,2.9187,0.0209,0.0209,0.0003,91.87111602662269,111.84309777154066,237.8448761835804,80.32608971506566,74.3054326627315,50.24304729084974,113.71417862917956,2.0753454278686174,84.0
0.26,3.2739,0.0226,0.0226,0.0003,94.9198412024954,115.5545892899944,250.48809224038305,84.13961723568192,77.73803763176494,52.57034573590652,117.325818744522,2.0244587711967954,84.0
0.28,3.6456,0.0244,0.0244,0.0003,97.8434860199632,119.11380906778128,262.9138683454605,87.90757408696544,81.20616463444885,54.84990119062783,120.83938476896704,1.977661132169095,84.0
0.3,4.0172,0.0263,0.0263,0.0003,100.6095378079145,122.48117646180896,274.71496580107464,91.59148289021434,84.73626801435735,57.05304605813321,124.26096263457872,1.936851534576736,84.0
0.32,4.3291,0.0278,0.0278,0.0003,102.88805186491516,125.25501966163588,284.4866680090136,94.79468624745036,87.75425259238948,58.98566663508055,127.29104907710426,1.9049564944752155,84.0
0.34,4.5884,0.027,0.027,0.0003,103.95662811923516,126.5558951016776,292.63005323061884,96.59105226136666,87.74000624888657,60.34640143069641,128.82421483163736,1.8633040852507603,84.0
0.36,4.8259,0.0263,0.0263,0.0003,104.91032959965882,127.716922990889,300.01885479923607,98.28597209964116,87.81891059502058,61.6256514396308,130.30378016819148,1.8271114144520464,84.0
0.38,5.0109,0.0288,0.0288,0.0002,107.11212252142494,130.39736654782166,305.99372499127946,101.4934812648405,92.2368157486031,63.3745816264534,133.70430941562884,1.8255300217759705,84.0
0.4,5.1635,0.033,0.033,0.0003,109.86196670535638,133.7450029456513,311.0971388891268,105.39705795573136,98.8513409553569,65.29668293575718,137.89976698830978,1.8398690901823471,84.0
0.42,5.3087,0.0362,0.0362,0.0002,112.07646430440884,136.44091306623685,315.9316555088074,108.6802404207014,104.06581284545342,66.965672647616,141.33146235071652,1.8458417138833616,84.0
0.44,5.47,0.0389,0.0389,0.0002,114.0599160206636,138.85554993819918,321.0397980758564,111.69411739732004,108.55056664014351,68.5383522109288,144.38026578187186,1.845743032250838,84.0
0.46,5.6296,0.0407,0.0407,0.0002,115.65984230768538,140.803286287617,326.01777007704493,114.2374723748743,111.85961551368356,69.94063993617374,146.9055805554545,1.8397977631399944,84.0
0.48,5.7905,0.0415,0.0415,0.0002,116.8672322777847,142.27315233817268,330.9376499893755,116.28919086040486,113.88187916238608,71.17574023076054,148.90323733088994,1.8276866763997743,84.0
0.5,5.835,0.0427,0.0427,0.0002,117.97460899208096,143.62126312079425,333.25093736684624,118.21520891330476,116.570970125473,72.23819432090336,151.01618423037692,1.8303841929693137,86.0
0.52,5.8449,0.045,0.045,0.0001,119.37378548868512,145.32460842100798,334.7632087725653,120.5179058567913,120.67965389291514,73.36675174562195,153.5678763513486,1.8429913718895372,86.0
0.54,5.8714,0.0469,0.0469,0.0002,120.63124485373338,146.85542851758848,336.59838303115293,122.64281606476185,124.24007222093644,74.44395440381457,155.88220290240298,1.851111216973864,86.0
0.56,6.0045,0.0486,0.0486,0.0002,122.00009969749136,148.52186050129382,340.71750294165645,124.90241841138725,127.33294107475484,75.6668354375012,158.07921475555028,1.846893623703346,86.0
0.58,6.1654,0.0502,0.0502,0.0002,123.3614309739132,150.17913335954648,345.37443267847846,127.15444755893374,130.22554906687202,76.90660408299775,160.1932580711537,1.839416237311491,86.0
0.6,6.3332,0.0514,0.0514,0.0001,124.57871838338728,151.66104846673232,350.1075609139923,129.22226463900574,132.588134038606,78.08858454115116,162.10232314857336,1.829382313583291,86.0
0.62,6.5019,0.0525,0.0525,0.0001,125.7406525238561,153.07557698556394,354.7909965961301,131.2227327893819,134.80568554525595,79.24169123762391,163.9351417009055,1.8190485855455107,86.0
0.64,6.6439,0.0538,0.0538,0.0001,126.89924415757426,154.4860363657426,358.8573433994744,133.22208055917426,137.30117089123146,80.35625887204988,165.81007491012582,1.812480991553434,86.0
0.66,6.7389,0.0547,0.0547,0.0001,127.8331662231836,155.62298496735397,361.9097125588952,134.9213746227384,139.372394361536,81.32438784280569,167.48436932095254,1.808329997970333,86.0
0.68,6.8388,0.0559,0.0559,0.0001,128.8557729417148,156.8678974942615,365.0270733932238,136.7379689119903,141.78821811546936,82.32421284460833,169.24930603031183,1.805265837553856,86.0
0.7,6.9563,0.0576,0.0576,0.0,130.0481765153387,158.3195192360645,368.4652791498463,138.78429490210567,144.77208344242965,83.40126154752082,171.18199435742665,1.8030703724855133,86.0
0.72,7.0783,0.0591,0.0591,0.0,131.16714772957735,159.68174506209417,371.95648438403,140.7357622824139,147.48446921953598,84.44769285153565,173.00582422767255,1.7995286099826384,86.0
0.74,7.2013,0.0603,0.0603,0.0001,132.17871353717405,160.913216480038,375.4302177462382,142.545168802356,149.81098911288498,85.44718271234134,174.6873560810505,1.7945585527276025,86.0
0.76,7.3259,0.0613,0.0613,0.0002,133.11659395389043,162.0549839438666,378.8983350330061,144.25698223219226,151.87454111245458,86.41381982518195,176.26879159985324,1.788636459628672,86.0
0.78,7.4279,0.062,0.062,0.0001,133.91538616478195,163.02742663538672,381.88490007353664,145.77675521794552,153.59863450007418,87.29579888073187,177.71128953666295,1.7833536155813128,86.0
0.8,7.4991,0.0625,0.0625,0.0001,134.59673358180487,163.85689305611027,384.2409819816388,147.12878789094873,155.12041988706372,88.09194474318198,179.05274855285643,1.7797736399244226,86.0
0.82,7.5582,0.0628,0.0628,0.0001,135.18955391424595,164.57858737386465,386.33821298283664,148.35444258774956,156.4023846365775,88.83435861580314,180.29750203796505,1.776326932737845,86.0
0.84,7.5796,0.0628,0.0628,0.0001,135.62693757982487,165.1110544450042,387.679469572858,149.35419229950364,157.36642595789357,89.46788694987846,181.4038712948345,1.774623909193749,86.0
0.86,7.5027,0.0619,0.0619,0.0001,135.63392672529932,165.1195629699296,387.0728799069082,149.73329796131392,157.36789216322404,89.81524274914811,182.13116184902785,1.776885909408176,86.0
0.88,7.3776,0.0614,0.0614,0.0001,135.68113809968753,165.17703768657614,385.4709475165521,150.14530354822162,157.9379533483442,90.11181885762792,182.9777704474141,1.7849684881801455,86.0
0.9,7.2921,0.0608,0.0608,0.0002,135.74273546857003,165.25202578782438,384.6138958746695,150.57876086667352,158.2772935748531,90.45071710977771,183.77045260921275,1.7894156712656455,86.0
0.92,7.2605,0.0602,0.0602,0.0002,135.87619934926823,165.41450355563092,384.8127746910952,151.1147175460688,158.48156296658576,90.87334784010052,184.5511568573125,1.789362224405593,86.0
0.94,7.2418,0.059,0.059,0.0002,135.82661251669626,165.35413697684763,385.2532465912718,151.39211918492444,157.84383919836466,91.23174528473588,185.069447390123,1.7854167938424923,86.0
0.96,7.2087,0.0553,0.0553,0.0002,134.9028946285514,164.22961085214953,385.3820594625288,150.45165506336164,153.8405786513981,91.21511558646051,184.49168011685592,1.770551553123853,86.0
0.98,7.1639,0.0509,0.0509,0.0002,133.63455714542724,162.68554782921578,385.2510169135034,149.0348826385589,148.7198895895547,91.02858212342818,183.45999218597083,1.752125876419008,86.0
1.0,7.0978,0.0482,0.0482,0.0002,132.8751745979986,161.76108211930267,384.65784228764846,148.29761893102608,145.82372033085954,91.00652850950485,183.08559939164763,1.743420745463128,100.0
1.02,7.0338,0.0495,0.0495,0.0002,133.59830404540946,162.64141362049847,384.0814534309712,149.56589973902442,148.53696849912464,91.59173049794352,184.6305148922889,1.7559864593629635,100.0
1.04,6.9857,0.0493,0.0493,0.0002,133.77644551257302,162.85828149356718,383.8131422074848,150.09776501233296,149.09001655514794,91.96564385286996,185.43275180396805,1.7591375387754888,100.0
1.06,6.9716,0.0488,0.0488,0.0002,133.88692378762653,162.99277678493667,384.24093644265554,150.54535943304683,149.13434104912477,92.34886734312671,186.0790055397177,1.7577138178706733,100.0
1.08,6.9673,0.0487,0.0487,0.0002,134.1557346392232,163.32002477818477,384.8619246701489,151.20976483268038,149.71951755375275,92.805949929758,186.91037459935103,1.7575820166014589,100.0
1.1,6.9523,0.0492,0.0492,0.0002,134.62858733675785,163.89567154040083,385.244388245652,152.1480661970248,151.1845697945255,93.33071600422544,188.02661129076196,1.7616230665292802,100.0
1.12,6.8855,0.0508,0.0508,0.0001,135.41893907178803,164.85783887000284,384.5105877346936,153.5105504705417,154.34181485819457,93.91821523876987,189.65963931855103,1.77604354309431,100.0
1.14,6.7744,0.0523,0.0523,0.0,136.07640585070556,165.6582332095546,382.797940074626,154.6874251864466,157.4483648539077,94.38835391706957,191.2098877497261,1.7938073519104152,100.0
1.16,6.6634,0.0533,0.0533,-0.0001,136.53248042172024,166.213454426442,381.044305247338,155.5925846522705,159.84257760110586,94.76930806279069,192.5030050463921,1.809051633294625,100.0
1.18,6.6101,0.0531,0.0531,0.0,136.6594319266343,166.36800408459828,380.52144596293937,156.0370970002161,160.37599130268177,95.08101792194468,193.23141333949832,1.8129823974892092,100.0
1.2,6.5067,0.0532,0.0532,0.0,136.79198570001023,166.52937389566463,378.86642062604864,156.48346864830407,161.44933986369713,95.3245640346797,194.0796465730828,1.8231754126873017,100.0
1.22,6.345,0.0538,0.0538,0.0001,136.9709550003315,166.74724956562096,375.857270011847,157.00300470671604,163.39238105789465,95.50606218628164,195.1409803376249,1.8416511409207676,100.0
1.24,6.1833,0.0541,0.0541,0.0001,137.02243448488193,166.80992024246498,372.7686556853371,157.34936751591638,164.90809081834524,95.62691609308573,196.0496704335563,1.8590106893225176,100.0
1.26,6.1812,0.0538,0.0538,0.0002,137.1909554332302,167.0150761795846,373.3121275699963,157.84129517366648,165.1490794350531,96.00420288229807,196.70216402524156,1.857740331037792,100.0
1.28,6.1678,0.0532,0.0532,0.0002,137.22839327387766,167.06065268124237,373.5847731966045,158.13724291789595,164.95487635153154,96.30561761549706,197.1965688128565,1.8560652076286863,100.0
1.3,6.1267,0.0525,0.0525,0.0001,137.16679097762017,166.98565858145065,373.2032769604516,158.28694470186974,164.6575654437609,96.52235949475552,197.6212354195918,1.856619047299116,100.0
1.32,6.0602,0.052,0.052,0.0001,137.11372085865426,166.92105148010086,372.2128299029067,158.45027755643738,164.7060696433174,96.70385234888631,198.1234117916389,1.8607575738582052,100.0
1.34,5.9964,0.0516,0.0516,0.0,137.0940098590755,166.89705548061366,371.2623717989511,158.65986567258588,164.8867979646826,96.89896269378885,198.6635176239738,1.8652000443414571,100.0
1.36,5.953,0.0509,0.0509,-0.0002,137.00682300754852,166.79091496571124,370.7750229108209,158.75965868870662,164.53950505669158,97.08702258197346,199.04508426596092,1.8660215979546515,100.0
1.38,5.9573,0.0502,0.0502,-0.0004,137.01774369793245,166.80420971922211,371.4117177005159,158.99102027607688,164.05397588633886,97.3799935353028,199.42335281703748,1.86191311552144,100.0
1.4,5.9842,0.0497,0.0497,-0.0005,137.14332733580608,166.95709414793782,372.5808558783106,159.38737278035632,163.80839699094247,97.75250053188807,199.8970219629662,1.8565210922387552,100.0
1.42,6.0186,0.049,0.049,-0.0005,137.20565497253145,167.03297127090786,373.9223146235464,159.68677038488474,163.21420311460955,98.1042013543282,200.25458273413727,1.8492705272112129,100.0
1.44,6.0416,0.0485,0.0485,-0.0003,137.31033372223865,167.16040627055142,374.9883979332556,160.05024469070736,162.94797818284349,98.45664745757212,200.70233099384464,1.844240942562,100.0
1.46,6.0412,0.048,0.048,0.0,137.3605618979888,167.22155361494288,375.4943033440021,160.33272305529331,162.7232458396317,98.7489945516741,201.13270785575935,1.841560000711392,100.0
1.48,6.0332,0.0475,0.0475,0.0001,137.38980958614047,167.25715949617103,375.811137781804,160.5817792214694,162.50235589714998,99.01819869014471,201.54971658837627,1.839635596596935,100.0
1.5,6.0306,0.0475,0.0475,0.0002,137.61582597244737,167.53230987950116,376.24992123603664,161.12221168910725,163.065258894463,99.38221638519772,202.23470277263485,1.8399316908516483,114.0
1.52,6.0703,0.0481,0.0481,0.0003,138.15470953323037,168.18834204045436,377.6900903726213,162.12775354463864,164.4943704004798,99.94720279405638,203.2547942377012,1.839268673352474,114.0
1.54,6.1616,0.0492,0.0492,0.0004,138.98336555461722,169.19714067518618,380.34292710303936,163.56722005654223,166.60224719309593,100.7157870990533,204.55104052948545,1.8361652364690884,114.0
1.56,6.2914,0.0506,0.0506,0.0004,139.9913019344619,170.42419365934492,383.873900364953,165.27994138099126,169.08827289678285,101.61798177128316,206.00159168500437,1.830921183151565,114.0
1.58,6.4312,0.052,0.052,0.0004,141.00475329406416,171.65796053190422,387.5986784334572,167.00815061094602,171.5355593077646,102.53374520775183,207.4348845629056,1.8248138212361595,114.0
1.6,6.5565,0.0533,0.0533,0.0003,141.94009052530163,172.79663194384548,390.9517376838714,168.62512371579945,173.84616572959968,103.3908995653374,208.79496492604773,1.8196839460774952,114.0
1.62,6.6558,0.0546,0.0546,0.0003,142.81523429001086,173.8620243530567,393.6869146466372,170.1547172345637,176.20744610063608,104.18155235067618,210.13276714614383,1.8170298693656812,114.0
1.64,6.7458,0.0562,0.0562,0.0004,143.76920290736305,175.023377452442,396.1939203834979,171.8064066770934,179.0469777217558,104.99130777732395,211.60007514886613,1.8166877378653865,114.0
1.66,6.798,0.0575,0.0575,0.0004,144.53801025143449,175.95931682783328,397.83936781458107,173.17888223299047,181.4995436557502,105.66306145428146,212.89405892604512,1.8182530884035564,114.0
1.68,6.7909,0.0572,0.0572,0.0005,144.63796377905513,176.08099938319754,398.1533218473023,173.5341812302452,181.6120346453368,105.95347621542442,213.3932853259451,1.8174887884950288,114.0
1.7,6.7185,0.0589,0.0589,0.0006,145.30000948530994,176.886968069073,396.9922648430184,174.74094524638534,184.9904162417995,106.39700594705027,214.8325760163169,1.832156475523773,114.0
1.72,6.5759,0.0597,0.0597,0.0007,145.49954081527923,177.12987577512254,394.2093965258372,175.25540398899275,187.16130880502843,106.53348876832597,215.81318989029785,1.8490958897384413,114.0
1.74,6.3823,0.0622,0.0622,0.0008,146.1156560198658,177.87992906766272,390.18247343472655,176.45675848521026,192.12499904681124,106.78047165494571,217.5546130851894,1.878920647195999,114.0
1.76,6.1337,0.0657,0.0657,0.001,146.83193171081646,178.7519168653418,384.7427746674157,177.9148833183324,198.81517413522928,106.99421944185684,219.6782727142933,1.9188125077469704,114.0
1.78,5.8536,0.0689,0.0689,0.0011,147.2526800162994,179.26413219375578,378.3586157467817,179.02778464637498,205.1895092336138,107.0325067996265,221.59677996862692,1.9611822217962716,114.0
1.8,5.5163,0.0712,0.0712,0.0013,147.1230002274062,179.10626114640758,370.2893652281843,179.4206191820797,210.47150246754217,106.74233853178694,223.0767417934213,2.007235991585261,114.0
1.82,5.0621,0.0722,0.0722,0.0014,146.09796443296665,177.85839148361157,358.72696589316206,178.6593738228915,214.3570889201405,105.87657405229936,223.96476539027717,2.0643147468493264,114.0
1.84,4.4925,0.075,0.075,0.0017,144.78071385435103,176.2547820835578,343.1129661806214,178.02060475043592,221.78798809844056,104.71901463489786,225.4992182921929,2.14913303263976,114.0
1.86,3.8627,0.075,0.075,0.002,141.98656192110735,172.85320581700026,324.23027266889795,175.51151996734026,225.6736763156017,102.77436625157102,225.864245815488,2.242563896596117,114.0
1.88,3.1844,0.0717,0.0717,0.0023,137.43106338127254,167.30738150763614,301.5031454680142,170.77910981544738,225.20431544573717,99.87982474027262,224.83379231144252,2.3490413030179305,114.0
1.9,2.5625,0.0636,0.0636,0.0027,131.2018500659805,159.7239913846719,277.794062813629,163.4514337663659,216.73019751788863,96.12710486833475,221.5939781267224,2.449182365315944,114.0
1.92,2.0081,0.0534,0.0534,0.003,123.84108650870384,150.76306183668294,253.37177589975528,154.45636186232394,203.52812043321651,91.74081148546462,216.79833432728523,2.5511193617043664,114.0
1.94,1.5756,0.0454,0.0454,0.0034,116.94878369332513,142.37243232230884,231.2120029799943,146.34462419581223,192.57409804129645,87.65860594849909,212.4476610868482,2.6571845777329,114.0
1.96,1.3571,0.0397,0.0397,0.0038,112.54981733431676,137.01716892873347,218.6399003597913,140.87637190319063,183.32970023225695,85.08651369263482,209.08584631279075,2.7138659645499983,114.0
1.98,1.2096,0.0352,0.0352,0.0045,109.1362118595096,132.86147530722909,209.4794295710709,136.50246141447076,175.28117085439024,83.09104157323137,206.1950066659836,2.7535468911278724,114.0
2.0,1.0308,0.0338,0.0338,0.0056,105.65212272258796,128.61997548836794,197.3131610349104,133.36359190307897,174.86791370118317,81.15239902427317,205.38891750636287,2.843158103463519,110.0
2.02,0.9329,0.0308,0.0308,0.0101,102.99812017791996,125.38901586877212,190.284231892942,129.90703604041855,168.99041135960093,79.59970653261297,203.2834509515706,2.8803456069768565,110.0
2.04,0.8893,0.0305,0.0305,0.0162,102.1510398954462,124.35778769880406,187.2395780507349,129.1254463339182,169.07102981749142,79.20541071387518,203.459570908708,2.906384204307574,110.0
2.06,0.9337,0.0315,0.0315,0.03,103.65430284869912,126.18784694624242,191.36355221402036,130.79471225752056,170.99254683136607,80.194123661654,204.89344690587652,2.880591512697366,110.0
2.08,1.014,0.0326,0.0326,0.0475,105.882876127274,128.9008926766814,198.13921854335976,133.06885697966686,172.57344215446832,81.60296829885408,206.4394759951417,2.8338624854027925,110.0
2.1,1.0504,0.0343,0.0343,0.0799,107.44592949318564,130.80374025257382,201.93789287062185,135.0975910332675,176.21948711778452,82.58463954891452,208.36630840231143,2.8177833953859737,110.0
2.12,1.1578,0.0411,0.0411,0.0796,111.28188208721106,135.47359558443085,209.54688475569768,141.046060796918,190.84771441526289,85.24154134749988,213.9897903741752,2.8073831335108688,110.0
2.14,1.2979,0.05,0.05,0.0739,115.78710275994968,140.9582120555909,218.69211205926516,148.0117544639459,208.3766469853324,88.30679032929758,220.2208962313936,2.7929908525998965,110.0
2.16,1.4224,0.0548,0.0548,0.0529,118.7693192968352,144.58873653527766,225.985163751574,152.0761221904194,216.7372689627336,90.39613941229516,223.53749917594516,2.766497658447656,110.0
2.18,1.4373,0.0549,0.0549,-0.0015,118.80847261236372,144.63640144113845,225.71526334843443,152.18791486412798,217.2914564821496,90.77788542729154,224.12974861327743,2.77064429224037,110.0
2.2,1.3147,0.0551,0.0551,-0.0069,116.95595391978635,142.38116129365295,218.20710325624208,150.8544667603254,219.8602514070262,89.87480279301775,224.60618888850672,2.8291827289157934,110.0
2.22,1.2447,0.0545,0.0545,-0.0034,115.77600319199944,140.9446995380863,213.971813339035,149.7785652142833,220.0201948472863,89.31289664878587,224.70983556979584,2.860160398567365,110.0
2.24,1.1853,0.0558,0.0558,0.0,115.08624489115932,140.10499378054178,210.29081819926867,149.7406179096469,223.9611283191674,89.08173840356245,225.8298152390417,2.8973243824901127,110.0
2.26,1.1551,0.0592,0.0592,-0.0007,115.2427851907784,140.29556458007806,208.39079807335665,151.05677236613653,231.699404047019,89.40872275472893,228.0417668934609,2.931042082594796,110.0
2.28,1.2515,0.0661,0.0661,-0.003,118.36910743278114,144.10152209208138,214.9959985261714,155.7285768764757,243.6706032110437,91.50197636944873,231.98742787588407,2.91281189107494,110.0
2.3,1.4652,0.0715,0.0715,-0.0036,123.08359848235618,149.84090250025972,228.53658831373687,161.0732411662315,250.24696943845075,94.44407511243382,235.160470528258,2.836261887283503,110.0
2.32,1.7113,0.0712,0.0712,-0.0048,126.83200073519316,154.40417480806124,242.6954853815387,164.0032538937022,246.1810931534756,96.77836660130224,235.8181501520944,2.737435240762537,110.0
2.34,1.8869,0.0685,0.0685,-0.0114,128.73716440542717,156.7235044935635,252.00565666698827,164.80703737997757,239.25201726338392,98.06860286579924,235.31612240850905,2.665748564946526,110.0
2.36,2.0659,0.069,0.069,-0.0197,131.04020167610568,159.5272020404765,260.9562004058245,166.89130024299536,238.33928106333155,99.6523564837975,236.20478038093017,2.612099376959922,110.0
2.38,2.2184,0.0704,0.0704,-0.0325,133.05050885503687,161.9745325191753,268.15613860584784,169.01375301414774,239.4942522438495,101.08448134902147,237.45365901000096,2.574844610900038,110.0
2.4,2.3205,0.0694,0.0694,-0.0515,133.95626975033028,163.07719795692384,272.6985137238389,169.55033338147956,237.0072036612892,101.85752770410136,237.59387155729613,2.5446291340785203,110.0
2.42,2.3411,0.0716,0.0716,-0.0556,134.72587988974664,164.01411464838722,273.77662643210255,170.8718113663533,240.9695300009687,102.48793684400808,239.0768051724868,2.5487320328958507,110.0
2.44,2.3563,0.0732,0.0732,-0.0588,135.31923186726925,164.73645618624084,274.62437120527244,171.87268159094063,243.89897626762985,103.00725605917545,240.27596399300347,2.5515828558813776,110.0
2.46,2.4061,0.0727,0.0727,-0.0592,135.85140298396277,165.3843166761286,277.0667815256465,172.2468585593084,242.7889923070784,103.49379392499073,240.59551766452864,2.53649932038377,110.0
2.48,2.4552,0.0719,0.0719,-0.0665,136.27542234777863,165.9005141625131,279.32459543135167,172.44897824765366,241.19752481254665,103.93370238430222,240.778347383784,2.5213840222161874,110.0
2.5,2.4627,0.0702,0.0702,-0.0711,136.12323330153146,165.7152405409948,279.79158724475025,171.9110352107766,238.4067661151402,104.0050394863394,240.52423795251477,2.5130527669756906,114.0
2.52,2.3795,0.0641,0.0641,-0.0725,134.17193283445152,163.33974432020187,276.2885260396262,168.56521271995166,228.460649699178,102.9414619993166,238.11767329898825,2.5086949692587246,114.0
2.54,2.315,0.0588,0.0588,-0.0744,132.47844921650943,161.2781120896637,273.5431133695548,165.58098241987489,219.41859223120517,102.02703307095642,235.884506078406,2.50169921745775,114.0
2.56,2.1326,0.0555,0.0555,-0.0756,129.9860759990235,158.2439186075069,265.1635704136226,162.4734132273015,215.02539140028856,100.5652193627683,234.44257566178592,2.537639419246904,114.0
2.58,1.9587,0.0517,0.0517,-0.076,127.2924521078375,154.9647243051935,256.74357058808386,158.99939079487052,209.4284035639767,98.97173811685114,232.60223009636863,2.571979738480986,114.0
2.6,1.9582,0.0501,0.0501,-0.0763,127.01550118007144,154.62756665400002,256.908029688111,158.26302829982777,206.37985346439268,98.92233513420577,232.1061559107941,2.5635127839500966,114.0
2.62,1.8912,0.0485,0.0485,-0.0766,125.96185879571232,153.34487157738894,253.64272232930008,156.86584980199635,203.96346826235407,98.37219011231733,231.5177351881612,2.576845736960637,114.0
2.64,1.8054,0.0454,0.0454,-0.0762,124.25581955690946,151.2679542431941,249.302094857084,154.3616800450281,198.49344418384305,97.38810729664104,229.9013138603266,2.5883074820442795,114.0
2.66,1.8308,0.0376,0.0376,-0.0757,122.43435012287328,149.05051319306313,250.8586565052292,149.83526075997275,181.12098970566475,96.27107010560556,224.7878181728325,2.528371939197541,114.0
2.68,1.7283,0.0314,0.0314,-0.0756,119.2878260369552,145.21996213194546,245.48387315350067,144.53562848278816,167.4667114265729,94.25439524525244,219.90600766073564,2.517852761327002,114.0
2.7,1.5358,0.0243,0.0243,-0.0748,114.28687221995932,139.13184444168962,234.63856318852416,136.8434040586106,150.79550285796535,90.9022141473691,212.91314732149104,2.528183477794554,114.0
2.72,1.4349,0.0183,0.0183,-0.0743,110.2969231969834,134.27451519632763,228.67766405570563,130.03735795861533,134.29866308133202,88.10361619446049,205.48721678479512,2.503118966354443,114.0
2.74,1.2713,0.018,0.018,-0.0749,107.93151855808372,131.39489215766716,218.2461551566697,127.8258721120972,134.72358632969022,86.63867785981498,205.24260065278256,2.576753053964505,114.0
2.76,1.0615,0.0228,0.0228,-0.0749,106.58650122139746,129.7574797477882,203.47166363770825,129.66680072966938,151.6709391935488,86.264402764899,211.75471598334644,2.7513281617388285,114.0
2.78,0.9004,0.0234,0.0234,-0.0745,103.56565530498396,126.0799281973718,190.82283354576347,127.61396290807193,155.8548317725643,84.59523524737864,212.60034886421437,2.866685165121686,114.0
2.8,0.8045,0.0214,0.0214,-0.074,100.65539224479969,122.53699925453874,182.63612309002053,124.08987687716773,151.35494150448628,82.78427503227165,210.3514066889654,2.919609943434935,114.0
2.82,0.712,0.0169,0.0169,-0.0736,96.5407962264214,117.52792584086082,174.1011530262255,117.76644943528132,137.95994898836668,79.92061012393107,204.1768048881532,2.944032067360966,114.0
2.84,0.6547,0.0163,0.0163,-0.0729,94.75211995252614,115.35040689872748,168.50165888583064,115.88722349952428,136.91148283041454,78.87910782472156,203.45688796668853,2.992686889182021,114.0
2.86,0.6876,0.0179,0.0179,-0.0723,96.47799416973272,117.45147116315286,171.98581869254102,118.44238569958245,142.11661584096137,80.21410585372557,206.38947258765785,2.981995356471005,114.0
2.88,0.8396,0.0186,0.0186,-0.0717,100.81094100096796,122.72636295770012,186.36277871543425,122.42128843485438,142.12803995991442,82.97837753674108,208.09463019226635,2.8564305857500245,114.0
2.9,1.3703,0.0177,0.0177,-0.0712,110.05399093708871,133.97877157558628,226.11210190121935,129.5207499398893,133.8463293583427,88.84800943475327,207.87171990734063,2.525381646700422,114.0
2.92,2.1274,0.0184,0.0184,-0.0707,118.70155008208845,144.50623488254246,268.48665216914844,137.86258970396702,131.85792377200733,95.14465886655178,209.9684380615944,2.2578543001040825,114.0
2.94,2.4749,0.0241,0.0241,-0.0714,124.62077682111804,151.71225004310023,284.8566041800669,146.29977755775946,145.9821417372164,99.63182781239696,218.08518910577797,2.226670828451719,114.0
2.96,2.2512,0.0266,0.0266,-0.0717,124.16998025722046,151.16345422618144,274.7825850071099,146.93768638336067,153.63439809948358,99.27724621572956,221.1256055662124,2.309882615707557,114.0
2.98,1.8002,0.0293,0.0293,-0.072,121.01527638879556,147.32294516896852,252.12319439799785,145.32010117141812,163.62615570077946,97.08813216531507,223.93327645213824,2.475388160534936,114.0
3.0,1.354,0.0313,0.0313,-0.0721,115.91520738699552,141.11416551460326,225.7897526297015,141.99944017294104,173.19847027872058,93.87302209117507,225.7699697796087,2.6754036121941813,85.0
3.02,1.067,0.0344,0.0344,-0.0711,111.8308668804498,136.14192489793888,205.83233487892105,140.22366477896918,185.38487603407992,91.5903630045418,228.5401595384861,2.8563230201095084,85.0
3.04,1.0406,0.0318,0.0318,-0.0701,110.64981907043013,134.70412756400188,203.98052422408247,138.06106863039366,179.1502948200404,90.83369906118222,226.55319848419467,2.8518947863479585,85.0
3.06,1.1957,0.0287,0.0287,-0.0692,112.73593192711454,137.2437432156177,215.57534325904663,138.2012090669393,168.67690029510416,92.05135336593744,224.15391441442048,2.73361395723526,85.0
3.08,1.5778,0.0266,0.0266,-0.0685,117.80955673260262,143.42032993534232,240.3879688078216,141.3750410558294,159.08199789663377,95.3717120968105,222.7733747222256,2.535061310100802,85.0
3.1,2.2131,0.0285,0.0285,-0.0681,125.44170273205424,152.7116381085878,274.2966419588187,149.08632537095602,159.556282487997,100.8901219011602,225.71327562461397,2.3379638698466243,85.0
3.12,2.8806,0.0344,0.0344,-0.0688,133.07405269431214,162.00319458438,303.8887026192484,158.73272739396683,170.01550496507647,106.63326243110082,232.13126553986183,2.220498487233085,85.0
3.14,3.5013,0.041,0.041,-0.0714,139.4350591366301,169.74702851415836,327.79925456352413,167.33665537522373,181.46749774142023,111.4793294872625,238.21667292751735,2.144495887547818,85.0
3.16,3.8129,0.0391,0.0391,-0.0764,140.33234785284588,170.83937999476893,338.8830717842048,167.8390797446665,176.3314350228109,112.6113805344095,237.28203363940773,2.079409841543055,85.0
3.18,3.6737,0.037,0.037,-0.0814,138.9098070142509,169.10759114778372,334.1966734310393,165.73554529965867,172.6213241858767,111.69358653627002,235.89666886544464,2.088720076545947,85.0
3.2,3.2585,0.045,0.045,-0.0799,139.82697901509812,170.2241483662064,319.3070953520817,168.97874629365805,191.449510815322,111.7739781199577,242.14564234312496,2.215090948689636,85.0
3.22,2.8811,0.0366,0.0366,-0.0776,134.4723200412501,163.7054330936958,304.7087650462551,161.02492506031288,175.74159137866874,108.13021967690172,235.88512973913004,2.237567026792432,85.0
3.24,2.5037,0.0204,0.0204,-0.0761,124.37523824499802,151.41333351564975,288.8113378143654,144.72187451712185,137.83592950886322,101.12172964028426,218.74043613587097,2.1823621696393203,85.0
3.26,2.0537,0.0113,0.0113,-0.0791,114.80709990177957,139.7651650978186,267.56873834479865,130.34354240068245,111.56635225782432,93.73529598536682,202.58942868433385,2.1795263978281567,85.0
3.28,1.7323,0.0063,0.0063,-0.0803,107.23498447991462,130.54693762772214,250.55734079513323,119.159053568668,93.13389753035122,87.28462378267466,187.826091056382,2.178477740238361,85.0
3.3,1.5247,0.0089,0.0089,-0.0798,107.81541842314662,131.2535528629611,238.54216918220644,121.62076161009632,104.17556844344952,88.3369951852245,196.57127184605065,2.3166411071805784,85.0
3.32,1.4688,0.0197,0.0197,-0.0788,114.39100045979472,139.25860925540226,235.2528093235132,134.9328449466557,141.74035970343155,94.01075286386714,218.2347089324334,2.51087812698838,85.0
3.34,2.0927,0.0271,0.0271,-0.0779,124.9172136687674,152.07312968371684,270.2029468037576,148.23959347929457,158.30384105225352,101.75074464718692,228.41617303490824,2.3630813825116483,85.0
3.36,2.8947,0.0269,0.0269,-0.0774,131.03126174081234,159.51631864098894,306.556033703899,154.1865727894443,153.81259357810177,106.72852173042652,229.0905924416596,2.1578300630177205,85.0
3.38,3.011,0.026,0.026,-0.0787,131.4110946446285,159.9787239151999,311.41700972468,154.16079073404154,151.12777578281867,107.20963127794832,228.48867299807145,2.1261202759691527,85.0
3.4,2.3929,0.0271,0.0271,-0.0786,127.80278598166257,155.58600032550223,285.1046343590523,151.0425747299325,156.94203470071096,104.24867606711764,229.6751300195536,2.278959103671156,85.0
3.42,1.7773,0.0285,0.0285,-0.0783,122.60842439135254,149.26242969382048,254.16870141692883,146.9224642034396,164.72916234243343,100.46036472811052,231.018320133058,2.4801280188965555,85.0
3.44,1.3582,0.0281,0.0281,-0.0779,116.9469733842062,142.3702284677293,228.98627000472516,141.91237046016806,167.75524040606115,96.68753119418108,230.475515242004,2.650192158256201,85.0
3.46,1.0772,0.0233,0.0233,-0.077,110.36717255863267,134.36003615833545,209.2146449157339,133.84048025566537,157.44217791729744,92.219379038737,224.87504905301336,2.754906160458672,85.0
3.48,0.967,0.0166,0.0166,-0.0762,105.31302940410222,128.20716623108098,200.6360749305161,125.31943677785124,137.13990907474533,88.41933339969574,215.3205653716469,2.743729842525011,85.0
3.5,0.9641,0.0145,0.0145,-0.0752,104.2369451269457,126.8971505893252,200.54636393586637,122.86771181041512,129.7201646567757,87.53381634071033,211.86992572244213,2.714011692336772,103.0
3.52,1.1955,0.0162,0.0162,-0.0743,109.44184293295176,133.23354791837608,218.417288774584,128.57319288370064,133.68142801629023,91.2669567088916,215.5985660655334,2.598507325523125,103.0
3.54,1.3321,0.0155,0.0155,-0.0736,111.2169781593746,135.39458210706474,228.019807200529,129.66044027986052,130.32695850128354,92.50635396851158,214.8435272933669,2.518498632982129,103.0
3.56,1.4244,0.0137,0.0137,-0.073,111.44235722442724,135.66895662104184,234.21480080038236,128.6353930529216,123.59137473275538,92.59589472207516,211.82984828495347,2.4482074630531696,103.0
3.58,1.7787,0.0132,0.0132,-0.0724,115.23577800396856,140.28703409178783,255.5384808297515,131.9086459261193,120.28029548394808,95.45962637783094,211.45479230417965,2.300513506129879,103.0
3.6,1.956,0.0116,0.0116,-0.0736,115.74619917314548,140.90841638469885,265.2634563077531,131.46718298491493,114.24129238587815,95.89082294270858,208.3722859552481,2.215544123924467,103.0
3.62,1.6468,0.012,0.012,-0.0759,113.11750986529788,137.70827287949308,248.1814932322565,129.06805348649033,116.7487949597827,93.95223863116858,209.31951899909612,2.3294846860293434,103.0
3.64,1.3524,0.0141,0.0141,-0.0755,111.04785534832877,135.18869346753067,229.9526024870361,128.57897135308,125.77519514763011,92.69756739150984,213.74062172137104,2.4887073536560065,103.0
3.66,1.2124,0.0173,0.0173,-0.0747,110.88565662672922,134.99123415427906,220.4606547753928,130.64228622557275,137.91088293364746,92.95406887860264,219.6268553303306,2.606022699390643,103.0
3.68,1.88,0.0233,0.0233,-0.0733,122.64740728138096,149.3098871251594,261.7889952823405,144.60746044563535,151.32140592644257,101.64658406980456,229.3529293162098,2.3951061736181978,103.0
3.7,3.6042,0.0295,0.0295,-0.0726,138.95608789308184,169.1639330872301,336.8889804626265,160.32686139383802,156.41598843495035,114.0127992632796,237.96442679538507,2.063136052311298,103.0
3.72,4.7074,0.0374,0.0374,-0.0735,148.0197135119168,180.19791210146397,373.5407325885471,170.59222191898849,168.28291327815157,121.02012080300383,246.2402297213169,1.966571306719284,103.0
3.74,4.7063,0.0445,0.0445,-0.0743,150.93445511919606,183.7462931885865,373.6952293829094,176.03990048653662,182.93602502836436,122.95774020258656,252.2091864801104,2.0078758186267263,103.0
3.76,4.2954,0.054,0.054,-0.074,152.25366816259174,185.35229167619863,360.9853421475504,181.4142641524992,204.47229637056435,123.49837586763717,258.8079994221836,2.107971761001893,103.0
3.78,3.736,0.0529,0.0529,-0.0737,148.83294485085386,181.18793286190905,342.289988912822,178.94849799764518,206.75115911152287,121.01353653437673,258.196427522301,2.18360907046244,103.0
3.8,3.2121,0.0485,0.0485,-0.0731,144.081990046452,175.40416179568072,323.1037553901874,174.1372907281473,202.42908221419216,117.73127610988612,255.35341504452867,2.2494481610707595,103.0
3.82,2.5729,0.0421,0.0421,-0.0722,137.20530671883114,167.0325473098814,296.74422209314747,166.2318333040117,193.97102864386505,112.86200219015755,250.61992067965437,2.347680289025857,103.0
3.84,1.9712,0.0358,0.0358,-0.0707,129.46916422391152,157.61463470737056,267.83118391457134,156.81610302201406,184.20259484720296,107.3187026684988,245.23438047468173,2.474155104330153,103.0
3.86,1.4784,0.0287,0.0287,-0.0699,120.84681412666129,147.11786067593548,239.63399462011867,146.09990204971672,170.75723773805683,101.23794768978708,238.09345136343623,2.602144703287176,103.0
3.88,1.1604,0.0201,0.0201,-0.0688,112.32585654831276,136.74452101533728,218.13950378580208,134.0260990107981,148.86256479164297,95.05650169606852,227.2101699706968,2.671369196562066,103.0
3.9,0.9955,0.01,0.01,-0.0662,103.55315819275738,126.0647143216177,205.5942790944416,118.84009747831716,113.47066441496914,87.87224575585431,207.53177775904413,2.6128957228431484,103.0
3.92,0.8024,0.0033,0.0033,-0.0618,92.88483037178229,113.0771848004306,189.10401326262703,101.32771186158402,79.78572859751712,77.80729176921263,179.62237539091058,2.549549705176524,103.0
3.94,0.658,0.0052,0.0052,-0.0594,92.0476019123583,112.05795015417532,175.00373731236184,103.13331008018184,91.96123403875396,78.63548665677052,190.5265949083613,2.755851296835269,103.0
3.96,0.6363,0.0073,0.0073,-0.0559,93.58388781361664,113.9282112513594,172.9326101761803,107.1152566407961,103.80013445162314,80.60466902383202,199.32221628656305,2.8441213972094257,103.0
3.98,0.6358,0.0133,0.0133,-0.0514,97.6602106122124,118.89069118008469,173.16868775049846,116.57560143596926,131.5367767721662,84.82876780774941,215.762247759303,2.975279375343568,103.0
4.0,0.6433,0.0198,0.0198,-0.046,100.93329379045448,122.8753141796837,174.30204692456556,124.27500571143028,156.25031687547136,87.94785724254744,227.52528562292463,3.061696532512421,151.0
4.02,0.6225,0.0258,0.0258,-0.0379,102.48158476287908,124.76019014611364,172.51446977886064,129.34425216100135,177.0357300842977,89.60106435363258,235.7306967499454,3.1494600249182287,151.0
4.04,0.9551,0.0302,0.0302,-0.0306,113.01628517227108,137.58504281841695,204.22373899481343,140.48124526639037,182.872657042614,96.68507811941956,241.67265031693188,2.895305996482876,151.0
4.06,3.128,0.0346,0.0346,-0.0246,140.51357289326842,171.0600017831094,322.72338652532505,163.7184114652942,171.8525098731677,116.15817705201492,248.4629908266043,2.1879225497754384,151.0
4.08,6.4804,0.0399,0.0399,-0.0321,157.65086543069935,191.92279269824272,426.6631130273695,178.10537217363083,166.8534027147856,130.7172069939898,254.7939470227864,1.808433526305212,151.0
4.1,8.0892,0.0487,0.0487,-0.0409,165.4448085465108,201.41107127401315,464.5967921096312,187.58304059520708,177.63514317100874,137.39630123583868,262.2354116165454,1.730973245762366,151.0
4.12,9.2296,0.057,0.057,-0.0405,171.07283094701737,208.26257680506464,488.8909553650197,194.93731690161056,188.08732620189144,142.0637246055091,268.24697651405705,1.694619645807745,151.0
4.14,9.9219,0.0628,0.0628,-0.0378,174.5607135320608,212.5086947346827,502.87488660605095,199.5840187065401,195.28005399016823,144.90528521517925,272.1262251177222,1.6778255889295814,151.0
4.16,10.4564,0.0676,0.0676,-0.0341,177.27205370506329,215.80945668442487,513.3460213845519,203.2155958046597,201.12242518613985,147.09651372802762,275.18633658449573,1.666821047225996,151.0
4.18,10.9079,0.071,0.071,-0.0267,179.43845273854367,218.44681202953143,522.018962186167,205.54805124420037,204.561077428546,148.79693914711328,277.3704713427474,1.6571970900597814,151.0
4.2,11.1258,0.0742,0.0742,-0.0105,181.0079982904096,220.35756313615084,526.3538416769045,207.68022669733745,208.65523287725136,149.96722304816845,279.3426088456083,1.657296113661366,151.0
4.22,11.3254,0.078,0.078,0.0057,182.74369993358684,222.47059122349705,530.3136500647114,210.0162836274286,213.52946890981295,151.17579027265796,281.53740294286166,1.660371224662462,151.0
4.24,11.525,0.0805,0.0805,0.0204,183.9841849549441,223.98074690167115,534.2231429510714,211.69665035267005,216.57867362789372,152.1538282032518,283.0694000792977,1.658675209127852,151.0
4.26,11.8631,0.0829,0.0829,0.0214,185.28697462263852,225.56675171451653,540.4110959065106,213.5785933771541,219.2267362540962,153.36217429916806,284.5519326026192,1.649689326032817,151.0
4.28,12.1649,0.0851,0.0851,0.0222,186.46696601495495,227.0032629747278,545.8770772490005,215.2671869481792,221.6448582353852,154.4539340295497,285.91416692692314,1.6421829760385702,151.0
4.3,12.4092,0.0872,0.0872,0.0224,187.54905225866895,228.3205853583796,550.2912208663134,216.7738414483632,224.0068202070654,155.41181299081086,287.20243766683603,1.6374318283647435,151.0
4.32,12.5828,0.0889,0.0889,0.0226,188.42891340901045,229.3917206718388,553.4727857090686,217.94809237662864,225.94999261331776,156.1741248846365,288.2920884297001,1.6349539969109863,151.0
4.34,12.6863,0.0906,0.0906,0.0228,189.2477555158639,230.3885719323561,555.4615174321528,218.97588092002823,227.99763270023917,156.80569977752063,289.3583381467895,1.635899911958022,151.0
4.36,12.7233,0.0919,0.0919,0.0229,189.87719222245696,231.15484270559983,556.3332138369941,219.69282899489903,229.6340644173485,157.25795399671335,290.2384138378846,1.6387716549171174,151.0
4.38,12.6876,0.0931,0.0931,0.0221,190.41221846069251,231.8061789956257,555.9830800507845,220.21980661431465,231.26189872939997,157.5640350547874,291.0590932496628,1.6448307798290664,151.0
4.4,12.6059,0.0951,0.0951,0.0212,191.16024633626836,232.71682162676143,554.8575769693153,220.9923936219168,233.98179826976235,157.89533007800372,292.1870719438672,1.6555380939296058,151.0
4.42,12.4963,0.0969,0.0969,0.0207,191.55199784126657,233.1937365024115,553.2558939705033,222.1017663322056,237.23586796631952,158.14177721857328,293.2174842390843,1.6645269090164334,151.0
4.44,12.3543,0.098,0.098,0.0214,191.8508409757933,233.5575455357484,551.0987793094963,222.52525318333576,239.18215750399816,158.22819198679892,293.9588169995296,1.6745968905217294,151.0
4.46,12.1713,0.0981,0.0981,0.0223,191.80005293463503,233.4957166160775,548.218691365668,222.4269881612924,239.92136644310173,158.0993063897497,294.29978117294206,1.6839066322800322,151.0
4.48,11.9433,0.0985,0.0985,0.0231,191.762463084875,233.44995505984784,544.5228221389908,222.4031369957778,241.2141382739789,157.9189410791482,294.74776663583765,1.696326412864714,151.0
4.5,11.6536,0.0979,0.0979,0.0239,191.33837727342103,232.9336766806865,539.6870429475788,221.82652565090132,241.37210233431895,157.4766330395996,294.7922596774389,1.7092347948861422,157.0
4.52,11.3511,0.0995,0.0995,0.0242,191.4856184050212,233.1129267539389,534.5336353777993,222.23363855055123,244.57591328044896,157.28636958211175,295.6882457642515,1.7292065611004217,157.0
4.54,11.0158,0.0992,0.0992,0.0244,191.02356614835188,232.55042835451536,528.6841317640942,221.70576611895305,245.35182839975556,156.76175936442,295.83688589852585,1.7461000947804917,157.0
4.56,10.6152,0.0935,0.0935,0.0249,188.9231378741641,229.99338523811284,521.4933804763537,218.54946662197284,238.92996783168067,155.3535103780735,293.8158623813227,1.7518705588705277,157.0
4.58,10.0167,0.0872,0.0872,0.0256,186.2037378816911,226.68281133423267,510.297969995109,214.68332228821268,232.17881072393791,153.357721058132,291.3608711199471,1.767008654841402,157.0
4.6,9.4376,0.0776,0.0776,0.0258,182.3587778702525,222.00199045074223,499.04978089634864,208.96409750450076,220.2568461469318,150.7658875245717,287.1663090200039,1.7710585075620795,157.0
4.62,8.8447,0.0701,0.0701,0.0258,178.90377930907337,217.7959052458285,487.05609414771686,203.9960418698323,211.0039638035641,148.28774299899757,283.57175600265555,1.7826169482733112,157.0
4.64,8.3899,0.0663,0.0663,0.0262,176.799244646814,215.2338630482953,477.5525547599745,201.11784875613824,206.70428331084557,146.66160095129925,281.7223895469513,1.799208298406347,157.0
4.66,8.1761,0.0682,0.0682,0.0273,177.09024907200595,215.58812930505076,473.0844757830308,201.86515665573145,210.5122513863332,146.63574937592583,283.0128813244636,1.8215833186169383,157.0
4.68,8.4659,0.0734,0.0734,0.0285,179.58532169185182,218.62560901616743,479.6265672489898,205.3251924114774,217.5491600265563,148.45125534695495,286.1127589480891,1.820978366575542,157.0
4.7,9.2947,0.0776,0.0776,0.0278,182.82705489770464,222.57206683198828,497.2276002376294,209.06948130815195,220.91623447516892,151.3371129318651,288.7004620980498,1.7825177143618085,157.0
4.72,10.1497,0.0805,0.0805,0.0145,185.4701192349821,225.7897103730217,514.3138837874302,212.01810548073092,222.34478598518876,153.91608860941702,290.58172611372225,1.742563910799403,157.0
4.74,10.9418,0.0841,0.0841,-0.001,188.0324201570428,228.9090332346608,529.3841704138442,215.10635907313184,225.0600558338915,156.34034026974666,292.714618558503,1.711819304315438,157.0
4.76,11.7752,0.0884,0.0884,-0.0115,190.71995000874128,232.18080870629373,544.5882472136348,218.4899348468595,228.6259300613966,158.8427977946656,295.09256967751764,1.6835649559664407,157.0
4.78,12.2252,0.0884,0.0884,-0.02,191.4589498180025,233.08046064800308,552.6172856780001,219.17977711430336,227.40967856811136,159.8892172284939,295.4877641558804,1.6627294796096994,157.0
4.8,12.3142,0.0855,0.0855,-0.0168,190.96049106734145,232.4736412993722,554.4039509015564,217.6751864088633,222.8438506761668,159.799187840341,294.5360032371439,1.6517631304677212,157.0
4.82,12.0917,0.0849,0.0849,-0.0126,190.4902579386885,231.90118357753383,550.8109417249252,217.4421328584768,223.06348181734347,159.47125729784722,294.5364596791508,1.6593288381973694,157.0
4.84,11.8161,0.0855,0.0855,-0.0078,190.4791240960508,231.8876293343227,546.2383269822645,217.4417771008151,224.68479428750928,159.21878290915063,295.0648900341041,1.6748148195710737,157.0
4.86,11.7753,0.0862,0.0862,-0.0035,190.79909335150293,232.2771571235688,545.7715934761544,217.81148837105752,225.80237770734212,159.42990015609345,295.6785833394061,1.6793626509050827,157.0
4.88,12.0159,0.0871,0.0871,0.0012,191.553814942669,233.1959486258579,550.2635957543922,218.67147258124595,226.4076371486511,160.2156545336614,296.4302547107524,1.6708825966620326,157.0
4.9,12.4734,0.0865,0.0865,0.0056,192.2281370748808,234.01686252594183,558.4319478026271,218.82453531432373,224.0276706423021,161.1708470966678,296.55260647854175,1.6493827676116022,157.0
4.92,12.9917,0.0869,0.0869,0.0004,192.9274664588569,234.86822003686927,567.3753301356539,220.08422666933924,223.72805112404905,162.36434491356874,297.12597895220983,1.6262424519236442,157.0
4.94,13.5064,0.0897,0.0897,-0.0207,194.41041309275707,236.67354637379125,575.9458146264802,222.36094859520867,226.53490538792303,163.89035315261765,298.7457145830527,1.612157361631489,157.0
4.96,13.5928,0.0913,0.0913,-0.0175,195.1759801135624,237.60554100781516,577.6041662548666,223.30143875699568,228.4558378679432,164.46643893486586,299.75353034398216,1.6136954713954763,157.0
4.98,13.5634,0.0933,0.0933,-0.0126,195.99159433016,238.59846266280343,577.3898023471218,224.19394547122803,231.05166974593484,164.89551020241566,300.9005075050691,1.6216186755487287,157.0
5.0,13.5404,0.0965,0.0965,-0.0088,197.1928089721812,240.06081092265535,577.2704447783866,225.5966555053712,235.1211879843132,165.50159606279857,302.5253627047244,1.6327471409018532,190.0
5.02,13.5959,0.0962,0.0962,-0.0041,197.29329718226143,240.18314439579655,578.4340472072865,225.6505842912288,234.6847594461983,165.7401523928576,302.717671486192,1.629779595523928,190.0
5.04,13.8182,0.0902,0.0902,0.0008,195.5757985646272,238.0922765134592,582.2915294645469,223.5412043074508,226.8339923747808,165.42481858653258,300.5321040615796,1.6019591200594507,190.0
5.06,14.3178,0.0842,0.0842,0.0056,194.34462994524029,236.5934625420317,590.5086276662805,220.98979841740427,217.37692576776885,165.5079106667265,298.2317607763515,1.5656812237093356,190.0
5.08,14.7855,0.0811,0.0811,0.0097,193.75859324545164,235.88002655968023,598.0629844909483,220.08598654250872,212.36301610638327,165.94075135170317,297.14797308411914,1.538031407440303,190.0
5.1,15.0472,0.0874,0.0874,0.0134,196.30671588343876,238.9820889015776,602.341676852385,223.62258042458964,220.1549316909419,167.5796969571604,300.3894448985236,1.547519645150741,190.0
5.12,15.1908,0.0936,0.0936,0.016,198.63885250237632,241.82121174202337,604.7811672277526,226.8525969585533,227.90087327443828,168.95007177708834,303.399326686671,1.560377147484111,190.0
5.14,15.3192,0.0996,0.0996,0.0178,200.80969104647397,244.4639717087509,606.9736364853969,229.8683999212104,235.29092708296656,170.2139270629767,306.1807521231235,1.5724741749165607,190.0
5.16,15.4217,0.1053,0.1053,0.0198,202.79529984399227,246.88123459268624,608.7677378164366,232.6310892156088,242.2462361607724,171.3511560986409,308.722296966651,1.584075040068082,190.0
5.18,15.5091,0.1094,0.1094,0.0211,204.23877612498524,248.63851006519943,610.3245615797613,234.61166732490275,247.16867796794807,172.22032473938228,310.5759177950626,1.5916801520595325,190.0
5.2,15.4179,0.1125,0.1125,0.0223,205.04837907023773,249.6241136507242,609.1918282187657,236.23151981373175,251.71869193049,172.65853206331812,311.9965674077455,1.6018238812978989,190.0
5.22,15.3268,0.1155,0.1155,0.0235,206.0581426288239,250.85339102639435,608.0537930638519,237.31448097704416,255.40844772722667,173.07308785493657,313.3562719121713,1.613746256489753,190.0
5.24,15.2356,0.1163,0.1163,0.0243,206.39660122917311,251.2654275833412,606.9048363939796,237.5383368477586,256.5178827084341,173.2075481457257,313.92730714117147,1.619976466354009,190.0
5.26,15.2838,0.1158,0.1158,0.0235,206.4360710211556,251.3134777648851,607.8611901885874,237.5042852419693,255.88419617057613,173.407942024855,314.0614079824246,1.617279957344154,190.0
5.28,15.1853,0.1143,0.1143,0.0241,206.08266010816533,250.88323839254912,606.5943866672554,236.8285835823184,254.31621095623527,173.24186754633826,313.8157097365023,1.61792147195941,190.0
5.3,14.9064,0.1122,0.1122,0.0247,205.42521913026755,250.0828754629344,602.5463763291621,235.59535441788285,252.3274232215016,172.69573054805775,313.316726421672,1.6244034634988174,190.0
5.32,14.589,0.1101,0.1101,0.0255,204.72674517087023,249.23255933845076,597.8443090459418,234.27768930009384,250.38967691706003,172.07163279339673,312.7962506516926,1.6326415487634172,190.0
5.34,14.3838,0.1099,0.1099,0.0264,204.67221752405305,249.1661778553689,594.8473122312221,233.9000877415234,250.5216530901733,171.87428499206356,312.986538027188,1.6413454078594822,190.0
5.36,14.2565,0.1114,0.1114,0.0275,205.0020989238102,249.5677726028994,593.0590701356888,234.67058474331185,253.0804587119526,172.02634640299283,313.8146524923981,1.649722460317749,190.0
5.38,14.1567,0.1128,0.1128,0.0286,205.4375309441996,250.097863758156,591.6964994884689,235.2102714301403,255.1111300470646,172.20885654855314,314.6045309917528,1.6577366376934852,190.0
5.4,14.1018,0.1144,0.1144,0.028,205.969052130759,250.7449330287501,591.0326946143874,235.8856011847248,257.2724965951044,172.49169252944725,315.4680574143722,1.6644107153401098,190.0
5.42,14.0678,0.1164,0.1164,0.0288,206.62673361597405,251.5455887498815,590.7099284666801,236.74809029882948,259.8645760626692,172.85752592080638,316.46984629372344,1.6711273151753716,190.0
5.44,14.1563,0.1191,0.1191,0.0287,207.6016344681334,252.73242456990155,592.3408086532204,238.0515287084962,262.9779665373351,173.52088675952717,317.72532618711244,1.6743857074610724,190.0
5.46,14.3386,0.1219,0.1219,0.0274,208.69703021822625,254.0659498308841,595.4483535228521,239.505604867831,265.93932711660784,174.35429782380058,319.0128123012294,1.6739682890219407,190.0
5.48,14.5752,0.1239,0.1239,0.0262,209.6311749409685,255.20316949335293,599.3887395543137,240.69771706866152,267.76688556180414,175.17988140174035,320.02304560519406,1.669508179611166,190.0
5.5,14.7963,0.1262,0.1262,0.0242,210.61726114612455,256.40362226484734,603.0477149552709,241.9777524323052,269.98469064484783,176.00646790439205,321.1207467970518,1.6664374501475785,181.0
5.52,14.9354,0.1283,0.1283,0.0241,211.45734751017775,257.4263360993469,605.4224994276389,243.06227021008647,272.16054791594945,176.66353922021477,322.1283975389377,1.6661419197702236,181.0
5.54,14.9922,0.1307,0.1307,0.025,212.28188750748416,258.4301239221547,606.523370021607,244.14722652093323,274.89125754331843,177.21032589084365,323.21012410905325,1.669680710865901,181.0
5.56,15.0318,0.1323,0.1323,0.0249,212.87891589192847,259.156941085826,607.3504189337075,244.89238396420745,276.7091184867048,177.63464178036364,324.0233731065995,1.672101856425398,181.0
5.58,15.0383,0.1337,0.1337,0.0233,213.3865958564722,259.77498626005314,607.6562666437408,245.5120827117229,278.3730429903929,177.9785467510618,324.76301259514105,1.6753754418723317,181.0
5.6,15.0501,0.1352,0.1352,0.0235,213.92290203234344,260.4278807350268,608.0548764414007,246.1737267864553,280.1323739919939,178.34084968025363,325.5308015832561,1.6786019571615258,181.0
5.62,15.0435,0.1364,0.1364,0.0231,214.3619102493605,260.96232552096063,608.1650847654171,246.69340922331764,281.5842616974158,178.6373846041491,326.19799942331457,1.6818916338507872,181.0
5.64,14.9849,0.1362,0.1362,0.0235,214.3976489869413,261.0058335493199,607.4758124030152,246.6155486515777,281.53479945093227,178.6916537361535,326.4196022010452,1.6842214570902467,181.0
5.66,14.8252,0.1332,0.1332,0.0236,213.6244887562571,260.06459500761736,605.2088579882177,245.3399269558988,278.4680731343407,178.26197847575753,325.7416304798536,1.6845477897671048,181.0
5.68,14.5768,0.1295,0.1295,0.0247,212.56157722617817,258.7706157536082,601.534889667872,243.6565249022088,274.78008674493293,177.58750561976674,324.80002536289084,1.6868248964369617,181.0
5.7,14.2833,0.1243,0.1243,0.0249,211.0353374673351,256.91258474284274,597.091511857524,241.29109844541924,269.37131544436625,176.63934633497587,323.3129289504706,1.6875358562021925,181.0
5.72,13.9281,0.1176,0.1176,0.0266,208.9931943756382,254.42649750077695,591.5960621744402,238.17542896347024,262.20774032638184,175.36307687796605,321.2171336568815,1.6870942429061968,181.0
5.74,13.4972,0.1106,0.1106,0.0271,206.70385913940905,251.6394806914545,584.7477498230243,234.7264494283412,254.71728461207863,173.85296227982766,318.8720354078726,1.6888520115877022,181.0
5.76,13.0779,0.1052,0.1052,0.0273,204.8023028314492,249.3245425774164,577.9470984749072,231.87127386656505,249.0465843294634,172.51388420690043,317.0086197101385,1.69400620675909,181.0
5.78,12.7461,0.1025,0.1025,0.0278,203.7424605896092,248.0342998482199,572.506270619378,230.26103636490015,246.50008990575083,171.67149025451232,316.1559744864562,1.702417507067877,181.0
5.8,12.7114,0.1022,0.1022,0.0255,203.7481538254773,248.0412307440593,572.0899487578159,230.1419637251839,246.23940057394364,171.72719533693737,316.3054575255114,1.7037348465526387,181.0
5.82,12.9581,0.1048,0.1048,0.0233,204.9545122004881,249.50984093972465,576.483333489116,231.71924672235585,248.94638277747663,172.72784326328753,317.6618370349895,1.6998505182518622,181.0
5.84,13.3599,0.1052,0.1052,0.0135,205.6936471039565,250.40965734394703,583.3718157456142,232.55854893280568,248.46967314521137,173.70949702004827,318.16704588552875,1.6836068778088544,181.0
5.86,13.8043,0.115,0.115,-0.0031,209.11807891331563,254.57853085099296,590.7926241679539,237.40335497286887,259.58359588185107,175.99217275880295,322.2290404091735,1.6898335156584778,181.0
5.88,14.2216,0.1189,0.1189,-0.0032,210.8009363262597,256.6272268319683,597.7537922858822,239.66577018001405,263.3083555870424,177.4064443780174,323.979610241096,1.6821227132266376,181.0
5.9,14.6383,0.1299,0.1299,0.0005,214.305955036435,260.89420613131216,604.6130367031407,244.6611411956792,275.4204653024526,179.6283557055111,328.0795304812048,1.6906637595053242,181.0
5.92,15.0518,0.1338,0.1338,0.0041,215.8963171739004,262.8302991682266,611.3092449011674,246.799136118742,278.95944030933623,180.9638595136599,329.69366049532584,1.6831378998379558,181.0
5.94,15.399,0.1333,0.1333,0.0076,216.2777958430262,263.29470798281454,616.8857496124733,247.16210498648775,277.5313292511743,181.67295482765135,329.87020476691947,1.66899164610432,181.0
5.96,15.6086,0.1337,0.1337,0.0113,216.73500618279024,263.85131187470114,620.3091650682449,247.67331444535225,277.50822272378497,182.2424725405665,330.3125200170953,1.6622643967192692,181.0
5.98,15.5571,0.1263,0.1263,0.0141,214.8879633150701,261.602737948781,619.7501653450927,244.8333349039835,269.02684840649914,181.4658698776466,328.14656501394177,1.6482910670515805,181.0
6.0,14.5839,0.1291,0.1291,0.0178,214.76184917999296,261.44920769738275,604.8742451346279,244.63826680766536,274.7300540314606,180.2804188140856,329.20399620226215,1.6931030038399917,176.0
6.02,14.126,0.1333,0.1333,0.0195,215.42192728276444,262.2527810398872,597.7600662032935,245.6337966310913,280.9044733907962,180.09817627629783,330.7773238443837,1.721615614895195,176.0
6.04,13.9092,0.1237,0.1237,0.0226,212.8572294744444,259.1305402297584,594.4572217618692,241.68979821791692,270.09180083359115,178.75092048092748,327.8163404384214,1.7097274920104113,176.0
6.06,13.3373,0.1127,0.1127,0.0245,209.33430412238744,254.84176154029785,585.2103976808739,236.45659714432665,258.2050419691759,176.46747761860226,324.0417291730912,1.7086970785734503,176.0
6.08,13.3832,0.103,0.103,0.0269,206.7413742305528,251.6851512371948,586.186358373825,232.48033083873685,246.01228755702616,175.40143540515294,320.54775821184285,1.682191057414447,176.0
6.1,13.6602,0.1082,0.1082,0.0302,208.72287280341536,254.0974103693752,591.0028502313769,235.20227142637555,251.87718006901756,176.80160211785724,322.92385606576727,1.6840480061293028,176.0
6.12,14.224,0.1132,0.1132,0.0335,210.91753286381413,256.76917044290417,600.4129799056271,238.20273867000364,256.7031416504629,178.6648433328516,325.1923059272203,1.6731051606747651,176.0
6.14,14.8332,0.1174,0.1174,0.0358,212.87101776834012,259.1473259788489,610.3118721690714,240.87229275757403,260.3830503781307,180.45499214941336,327.1073809703286,1.6589290698993624,176.0
6.16,15.2492,0.1206,0.1206,0.0358,214.30682515326168,260.8952654039708,616.9865835183947,242.81658589639068,263.2776349960957,181.7442435728253,328.59038697372824,1.6505910955039311,176.0
6.18,15.4934,0.1241,0.1241,0.0352,215.63893606305103,262.5169656419752,620.9340737213373,244.61372637437557,266.88682627717805,182.7581724591059,330.1241203765064,1.649744070898571,176.0
6.2,15.699,0.1278,0.1278,0.0333,216.97035188981548,264.1378196919493,624.2534654711105,246.41010128609932,270.779148050594,183.71742092269005,331.6907165757349,1.650779834517785,176.0
6.22,15.7896,0.1329,0.1329,0.0313,218.54255206254768,266.0518025109276,625.8127949392069,248.55387999190503,276.5089644452722,184.6331018023244,333.6682753645143,1.659073799523474,176.0
6.24,15.8803,0.1368,0.1368,0.0294,219.7746090367609,267.55169795779585,627.3697865558344,250.20964539378843,280.80240899887104,185.39496623669592,335.2115727347806,1.6645090721294855,176.0
6.26,16.065,0.1387,0.1387,0.0294,220.57494763422875,268.52602320688715,630.3447162683082,251.2380108853129,282.5635484040584,186.0821258973468,336.1139355625105,1.662090917318109,176.0
6.28,16.105,0.1398,0.1398,0.0268,221.03046205283133,269.080562499099,631.1262809323702,251.7665024697077,283.74841037386483,186.4361149014881,336.737115156811,1.6633902866171124,176.0
6.3,16.0619,0.1407,0.1407,0.0266,221.35582675224035,269.4766586549013,630.6782338290903,252.10624558934083,284.8948697679779,186.6283695763511,337.2826832823121,1.6672916223675742,176.0
6.32,15.9666,0.1414,0.1414,0.027,221.5784705714544,269.7477033043793,629.4471671086981,252.2983392242582,285.93567290635093,186.70977856778492,337.75623241052136,1.6727065274809008,176.0
6.34,15.8397,0.1412,0.1412,0.0285,221.5430921117339,269.70463387515434,627.7386187792368,252.1169518519723,286.032393604318,186.6373148343077,337.94418322938856,1.6774498805363491,176.0
6.36,15.651,0.1407,0.1407,0.0301,221.36727281878976,269.49059299678754,625.0786085261673,251.7357924396499,285.9373235344604,186.4238069424234,338.0276684017792,1.683953208667326,176.0
6.38,15.4084,0.1392,0.1392,0.0313,220.88005137014335,268.8974538419137,621.5634413090534,250.9066882678391,284.83623939393635,186.001786094653,337.78619277722913,1.6905394644199985,176.0
6.4,15.0517,0.1377,0.1377,0.0328,220.25866903383735,268.14098838901947,616.2325315866199,249.8998888755064,284.0109960917398,185.37010355497452,337.51947291223775,1.701738888295529,176.0
6.42,14.7792,0.1366,0.1366,0.034,219.8150276734332,267.6009032546144,612.147659542947,249.1522651289802,283.4410245185487,184.9203480769267,337.3883833516671,1.7107067966071878,176.0
6.44,14.6156,0.1352,0.1352,0.0357,219.4133858470238,267.1119479876812,609.7518426733908,248.45125979883545,282.2525833378732,184.62595593071347,337.17432205845154,1.7147609930390713,176.0
6.46,14.4838,0.1328,0.1328,0.0359,218.7907925617723,266.35400833607065,607.8355695285898,247.4194486936024,279.8203066466312,184.27014857370887,336.6315857195955,1.7154119290148258,176.0
6.48,14.3671,0.1298,0.1298,0.0346,218.02255711710205,265.4187651860373,606.1386808779978,246.1725452305706,276.6351217834708,183.86481394547252,335.8756140043753,1.71410782675639,176.0
6.5,14.2247,0.1283,0.1283,0.0336,217.6010176837332,264.9055867454143,604.0164261642675,245.44273771010467,275.25183831093,183.58143374769492,335.60530639842835,1.717164324601865,195.0
6.52,14.0668,0.1282,0.1282,0.0335,217.51855442817907,264.8051966951745,601.6311706406649,245.217156627902,275.5476396962791,183.43131764656616,335.8044799321541,1.724042906071546,195.0
6.54,13.9483,0.1293,0.1293,0.0325,217.7874296916389,265.1325231028647,599.8669727003381,245.50516559565827,277.1583491229854,183.49413135056344,336.4171996701203,1.732011699444418,195.0
6.56,13.8767,0.1316,0.1316,0.0317,218.4126106234228,265.89361293286254,598.8654488773726,246.313526915246,280.0543774436297,183.7826637367193,337.43692926121867,1.7406328989717286,195.0
6.58,13.8976,0.134,0.134,0.0323,219.17320724392783,266.81955664478176,599.3942678788553,247.2990012755376,282.814503309403,184.2543085233002,338.495020942059,1.7454067146605547,195.0
6.6,14.0222,0.1372,0.1372,0.0329,220.257228970218,268.1392352680915,601.6243119795761,248.7350693902147,286.2127807871492,185.00904227725448,339.8183643335281,1.7473755201889634,195.0
6.62,14.217,0.1404,0.1404,0.0331,221.4199036512166,269.5546653145246,604.9828740213188,250.2675689690716,289.3989662695311,185.8883449683463,341.13425374137404,1.7463085720481104,195.0
6.64,14.3595,0.1416,0.1416,0.0339,222.0255973921584,270.292031607845,607.4767025580668,250.98671843676615,290.4143625007801,186.4433341968437,341.7978553623927,1.7432721080370717,195.0
6.66,14.4321,0.1418,0.1418,0.0337,222.29969947982417,270.6257211058729,608.8268613202432,251.2335514454344,290.46962703129776,186.75672012328675,342.1335659445097,1.7411193488406247,195.0
6.68,14.4374,0.1409,0.1409,0.0341,222.2236757006577,270.53317041819207,609.0956652790292,250.9790812775476,289.44384720029,186.82358708264616,342.1108500348139,1.7394719027146952,195.0
6.7,14.4016,0.1396,0.1396,0.0324,221.99637411087605,270.2564554393274,608.6874488078106,250.5119303470506,288.06656970981624,186.76833840013376,341.95111515961617,1.738719058991853,195.0
6.72,14.3853,0.1388,0.1388,0.0309,221.91342889210975,270.1554786512641,608.5938259171357,250.25461022872065,287.20879176969066,186.80355271010467,341.95063308551926,1.738187002925642,195.0
6.74,14.3524,0.1375,0.1375,0.0315,221.6865236253162,269.87924615255884,608.2452254372482,249.78927579558857,285.8163197049036,186.75039559514576,341.78366424311633,1.737244139271814,195.0
6.76,14.2094,0.135,0.135,0.0307,221.0204068411008,269.0683213717749,606.0974855188449,248.7020174162689,283.3148699663692,186.35095117361573,341.19976223902484,1.7383574879268169,195.0
6.78,14.0372,0.1335,0.1335,0.0288,220.55893176401744,268.50652562576033,603.4470032671829,247.92423020013004,282.0291677257768,186.00431239749528,340.92850032156844,1.7428956180497042,195.0
6.8,13.9259,0.1337,0.1337,0.0289,220.5974837103284,268.553458429965,601.7924886819661,247.8706621945851,282.5547372145565,185.9665176759475,341.2289623412602,1.74854246996828,195.0
6.82,13.7969,0.1334,0.1334,0.0307,220.4858577877409,268.41756600246725,599.8456529676686,247.6019350715101,282.54542391789545,185.83450337872344,341.3593817356574,1.753882332103527,195.0
6.84,13.6461,0.1324,0.1324,0.0326,220.16689909772444,268.029268466795,597.5215146929213,247.03499121598256,281.779184080643,185.57580502032903,341.2506210830159,1.7587028771036974,195.0
6.86,13.4657,0.1304,0.1304,0.0332,219.55079320999772,267.27922651651903,594.6707770331316,246.03986839807257,279.92020618751684,185.13687714455727,340.7941551235327,1.7627178892022115,195.0
6.88,13.2934,0.1283,0.1283,0.0343,218.91208286364235,266.50166609486894,591.9339860821234,245.011439987232,277.91093157672424,184.69443748467023,340.2937733852978,1.7661876257811906,195.0
6.9,13.2037,0.1259,0.1259,0.036,218.3038549805688,265.7612147589533,590.5885453512003,244.0039398795167,275.32119539002707,184.37421284374807,339.69180371069,1.7652349095643485,195.0
6.92,13.142,0.1235,0.1235,0.0373,217.72552084457024,265.0571558107812,589.7122906883035,243.03466202312697,272.64450266134094,184.1038732250037,339.0793926735059,1.762952400343624,195.0
6.94,13.0617,0.1218,0.1218,0.0383,217.296624723956,264.5350214030768,588.5102270929727,242.2928251815256,270.835122853828,183.8774355402456,338.7008189456024,1.7630986368683788,195.0
6.96,12.9931,0.1212,0.1212,0.0369,217.16893199234656,264.37956938198715,587.4862620229284,241.9911714356063,270.30658978063366,183.8097521833336,338.7167769575844,1.7653244915383173,195.0
6.98,12.9778,0.1224,0.1224,0.038,217.590482620602,264.89276145116764,587.3970327908555,242.4806816457728,271.789826969908,184.07569261824395,339.3942260621527,1.7692664738229085,195.0
7.0,13.0374,0.1244,0.1244,0.0393,218.32388088617347,265.78559412229816,588.6009002841316,243.40629617312268,274.0273518597713,184.5919137259164,340.3679212802453,1.771568620914012,167.0
7.02,13.2521,0.1274,0.1274,0.0379,219.52537936818325,267.24828792648395,592.4376332383817,244.97465330442188,277.0373900992903,185.5400204542169,341.71180086977176,1.769060928671952,167.0
7.04,13.6816,0.1282,0.1282,0.0346,220.438731098384,268.3601943806414,599.8372830570496,246.07611707366684,276.92196860057385,186.63858808330409,342.3170212861243,1.7521791105726068,167.0
7.06,14.1685,0.1219,0.1219,0.0315,219.4986221362337,267.2157139049802,608.0447975472255,244.5516318816108,268.4116870148007,186.9452674517401,340.41416494313097,1.7172052692186244,167.0
7.08,14.5131,0.1156,0.1156,0.0293,218.2457460914852,265.6904735026776,613.8039061110128,242.6921023342564,260.23367553311544,186.9158094880259,338.3761255794734,1.6882054603362555,167.0
7.1,14.758,0.1137,0.1137,0.0254,218.0700829662084,265.4766227414711,617.8830988629761,242.37715228821057,257.4916372226161,187.25599192033505,337.9308040016628,1.673983672194128,167.0
7.12,14.9556,0.1189,0.1189,0.0245,219.891782147474,267.69434348388137,621.1951342966166,244.82530973108692,263.2453667682702,188.45996593780416,340.1765586282268,1.6790026263780238,167.0
7.14,15.1897,0.1237,0.1237,0.0263,221.5992160518941,269.7729586718711,625.0746233873788,247.1259411880972,268.36995319762593,189.6512437773985,342.21333448082646,1.6812806950415058,167.0
7.16,15.3988,0.1287,0.1287,0.029,223.3032558224861,271.8474418708527,628.5370742388584,249.41982191620843,273.7030378497853,190.7992982649399,344.2590484854986,1.6847645739558,167.0
7.18,15.6117,0.1318,0.1318,0.0291,224.47304226906763,273.271529718865,632.0151313250483,250.9712410863718,276.8050570277366,191.70358118732136,345.60480713186547,1.683764407418167,167.0
7.2,15.818,0.1338,0.1338,0.0288,225.3326610061543,274.31802209444874,635.3630946301034,252.09046577458577,278.65387102120565,192.4553288551855,346.5595678394467,1.6806267314238463,167.0
7.22,15.8562,0.1365,0.1365,0.0279,226.2068044393622,275.3821967087888,636.1172236951569,253.19670635842795,281.6300827070369,192.9904623519132,347.7109635835361,1.6853975647011403,167.0
7.24,15.8729,0.138,0.138,0.027,226.74048852604085,276.0318990751801,636.5413935390061,253.82482946363737,283.29342198204654,193.343516377649,348.4518305392612,1.6883706719098923,167.0
7.26,15.8905,0.1378,0.1378,0.0256,226.8331731446504,276.14473252392224,636.9756667796786,253.83759672847705,283.05221198567324,193.49943338960557,348.6322322854666,1.6877113712096343,167.0
7.28,16.4983,0.136,0.136,0.0234,227.05023738036556,276.40898463696675,646.330914438776,254.17242234777768,279.81571626166567,194.4846457379385,348.3758990620633,1.6616744894646835,167.0
7.3,16.7963,0.1341,0.1341,0.0208,226.9184334884284,276.24852772504323,650.9238496851962,253.97956010384416,277.1342767293117,194.90766937233744,348.0268581987264,1.647230715412945,167.0
7.32,16.925,0.1341,0.1341,0.0185,227.1489257374448,276.5291269847154,652.9862688124136,254.22991251573177,276.91146429275443,195.27049251322225,348.2875194823016,1.6430546448835703,167.0
7.34,16.9891,0.1362,0.1362,0.0204,227.8966461973032,277.43939537062994,654.1178355282199,255.15804963346773,279.14394798269336,195.77740209564504,349.24254416438527,1.6456455846492448,167.0
7.36,16.9291,0.138,0.138,0.0247,228.45811730802563,278.122925418466,653.4374565185205,255.7878655326866,281.2716828725544,196.0392791442504,350.07090259157087,1.6519332585472226,167.0
7.38,17.0466,0.1412,0.1412,0.0272,229.5289939120452,279.4266012842289,655.3566393677426,257.17633425834936,284.5863979738665,196.75673642923223,351.3748271904432,1.6548070755882176,167.0
7.4,17.5155,0.145,0.145,0.0302,231.02880461514155,281.25245779234626,662.3763190128991,259.27829572001264,287.8446805901062,198.1119309365679,352.90234773863614,1.646549435778666,167.0
7.42,18.0647,0.1457,0.1457,0.0346,231.75583386641387,282.13753688085166,670.4340922008327,260.38094666530816,287.5834338854801,199.2236442215226,353.4453177596978,1.6296308351954871,167.0
7.44,18.5367,0.1471,0.1471,0.0368,232.6411481316618,283.2153107689796,677.2604720131731,261.4874105671081,288.06100374801696,200.2735608426449,354.1936700646089,1.6176657902008706,167.0
7.46,18.8169,0.1494,0.1494,0.0388,233.54665155024728,284.3176627568228,681.3424914141718,262.7678299651838,290.0751417103386,201.1153595413628,355.1893310162523,1.6134373516545104,167.0
7.48,18.9106,0.1499,0.1499,0.0406,233.861980644462,284.70154165412765,682.8268124250623,263.1453171521565,290.4776298172814,201.46498098142249,355.5974936017787,1.611741903332488,167.0
7.5,18.8351,0.1507,0.1507,0.0418,234.1614877522521,285.0661590027417,681.9722902537475,263.3586223478723,291.4472482878431,201.58751725927647,356.0735713984646,1.6161961865901713,185.5
7.52,18.6186,0.1499,0.1499,0.0426,233.88041642050803,284.723985207575,679.1536364346867,262.9514998339781,291.1834476197547,201.3122901007955,356.03663628075753,1.6215639493927887,185.5
7.54,18.4109,0.149,0.149,0.044,233.63062542644724,284.419891823501,676.4383359262958,262.4096195421895,290.6211845209908,201.03529900468095,355.9676044693042,1.626936007583827,185.5
7.56,18.1879,0.1467,0.1467,0.0454,232.9997039556372,283.6518135112105,673.4847779875995,261.35247403324365,288.5844250097088,200.57152192624977,355.45454804099336,1.6300847346173508,185.5
7.58,17.9892,0.1432,0.1432,0.0476,232.0599405137504,282.50775366891355,670.8561397498646,259.8962705514586,285.1940367073649,200.00038841569705,354.5485752141634,1.629986670622349,185.5
7.6,17.8302,0.1399,0.1399,0.0443,231.18519711914945,281.44284866679067,668.7420013451443,258.5472447127379,281.92568612901226,199.5048081716439,353.68810415921894,1.6289686101173075,185.5
7.62,17.5502,0.1389,0.1389,0.0357,230.8317786526593,281.0126000988896,664.8356842868404,257.8321420805818,281.37179042832776,199.0775143241222,353.55203588872104,1.63697417580936,185.5
7.64,17.1873,0.1359,0.1359,0.0375,229.86531287714263,279.8360330678259,659.7370547433425,256.26580404226735,278.7656962822026,198.2644704047065,352.72922257164834,1.6436436508793295,185.5
7.66,16.7822,0.1332,0.1332,0.0412,228.9281650064017,278.6951573990978,653.9510599463265,254.7237125639926,276.54777039161667,197.39925630197231,351.9808738469425,1.6526194144005366,185.5
7.68,16.4843,0.1341,0.1341,0.0437,229.04690973499785,278.8397161991278,649.6802468224428,254.6506617302466,278.1254300581684,197.14373676402928,352.4749089069869,1.665786254779303,185.5
7.7,16.4299,0.1376,0.1376,0.0458,230.0617791458509,280.07520939494896,649.0416917656137,255.89118526370007,282.120590464269,197.61458884874912,353.8816175355712,1.675644943749805,185.5
7.72,16.7405,0.1389,0.1389,0.0484,230.8042486385841,280.97908529914594,653.8804221517061,256.90230835716415,282.9708588015084,198.4460103757961,354.5962273333298,1.6673710778117363,185.5
7.74,16.9267,0.1367,0.1367,0.0505,230.49532264116695,280.6030014762033,656.8271201732355,256.4576198389572,280.221167643852,198.64196723359933,354.1217162453429,1.656356331316483,185.5
7.76,16.7675,0.1323,0.1323,0.0488,229.2846263009617,279.12911027943164,654.619934185073,254.66254258467768,275.6747494548009,197.9758817659808,352.8244036575957,1.6530149111299637,185.5
7.78,16.4474,0.1304,0.1304,0.0336,228.60874780808413,278.3063016794068,649.892861371701,253.50699792253295,274.1816345080037,197.33139938506108,352.34068960795537,1.6611661214560032,185.5
7.8,15.9536,0.1259,0.1259,0.0363,227.04169774885293,276.39858856382097,642.556331707434,251.0935059592321,270.0622685825488,196.0351326089204,350.8845041172457,1.6699422755203126,185.5
7.82,15.4271,0.1199,0.1199,0.0406,224.96790547681223,273.8739718848149,634.5687697948238,247.9959417057378,264.2236757532494,194.439381522434,348.80352199985424,1.6767368723386356,185.5
7.84,14.9396,0.1148,0.1148,0.044,223.1291093119476,271.63543742324055,627.0226336225317,245.2358954421665,259.2490483743647,192.98238828035943,346.9798645014812,1.6843060505151186,185.5
7.86,14.5036,0.1132,0.1132,0.0457,222.33299775980407,270.66625814237017,620.1451506865188,243.9026225947201,258.22348915300023,192.073328030566,346.4947160048869,1.698726466591993,185.5
7.88,14.1915,0.1146,0.1146,0.0476,222.52461803296333,270.899534996651,615.1879266710813,243.95930167741005,260.4977128351994,191.80349218842383,347.2161347497009,1.7157715213086733,185.5
7.9,13.95,0.1166,0.1166,0.0494,222.9410988497892,271.40655512148254,611.339340481108,244.35988047746872,263.34841165915344,191.740042796098,348.17699298296407,1.7314658046793752,185.5
7.92,13.6965,0.117,0.117,0.0514,222.8665629639065,271.31581578214707,607.2440869621737,244.09978534334567,264.3550005402008,191.42322674349455,348.5076370072686,1.743967056078575,185.5
7.94,13.5583,0.1141,0.1141,0.054,221.98874447876688,270.2471671915423,605.0695057401412,242.7566915614564,261.23517366621536,190.87989420163973,347.5680081721844,1.7434096998270212,185.5
7.96,13.5657,0.1116,0.1116,0.0576,221.3926062901073,269.5214337444785,605.3719027155379,241.8285825790424,258.26414627083835,190.6775056347456,346.79048986753565,1.7371886633516125,185.5
7.98,13.4753,0.112,0.112,0.0595,221.5148261949584,269.6702231938624,603.9941077128731,241.8673434889256,258.9379514422198,190.68356305599437,347.1549917302923,1.742632941606778,185.5
8.0,13.2388,0.112,0.112,0.0622,221.3320312652981,269.4476902360151,600.0984177183477,241.46748337623507,259.4398880138817,190.33038966594552,347.329399009012,1.753772503410477,218.0
8.02,13.123,0.1119,0.1119,0.0505,221.2608130756764,269.3609898312583,598.1542455274757,241.2412911151426,259.58700167737635,190.20764351600144,347.48593212580664,1.7595116618740985,218.0
8.04,13.1447,0.1101,0.1101,0.037,220.8751962222392,268.89154322707384,598.5803782402733,240.59910150259745,257.4138374011692,190.12859976299745,346.9769636353001,1.754628462069232,218.0
8.06,13.2377,0.1069,0.1069,0.0302,220.1587191049864,268.01931021476605,600.2909484635395,239.5233797924288,253.39700995567983,189.9875398724977,345.8844481161163,1.7426381510022255,218.0
8.08,13.3126,0.1038,0.1038,0.0211,219.4195633350177,267.11946840784765,601.666594054449,238.4289203677764,249.52059245515596,189.8088320347277,344.7942629600487,1.7316219995529096,218.0
8.1,13.3884,0.1016,0.1016,0.0075,218.93405533657068,266.5284151923469,603.0214390969437,237.68900213406627,246.724846560709,189.75698258208843,344.064954974949,1.722920406545298,218.0
8.12,13.391,0.1068,0.1068,0.0073,220.64873120163548,268.61584668025193,603.2119675519768,239.8937956479708,253.03356166614617,190.68076541081052,346.5214395630227,1.7369979040531909,218.0
8.14,13.3918,0.1103,0.1103,0.0119,221.80816552630083,270.0273319450619,603.4059021156223,241.35909775013292,257.2338280356194,191.32423459473853,348.19389701291306,1.7462699824926606,218.0
8.16,13.4846,0.1147,0.1147,0.0168,223.3180363407678,271.86543554528254,605.1814493280984,243.32643406157655,262.2683021541117,192.26849758037588,350.2042494572899,1.7533550698935343,218.0
8.18,13.6577,0.1192,0.1192,0.0214,224.92574916214767,273.82265115391897,608.3160879951967,245.44555790266807,267.1879485856735,193.3697521409284,352.21191888825706,1.7567773498167671,218.0
8.2,13.8873,0.1249,0.1249,0.0278,226.9007712010637,276.2270258099905,612.3931937230344,248.081107324284,273.29740299036973,194.71962390860213,354.6199374782979,1.7602140809742972,218.0
8.22,14.0115,0.1301,0.1301,0.0357,228.56511679879185,278.25318566809443,614.6816239908771,250.27811508090855,278.9602299461532,195.76317082806736,356.7486678480145,1.766786257146309,218.0
8.24,14.1356,0.1355,0.1355,0.0436,230.2437520334352,280.2967416059211,616.9570991111391,252.50006860937023,284.76895800224867,196.80757084656528,358.883733093964,1.7734708915003097,218.0
8.26,14.2597,0.1392,0.1392,0.0511,231.46129377891052,281.7789663395433,619.2186831014172,254.0848371206047,288.61779707495486,197.62970786730816,360.38708984460806,1.7762697338991384,218.0
8.28,14.5956,0.1426,0.1426,0.0522,232.85528078533872,283.4759939995428,624.8994654918708,255.93634466151505,291.650213569476,198.8246096384914,361.8030397876093,1.7694836346092837,218.0
8.3,14.9312,0.1478,0.1478,0.0526,234.6666905220666,285.68118846164634,630.4948542119033,258.37175399752016,296.6105352336979,200.20464496201947,363.7746990390936,1.766535517980316,218.0
8.32,15.1853,0.1507,0.1507,0.0524,235.79522770414772,287.0550598137451,634.7161608293288,259.85272958935724,299.20834827080574,201.15020237148087,364.9624746864992,1.762367230225846,218.0
8.34,15.2426,0.1538,0.1538,0.0521,236.72463296702816,288.1865096989908,635.7777755130193,261.0290113976659,302.41277068049914,201.7343552163734,366.1623838327433,1.766534268891797,218.0
8.36,15.3465,0.1567,0.1567,0.0501,237.65269447356795,289.3163237069523,637.5652790108137,262.2107586118058,305.2850517353448,202.3798363267328,367.29361805477714,1.7683905454960291,218.0
8.38,15.4689,0.1596,0.1596,0.05,238.59592219216432,290.46460092959137,639.6509963715819,263.4165181658468,308.09631255033764,203.0549345618288,368.4145445154656,1.769422803552523,218.0
8.4,15.6305,0.161,0.161,0.0511,239.2332103754664,291.2404300223069,642.3508119775669,264.2039722588819,309.2300175632923,203.64141479884032,369.083965341754,1.7660514119149535,218.0
8.42,15.6998,0.1599,0.1599,0.0512,239.17869043637452,291.17405792254294,643.5879163713363,264.0205674866201,307.93012390306524,203.78994880609625,368.9891799643098,1.7616632603982043,218.0
8.44,15.6425,0.1595,0.1595,0.0521,239.1378321276377,291.1243173727763,642.8477407691475,263.83439381888206,307.6281049743344,203.7746931284721,369.0805417198968,1.7635335839876332,218.0
8.46,15.5515,0.1592,0.1592,0.053,239.0795899537356,291.0534138567216,641.5748435638349,263.6184718018713,307.5008828175662,203.7057402413315,369.1953057432734,1.7669299675605257,218.0
8.48,15.4534,0.1606,0.1606,0.0515,239.40442262815628,291.4488623299294,640.1677246633012,263.93202427959403,309.1798504765711,203.8018924724153,369.8193273100768,1.773873810757694,218.0
8.5,15.3115,0.1613,0.1613,0.052,239.5096813846408,291.5770034247801,638.071093843584,263.9381252860936,310.21298945791983,203.73821234652624,370.22380725924216,1.7812427906519088,200.0
8.52,15.1875,0.1601,0.1601,0.0509,239.1963853126454,291.19559951104657,636.2356402379892,263.3667052931538,309.21339571787547,203.5066179191228,370.0623007462575,1.7844076575294374,200.0
8.54,15.0851,0.1575,0.1575,0.0509,238.58361529476508,290.44961861971404,634.7431642532657,262.3826998353207,306.6845766287188,203.16474024605583,369.4760788130748,1.7840411887462566,200.0
8.56,14.9615,0.1548,0.1548,0.0519,237.91338954226163,289.63369161666634,632.9075674101534,261.3181429775584,304.0795055953145,202.76497511186344,368.8422462484416,1.784297237072043,200.0
8.58,14.8018,0.1493,0.1493,0.0529,236.51776586738444,287.9346714907289,630.474579192498,259.2487212951972,298.532086250395,201.9758970400803,367.299334766507,1.780483807536596,200.0
8.6,14.5125,0.1437,0.1437,0.0541,234.89797766052067,285.9627554128078,625.8983067180004,256.8569462967976,293.07671914035603,200.89456417580885,365.64036680946464,1.7816759556183042,200.0
8.62,14.0426,0.1402,0.1402,0.0543,233.52535284212703,284.2917338947634,618.2337924677151,254.7874565151658,290.2352157869648,199.6647375702466,364.5956200717059,1.7950683819292554,200.0
8.64,13.6702,0.1393,0.1393,0.0561,232.89908294294028,283.5293183653186,612.0824298798854,253.7756690769934,290.0412573620427,198.9152899412062,364.431670192054,1.8100987069629293,200.0
8.66,13.4233,0.139,0.139,0.056,232.57938464745905,283.1401204403849,607.9814202322474,253.20770997302023,290.24967673716645,198.48594717624437,364.4935645837933,1.8211033140726556,200.0
8.68,13.3348,0.1387,0.1387,0.0529,232.48510264923857,283.0253423555948,606.5656862423142,252.95730401053208,290.11472431824,198.388598682196,364.5860823645393,1.8250118474144077,200.0
8.7,13.3213,0.1399,0.1399,0.0522,232.87204541861257,283.496403118311,606.4644873959699,253.37823192012996,291.47196202941063,198.6285888660459,365.2044612327528,1.8285888111931643,200.0
8.72,13.4145,0.1436,0.1436,0.0533,234.02359672448844,284.89829166459464,608.2254129874643,254.8661475268396,295.332804731818,199.3865922671,366.6777472405009,1.8323723756722332,200.0
8.74,13.5245,0.1461,0.1461,0.056,234.90262822097063,285.9684169646599,610.2805807660718,255.97151666819056,297.81183488815924,200.0347393392489,367.7366987094592,1.832797397798751,200.0
8.76,13.618,0.1473,0.1473,0.0575,235.4428213336805,286.6260433627415,612.0353349611365,256.602566262058,298.9022950857228,200.496646032377,368.3596825282493,1.8313483246776137,200.0
8.78,13.6024,0.1455,0.1455,0.0584,235.10601873656475,286.21602280973104,611.9125079385735,256.0097128782644,296.97503675226284,200.3860870656674,367.9805058446192,1.828793201555568,200.0
8.8,13.5335,0.1435,0.1435,0.0572,234.6357309846114,285.6434985899617,610.8576860916205,255.2330074452081,294.9422068892706,200.1362564226406,367.5166790858012,1.8282568161002808,200.0
8.82,13.5377,0.1415,0.1415,0.0585,234.27050593744573,285.1988767934122,611.076684663071,254.6044799218185,292.73847251769666,200.0383841242121,367.0583235862789,1.8242968325179896,200.0
8.84,13.415,0.1361,0.1361,0.0603,232.86611893958528,283.4891882742777,609.108515671193,252.53552004206213,287.040812549155,199.2575722429396,365.3910502849844,1.818852180613679,200.0
8.86,13.1091,0.129,0.129,0.0612,230.71207199186765,280.8668702509693,603.9167909612927,249.4303823498377,279.7423428501924,197.83987905205151,363.00047110789967,1.8178736924211087,200.0
8.88,12.7363,0.1225,0.1225,0.0603,228.54474749602213,278.22838825602696,597.4372989452726,246.31218014302303,273.12743824012904,196.29903074216224,360.6975957847994,1.821199420530276,200.0
8.9,12.3799,0.115,0.115,0.0616,226.0550817583988,275.1974908363116,591.1493994655854,242.76328869075448,265.1659902425329,194.59757917892165,357.87573513940595,1.821076897967734,200.0
8.92,12.152,0.1108,0.1108,0.0627,224.6220066577908,273.452877670354,587.1161723139544,240.67728180932835,260.6824403341922,193.59998984930024,356.3023000271441,1.8224168800143643,200.0
8.94,12.0326,0.1107,0.1107,0.0638,224.51208024338516,273.3190542093384,585.0488489850401,240.40864396491563,260.81595242746715,193.43081908380108,356.43635886146524,1.8286409956703973,200.0
8.96,12.0426,0.112,0.112,0.065,225.00503861433728,273.91917744354106,585.3729474024449,240.97212571069053,262.341893733807,193.7618459088997,357.181827295326,1.831796278699995,200.0
8.98,12.1344,0.1142,0.1142,0.0659,225.87844389881784,274.9824534420391,587.2062687564986,242.0599202884385,264.75023920002724,194.40774708754665,358.30840651900206,1.8329868563007212,200.0
9.0,12.3745,0.118,0.118,0.0678,227.42035468764303,276.859562228435,591.7527104179428,244.0705961081585,268.69267417604823,195.6083682669837,360.09117332554587,1.8305361142311996,150.5
9.02,12.8032,0.1177,0.1177,0.0684,228.09849725141476,277.6851270886788,599.6202770217744,244.9295562091328,267.46346886246937,196.64982086793856,360.2650286535299,1.8091297877029429,150.5
9.04,13.2747,0.1122,0.1122,0.0689,227.28897753579767,276.6996248261885,608.0800104191893,243.85776644985512,260.1515856264565,197.0142377741061,358.3272384881853,1.7735985454469887,150.5
9.06,13.5387,0.1067,0.1067,0.0689,226.07498552566105,275.2217215095004,612.7956397171183,242.2658214543233,253.21790142267423,196.87210809987369,356.24455366267154,1.74774641374556,150.5
9.08,13.5864,0.1069,0.1069,0.0694,226.3006391831578,275.49643030993127,613.7553195527006,242.48278590143352,253.3808449306923,197.12325940478075,356.5394164176337,1.746466435564509,150.5
9.1,13.5646,0.1093,0.1093,0.0689,227.11289308338223,276.48526114498713,613.5097475720344,243.43265400205243,256.2537968979398,197.5619982960983,357.7648426533677,1.7540452298980502,150.5
9.12,13.5319,0.1108,0.1108,0.0693,227.63066274839224,277.11558943282535,613.0816960838805,243.99563778806063,258.0776183120271,197.83760800288613,358.5920634754397,1.7597308613897351,150.5
9.14,13.4747,0.1111,0.1111,0.0681,227.75502281396209,277.26698429525817,612.216596028964,244.0335037857313,258.5413053339971,197.88181422279172,358.90574651450964,1.7635146975404976,150.5
9.16,13.3512,0.1113,0.1113,0.0678,227.76410116317908,277.27803619865284,610.2014315304386,243.8945235442852,259.0082726276499,197.76925919904903,359.1637785295821,1.770104963289664,150.5
9.18,13.2638,0.113,0.113,0.0678,228.2571927199871,277.87832157215826,608.807129417728,244.40965982941563,261.15903435565303,197.95103922808585,360.05338176628896,1.7788232772843,150.5
9.2,13.0971,0.1182,0.1182,0.0678,229.6257693670192,279.54441488158864,606.009684986579,246.07278059387164,267.49785974799494,198.45009458079625,362.330959225595,1.7998024762245044,150.5
9.22,12.9303,0.1252,0.1252,0.0677,231.404466935612,281.7097858346581,603.1851170848624,248.3261073664052,275.82437622610985,199.1525249319972,365.21713464329616,1.8246407810702,150.5
9.24,12.8718,0.1314,0.1314,0.0691,233.0420739391052,283.70339436064984,602.2831564492584,250.4406138598818,282.92141662827794,199.9429535008388,367.70835022798354,1.84183206653208,150.5
9.26,13.024,0.137,0.137,0.0701,234.8020644807938,285.845991541836,605.1245974312085,252.7492984328598,288.8124635380252,201.0975021351005,369.9432582313495,1.847111124298465,150.5
9.28,13.1203,0.1423,0.1423,0.071,236.36243888804975,287.74557777675625,606.9623512740263,254.7860501481932,294.40887535716445,202.06731433929724,371.9964661739479,1.854094011329681,150.5
9.3,13.1833,0.1468,0.1468,0.0718,237.6475005026132,289.3100006118769,608.207032930214,256.44656852293923,299.1422947570984,202.8513119011519,373.7218647924657,1.860727817987654,150.5
9.32,13.1696,0.1485,0.1485,0.0723,238.1344023161569,289.9027506457562,608.099073932092,257.00374209058066,300.9935565411414,203.1361394046774,374.48226710504105,1.8651887778527605,150.5
9.34,13.0486,0.1475,0.1475,0.0709,237.8107456535546,289.50873383910994,606.081848156652,256.43975974018747,300.1752928356783,202.87344148461145,374.33087612957246,1.86934391638278,150.5
9.36,12.8019,0.1476,0.1476,0.0681,237.5260771600725,289.1621808905231,601.7952217691668,255.94404079684995,300.8235124220971,202.4483281349411,374.513607940241,1.8818794959805265,150.5
9.38,12.5557,0.1486,0.1486,0.0693,237.4352573288043,289.0516176176748,597.4929783666058,255.7327067993317,302.4480993428251,202.1160802943368,374.9910838353765,1.89635906072039,150.5
9.4,12.3997,0.1492,0.1492,0.068,237.3971737412146,289.0052549893047,594.7682212785735,255.58915920935303,303.4441832093632,201.93955190748324,375.3550749654724,1.9057806241150288,150.5
9.42,12.2901,0.1479,0.1479,0.065,237.004919990864,288.5277286845301,592.8607060808588,254.93751302601453,302.2854988230608,201.6542188560922,375.1053051982759,1.9091730450597844,150.5
9.44,12.1374,0.1454,0.1454,0.0645,236.2540283181912,287.61359969171104,590.1622846801779,253.79110534590356,299.91770451984235,201.1254268868756,374.441152014922,1.9123115332272769,150.5
9.46,11.9173,0.1427,0.1427,0.0647,235.31817430915456,286.4742991589708,586.1845668083511,252.40462477985864,297.4730485102476,200.4021434363373,373.6793042554419,1.9185664055739,150.5
9.48,11.6305,0.1401,0.1401,0.0663,234.25890679485948,285.1847560980898,580.901755461083,250.87054090258732,295.2786639568549,199.51294237204104,372.9191197232663,1.928698927441093,150.5
9.5,11.2919,0.1363,0.1363,0.0675,232.78595428791465,283.3915965244178,574.5277208157701,248.77908191948296,291.8598419357561,198.32916922737093,371.7053095898785,1.9394202660980584,163.5
9.52,10.8965,0.1311,0.1311,0.0679,230.81651801099375,280.9940219264272,566.8989802445324,246.0199667142938,286.96222426478914,196.792820131719,369.9296803800864,1.9506818259549283,163.5
9.54,10.529,0.1243,0.1243,0.07,228.45610383749548,278.12047423695105,559.6714069587522,242.70657772506848,280.0710716300675,195.0729811251008,367.4788982750231,1.956987953698977,163.5
9.56,10.2265,0.1186,0.1186,0.0707,226.44384975298857,275.6707736123339,553.6119071380607,239.87150292098104,274.1627952659568,193.61314408125563,365.3579751449132,1.9620672802322616,163.5
9.58,9.9775,0.1147,0.1147,0.0723,224.96741570206692,273.8733756372989,548.5661226600579,237.78193621851904,270.15376905048544,192.50425275282512,363.8993119056816,1.9682753196501832,163.5
9.6,9.8283,0.1129,0.1129,0.0735,224.24778200516408,272.9972998323737,545.5508289917587,236.7212001206477,268.3642488998178,191.9462859630165,363.3029547574539,1.9735707601702004,163.5
9.62,9.7794,0.1146,0.1146,0.0737,224.67260264577712,273.5144727861635,544.6295883572272,237.23799113050197,270.5079418970687,192.15769233910157,364.1877715699004,1.9813661420282516,163.5
9.64,9.8608,0.1171,0.1171,0.0737,225.61147051604087,274.6574423673542,546.4637801769048,238.4091230709256,273.26080217145915,192.84341354593693,365.4252824018368,1.982775885034308,163.5
9.66,10.0558,0.121,0.121,0.0712,227.16119991766757,276.5440694649866,550.6452067669439,240.3855358673273,277.3444287630239,194.0263188727833,367.2306738577266,1.980426273666272,163.5
9.68,10.36,0.1248,0.1248,0.0537,228.9005808907456,278.6615767365599,556.8948690454806,242.57763646204327,281.0004690258236,195.4739044208844,368.9842077650416,1.971571721921488,163.5
9.7,10.7215,0.1296,0.1296,0.0524,230.9899373890589,281.2051411692891,564.3279605267315,245.2481766592124,285.59164424898387,197.17115453304564,371.08683349187385,1.9615049146563792,163.5
9.72,10.9016,0.1316,0.1316,0.0578,231.9755949590565,282.4050721240688,568.0840641418224,246.44334225204267,287.39922144643504,198.00943221411856,372.0660244549076,1.9558219503970924,163.5
9.74,10.9233,0.1314,0.1314,0.0619,232.0817676765814,282.53432586714257,568.6646689107395,246.4618717076408,287.1044997803418,198.15433800617697,372.1914459526522,1.9544431536095987,163.5
9.76,10.8254,0.131,0.131,0.0653,231.87878405962883,282.28721537693946,566.8605700641775,246.0937374722406,286.8719985818671,197.9603983367676,372.21229347332405,1.9595208388274152,163.5
9.78,10.6986,0.1313,0.1313,0.0678,231.77515125871915,282.1610537062668,564.4568886050329,245.88280491511549,287.50187445380584,197.7748563583828,372.48339711503945,1.9679240516733103,163.5
9.8,10.6686,0.1321,0.1321,0.0715,232.0049548410626,282.4408145891197,563.9986884452094,246.1013879423683,288.4593414802636,197.9069638326082,372.9626258528757,1.97178283063433,163.5
9.82,10.7169,0.1317,0.1317,0.0747,232.124183705452,282.5859627718546,565.1110300824788,246.1237241758444,287.8730858701973,198.0981398947552,373.0204352375857,1.9683963588446725,163.5
9.84,10.8024,0.1307,0.1307,0.0748,232.17668754394828,282.64988048828485,566.9390648052291,246.0374521221411,286.5258109565908,198.3116604245516,372.8648047265464,1.961593522686408,163.5
9.86,10.8653,0.1306,0.1306,0.0725,232.39072468932747,282.91044744787695,568.2891841668435,246.1932991129397,286.25244593582704,198.57697792229283,373.0353051358196,1.9581937787774777,163.5
9.88,10.9608,0.1304,0.1304,0.0667,232.6458450688797,283.2210287795058,570.2529019074427,246.39716993285384,285.79521708348324,198.9141041429561,373.176409592605,1.9528042551241087,163.5
9.9,10.9911,0.1305,0.1305,0.0648,232.8358114685352,283.4522922225646,570.9515443147999,246.534099898882,285.8263993856879,199.117763908656,373.41222387494,1.9517476468921695,163.5
9.92,10.9487,0.1317,0.1317,0.0625,233.13593487203076,283.81765984421133,570.2059989705303,246.85188555317737,287.26312759975207,199.26998828034425,374.0370663908978,1.9573103819962343,163.5
9.94,10.9287,0.1324,0.1324,0.0657,233.3663706264417,284.098190327842,569.94917477863,247.06320800610595,288.0781139955525,199.4168286226132,374.4806273369118,1.9603392613599215,163.5
9.96,10.9023,0.1328,0.1328,0.0674,233.50853918776883,284.2712650981534,569.5517058191253,247.15310656998605,288.5724413671266,199.5087601979081,374.811365756892,1.9631074058860345,163.5
9.98,10.9201,0.1332,0.1332,0.0689,233.74674176148469,284.56125084006834,570.0315502485847,247.3610291933944,288.96197097071627,199.71679903124112,375.1528141042464,1.9633342758873245,163.5
10.0,10.9693,0.1331,0.1331,0.0678,233.9310884411249,284.7856728848477,571.1126931321496,247.48177706959697,288.7218678510064,199.94491574881744,375.3187200541633,1.9607219375720453,208.5
10.02,10.9361,0.1338,0.1338,0.0665,234.1269324536284,285.0240916826781,570.5554773199043,247.64983077151547,289.56739706404176,200.0557798078655,375.75620934259473,1.9646020260038644,208.5
10.04,10.93,0.129,0.129,0.0698,233.05695133329584,283.72150597096885,570.5743807584402,246.0318728582129,284.1868296848894,199.5446298098112,374.1629976263215,1.95459358324817,208.5
10.06,10.9683,0.1196,0.1196,0.0724,230.8560352706102,281.0421298946559,571.4695193104621,242.85718043421255,273.3823690224075,198.50516516585336,370.697049080042,1.930837026287455,208.5
10.08,10.9162,0.1101,0.1101,0.0713,228.2788532122214,277.9046908670522,570.5368990295566,239.2356293697197,262.40839007239384,197.11990995604447,366.9013844273688,1.9106599886674387,208.5
10.1,10.7706,0.1101,0.1101,0.0709,228.08674133734385,277.6708155411143,567.7339289348422,238.8749023133636,262.7069743098132,196.84756983216948,367.0489530759941,1.9194957442691485,208.5
10.12,10.7541,0.1115,0.1115,0.0702,228.53914968906565,278.22157353451473,567.5076720292394,239.3824837405187,264.3894198068892,197.11899925564785,367.8322519071123,1.924450106786444,208.5
10.14,10.7548,0.1148,0.1148,0.0702,229.53793026844093,279.43748032679764,567.6326823354041,240.63538920751225,268.2506635980272,197.70711006160045,369.4142641383104,1.9331006134172888,208.5
10.16,10.8137,0.1184,0.1184,0.0713,230.71853932062737,280.8747435207638,568.9352020179981,242.1322107535208,272.2944341323006,198.4790930491472,371.1000345444525,1.938869476971758,208.5
10.18,10.9123,0.1208,0.1208,0.0716,231.65131683984217,282.010298761547,571.0195347093106,243.28320289667144,274.8330475569091,199.1788440665813,372.27958859080513,1.9393179197018808,208.5
10.2,11.0368,0.1228,0.1228,0.0719,232.52615633665383,283.0753207576656,573.6066332657313,244.35070076146584,276.83903698895455,199.88562021665072,373.2917793933635,1.9373045792521344,208.5
10.22,11.0485,0.1274,0.1274,0.0707,233.8162480851849,284.64586723413817,573.9395277934808,246.0106718109976,282.0121294048536,200.636485897512,375.2695290833969,1.9477211126697365,208.5
10.24,11.0603,0.1321,0.1321,0.0695,235.09804031100452,286.2063099438316,574.2741519375771,247.66728036400497,287.2340357182075,201.38104002199168,377.2305752162787,1.9580467322614272,208.5
10.26,11.2169,0.1335,0.1335,0.0727,235.87224022533576,287.1488141873653,577.4965049932774,248.58480002390328,288.42139893590604,202.0753894590587,377.9737690177976,1.9526000514508413,208.5
10.28,11.4779,0.1329,0.1329,0.0723,236.361638150811,287.7446029662047,582.688503128535,249.09633764889327,287.1743190042306,202.7797919724674,378.00299683777297,1.9371936973980264,208.5
10.3,11.6593,0.1335,0.1335,0.0715,236.9683089140801,288.48315867801057,586.286470329041,249.79354347833103,287.4378393205211,203.4240765736808,378.4543610634822,1.9290459930119144,208.5
10.32,11.9963,0.1358,0.1358,0.0716,238.2790247910278,290.07881278907735,592.8011974874496,251.45075913733908,289.24403263718176,204.6606143908591,379.5619237037491,1.916496059255016,208.5
10.34,12.4297,0.1392,0.1392,0.0703,240.0017038652894,292.17598731426534,600.9778586835874,253.6842155256434,292.0421874753719,206.2428599846121,381.070702925296,1.9018353039011424,208.5
10.36,12.8464,0.1401,0.1401,0.0668,241.03981199174095,293.4397711203803,608.6679064038811,255.01660329739127,292.17892296587735,207.44679414321791,381.6697265709216,1.88342149726589,208.5
10.38,13.1908,0.1414,0.1414,0.0539,242.0162632168497,294.6284943509475,614.8581554090503,256.27587064759354,292.91054058823335,208.5100689023245,382.3896382075994,1.8701235232000093,208.5
10.4,13.4236,0.1443,0.1443,0.0497,243.1960608229593,296.0647696975157,619.0609223779472,257.78934496146445,295.5496116953149,209.50062993998156,383.6366093052374,1.8655716169547452,208.5
10.42,13.6319,0.1491,0.1491,0.05,244.78474323681797,297.99881785351755,622.8280620205234,259.8412417058295,300.20288098201945,210.649199788374,385.5032992778364,1.865973503446672,208.5
10.44,13.8202,0.1554,0.1554,0.0526,246.6691180633715,300.2928393814957,626.2333036968108,262.28330276474435,306.3840599096988,211.9049291791571,387.8103714307674,1.8700476522264,208.5
10.46,13.997,0.1596,0.1596,0.0598,248.0202013745328,301.937636455953,629.4478685959374,264.01494838423304,310.346638348374,212.8768305578849,389.3822995998655,1.8703074232305197,208.5
10.48,14.0994,0.1606,0.1606,0.0643,248.51253375843012,302.5369976189585,631.351508615715,264.58506964968376,311.15823679528603,213.3241532415541,389.90801699496194,1.8678875549152287,208.5
10.5,14.2402,0.1623,0.1623,0.0658,249.2181512384904,303.39601020337966,633.8783086653694,265.4490977292999,312.60997454559305,213.92975908844477,390.6592164927733,1.865153164399168,215.5
10.52,14.4113,0.1643,0.1643,0.0721,250.03529344107932,304.390792015227,636.9359365440041,266.4710409141346,314.2991461346326,214.62947899481048,391.5047397468739,1.861590791928314,215.5
10.54,14.6462,0.1664,0.1664,0.075,250.959225305032,305.51557863221285,641.0146149103178,267.6547991867831,315.9671052779153,215.47040741959643,392.3871048005614,1.8555726312248704,215.5
10.56,14.8388,0.1693,0.1693,0.0766,251.99198386440275,306.7728499218816,644.3468565712153,268.9713092342894,318.5046861370435,216.2999127766095,393.4961452051952,1.8529384947304213,215.5
10.58,14.956,0.1705,0.1705,0.0793,252.53205772958404,307.4303311490588,646.4217731895234,269.6136760545812,319.4724478626304,216.78607790291065,394.0691467532273,1.8504524571303105,215.5
10.6,15.0044,0.1722,0.1722,0.0795,253.08290623049996,308.1009293240869,647.3407206542496,270.24683603091404,321.0583924996755,217.1796295369793,394.7757491319471,1.8518106601207935,215.5
10.62,15.1462,0.1739,0.1739,0.0791,253.76178489701604,308.92739030941084,649.7842482506462,271.0806280611757,322.4710067183845,217.76547902235336,395.49632386748567,1.8492585520248463,215.5
10.64,15.4126,0.1756,0.1756,0.0789,254.606694367387,309.9559757516016,654.2375743826587,272.1799364531903,323.65855457656494,218.60357533710732,396.23647872418616,1.8416111418693144,215.5
10.66,15.5692,0.1745,0.1745,0.0794,254.67678842481047,310.0413076475954,656.8890266253375,272.22673172456734,322.2914489952813,218.9221444207515,396.13070317153694,1.8336570527737788,215.5
10.68,15.5826,0.1743,0.1743,0.0779,254.7537630244775,310.1350158558857,657.2162975881113,272.2251807296799,322.0597584718472,219.0425381751701,396.262046469658,1.833147666960058,215.5
10.7,15.5011,0.174,0.174,0.0795,254.68496065945368,310.0512564549871,656.0361937913118,271.993849231315,321.8908637354216,218.9597574923608,396.3455039958417,1.83626144486468,215.5
10.72,15.4365,0.1739,0.1739,0.0778,254.68021303671264,310.0454767403458,655.1022620896754,271.8529347647288,321.8917579383248,218.93130772648303,396.4909173786471,1.8391107816672936,215.5
10.74,15.4426,0.1745,0.1745,0.0789,254.92679366410343,310.345661851952,655.329319811953,272.0699114033989,322.45602622282564,219.11987668794347,396.8567539456343,1.8402587248303337,215.5
10.76,15.4164,0.1733,0.1733,0.0785,254.72844262464156,310.1041910213027,655.023200888686,271.6929061652688,321.3086862889919,219.05413865627503,396.68259643355685,1.8395818984296424,215.5
10.78,15.3606,0.1718,0.1718,0.0791,254.4220672542446,309.7312123095152,654.242808499157,271.1634376126962,319.9136799106428,218.894847359894,396.4101200563457,1.8395597718364745,215.5
10.8,15.271,0.1705,0.1705,0.0783,254.1121953500237,309.353976947855,652.8998395528034,270.6152115038328,318.77151234867625,218.6853386548796,396.18748685895577,1.841307304362587,215.5
10.82,15.2308,0.1696,0.1696,0.0801,253.9589993872153,309.1674775148708,652.3759879430135,270.29273685464136,317.9359838126431,218.61875558046657,396.092629124778,1.8416847194977968,215.5
10.84,15.2061,0.1696,0.1696,0.0796,254.02857743227088,309.252181221895,652.0883089616825,270.2662118142928,317.9655174695164,218.67990578897107,396.2729756503922,1.8430787647142304,215.5
10.86,15.1284,0.17,0.17,0.0799,254.1161641423525,309.3588085211248,650.9371011293913,270.2408096260208,318.4806656489806,218.6734046327124,396.56422159288894,1.8473923422215688,215.5
10.88,15.0017,0.1707,0.1707,0.0801,254.2005300205276,309.4615148075988,648.9734021473175,270.192362996131,319.37684629491827,218.59502154449396,396.9361593018943,1.854325438849432,215.5
10.9,14.9239,0.1721,0.1721,0.0796,254.50504493372733,309.83222861497245,647.8028504097267,270.4525587496815,320.87888357497286,218.69117461824789,397.5272476330064,1.860484712104626,215.5
10.92,15.0114,0.1722,0.1722,0.0808,254.75530707017668,310.1368955636934,649.3740295766903,270.70539961851256,320.809038665398,218.99748134978955,397.758902728421,1.8573015458092288,215.5
10.94,15.2167,0.1712,0.1712,0.0805,254.91967293165385,310.33699313418725,652.8609543376633,270.89725272812234,319.45817295940583,219.4318171252484,397.6818754597647,1.8472842568056216,215.5
10.96,15.377,0.1694,0.1694,0.081,254.830877271346,310.2288940694648,655.5958350660923,270.7503395570313,317.4010164827581,219.6820042851396,397.3501838844324,1.837767630607911,215.5
10.98,15.3707,0.1679,0.1679,0.082,254.58245966666567,309.92647263768,655.6185939726192,270.323190347122,315.9169109004445,219.6182195559172,397.0729212250776,1.8356517075694576,215.5
11.0,15.1877,0.167,0.167,0.0826,254.2347392068856,309.50316077359986,652.7542325200537,269.6830452870779,315.3171597071872,219.25287963239063,396.9431272413793,1.841945108414533,182.5
11.02,14.9756,0.1651,0.1651,0.0806,253.6096718792212,308.7422092442693,649.3677222965806,268.6731521946211,313.77401778873457,218.71201546850412,396.49403832297264,1.847766127658371,182.5
11.04,14.9056,0.1599,0.1599,0.0784,252.40060907683335,307.27030670223195,648.3102264980458,266.979257505459,308.6806004124286,218.0946290670657,395.01539090765306,1.8414298896279464,182.5
11.06,14.9478,0.1547,0.1547,0.0818,251.31298837830505,305.94624672141487,649.1491580224659,265.50931947897334,303.34994901321863,217.6950592071436,393.5096755382464,1.8299673430722807,182.5
11.08,15.058,0.1508,0.1508,0.0826,250.59557536747545,305.0728743604049,651.090969140794,264.5626424876496,299.19700866392026,217.5733395996423,392.4062962817782,1.8179948679628457,182.5
11.1,15.2134,0.1534,0.1534,0.0828,251.5369712449828,306.2189215156312,653.7618343588894,265.74684109075287,301.5912691711451,218.31405726577276,393.488677583927,1.8169536511501243,182.5
11.12,15.329,0.1581,0.1581,0.086,252.93281443709463,307.9182088799413,655.789504215025,267.48311222558215,306.1429402538074,219.20996350200733,395.2375622387883,1.821527378799102,182.5
11.14,15.3124,0.1602,0.1602,0.0848,253.5164820124303,308.6287607107847,655.6271702377965,268.11367420756415,308.26529239706315,219.5255757077874,396.09298908392026,1.826571646271604,182.5
11.16,15.1565,0.1584,0.1584,0.0835,252.98413301702325,307.9806836728979,653.1821731957041,267.2488272442944,306.70091994010124,219.106062260646,395.6611434161492,1.8300247669641807,182.5
11.18,14.9899,0.1561,0.1561,0.0816,252.31082595206183,307.161005506858,650.538613532481,266.1996857478049,304.64345903808504,218.60097934312503,395.0561433822392,1.8330164241097515,182.5
11.2,14.8695,0.1544,0.1544,0.0798,251.83766789010247,306.5849869966465,648.6443934460455,265.4313426809107,303.1091183009708,218.2573287003471,394.64904547405234,1.8352276986720475,182.5
11.22,14.7491,0.1574,0.1574,0.0779,252.49717193847312,307.3878614903151,646.7384539765357,266.1056201249644,306.3240403902621,218.45876017710424,395.79237910132383,1.8465709180493923,182.5
11.24,14.6287,0.1573,0.1573,0.0768,252.4053969135928,307.2761353730695,644.8269973449229,265.82550782031245,306.4092682034918,218.2976030791316,395.9140267261416,1.8519617278654372,182.5
11.26,14.7127,0.1558,0.1558,0.0781,252.2630898984988,307.1028920503464,646.3587104223124,265.58594389729325,304.74777730461136,218.4118999934053,395.61582982554,1.84576696668182,182.5
11.28,14.6355,0.1563,0.1563,0.0795,252.3768006167294,307.24132248993146,645.1871415287355,265.5900021786438,305.3655417314327,218.4122722759984,395.942973920884,1.850403848472246,182.5
11.3,14.3759,0.1607,0.1607,0.0779,253.1413501853389,308.1720784864995,640.9023253745372,266.34405106878245,310.2049638215564,218.46023388618275,397.5000292123339,1.8705519174282836,182.5
11.32,14.1524,0.1643,0.1643,0.0815,253.73116826382093,308.8901178863907,637.2238453748442,266.91306646180834,314.1618663151172,218.47642520683752,398.7786762178143,1.8875311431861892,182.5
11.34,14.1477,0.1571,0.1571,0.0844,252.1615144526812,306.9792349858728,637.2754542076351,264.7767258036941,306.9372013771957,217.76176945420977,396.6384730382633,1.874480834509742,182.5
11.36,14.248,0.1527,0.1527,0.0823,251.3571929075033,306.00006093087364,639.0896594220601,263.6892173604625,302.3036244499893,217.57660793851184,395.3732903455275,1.8618371424250373,182.5
11.38,14.3293,0.1846,0.1846,0.0869,258.71016883358146,314.95150988436006,640.6213419207845,273.1685202917779,333.6102105834256,221.31915281686264,405.4431180029114,1.916352133276359,182.5
11.4,14.2889,0.1553,0.1553,0.0846,252.2413810905592,307.0764639363329,640.0273063170274,264.63602320875333,304.84690009346593,218.18476854210627,396.6029709139276,1.8657598533245676,182.5
11.42,14.0161,0.1565,0.1565,0.0833,252.215438532674,307.044881691951,635.4442808503712,264.3758708698734,306.49868688255106,217.82514171530448,397.1194746861737,1.8807338924276504,182.5
11.44,13.6701,0.1473,0.1473,0.0849,249.57111172955476,303.8257012359797,629.5416926010685,260.7275046306064,297.6810236363994,216.0589242282062,394.1056011206168,1.878821803823523,182.5
11.46,13.4383,0.1436,0.1436,0.0854,248.39302579962012,302.39150966910285,625.5649066447319,259.01460637014725,294.2256899070235,215.17734720741612,392.9282815863288,1.8824990827744716,182.5
11.48,13.3752,0.15,0.15,0.085,249.95051190637207,304.2875797121051,624.5490128425496,260.8896919670542,300.92811215516593,215.9158296689736,395.3225052021203,1.8988632164427235,182.5
11.5,13.1788,0.1604,0.1604,0.0747,252.1204777647428,306.9292772788173,621.0684960348149,263.5497560087231,311.8239590993557,216.7633776803256,398.91462412934,1.929051656886044,202.5
11.52,13.3709,0.1594,0.1594,0.0802,252.32984186155127,307.1841553097146,624.6516965180545,263.7677303603845,310.4539230900205,217.20772894713423,398.80840496559466,1.9181762466351369,202.5
11.54,13.0493,0.1618,0.1618,0.0395,252.3710715613368,307.2343479877144,618.6810650137655,263.63151735181816,313.4525093073855,216.82073576623,399.68732654184345,1.9394458705816653,202.5
11.56,12.7724,0.1537,0.1537,0.0776,250.1599395706738,304.54253512951595,614.0377545451223,260.5605661040514,305.7153655747452,215.33631335721748,397.1386057589963,1.9372192575167173,202.5
11.58,12.3515,0.1518,0.1518,0.0687,249.02182191959056,303.1570005977624,606.2817977739327,258.87782687163025,304.5309428149631,214.1815202042439,396.5720269242881,1.955459190873958,202.5
11.6,12.2637,0.1499,0.1499,0.0625,248.5047889911432,302.52756920660914,604.6900710050224,258.0741653189263,302.7254856589171,213.84060681355376,396.07518906369774,1.9567516057326169,202.5
11.62,12.2162,0.1484,0.1484,0.0685,248.1648065693369,302.113677562671,603.9466965314232,257.5114781568485,301.241735177144,213.64510349070588,395.7187607234572,1.9564633814935584,202.5
11.64,12.1557,0.1468,0.1468,0.075,247.77355266805068,301.63736846545305,602.9593051303781,256.88007777830853,299.6730049783307,213.4024152081613,395.3189366046011,1.9566283321115845,202.5
11.66,12.0814,0.1447,0.1447,0.0808,247.23297034178765,300.97926824217626,601.7008925450144,256.0508353172615,297.60338518581386,213.0609180752446,394.7326638650846,1.956497602088745,202.5
11.68,12.0711,0.1421,0.1421,0.0839,246.6893387425188,300.31745586045764,601.632212872211,255.2300143764309,294.8849305919294,212.81576073377815,393.9716319440863,1.951954196146685,202.5
11.7,12.0366,0.1385,0.1385,0.0866,245.84420397323308,299.2885961413272,601.1000644037154,254.014047985802,291.1404503678758,212.3764588074044,392.821253638204,1.9464959787590548,202.5
11.72,11.927,0.1365,0.1365,0.0887,245.23535139580815,298.54738430794043,599.1278313920482,253.09239191417785,289.2013665681522,211.9415980893312,392.2220604885817,1.948378673866349,202.5
11.74,11.7783,0.1377,0.1377,0.0908,245.33444573624573,298.6680208962992,596.389981905422,253.08835059893693,290.7260214192286,211.81317349706,392.80156324038734,1.9593115751592587,202.5
11.76,11.6481,0.1393,0.1393,0.093,245.5560698612153,298.9378241788708,593.9891488052962,253.25471122355984,292.64010768488566,211.77745948667032,393.528998770634,1.970163137546836,202.5
11.78,11.5464,0.1418,0.1418,0.0929,246.03680668434785,299.5230690070322,592.1081083898742,253.7724433000423,295.4470712034715,211.92278425526283,394.5840524074532,1.981426082373405,202.5
11.8,11.5067,0.1438,0.1438,0.0936,246.5183127824496,300.1092503438517,591.4372811896691,254.3004830457497,297.6003197578089,212.16411123694823,395.4627611340805,1.9881521823896051,202.5
11.82,11.5866,0.1458,0.1458,0.0944,247.24922196466636,300.9990528265503,593.1033855335655,255.1651583902642,299.515741837807,212.7193621294507,396.3635683592368,1.9881850883595769,202.5
11.84,11.7933,0.1477,0.1477,0.0948,248.21779100532268,302.1781803543059,597.2127010960459,256.35280120654824,301.0782877633253,213.59135322443825,397.2531065110713,1.9810769340333767,202.5
11.86,12.0026,0.1467,0.1467,0.0962,248.50696265058784,302.53021540071563,601.3377133546281,256.65180635923,299.63753623410366,214.1128409602812,397.12363401574817,1.9681083078404835,202.5
11.88,12.0161,0.1438,0.1438,0.0956,247.94208011332455,301.8425323118734,601.6906808018949,255.80881835057303,296.5860822131819,213.8930778829656,396.2663733480707,1.9618193365788776,202.5
11.9,11.9122,0.1413,0.1413,0.0952,247.2304824522921,300.97623950713825,599.801239299694,254.75483845949293,294.1456627892684,213.41479434880185,395.50680321255584,1.9625544438038236,202.5
11.92,11.7936,0.1397,0.1397,0.0958,246.70064794366644,300.33122358359395,597.6248673022426,253.93648926190147,292.6622800814645,213.0055916989409,395.06027720703815,1.965951161464632,202.5
11.94,11.7297,0.1394,0.1394,0.0958,246.5921327284435,300.1991181041921,596.4890662303145,253.67897966898704,292.44493018448526,212.90023967793357,395.1015503015339,1.9691675307799577,202.5
11.96,11.7577,0.1401,0.1401,0.0962,246.9118346018169,300.5883203848206,597.1329098888651,253.9971075400724,293.1134668620108,213.16106340940425,395.5333312757747,1.9694783001277016,202.5
11.98,11.9069,0.1414,0.1414,0.0964,247.6186806224768,301.44882858388485,600.1072188610962,254.84343599496603,294.1923334761744,213.811535830276,396.2129481064568,1.9644849445707249,202.5
12.0,12.2007,0.1423,0.1423,0.0971,248.5029881276949,302.5253768511069,605.807831091333,255.9589391782112,294.59932513982864,214.7759357631328,396.7788321412488,1.9510737067652948,216.5
12.02,12.5134,0.142,0.142,0.0975,249.10616919603717,303.2596842386539,611.7772053568973,256.73289504259503,293.7389324826672,215.62208674774573,396.9114686594675,1.934562534456864,216.5
12.04,12.7926,0.1348,0.1348,0.0981,247.87511362777735,301.7610078946855,617.0453905127401,255.1869277062557,285.73750504897265,215.4757086025481,394.4658743062418,1.905392241918156,216.5
12.06,13.0123,0.1267,0.1267,0.0977,246.1680311289672,299.6828205048297,621.1583532174625,253.07965846084036,276.7808640383642,214.99572246791453,391.5144578466099,1.8767444805409117,216.5
12.08,13.2932,0.1185,0.1185,0.0977,244.35995056635767,297.48167895034857,626.3337039814313,250.9627256303187,267.49636424531104,214.56244399921297,388.3478757459367,1.8441315994868035,216.5
12.1,13.5899,0.1245,0.1245,0.0979,246.59319165351903,300.20040723037107,631.7262322779787,253.81898301755373,273.5733356741161,216.22920606871577,391.07699560392336,1.844530570888789,216.5
12.12,13.8188,0.1315,0.1315,0.0974,248.94927660085327,303.0686845575606,635.8580449993161,256.7771459979336,280.68704078161886,217.8362321424296,394.0812268560754,1.8500651449665508,216.5
12.14,14.0392,0.1377,0.1377,0.0973,251.0147275221245,305.5831465486733,639.8055367856091,259.377287751852,286.8436281870441,219.2701102370404,396.66038480470456,1.8537755214635536,216.5
12.16,14.4345,0.144,0.144,0.0965,253.29782246791464,308.3625664826787,646.7082700704667,262.3704163647372,292.74731787297185,221.068719126164,399.2221661365822,1.849557569885785,216.5
12.18,15.0047,0.1508,0.1508,0.0973,255.8826900845628,311.50936184207643,656.4361540530215,265.8637213227664,298.8039747676064,223.26045942939552,401.9062647889508,1.8387985908164743,216.5
12.2,15.3271,0.156,0.156,0.0975,257.68876452657986,313.70806116279294,661.8831783551323,268.2224255471119,303.5200860170501,224.67845888094723,403.9125936280151,1.835682276565576,216.5
12.22,15.4573,0.1617,0.1617,0.0962,259.3403170394642,315.71864683065206,664.1184320619869,270.2496324769837,308.93242739080296,225.7261079986014,405.9949784119845,1.8414622000981231,216.5
12.24,15.5875,0.1648,0.1648,0.0949,260.34409436517205,316.9406366184704,666.3432413799047,271.48251691253256,311.75754214044906,226.4583384616517,407.1921875068666,1.842208269261596,216.5
12.26,15.7568,0.1659,0.1659,0.0941,260.91546195538643,317.6362145543835,669.1943914474544,272.2128591348547,312.5749976603196,227.0391849359443,407.7454635524352,1.8376527625560173,216.5
12.28,15.894,0.1661,0.1661,0.0937,261.2292332818225,318.0181970387404,671.5144198895833,272.6053884495335,312.56649470737614,227.4485803794001,408.0037175181285,1.832798908263424,216.5
12.3,15.9472,0.1676,0.1676,0.0928,261.7468493559114,318.64833834632697,672.4722873603795,273.1843267726846,313.9282493240289,227.83096343128065,408.6591575071036,1.833744451440212,216.5
12.32,16.0088,0.1681,0.1681,0.095,262.0380932415049,319.002896120093,673.5841176638228,273.4937218667879,314.31083569873266,228.1168595935485,408.9971881049469,1.8324756044667316,216.5
12.34,15.9836,0.1675,0.1675,0.094,261.9606353647097,318.9085995744292,673.2812583858102,273.28554702964027,313.75546457238374,228.10027533865005,408.9701477054018,1.8327454751370544,216.5
12.36,15.9348,0.1678,0.1678,0.0941,262.06790361231043,319.03918700629094,672.6057115093532,273.28531995100235,314.0973209712683,228.1364099937276,409.2236718147622,1.8355860191701303,216.5
12.38,15.9508,0.1683,0.1683,0.0947,262.30218159663445,319.3243949872072,672.9747418928584,273.489788643254,314.5423370753713,228.3283401237056,409.5525212739727,1.836172640484617,216.5
12.4,15.8632,0.1684,0.1684,0.0938,262.31234347109137,319.3367659648069,671.6652582168133,273.34132724170166,314.74465973729906,228.2610022750619,409.7347561843484,1.840239703270374,216.5
12.42,15.8296,0.1689,0.1689,0.092,262.482648690064,319.5440940574693,671.2176635912805,273.42938824789843,315.2575172508715,228.34975976136244,410.05343202492855,1.842871750954608,216.5
12.44,15.788,0.1686,0.1686,0.0939,262.45623895293994,319.5119430731443,670.6646676214156,273.2720478361398,315.0113161118834,228.3316799712889,410.1176087076492,1.844320821235754,216.5
12.46,15.7604,0.1674,0.1674,0.0938,262.233838021457,319.24119411307817,670.3235905512735,272.88510725227,313.8823101251123,228.24076977480695,409.898214580454,1.8436000513723323,216.5
12.48,15.7461,0.1655,0.1655,0.0932,261.8595018050564,318.7854804583295,670.1940882382708,272.32352446473635,312.0585856335169,228.09650156733895,409.4537618060626,1.8410478372319197,216.5
12.5,15.6955,0.1629,0.1629,0.0935,261.26710934045894,318.06430702316743,669.4807840015071,271.470346056564,309.5994881593075,227.7927402358222,408.7676006085329,1.8386303827043364,257.0
12.52,15.5601,0.1599,0.1599,0.0936,260.463367083789,317.0858381889606,667.3805171629334,270.2952621678496,306.85185920657653,227.2589690484734,407.9198530809412,1.83889928471086,257.0
12.54,15.3203,0.1566,0.1566,0.0944,259.4430408564142,315.84370191215646,663.5531133123934,268.7761211558471,303.93106861405226,226.45960260864248,406.9330265138773,1.8429113950732436,257.0
12.56,15.1128,0.1558,0.1558,0.095,259.0705614639158,315.39024873868016,660.2227970373423,268.0701678075568,303.4119291273461,226.01939705372612,406.7851175349636,1.8504674029893435,257.0
12.58,15.1234,0.1588,0.1588,0.0949,259.91341072667745,316.4163261020421,660.5025218538877,269.0119544700479,306.32921767836314,226.50049308443863,407.9612635368021,1.8561078395082675,257.0
12.6,15.3205,0.1621,0.1621,0.0964,261.06714536185467,317.8208726144318,663.8839228219405,270.4742285453865,309.26246816510644,227.4113456467033,409.2571871612423,1.8543067017211672,257.0
12.62,15.4278,0.1647,0.1647,0.0961,261.9240366360203,318.8640446003725,665.7540489162832,271.5062417409173,311.6196133053704,228.0413841729257,410.2904323642756,1.8549856493566503,257.0
12.64,15.5835,0.169,0.169,0.0974,263.23773501695314,320.463329585856,668.4197548754631,273.13242862835864,315.52378831249496,228.96118641402344,411.8629802704084,1.8566883480839096,257.0
12.66,16.0294,0.1742,0.1742,0.0976,265.11380988061364,322.7472468111818,675.750539190874,275.6632091428113,319.8517384586565,230.57354462880548,413.7405908400288,1.8481343932453225,257.0
12.68,16.5266,0.1782,0.1782,0.0982,266.74045902979617,324.72751534062144,683.7727185332033,277.935647775886,322.94282098848333,232.1286474251962,415.2230799495613,1.8357730528327103,257.0
12.7,16.8918,0.1813,0.1813,0.0978,267.9744394475583,326.2297523709406,689.5965161972237,279.63185955521914,325.34756757462964,233.29617006138443,416.3883914306814,1.8273616671592725,257.0
12.72,17.1248,0.1828,0.1828,0.0974,268.6777836999844,327.08599754780715,693.3114196604012,280.5811605845726,326.4273902899421,234.01911736047256,417.04289646678177,1.8214238856332348,257.0
12.74,17.2626,0.1845,0.1845,0.0965,269.3143490805029,327.8609467066993,695.534617044942,281.37069519653784,327.809853671665,234.57186274333569,417.7358373701351,1.8194717113123704,257.0
12.76,17.4413,0.1867,0.1867,0.096,270.1058676393086,328.8245345174192,698.3751363923653,282.381591834071,329.59552768418405,235.2537980443544,418.5780215000084,1.816853026144656,257.0
12.78,17.61,0.1886,0.1886,0.0963,270.81421991711954,329.6868764208412,701.0525576068454,283.2845655062513,331.1109084504182,235.8808628580978,419.32533262788655,1.8141228516893773,257.0
12.8,17.6989,0.1901,0.1901,0.0944,271.3422201170432,330.32965927292224,702.495976333645,283.9014787303046,332.3553667384269,236.309931304509,419.9391408331945,1.813699493394429,257.0
12.82,17.7954,0.1908,0.1908,0.0961,271.69942133744524,330.76451293254206,704.0729902453837,284.32168356943004,332.85701735882094,236.66989351859783,420.3227446268473,1.8116386132539093,257.0
12.84,17.8029,0.1908,0.1908,0.0925,271.8021192590755,330.8895364893093,704.2719564004741,284.3576230460065,332.8330728712585,236.78684596141036,420.489858802986,1.8117419592260524,257.0
12.86,17.7816,0.191,0.191,0.0936,271.92084795735843,331.0340757741755,704.0661093551568,284.3891811214376,333.02363158630976,236.86908488775876,420.7090384107023,1.8131436862848167,257.0
12.88,17.7763,0.1906,0.1906,0.0923,271.92122394562404,331.0345334990206,704.0861852034244,284.29240061397206,332.65028669888795,236.92003642848607,420.7588616010031,1.813020993410204,257.0
12.9,17.6512,0.1874,0.1874,0.0936,271.1630086958253,330.1114888470917,702.3095392965915,283.18510507961525,329.8673322209189,236.44880753707395,419.97663326083455,1.8125969817432048,257.0
12.92,17.3977,0.1832,0.1832,0.0956,270.028126623742,328.72989328107724,698.5679593595312,281.5154518506573,326.3038086056279,235.61473136096023,418.8602252859323,1.8151746778623252,257.0
12.94,17.0907,0.1798,0.1798,0.0939,269.0004608425299,327.47882189525376,693.939317802511,279.9254899870388,323.5212528543419,234.74725058724,417.9498845282611,1.821210785193928,257.0
12.96,16.8351,0.1752,0.1752,0.0932,267.7342417144965,325.93733773938703,690.0664918114473,278.0979476608959,319.53564397326835,233.83547846964547,416.66042280343584,1.823279538535048,257.0
12.98,16.4958,0.1718,0.1718,0.0937,266.63573486399207,324.60002505181643,684.8405952769211,276.3978291528149,316.74692778806974,232.8717875192554,415.699810344468,1.8307233286638924,257.0
13.0,16.0459,0.1691,0.1691,0.0951,265.5496996624747,323.2778952412736,677.7745779797118,274.6204491303321,314.74155335531026,231.74075742647636,414.9213542738208,1.844039404651217,225.5
13.02,15.7053,0.1651,0.1651,0.0952,264.2618883684795,321.7101249703229,672.3591665432402,272.6979215666228,311.34906530826066,230.6658710598008,413.7273163078385,1.8509278102160904,225.5
13.04,15.4872,0.1595,0.1595,0.0963,262.7173873273364,319.8298628332791,668.8953567585943,270.57267338446496,306.22470770264977,229.6414228374236,411.9928460563552,1.8498035546930776,225.5
13.06,15.4133,0.1539,0.1539,0.0977,261.32143406421505,318.1304414694792,667.7885051465308,268.7540614523115,300.8562345647306,228.90105934501204,410.2275539017372,1.8424183950411104,225.5
13.08,15.4481,0.15,0.15,0.1008,260.46104339717425,317.0830093530817,668.4852515922252,267.67834379511305,296.9709516630824,228.5853329661049,409.0261306836837,1.8335322411511608,225.5
13.1,15.4666,0.1526,0.1526,0.1013,261.24276420210947,318.03466946343764,668.8947424719796,268.53358286742474,299.49319063824305,229.0483293584561,410.1030549899512,1.8382236600362092,225.5
13.12,15.5378,0.1554,0.1554,0.1008,262.13131272423004,319.1163807077583,670.1638807209611,269.5636187718241,302.1301844978352,229.6433931357803,411.24623034782246,1.8410524849908652,225.5
13.14,15.6334,0.1578,0.1578,0.1027,262.94336904820744,320.10497101520906,671.8461179473575,270.525747713479,304.330394933431,230.2363601520134,412.243947499423,1.8419970756637376,225.5
13.16,15.6316,0.1597,0.1597,0.1036,263.50456800320643,320.788169743034,671.9240015383799,271.10272769179056,306.1556987878067,230.55883162789323,413.0444204177154,1.8459989945466675,225.5
13.18,15.5358,0.1609,0.1609,0.1032,263.77002774251974,321.1113381213284,670.450362461906,271.24567308960536,307.4172532773563,230.5953260182864,413.5866469962261,1.852577656995981,225.5
13.2,15.4109,0.1618,0.1618,0.1025,263.9194317055664,321.29322120677654,668.4874549435848,271.2270025091632,308.42501283512564,230.5312606265248,414.0207373371552,1.8598341073492344,225.5
13.22,15.286,0.1685,0.1685,0.1018,265.4394334748982,323.1436581433543,666.5134326968812,272.86020963492984,314.9645335423195,231.1352983610698,416.3447337798124,1.877800945591608,225.5
13.24,15.1611,0.1731,0.1731,0.1013,266.4177670509393,324.3346729315783,664.5295579950763,273.856796366296,319.4545737420694,231.47631611907667,417.9395220581914,1.8917063507845493,225.5
13.26,15.452,0.1783,0.1783,0.1015,268.09774591161926,326.37986458805824,669.4596150264998,276.01929509124994,323.916947072312,232.7792587489084,419.770030024623,1.888826040519227,225.5
13.28,15.8926,0.1819,0.1819,0.104,269.60196384982027,328.21108642586813,676.7866404461354,278.0840523668375,326.66073623657235,234.20980640026733,421.11039492526254,1.877071602039944,225.5
13.3,16.1897,0.1847,0.1847,0.1052,270.7118170104513,329.5622120127233,681.6886077615887,279.5647223401995,328.8377581619417,235.2316305065264,422.1660296697712,1.8701137085490136,225.5
13.32,16.4232,0.1873,0.1873,0.1045,271.6816635522164,330.74289475921995,685.5149188145779,280.82688048646924,330.90194691741,236.08943541422187,423.1395529991944,1.8655176852431488,225.5
13.34,16.7482,0.1887,0.1887,0.1058,272.4926416214466,331.73017240871764,690.7631946969328,281.97634484547115,331.75405494887514,237.0017884534168,423.7716423515564,1.855443727872741,225.5
13.36,17.0213,0.1887,0.1887,0.1042,272.9150723096156,332.24443585518424,695.1258155669776,282.6221729427467,331.4053222902838,237.65340368270188,423.9830380942518,1.845312511142695,225.5
13.38,17.277,0.1898,0.1898,0.1023,273.5513582633198,333.0190448423024,699.1775499005616,283.51265958029416,332.07965902519794,238.3782613219208,424.5109771157802,1.837814469799136,225.5
13.4,17.5375,0.191,0.191,0.1007,274.20713448662366,333.8173811141505,703.2698384309758,284.433974459339,332.8404023251323,239.11679055679136,425.0665870620293,1.8304288114987897,225.5
13.42,17.7717,0.1941,0.1941,0.1,275.2494021856637,335.0862287477645,706.9340993567207,285.7903462414969,335.33658046467133,239.99385068840104,426.15977640978537,1.8271961242013897,225.5
13.44,18.0308,0.1966,0.1966,0.097,276.175672432013,336.2138620911463,710.9303130386048,287.0322725865299,337.2562812320822,240.84986697305715,427.0759721298172,1.8221913140915584,225.5
13.46,18.1768,0.1984,0.1984,0.097,276.8217758127788,337.0004227286003,713.2239047599479,287.83985973538284,338.6727462210097,241.41197987943997,427.7686974838066,1.8201424267516784,225.5
13.48,18.3359,0.2001,0.2001,0.0988,277.4572255357173,337.7740136956559,715.7133689948602,288.6480600322297,339.98035733533214,241.9862239861054,428.4319555359736,1.8174657391028224,225.5
13.5,18.4888,0.201,0.201,0.098,277.9068343111755,338.32136350925714,718.0826728577239,289.23136217523864,340.5864126944773,242.4659396236983,428.86915371753975,1.8138218451663908,227.0
13.52,18.5833,0.2016,0.2016,0.0979,278.2292881831449,338.713916049046,719.5842350687442,289.61037227255065,340.9919538624882,242.80394892230507,429.21227715458855,1.811769776666565,227.0
13.54,18.6641,0.2023,0.2023,0.098,278.5589308198293,339.11522012848786,720.8812873917695,289.98489916471,341.5002655598404,243.1254852971768,429.58013924199406,1.8103597383655603,227.0
13.56,18.5843,0.2017,0.2017,0.0975,278.44093604028075,338.97157430990706,719.807003535711,289.6795504505753,341.0403500149891,243.0153240210839,429.5610601740111,1.8125177610652727,227.0
13.58,18.3266,0.2002,0.2002,0.0992,277.94130867833826,338.363332304064,716.1012776537264,288.75679474144306,339.9809743894463,242.4762857344488,429.2601102541954,1.819505626224753,227.0
13.6,18.0814,0.1993,0.1993,0.098,277.5771541480639,337.92001374546913,712.530683396666,288.0054914874295,339.4387125261984,242.014931376305,429.12573990978905,1.82715453157248,227.0
13.62,17.9488,0.1988,0.1988,0.0972,277.4170930252775,337.7251567264248,710.632921058709,287.60174752058015,339.1248254314688,241.80691633247656,429.1217775278981,1.8314653135665744,227.0
13.64,17.8491,0.1966,0.1966,0.0977,276.9189839062546,337.1187630163099,709.2320739599613,286.83192398795416,337.2653981488495,241.4884700520644,428.6428744692831,1.8318900644886549,227.0
13.66,17.6308,0.1936,0.1936,0.1001,276.1084339519145,336.1320065501568,706.0313968658836,285.58441857812136,334.81771117344937,240.85154272794452,427.9065074892544,1.8353361361505207,227.0
13.68,17.1838,0.1892,0.1892,0.102,274.7117501300297,334.431695810471,699.2693561890691,283.43441364265874,331.35825271034184,239.60251823031723,426.7064104603412,1.845118893779476,227.0
13.7,16.7289,0.1852,0.1852,0.1003,273.36301280138474,332.78975471472927,692.2460207549226,281.3357633934549,328.2467965213303,238.3524638929434,425.59551756222646,1.8562489266173177,227.0
13.72,16.2662,0.181,0.181,0.1008,271.92818116073784,331.04300315220263,684.9895252899006,279.1335560911437,324.939791776733,237.0362605797537,424.3967774313302,1.8676867082953592,227.0
13.74,15.9161,0.1773,0.1773,0.0998,270.721333141202,329.5737968675503,679.425710465284,277.3039113770187,321.9361491939597,235.9855651365215,423.34664824964887,1.8758010691149791,227.0
13.76,15.6064,0.1729,0.1729,0.102,269.38623021331847,327.9484541727355,674.4705619836573,275.3600594345075,318.20999955079054,234.92342601005848,422.059819180861,1.8811432978261096,227.0
13.78,15.3755,0.1698,0.1698,0.1036,268.44038436863985,326.7969896661703,670.7591806969954,273.94762596144795,315.57414973092466,234.162499435245,421.176608420941,1.885597558283976,227.0
13.8,15.1528,0.1675,0.1675,0.1024,267.6799034634154,325.8711868250275,667.129081038435,272.7626462277427,313.666097565168,233.5008224957829,420.5394449288524,1.891277252569238,227.0
13.82,15.0407,0.1681,0.1681,0.104,267.7521660879038,325.9591587157089,665.3514995067936,272.66452412468664,314.34752441369545,233.41447139507864,420.8660332132184,1.8975035496046428,227.0
13.84,15.0902,0.1706,0.1706,0.1035,268.49457495130497,326.86296081028433,666.2765563359077,273.49981257336043,316.6124753439764,233.90526348216264,421.8390717501958,1.9002123032356104,227.0
13.86,15.2665,0.1745,0.1745,0.1045,269.7345503534988,328.37249608252023,669.3336526966418,275.03388111974834,320.0089634400021,234.8310431164365,423.27140609833367,1.899884708422597,227.0
13.88,15.3423,0.1791,0.1791,0.1073,270.974910026358,329.8824991625228,670.712910177776,276.4875208603317,324.1404249938827,235.60106863334943,424.8761039165531,1.904949760575844,227.0
13.9,15.4371,0.1825,0.1825,0.1079,271.95854586441686,331.0799688784206,672.3884345787749,277.6491258916653,327.1157625909155,236.2730670599888,426.0907038072251,1.90706549563516,227.0
13.92,15.7186,0.1865,0.1865,0.1077,273.3304445689837,332.7501064318064,677.1275192829207,279.4246921476215,330.38596929032474,237.41025254223743,427.5059791622375,1.9023419620079636,227.0
13.94,16.0643,0.1882,0.1882,0.1072,274.2723030429839,333.8967167479804,682.8556415438935,280.7407417071653,331.484890168281,238.42972757177048,428.2350052867346,1.891315305734485,227.0
13.96,16.1464,0.1869,0.1869,0.1094,274.1895034364057,333.7959172269287,684.2949947528259,280.6203617009321,330.1926725522639,238.56264603490607,428.020663252379,1.886116723739968,227.0
13.98,15.9613,0.1844,0.1844,0.1105,273.4781633545019,332.9299379967849,681.4002988338788,279.52525721953043,328.1259949079933,237.9955310847289,427.3903323110272,1.889749230255346,227.0
14.0,15.8289,0.1831,0.1831,0.1089,273.09785054013844,332.46694848364683,679.3270235468958,278.86803041259435,327.0808217797154,237.6651235829315,427.1255673082023,1.8933341743723264,228.5
14.02,15.6875,0.1841,0.1841,0.1035,273.21027336876926,332.60381105763213,677.0675624575011,278.7890072008702,328.1369495176658,237.5598123950431,427.55411733076784,1.901292985337448,228.5
14.04,15.518,0.1854,0.1854,0.1084,273.3470971805049,332.77037917626683,674.400636637065,278.7229353275932,329.49278841134554,237.4211117006221,428.0653579360983,1.910804118964655,228.5
14.06,15.5025,0.1752,0.1752,0.1085,271.13135808260967,330.07295766578574,674.2396945440021,275.9810342293096,320.1702821757972,236.36813208672484,425.07782294756686,1.894275943826177,228.5
14.08,15.5377,0.165,0.165,0.1099,268.869145914936,327.31896024427,674.9270873555018,273.26295279458924,310.616558836466,235.36409838867016,421.9348538116124,1.874722335764983,228.5
14.1,15.7083,0.1643,0.1643,0.109,269.00957783926174,327.4899208477969,677.8290665241026,273.50278267967377,309.7516806648732,235.7443304876545,421.8872786803155,1.8666303994367943,228.5
14.12,15.9455,0.168,0.168,0.1102,270.29611381703074,329.0561385598635,681.8135201042312,275.1446368512767,312.93620776442293,236.78404289372952,423.3091563596545,1.8639304960749783,228.5
14.14,15.9855,0.171,0.171,0.1123,271.153822049046,330.10030510318643,682.5744668290444,276.09596099988755,315.6621702463288,237.31107812986463,424.4441228528895,1.8679901356782616,228.5
14.16,15.8957,0.1709,0.1709,0.1122,271.10426803406466,330.0399784762526,681.2061192474166,275.86444221002074,315.6516665884967,237.2003193302829,424.54594402627697,1.871807118619547,228.5
14.18,15.7274,0.1709,0.1709,0.1123,270.9737527360463,329.88109028736073,678.5455917659749,275.46472083665486,315.8215859456234,236.92997285135283,424.6641223458233,1.8790751968390416,228.5
14.2,15.5327,0.1703,0.1703,0.1133,270.6612679820797,329.5006740651405,675.435232677406,274.8296640485319,315.46552328730576,236.52898054242084,424.5822539627405,1.886437774236965,228.5
14.22,15.276,0.1718,0.1718,0.1104,270.7429946125664,329.60016735442866,671.2354762256296,274.6038036067595,317.1319617562983,236.2262863612897,425.1655185302088,1.9003912375251968,228.5
14.24,15.0331,0.1778,0.1778,0.1069,271.8420613959041,330.9381616993616,667.2185737896848,275.6084067358431,322.9246449308817,236.44652001504988,427.1683530382932,1.9218226833229175,228.5
14.26,14.949,0.1802,0.1802,0.1099,272.3385232248052,331.5425500128063,665.9083872726499,276.04212976542533,325.194966102627,236.61095412542463,428.0477785052232,1.92990356618723,228.5
14.28,15.0584,0.1814,0.1814,0.1131,272.861941785943,332.17975521766976,667.8754350077375,276.6623259498818,326.13160708364785,237.08239758358656,428.5923371559787,1.927450053459827,228.5
14.3,15.187,0.1832,0.1832,0.1111,273.54051790074266,333.005847879165,670.12044541049,277.48155543928806,327.5895188174184,237.65996146154487,429.3218347058296,1.9253030249124483,228.5
14.32,15.4489,0.1854,0.1854,0.1118,274.5019923996881,334.17633857353337,674.5964626315647,278.74771799231416,329.2445449999063,238.57467369889252,430.1950865315481,1.9181277078159744,228.5
14.34,15.6873,0.1888,0.1888,0.1137,275.68002824258394,335.6104691648848,678.6492681364577,280.2538986424334,331.9953319342498,239.5551949517921,431.4137731296629,1.9140487787877347,228.5
14.36,15.8693,0.1912,0.1912,0.1154,276.5501288756277,336.6697221094598,681.7429115315301,281.347583311175,333.90242915349336,240.29822947857147,432.3120904928459,1.910731719947262,228.5
14.38,16.0138,0.1942,0.1942,0.1144,277.48780198831497,337.81123720316606,684.187865585178,282.48871754453023,336.3754930384603,241.01644298915812,433.36956835877294,1.9100049103882253,228.5
14.4,16.1912,0.198,0.198,0.1139,278.63385734813176,339.2064350325083,687.1558891455776,283.90471760376585,339.4989887278248,241.8811295260353,434.6509223141951,1.9092000077705429,228.5
14.42,16.5474,0.2024,0.2024,0.1155,280.1409060588748,341.04110302819544,692.9809917220304,285.9018942535976,342.92045632340813,243.17712730985085,436.1179204973865,1.902169557641168,228.5
14.44,16.9164,0.2048,0.2048,0.1153,281.2249334703126,342.36078857255444,698.921465589456,287.4128609844821,344.572058191843,244.28355579322485,437.01126078626913,1.8917816283195767,228.5
14.46,17.2718,0.2067,0.2067,0.1132,282.167576829293,343.50835440087843,704.5616862641167,288.7499216199193,345.805787023438,245.2982684050636,437.7567926490418,1.881449420883744,228.5
14.48,17.5106,0.2073,0.2073,0.1132,282.6801636571205,344.1323731477989,708.3538645405475,289.4808748342457,346.0440312477125,245.93739760888573,438.1194546766004,1.8736972201953512,228.5
14.5,17.6238,0.2077,0.2077,0.1112,282.991544614939,344.5114456181866,710.1790854831056,289.8598111340767,346.2451595085327,246.29959224800916,438.4032259822381,1.8704336247489464,207.5
14.52,17.8077,0.2085,0.2085,0.1095,283.4694988374994,345.0933029326079,713.0798088429759,290.50161039050766,346.71737584482264,246.84132723433797,438.8090693185768,1.865196373390535,207.5
14.54,18.0435,0.2094,0.2094,0.1078,284.024204459993,345.7685967339045,716.7497260156211,291.285024653876,347.223570095557,247.49246723147152,439.2505279039378,1.85829055299668,207.5
14.56,18.0929,0.2072,0.2072,0.114,283.70745807204867,345.3829924355375,717.6338303403421,290.88132248643024,345.2599924198177,247.46752391192112,438.80928803336326,1.853365597058583,207.5
14.58,18.0197,0.2071,0.2071,0.1102,283.69206315538185,345.36425079785613,716.5994764035573,290.6995407879753,345.2251726680122,247.4075855374436,438.9209936953673,1.8562281422631124,207.5
14.6,18.0414,0.208,0.208,0.1113,283.99972177295825,345.7387917236014,717.0324556637296,290.9878740324909,345.950761176176,247.633894405865,439.324740534828,1.857102839861632,207.5
14.62,18.0777,0.2097,0.2097,0.1105,284.4918805859159,346.33794158285417,717.6739747175208,291.502950103242,347.3450171154275,247.9673378569105,439.9487581394224,1.8586859701358367,207.5
14.64,18.1389,0.2112,0.2112,0.1108,284.9691453349593,346.9189595382113,718.697905362111,292.0259630362566,348.53858948528654,248.32921375033368,440.51994631610654,1.8590373406985008,207.5
14.66,18.1197,0.2109,0.2109,0.111,284.9749797215505,346.92606226971367,718.5063225537855,291.9241710331894,348.2766999832514,248.3562920951388,440.587247548742,1.8595809054350445,207.5
14.68,18.0818,0.2103,0.2103,0.1113,284.8959668609331,346.8298727002664,718.0321453355299,291.70584824521865,347.7775244198164,248.31681278074808,440.5692088001493,1.860347410446029,207.5
14.7,18.0601,0.2082,0.2082,0.1101,284.5165276209746,346.3679466690126,717.7928090544327,291.1570643353164,345.9809313704131,248.1610648185467,440.1424580254868,1.8582730849758984,207.5
14.72,17.9999,0.2051,0.2051,0.1108,283.8758364217206,345.58797477426856,716.9811828012496,290.27073981404544,343.357824673557,247.82678179463468,439.4252068872108,1.8560047250911516,207.5
14.74,17.9889,0.2008,0.2008,0.111,283.02057552710767,344.5467875982181,716.9118425885847,289.191452189535,339.6375145876277,247.4629436672463,438.3650636698337,1.850017575550895,207.5
14.76,17.6698,0.1969,0.1969,0.1103,281.8916019359696,343.17238496552824,712.1307976197629,287.4790722150523,336.5420423390641,246.51740084836047,437.34086646443416,1.8558947559500223,207.5
14.78,17.2496,0.1935,0.1935,0.112,280.73747708954915,341.7673634133642,705.7363848000851,285.635354436725,333.9639150640769,245.4019538955159,436.4234499050336,1.866496341331196,207.5
14.8,16.901,0.1925,0.1925,0.1088,280.1777103071869,341.0859082000536,700.3413145081822,284.5494306262088,333.4157654227752,244.66830688598696,436.2129119295964,1.8786309344049703,207.5
14.82,16.5977,0.1927,0.1927,0.1108,279.92485143554904,340.7780800084945,695.6329114061691,283.87077515717243,333.87777803445294,244.1438028940348,436.3624066912936,1.8911206008491224,207.5
14.84,16.3719,0.1949,0.1949,0.1107,280.1917980642615,341.10305851301405,692.1044247106947,283.8759593351543,336.01850762793714,243.9838601331488,437.1116732391823,1.9039837848739107,207.5
14.86,16.265,0.1976,0.1976,0.1121,280.7129222046338,341.7374705099889,690.4811130685977,284.2952431040213,338.4640897139988,244.12370573185672,438.0221741745817,1.912892249022436,207.5
14.88,16.2894,0.1983,0.1983,0.114,280.98535597376537,342.06912901154044,690.9803671078075,284.54566164631825,339.0207950529391,244.339429668833,438.3775927545889,1.9132982656743407,207.5
14.9,16.3298,0.1971,0.1971,0.1159,280.8753895833465,341.935256884074,691.7374455482515,284.3643965337705,337.9060863100213,244.3947318769428,438.1887273300148,1.910043362429565,207.5
14.92,16.4188,0.196,0.196,0.1133,280.84806118281097,341.9019875269003,693.2454267299795,284.3245657250506,336.8292964609659,244.5636870419765,438.0362813219039,1.9050694064974047,207.5
14.94,16.4474,0.1949,0.1949,0.1153,280.7387539491033,341.7689178510823,693.8106389113894,284.13589634046167,335.81298963048874,244.60181564196185,437.8699235336272,1.9024371916998464,207.5
14.96,16.3335,0.1931,0.1931,0.1172,280.2838175235193,341.21508220254526,692.0812380348199,283.4107269597183,334.3292003974749,244.2598846791037,437.4676373762711,1.9043779732534083,207.5
14.98,16.0822,0.189,0.189,0.1203,279.1330302567981,339.8141237908847,688.1187397691666,281.7482493121978,330.95546145126525,243.3717600626142,436.3462371149685,1.90812818495106,207.5
15.0,15.7788,0.1846,0.1846,0.117,277.82121852050443,338.21713559017934,683.2136049593158,279.8476888638038,327.3459202768783,242.32101293386597,435.09762422389247,1.913697020808195,309.5
15.02,15.5578,0.1791,0.1791,0.1158,276.3571151603945,336.4347488909151,679.6349475982556,277.8511717176285,322.62960576642945,241.3123430169199,433.4910058627074,1.9139441445412888,309.5
15.04,15.5132,0.1728,0.1728,0.1137,274.9271485362098,334.69391995712505,678.9670891752911,276.0694256853348,316.9518618687313,240.58572331362683,431.6138122197267,1.90515030410872,309.5
15.06,15.5724,0.1664,0.1664,0.1175,273.57365406254354,333.0461875544009,680.0686632980113,274.4958630034261,311.0080136536554,240.0535264252052,429.6579343955184,1.8913292512731088,309.5
15.08,15.4741,0.1609,0.1609,0.1163,272.18021452558213,331.3498263789696,678.5114942204758,272.7212739848185,305.99116009332926,239.25483614476457,427.9082508015153,1.885604149808934,309.5
15.1,15.194,0.16,0.16,0.1157,271.66475643394034,330.7223121804491,673.8924069382871,271.7527752458407,305.4121545174606,238.60314210945185,427.6819233681557,1.896259576185637,309.5
15.12,15.046,0.1629,0.1629,0.1177,272.2551106238077,331.4410042376789,671.4876047059247,272.1902817085206,308.2441061161021,238.7103795050499,428.79431160198175,1.908438482021734,309.5
15.14,15.0949,0.1658,0.1658,0.1163,273.1089063193774,332.48040769315514,672.3957209165245,273.13299269093386,310.8612997205834,239.2598833057099,429.9331513097233,1.9120097608353743,309.5
15.16,15.3493,0.1693,0.1693,0.1178,274.3904412561277,334.0405371813729,676.7874584809871,274.7751832241753,313.800519011921,240.34078935935915,431.2996575734695,1.907656248337951,309.5
15.18,15.4534,0.1712,0.1712,0.1179,275.0710183477551,334.8690658146584,678.6208449164073,275.5752660466222,315.4112987630322,240.88605002411012,432.091557049965,1.906927164957264,309.5
15.2,15.2652,0.1699,0.1699,0.1173,274.58422811048456,334.2764516127638,675.545767388495,274.74073533908967,314.394309710264,240.3972806773863,431.76826739422944,1.9129931317378843,309.5
15.22,15.0771,0.1719,0.1719,0.1166,274.8646218205986,334.6178004772505,672.4465925938883,274.7903428597021,316.39036998731524,240.28948109568591,432.5298436867981,1.9250857620654491,309.5
15.24,14.8889,0.1743,0.1743,0.1164,275.21969881898724,335.05006812746274,669.3237373869187,274.933645730451,318.74459878362006,240.21910427238583,433.4138603541043,1.9379536873981047,309.5
15.26,14.986,0.1785,0.1785,0.1192,276.40830415185974,336.49706592400315,671.089590519327,276.31598003770824,322.41032373112176,241.0075792285641,434.922720022924,1.9412642659911497,309.5
15.28,15.1824,0.1808,0.1808,0.1192,277.3095279738672,337.5942079681862,674.5121323184281,277.4557043578629,324.24365248454205,241.8046268460745,435.83356995594255,1.9369410685554267,309.5
15.3,15.3289,0.1806,0.1806,0.1213,277.5713251098676,337.9129175250562,677.0854214108937,277.80979491734416,323.8890583088173,242.20505134904388,435.9460788443841,1.9305333621337912,309.5
15.32,15.5027,0.1793,0.1793,0.1216,277.6174077366982,337.9690181142413,680.0881666844115,277.9443297848431,322.5264287255736,242.54123306704216,435.7171708021649,1.9211620944089511,309.5
15.34,16.0186,0.1783,0.1783,0.122,278.18856588485033,338.6643410772091,688.7101381277889,279.03763288956304,321.10068669457644,243.66254198985857,435.6497485718088,1.898129902598912,309.5
15.36,16.7291,0.1803,0.1803,0.1219,279.64405032391613,340.4362351769414,700.2765061559851,281.368859110112,322.19396769488026,245.5060943812868,436.56596474480665,1.873253636960856,309.5
15.38,17.2222,0.1751,0.1751,0.1203,279.0625470632372,339.72831816394097,708.147762267196,281.2010207142635,317.08453810531984,246.0261082888965,435.14496539514266,1.8453895149974344,309.5
15.4,17.3366,0.1676,0.1676,0.1214,277.4164023276055,337.72431587708496,710.0343049311729,279.4409345600508,310.194573077058,245.45627116144988,432.8390674823447,1.8278782578035964,309.5
15.42,17.6414,0.1601,0.1601,0.0992,275.85956312144646,335.8290333652392,714.7113475108555,278.03807297556614,303.06636628424127,245.22826091118583,430.4674519921334,1.8031053416149496,309.5
15.44,17.9508,0.1648,0.1648,0.0848,277.45913673597147,337.7763403742262,719.4627025447853,280.09150581847126,307.1173544703712,246.5229113142281,432.2870030609432,1.8009363912819791,309.5
15.46,18.5203,0.1747,0.1747,0.0828,280.59095236641514,341.58898548954886,728.1617426225037,284.1485745323328,315.5811062279243,248.92567113681105,435.8212773616264,1.798506644033897,309.5
15.48,19.0571,0.1891,0.1891,0.0885,284.6793188605207,346.56612730846,736.2675257648513,289.20767748317564,327.81980369362526,251.69102350486503,440.56919390463946,1.8044134937018133,309.5
15.5,19.8934,0.2038,0.2038,0.102,288.9322581547904,351.74361862322314,748.6001557794211,294.82341003180886,339.73604891281263,254.92244792505224,445.1646447687351,1.799719044063287,308.5
15.52,20.2666,0.2173,0.2173,0.1101,292.35038457111904,355.9048159996232,754.0671748844923,298.95230060063176,350.7200037155162,257.062144714473,449.1002562266257,1.8080437791608055,308.5
15.54,20.5791,0.2282,0.2282,0.111,295.0441816944181,359.1842211932047,758.5798208068568,302.2135621417875,359.3994610788237,258.7705217776873,452.16532055813616,1.8139505690850075,308.5
15.56,20.8338,0.2384,0.2384,0.1125,297.46918705736624,362.1364016350546,762.2504568007569,305.11408870693595,367.4150626811609,260.26488159679224,454.9324143603326,1.8202591847738316,308.5
15.58,21.0885,0.2509,0.2509,0.1141,300.2838216453766,365.562913307415,765.8955606143829,308.4540133903666,377.12393059420464,261.9224408596072,458.1549099620135,1.829176043258116,308.5
15.6,21.503,0.2574,0.2574,0.1248,302.0249073086107,367.68249585396086,771.7581699576408,310.78153993783644,381.863921625388,263.30968546546416,459.89626481212025,1.824906342035592,308.5
15.62,21.7006,0.262,0.262,0.1283,303.17975628812457,369.088398959456,774.5713442810535,312.206509905637,385.2585509223298,264.13873111721205,461.137153723564,1.8249590397242104,308.5
15.64,21.7729,0.2642,0.2642,0.1292,303.7555132908609,369.7893205280046,775.6570844142266,312.84284475788803,386.87384914017326,264.54283699914413,461.7995432324424,1.8258020044532537,308.5
15.66,21.7437,0.264,0.264,0.13,303.7825847395718,369.8222770742613,775.3631898993037,312.7527271472135,386.70742404109234,264.56907201069134,461.89881505326207,1.8267098085092544,308.5
15.68,21.7476,0.2649,0.2649,0.1273,304.0467130443762,370.1438245757623,775.4987548178599,312.96263226499093,387.3670368503432,264.74457053604164,462.2530726428512,1.8280336597827709,308.5
15.7,21.7372,0.2654,0.2654,0.1234,304.22127674901003,370.3563369118384,775.4329999661454,313.0559046764536,387.7280330754178,264.8616139962816,462.5139046198587,1.829305059258376,308.5
15.72,21.8325,0.2679,0.2679,0.124,304.8709912139136,371.1472936517209,776.8281460209728,313.7997667251187,389.54652792754473,265.32872149166263,463.2421481914359,1.8298007812586567,308.5
15.74,22.1418,0.271,0.271,0.1236,305.8250822454258,372.3087957770401,781.1000395070736,315.1218062565648,391.6573489362139,266.21483277934266,464.1330930398525,1.8246444644964008,308.5
15.76,22.3177,0.2742,0.2742,0.1272,306.67191003943725,373.3397165697497,783.5778643969511,316.1762278680931,393.9345314348376,266.8723422788209,465.0185222597621,1.82356982384318,308.5
15.78,22.4271,0.2776,0.2776,0.1255,307.489140732924,374.3346061096466,785.1284815526168,317.12008493819235,396.40395422017457,267.42789952350336,465.9304321622434,1.824749214339153,308.5
15.8,22.645,0.2816,0.2816,0.1241,308.5079917679429,375.5749465001044,788.1179998407423,318.40980129916386,399.2353428443904,268.2131199071414,466.9808143417255,1.8234507311380896,308.5
15.82,22.8307,0.285,0.285,0.1271,309.3839690948896,376.6413536807352,790.6906239577872,319.5057821880861,401.62318645762025,268.89090716569586,467.88795885299913,1.822327733627204,308.5
15.84,22.8661,0.2864,0.2864,0.126,309.7602242115065,377.099403387921,791.2505110126918,319.8747666745731,402.6110874124337,269.1548342963053,468.3411613767492,1.823239400711548,308.5
15.86,22.975,0.2853,0.2853,0.1273,309.7491247259844,377.08589097076367,792.7907985846322,319.8965874905841,401.6699484314229,269.3475005584248,468.2728535829671,1.8190977059019344,308.5
15.88,22.9213,0.2812,0.2812,0.1238,309.04433616324536,376.2278875030813,792.1635502712425,318.96401251358725,398.58799301386057,269.0276909166158,467.5334551153241,1.816134581298836,308.5
15.9,22.6609,0.2747,0.2747,0.125,307.70808858827206,374.601151324853,788.8264212817411,317.0999862560337,393.81784116392,268.1583980461608,466.223225367009,1.816144210370484,308.5
15.92,22.2105,0.2685,0.2685,0.125,306.24103481208203,372.81517281470855,782.9115205402205,314.87229039601795,389.37857933440426,266.9714197155194,464.9204396672728,1.8220812084290865,308.5
15.94,21.734,0.2622,0.2622,0.1221,304.7049144220809,370.94511320948976,776.54751230538,312.53610255703086,384.8513975484565,265.7077364213777,463.5604571544996,1.8288542263021863,308.5
15.96,21.058,0.255,0.255,0.1245,302.7784412187233,368.5998414836632,767.3621825193661,309.5408935242558,379.73854733893074,263.9829428708046,461.9240624146536,1.8407931169538827,308.5
15.98,20.516,0.2489,0.2489,0.1232,301.15080986564664,366.6183772277437,759.8620525877164,307.0287048147869,375.34720829874834,262.55698720705215,460.5294438529043,1.8503832818348884,308.5
16.0,20.062,0.2457,0.2457,0.1209,300.14805759978503,365.3976353388688,753.4901120625954,305.31218398408754,373.14785528914274,261.5222805308348,459.82475766253816,1.8612602478506737,217.5
16.02,19.8178,0.2434,0.2434,0.1191,299.5274015823052,364.6420541001976,750.0640325352465,304.2583071699857,371.49004153983645,260.94837242883887,459.3664315902134,1.86660558704536,217.5
16.04,19.6814,0.231,0.231,0.1208,296.99657322126245,361.5610456606674,748.1954978543491,301.20216864476,361.6692706756678,259.6500991554663,456.3751946443665,1.854501559762448,217.5
16.06,19.4632,0.2185,0.2185,0.1243,294.25761169710245,358.2266577182117,745.1374659840646,297.8403988526835,351.65283498121204,258.1287654765917,453.1920158664173,1.8442469325377224,217.5
16.08,19.2403,0.2093,0.2093,0.128,292.13234924031224,355.63938168385835,741.9890486110369,295.1601509001577,344.1982965129677,256.8713653790814,450.7682221365726,1.8383974048821892,217.5
16.1,19.084,0.2079,0.2079,0.1277,291.7540989812719,355.1789031076354,739.776316419234,294.4735779848206,343.1282584356333,256.5155716608449,450.489568845519,1.841960208157096,217.5
16.12,18.9894,0.2089,0.2089,0.1273,291.9637909268764,355.43418025880607,738.4655398475527,294.5059653378177,344.0101535153168,256.5227062094631,450.89569650898375,1.847067800285482,217.5
16.14,18.8119,0.2106,0.2106,0.1275,292.2352267337786,355.76462384981744,735.9200923534522,294.5079695804544,345.5358605388687,256.4368019750267,451.4812699517735,1.8561488655430265,217.5
16.16,18.5854,0.2115,0.2115,0.1254,292.2700256422232,355.80698773835866,732.6088948921903,294.1934454909435,346.4348517501176,256.1686834983849,451.832679833356,1.8658523723598648,217.5
16.18,18.2998,0.2129,0.2129,0.1278,292.33509694942654,355.88620498191057,728.4045113258735,293.8499773749222,347.7935229459932,255.8260139785615,452.3100725452962,1.8784713082429816,217.5
16.2,18.0093,0.214,0.214,0.1254,292.3107893380727,355.85661310721895,724.0517289477697,293.4057956075844,348.9102747375487,255.4341057630764,452.7010702028469,1.8910524650849925,217.5
16.22,17.72,0.2194,0.2194,0.123,293.15450759662434,356.8837483784992,719.671792517336,293.943395905887,353.5607544960467,255.4543922764588,454.2574022208245,1.910077944421332,217.5
16.24,17.4307,0.222,0.222,0.1239,293.63089291577654,357.46369572355405,715.2669830931477,293.32275373652834,355.03138146071177,255.1863088510456,455.0400643378065,1.9267913119832312,217.5
16.26,17.5016,0.2204,0.2204,0.1249,293.4893573766946,357.29139158901955,716.4675115496725,293.15291356330465,353.64148882246207,255.26959656765425,454.7676196025763,1.922058629944728,217.5
16.28,17.2341,0.2182,0.2182,0.1289,292.78023159430967,356.4281080278553,712.3901694621354,291.97025890033314,352.0192135899645,254.57904321246025,454.26440868758925,1.929355341528017,217.5
16.3,16.8854,0.2159,0.2159,0.1267,291.924777529486,355.3866856880699,706.9379106417226,290.5319830522098,350.3762933146362,253.69422498945087,453.7113533103935,1.9399443561857723,217.5
16.32,16.523,0.2133,0.2133,0.128,290.9724990027999,354.22739009036513,701.215510370829,288.97451042012483,348.4932174214482,252.73481354933077,453.0651147947665,1.9508450145300555,217.5
16.34,16.1084,0.2087,0.2087,0.1282,289.51266404873064,352.4501997114982,694.54907811847,286.79170190222294,344.99361621810147,251.4419888326364,451.837873174949,1.9611855340394693,217.5
16.36,15.621,0.2047,0.2047,0.1284,288.0316741647633,350.6472555049292,686.5567175513446,284.511033597793,342.0300457769558,250.0152115463333,450.7395793418304,1.9758908318931552,217.5
16.38,15.197,0.2002,0.2002,0.1277,286.5091628966477,348.79376352635376,679.4795733290213,282.25379270724613,338.5773878918588,248.6518741154053,449.4863515936466,1.9875985786694037,217.5
16.4,14.8315,0.1947,0.1947,0.1285,284.84177422261183,346.7638990536144,673.2993389093433,279.895176178058,334.2003378828333,247.29334991815725,447.9191106874644,1.9954271432086172,217.5
16.42,14.4353,0.1873,0.1873,0.1326,282.6826958308458,344.1354557940731,666.507092158356,276.94987135527407,328.1702830680239,245.6232718994557,445.7166165817228,2.001670690701724,217.5
16.44,13.9727,0.1801,0.1801,0.132,280.39061354162817,341.34509474633,658.3724765118793,273.78635217478734,322.2868261437047,243.762296884948,443.4807479282434,2.0116382312993624,217.5
16.46,13.5033,0.1748,0.1748,0.1351,278.44678372380395,338.9786932289787,649.9704624457839,271.0176092374951,318.0043943556747,242.04694329855215,441.7861978802664,2.025578089292409,217.5
16.48,13.1924,0.172,0.172,0.1376,277.3153446140436,337.60128909535746,644.3339060179417,269.33455521687546,315.7642120253367,240.9946583357687,440.9192125970252,2.0365089717746776,217.5
16.5,12.9671,0.1689,0.1689,0.141,276.2652401830607,336.3229010924217,640.2302181321337,267.828789356384,313.16564078095115,240.11594043446985,439.9568509892946,2.042740970491927,218.0
16.52,12.8081,0.1653,0.1653,0.1352,275.21228018055854,335.04103674154953,637.2640079849166,266.3796612137388,310.0421406777152,239.34207948263932,438.82074872732153,2.044885501302384,218.0
16.54,12.7306,0.1613,0.1613,0.1253,274.2133270608034,333.8249199001085,635.7919513064571,265.06955255426385,306.45816716757247,238.72757341986707,437.5398238735641,2.042037221030609,218.0
16.56,12.6748,0.1637,0.1637,0.119,274.727722539201,334.4511404825056,634.7558807740894,265.510294080187,308.65905753063373,238.9495166751348,438.50051937405016,2.049966374103348,218.0
16.58,12.5971,0.1665,0.1665,0.1182,275.2813246647194,335.1250908961802,633.3417158273946,265.980884530326,311.2256315780601,239.15456003625064,439.58260032293737,2.059639326681216,218.0
16.6,12.4178,0.1657,0.1657,0.1263,274.8125263950396,334.5543799591786,630.0373454716832,265.19148608590723,310.63315982234013,238.6459513099263,439.39484582572334,2.0679636021279832,218.0
16.62,12.0701,0.1645,0.1645,0.1289,273.8685386976048,333.40517754491015,623.364153060237,263.7103675381818,309.8382451575805,237.60817647444608,439.0213400606595,2.085139737911088,218.0
16.64,11.6436,0.165,0.165,0.1253,273.07040191052255,332.4335327606362,614.9375428704393,262.34933536808825,310.66591928635705,236.5190804350416,439.2112993712996,2.110739701117676,218.0
16.66,11.225,0.1581,0.1581,0.1283,270.609122260172,329.4371923167311,606.5336052369994,259.0694599406003,304.74734810326026,234.520953775565,436.79338415102416,2.122689501961315,218.0
16.68,10.9646,0.1226,0.1226,0.133,261.3128190377072,318.11995361112173,601.2582589184011,248.06822509675817,270.82820408477573,228.9243528087458,422.64434543082274,2.063141159609526,218.0
16.7,11.0815,0.0932,0.0932,0.134,252.64273305261543,307.5650663249231,603.7669853009746,238.57572676700408,239.69233809614903,224.19024626238144,408.000899436398,1.9787842850863613,218.0
16.72,11.5407,0.098,0.098,0.1159,255.17911462801,310.65283519931654,613.0765605337859,241.8538420269955,244.64298090101008,226.52216358596303,410.9210983486862,1.9661131496969655,218.0
16.74,12.1233,0.1153,0.1153,0.0502,261.72871179049673,318.6262578319091,624.204046568806,249.59774797795887,262.4640790351793,231.31035458402425,419.9779500969554,1.980647981935276,218.0
16.76,12.5087,0.1371,0.1371,-0.0016,268.5923463556643,326.9819868677652,631.3535378526459,257.49871343256393,283.7748207653109,235.7972094918423,429.7692319601782,2.011472928071604,218.0
16.78,12.6172,0.1474,0.1474,-0.0147,271.5029864301179,330.5253747844914,633.409272666751,260.77231263113725,293.43958692084715,237.5931679342346,433.9941938317396,2.0278407797838165,218.0
16.8,12.3055,0.1449,0.1449,-0.0203,270.335471839934,329.10405267470225,627.4106762340411,259.0397620043786,291.3249236912532,236.48128328085733,433.0804988505238,2.040116106754411,218.0
16.82,11.5047,0.1441,0.1441,-0.0208,268.49028344661207,326.8577363697886,611.5450657213563,256.06818902955786,291.23343652779016,234.17072579497489,432.6836911698903,2.084457204831669,218.0
16.84,10.6037,0.136,0.136,-0.0187,264.39742117693686,321.8751214327927,592.8612051683479,250.5003987222408,284.2618333557311,230.40426969129305,429.3117218580013,2.122971623344624,218.0
16.86,10.0269,0.1312,0.1312,-0.0141,261.7505088439432,318.6527933752352,580.430082957332,246.90416145312784,280.0864585646405,227.9505992856972,427.2624757984465,2.150677056664814,218.0
16.88,10.7517,0.129,0.129,-0.0078,263.15712205473613,320.3651920666353,596.2479980478505,249.03183050160104,277.21509417691084,230.0059208206361,426.67242529524674,2.098339209363602,218.0
16.9,11.6523,0.1126,0.1126,0.002,260.62083874702705,317.2775428224677,615.0144903982114,247.12287714198112,259.9127553921426,230.150165736884,419.5720296785917,2.004437094259385,218.0
16.92,11.8993,0.0943,0.0943,0.0039,255.2198866466529,310.70247070027307,620.0504162980059,241.603753919112,240.2963774347812,227.54781878597365,410.19505891056775,1.9408524442424688,218.0
16.94,12.2525,0.094,0.094,-0.0054,255.75183058209612,311.35005462168226,627.0135227220111,242.62527924032872,239.7530120002869,228.52289654322095,410.2365308816772,1.9207594964655723,218.0
16.96,12.8319,0.1039,0.1039,-0.0117,260.1050785682288,316.6496608656699,638.2048736652588,247.99548050750573,250.0230012251915,232.0444568669526,415.87792581429824,1.9177276633276463,218.0
16.98,13.3007,0.1062,0.1062,-0.0113,261.62497737580065,318.4999724574965,647.0949844983465,250.23213794718436,252.1428818071657,233.74738569778816,417.2985238142654,1.899929599562527,218.0
17.0,13.4689,0.1165,0.1165,-0.0156,265.2426157825966,322.9040539962046,650.2523733855186,254.19793471561704,262.5939429969964,236.0540746779413,422.5156117598319,1.9180865395275364,218.0
17.02,13.3491,0.125,0.125,-0.0245,267.6905481355848,325.88414555636405,648.0418831203513,256.5377852765974,271.1355066275363,237.2101109415615,426.5001314975617,1.9449460025796483,218.0
17.04,13.3178,0.1232,0.1232,-0.028,267.1894351716114,325.27409499152697,647.5085281842947,255.88055084536447,269.3623519781219,236.9219706136123,425.8157825637634,1.9427128175166293,218.0
17.06,13.1791,0.1213,0.1213,-0.0282,266.48724017099465,324.4192489038196,644.9951851203567,254.860219079373,267.550506490106,236.337146392658,425.04949828355007,1.945621718479843,218.0
17.08,12.8808,0.1204,0.1204,-0.0264,265.8181412963267,323.60469375205,639.4622971944344,253.65237281146517,266.8330082768289,235.49040510679544,424.6921229266906,1.959256764464304,218.0
17.1,12.3993,0.1181,0.1181,-0.0236,264.3935276142504,321.87038144343524,630.3111815611287,251.38888598845304,264.83153957648096,233.90347575029975,423.6345741985476,1.9797842392499003,218.0
17.12,12.0575,0.1065,0.1065,-0.0203,260.30262241222863,316.89014902358264,623.710636318187,246.4615310017908,253.132907864158,231.0483826566453,418.0160523797411,1.9695349246427405,218.0
17.14,11.8521,0.1004,0.1004,-0.0179,258.0341247349908,314.12849967738015,619.7192170350736,243.6825080501796,246.79937911768184,229.4263271827142,414.8928592269919,1.964919322885657,218.0
17.16,11.7148,0.1066,0.1066,-0.0149,259.8697060163607,316.3631203677434,617.061769048772,245.37096739710051,253.42958062416943,230.25830232685183,418.2247236338453,1.9898682397991545,218.0
17.18,11.661,0.1206,0.1206,-0.0057,264.0431576334584,321.4438440755146,616.1261703234981,249.74882136336893,267.7868592450491,232.54983859981832,425.0985363542641,2.0283663294664875,218.0
17.2,11.3578,0.1337,0.1337,0.0152,267.0484662407298,325.1024806408884,610.2057316899425,252.65793671871523,280.8891213143702,233.7362140633929,430.878389325264,2.0762436770270543,218.0
17.22,11.0547,0.1377,0.1377,0.036,267.4588679475798,325.6021001100972,604.1883229181235,252.7391931645413,284.9551443149529,233.47335136037907,432.5733913208408,2.1031849706181305,218.0
17.24,10.7499,0.1378,0.1378,0.0381,266.81283487119464,324.8156250605848,597.8659259553183,251.6372063442264,285.2813784336166,232.6243131619842,432.6517588570714,2.1227248674282837,218.0
17.26,10.2238,0.1366,0.1366,0.0164,265.1876934969972,322.837192083301,586.4001053971706,249.23925747082168,284.5709470434808,230.85630953769495,432.12639832862993,2.1552985224139296,218.0
17.28,9.4268,0.1326,0.1326,0.0172,261.97605420888897,318.92737034125616,568.5837290672962,244.8690709099969,281.40159530805533,227.6850696747887,430.32767298428206,2.202346706886076,218.0
17.3,8.4677,0.1185,0.1185,0.0224,255.4233600120522,310.9501774059766,545.8842248556969,236.5670199467722,268.2118146546676,222.1833391689003,423.87155147104767,2.243224453317013,218.0
17.32,7.6984,0.1009,0.1009,0.0334,248.03926396851503,301.9608430921053,526.5827182677766,227.42874318236528,250.34151333247613,216.3210442104385,414.93262744727065,2.262649047507579,218.0
17.34,7.4543,0.0958,0.0958,0.053,245.7612932696931,299.18766137180035,520.4311809829233,224.55832674445557,244.9157416728457,214.46350380469093,412.1663221548832,2.2698537195802766,218.0
17.36,8.1758,0.0913,0.0913,0.1063,247.1296165194776,300.853446197625,539.6955164309348,226.51035419463275,239.18520259312172,216.53897527310644,409.9961322599356,2.191453581768801,218.0
17.38,9.4345,0.0895,0.0895,0.11,250.27162846992897,304.67850422426136,569.9822274443424,231.21988582408508,236.20324229022384,220.7559874624176,409.4890209436124,2.0885808044988425,218.0
17.4,10.5116,0.0974,0.0974,0.0399,255.43238954296592,310.9611698783933,593.3343529431307,238.08096093061044,244.21845503025483,225.8713868473952,414.4686904747868,2.040739612884016,218.0
17.42,11.0434,0.1058,0.1058,0.0214,259.3001598460327,315.66975981256155,604.5153848393898,242.8718378895621,252.8161640907388,229.12280789771688,419.224866472296,2.031138847779283,218.0
17.44,11.2279,0.1095,0.1095,0.0159,260.8908817365338,317.6062908096933,608.3718879368596,244.7515805692684,256.5343059399343,230.3998042068125,421.2763312514045,2.0300600178830908,218.0
17.46,11.2081,0.111,0.111,0.0192,261.3813268326949,318.20335440501987,608.059774372404,245.17998082765848,258.0778558802652,230.67500376897505,422.138995119262,2.035373508540405,218.0
17.48,11.1023,0.1119,0.1119,0.0217,261.5043922754916,318.3531732049464,605.952857032998,245.1008249599317,259.0563153318584,230.58800041693732,422.67513876495485,2.0443988200362293,218.0
17.5,11.028,0.1133,0.1133,0.0273,261.83835428133943,318.759735646848,604.519452623296,245.2947764200948,260.521866327995,230.6763208913273,423.4603440321821,2.05271088303015,247.0
17.52,11.043,0.1141,0.1141,0.0345,262.18729311263684,319.1845307458188,604.9646977981115,245.6175187824444,261.30688961064675,230.9295717604016,423.97462163873,2.053939598928572,247.0
17.54,11.1289,0.1145,0.1145,0.0409,262.57135865591925,319.6520887985104,606.880125800486,246.0659416960455,261.63369936855986,231.32790606733872,424.314332161728,2.0498231083624945,247.0
17.56,11.2516,0.1136,0.1136,0.0484,262.6490557302333,319.74667654115353,609.5573799358202,246.23005214076247,260.612063985517,231.6151139453985,424.0358989764462,2.0402249953363745,247.0
17.58,11.3415,0.1158,0.1158,0.0547,263.56495133009093,320.8616798801107,611.5332399800102,247.2616293242073,262.7657783852505,232.32365475234792,425.2420509617874,2.04047131263424,247.0
17.6,11.3867,0.1181,0.1181,0.0608,264.4077691462896,321.8877189607004,612.5827041873765,248.15673831695483,265.03275172494733,232.91013155518965,426.46588078831184,2.043594960271456,247.0
17.62,11.3085,0.1201,0.1201,0.0666,264.8944387080676,322.4801862532997,611.0946789172125,248.51096552564613,267.06674119373565,233.0772333329281,427.4989349843588,2.053318747238371,247.0
17.64,11.0642,0.1214,0.1214,0.0716,264.8040283458599,322.3701214645251,606.1421107543401,248.03831962228645,268.5100041068118,232.6264333034096,428.1513658005047,2.071519623506194,247.0
17.66,10.6928,0.121,0.121,0.0779,263.91498902825373,321.2878127300481,598.4325573073784,246.55320626370192,268.35332078918594,231.4949870988815,427.98226926315874,2.0940113270323115,247.0
17.68,10.3029,0.1181,0.1181,0.0832,262.2386275134801,319.24702479901924,590.1417582829135,244.188216380246,265.706099467914,229.86920761163088,426.639590901318,2.112528257118709,247.0
17.7,9.7127,0.1089,0.1089,0.0883,258.18147501203845,314.3078826233512,577.1501694868438,238.9704837785468,256.69327712502565,226.4668614956708,422.101535468643,2.1297419787212,247.0
17.72,8.9709,0.1024,0.1024,0.0912,254.2644028787215,309.53927306974794,560.0560243423255,233.769416143192,250.3674461651673,222.81992264862416,418.6114053673987,2.16690414716652,247.0
17.74,8.2211,0.1004,0.1004,0.0965,251.3752326170953,306.02202231646385,541.8871759468966,229.78212847588316,248.7835915388283,219.7458775040695,417.388889414732,2.2213918048753976,247.0
17.76,7.6518,0.0964,0.0964,0.1003,248.2652254241564,302.2359266033208,527.4080367602111,225.7448416169969,244.86520301486877,216.82198694505456,415.0865772986652,2.2595463510950213,247.0
17.78,7.4334,0.0833,0.0833,0.1054,243.507040032176,296.4433530826491,521.7533865371146,220.04812023869047,230.16602371832383,213.38475419674003,407.308175689328,2.239248127592331,247.0
17.8,7.8436,0.0667,0.0667,0.1149,239.04421814558623,291.01035252506153,532.6689853553988,215.4047350999632,209.7817298806489,211.1773087502036,395.9786663776665,2.143319334880761,247.0
17.82,8.8407,0.0632,0.0632,0.1279,240.45256853462985,292.72486604215806,557.6299779123456,218.2488170382753,204.900189855328,213.95564979878256,393.67390198168266,2.047965894829832,247.0
17.84,9.9875,0.0674,0.0674,0.0694,244.8197945567349,298.04148902559035,583.5894120250002,224.54482986717795,209.7204641041962,218.98085182856337,397.4517552510264,1.9837049599121284,247.0
17.86,10.7185,0.0783,0.0783,0.0396,250.72993327640128,305.2364405104016,599.305190221921,231.7525555537398,222.4289447259092,224.0589989985348,405.5998485580874,1.9757862753041115,247.0
17.88,11.342,0.092,0.092,0.0222,257.0196902946535,312.8935360108826,612.2876600703345,239.1773527545783,237.54349179309335,229.0053826303146,414.4821742650957,1.9814086115648264,247.0
17.9,11.8529,0.1032,0.1032,0.0149,261.81146909267216,318.7270058519487,622.6792233630257,244.8801794040201,249.23771964483,232.74326681029052,420.97493163739983,1.9836819418941352,247.0
17.92,12.0197,0.1112,0.1112,0.0106,264.7290802502621,322.27888030466687,626.0436540632987,248.110917817346,257.3881658614916,234.73463175517531,425.24489232752256,1.9956507929862728,247.0
17.94,12.0655,0.1175,0.1175,0.0166,266.8025684123963,324.80312676291726,627.072744516741,250.29434475963475,263.69368092969194,236.01311153586207,428.4352448247827,2.0089984833708114,247.0
17.96,12.1264,0.1204,0.1204,0.0211,267.8485957911053,326.0765513978673,628.3859371317793,251.41508618519748,266.51864636292765,236.7360374120696,429.93254026987705,2.012803476355308,247.0
17.98,12.274,0.1228,0.1228,0.0275,268.9011558111366,327.35792881355763,631.4169993101032,252.6648172058405,268.77353624565507,237.61115297988587,431.19709992892496,2.010426104034415,247.0
18.0,12.4501,0.1253,0.1253,0.0345,270.02413358991885,328.725032196423,634.9862562521419,254.02874612419183,271.0899658330319,238.57141544687167,432.4955242363421,2.0067145297822635,240.5
18.02,12.6929,0.1261,0.1261,0.0437,270.7717698428091,329.6351980695067,639.827708568721,255.0906029658911,271.7022520255991,239.43617692245675,433.037022589956,1.995495339319835,240.5
18.04,12.9699,0.1188,0.1188,0.0522,269.17273439704985,327.6885462224955,645.2570498703666,253.75342334279807,264.37785539298227,239.06952474237144,429.8822038081664,1.963622603901476,240.5
18.06,13.2528,0.1116,0.1116,0.0604,267.44396043039217,325.58395182830355,650.7245413423004,252.34765902658347,257.0217225322692,238.64579439093916,426.5900946691712,1.931183657777986,240.5
18.08,13.6835,0.1044,0.1044,0.0692,265.7291500162218,323.49635654148744,658.8481449822774,251.26538502662223,249.46473086744692,238.49733094981343,423.12616453488425,1.8907752706891765,240.5
18.1,14.3161,0.1087,0.1087,0.0793,268.0592922734966,326.3330514633872,670.446441520349,254.6260549326348,253.5674001643648,240.93410444958047,425.6134840044598,1.8715145466046488,240.5
18.12,14.7884,0.1175,0.1175,0.0893,271.6010363332312,330.64473988393365,678.9395809412662,258.9121147550444,262.1326175563251,243.706770647311,430.1660363371708,1.8716898220031064,240.5
18.14,14.998,0.1242,0.1242,0.1003,274.04666674660007,333.6220290828175,682.7449658507038,261.65516567968245,268.5527751860149,245.4030083479823,433.4444457516466,1.8781881225278136,240.5
18.16,15.1814,0.1306,0.1306,0.1095,276.29574146438046,336.3600330870719,686.0547108078543,264.1590176273977,274.5715626371848,246.93588911838975,436.4458662570888,1.8846844522980497,240.5
18.18,15.3493,0.138,0.138,0.1203,278.7524620655964,339.3508233842043,689.0872069260776,266.8529815175916,281.4172928416931,248.5373367308817,439.742401114006,1.8935250680053504,240.5
18.2,15.492,0.1449,0.1449,0.1306,280.9604825832955,342.03884836227286,691.6682509111563,269.2595875599037,287.6827364154162,249.95499686434988,442.69386364651626,1.901848780747099,240.5
18.22,15.6261,0.1527,0.1527,0.1409,283.33503137467443,344.9296034126472,694.0898113608348,271.8291647299976,294.6482858018131,251.43364826725352,445.8739123439769,1.9118396230120207,240.5
18.24,15.7602,0.1617,0.1617,0.1512,285.9414631548915,348.10265079725923,696.4990434475259,274.64603736097524,302.53614607921634,253.0198225615214,449.3588482782117,1.9235103916098213,240.5
18.26,16.0118,0.1689,0.1689,0.1534,288.1614497372397,350.80524315837874,700.8002963231517,277.23962491553567,308.64985696493096,254.5937168546691,452.089231619558,1.926347198548678,240.5
18.28,16.5388,0.175,0.175,0.1515,290.4098762596651,353.5424580552445,709.5525555211847,280.26452202091974,313.58766968046695,256.6161219968151,454.4139002635194,1.9156358241023592,240.5
18.3,17.0439,0.1797,0.1797,0.1526,292.24308571865026,355.7741913096612,717.8075845542386,282.82713752567344,317.29230041709513,258.37628473820376,456.2099379234862,1.9037179269612383,240.5
18.32,17.5179,0.1829,0.1829,0.1525,293.64040162552885,357.47527154412205,725.4184270300316,284.89346632603565,319.7234339065817,259.85809791148506,457.4771933051981,1.890903452030496,240.5
18.34,17.8025,0.1845,0.1845,0.1503,294.4189031526075,358.4230125336092,729.9462017984075,286.03998850760536,320.89865492237,260.7292762322351,458.1765669074899,1.8830207220522968,240.5
18.36,17.888,0.1864,0.1864,0.1498,295.04869024464153,359.1897098630419,731.3543251771383,286.7341191797609,322.4132333421488,261.21032212806574,458.9300208216644,1.8832693686020725,240.5
18.38,17.7885,0.1871,0.1871,0.1518,295.1898044648015,359.36150108758443,729.8948913794031,286.65094073209644,323.0133474652704,261.1608428730912,459.26123791324176,1.888480550585727,240.5
18.4,17.6509,0.1874,0.1874,0.152,295.1896557472523,359.36132004013325,727.8203656569709,286.3653234005972,323.2991608622175,260.9825562089489,459.4569080157364,1.8945348349592623,240.5
18.42,17.6763,0.1886,0.1886,0.1513,295.5829513531812,359.8401146908293,728.2925479948065,286.7269120300617,324.2525354634544,261.2538237205032,459.9696177966868,1.895859270180299,240.5
18.44,17.7717,0.1885,0.1885,0.1497,295.74640493443377,360.0391016593107,729.8540962373105,286.95740300567337,324.0973562195766,261.5237725640724,460.0825247507648,1.8923590000485857,240.5
18.46,17.7953,0.1882,0.1882,0.1506,295.78306470569765,360.0837309460667,730.3071540465959,286.952205182295,323.81023707951573,261.6180042192753,460.11795879304617,1.8912364170056544,240.5
18.48,17.7522,0.1863,0.1863,0.1507,295.3643343007246,359.5739721921865,729.7122434151307,286.3810178088683,322.22915204064344,261.3851743668909,459.6290718605025,1.889997929461837,240.5
18.5,17.6093,0.1836,0.1836,0.1489,294.6383873399586,358.69021067473227,727.536809298275,285.3441771335899,320.0230368964998,260.84340272674314,458.85571183524365,1.8912480974045711,251.5
18.52,17.4036,0.1825,0.1825,0.1472,294.2221371103775,358.18347126480745,724.3562946157667,284.52739264626285,319.1730756053414,260.3507682889125,458.5828681032259,1.897673432987044,251.5
18.54,17.2632,0.1822,0.1822,0.1482,294.06980481553654,357.99802325369666,722.2102470219222,284.0810726794672,318.95977442845293,260.0897937771575,458.5825269910376,1.902938529817976,251.5
18.56,17.1664,0.182,0.182,0.1467,293.9885333155821,357.8990840363608,720.7330275569877,283.77196455659697,318.8101860832163,259.93348720521567,458.6230614165109,1.906734544255193,251.5
18.58,16.9952,0.1819,0.1819,0.1513,293.8437086899369,357.7227757964449,718.0962698698474,283.2896509403303,318.77731424056043,259.62447336452163,458.6812478056294,1.9135915183693264,251.5
18.6,16.8641,0.1823,0.1823,0.1505,293.85970978677244,357.7422553925926,716.0539253237279,283.02976859920966,319.1444614595647,259.45999853985,458.9108487930548,1.9198466377623424,251.5
18.62,16.8705,0.1832,0.1832,0.1481,294.1606785175587,358.1086521083324,716.2172448801549,283.26742080728,319.8640009091518,259.6578235230352,459.33090985519607,1.921456875429472,251.5
18.64,16.9392,0.1834,0.1834,0.1519,294.3748171346517,358.36934259870645,717.4278631838062,283.5128543771879,319.96933048990894,259.91090828263026,459.5346784117668,1.9192630664114168,251.5
18.66,16.8737,0.1832,0.1832,0.1539,294.32813958936987,358.31251776097207,716.4604941114121,283.2886798879132,319.8039419830861,259.81986889897235,459.581001909069,1.921818394336766,251.5
18.68,16.7227,0.1833,0.1833,0.152,294.2426221458581,358.2084095688708,714.076658238977,282.89456325427824,319.9283213567432,259.57281048979087,459.7076085955633,1.9284306024696445,251.5
18.7,16.6163,0.1835,0.1835,0.1524,294.23477815482414,358.1988603623946,712.4224956381316,282.64868246760494,320.114636350562,259.4349762969615,459.8755548034371,1.933402524987469,251.5
18.72,16.4892,0.1814,0.1814,0.1531,293.65493070483404,357.4929591189284,710.4239060696887,281.78365775425345,318.393959125199,258.9777673874904,459.2860532129541,1.9353307963083803,251.5
18.74,16.2922,0.1779,0.1779,0.1533,292.64344082636364,356.2615801364427,707.2584388140232,280.3701693672278,315.5236759047193,258.18883225081447,458.2072790490337,1.9377602831364469,251.5
18.76,16.1669,0.1749,0.1749,0.1543,291.8352477427313,355.2776929041947,705.2652975607016,279.27337705224147,313.02340930526464,257.6145316907994,457.29260212854416,1.938035560315494,251.5
18.78,16.198,0.1745,0.1745,0.1506,291.856071922421,355.30304407946903,705.8298742293464,279.26014001130056,312.6436599104785,257.71319674367874,457.2862675153871,1.9363806000030424,251.5
18.8,16.2005,0.1739,0.1739,0.1587,291.7967827277624,355.23086592944986,706.0021152264844,279.1294150951816,312.105431788998,257.72150729616374,457.205185316849,1.935364925308716,251.5
18.82,15.9186,0.1728,0.1728,0.1549,291.2317299119633,354.54297554499885,701.3503123854981,278.0433548426019,311.2743751592398,257.0114718041674,456.8917340881572,1.9457365805350344,251.5
18.84,15.5702,0.1732,0.1732,0.157,290.92556591993343,354.1702541633972,695.558799861527,277.1308107007834,311.7462215147044,256.3186169192468,457.0770598660152,1.9618022359356373,251.5
18.86,15.4887,0.176,0.176,0.1546,291.55467812296007,354.936129888821,694.2273742294286,277.58031259726755,314.12349830603165,256.5417891372932,458.1361481987361,1.9706813242462524,251.5
18.88,15.6918,0.1801,0.1801,0.1532,292.8933011367885,356.56575790565563,697.7396882970818,279.18128797662973,317.43993381638376,257.59112297589047,459.6772600384567,1.969254811237881,251.5
18.9,16.1556,0.1845,0.1845,0.158,294.6550169892129,358.7104554651288,705.6226965043559,281.60222336363205,320.8540686046784,259.2689020537643,461.3448860869634,1.9571077695886003,251.5
18.92,16.5448,0.1883,0.1883,0.1617,296.14205867305725,360.5207670802436,712.1424087173349,283.6288258966885,323.78003832704235,260.6764112462023,462.77451963504507,1.9474767444951933,251.5
18.94,16.6371,0.1924,0.1924,0.1597,297.2811654841057,361.9075058067375,713.7122020613173,284.8555175072052,327.060437542555,261.4289357122275,464.2153770042888,1.9507667898519427,251.5
18.96,16.716,0.196,0.196,0.1594,298.2777921676981,363.12079046502384,715.0707579180074,285.9169862357135,329.91441535974803,262.08682742441204,465.476030867601,1.953672901009957,251.5
18.98,16.8431,0.1981,0.1981,0.1562,298.99467537153294,363.9935178436053,717.1876786521472,286.75767832301784,331.5203906793625,262.6820229776001,466.2718543775041,1.9522190230430987,251.5
19.0,17.0866,0.1986,0.1986,0.1607,299.5080262967812,364.6184667960815,721.2211480930462,287.5631313049743,331.78316219996543,263.3576967413425,466.5985340698623,1.94344857524918,270.5
19.02,17.4163,0.1949,0.1949,0.1558,299.1613477280419,364.1964233210945,726.5282301426494,287.6150656694374,328.6285386370302,263.7487301311829,465.6489498135674,1.924866492658654,270.5
19.04,17.549,0.1787,0.1787,0.1605,295.54367300033334,359.79229756562324,728.7370163450034,284.08983535217027,315.24094288610087,262.21885288051305,460.5737177064459,1.892785465973652,270.5
19.06,17.3311,0.1626,0.1626,0.1599,291.26299770311573,354.5810406820539,725.3518481403618,279.39993302527995,301.65418823936017,259.78014540994127,455.0339828863233,1.872558971740905,270.5
19.08,16.9672,0.1511,0.1511,0.1576,287.82843819069245,350.3998377973648,719.5776188074699,275.33025698545225,291.7302093243558,257.4906279079581,450.7643681661687,1.8651403956663437,270.5
19.1,16.5468,0.1522,0.1522,0.156,287.7669585701849,350.32499304196426,712.8038319910341,274.4858048126076,292.8407739326626,256.7913164953349,451.22544911027086,1.8847608726322305,270.5
19.12,16.3732,0.1577,0.1577,0.1556,289.13859777668745,351.994814684663,710.0199196603301,275.4859627244531,297.71107247797295,257.233022074241,453.3972687105341,1.9029912205504524,270.5
19.14,16.5229,0.1678,0.1678,0.1552,292.0224427828702,355.5055825182768,712.553966581799,278.5386480543417,306.33356372232385,258.9761894492905,457.2227772925491,1.9160101662453857,270.5
19.16,16.901,0.1788,0.1788,0.1579,295.29402549676297,359.4883788656245,718.8077475902991,282.35479323265776,315.4216854276332,261.270070753392,461.211520349617,1.920390580621561,270.5
19.18,17.387,0.1891,0.1891,0.1627,298.41977319035806,363.2936369273924,726.7113151325444,286.19204175233574,323.6864718463809,263.63768028696467,464.8020267577303,1.9187056830376688,270.5
19.2,17.6868,0.1985,0.1985,0.1618,301.0265840509589,366.46714580116736,731.5236856567502,289.2109210408723,331.1355649372055,265.43071757515304,467.92520283007457,1.9226017386466576,270.5
19.22,17.9488,0.21,0.21,0.161,303.9790079115965,370.0614009358566,735.6992331114665,292.5260035232416,340.1174485736839,267.31699182956066,471.539123407767,1.9307395040506476,270.5
19.24,18.2108,0.2183,0.2183,0.1635,306.1624029302761,372.7194470455535,739.860342236948,295.06205291141293,346.4464841340322,268.8163447584708,474.0968370959134,1.933499023930528,270.5
19.26,18.6687,0.2227,0.2227,0.1644,307.7170105075939,374.6120127918535,746.9686392707674,297.2421502478365,349.62722335827146,270.304623763875,475.5406721925554,1.9232550517556828,270.5
19.28,18.8586,0.2232,0.2232,0.1619,308.1207895046789,375.10356983178303,749.9126253246566,297.8510469048922,349.90421366035525,270.82737208879365,475.8398923018876,1.9174045888225089,270.5
19.3,18.9532,0.2233,0.2233,0.1567,308.3278302668671,375.3556194553165,751.3864191306996,298.117138426623,349.91043760728,271.11079184941195,476.0100690134658,1.914503598440644,270.5
19.32,18.9591,0.2218,0.2218,0.1572,308.0976820621791,375.07543903221807,751.5556791114874,297.8114070589771,348.7210651013955,271.0493450463914,475.7189031121226,1.912401264445723,270.5
19.34,18.8528,0.2199,0.2199,0.1589,307.65554625770926,374.5371867485157,750.0364406089349,297.1235685103283,347.26173821460907,270.7145133808629,475.2917800496856,1.913730981519654,270.5
19.36,18.8129,0.2188,0.2188,0.1587,307.45621453828335,374.2945220466058,749.5072244202127,296.7803431231732,346.39248072230475,270.5970552233735,475.0988000561415,1.913855596251176,270.5
19.38,18.7427,0.2172,0.2172,0.1573,307.113472440397,373.87727079700505,748.5089742967756,296.24574978523486,345.1468080404934,270.36431373449835,474.7565820843059,1.914360138650771,270.5
19.4,18.6537,0.2161,0.2161,0.1576,306.85669801093,373.564675839393,747.2322354617207,295.77061651688274,344.2920618039206,270.142682358354,474.5504326557448,1.9162639255425185,270.5
19.42,18.7464,0.2166,0.2166,0.149,307.1463120205348,373.9172494163032,748.6650322514189,296.1173690028902,344.6119901724637,270.4649137298897,474.834209900001,1.9140385022202508,270.5
19.44,19.0054,0.2182,0.2182,0.1528,307.8617383740381,374.78820323795946,752.6872478296889,297.15477207206123,345.72116537749963,271.2430489437448,475.46079944942096,1.9072586681081456,270.5
19.46,19.3344,0.2202,0.2202,0.1535,308.72848188438064,375.8433692505504,757.703145802184,298.44978323321186,347.11258269061415,272.1980371958892,476.2094298156889,1.898747864391393,270.5
19.48,19.6776,0.2221,0.2221,0.1538,309.5757377615156,376.874811187932,762.875599136599,299.7473045287348,348.4199469793324,273.1612356724287,476.927611857117,1.8897823990886664,270.5
19.5,19.9367,0.2252,0.2252,0.1557,310.5872937506241,378.1062706529337,766.7744021562602,301.0795072000931,350.66608118514466,274.0694905099171,477.9581115331681,1.8855783793128649,274.0
19.52,20.1287,0.228,0.228,0.1547,311.458904886939,379.1673624710562,769.6497170340142,302.1652717009188,352.69534580687974,274.80793463859686,478.884647937511,1.883326091440521,274.0
19.54,20.3709,0.2313,0.2313,0.1535,312.47930130403813,380.4095841962204,773.2341042193236,303.4757855152682,355.0763552523248,275.6886579561259,479.9468844255399,1.8801160221769264,274.0
19.56,20.6973,0.2343,0.2343,0.152,313.5070617964529,381.6607708826383,777.9986184465479,304.9225082997477,357.19447391546703,276.69482421970673,480.93261851905066,1.8737558086807424,274.0
19.58,20.9669,0.237,0.237,0.1553,314.41038392604503,382.76046738822873,781.9413525619525,306.15965372127096,359.09608067379696,277.5535529461709,481.82020001916027,1.8688888856030708,274.0
19.6,21.3581,0.2396,0.2396,0.1545,315.39121284002545,383.95451997916143,787.5404978894251,307.6590814882094,360.8813792734756,278.6245839755329,482.6947670428637,1.860128108171275,274.0
19.62,21.7187,0.2423,0.2423,0.1548,316.35342893174806,385.1259134821281,792.6600398109389,309.0924965650673,362.7442390252103,279.6363019954591,483.5831026357769,1.8526456082393248,274.0
19.64,21.8779,0.2427,0.2427,0.1569,316.6549307002292,385.4929591133225,794.9603454629932,309.5609648939363,362.9586796844696,280.04818219192543,483.8376535735226,1.848453748868744,274.0
19.66,21.9523,0.2423,0.2423,0.1571,316.7150205302939,385.56611194992297,796.0702428588955,309.6582736381794,362.6057708953304,280.2260449669155,483.870650381694,1.84587148188978,274.0
19.68,22.0368,0.2421,0.2421,0.1539,316.8234637514483,385.6981297843719,797.2976418851534,309.8171661831048,362.3988098082468,280.44116012841715,483.95694433737714,1.843297321245231,274.0
19.7,22.124,0.2414,0.2414,0.1532,316.8277656267381,385.7033668499421,798.5740928896295,309.88052583503554,361.8214423308564,280.6124867934591,483.9132862384552,1.839940154754104,274.0
19.72,22.1638,0.2394,0.2394,0.155,316.5157025998298,385.32346403457547,799.2116424321307,309.5622042151191,360.2930050276562,280.57050660498595,483.5207430136239,1.8362466453197557,274.0
19.74,22.1726,0.2371,0.2371,0.1537,316.1096229456698,384.82910619472847,799.4052126365691,309.1022015262424,358.54665941202,280.44082938187296,483.0395921199093,1.833116155339209,274.0
19.76,22.0527,0.2359,0.2359,0.1597,315.8406544830148,384.5016663271484,797.8706344905637,308.5752031087092,357.64906447094666,280.182822716707,482.8253908193938,1.8353561520904735,274.0
19.78,21.9455,0.2351,0.2351,0.1514,315.6621659663192,384.2843759589973,796.4228956042688,308.1468257488348,357.0469300319802,279.9860851958268,482.7183456344817,1.8379556508320944,274.0
19.8,21.7857,0.2335,0.2335,0.1521,315.2694589256698,383.8062978225546,794.2925386659009,307.4312762805969,355.85947974965904,279.6116459879827,482.38724155440775,1.8409870156350403,274.0
19.82,21.643,0.231,0.231,0.1526,314.6911555957849,383.10227637747727,792.38900873339,306.562014456319,353.99071714819905,279.1760422976756,481.8123030431405,1.8422454601909988,274.0
19.84,21.4859,0.2291,0.2291,0.1524,314.2283049141664,382.5388059824634,790.2711506346075,305.7811818074186,352.57109014554936,278.77036279709523,481.3921402680527,1.8448201383934155,274.0
19.86,21.476,0.2285,0.2285,0.1505,314.16927510208507,382.4669436025384,790.200080907172,305.6296282511073,352.088638921265,278.7692693311017,481.3491019367,1.8445841440037785,274.0
19.88,21.4557,0.2275,0.2275,0.151,314.01393795714887,382.2778375130508,789.9971704132233,305.36942341468693,351.3072436484614,278.70783648896696,481.1938826583178,1.8440770017917436,274.0
19.9,21.2294,0.2258,0.2258,0.1558,313.5342723993254,381.6938968339614,786.9200110426161,304.4629672641706,350.04990861468497,278.1871701973843,480.8094941719945,1.8491088160267937,274.0
19.92,20.9956,0.2239,0.2239,0.1552,312.996739757438,381.03950926992457,783.6827156377892,303.4837321195868,348.64104985518105,277.62669395487296,480.3643162279162,1.8542354800940468,274.0
19.94,20.8286,0.224,0.224,0.1497,312.95347555914105,380.9868398111283,781.3476893387535,303.0902859684771,348.7273990966323,277.395270880026,480.4857878660629,1.86019324582554,274.0
19.96,20.8232,0.2246,0.2246,0.1506,313.1626511376086,381.2414883414365,781.3534791189534,303.2088624515925,349.14835485400505,277.5238408774985,480.7739081968327,1.861496697113148,274.0
19.98,20.8974,0.2256,0.2256,0.1532,313.5301619946479,381.68889286304966,782.5058209521103,303.61155849207825,349.849544232016,277.84577505845186,481.186215795237,1.8607361829522968,274.0
20.0,20.8996,0.2252,0.2252,0.155,313.52580010900755,381.6835827414005,782.6254869138761,303.5349013376159,349.51277828627,277.8863447081467,481.1973816349124,1.8603410779714664,274.0
