Depth,qc,fs,Qc,Fs,u,andrus_2007_holocene Vs,andrus_2007_pleistocene Vs,andrus_2007_tertiary_age_cooper_marl Vs,robertson_2009 Vs,hegazy_2006 Vs,mcgann_2015 Vs,mcgann_2018 Vs,Ic,Measure Vs
2.0,3.5586,0.0086,3.5586,0.0086,-0.0008,113.36926270576754,138.0147545983257,316.4655987997631,125.70339750649676,92.8814563492844,86.58680891457476,173.49405945400002,1.7978308127662506,190.3
2.01,4.0109,0.0088,4.0109,0.0088,-0.0008,115.09313043026611,140.11337617597616,331.4297769552392,101.19046643457249,73.81249918427682,88.3822824456453,174.3873968707175,1.7343394056481802,190.3
2.02,4.3569,0.009,4.3569,0.009,-0.0008,116.31041485054416,141.5952876441407,342.24166929765005,102.80723940707904,74.42070724965762,89.73238380721718,175.22460606483813,1.6915555249316023,190.3
2.03,4.7344,0.009,4.7344,0.009,-0.0008,117.28880971232827,142.7863770410953,353.4525045416753,104.26345799367002,74.64751625250067,90.93728886100996,175.5515789022932,1.645709491997876,190.3
2.04,5.1866,0.009,5.1866,0.009,-0.0008,118.2962279165734,144.012799202785,366.1650032825998,105.89812167391652,74.93992431068519,92.26569440588985,175.88866248005175,1.5957914768316643,190.3
2.05,5.2849,0.0092,5.2849,0.0092,-0.0008,118.74164058787576,144.55504071567483,368.9793058879992,106.53377127162234,75.45378433531197,92.81049340873984,176.63484108475643,1.5883466890276532,190.3
2.06,5.3753,0.0117,5.3753,0.0117,-0.0008,121.26088756852602,147.62195008342297,371.5567052887381,109.23580871003276,80.22058006608168,95.04085326397352,182.4892575285028,1.61237126564591,190.3
2.07,5.4068,0.0117,5.4068,0.0117,-0.0008,121.38956792106912,147.77860442564938,372.5655577827479,109.4728664341395,80.32731241177369,95.2489966460436,182.72087786399211,1.6091075252388094,190.3
2.08,5.7332,0.0129,5.7332,0.0129,-0.0008,123.03913700783748,149.78677548780215,381.1840163873493,111.61818250516588,82.61959202967152,96.96780332403732,185.3610922855942,1.5911166406024917,190.3
2.09,5.7332,0.0133,5.7332,0.0133,-0.0008,123.45486601070156,150.2928803608541,381.3650535605404,112.109139934633,83.44749473181513,97.34358981686432,186.32435118075503,1.5959713803669504,190.3
2.1,6.0281,0.0143,6.0281,0.0143,-0.0008,124.79452684708149,151.92377181383833,388.92654915538446,113.91232703569302,85.29315820805853,98.77195789350094,188.3858405097789,1.579239219312209,190.3
2.11,6.2208,0.0152,6.2208,0.0152,-0.0008,125.86155993102226,153.22276861167927,393.81505228932,115.31407948873884,86.9350546829844,99.85624292913332,190.1592015560436,1.5714579251294492,190.3
2.12,6.4999,0.0156,6.4999,0.0156,-0.0008,126.59707472782688,154.11817792952837,400.6608136329936,116.5068828314982,87.67466230879042,100.83866681105432,191.0928490181372,1.5507534413027124,190.3
2.13,7.074,0.016,7.074,0.016,-0.0008,127.5779552260232,155.31229331863696,414.01991499298737,118.38204103187827,88.3500542681261,102.42384595705376,192.0714938889225,1.506674132330064,190.3
2.14,7.3493,0.0159,7.3493,0.0159,-0.0008,127.80592122740924,155.58981714641126,420.29736453144113,119.10798903189318,88.26660723965881,103.06904067449972,192.19685925105804,1.483922838368131,190.3
2.15,7.6246,0.017,7.6246,0.017,-0.0008,128.96425139743323,156.9999582229622,426.4402577414914,120.736059268866,90.1098019472579,104.32832448643568,194.157178339758,1.4740595756131325,190.3
2.16,8.1593,0.0171,8.1593,0.0171,-0.0008,129.44981914304535,157.5910841741422,437.8268876625333,122.13905288272332,90.30737836515792,105.53892368482856,194.63111932032223,1.4364194766973386,190.3
2.17,8.3638,0.0205,8.3638,0.0205,-0.0008,132.22951840227577,160.97506588103138,442.18894668926487,125.19879177572368,95.61035373762856,107.66023501783094,199.5436247222482,1.4536821109027092,190.3
2.18,8.4975,0.0209,8.4975,0.0209,-0.0008,132.66547063891,161.5057903430209,445.0785346938914,125.9236942382363,96.30391829698284,108.21782446348958,200.30187752767617,1.448045576152793,190.3
2.19,8.4857,0.022,8.4857,0.022,-0.0008,133.53548600493312,162.5649394842664,445.04393095178375,126.8414511631944,98.10474750196242,108.79611676754024,201.8735190811761,1.4584316515977114,190.3
2.2,8.5644,0.022,8.5644,0.022,-0.0008,133.649102949915,162.7032557651139,446.8176606817804,127.1734208586825,98.20820266360072,109.07890524345964,202.1201442618023,1.4530667284705348,190.3
2.21,8.7098,0.0238,8.7098,0.0238,-0.0008,135.06503212578306,164.42699563138808,449.902353999197,128.863253631066,100.9729546696802,110.19856541310185,204.45703837927056,1.4583763422458724,190.3
2.22,8.8357,0.027,8.8357,0.027,-0.0008,137.35779999315668,167.2181912960168,452.5778968975207,131.3889754606845,105.7544520214672,111.72898175446174,208.09734072654447,1.475432209903753,190.3
2.23,9.1385,0.0268,9.1385,0.0268,-0.0008,137.42846123570675,167.3042136782517,458.64519402905455,132.01251543286327,105.42904725584296,112.34344847434592,208.1847356523337,1.4539869129004777,190.3
2.24,9.2289,0.0271,9.2289,0.0271,-0.0008,137.73658887111714,167.67932558222955,460.5770640702522,132.55661384706465,105.95748625122462,112.74695320517856,208.73756906715911,1.450478120074293,190.3
2.25,9.1581,0.0275,9.1581,0.0275,-0.0008,138.05077955141866,168.06181858433575,459.4266448162629,132.86676631870623,106.72597376467364,112.8987546934123,209.35943736809168,1.4580814358122582,190.3
2.26,9.2014,0.0278,9.2014,0.0278,-0.0008,138.3396389057477,168.41347345047546,460.4573363054019,133.3224953401677,107.28103297730078,113.21674124367108,209.8976290455437,1.4575653226535914,190.3
2.27,9.2446,0.0281,9.2446,0.0281,-0.0008,138.627170303518,168.76351167384803,461.483634614693,133.77709863831203,107.83535373466144,113.53336912204946,210.4329245661734,1.4570518028371398,190.3
2.28,9.4019,0.0281,9.4019,0.0281,-0.0008,138.7575418453186,168.9222248551705,464.6698011475972,134.2488214837255,107.8863045116574,113.94870277494805,210.69337935556933,1.4470694291959327,190.3
2.29,9.4884,0.0281,9.4884,0.0281,-0.0008,138.8607766238487,169.0479019768593,466.50036481974,134.589637077627,107.98189115935064,114.23797640481104,210.94108820195865,1.4416586060919503,190.3
2.3,9.3862,0.0277,9.3862,0.0277,-0.0008,138.64309286433954,168.7828956609351,464.7749203730155,134.33289618797917,107.61553573554876,114.06240226572712,210.7636409641936,1.4450906369810177,190.3
2.31,9.2328,0.0268,9.2328,0.0268,-0.0008,138.07212438794997,168.0878036027217,462.05687103148745,133.65201279484913,106.5456958315878,113.61748063458562,210.06542492243256,1.448015878118116,190.3
2.32,9.0559,0.0266,9.0559,0.0266,-0.0008,137.94866510291317,167.93750534267693,458.85092315020495,133.36920767182835,106.49960726300588,113.36704111146956,210.0603681659273,1.4579118524799166,190.3
2.33,9.0126,0.0264,9.0126,0.0264,-0.0008,137.87258704754726,167.84488857962276,458.20664182114047,133.33337422500114,106.3724314644248,113.3533367570961,210.07540265524497,1.4592044671494266,190.3
2.34,8.9536,0.0264,8.9536,0.0264,-0.0008,137.92281019078055,167.90602979747197,457.2522745841406,133.39693726330685,106.54834534486918,113.38108912111304,210.2929245141773,1.4630936964969992,190.3
2.35,8.934,0.0262,8.934,0.0262,-0.0008,137.85461484137568,167.82300937210954,457.0625641288274,133.40261291484325,106.40360389213596,113.40816213599156,210.30850320111617,1.4628407089234752,190.3
2.36,8.9475,0.026,8.9475,0.026,-0.0008,137.79923049074435,167.755584945254,457.518569890014,133.470092745867,106.23741501882716,113.4945986841684,210.3272870493258,1.4603969578218945,190.3
2.37,8.961,0.0256,8.961,0.0256,-0.0008,137.6069806910723,167.52154171087062,457.9738182662435,133.4026760625246,105.77141676022778,113.50659951190823,210.13080310916263,1.4563736558461422,190.3
2.38,8.993,0.0253,8.993,0.0253,-0.0007,137.48761296640245,167.37622448083778,458.7894715749549,133.43495506633525,105.44178785286408,113.58669986373324,210.0381997604912,1.4519109662400418,190.3
2.39,9.0048,0.0255,9.0048,0.0255,-0.0007,137.7015498111225,167.6366693352796,459.20991915823606,133.76245638351233,105.86959337161224,113.8150099604774,210.47850770414283,1.4527342004514627,190.3
2.4,9.0244,0.0252,9.0244,0.0252,-0.0006,137.57572347013843,167.48348944190764,459.7818928584107,133.7687989698739,105.54483374581324,113.87097352175036,210.38044313745652,1.4490884008989515,190.3
2.41,9.0244,0.025,9.0244,0.025,-0.0006,137.50977539342452,167.40320482677768,459.9711978186599,133.80284723751805,105.37852941686286,113.9273044743144,210.38383334320417,1.4475081891902932,190.3
2.42,8.9065,0.0242,8.9065,0.0242,-0.0006,136.9790468072285,166.75710046097385,457.8539232271217,133.19624676189625,104.3646741188598,113.53584289634158,209.6953851672417,1.4488008730513182,190.3
2.43,8.7531,0.024,8.7531,0.024,-0.0006,136.8458144070027,166.59490449548156,455.0110471872512,132.92123457726396,104.26826109548942,113.30399221601714,209.66097545664445,1.4573698030692197,190.3
2.44,8.6155,0.0238,8.6155,0.0238,-0.0006,136.71331577686192,166.4336018153102,452.44915381445134,132.67099542164766,104.16165632905512,113.09631959812468,209.6261516174231,1.4650297490335145,190.3
2.45,8.5132,0.0233,8.5132,0.0233,-0.0006,136.38080223778132,166.02880272425554,450.57170937648186,132.2763771506477,103.5699041131419,112.8313811613344,209.2462730957104,1.4678855251802865,190.3
2.46,8.3638,0.0228,8.3638,0.0228,-0.0006,136.01738595680553,165.5863829039372,447.71509566534166,131.77587816172564,102.99227775092682,112.46891335581832,208.84479435124248,1.4740471559850217,190.3
2.47,8.1633,0.0216,8.1633,0.0216,-0.0006,135.1068723665737,164.4779315766984,443.7625322771655,130.64967375403123,101.31973351259796,111.70070299338909,207.5577140099365,1.4778744871091247,190.3
2.48,7.829,0.0203,7.829,0.0203,-0.0006,134.003648732904,163.1348767183179,436.9053168089989,129.11802332104872,99.49722761693032,110.58373839823872,206.0363948536617,1.4905954903937932,190.3
2.49,7.7111,0.0191,7.7111,0.0191,-0.0006,133.08047507615575,162.01101313618963,434.5531935969413,128.09611926517988,97.69750599087445,109.90862210234708,204.5960236303197,1.4882793434546788,190.3
2.5,7.5892,0.0191,7.5892,0.0191,-0.0006,133.05938707906245,161.98534079190213,432.0874587522747,127.96498705562963,97.85349723690616,109.77896669338216,204.77944693621333,1.4975097629007432,154.8
2.51,7.5459,0.019,7.5459,0.019,-0.0006,133.0169226847003,161.93364500746125,431.31447345485327,127.93457493127708,97.81570482585587,109.76251689691182,204.83786321573152,1.4998859090033612,154.8
2.52,7.4712,0.019,7.4712,0.019,-0.0005,133.02571538961791,161.94434916996963,429.8479934083292,127.90664655580316,97.95487079114892,109.7266030563788,205.02893180164003,1.5056561067441536,154.8
2.53,7.3847,0.019,7.3847,0.019,-0.0005,133.02246708764292,161.9403947153914,428.1078474057479,127.84866939410362,98.09905687625456,109.66342564902496,205.2167845363037,1.5124144244051958,154.8
2.54,7.2864,0.019,7.2864,0.019,-0.0004,133.00596302824044,161.9203028169884,426.0887210358738,127.75988715421074,98.2487463505879,109.57210837938553,205.4013293951471,1.520193833433338,154.8
2.55,7.2628,0.0191,7.2628,0.0191,-0.0004,133.12799612432076,162.0688648469992,425.7265772916771,127.92458968530984,98.53768513366752,109.68841245270832,205.7410391524805,1.5230490585493035,154.8
2.56,7.0347,0.0199,7.0347,0.0199,0.0002,133.5877300486538,162.62854092879593,420.7342470389161,128.1380540629159,100.10974774495403,109.6772878351512,206.99744449442045,1.5492574454058077,154.8
2.57,6.8067,0.0203,6.8067,0.0203,0.0,133.71443802120112,162.7827941127666,415.63155924556577,128.02795267918034,101.02972125964985,109.4571848526156,207.68783132449565,1.57232865587986,154.8
2.58,6.728,0.0204,6.728,0.0204,0.0,133.76617132849972,162.84577379121708,413.94834312808257,128.0504114658914,101.36115745365672,109.4366994983622,208.00693709393423,1.5801041520126684,154.8
2.59,6.6061,0.0204,6.6061,0.0204,0.0001,133.69028259605807,162.75338750824463,411.2250632279601,127.88332294414288,101.54942901246352,109.266381728919,208.18244823329243,1.5908373118100587,154.8
2.6,6.323,0.0204,6.323,0.0204,0.0002,133.39797901276958,162.3975396677195,404.5567192310225,127.28873173243468,101.84906165614464,108.69577310185306,208.31798483399209,1.616567945116831,154.8
2.61,6.2168,0.0203,6.2168,0.0203,0.0002,133.24501223094316,162.21131923766993,402.1002880510973,127.06722939044508,101.85934871319633,108.502485849006,208.36112024077437,1.6255749887139337,154.8
2.62,6.1303,0.0202,6.1303,0.0202,0.0003,133.11409854484353,162.05194605459215,400.1057788388705,126.89367293074184,101.85534167033494,108.35454044132456,208.40734691185185,1.6328565879190955,154.8
2.63,6.032,0.0195,6.032,0.0195,0.0004,132.52219341241985,161.3313658933807,397.7932420697275,126.20728951331652,100.78434382158513,107.90084002946898,207.6292203186809,1.6354635891173477,154.8
2.64,5.9101,0.0187,5.9101,0.0187,0.0004,131.80550438966097,160.45887490915248,394.8513357127087,125.35658285338404,99.5257789198354,107.32384501534372,206.66872466867736,1.6393611150155043,154.8
2.65,5.5483,0.018,5.5483,0.018,0.0004,130.74179579473645,159.1639253153313,385.58149360318447,123.86426679066356,98.57833122475876,106.12722893644444,205.7468385583079,1.669071686246427,154.8
2.66,5.3517,0.0177,5.3517,0.0177,0.0004,130.21543471027184,158.523137908157,380.4459512811663,123.14808940185962,98.2517621305314,105.54058876121933,205.4386597506859,1.6870096198859832,154.8
2.67,5.1433,0.017,5.1433,0.017,0.0004,129.3288472938871,157.44381409690604,374.8564059024285,122.02779559648108,97.1572234554298,104.69695274445657,204.4978065224593,1.7026041796090785,154.8
2.68,4.931,0.0167,4.931,0.0167,0.0004,128.70469022431857,156.68397070786608,369.0052621590548,121.20579752095811,96.82173505457096,104.01773751426389,204.15438785067144,1.7239236071986352,154.8
2.69,4.7147,0.0161,4.7147,0.0161,0.0004,127.79753536066474,155.57960826515708,362.8700255325495,120.0731915713327,95.88467490414828,103.14136856776204,203.3096563134885,1.7432798783648926,154.8
2.7,4.4631,0.0154,4.4631,0.0154,0.0004,126.67019523008868,154.20719419315142,355.4778351241868,118.67974030323388,94.74127142009308,102.0584203844434,202.24593083708731,1.76703097225025,154.8
2.71,3.9991,0.013,3.9991,0.013,0.0005,123.41977035160733,150.2501552106524,341.005234359567,114.75884861706362,90.03342040506278,99.15694781751878,197.86461873496785,1.800088688291842,154.8
2.72,3.8064,0.0121,3.8064,0.0121,0.0006,122.07383024058976,148.6116194233267,334.7552633268984,113.1734528761,88.21249804672915,97.97003004201744,196.13883572624596,1.8161130364723657,154.8
2.73,3.6609,0.0116,3.6609,0.0116,0.0006,121.18483913988062,147.52936938768076,329.9282147840364,112.1417106373074,87.22030306356271,97.18018124293748,195.1906426352518,1.8313717316594176,154.8
2.74,3.6603,0.0112,3.6603,0.0112,0.0006,120.8775632487731,147.1552943898107,330.02699825724125,111.81608412509648,86.37150705123585,96.99380071253944,194.4818218477153,1.8255025775277576,154.8
2.75,3.6606,0.0111,3.6606,0.0111,0.0006,120.84334050179308,147.11363191522634,330.1563818976841,111.81117508273894,86.21664270994408,97.0209777005429,194.4344433254068,1.8239674350353503,154.8
2.76,3.6609,0.011,3.6609,0.011,0.0006,120.80845718163027,147.0711652645934,330.2853830375491,111.8052758770171,86.0606486322376,97.04715167194192,194.3843749577672,1.822425778650384,154.8
2.77,3.7946,0.011,3.7946,0.011,0.0006,121.32372734067717,147.69845067560698,334.96197508818784,112.47805103518968,86.09504146367757,97.64785237004352,194.61397107634264,1.801839737901694,154.8
2.78,3.9676,0.011,3.9676,0.011,0.0006,121.93727171993103,148.44537426774212,340.83678135356246,113.29887859403333,86.12756873844069,98.37525794062007,194.85575818979936,1.776314435341293,154.8
2.79,4.3569,0.011,4.3569,0.011,0.0004,123.11326088305074,149.87701324893135,353.36786681173544,114.94310428624853,86.14386154431189,99.80974767035342,195.1679867033274,1.722957903634005,154.8
2.8,4.5378,0.0114,4.5378,0.0114,0.0002,124.00626381574786,150.96414725395394,359.02805289224875,116.14347279131222,87.0796770028803,100.79444291948012,196.31298360797348,1.7055116715334795,154.8
2.81,4.6557,0.0122,4.6557,0.0122,-0.0002,125.079314325292,152.27046961339897,362.6887777900179,117.4910993630684,88.86205804241887,101.83941223784062,198.26786099341177,1.701867130039468,154.8
2.82,4.7737,0.0131,4.7737,0.0131,-0.0002,126.21071595661395,153.64782812109527,366.3019922582957,118.90769757124544,90.81709100501018,102.91430139691504,200.32796353343684,1.699401228805481,154.8
2.83,4.8641,0.0141,4.8641,0.0141,-0.0001,127.33357676806602,155.01478910894994,369.06637598837705,120.2925280566292,92.94843834738892,103.92690589806762,202.46223497537,1.7012778318312871,154.8
2.84,4.986,0.0152,4.986,0.0152,0.0001,128.57534121969147,156.526502354407,372.70386987924365,121.84455503851572,95.22494677140284,105.05329214712404,204.6691230336702,1.7003212511214485,154.8
2.85,5.045,0.0156,5.045,0.0156,0.0006,129.0851036844644,157.14708274630448,374.5155950210825,122.52128882548315,96.08909900282586,105.56161947113252,205.5620193923393,1.6982093682398434,154.8
2.86,5.1237,0.0165,5.1237,0.0165,0.0014,130.02842791013455,158.29547745581598,376.8717864326983,123.70461325667152,97.92917737422444,106.39440726717764,207.27369708624536,1.6995513437948802,154.8
2.87,5.1591,0.0165,5.1591,0.0165,0.0022,130.1590777863865,158.45452947907924,377.9993524659288,123.93687370953984,97.99906425257706,106.6033385431589,207.46738608385596,1.6955302315985092,154.8
2.88,5.2023,0.017,5.2023,0.017,0.0022,130.69759634571648,159.11011729043747,379.3358421433577,124.63494241319655,99.05064537215785,107.09971907439764,208.47033318220065,1.6962815711712529,154.8
2.89,5.2416,0.0169,5.2416,0.0169,0.0022,130.75545230469876,159.1805506318072,380.5584460237494,124.79040341315444,98.9210991203385,107.26667477848711,208.50487516729407,1.6907855008037005,154.8
2.9,5.2377,0.0168,5.2377,0.0168,0.0022,130.7264039299545,159.1451873929881,380.58039009209176,124.80681082133884,98.82004270180389,107.3053526207149,208.52507981034512,1.6901246583097045,154.8
2.91,5.1591,0.0164,5.1591,0.0164,0.0022,130.30854594369205,158.6364907140599,378.5176664369822,124.3138107820065,98.17095631631535,106.96033674611336,208.0306993491241,1.694473458616656,154.8
2.92,5.0529,0.0159,5.0529,0.0159,0.0026,129.74420712376147,157.9494695419705,375.6521470693626,123.62923668863134,97.3265898765154,106.46824083433016,207.34303162298315,1.7008832725285077,154.8
2.93,4.9113,0.0157,4.9113,0.0157,0.0024,129.3311539503574,157.4466222004351,371.7204968496463,123.08419839249042,97.09883438213332,106.0227301352674,207.1376629640766,1.7151480892783002,154.8
2.94,4.9049,0.0155,4.9049,0.0155,0.0025,129.2106432173925,157.29991348204302,371.661323442446,122.99037723078096,96.78288631018,105.99043010142572,206.96905366827065,1.7135666030394936,154.8
2.95,4.9555,0.0155,4.9555,0.0155,0.0026,129.37842623047203,157.50417106318335,373.24719884385775,123.2736980483596,96.84045534237777,106.24743924987553,207.16266705049003,1.707604721969575,154.8
2.96,5.0061,0.0154,5.0061,0.0154,0.0026,129.46197688373914,157.6058849019433,374.8239044794549,123.46337724402365,96.69464146815486,106.44593215919878,207.18129745282815,1.7005297209632906,154.8
2.97,5.1079,0.0154,5.1079,0.0154,0.0029,129.73165636027014,157.93419035163322,377.8449909596019,123.91484114869904,96.72565830207688,106.85509613451016,207.38905107293755,1.688836188453969,154.8
2.98,5.3635,0.0154,5.3635,0.0154,0.0032,130.2881508523694,158.6116619072323,385.0878374997026,124.85970090335717,96.6843014781658,107.70967545165716,207.6405072889057,1.6605108384319405,154.8
2.99,5.5365,0.0154,5.5365,0.0154,0.0026,130.65484547884913,159.0580727568598,389.91170000554666,125.51935431701229,96.69428152131064,108.30400505046802,207.8653979250954,1.6421608715167637,154.8
3.0,5.6349,0.0154,5.6349,0.0154,0.0012,130.87767282441118,159.32934082971798,392.6665944060381,125.93721499728127,96.7407344135186,108.67993408787687,208.0681877533804,1.6320217084543172,167.7
3.01,5.5857,0.0155,5.5857,0.0155,-0.0004,130.9325145226649,159.3961046362877,391.4738031507205,125.98684821098516,97.04554661502536,108.70161964623637,208.4052109559045,1.638284022976984,167.7
3.02,5.5796,0.0156,5.5796,0.0156,-0.0006,131.0601921081795,159.55153821865335,391.4378728097371,126.17083100260892,97.33290764287032,108.84285782023228,208.75292644778904,1.6400774717091555,167.7
3.03,5.5807,0.0162,5.5807,0.0162,-0.0005,131.61046483561526,160.22143545205338,391.5960246347439,126.82920486217353,98.60431794803276,109.2878266387303,209.9554674194522,1.6467459588354525,167.7
3.04,5.5818,0.0168,5.5818,0.0168,-0.0004,132.1522011424084,160.8809405211928,391.753811889092,127.48165154207308,99.87127012540664,109.72178005687162,211.12667508358945,1.6532952434528945,167.7
3.05,5.605,0.0174,5.605,0.0174,-0.0002,132.72419942764748,161.57728625974477,392.50368470001456,128.19634293943795,101.11964075899904,110.20813543150956,212.27481771063145,1.6574164962316482,167.7
3.06,5.6545,0.0186,5.6545,0.0186,0.0008,133.79498343383923,162.88084939771733,393.9572120694408,129.50065451570345,103.49917229185588,111.06129162776756,214.31455963720455,1.6649617604245512,167.7
3.07,5.8629,0.0197,5.8629,0.0197,0.0016,135.027988106567,164.38189856451635,399.57478652122455,131.1669248594459,105.52868032737022,112.27709987581432,216.1575484754656,1.6548827984799863,167.7
3.08,5.9809,0.0205,5.9809,0.0205,0.0016,135.86151404123603,165.39662578933084,402.75743652545947,132.2889082337917,107.02949432705628,113.0745516961818,217.4899337736904,1.6510406417790653,167.7
3.09,6.0674,0.022,6.0674,0.022,0.0016,137.12824945872023,166.9387384714855,405.1025667257823,133.86351154833727,109.82266425852542,114.07743329106655,219.6991712376918,1.656856716576725,167.7
3.1,6.1224,0.0229,6.1224,0.0229,0.0014,137.8967243728245,167.8742731495255,406.6303933384236,134.84850377010432,111.51270803937548,114.70951506268392,221.04265951644268,1.659813456219847,167.7
3.11,6.1224,0.0239,6.1224,0.0239,0.0013,138.63410255819957,168.7719509404169,406.75955682825855,135.74368004870516,113.4226377209297,115.22028941860472,222.45546609348045,1.668819374988339,167.7
3.12,6.0831,0.0245,6.0831,0.0245,0.0013,139.02835761449205,169.25191361764251,405.88918623123016,136.2142387733481,114.64786040792336,115.45362643533974,223.34435660848027,1.6779667440125747,167.7
3.13,6.0359,0.0247,6.0359,0.0247,0.0014,139.13988152507147,169.38768185660876,404.8120161062176,136.357191653426,115.1654611284793,115.50475124778336,223.74872426233745,1.6843825577402562,167.7
3.14,5.8904,0.0247,5.8904,0.0247,0.002,138.94979881336783,169.1562768162739,401.1861778033608,136.06469568114196,115.43817850604538,115.20171957379088,223.8889356390955,1.6989756605781083,167.7
3.15,5.8315,0.0247,5.8315,0.0247,0.0024,138.90211778464334,169.0982303465223,399.7770132639693,136.0176408590987,115.61358290982818,115.13685553276363,224.0524532267045,1.7049968666688315,167.7
3.16,5.7803,0.0246,5.7803,0.0246,0.0023,138.8005298379321,168.9745580635695,398.5571642988534,135.91510478932463,115.59888392344594,115.05335846256564,224.09934338177536,1.7094142509998849,167.7
3.17,5.7705,0.0246,5.7705,0.0246,0.0023,138.83838997287256,169.02064866262748,398.4235307252256,136.0094352876309,115.71614330309264,115.12632668517102,224.2757368294396,1.7104476102606525,167.7
3.18,5.7784,0.0246,5.7784,0.0246,0.0024,138.9084022782378,169.10588103437647,398.7566341656979,136.15584395748436,115.81190868024616,115.24987709519944,224.45679477841648,1.7096448475736978,167.7
3.19,5.7862,0.0247,5.7862,0.0247,0.0024,139.04324975567994,169.27004318082774,399.08617764222646,136.3775971741713,116.08982759008916,115.4117790169542,224.7559064792978,1.7097351695805068,167.7
3.2,5.8039,0.0248,5.8039,0.0248,0.0026,139.1958737125738,169.45584625878547,399.6769229751805,136.62848439585392,116.35559680061613,115.60182095288128,225.0572178571749,1.7087978468872935,167.7
3.21,5.9416,0.0254,5.9416,0.0254,0.0025,139.88377749921958,170.29329434687602,403.3967675190697,137.60659791026453,117.3820829155066,116.32404926673046,225.975209142225,1.6999824454294394,167.7
3.22,6.0989,0.0265,6.0989,0.0265,0.0024,140.90882864829737,171.54118270227508,407.5681308665895,138.99788548644517,119.26604132053222,117.27552361809038,227.446949117779,1.693649683768962,167.7
3.23,6.3151,0.0269,6.3151,0.0269,0.0024,141.56310935950052,172.3376983506963,413.1542836837518,140.0209048920721,119.8194659275906,118.11371157138171,228.1280055908049,1.6760792602985284,167.7
3.24,6.5196,0.0273,6.5196,0.0273,0.0024,142.1750198126436,173.0826328153922,418.3424403323877,140.99497936336684,120.38752930748493,118.90459897060128,228.7989474056846,1.6602435885916451,167.7
3.25,6.7044,0.0291,6.7044,0.0291,0.0025,143.6100236840143,174.82959405010433,422.9623063446724,142.89698276973698,123.38339340800712,120.1213884799051,230.9337445864868,1.6577323232406784,167.7
3.26,6.905,0.0302,6.905,0.0302,0.0025,144.6021924205317,176.03745164238643,427.8824109531152,144.31296082125522,125.11822710548113,121.10789689494436,232.2814465999957,1.6484149987041576,167.7
3.27,6.9875,0.0309,6.9875,0.0309,0.0026,145.18416738029904,176.74594289775536,429.958818722179,145.13539087117536,126.30717243306646,121.64968655322872,233.17550211286635,1.6465084425300418,167.7
3.28,7.0898,0.0317,7.0898,0.0317,0.0026,145.84317928852718,177.54821826429395,432.48317061129205,146.0688658533399,127.62939469090016,122.26719925352664,234.1575866797712,1.6436397114468226,167.7
3.29,7.1566,0.033,7.1566,0.033,0.0028,146.7396279949604,178.63954712429964,434.1668929139188,147.23772505916614,129.80940776785002,122.9455207508618,235.5819214681978,1.6473279322328942,167.7
3.3,7.1448,0.0334,7.1448,0.0334,0.0032,147.0108635366715,178.9697469142088,434.02555540035627,147.60704673868875,130.60128547839938,123.14314075419875,236.12955542716185,1.6511575923258894,167.7
3.31,7.0505,0.0333,7.0505,0.0333,0.0032,146.8897716697904,178.8223307284405,431.9578696924042,147.4387562208809,130.68242621013457,122.98058219971098,236.1950629564016,1.6585034063958397,167.7
3.32,6.8696,0.0331,6.8696,0.0331,0.0036,146.58910915306336,178.45630679503367,427.8201380319894,146.97790865371996,130.71749797478014,122.56262742803412,236.1449282262433,1.672819499637268,167.7
3.33,6.6258,0.0327,6.6258,0.0327,0.0034,146.06424654054788,177.81734361458004,422.080604622481,146.20402666401102,130.51174776431736,121.90544435306654,235.88836376379777,1.69184557725077,167.7
3.34,6.1578,0.0319,6.1578,0.0319,0.0034,144.89783264108925,176.39736147610867,410.55669917165073,144.50972128893096,129.96719934649877,120.47897135838068,235.1809550115099,1.7303849210871598,167.7
3.35,5.973,0.0322,5.973,0.0322,0.0034,144.7790246729409,176.25272568879765,405.9263229964133,144.3086120934007,130.89047209700203,120.14453996622152,235.5923474504827,1.751081498850894,167.7
3.36,5.8947,0.0316,5.8947,0.0316,0.0034,144.34760465547413,175.72751871101198,404.00473003676143,143.80015109533053,130.0961174422962,119.82864704688488,235.17130544769543,1.7546521851798589,167.7
3.37,5.8579,0.0309,5.8579,0.0309,0.0034,143.9351143531597,175.2253566038466,403.1581055713149,143.33780931211592,129.04995485630823,119.59701231470208,234.65294712752356,1.7531966953532585,167.7
3.38,5.8447,0.0304,5.8447,0.0304,0.0034,143.6778883114073,174.91221185736538,402.9290462815186,143.07703568531178,128.30665625023315,119.49477984035704,234.3275149848201,1.7507663539140148,167.7
3.39,5.903,0.0276,5.903,0.0276,0.0034,142.17888385013148,173.08733686102966,404.5777879469928,141.37556942516,123.34955021050637,118.80734033277318,231.59245063690625,1.722632609342118,167.7
3.4,5.9612,0.0264,5.9612,0.0264,0.0035,141.5871538690543,172.36696992754435,406.2157102939872,140.77911403651382,121.207037513701,118.63426382795124,230.44638578567944,1.7068165200772107,167.7
3.41,6.1657,0.0249,6.1657,0.0249,0.0036,141.0071155572733,171.66083633059358,411.6031413392501,140.3527022563958,118.32792698735528,118.73138949206997,228.9277279862129,1.6738407472882135,167.7
3.42,6.2168,0.0246,6.2168,0.0246,0.0036,140.93908923974612,171.5780216831692,413.02249298625946,140.38431345057126,117.82120419921954,118.84976501621824,228.75064072836827,1.6663227233523246,167.7
3.43,6.2679,0.0236,6.2679,0.0236,0.0036,140.3882263630326,170.90740600717015,414.4356940617494,139.86436491062528,116.02637059972255,118.67708245386392,227.70178303518875,1.6526550490002268,167.7
3.44,6.3427,0.0232,6.3427,0.0232,0.0036,140.27148090615034,170.7652811031396,416.4378566612157,139.8742853055518,115.30937868849384,118.80755361043204,227.3836891139882,1.642037028012258,167.7
3.45,6.4252,0.0233,6.4252,0.0233,0.0037,140.5095015894413,171.0550454132329,418.6193019664206,140.30009786469873,115.50993924004035,119.16747863927056,227.6997833578548,1.63526350792835,167.7
3.46,6.5432,0.0234,6.5432,0.0234,0.004,140.791300836579,171.39810536627013,421.6615716105093,140.82188024417107,115.67777306310906,119.61886649829148,228.0241877078905,1.6253483507211617,167.7
3.47,6.7083,0.0237,6.7083,0.0237,0.004,141.26514012007016,171.97495318965065,425.8157486127061,141.6245558143851,116.16893846855852,120.27233049918226,228.61110868572712,1.6132040556601188,167.7
3.48,6.9797,0.024,6.9797,0.024,0.0046,141.8472262389302,172.68357976913242,432.4413399718932,142.6982358674284,116.56506199256108,121.18444516190635,229.2192871315396,1.5922640986759726,167.7
3.49,7.0505,0.0247,7.0505,0.0247,0.005,142.46520462511108,173.43590128274394,434.2367809251496,143.54318488381736,117.8526927715459,121.7477116013685,230.2618659764725,1.5922655623566646,167.7
3.5,7.1055,0.0255,7.1055,0.0255,0.005,143.12632438349576,174.240742727734,435.6508735086131,144.41603776240623,119.32263436559504,122.3041526302384,231.39874246431464,1.5943726763496675,205.6
3.51,7.0151,0.0263,7.0151,0.0263,0.005,143.6157762976028,174.83659723186426,433.647993379586,144.905519922156,120.92611242349882,122.48937121649072,232.47558743464555,1.6086263379207817,205.6
3.52,7.0147,0.0271,7.0147,0.0271,0.005,144.19578750738592,175.5426978350785,433.7607006304145,145.62098069129638,122.4377562966388,122.89053794056962,233.5508888339072,1.6151662524777033,205.6
3.53,7.0149,0.0283,7.0149,0.0283,0.005,145.02351072038076,176.55036087698528,433.88726485396586,146.62326748406778,124.6413882286318,123.43108852585632,235.0387947671232,1.6246883193122392,205.6
3.54,7.0151,0.0292,7.0151,0.0292,0.005,145.64435535667198,177.3061717385572,434.0135210533251,147.39517170653062,126.3100706772578,123.85010618291564,236.16634155242352,1.631668440530214,205.6
3.55,7.1409,0.0296,7.1409,0.0296,0.0051,146.09709642417798,177.85733477726015,437.0924270261988,148.12727911245477,126.95887465186196,124.40531698882904,236.7844744315246,1.6240523934850553,205.6
3.56,7.3768,0.031,7.3768,0.031,0.0052,147.28081062982008,179.29837815804186,442.67588986129255,149.8329988139943,129.18021876650144,125.56740997304132,238.43820754108737,1.6149667941318644,205.6
3.57,7.6717,0.0331,7.6717,0.0331,0.0052,148.90775459742716,181.27900559686785,449.4781552605958,152.12214259759156,132.455878928691,127.06610063426028,240.7191555416719,1.6064134929259613,205.6
3.58,8.0964,0.0347,8.0964,0.0347,0.0052,150.30283540408578,182.9773648397566,458.9513039811169,154.31997792827534,134.6812302473377,128.6585618455997,242.46907370577705,1.5848900021279886,205.6
3.59,8.5329,0.0364,8.5329,0.0364,0.0053,151.69636168146414,184.67383161221724,468.37880371580064,156.54523593243002,137.0105676723224,130.25170382511166,244.2485229214262,1.5644183506676133,205.6
3.6,8.989,0.0385,8.989,0.0385,0.0054,153.2627678946088,186.58076091517592,477.919750384281,159.00141339958986,139.8977318043299,131.94641581139743,246.30410337484676,1.5462747240793162,205.6
3.61,9.3783,0.0402,9.3783,0.0402,0.0056,154.49997736086354,188.08692896105129,485.8562468482469,161.00421464482477,142.1885230001791,133.33416975269773,247.94318909612903,1.5310058793625885,205.6
3.62,9.7833,0.043,9.7833,0.043,0.0058,156.29569311218208,190.27301770178687,493.90176951820274,163.6521866386004,146.07816431322735,135.00398277467897,250.37647150182903,1.5218225002200436,205.6
3.63,10.0586,0.0455,10.0586,0.0455,0.0062,157.80698076694597,192.11284615106467,499.3026812557199,165.8014300465759,149.5915304063939,136.2863047077109,252.45059050627748,1.5190172844814154,205.6
3.64,10.3417,0.048,10.3417,0.048,0.0066,159.27715179913653,193.90261958155756,504.7631971748461,167.91826765559244,153.03220635191354,137.54609625866524,254.4413825085853,1.515634170221014,205.6
3.65,10.6248,0.0508,10.6248,0.0508,0.007,160.8541157570604,195.822401791204,510.1368972992085,170.15583239412226,156.84286032587312,138.83920474556976,256.55288712563345,1.5137119691834169,205.6
3.66,10.8883,0.0534,10.8883,0.0534,0.0072,162.28102289103867,197.55950612822105,515.0728624474715,172.20127676159245,160.33072498931622,140.0147342215162,258.4486916709838,1.5117473556805827,205.6
3.67,11.1006,0.0559,11.1006,0.0559,0.0076,163.60485913020335,199.17113285416065,519.0274809373843,174.06307310378833,163.6933181017318,141.0457674519555,260.207235358646,1.512007317212111,205.6
3.68,11.3051,0.0581,11.3051,0.0581,0.0074,164.75733145687127,200.57414264314764,522.799095647188,175.72494617376097,166.6102858009539,141.97819493110316,261.7317333620437,1.5111352900266883,205.6
3.69,11.4938,0.0604,11.4938,0.0604,0.0073,165.9261776872678,201.99708588015213,526.2561008527538,177.3857977155104,169.65201602700878,142.88412587448468,263.2689606917407,1.5114594005864597,205.6
3.7,11.6511,0.0625,11.6511,0.0625,0.0073,166.97271044312,203.27112575684177,529.1371792806475,178.86919461615705,172.4341652776876,143.67882960949805,264.6490315800431,1.5124264635413995,205.6
3.71,11.7966,0.0647,11.7966,0.0647,0.0073,168.0399814195157,204.5704121628887,531.7934926575307,180.36272702964703,175.34080231071746,144.45807127232746,266.04794686024894,1.5143102502319294,205.6
3.72,11.9736,0.0665,11.9736,0.0665,0.0073,168.92973384375335,205.653589027178,534.9696990033096,181.70011385513905,177.6485255905222,145.20692219956427,267.2100548646957,1.5127588321395204,205.6
3.73,12.0955,0.0686,12.0955,0.0686,0.0074,169.91340535536867,206.8511021717532,537.1865451140118,183.0725273788839,180.40996045313187,145.90346663884512,268.4946529676332,1.515202390565543,205.6
3.74,12.1348,0.0702,12.1348,0.0702,0.0076,170.6467921580122,207.74392088801488,537.9957962149156,184.0554376928264,182.6140164271324,146.36013669318098,269.48955468250455,1.519682302184966,205.6
3.75,12.1898,0.071,12.1898,0.071,0.0076,171.05150073609835,208.23660959177192,539.0683411832226,184.6864326168169,183.74432491007292,146.7021456792745,270.07825949746945,1.5201017089779607,205.6
3.76,12.1269,0.0715,12.1269,0.0715,0.0077,171.28883952797403,208.5255437731858,538.1463978149712,184.97462609448743,184.6500406533139,146.78693966374686,270.4966021670348,1.5252757242484862,205.6
3.77,12.0404,0.0715,12.0404,0.0715,0.0078,171.31256950788952,208.5544324443873,536.818493368207,184.98890484437507,184.9386610949331,146.74401978458184,270.66409315989296,1.529690273549131,205.6
3.78,11.9342,0.0713,11.9342,0.0713,0.008,171.24579956255366,208.4731472935436,535.1460523736555,184.87429498780105,184.99488042713213,146.63080242841605,270.7291939045318,1.5343592317695562,205.6
3.79,11.7101,0.0711,11.7101,0.0711,0.008,171.12387657567027,208.32471930951164,531.4243510561346,184.5483021284748,185.22579642107996,146.30441339836472,270.77332133342594,1.5452441138171766,205.6
3.8,11.4585,0.0662,11.4585,0.0662,0.0082,169.05296555609354,205.80361024220085,527.1721744859926,181.9352510986704,179.24254480154636,145.0919356964322,268.40715544396494,1.5386070907030749,205.6
3.81,11.1242,0.0688,11.1242,0.0688,0.0084,170.01151952158543,206.9705455045388,521.3803446375649,182.7243462353852,183.38516356362044,145.04324654835332,269.8750030557077,1.5675917053470718,205.6
3.82,10.8804,0.0652,10.8804,0.0652,0.0084,168.4520921261633,205.07211215359013,517.120287847992,180.69803601946109,179.06081153257875,144.04256569256628,268.12983791195063,1.5662378154445846,205.6
3.83,10.4518,0.0642,10.4518,0.0642,0.0086,167.82691260678314,204.31102404304036,509.3758217877285,179.54140866184943,178.511811397207,143.13175835576186,267.68905400649004,1.586683383636302,205.6
3.84,10.2552,0.0609,10.2552,0.0609,0.0085,166.35643693925218,202.52087975213308,505.82501360621967,177.66477041214395,174.3966304668,142.2201374539021,265.99703139981045,1.5838613524381284,205.6
3.85,10.1451,0.0581,10.1451,0.0581,0.0085,165.11622223219587,201.01105315223847,503.873688559831,176.16199444941353,170.77034199919285,141.54790197863446,264.5273090660505,1.577720808369712,205.6
3.86,10.0861,0.0562,10.0861,0.0562,0.0085,164.2801049057414,199.99317118959823,502.8815988628438,175.19549500417307,168.29408292001474,141.14105479477024,263.5479344004209,1.57237592641714,205.6
3.87,10.0271,0.0536,10.0271,0.0536,0.0086,163.09797160448872,198.55405238807325,501.8849531143335,173.8288832619331,164.7721854903247,140.5695966521103,262.0901804124465,1.5633907555798765,205.6
3.88,9.9831,0.0514,9.9831,0.0514,0.0086,162.0784031443673,197.3128386105341,501.1706907675196,172.6740059744522,161.7592180147124,140.09324734137044,260.8278440341247,1.555091804518092,205.6
3.89,9.9663,0.0485,9.9663,0.0485,0.0085,160.69309681666624,195.6263787333328,500.9756645433464,171.1424384445231,157.62572307310492,139.48556506788455,259.0315008159772,1.5411096157954156,205.6
3.9,9.9692,0.0463,9.9692,0.0463,0.0084,159.62223582824276,194.3227218778608,501.1583161840512,170.00696952896735,154.45292989038947,139.05419347964926,257.64084573372145,1.5291270293358954,205.6
3.91,9.9721,0.0451,9.9721,0.0451,0.0085,159.04605943164034,193.6212897428665,501.341460185761,169.43633264502,152.75813973069674,138.85607611984634,256.92978087390844,1.5223526267842564,205.6
3.92,10.1451,0.0445,10.1451,0.0445,0.0085,158.85539638298178,193.38917820536912,504.773316746236,169.5530831430712,151.75598653018787,139.1445313508062,256.6812991008489,1.508545933160532,205.6
3.93,10.1844,0.0435,10.1844,0.0435,0.0086,158.380744246681,192.81134082204645,505.6471594621798,169.15792169319172,150.30712510694926,139.05809158353262,256.09635449474035,1.500567743592515,205.6
3.94,10.3456,0.0389,10.3456,0.0389,0.0094,155.87167433130293,189.75682092506443,508.82014080088265,166.72626260386798,143.15975517908274,138.1835697938594,252.5939473307494,1.4640126526278865,205.6
3.95,10.4833,0.0342,10.4833,0.0342,0.0092,153.05998077802278,186.33388964281036,511.5237726798688,164.00652725194416,135.7441025841378,137.07166761405935,248.5844165044326,1.4263984893514463,205.6
3.96,10.6406,0.0342,10.6406,0.0342,0.0094,153.33762481930123,186.67189108436676,514.5712782792814,164.18850892741594,135.4611308262624,137.46254252931087,248.7709018070403,1.419557362535227,205.6
3.97,10.8136,0.0343,10.8136,0.0343,0.0093,153.67992086593554,187.088599315052,517.8795962446703,164.4631801103418,135.3261135532129,137.91221038344136,249.0539129600304,1.4126452999293908,205.6
3.98,10.8608,0.0344,10.8608,0.0344,0.0092,153.87655981449157,187.3279858611202,518.8706365412467,164.65050170323676,135.45123398911514,138.12865065845216,249.31485020584125,1.411480065175545,205.6
3.99,11.0062,0.0352,11.0062,0.0352,0.0092,154.54646723638248,188.14352533124824,521.6424050774252,165.47113020290092,136.56866842834032,138.75451212113188,250.24451147808887,1.4095943841538998,205.6
4.0,11.2697,0.036,11.2697,0.036,0.0092,155.33422989300294,189.10254073930795,526.5079042548377,166.36199641048145,137.43580707509457,139.58507598676422,251.17962617016823,1.4025488923573928,198.3
4.01,11.5292,0.036,11.5292,0.036,0.0092,155.69081831311752,189.53664838118652,531.237108327168,166.60860172026364,136.9744446211824,140.14065631740837,251.3806938747903,1.3918135655048742,198.3
4.02,11.425,0.0361,11.425,0.0361,0.0086,155.72837801299818,189.5823732332152,529.5265952527333,166.69364400081184,137.39613410021107,140.0867492816586,251.6129670572809,1.3971991621662108,198.3
4.03,11.5636,0.0376,11.5636,0.0376,0.0085,156.72700765235598,190.79809627243336,532.1015067399379,168.03654659263296,139.66154706452713,140.90247369024888,253.12977935533743,1.399226659275777,198.3
4.04,11.7022,0.0397,11.7022,0.0397,0.0084,158.0076091802024,192.35708943676812,534.6592860132598,169.81623615941913,142.8846087474689,141.88026041068193,255.10688880395105,1.4040301192610398,198.3
4.05,11.8595,0.0418,11.8595,0.0418,0.0087,159.27903654621724,193.9049140562645,537.5255290661863,171.56967102687344,146.02474228466914,142.86094200955392,257.0081432740892,1.4077798656074674,198.3
4.06,11.9382,0.0442,11.9382,0.0442,0.009,160.5887113679845,195.4993007958072,539.0177693732436,173.46094174896697,149.78214281585014,143.75974810959568,259.05446638978907,1.4159366161463862,198.3
4.07,11.8359,0.0471,11.8359,0.0471,0.0096,161.9126266546078,197.1110237534356,537.3818578510651,175.56899104044027,154.74075373087132,144.4397704060727,261.34942467520045,1.433589972947869,198.3
4.08,11.7455,0.0477,11.7455,0.0477,0.01,162.18266012777713,197.4397601555548,535.9420976954633,176.02143176583567,155.98027448276275,144.5306218096049,261.9275707649318,1.4405032399768292,198.3
4.09,11.5961,0.0483,11.5961,0.0483,0.01,162.38504003701405,197.6861356972345,533.4573903711009,176.43890991634183,157.37752799195482,144.51250710878898,262.4912238645866,1.4500101937922931,198.3
4.1,11.3995,0.0498,11.3995,0.0498,0.0101,162.96792462998414,198.3957343321546,530.11333119522,177.39036842763667,160.28887286428332,144.62165470193597,263.6664310343116,1.4660494113998443,198.3
4.11,11.3995,0.0507,11.3995,0.0507,0.0102,163.4837547471979,199.02370143137145,530.2415490471902,178.0417142712052,161.73173529659547,144.93493021236972,264.4440050471414,1.470650015101416,198.3
4.12,11.1478,0.0509,11.1478,0.0509,0.0106,163.57067177833673,199.12951346927952,525.8670817903774,177.82879318470185,162.45569049476993,144.61457489219413,264.6983673619938,1.4853082086768723,198.3
4.13,10.9787,0.0509,10.9787,0.0509,0.0108,163.5686461363848,199.12704747038157,522.932332635841,177.647070374985,162.7904681233964,144.3938996229786,264.8308088598532,1.4946565812668051,198.3
4.14,10.9001,0.0509,10.9001,0.0509,0.0108,163.59223842971758,199.15576852313447,521.6241649127018,177.63202440972975,163.01305750960083,144.3415894177381,264.97880609951926,1.499058335212096,198.3
4.15,10.8903,0.0509,10.8903,0.0509,0.011,163.63882522654984,199.21248288449547,521.5702902451254,177.7462853094683,163.14792076638335,144.41972287959274,265.13882689920314,1.4996162312434855,198.3
4.16,10.8804,0.0509,10.8804,0.0509,0.0109,163.68523022048453,199.26897592058987,521.5130324429399,177.85989608691656,163.2827436684123,144.49745730282598,265.29853497499687,1.500183633368555,198.3
4.17,10.9276,0.0508,10.9276,0.0508,0.0108,163.70064035153453,199.287736080129,522.4997424910355,178.02414723612577,163.1960582932895,144.6604807638587,265.40038183655383,1.4970412346827244,198.3
4.18,10.7467,0.05,10.7467,0.05,0.0108,163.27975437854053,198.77535315648413,519.3022968280371,177.35036647006055,162.35874524354688,144.21915869632994,264.981095465756,1.5031617396030137,198.3
4.19,10.5501,0.0498,10.5501,0.0498,0.0108,163.1507539685912,198.6183091791545,515.7752701756071,176.9845225468565,162.43425403070444,143.8839340812262,264.9670169775946,1.5134235384242298,198.3
4.2,10.2749,0.0498,10.2749,0.0498,0.0108,163.07705893339983,198.52859348413887,510.71539429310207,176.57076153595992,162.91986049081598,143.4323573223443,265.07501503165616,1.529590752568836,198.3
4.21,9.9406,0.0493,9.9406,0.0493,0.0108,162.70018510786343,198.0697905660946,504.4230655522253,175.73149408067042,162.74133246841384,142.72562522121214,264.8220105212746,1.547224735550882,198.3
4.22,9.6221,0.0495,9.6221,0.0495,0.0109,162.654002899446,198.01356874715168,498.30581618917046,175.3108750872272,163.61911717901626,142.19940415278242,265.05663393035985,1.5682012376991863,198.3
4.23,9.2525,0.0488,9.2525,0.0488,0.011,162.09456914595813,197.33251896029688,491.0225807431149,174.23390365821516,163.2105271983501,141.3255225281847,264.6480891048335,1.5884986761907396,198.3
4.24,8.875,0.048,8.875,0.048,0.0112,161.44048868385968,196.5362470933944,483.38676276010966,173.0478330801853,162.66566046354467,140.37985772961605,264.15639184640986,1.609735743906072,198.3
4.25,8.525,0.0466,8.525,0.0466,0.0114,160.47414936535813,195.35983401000124,476.12773064743504,171.5317269087329,161.13279141646208,139.31759491134684,263.2203500525956,1.626754089917097,198.3
4.26,8.2144,0.0455,8.2144,0.0455,0.0113,159.6574560419662,194.36559865978495,469.5355866449601,170.24960614396,159.99573988960768,138.39090820772364,262.48816499499986,1.6433617127281586,198.3
4.27,7.9627,0.0445,7.9627,0.0445,0.0113,158.9246910756696,193.47353696168472,464.0960229811938,169.1414509072452,158.91050257482604,137.60789267087145,261.82593061632264,1.656747130514761,198.3
4.28,7.6953,0.0432,7.6953,0.0432,0.0114,157.99587835254073,192.34280842918,458.1878769098353,167.78101373689606,157.34606765643633,136.68498887408998,260.9071526006401,1.6701276614659897,198.3
4.29,7.4476,0.0409,7.4476,0.0409,0.0114,156.54588076821403,190.57759397869532,452.60322917591606,165.80042956383596,154.0478118755914,135.51405416386214,259.1483221250966,1.6763849246225428,198.3
4.3,7.2392,0.0385,7.2392,0.0385,0.0114,155.04423411868655,188.7495024053576,447.8275129502399,163.79465907765055,150.42519653106916,134.37260512077754,257.2165327918283,1.678738810289419,198.3
4.31,7.0229,0.0349,7.0229,0.0349,0.0114,152.7999356784092,186.01731299980253,442.7715933847864,160.8680555376441,144.60154775944184,132.78694775702374,254.0469774709964,1.6734261554256522,198.3
4.32,7.0094,0.0327,7.0094,0.0327,0.0114,151.54469214473542,184.48919043706923,442.5478963382025,159.37508756106394,140.79348495333403,132.11977020817363,252.0498187355736,1.6592178119488712,198.3
4.33,7.0622,0.0309,7.0622,0.0309,0.0114,150.5643854720965,183.2957736182044,443.9195692818432,158.30568646346933,137.55455523104382,131.7271736892186,250.36173446038367,1.6415922988837777,198.3
4.34,7.1149,0.03,7.1149,0.03,0.0114,150.11018600646665,182.74283513830724,445.2833663773472,157.87839240512733,135.93134320188105,131.62953261413944,249.5608575003186,1.6303934050186033,198.3
4.35,7.2235,0.0294,7.2235,0.0294,0.0115,149.899321130118,182.48613007144803,447.9692632845215,157.82023292028123,134.7837608169176,131.78025098967024,249.07917763901835,1.6167321922294766,198.3
4.36,7.5734,0.0294,7.5734,0.0294,0.0116,150.31639285020796,182.9938695567749,456.2390456754167,158.8500503908436,134.4590673595158,132.76566783127512,249.3111734117849,1.588291911904094,198.3
4.37,8.0217,0.0294,8.0217,0.0294,0.0116,150.76113245496742,183.5352916843082,466.4754147642876,160.09290995609385,134.0575506617727,133.95497720656752,249.5618999949825,1.5537740551494703,198.3
4.38,8.4464,0.0295,8.4464,0.0295,0.0112,151.3413600965455,184.2416557697076,475.8629020038916,161.10565945686545,133.68593180893998,135.0776728457617,249.9119007427195,1.525396008231178,198.3
4.39,8.8317,0.028,8.8317,0.028,0.011,151.217083534086,184.09036256323512,484.1473807860708,160.21533921758,130.0177466722683,135.44639692047537,248.447454214694,1.4944080522254424,198.3
4.4,9.1031,0.0265,9.1031,0.0265,0.0109,150.84341996126557,183.635467778932,489.8862048969186,159.19764455594,126.70632438469056,135.5034447007498,246.87280244880344,1.470500585702461,198.3
4.41,9.3429,0.0252,9.3429,0.0252,0.0111,150.49623222456034,183.2128044472909,494.88717335961167,158.3228837520564,123.90690187146464,135.5305998948652,245.45187467095508,1.4499175470681658,198.3
4.42,9.3351,0.0249,9.3351,0.0249,0.0112,150.38151818182388,183.0731525691769,494.8406960033026,158.09659246659274,123.40301721769929,135.46493471658496,245.20898807139363,1.4487822107876276,198.3
4.43,9.3351,0.026,9.3351,0.026,0.0114,151.12619125080448,183.9797110879359,494.9522285150975,159.16668713006948,125.48354769217195,136.03729230495154,246.73190606803468,1.4562003378512016,198.3
4.44,9.221,0.0271,9.221,0.0271,0.012,151.69236313092128,184.66896381155635,492.7454752605903,160.10319279408512,127.7666626981589,136.34988469525638,248.18356122152184,1.4695314676038225,198.3
4.45,9.0795,0.0288,9.0795,0.0288,0.0124,152.5440205949694,185.70576420257143,489.95473613893927,161.53769439481604,131.2412165344624,136.82088677822128,250.2681134705213,1.4880535053535204,198.3
4.46,8.989,0.03,8.989,0.03,0.0124,153.16114815413488,186.45704992677287,488.19240098630246,162.5630469673124,133.70365763901677,137.17293045245216,251.7240450594917,1.5006948250139172,198.3
4.47,8.8671,0.03,8.8671,0.03,0.0125,153.0476560407032,186.3188856147691,485.7615529379816,162.49551440285,134.00934621463986,136.98875853760592,251.84127289452888,1.507906014889243,198.3
4.48,8.8062,0.0311,8.8062,0.0311,0.0126,153.63635144903796,187.03555828578533,484.5923650451429,163.45270059329374,136.242770855875,137.34782094063814,253.1531750914096,1.5183295574501583,198.3
4.49,8.7772,0.0319,8.7772,0.0319,0.0128,154.10342115331014,187.6041648822906,484.0899987065905,164.1727961523645,137.84302226397304,137.6576006820381,254.12752268325835,1.5251034732798392,198.3
4.5,8.7642,0.033,8.7642,0.033,0.0128,154.75003225732152,188.3913436176088,483.9226324885872,165.1581537262576,139.96111119787471,138.10141458507627,255.39089169379423,1.532641564360702,203.5
4.51,8.7606,0.0332,8.7606,0.0332,0.0124,154.9302899410014,188.6107877542626,483.9513643643922,165.38114288525122,140.37958966083312,138.24780263782,255.7343829229891,1.534415120834911,203.5
4.52,8.8119,0.0331,8.8119,0.0331,0.0123,155.0435927155956,188.74872156681204,485.1376016923677,165.40439417916377,140.10390975450204,138.41464653339494,255.788451835798,1.5313085111233231,203.5
4.53,8.8632,0.0331,8.8632,0.0331,0.0123,155.20873892590748,188.94976912719173,486.3206421251626,165.51260018960585,140.01533330397538,138.6155286982935,255.9425011972028,1.5287891399068148,203.5
4.54,9.0795,0.0329,9.0795,0.0329,0.0124,155.53015074320794,189.34105307868796,490.9269213106704,165.6162689137688,139.16674081331274,139.11293965701478,255.92930141084625,1.515891160682284,203.5
4.55,9.0795,0.0328,9.0795,0.0328,0.0124,155.5568764518934,189.3735887240441,491.0338675779236,165.589226430499,139.0218164780248,139.1628898332768,255.97048819738637,1.5157232817684625,203.5
4.56,9.3508,0.0329,9.3508,0.0329,0.0126,156.10552955140452,190.04151423649247,496.6950187970532,166.00028115485313,138.6230956618954,139.87481702339986,256.26990518863505,1.5018599263215606,203.5
4.57,9.626,0.0329,9.626,0.0329,0.0126,156.5844740423192,190.6245770949973,502.3365738479684,166.32776706364913,138.06114308025565,140.54583809524613,256.4670167684759,1.4876622227699894,203.5
4.58,9.9131,0.0331,9.9131,0.0331,0.0127,157.16663099122096,191.33328990235597,508.11680828416553,166.83009989585594,137.85609258030485,141.2987485878372,256.8669983461815,1.474400131874629,203.5
4.59,10.2985,0.0334,10.2985,0.0334,0.0128,157.90519783871812,192.2324147601786,515.6840516762227,167.50154119757875,137.65173389751862,142.26961573337184,257.3830440483704,1.4572908801340374,203.5
4.6,10.4597,0.0342,10.4597,0.0342,0.013,158.6138586817897,193.09513230826573,518.8644979970334,168.3646378397201,138.7646894935729,142.9550283281974,258.3481303339104,1.4542150277713064,203.5
4.61,10.9433,0.0351,10.9433,0.0351,0.0132,159.25512286786352,193.87580175218167,528.0127554031296,170.1500246961247,140.0034479942915,144.28611067255753,259.4512169783147,1.4319290869760144,203.5
4.62,11.081,0.0352,11.081,0.0352,0.0134,159.51349088729,194.19033673235305,530.654910909706,170.44144515761627,139.98562205716527,144.6674088290618,259.7135482869063,1.426307921366178,203.5
4.63,11.2422,0.0366,11.2422,0.0366,0.0136,160.50394059963546,195.3961015995562,533.7049167870983,171.75614556060387,142.08882666974952,145.52608864954607,261.20445926411946,1.4266473552394705,203.5
4.64,11.3248,0.0405,11.3248,0.0405,0.0142,162.72223165474787,198.09662984056263,535.3155977895237,174.83152915468514,148.4047585695852,146.99717428783572,264.82426982096723,1.4432680627039711,203.5
4.65,11.3719,0.0416,11.3719,0.0416,0.0144,163.40566017483658,198.92862977806192,536.2797803419583,175.75200490328052,150.15769760410873,147.50082416921,265.90141589624125,1.4468868366878318,203.5
4.66,11.3444,0.0434,11.3444,0.0434,0.0146,164.7725872356458,200.5927148955688,535.8988185069236,176.5656700200431,152.58980315531292,148.05711953578336,267.5102581741094,1.461266115663754,203.5
4.67,11.2776,0.0439,11.2776,0.0439,0.0146,165.02039983501234,200.89439979914548,534.8049856551768,176.94213885403173,153.59961610960127,148.1602403543603,268.04253543343947,1.4669961370165434,203.5
4.68,11.2107,0.0468,11.2107,0.0468,0.0148,166.3801597796648,202.54975973176587,533.704902895512,179.03642440208492,158.5207605770798,148.9099402007569,270.415262115148,1.4836403488451029,203.5
4.69,11.1596,0.0469,11.1596,0.0469,0.015,166.44999351465302,202.63477471349063,532.8878670708476,179.1318117528914,158.8506131289064,148.92671900323654,270.6272684281833,1.4868284744871711,203.5
4.7,11.0141,0.047,11.0141,0.047,0.015,166.40733427888503,202.58284173081657,530.3355566032631,179.1529578060382,159.416175650885,148.75987608274286,270.821823345596,1.4944485031941497,203.5
4.71,10.8529,0.0471,10.8529,0.0471,0.0151,166.34001649042418,202.5008896405164,527.469164802761,179.159682833519,160.02882590413597,148.55831535627453,271.0127991124668,1.5029169670975908,203.5
4.72,10.444,0.0464,10.444,0.0464,0.0152,165.58284574781433,201.5791165625566,519.8990628072646,178.39231384542722,159.97814679394952,147.64254382241862,270.554046217959,1.5200526793754996,203.5
4.73,10.2002,0.0458,10.2002,0.0458,0.015,165.06240069721036,200.94553128356048,515.3376941511314,177.8177481996769,159.66776173601318,147.06885314653877,270.1940869186297,1.529948989056923,203.5
4.74,9.976,0.0455,9.976,0.0455,0.015,164.69105027404876,200.49345250753765,511.0891375671421,177.4683848249642,159.81385405626406,146.60503141639643,270.063216003601,1.5404903518565771,203.5
4.75,9.8069,0.0442,9.8069,0.0442,0.015,163.93146656697022,199.56874190761596,507.8692160539942,176.428033366315,158.10607643393988,145.9786242460599,269.15686956389453,1.5436466838894896,203.5
4.76,9.4609,0.0433,9.4609,0.0433,0.015,163.07000609405597,198.52000741885075,501.0548094542914,175.50517076579123,157.55954756377528,145.06255563571335,268.5094908844096,1.558363831328582,203.5
4.77,9.3901,0.0415,9.3901,0.0415,0.015,162.1964302215508,197.4565237479749,499.7234034733778,174.13930737614368,154.6554246331943,144.48023378392278,267.1584514622,1.5538157449314811,203.5
4.78,9.339,0.0392,9.339,0.0392,0.0151,161.08753034760716,196.1065586840435,498.78696675390415,172.37471680014406,150.782307174059,143.76884239798912,265.3153790982607,1.545377855119639,203.5
4.79,9.2604,0.0381,9.2604,0.0381,0.0152,160.4998382560303,195.39110744212385,497.2829670531235,171.48927968822022,149.07127727785715,143.33839993173757,264.4587539033788,1.544399570628057,203.5
4.8,9.1109,0.0359,9.1109,0.0359,0.0154,159.22871295557388,193.8436505546117,494.3046751051242,169.63074065147998,145.54198444279243,142.38116775775543,262.5287194900819,1.5413800010133536,203.5
4.81,8.8907,0.0362,8.8907,0.0362,0.0156,159.09948209821877,193.68632603261415,489.809787520033,169.69754636625285,146.67715356687447,142.06063227274527,262.9037010545976,1.5559647093118514,203.5
4.82,8.7492,0.0336,8.7492,0.0336,0.0154,157.588653202196,191.84705607223864,486.9174160345119,167.45405972796695,142.30395687516946,140.94007596475475,260.4745688823975,1.5500689107760215,203.5
4.83,8.7452,0.0331,8.7452,0.0331,0.0152,157.3921512390859,191.60783629106112,486.9314452043161,167.0821718274673,141.42456870481027,140.83665196914657,260.10285235143067,1.5478230568690272,203.5
4.84,8.713,0.0317,8.713,0.0317,0.015,156.65683241137916,190.7126655442877,486.3447383998498,165.90773689108894,138.93619048734453,140.33852353945733,258.7739631132231,1.5419265997487608,203.5
4.85,8.71,0.0306,8.71,0.0306,0.015,156.11954180072067,190.05857262696432,486.3801599209722,165.0067157913499,136.92456619151616,140.0011229141249,257.7224997385491,1.5359268541074946,203.5
4.86,8.7119,0.0289,8.7119,0.0289,0.0142,155.23023591772758,188.97593937810316,486.5164588236413,163.57269655175963,133.77097726830613,139.42269773246343,255.9483218581551,1.5257768053427812,203.5
4.87,8.7138,0.028,8.7138,0.028,0.0142,154.77968291780456,188.42744007384903,486.6559969238168,162.83082152270893,132.1124761690318,139.14092412551662,255.03081737794795,1.5203530740099698,203.5
4.88,8.7452,0.027,8.7452,0.027,0.0142,153.9247080136318,187.38660106007356,487.42390539429016,162.47634549191514,130.64836195201892,138.87260091648798,253.96645438255345,1.508374643922605,203.5
4.89,8.9025,0.0278,8.9025,0.0278,0.0143,154.71078810768495,188.34356813109477,490.8533902302311,163.46234805214712,131.9150318737134,139.64684535508766,255.09803242701585,1.5047399605207772,203.5
4.9,8.9379,0.0261,8.9379,0.0261,0.0146,153.77750136019762,187.20739296024055,491.6985329733069,162.05993038534723,128.72097779025822,139.0757485460304,253.15223864873892,1.491804684699263,203.5
4.91,8.8986,0.0246,8.8986,0.0246,0.0144,152.83514904139224,186.0601814416949,490.97003641443007,160.70048099243033,126.00224670644468,138.38480763814306,251.33323272973885,1.4842050603418433,203.5
4.92,8.8593,0.0244,8.8593,0.0244,0.0143,152.71960524286146,185.91951942609225,490.239182693211,160.51426956673805,125.7201088979602,138.2811529663235,251.1876942890457,1.4854099983373226,203.5
4.93,8.6312,0.0208,8.6312,0.0208,0.0143,150.04810348755052,182.6672564196267,485.4777730738367,156.82731421293872,119.18114809823145,136.02626497159076,246.10769123184176,1.4730837507495165,203.5
4.94,8.4896,0.0194,8.4896,0.0194,0.0144,148.92366734187036,181.2983776335813,482.5179919238741,155.2805925321509,116.65872935286592,134.99609914248418,243.9836161764994,1.4710782328547385,203.5
4.95,8.2419,0.0193,8.2419,0.0193,0.0143,148.53873150742453,180.82976009599508,477.18773204177177,154.8110191416614,116.76089337796888,134.4396156046081,243.89108358636736,1.4854301213133865,203.5
4.96,7.8684,0.0193,7.8684,0.0193,0.0143,147.99136106935407,180.16339608443107,468.9050876178403,154.209887367012,117.22348865616472,133.61974284312438,243.93191728235303,1.5090207609870436,203.5
4.97,7.4515,0.0192,7.4515,0.0192,0.0143,147.54058524361616,179.61462551396752,459.34965374168746,153.0722559787624,117.27878508502089,132.59342675410971,243.79325446112404,1.5394293283649885,203.5
4.98,6.9757,0.0192,6.9757,0.0192,0.0144,146.5697915235102,178.43278968079505,448.0103783381527,152.32473583514053,118.0685286784466,131.41296820149864,243.79819646921064,1.572183397650163,203.5
4.99,6.5275,0.0192,6.5275,0.0192,0.0144,145.5579267683731,177.20095432671508,436.8796298115464,151.59140292099158,118.90643668563597,130.23488397598575,243.8021213244842,1.6053580649417238,203.5
5.0,6.0831,0.019,6.0831,0.019,0.0149,144.0163412310875,175.3242414987152,425.3616849217034,150.9634163882567,119.72047594003666,128.8789611552754,243.4667504751321,1.6354492091520965,236.8
5.01,5.6506,0.0189,5.6506,0.0189,0.0154,143.26341969054835,174.4076413624067,413.6355094030929,149.4265991168726,119.87927212961064,127.53243679053767,243.28998654289776,1.6783610746256976,236.8
5.02,5.218,0.0189,5.218,0.0189,0.016,141.93116359115533,172.78576437184128,401.3296867518087,148.5702037124671,120.98004619089444,126.14800100373728,243.2693308484728,1.7190455888312746,236.8
5.03,5.0725,0.0187,5.0725,0.0187,0.0162,141.48571396101804,172.24347786558718,397.0995009556431,147.89315041301245,120.73920291624049,125.59390163617329,243.004607250176,1.7337549343840255,236.8
5.04,4.9231,0.0185,4.9231,0.0185,0.0162,141.01208528018716,171.66688642805394,392.6705126240178,147.1850039774088,120.50284238305248,125.01183563478892,242.7334182933445,1.749416869696781,236.8
5.05,4.8209,0.0184,4.8209,0.0184,0.0164,140.7167772522738,171.3073810027681,389.6161739234333,146.75083076469164,120.44629731124633,124.64738022277224,242.6464485209193,1.7608391203060687,236.8
5.06,4.7865,0.0172,4.7865,0.0172,0.0163,139.69950468848026,170.06896222945423,388.62801741657165,145.45466666376376,117.71851331623154,123.89196149815108,240.6360377192652,1.751840987860848,236.8
5.07,4.8136,0.0148,4.8136,0.0148,0.0162,137.74911948627587,167.69458024416195,389.5420169378679,143.0604165365179,111.97487528505702,122.52294803702164,236.10819988701127,1.7203722227102431,236.8
5.08,4.8408,0.0139,4.8408,0.0139,0.0162,137.08408671954436,166.88497513683663,390.4569963957462,142.17202587692557,109.75066466977012,122.0523741242889,234.31688514479745,1.7066414779919146,236.8
5.09,4.8956,0.0135,4.8956,0.0135,0.0162,137.0307172372189,166.82000359313608,392.21485308807326,141.82480736644112,108.6281374702114,122.02115250589782,233.5647549444571,1.6971676668140552,236.8
5.1,5.1433,0.0136,5.1433,0.0136,0.0162,138.26887154383738,168.32732187945422,399.752938111953,142.34432104746736,108.2516139050158,123.03392775838324,233.99051743029364,1.6773128417834589,236.8
5.11,5.4658,0.0138,5.4658,0.0138,0.0163,139.17622295283175,169.4319235947517,409.2226545410299,143.83993633947895,108.64990771678534,124.33429479470156,234.6568097767461,1.6450536659566155,236.8
5.12,5.9376,0.0142,5.9376,0.0142,0.0164,141.12618097837773,171.80578553889464,422.4468503301506,145.265643459335,108.82550007854567,126.1928589769906,235.79102004616672,1.6111090277292843,236.8
5.13,6.4842,0.0152,6.4842,0.0152,0.0166,143.4206397740662,174.59903972495016,436.9774626416481,147.65267000190318,110.46596442310704,128.5969860810086,238.15892020778648,1.5780928725097787,236.8
5.14,7.6953,0.0164,7.6953,0.0164,0.0163,146.7006832090979,178.5921360806409,466.59182957664143,151.74465847373767,112.08009305592518,132.71319033863915,240.94681721800745,1.5017302487679025,236.8
5.15,8.293,0.0185,8.293,0.0185,0.0162,149.3225009121921,181.78391415397303,480.203064570196,155.07242008201422,115.79810263882132,135.57198845331789,245.00659537643665,1.4820013542365145,236.8
5.16,8.7413,0.0207,8.7413,0.0207,0.0162,151.6256001332936,184.58768711879225,490.048647378974,158.05527610618842,119.65672749765184,137.95801165549204,248.8306863166452,1.4727316756329398,236.8
5.17,9.1385,0.0253,9.1385,0.0253,0.0162,155.32647851376365,189.09310427762532,498.5307400638119,163.00829653258032,127.88636500560168,141.2515379664716,255.6165711716055,1.482986590779041,236.8
5.18,9.5553,0.0273,9.5553,0.0273,0.0163,157.19710895086854,191.3703935054052,507.19144824178426,165.43400099944645,131.00048397642402,143.13906597346747,258.36884083191904,1.4734560718773524,236.8
5.19,9.6929,0.0299,9.6929,0.0299,0.0164,159.0258469354248,193.59668322573447,510.066001257032,167.9007198588358,135.5102845347955,144.59870201979194,261.5978130904271,1.4826625044123694,236.8
5.2,9.6536,0.0328,9.6536,0.0328,0.0169,161.08698040046372,196.1058891831732,509.3743502875796,169.8833472773271,140.3450564259347,145.70670618300505,264.88593698242056,1.5059931822446486,236.8
5.21,9.6634,0.0357,9.6634,0.0357,0.0173,162.73934200437907,198.117459831418,509.6702930597016,172.3140335034869,145.50583440204258,146.83476273474685,267.9517076757667,1.5218680164989498,236.8
5.22,9.6732,0.0382,9.6732,0.0382,0.0173,164.12043026582543,199.79878467143965,509.9644077629342,174.3579491761133,149.9121335126636,147.76228078683036,270.4530285639457,1.534961160416131,236.8
5.23,9.7204,0.041,9.7204,0.041,0.0177,165.65682497955584,201.669178235981,511.01160947036567,176.6154200958053,154.70219762132749,148.8157400177953,273.0935523305031,1.5470513322018526,236.8
5.24,9.8187,0.0444,9.8187,0.0444,0.0181,167.49744079836609,203.90992792844568,513.0774502519141,179.29965188840683,160.31732684010768,150.09992733229288,276.0905593819425,1.558692066871629,236.8
5.25,10.1412,0.0446,10.1412,0.0446,0.0183,168.12195607188602,204.67020739186125,519.5473303050022,179.83524890991742,159.87006781483842,150.9363240027809,276.4513098326634,1.542916807376677,236.8
5.26,10.3299,0.0449,10.3299,0.0449,0.0187,168.58967051902866,205.23959889273056,523.3180472279105,180.30284865071317,159.94600707251573,151.50192360855596,276.86335943242244,1.5349174698501171,236.8
5.27,10.5383,0.0447,10.5383,0.0447,0.0187,168.83750720766787,205.54131312237828,527.4239211941917,180.4275846730303,159.15224674373422,151.96223024541868,276.8766433137511,1.5237605583368166,236.8
5.28,10.6759,0.0451,10.6759,0.0451,0.0188,169.27064017987243,206.06860543636645,530.1430198270268,180.91240243227745,159.53184093624995,152.43930288197453,277.3570960228968,1.5190960281108552,236.8
5.29,10.7585,0.0452,10.7585,0.0452,0.0188,169.49002803140309,206.33568629909945,531.8052165842221,181.1269614273978,159.54721359831362,152.7169486945344,277.5856426733042,1.5157970904309443,236.8
5.3,10.7821,0.0453,10.7821,0.0453,0.0189,169.63603285940908,206.5134313071067,532.3502919150574,181.28363068161755,159.7010338530633,152.87340846305588,277.80260988685944,1.515399782505148,236.8
5.31,10.9866,0.0451,10.9866,0.0451,0.0191,169.85557480269867,206.78069975980708,536.2844055429479,181.4024728858724,158.949045042209,153.31161900744664,277.81392366077296,1.5048671424939737,236.8
5.32,11.1321,0.045,11.1321,0.045,0.0191,170.04520517028152,207.01155412034277,539.0859026743249,181.5345866635092,158.5062818905976,153.6543987928003,277.8930566101293,1.4977679681610434,236.8
5.33,11.2579,0.0444,11.2579,0.0444,0.0191,169.96624669386884,206.9154307577534,541.5048503878779,181.290166966741,157.30328064944538,153.812148054607,277.5634711640884,1.4893592918473788,236.8
5.34,11.2107,0.0431,11.2107,0.0431,0.0192,169.3480901182194,206.16289231783236,540.7374592803836,180.3705175823404,155.33333992244783,153.42036765219953,276.61582410599027,1.485742033498433,236.8
5.35,11.1871,0.0413,11.1871,0.0413,0.0193,168.11475629402267,204.6614424448972,540.40293855,179.56933423634032,153.0039959792885,152.9112193919434,275.2119443709848,1.4748507654572944,236.8
5.36,11.0102,0.0386,11.0102,0.0386,0.0194,166.58716924030225,202.8017712490636,537.2233603588357,177.4356586600579,148.92528056061224,151.7857115157791,272.90034289091994,1.469899932982214,236.8
5.37,10.7389,0.0374,10.7389,0.0374,0.0197,165.73483442903924,201.7641462614391,532.2287194277566,176.267442612693,147.44649170625723,150.92362517165023,271.86021779235574,1.4771521894762216,236.8
5.38,10.4557,0.0368,10.4557,0.0368,0.0196,165.52077688438342,201.5035544679451,526.9214448336838,175.09554016954883,146.5296946583677,150.2199153709289,271.36329289988913,1.491851006984728,236.8
5.39,10.1333,0.0363,10.1333,0.0363,0.0197,164.915831680228,200.76709943679933,520.7532348114206,174.40177612478914,146.3489409562946,149.45136268384968,270.9456175958188,1.5057777973743658,236.8
5.4,9.8816,0.0361,9.8816,0.0361,0.0197,164.54114585940525,200.3109601766673,515.8702540776195,174.01259239054102,146.55414366008077,148.91948061901346,270.8276708015992,1.5180902975702597,236.8
5.41,9.5277,0.0359,9.5277,0.0359,0.0196,164.00147540477462,199.65397005798653,508.82866396443313,173.49344526213957,146.99012244750347,148.14731493131143,270.68578752218934,1.5363200975366813,236.8
5.42,9.1974,0.0354,9.1974,0.0354,0.0195,163.3031122836894,198.8037888671001,502.1109268584159,172.7466684608889,146.86541594257352,147.30065097715857,270.24839322800574,1.5522968708738911,236.8
5.43,8.5604,0.0235,8.5604,0.0235,0.0195,155.3704636056664,189.14665134602865,488.6262905390577,161.54432579620567,125.96216901523178,140.9840403800196,256.2143148725211,1.515820893531889,236.8
5.44,8.1357,0.0246,8.1357,0.0246,0.0191,155.3991194364434,189.18153670523543,479.3098819238447,161.98450568023762,128.82307267790674,140.55904582878773,257.7654843279233,1.5495153589344426,236.8
5.45,7.7976,0.0216,7.7976,0.0216,0.0187,152.8759483202592,186.1098501290112,471.6884506978506,158.58350511807186,123.42911164418486,138.273224059916,253.48225919998765,1.5497946942673282,236.8
5.46,7.3493,0.0211,7.3493,0.0211,0.0189,151.69425251463483,184.6712639308598,461.2290925537071,157.36013771311065,123.15019875965206,136.90277205755984,252.7181498410125,1.5761650729446937,236.8
5.47,7.2215,0.0212,7.2215,0.0212,0.0189,151.54704487603146,184.49205463169048,458.2332364184705,157.28232739023582,123.60622179416512,136.6804890415974,252.957787341373,1.5860953959855448,236.8
5.48,7.1773,0.0213,7.1773,0.0213,0.0191,151.57745716430958,184.5290782869856,457.24402798017286,157.351116263814,123.92413690514394,136.68244019747365,253.21807173073597,1.5902674567445765,236.8
5.49,7.2023,0.0217,7.2023,0.0217,0.0193,151.95930966721295,184.9939422035636,457.9350701187204,157.84670926014468,124.75030876427068,137.03166874671288,253.954908206256,1.5918637794435122,236.8
5.5,7.2274,0.023,7.2274,0.023,0.0204,152.92694894542632,186.171937846606,458.6316742840546,159.23732255777048,127.44514361556968,137.8337215028668,256.00744895887846,1.6001525750072847,226.3
5.51,7.367,0.0244,7.367,0.0244,0.0225,154.18377377777648,187.70198546859743,462.0869492480431,160.8897241714283,130.08685132679074,138.96363938574845,258.1366908066803,1.6008273730403522,226.3
5.52,7.5066,0.0296,7.5066,0.0296,0.0209,157.65171637270018,191.923828627635,465.4864106009783,165.98472734126443,140.26113839328866,141.6634878322076,264.86010369415766,1.6267046744935871,226.3
5.53,8.2301,0.03,8.2301,0.03,0.0201,159.38018073125258,194.02804610761183,482.2129925054567,167.46641424192669,139.4006914906289,143.78540657902596,265.62501662294864,1.5816093387072472,226.3
5.54,9.221,0.0302,9.221,0.0302,0.0193,161.20392618759547,196.24825796750756,503.69246776392447,169.0689043541152,137.83639624111547,146.31274189223464,266.1999599709617,1.524191941223065,226.3
5.55,10.094,0.0303,10.094,0.0303,0.0175,162.16078319415138,197.413127366793,521.4804755045508,170.75690794214856,136.97557421107126,148.34609743270576,266.614331277745,1.4748569547244994,226.3
5.56,10.2513,0.0313,10.2513,0.0313,0.0142,163.001012416802,198.4360151161068,524.6495048675256,171.8467664497498,138.5278122976167,149.15264622511953,267.894751866051,1.473021581766727,226.3
5.57,11.2029,0.0323,11.2029,0.0323,0.012,164.6022985264184,200.38540690172675,542.8286849276499,173.95742231983468,138.91868256693667,151.54198190649967,269.29140554383946,1.432428215329195,226.3
5.58,11.3837,0.0344,11.3837,0.0344,0.0116,166.06003900611367,202.1600474857036,546.2534840737794,175.88483595973537,142.20586606240022,152.76409680554005,271.661004831184,1.4360058366230115,226.3
5.59,11.3208,0.0374,11.3208,0.0374,0.0116,167.76910659194755,204.2406515032405,545.1953904365052,178.1528300351921,147.29517550712987,153.78180481605668,274.7431933515145,1.4553532370375963,226.3
5.6,11.3208,0.0396,11.3208,0.0396,0.0117,169.03496899368454,205.781701383616,545.2922358091689,179.84500880449812,150.94279798022257,154.58989419342052,276.9174929356894,1.4670405353849656,226.3
5.61,11.3208,0.0395,11.3208,0.0395,0.0118,169.04927250304283,205.7991143515304,545.3889262107732,179.8276930074351,150.81855468249174,154.63413252626054,276.95146858365854,1.4668196695523696,226.3
5.62,11.4978,0.0395,11.4978,0.0395,0.0118,169.27808407548724,206.0776675701584,548.7267481040134,180.09353020803405,150.5588033207464,155.05672314595924,277.10809631830864,1.4588079233989366,226.3
5.63,11.5764,0.0387,11.5764,0.0387,0.0132,168.9812065140675,205.71625140843005,550.2582962103755,179.6535584783953,149.1678942973727,155.02214949828317,276.5102588973294,1.4513477305305535,226.3
5.64,11.6983,0.0365,11.6983,0.0365,0.0128,167.92975310620366,204.4362211727697,552.5596612294796,178.2121331295299,145.43691904949665,154.58003394157734,274.5589147154255,1.4345832802166714,226.3
5.65,11.5882,0.0315,11.5882,0.0315,0.0146,164.98003128131086,200.8452554729002,550.6708052158667,174.26497470369824,137.403207853379,152.5686730031938,269.4524290224167,1.4123903402319404,226.3
5.66,11.4663,0.0309,11.4663,0.0309,0.0142,164.5806301262168,200.3590279797422,548.5458897558881,173.68541741646973,136.5922247898326,152.16833894170335,268.87885326136904,1.414770676156735,226.3
5.67,11.1832,0.0303,11.1832,0.0303,0.0142,164.03677238265334,199.6969402919258,543.4285457213057,172.8864030892864,135.9677695705442,151.44926457553177,268.26449673443665,1.4246455749206022,226.3
5.68,10.9158,0.0297,10.9158,0.0297,0.0143,163.4894488143792,199.03063333924425,538.5233346818427,172.09290767852437,135.31584590470322,150.7458787231291,267.63926835108145,1.4340423643946285,226.3
5.69,10.4911,0.0301,10.4911,0.0301,0.0144,163.3843911491862,198.9027370511832,530.5161818971263,171.890419581737,136.58781658654686,150.12681813836747,268.1457258384433,1.4575188512582034,226.3
5.7,10.1097,0.0297,10.1097,0.0297,0.0144,163.12981779041385,198.59282165789517,523.1572348882416,170.6912127898172,136.07742883241798,149.2354944436758,267.725350304817,1.4781947583847297,226.3
5.71,9.7401,0.0293,9.7401,0.0293,0.0146,162.47697244635643,197.79805341295565,515.8593183710561,169.9110189604342,135.972797241207,148.34257227700778,267.2987025454054,1.4952758845504848,226.3
5.72,9.4727,0.0272,9.4727,0.0272,0.0148,160.89411361811375,195.87109483944283,510.4936877453253,167.77127072625956,132.61788996127845,146.91135449294856,264.7895333390004,1.496890045091416,226.3
5.73,8.8868,0.0263,8.8868,0.0263,0.0164,159.529695128462,194.2100636346494,498.2905208101639,166.1625430982872,131.88096738309548,145.23138316878666,263.6257559401222,1.5241585899436698,226.3
5.74,8.5801,0.0243,8.5801,0.0243,0.016,157.8248197931907,192.134563226493,491.7355075410013,163.90241290919914,128.58340635910835,143.62285253882274,260.9763321661756,1.52903102501479,226.3
5.75,8.3638,0.0235,8.3638,0.0235,0.0168,156.99877443850434,191.12894279470092,487.05195747445066,162.84873324288324,127.3890794357052,142.76779118751102,259.90840802869286,1.5367804709688753,226.3
5.76,8.234,0.0218,8.234,0.0218,0.0168,155.69970930071744,189.5474721921778,484.2350394048548,161.0449272173533,124.2707649109458,141.62995807552784,257.46696182940394,1.532828050785518,226.3
5.77,8.0138,0.0217,8.0138,0.0217,0.0173,155.29403201369735,189.0536041905881,479.3333843927499,160.61356332708135,124.40634221946456,141.0923934959184,257.3744351128776,1.5461191900578597,226.3
5.78,7.8723,0.0216,7.8723,0.0216,0.0171,155.0199460262774,188.71993429285948,476.1645840579219,160.31196045102504,124.43817721066348,140.7447030266829,257.29872745394334,1.5547120000665076,226.3
5.79,7.7071,0.0211,7.7071,0.0211,0.0172,154.4188507424546,187.9881661212491,472.4054742771176,159.56454135972365,123.69387095660272,140.1103476446722,256.5884744048054,1.562013655339203,226.3
5.8,7.7307,0.0207,7.7307,0.0207,0.0173,154.24814087882297,187.78034541769756,473.0385642499941,159.25048345749434,122.87627575417253,140.01670525177911,256.0684083078471,1.5576894188027548,226.3
5.81,7.5892,0.0207,7.5892,0.0207,0.0175,154.0257798297475,187.50964501012743,469.7947436274061,159.0348944367599,123.10548441286905,139.71162699470105,256.1450173495312,1.5673443053596954,226.3
5.82,7.4987,0.02,7.4987,0.02,0.0177,153.41371989313302,186.7645285655533,467.7283260293176,158.19836798122344,121.81890116581025,139.13932218909142,255.0903714575568,1.5682715995568557,226.3
5.83,7.2628,0.0197,7.2628,0.0197,0.0179,152.76586527295368,185.97583598446533,462.1341427623167,157.4815062669281,121.5529045078124,138.3927585904724,254.64003153260268,1.5823888570273448,226.3
5.84,7.0387,0.0195,7.0387,0.0195,0.0181,152.1884337262044,185.27287584059667,456.71538618961534,156.87557526193635,121.48446429307096,137.71853075879713,254.3537526062224,1.5969819722429968,226.3
5.85,6.3662,0.0195,6.3662,0.0195,0.0181,150.5840672197646,183.31973400667,439.6108049936962,155.56552708378976,122.6378496711909,135.80594646596938,254.27484781948712,1.6482803613674455,226.3
5.86,5.977,0.0194,5.977,0.0194,0.0187,149.52346869858965,182.0285705895874,429.2255806409044,154.62550427838926,123.14798157768264,134.58432872320012,254.0961315494451,1.6804271028773616,226.3
5.87,5.6663,0.0192,5.6663,0.0192,0.0183,148.5108565874917,180.79582541085944,420.6356547620225,153.7410125841239,123.35447395734845,133.5021790505403,253.7632755679402,1.7065556793514944,226.3
5.88,5.2928,0.0185,5.2928,0.0185,0.0189,146.86275975171438,178.78944665426098,409.9000794086184,152.10657579321582,122.5475328995504,131.8532025548601,252.52234646011505,1.7358781378224648,226.3
5.89,4.9703,0.0179,4.9703,0.0179,0.0191,145.35036820399702,176.94827433530074,400.24911211513466,150.64120426997965,121.86599513084934,130.36943139204533,251.4334475496449,1.763212289391968,226.3
5.9,4.6085,0.0172,4.6085,0.0172,0.0191,143.50257480676626,174.69878672128067,388.9331168599516,148.88291973498042,121.0357084617024,128.592643585216,250.1003810587516,1.7960425119463812,226.3
5.91,4.3569,0.0176,4.3569,0.0176,0.0193,142.77941569385382,173.8184191055612,380.7529420029833,148.6887757325713,122.79399024649308,127.86105024338886,250.85222014753907,1.829617371248747,226.3
5.92,4.3302,0.0167,4.3302,0.0167,0.0194,142.07352627160932,172.9590754610896,379.9249596524091,147.55073429760247,120.52771190411318,127.2523672575307,249.24155225008067,1.8241253393233736,226.3
5.93,4.3407,0.0142,4.3407,0.0142,0.0195,140.2823585745772,170.77852348209396,380.3405145810779,144.4492335029089,113.829983818245,125.65378276773345,244.1507259324528,1.796624112282409,226.3
5.94,4.3512,0.0117,4.3512,0.0117,0.0197,138.316459637823,168.38525521126277,380.7562319911788,141.1422516775017,106.96420546267764,123.75124699068496,238.186747992171,1.7667754149960408,226.3
5.95,4.4906,0.0114,4.4906,0.0114,0.02,138.69384061910566,168.84467553630253,385.43265983172734,141.20485939476916,105.959234868377,124.10476933428332,237.5402617893985,1.747634643330098,226.3
5.96,4.9703,0.0111,4.9703,0.0111,0.0203,140.34257352911587,170.85182864414108,400.7249165894854,142.32767556843945,104.65013909526444,125.7121301058295,236.9966884297312,1.6939553324333654,226.3
5.97,5.568,0.0106,5.568,0.0106,0.0205,141.79058419661385,172.61462423935598,418.5468055321911,143.68827717379926,103.16719582621188,127.35610329194186,235.8789565556777,1.6305964036718,226.3
5.98,6.1067,0.0105,6.1067,0.0105,0.0205,143.56565655098655,174.77558188815755,433.6369011834303,144.92755260792055,102.61072519188644,129.01957657120786,235.84937655505988,1.5878641058029916,226.3
5.99,6.5314,0.0106,6.5314,0.0106,0.0214,144.85386872048264,176.34384018145715,444.9894203512876,146.2484337958626,102.7949605875872,130.4378918392706,236.3575885635744,1.5571296566957988,226.3
6.0,6.7831,0.0106,6.7831,0.0106,0.0222,145.5434069175504,177.1832779865831,451.5381649163718,146.9556650224539,102.80495394377309,131.21090201287709,236.52353057440692,1.539484390612888,212.2
6.01,6.5609,0.0118,6.5609,0.0118,0.0265,146.04306986797428,177.7915633175339,445.929202463686,147.82827577192944,105.5014446192518,131.8116708131079,239.88615700686967,1.5672746044171195,212.2
6.02,6.497,0.0129,6.497,0.0129,0.0229,146.84092936504413,178.7628705313581,444.32078414743694,149.0028600750586,108.02569963369316,132.66465939539648,242.76630333168163,1.5830758465200638,212.2
6.03,6.4331,0.0142,6.4331,0.0142,0.022,147.78292899088532,179.90965268455605,442.7155257461516,150.40683292408065,111.0396600134177,133.59754940889778,245.900737002399,1.6007073717657392,212.2
6.04,6.3466,0.0156,6.3466,0.0156,0.0218,148.7139779064768,181.0431035383196,440.5048064031528,151.85426127598464,114.33335691558088,134.44397856638702,249.0044468436869,1.62087897650003,212.2
6.05,6.2837,0.0164,6.2837,0.0164,0.0218,149.03463534767394,181.4334691189074,438.9049764300327,152.8600329131059,116.43833896730256,134.8717151053244,250.71502402989407,1.6313637502755416,212.2
6.06,6.1696,0.0175,6.1696,0.0175,0.0218,149.83945557251147,182.4132502621879,435.9167109200371,153.60063304548893,118.89430353217408,135.305166395797,252.91126714821425,1.65372180449365,212.2
6.07,6.0713,0.0202,6.0713,0.0202,0.0218,151.493340542321,184.4266754428256,433.32299413122206,156.42145358990436,125.2719588880636,136.6724584712178,257.74987112506096,1.68504464740613,212.2
6.08,6.0359,0.0208,6.0359,0.0208,0.0221,151.85806739645852,184.87069074351476,432.4288954933816,157.01499198404412,126.71965923784722,136.95223622586795,258.8290900874641,1.6933885096614665,212.2
6.09,6.0006,0.021,6.0006,0.021,0.0221,151.94719687835573,184.9791961997374,431.5319813260098,157.18301223391782,127.2690903432105,137.0079175764402,259.2477998570326,1.6984058140927216,212.2
6.1,6.0006,0.0211,6.0006,0.0211,0.0223,152.07024943201236,185.1289993085368,431.60317823163774,157.3238882190426,127.51835971684083,137.12448026839823,259.5156562863831,1.6995299518841638,212.2
6.11,5.9809,0.0213,5.9809,0.0213,0.0225,152.20289884404082,185.2904855492671,431.1327622437547,157.52532421932685,128.0350871505935,137.2294012508885,259.9355037621748,1.7031940576912394,212.2
6.12,5.9698,0.0213,5.9698,0.0213,0.0227,152.22619702079933,185.31884854706004,430.8980196685488,157.53611045889934,128.08370348835646,137.2550821339294,260.03949624570976,1.704466043863772,212.2
6.13,5.9743,0.0213,5.9743,0.0213,0.0227,152.2948529433145,185.40242967012205,431.0916462095397,157.58156390529706,128.09803992216249,137.33229378332473,260.1483812661123,1.7043745647504402,212.2
6.14,5.9789,0.0214,5.9789,0.0214,0.0229,152.4307390869911,185.5678562798153,431.2890076659366,157.7318060570646,128.33666202053038,137.46319666936066,260.4156867234332,1.7050910595299156,212.2
6.15,5.9888,0.0214,5.9888,0.0214,0.0231,152.51515386665736,185.67062209853935,431.63209386760855,157.78934475038008,128.33895899650136,137.5581672830414,260.5261159366024,1.704523168189073,212.2
6.16,6.0359,0.0214,6.0359,0.0214,0.0231,152.70689935383902,185.9040513872823,432.99435612966846,157.9298728033858,128.2605052612661,137.77564642662887,260.6483362925936,1.7007201813882027,212.2
6.17,6.0556,0.0215,6.0556,0.0215,0.0233,152.88585659766608,186.1219123797674,433.6039638069809,158.11328927559154,128.46551139828972,137.95585106129846,260.91969659044844,1.7001260598500216,212.2
6.18,6.0674,0.0218,6.0674,0.0218,0.0235,153.1749466205914,186.47384805985044,433.9969495307213,158.48583717715744,129.13268303958662,138.21554366661098,261.501029645605,1.701836981363955,212.2
6.19,6.0399,0.0222,6.0399,0.0222,0.0237,153.4155029030136,186.76669918627744,433.3155105657771,158.8722110139174,130.10766641201133,138.395957295114,262.21829937188767,1.7077422764159262,212.2
6.2,5.9809,0.0226,5.9809,0.0226,0.0239,153.56045777859853,186.94316599133737,431.76505011455737,159.18586276449437,131.1567031239563,138.46757775574844,262.91600365453826,1.7164078087963228,212.2
6.21,5.8904,0.023,5.8904,0.023,0.0239,153.60490274602398,186.99727290820312,429.3280871967457,159.42591733772997,132.2880993289695,138.42723609297184,263.594060610311,1.727940530531295,212.2
6.22,5.7489,0.0232,5.7489,0.0232,0.0242,153.3540117927718,186.6918404433744,425.4314475337083,159.34395219919355,133.1142514548293,138.10431793121683,263.9508640136633,1.7427027880729324,212.2
6.23,5.6984,0.0233,5.6984,0.0233,0.0245,153.3141813352059,186.64335119068545,424.07032556882376,159.36406314045854,133.4927630698991,138.03984518193826,264.18859950961945,1.7484813516946671,212.2
6.24,5.6737,0.0233,5.6737,0.0233,0.0243,153.29094237487283,186.61506028245387,423.4339017008916,159.34086333771492,133.58045658701172,138.01504693578585,264.28732635688016,1.751103560064942,212.2
6.25,5.6666,0.0233,5.6666,0.0233,0.0245,153.32375962952833,186.65501172290408,423.29982188784106,159.35808649860587,133.62162623126,138.05160416549975,264.39196735005754,1.752077116429893,212.2
6.26,5.6802,0.0234,5.6802,0.0234,0.0245,153.48575613677346,186.852224862159,423.7543492370213,159.52425714990076,133.8332891858443,138.20977697575918,264.6509236320926,1.751907502552545,212.2
6.27,5.6938,0.0235,5.6938,0.0235,0.0247,153.64764059732357,187.04930159674177,424.2094675545253,159.69023136146075,134.04444365482374,138.3677088891258,264.90932233323605,1.7517339889120986,212.2
6.28,5.7843,0.0244,5.7843,0.0244,0.0247,154.5509575810127,188.1489918377546,426.83771932430346,160.83064929946008,135.8335723330973,139.17719394115207,266.3452025956437,1.7506600980511904,212.2
6.29,5.8433,0.0246,5.8433,0.0246,0.0249,154.91362248844018,188.5904969424489,428.5628507954451,161.1950460725054,136.14042963899144,139.53690787335984,266.75538984561814,1.747090684952662,212.2
6.3,5.914,0.0247,5.914,0.0247,0.0249,155.24731977530837,188.9967371177667,430.60232655906736,161.48530315005306,136.19606407781197,139.88761087995448,267.0271620446633,1.7417508029852726,212.2
6.31,5.9298,0.0247,5.9298,0.0247,0.0255,155.35116802566696,189.123161074725,431.1120677483401,161.55480664274756,136.17726985080554,140.0030827517443,267.1396075114924,1.7406263652344718,212.2
6.32,5.9219,0.0247,5.9219,0.0247,0.0257,155.38299401444348,189.16190575671385,430.96143127395976,161.57138618102246,136.22074996156618,140.03784273318783,267.2440175853957,1.7416419476543192,212.2
6.33,5.9691,0.0246,5.9691,0.0246,0.0257,155.5186137267746,189.32700801520383,432.3368935776954,161.61221530671293,135.90210043081245,140.2124388111868,267.2256754548288,1.736956629667642,212.2
6.34,6.0163,0.0245,6.0163,0.0245,0.0259,155.65230617550336,189.48976403974325,433.7073974269458,161.65287010131783,135.58611009723032,140.38569856393823,267.2064682086018,1.7323013902269329,212.2
6.35,6.1539,0.0242,6.1539,0.0242,0.0259,155.91896611771654,189.81439353461144,437.53520595911976,161.695041164392,134.61724681128902,140.76129595344838,266.92989689150124,1.7182863255196243,212.2
6.36,6.3584,0.0244,6.3584,0.0244,0.0261,156.66999195127644,190.72868585372785,443.0988528829452,162.36851832635247,134.59278422084773,141.58405500739383,267.38673435139106,1.7027295166204677,212.2
6.37,6.6376,0.0246,6.6376,0.0246,0.0263,157.58665562244943,191.84462423602545,450.497934572922,163.18612260263967,134.42006411677167,142.62176088830296,267.8622285147769,1.6817174597355824,212.2
6.38,6.8932,0.026,6.8932,0.026,0.0265,159.15365487410332,193.7522754989084,457.1143792481617,165.07575082552282,136.81053974593237,144.12302408477603,269.97915695624823,1.6721273156745202,212.2
6.39,7.137,0.0245,7.137,0.0245,0.0265,158.81096082596494,193.335082744653,463.291238224128,164.20443291035238,133.276639422995,144.19629672981566,268.07670673593066,1.642924279024943,212.2
6.4,7.4594,0.0231,7.4594,0.0231,0.0263,158.675459039819,193.1701240484753,471.2430971959311,163.499200892449,129.83733673787555,144.47244116421754,266.22623786833145,1.60996002916334,212.2
6.41,7.6481,0.0198,7.6481,0.0198,0.0261,156.83174381760966,190.92560116926396,475.831236583309,160.64386677091866,122.84732074625352,143.2119566324367,261.0956329533807,1.5720358774061027,212.2
6.42,7.9155,0.0195,7.9155,0.0195,0.0249,157.18457362537438,191.35513310915144,482.1835540670445,160.91783431026613,121.9629873041874,143.80246030522505,260.74702185940595,1.5523384729370089,212.2
6.43,8.3127,0.0194,8.3127,0.0194,0.0233,157.879139912098,192.20069206690192,491.3497047400239,161.640180122768,121.39328458373178,144.82077942713042,260.7698925476861,1.5268534989363878,212.2
6.44,8.6666,0.0198,8.6666,0.0198,0.0239,158.81029682107442,193.3342743908732,499.3128611400712,162.7527223248891,121.87975104430517,146.00291452077445,261.6462022154979,1.5089171691771357,212.2
6.45,8.9576,0.0202,8.9576,0.0202,0.0181,159.60221542189677,194.29834920926567,505.7012316125076,163.72110060037764,122.42230522810064,147.00604279891974,262.4945310786249,1.4954024347753725,212.2
6.46,9.28,0.0204,9.28,0.0204,0.0178,160.27057210793552,195.112000827052,512.6527945946713,164.5397804136745,122.5600880559752,147.94104275654755,263.00279219927523,1.4791404655336475,212.2
6.47,9.4924,0.0207,9.4924,0.0207,0.0178,160.83216194439427,195.79567541056696,517.1811969499397,165.2435353728505,122.97803337345,148.66779499449058,263.6496905654631,1.4700385429609444,212.2
6.48,9.4452,0.0216,9.4452,0.0216,0.018,161.45528336970523,196.55425801529333,516.2774551745401,166.04478927444046,124.7130619254908,149.15085346343326,265.2062667532394,1.47916090401552,212.2
6.49,9.162,0.0226,9.162,0.0226,0.0181,161.80345040252055,196.9781135335033,510.3891143619514,166.52312478970012,126.87932039208444,149.1212208441928,266.8151520561706,1.5020129277767198,212.2
6.5,8.9261,0.0228,8.9261,0.0228,0.0215,161.64531014133522,196.78559495466897,505.4223735011194,166.33744529421034,127.5395345884367,148.73446655339717,267.1734273386214,1.5170761211588897,233.6
6.51,8.4012,0.0228,8.4012,0.0228,0.0287,160.8562836544625,195.82504097065,493.9688538392257,165.43206590755156,128.188678050918,147.50511508249696,267.15751884896315,1.548632372321213,233.6
6.52,8.2154,0.0228,8.2154,0.0228,0.0205,160.58535244356807,195.4952116704307,489.8067964532365,165.123712217723,128.45728887871223,147.09360155167235,267.21705893545345,1.5606166834965332,233.6
6.53,8.0296,0.0228,8.0296,0.0228,0.0199,160.30377282551757,195.1524190919345,485.6182976322762,164.81198118378603,128.73375675657653,146.67233397755982,267.2754413240739,1.5728002171859992,233.6
6.54,7.9155,0.0222,7.9155,0.0222,0.0196,159.7357372831239,194.4608975620639,483.0436963856916,164.05431222258875,127.72109544215944,146.10888172016263,266.4253544476384,1.5761041794194768,233.6
6.55,7.715,0.0201,7.715,0.0201,0.0197,157.9328767037462,192.266110769778,478.4078190310793,161.6242193800364,123.7599255424404,144.43570019913497,263.05743290559104,1.5736658891910051,233.6
6.56,7.5184,0.0196,7.5184,0.0196,0.0197,157.23390681878286,191.4151909098226,473.7875701305543,160.74957535455735,122.9905915152675,143.6601798724701,262.2485189623508,1.5832997714792476,233.6
6.57,7.5133,0.0189,7.5133,0.0189,0.0197,156.76700736486984,190.84679157462415,473.7362727677556,160.05997809283278,121.573207961169,143.27385640102966,261.1108844602367,1.5782820424742967,233.6
6.58,7.5109,0.0195,7.5109,0.0195,0.0197,157.25230307050276,191.43758634669905,473.7498176702266,160.70605120398665,122.8437996620247,143.7001228028958,262.274173199788,1.5835316275450622,233.6
6.59,7.5225,0.0188,7.5225,0.0188,0.0197,156.81793974099384,190.90879620642727,474.1003075150684,160.05084778544767,121.40715537287436,143.35710629274024,261.13396676457734,1.577356134155413,233.6
6.6,7.5341,0.0183,7.5341,0.0183,0.0197,156.52443053074333,190.55148064612231,474.4505179836432,159.59642491422957,120.383848177616,143.12878884593886,260.3233023972056,1.572745402011955,233.6
6.61,7.6246,0.0179,7.6246,0.0179,0.0207,156.4604424921549,190.4735821643625,476.6946431994669,159.414188891808,119.4939750626164,143.17259204459134,259.6988490896077,1.563596011180412,233.6
6.62,7.7229,0.0179,7.7229,0.0179,0.0207,156.706284076494,190.772867571384,479.1034746491644,159.6625850531779,119.43028576327436,143.49723236067788,259.82282222019256,1.5573085795861097,233.6
6.63,7.8015,0.0179,7.8015,0.0179,0.0211,156.91060074891502,191.02160091172263,481.03308262557687,159.86798130743904,119.38669554883118,143.7669415248456,259.94154156261686,1.552388445910219,233.6
6.64,7.9077,0.0179,7.9077,0.0179,0.0215,157.1643237659746,191.3304811064039,483.5967244469942,160.1312139538269,119.32193944194948,144.10749775224124,260.06669878063883,1.5457419096801157,233.6
6.65,8.0689,0.018,8.0689,0.018,0.0209,157.58852951929296,191.846905501748,487.40692023736943,160.60990808239347,119.4178093865232,144.65422481478333,260.3931068706901,1.5365286889127514,233.6
6.66,8.2222,0.0182,8.2222,0.0182,0.0201,158.06355938265548,192.42520272671103,490.9913298640489,161.16833665231854,119.72220201091042,145.24054208780296,260.90291254393884,1.5287995879257938,233.6
6.67,8.3795,0.0185,8.3795,0.0185,0.0175,158.60996820374027,193.0903960741186,494.6185568096192,161.82826268423668,120.21989957141588,145.89602699689706,261.59397072996416,1.5217879129662075,233.6
6.68,8.5408,0.0194,8.5408,0.0194,0.016,159.59371866917152,194.28800533638272,498.29991793990087,163.08012913796736,121.88000597150273,146.93627123488233,263.35132913947643,1.5192589493307376,233.6
6.69,8.5761,0.0199,8.5761,0.0199,0.0142,160.0669856014364,194.86415638435736,499.1512750096513,163.67698525777362,122.85030662572169,147.3957039268335,264.33204015554395,1.5211984797853155,233.6
6.7,8.5781,0.0215,8.5781,0.0215,0.0144,161.2643578412632,196.32182693719,499.2704352284859,165.26436085737944,125.97990416410872,148.41142307111937,267.1042353323789,1.5332108799596926,233.6
6.71,8.5801,0.0227,8.5801,0.0227,0.0135,162.1549214409186,197.40599131937915,499.3846132033338,166.44487539742116,128.32367151096932,149.14878783146156,269.09879797218656,1.542042911717301,233.6
6.72,8.6233,0.0239,8.6233,0.0239,0.0133,163.09524923345705,198.5507381972521,500.4161904378,167.68357878689838,130.60459546559457,149.9582936489287,271.0190960917079,1.54816944058059,233.6
6.73,8.6312,0.0243,8.6312,0.0243,0.0132,163.43028756757593,198.9586109518316,500.6644673670123,168.10658749763064,131.38732720368589,150.24692124453108,271.7085525938018,1.550729904706311,233.6
6.74,8.7216,0.0252,8.7216,0.0252,0.0138,164.22745954136116,199.9290811807875,502.7370689833916,169.13211782714217,133.00868624926252,150.9897155141322,273.11980340038303,1.5516858510684164,233.6
6.75,8.8947,0.0265,8.8947,0.0265,0.0144,165.4017983003998,201.35871097439977,506.6012910087047,170.6453389254883,135.246882114172,152.11379004415534,275.05474740033304,1.5502838665185108,233.6
6.76,8.993,0.0278,8.993,0.0278,0.0146,166.436434922784,202.6182686016501,508.8074814842153,171.9989289052604,137.5537682184607,153.02450523464188,276.8987447222934,1.5531941862366878,233.6
6.77,9.0598,0.0283,9.0598,0.0283,0.0154,166.9077132550474,203.1919987452751,510.3255710575596,172.58775694421502,138.4067080546816,153.47753909152564,277.66018131498305,1.552708955494794,233.6
6.78,9.1935,0.0301,9.1935,0.0301,0.016,168.27313820503173,204.8542552061256,513.2660320331512,174.3884613004754,141.5250545949692,154.65428013279774,280.0298133315691,1.5564156830211575,233.6
6.79,9.4019,0.0313,9.4019,0.0313,0.0168,169.35743660425544,206.1742706486588,517.7571532515368,175.77224551843952,143.38882380141382,155.7223147321829,281.60824615679167,1.551955278775695,233.6
6.8,9.6929,0.0321,9.6929,0.0321,0.0173,170.29727057457995,207.31841635166256,523.8974324417997,176.93475028087397,144.37924384593796,156.7994575384231,282.70267776536525,1.5406149044134347,233.6
6.81,9.9917,0.0323,9.9917,0.0323,0.0177,170.86682492909284,208.0117868702,530.0855052333087,177.60485962539423,144.29767495461272,157.63207811724052,283.0998466278903,1.52576241565005,233.6
6.82,10.2788,0.0326,10.2788,0.0326,0.0181,171.457688086622,208.7310985402355,535.9304400182125,178.3273204316435,144.4213261759882,158.46255272974457,283.6049874789112,1.5125715403180502,233.6
6.83,10.4951,0.0332,10.4951,0.0332,0.0185,172.12415687959728,209.5424518534228,540.2892829673166,179.1733342662635,145.1690275504921,159.2440840743563,284.42740895173733,1.5050801217249492,233.6
6.84,10.6877,0.0333,10.6877,0.0333,0.0189,172.4575819398088,209.94836062237596,544.134617878314,179.5806142913614,145.0949518080822,159.7664639996831,284.6822849710738,1.496146034936467,233.6
6.85,10.7035,0.0334,10.7035,0.0334,0.0189,172.59058567572498,210.11027821392608,544.5204038339283,179.7276772893783,145.27406045105118,159.9051590732063,284.9016744365506,1.4961566481975783,233.6
6.86,10.7172,0.0334,10.7172,0.0334,0.0193,172.6622407340255,210.19751045881367,544.8666810113904,179.792772168766,145.28604326638302,159.99948921930957,285.0095413447024,1.4957074902385885,233.6
6.87,10.731,0.0335,10.731,0.0335,0.0203,172.79305914589705,210.35676765587468,545.2169879127142,179.93697726285887,145.46744086263664,160.13368691690312,285.22814156386227,1.4958079799341109,233.6
6.88,10.6838,0.0336,10.6838,0.0336,0.0197,172.85610527613457,210.43351946659865,544.3760548942961,179.9912558498356,145.73561639153075,160.13640582837573,285.4343964696097,1.4989758792164467,233.6
6.89,10.6877,0.0335,10.6877,0.0335,0.0209,172.85813904174034,210.43599535516216,544.5348908685896,179.96322715970967,145.5910698670004,160.16986826242805,285.42945413147913,1.498447856773733,233.6
6.9,10.5776,0.0335,10.5776,0.0335,0.0205,172.79079760600047,210.35401447687016,542.4623389471063,179.8450260503377,145.77942359477058,159.9957097690724,285.51232795734666,1.5042459908293146,233.6
6.91,10.4243,0.0334,10.4243,0.0334,0.0221,172.61156757808794,210.1358213994114,539.5304044910413,179.58175221831038,145.86130008610056,159.6843779081676,285.475136411352,1.5117443241995847,233.6
6.92,10.3063,0.0269,10.3063,0.0269,0.0215,168.50278929597323,205.13383044727172,537.264716417867,174.09694514478903,134.7448953188254,156.647531966433,277.6331715416202,1.4793237448563938,233.6
6.93,10.1608,0.0266,10.1608,0.0266,0.0217,168.19071299193035,204.75391146843697,534.4329763062359,173.6458828450605,134.40097787941286,156.24439837514447,277.3008130965669,1.4851412314775363,233.6
6.94,9.976,0.0266,9.976,0.0266,0.0223,168.02098979285384,204.54729192173517,530.7786593836876,173.38314462565586,134.6326166185588,155.89445176701983,277.36431932227777,1.4950324894872673,233.6
6.95,9.7244,0.0265,9.7244,0.0265,0.0223,167.69023662210253,204.144635887777,525.7018608800764,172.91598201764677,134.76806584265026,155.3356902281228,277.27713590577315,1.5080991764280745,233.6
6.96,9.6351,0.0265,9.6351,0.0265,0.0229,167.62680192924424,204.06741104429733,523.9303862241759,172.8053681050241,134.90086499676286,155.1914874758993,277.3590829518418,1.5132023146636948,233.6
6.97,9.5937,0.0265,9.5937,0.0265,0.0229,167.62544207751432,204.06575557262616,523.1440399306434,172.77536275333162,134.97816341056867,155.15720446099817,277.4510094645132,1.5157163389364097,233.6
6.98,9.5804,0.0265,9.5804,0.0265,0.023,167.66146382055317,204.1096081293691,522.9416440658243,172.79324061445288,135.0221621299195,155.1880522927607,277.5488165675732,1.5166872173624242,233.6
6.99,9.6406,0.0265,9.6406,0.0265,0.0231,167.795707142669,204.27303478237965,524.2685784129968,172.93717981571962,134.9792978922111,155.3899298387443,277.66223463686646,1.5136119313429015,233.6
7.0,9.7008,0.0265,9.7008,0.0265,0.0233,167.92889426986326,204.43517563287705,525.5913602948832,173.08093135442394,134.93738728285516,155.59110781244732,277.7754750669435,1.5105559792198908,222.4
7.01,9.9013,0.0264,9.9013,0.0264,0.0329,168.1764519050644,204.7365501452958,529.8269899961451,173.3789928435016,134.5571126574534,156.06310292673643,277.7813261089282,1.4992405402954925,222.4
7.02,10.1018,0.0263,10.1018,0.0263,0.0355,168.4108416974331,205.0218942403534,533.983227967547,173.67166528615914,134.1906263301635,156.52701008152133,277.78567301721466,1.4882374966167682,222.4
7.03,10.4675,0.0255,10.4675,0.0255,0.0313,168.353302772587,204.9518468535842,541.3412601732168,173.63009230784934,132.44717748624672,156.98986860062874,276.8448914988903,1.464724888459647,222.4
7.04,10.8411,0.0251,10.8411,0.0251,0.0311,168.53474735637303,205.1727359121063,548.7142290476513,173.94116820509933,131.4543114105799,157.640028095969,276.44756233317423,1.4440863235904693,222.4
7.05,11.0613,0.025,11.0613,0.025,0.0309,168.73973754180818,205.4222891813317,553.0198190867364,174.25508250757915,131.13557806779187,158.10714878212374,276.4445095132406,1.4332063119363787,222.4
7.06,11.313,0.0249,11.313,0.0249,0.0297,168.96333112263014,205.6944900623324,557.8646174791148,174.6162697684149,130.80543419078214,158.62998276873532,276.44563409813065,1.4211165619650774,222.4
7.07,11.4467,0.025,11.4467,0.025,0.0255,169.20471812746342,205.98835250299896,560.4355145827479,174.95540444058375,130.9084335853952,159.01401525951002,276.7128341113081,1.4158946204964296,222.4
7.08,11.5096,0.025,11.5096,0.025,0.0177,169.3121871690564,206.11918437972085,561.6589334903873,175.09620060226487,130.89520673361432,159.20208916776133,276.8230290307748,1.4133346003161738,222.4
7.09,11.5096,0.0251,11.5096,0.0251,0.0171,169.43255227070875,206.26571580781936,561.7351840303696,175.22408412564442,131.09372931779177,159.3173479842615,277.065647563194,1.4141713081465912,222.4
7.1,11.4663,0.0256,11.4663,0.0256,0.0169,169.7838917188901,206.69343339690968,561.0047339124183,175.61959988659012,131.99650540308133,159.5543012356254,277.86832654275406,1.419432209171415,222.4
7.11,11.309,0.0261,11.309,0.0261,0.0168,170.02875873929614,206.9915323782736,558.1305204665315,175.8347780577003,132.99351011645493,159.55551479012954,278.638657797095,1.429933021621986,222.4
7.12,11.1832,0.0275,11.1832,0.0275,0.0168,170.88850706164374,208.0381825098272,555.8286853514718,176.84803825720869,135.5057725828597,160.05357977296188,280.6143221859225,1.4445681130415733,222.4
7.13,11.1041,0.0282,11.1041,0.0282,0.0163,171.32089639326227,208.56456952223235,554.3991550375749,177.34672680663306,136.8001930583032,160.28651732990875,281.617972476632,1.4527637414315524,222.4
7.14,11.0679,0.0282,11.0679,0.0282,0.0162,171.33914612366266,208.58678658532847,553.7846965741593,177.33332227132166,136.8657887624114,160.27360092930172,281.7110418298007,1.454713037478157,222.4
7.15,11.0607,0.0281,11.0607,0.0281,0.0162,171.3209313651016,208.56461209664545,553.7238101517864,177.28246281377844,136.73252985823493,160.2736854280295,281.6793415806757,1.4546765199390974,222.4
7.16,11.0826,0.028,11.0826,0.028,0.0164,171.3310692890418,208.5769539170944,554.2196856632179,177.27715511321378,136.57082570208868,160.33419611582764,281.65252071065186,1.453247031887235,222.4
7.17,11.1046,0.0279,11.1046,0.0279,0.0166,171.34098711353667,208.5890277903925,554.7169758135533,177.27196893286808,136.40935525042693,160.39459066895444,281.6251070554475,1.451814085168441,222.4
7.18,11.6511,0.0281,11.6511,0.0281,0.0171,172.02454897212425,209.42119005302084,565.0677607115479,178.32456226480497,136.27571672232187,161.66644222373756,282.0864183775395,1.4278719009708891,222.4
7.19,11.9421,0.0283,11.9421,0.0283,0.0179,172.45058066359076,209.9398373295888,570.4979226465105,178.97040696721265,136.38710109714108,162.40012156318943,282.49762337936966,1.4162616353561257,222.4
7.2,12.3235,0.0295,12.3235,0.0295,0.0187,173.57381847122974,211.3072572693232,577.4707944191116,180.537871833068,138.05457723739133,163.76352968429578,284.19286562071403,1.4068211199362866,222.4
7.21,12.7286,0.0295,12.7286,0.0295,0.0237,173.91471745619305,211.7222647292785,584.7455368772976,181.16572622110087,137.74933514657658,164.59152377851927,284.3607272016604,1.3899351602430976,222.4
7.22,12.9409,0.0296,12.9409,0.0296,0.0223,173.8734631384143,211.67204208154783,588.526649750518,181.89030260870192,138.04327367680062,165.09398906514073,284.62046640618854,1.3794104784101942,222.4
7.23,13.0117,0.0308,13.0117,0.0308,0.0223,174.7458604770328,212.7340910155182,589.8349509738762,182.96432666194036,139.91926592347315,165.83342908071975,286.2064452582311,1.3834681964706053,222.4
7.24,13.169,0.0321,13.169,0.0321,0.0201,176.00341600201293,214.2650281763636,592.6213241198157,183.92885135589896,141.59686149364285,166.75569123881922,287.8750043749701,1.3869122811416617,222.4
7.25,13.169,0.035,13.169,0.035,0.0183,177.83209028018643,216.49124034109656,592.6961213974427,186.1603560265476,146.17399348456547,168.02157035805374,291.2318087841102,1.4024740056167624,222.4
7.26,12.9606,0.0377,12.9606,0.0377,0.0179,179.34342615434107,218.3311274922413,589.1755117999322,187.92078948215376,150.65342627328792,168.73786550524764,294.1267483767066,1.4250962463667054,222.4
7.27,12.4533,0.038,12.4533,0.038,0.0178,179.20559618883934,218.16333449076092,580.3384398912094,187.5130831033365,151.77250147579124,167.94511983912687,294.4455084409896,1.4484565536608325,222.4
7.28,12.2646,0.0384,12.2646,0.0384,0.0179,179.34090279587593,218.3280555775881,577.0432591592014,187.59576126990908,152.6806703380278,167.78607935568547,294.9158327887068,1.4589976450323685,222.4
7.29,11.9696,0.0395,11.9696,0.0395,0.0179,179.76803880730404,218.84804724367447,571.780593384499,188.0373292752308,154.86424269837303,167.65522877416734,296.0501134342423,1.4780347318278584,222.4
7.3,11.8163,0.0396,11.8163,0.0396,0.0183,179.74322388819547,218.81783777693363,569.0515754861252,187.9425783607545,155.27278952736904,167.44323878629,296.22190895479,1.4858007805632798,222.4
7.31,11.7927,0.0394,11.7927,0.0394,0.0191,179.6665525994084,218.7244988166711,568.6972990237218,187.80916446575608,155.01636409309523,167.388396202533,296.12515337568885,1.4861066049880478,222.4
7.32,11.6354,0.0392,11.6354,0.0392,0.0229,179.46622786896768,218.48062523178675,565.8791633545271,187.4879504947324,154.95018732774727,167.05795350229687,296.0022616626396,1.4926252287572173,222.4
7.33,11.5597,0.0388,11.5597,0.0388,0.0221,179.22675879558915,218.18909766419551,564.5438166942617,187.1317941084237,154.44362807351382,166.82228529941244,295.6956869392934,1.4943909115088252,222.4
7.34,11.5248,0.039,11.5248,0.039,0.0222,179.3606278984769,218.35206874597196,563.9688563785817,187.27180225001368,154.84820966140285,166.88407630686308,295.9888454168116,1.497295346288424,222.4
7.35,11.5172,0.0392,11.5172,0.0392,0.0222,179.52022397470597,218.5463596213812,563.9028142148095,187.4503086925808,155.2132203490762,167.00228049018077,296.2863255546877,1.4989068804554817,222.4
7.36,11.6412,0.0396,11.6412,0.0396,0.0227,179.9162229681479,219.0284453525279,566.291553898702,187.96126070051963,155.7078751206008,167.4642974834862,296.8032143240742,1.4953004421339005,222.4
7.37,11.7652,0.0437,11.7652,0.0437,0.0235,182.30277803935627,221.93381674356417,568.6667462434983,191.09093644921015,162.0922780245346,169.16092261710307,300.7558278507446,1.5098321813509012,222.4
7.38,12.0915,0.0445,12.0915,0.0445,0.0241,183.08068020442,222.8808280749461,574.7175777286939,192.13368636730817,162.86150847010123,170.1486542345195,301.6304414489608,1.4987550794427755,222.4
7.39,12.355,0.0445,12.355,0.0445,0.0245,183.36599364095557,223.22816617159805,579.5472711992521,192.53096249682596,162.48359797057307,170.74194083068411,301.781933074126,1.4870910671442512,222.4
7.4,12.5713,0.0444,12.5713,0.0444,0.0249,183.54716749479115,223.44872564583272,583.4803465068535,192.79315464901347,162.0344487781585,171.20158261240366,301.83568249819103,1.4772823367621244,222.4
7.41,12.7286,0.0441,12.7286,0.0441,0.0261,183.567609535757,223.47361160874763,586.3400784737103,192.8388749937126,161.3726197358774,171.47629831190235,301.7005871604441,1.469248178896779,222.4
7.42,12.7246,0.0436,12.7246,0.0436,0.0261,183.35360044579008,223.2130788035705,586.3479934760292,192.5350663627631,160.63895759089286,171.3705708152351,301.3557994517887,1.4673007148002757,222.4
7.43,12.5359,0.0432,12.5359,0.0432,0.0267,183.04820802768745,222.84129672935865,583.0923019204848,192.05489468127865,160.32094189830005,170.93549697227414,301.0642327544577,1.47384949495605,222.4
7.44,12.3314,0.0391,12.3314,0.0391,0.0283,180.6812624466353,219.9597977611212,579.5246768860817,188.9215277148364,154.2062730713805,169.18877792254503,297.2515844394978,1.463064700479953,222.4
7.45,12.2252,0.0372,12.2252,0.0372,0.0275,179.5629011919385,218.59831449453375,577.687838895863,187.4316482515856,151.35319514127542,168.34382508124153,295.4143371373054,1.4583312870914362,222.4
7.46,11.9421,0.0363,11.9421,0.0363,0.0279,178.85981075972745,217.74237831619,572.6204113625724,186.4055131348017,150.28838220026532,167.49856405441182,294.5241675885472,1.466602836065391,222.4
7.47,11.7652,0.036,11.7652,0.036,0.0283,178.58544119339257,217.4083631919562,569.443738802837,185.96773343705905,150.0522860965615,167.08611422491046,294.27382052877954,1.4733534787044895,222.4
7.48,11.7376,0.0357,11.7376,0.0357,0.0283,178.4389776437817,217.230059740256,569.0086714248412,185.744678235844,149.62884807984898,166.97572934219355,294.04826052109706,1.4732580348794433,222.4
7.49,11.7022,0.0357,11.7022,0.0357,0.0289,178.46171714939305,217.2577426166524,568.4302289479991,185.73530709428496,149.70214203082875,166.96511948934764,294.1410937575686,1.4751173187839857,222.4
7.5,11.6551,0.0356,11.6551,0.0356,0.0294,178.414730512771,217.2005414938082,567.6324392045989,185.6329454980517,149.62706782776863,166.89122738703588,294.1243451223737,1.476994914755884,224.5
7.51,11.5528,0.0355,11.5528,0.0355,0.0305,178.31677855505137,217.08129563223648,565.8037370228141,185.4478825431798,149.6205130780924,166.70231983148918,294.0967539389733,1.481469360924308,224.5
7.52,11.25,0.0351,11.25,0.0351,0.0369,177.84762433383847,216.51015136293375,560.1933862344472,184.730883293298,149.3748088495469,165.97123919704742,293.70498844961946,1.4939337978181144,224.5
7.53,11.1026,0.0348,11.1026,0.0348,0.0369,177.576802480691,216.18045519388468,557.4533463177312,184.3162775963348,149.09644933650196,165.59951461742642,293.4474424996884,1.499706764163483,224.5
7.54,11.0387,0.0347,11.0387,0.0347,0.0373,177.50606073207814,216.09433480426907,556.3010036000571,184.1813289378808,149.04123253130655,165.4834572733742,293.4236602634511,1.5025255643737212,224.5
7.55,11.0166,0.0347,11.0166,0.0347,0.0383,177.53706758773512,216.13208228072105,555.9523743705879,184.1877271329411,149.0978886265976,165.4966753277162,293.51771510990693,1.5038346135722966,224.5
7.56,10.9945,0.0347,10.9945,0.0347,0.0375,177.56754652432178,216.1691870730874,555.5960849354043,184.1933514931493,149.1549837120916,165.50971780621785,293.6116610444672,1.5051641086386316,224.5
7.57,10.9846,0.0346,10.9846,0.0346,0.0379,177.5515701211505,216.14973753879192,555.4792852308346,184.14152123705136,149.02879481655373,165.50942323659646,293.5977406516983,1.5053272266197488,224.5
7.58,10.9748,0.0342,10.9748,0.0342,0.0381,177.35686860720833,215.91270960877532,555.3634038505683,183.8585507637243,148.40078428585235,165.38919809215008,293.2502514446398,1.5038259305824506,224.5
7.59,10.9473,0.0338,10.9473,0.0338,0.0387,177.14226223336695,215.65144967540328,554.9065149796834,183.546137009682,147.79361720269304,165.22864208224914,292.8943321761264,1.5031858778352014,224.5
7.6,10.9394,0.0329,10.9394,0.0329,0.0387,176.64314668382443,215.04383074552544,554.8259362957749,182.8728084477816,146.31966652317567,164.90215286472085,291.96420700403985,1.4987424171829626,224.5
7.61,10.9709,0.0325,10.9709,0.0325,0.0395,176.4843060439833,214.8504595318058,555.5106571676419,182.64983144855316,145.63618718060914,164.86328967399766,291.603480432437,1.495125820270421,224.5
7.62,10.9237,0.032,10.9237,0.032,0.0399,176.18107684913778,214.48131094677643,554.6707880249644,182.2199346262094,144.87639897457808,164.60916023242632,291.1037476797699,1.494824977263433,224.5
7.63,10.8254,0.0321,10.8254,0.0321,0.0397,176.192743785897,214.49551417413548,552.8311529242256,182.17898185765367,145.1886312703571,164.49757174038572,291.2990061924052,1.5005283680002215,224.5
7.64,10.7546,0.0319,10.7546,0.0319,0.0394,176.04670982691613,214.31773370233267,551.5185386680113,181.9442013783443,144.96091053899104,164.31680321636622,291.1447488373784,1.5031641164528986,224.5
7.65,10.7153,0.032,10.7153,0.032,0.0392,176.11852582203565,214.40516187030428,550.8188945138619,181.99793029154588,145.2048479690789,164.3326181045088,291.351747815406,1.505955704151381,224.5
7.66,10.7074,0.032,10.7074,0.032,0.0392,176.16242324634615,214.4586022129432,550.7350633806843,182.0238713429579,145.24124803394324,164.3748498282119,291.4464657024772,1.5065805841813646,224.5
7.67,10.6052,0.0321,10.6052,0.0321,0.0393,176.1644227078249,214.4610363399608,548.7938173082902,181.97298759379547,145.56228509371078,164.25007183463364,291.6402596959249,1.5125963371525222,224.5
7.68,10.5737,0.0324,10.5737,0.0324,0.0394,176.3656151077897,214.7059662181788,548.2421369449976,182.19672946377807,146.1393898652494,164.3660671573474,292.08299627526696,1.516171792083622,224.5
7.69,10.385,0.0336,10.385,0.0336,0.0399,176.92715126976395,215.3895754588431,544.5587929002237,182.8641611348103,148.4585470640712,164.49550753583114,293.5246869539153,1.5330918052727962,224.5
7.7,10.1883,0.0337,10.1883,0.0337,0.0413,176.80256593311142,215.23790635335305,540.6736935577574,182.64978580695808,148.92592204336023,164.14292745572686,293.6931036426068,1.5443472075400442,224.5
7.71,9.8934,0.0338,9.8934,0.0338,0.0389,176.5377185296422,214.9154834273905,534.704886365192,182.25927321882293,149.54750247123167,163.54933706294634,293.8388673614859,1.561291093418169,224.5
7.72,9.6536,0.0335,9.6536,0.0335,0.0391,176.08844648980826,214.36854355281008,529.789214408761,181.6396172790441,149.40685700722673,162.91062530441798,293.5414655128705,1.5732757344802426,224.5
7.73,9.4216,0.0333,9.4216,0.0333,0.0386,175.69232987434543,213.88631462963792,524.9580807566691,181.10197707627785,149.43498505020838,162.31869597534663,293.3563140784592,1.5857324383216689,224.5
7.74,9.2014,0.0329,9.2014,0.0329,0.0384,175.1791736424994,213.26160269521668,520.3065741266064,180.4159857858875,149.09493460077468,161.66277626132955,292.9403554115651,1.5966370559757723,224.5
7.75,8.4385,0.0326,8.4385,0.0326,0.0383,173.88485305304496,211.6859080645765,503.4635978872776,178.6248326889145,149.72689900460207,159.59634965636118,292.49991016704337,1.6438603098585425,224.5
7.76,8.1515,0.0313,8.1515,0.0313,0.0382,172.7308151860844,210.2809924004506,496.9215346880049,176.89241825966536,147.7320835111245,158.32436916189585,290.97702047739074,1.6562312060094595,224.5
7.77,7.8015,0.0284,7.8015,0.0284,0.0382,170.1345602711862,207.1203342431832,488.7305182568045,173.97405688756058,143.12086189922974,156.11834428121333,287.32259184279457,1.6598926028920356,224.5
7.78,7.4594,0.0275,7.4594,0.0275,0.0383,168.90358738273784,205.62175855289823,480.50011426347135,172.4621155254116,141.9765616611566,154.75479903288593,286.12041907633363,1.678694568103237,224.5
7.79,7.4594,0.0283,7.4594,0.0283,0.0382,169.45379121379406,206.2915719124449,480.5607305264285,173.1967481727561,143.56486105559347,155.17897233435318,287.2823717916688,1.6843992574847986,224.5
7.8,7.0505,0.0267,7.0505,0.0267,0.0383,167.56810188800208,203.99595012452423,470.3930220015718,170.86405454051211,141.15355996814648,153.23720616581753,285.09065465145915,1.7046415452043435,224.5
7.81,6.4213,0.0234,6.4213,0.0234,0.0383,163.86819266860942,199.4917128139593,453.9683348975103,166.2509729699221,135.48659338235572,149.59512221155097,280.1398800447357,1.7317619454170663,224.5
7.82,6.146,0.023,6.146,0.023,0.0386,162.8781650511339,198.2864618013804,446.49997027746537,165.15948829008505,135.1461429984649,148.49438731225305,279.51252118167986,1.7529008647342494,224.5
7.83,5.7961,0.0228,5.7961,0.0228,0.0393,161.73663834238957,196.89677711247427,436.6852185375727,164.02272709387302,135.40366082043266,147.19184545358488,279.1645169850871,1.7837729566962517,224.5
7.84,5.4736,0.0203,5.4736,0.0203,0.0386,159.0112423811966,193.57890376841328,427.3018493881266,160.55641106601752,130.42112553321547,144.63426061265542,274.9536091759473,1.7944431199665944,224.5
7.85,5.1512,0.0187,5.1512,0.0187,0.0386,156.77488616738512,190.8563831602949,417.5734784906239,157.8614791176978,127.29306338763926,142.4522300104556,272.00025404792154,1.813476191234954,224.5
7.86,4.8877,0.0178,4.8877,0.0178,0.0387,155.1619375971328,188.8927935965095,409.3460707536541,156.01729266436786,125.62333004669436,140.85141198885646,270.2437343002495,1.8338877413739605,224.5
7.87,4.6046,0.0181,4.6046,0.0181,0.0389,154.28156504483286,187.82103570675304,400.1881563767068,155.40355389303298,126.94433937533287,139.88970529169532,270.799088101493,1.8697832967944712,224.5
7.88,4.3765,0.0164,4.3765,0.0164,0.039,152.0563980251998,185.1121367263302,392.5593704580863,152.6314597076554,123.12034930408048,137.78642407466813,267.33445021504326,1.8807774866757832,224.5
7.89,4.385,0.0164,4.385,0.0164,0.0395,152.13932605212892,185.21309258520049,392.9026687806024,152.683405021378,123.11624258631426,137.8735288284819,267.42408128323297,1.8799814516758264,224.5
7.9,4.3934,0.0157,4.3934,0.0157,0.0394,151.67500831906892,184.6478362145187,393.2381205008398,151.89687533966557,121.29950516844822,137.46151716603592,266.0008900721684,1.8718228409037023,224.5
7.91,4.4525,0.0151,4.4525,0.0151,0.0394,151.4995662405497,184.4342545537127,395.2964140322376,151.4091427596793,119.64630714934071,137.32984747152506,264.7677458190273,1.8583603748519268,224.5
7.92,4.581,0.0156,4.581,0.0156,0.0395,152.49366893123192,185.644466524978,399.6592123267399,152.5102854227835,120.73857878629288,138.31556246992722,266.0323986889953,1.8485304987260585,224.5
7.93,5.0136,0.014,5.0136,0.014,0.0397,152.92753776885002,186.17265467512172,413.7053181679127,152.13549062675693,116.09158345910492,138.9203760361163,262.5751511059415,1.7830274212840196,224.5
7.94,5.509,0.014,5.509,0.014,0.0401,154.69242690910696,188.3212153676085,428.90066868456825,153.84202279532548,115.64239643856476,140.86757190937794,262.84209837246954,1.7331951645530703,224.5
7.95,5.9376,0.0141,5.9376,0.0141,0.0405,156.14734383896362,190.0924185865644,441.3927964057724,155.36091540249134,115.58219987696664,142.529593348837,263.3151483701327,1.6949444006392265,224.5
7.96,6.2758,0.0142,6.2758,0.0142,0.0405,157.23067040079482,191.4112509227068,450.87621466162113,156.54131262268515,115.62680501456084,143.8056462398224,263.749106843114,1.6671224813733507,224.5
7.97,6.5589,0.0145,6.5589,0.0145,0.0405,158.41454201114874,192.85248592661583,458.58719760305416,157.59383246438358,116.04396970170885,145.02418913807227,264.6373265310615,1.6488330012135872,224.5
7.98,6.7083,0.0149,6.7083,0.0149,0.0405,159.10630225100485,193.69462882731025,462.6023149999215,158.56176650576717,116.92440794054016,145.8751392670607,265.7037195852085,1.6403866857210314,224.5
7.99,6.7241,0.0149,6.7241,0.0149,0.0405,159.18286256847946,193.78783269206195,463.0751340198689,158.64117989513997,116.94073886816216,145.97537765492362,265.7925466381945,1.6393036256133533,224.5
8.0,6.6887,0.0151,6.6887,0.0151,0.0405,159.34534770786613,193.98564068783705,462.2006806166579,158.74535588123828,117.38255964891212,146.0767619331391,266.3275254910112,1.6446105278885867,213.9
8.01,6.61,0.0159,6.61,0.0159,0.0485,159.7395560675779,194.46554651705137,460.2175806791598,159.55475562477008,119.31758628446084,146.50506314707675,268.1821690029287,1.6570822635570484,213.9
8.02,6.5727,0.0161,6.5727,0.0161,0.0461,159.85175912805755,194.6021415472005,459.2691856653078,159.69212859481198,119.8048107810982,146.58851785784114,268.6918779112992,1.6621926698906206,213.9
8.03,6.5619,0.0162,6.5619,0.0162,0.0461,159.95052873849002,194.7223828120748,459.0377914605041,159.7965911151212,120.05187887624722,146.67995035873014,268.98976737995804,1.664220333654688,213.9
8.04,6.639,0.0162,6.639,0.0162,0.0461,160.18991701965413,195.0138120239268,461.144631672927,160.041256636394,120.01194743831536,146.97772980599177,269.0977381387872,1.6582704151500085,213.9
8.05,6.7162,0.0163,6.7162,0.0163,0.0461,160.50678403299978,195.39956317060845,463.2399003147692,160.3931248617196,120.19306206707698,147.34874806383868,269.4208590209517,1.6532987427654515,213.9
8.06,6.9246,0.0164,6.9246,0.0164,0.0461,161.2105656591767,196.256340802476,468.7292339044872,161.0192085661245,120.21035345100564,148.12482135703775,269.7808644605688,1.6391600270105835,213.9
8.07,7.192,0.0183,7.192,0.0183,0.0461,163.33401463114612,198.84140911617789,475.6121651460329,163.77919816039886,124.09505108672704,150.348278530606,273.8155379425146,1.635543351415682,213.9
8.08,7.4869,0.0184,7.4869,0.0184,0.0461,163.92613590341082,199.5622524041523,483.0194639103194,164.84211523546412,124.2397051978571,151.34133244717094,274.1769757428114,1.6134769612391255,213.9
8.09,7.7897,0.0184,7.7897,0.0184,0.0459,164.6844335610284,200.48539737864328,490.4407759236416,165.5107168424327,123.93882222999648,152.26019328749086,274.3432642751008,1.593821870054693,213.9
8.1,8.0099,0.0184,8.0099,0.0184,0.0459,165.14641092019863,201.0478045985027,495.7456884483112,166.07866686764325,123.8144177919142,152.92512322715228,274.485636117958,1.5792957556734115,213.9
8.11,8.1279,0.0183,8.1279,0.0183,0.0458,165.33024700981045,201.27160505542145,498.5801786583762,166.29401374536369,123.56308693563332,153.23075575076004,274.4065748681801,1.570989130127111,213.9
8.12,8.2262,0.0179,8.2262,0.0179,0.0457,165.24086110961022,201.1627874377864,500.9331182081903,166.16337027011926,122.73442840607436,153.26743690377472,273.7289927894765,1.5616533036016271,213.9
8.13,8.2144,0.0172,8.2144,0.0172,0.0451,164.717154222792,200.5252312277468,500.717027717602,165.46615965793643,121.37221810476694,152.78150286847077,272.3950572482805,1.556943170221267,213.9
8.14,8.2311,0.0165,8.2311,0.0165,0.0449,164.236864077485,199.94053018128608,501.165277530564,164.8334511609645,119.99748793117617,152.3521226317062,271.01606226080577,1.550347063534699,213.9
8.15,8.2478,0.0165,8.2478,0.0165,0.0449,164.31199607038468,200.0319952161205,501.6139986785692,164.90416050403118,120.01183919413776,152.44861918650847,271.1043245089421,1.5495064793247482,213.9
8.16,8.3677,0.0165,8.3677,0.0165,0.0449,164.5661193091524,200.34136263722905,504.4453852961894,165.22862670446682,119.99286181196727,152.81786683069456,271.2174094577685,1.5422155823630548,213.9
8.17,8.702,0.0165,8.702,0.0165,0.0449,165.1668235390231,201.07265474315855,512.1049057966546,166.06812882951422,119.91966478689456,153.73468752737293,271.38011967271626,1.522113472471665,213.9
8.18,9.1502,0.0189,9.1502,0.0189,0.0451,167.76604404851767,204.23692318949975,522.078577118487,169.45226468829526,124.3488042966448,156.6590814072897,276.4018605718459,1.5148589040455287,213.9
8.19,9.6575,0.0198,9.6575,0.0198,0.0455,169.1912210007802,205.97192121834112,533.0071444050786,171.4282396467879,125.81792638129406,158.54570361957832,278.27555410356706,1.4934366706159123,213.9
8.2,10.3653,0.0207,10.3653,0.0207,0.0457,170.76374606674702,207.8862995595181,547.6579861318513,173.73840187786217,127.16053019262591,160.81531391791813,280.1212856044412,1.4629437441485482,213.9
8.21,10.7585,0.021,10.7585,0.021,0.0459,171.45414438202863,208.7267844650784,555.5638546737401,174.81687220335084,127.555796523398,161.92789506779158,280.8096610096917,1.4457028127435496,213.9
8.22,10.7467,0.023,10.7467,0.023,0.0449,172.94155994485087,210.53755123720973,555.3941866255158,176.57118971318084,131.05202799587744,163.18461708870984,284.235539953891,1.4599240073668769,213.9
8.23,10.9315,0.0228,10.9315,0.0228,0.0444,173.03161042541063,210.6471779091956,559.0856114190748,176.7837710971891,130.63598204268777,163.52247614047508,284.03618709738845,1.4497852407642065,213.9
8.24,10.8608,0.0265,10.8608,0.0265,0.044,175.59927321393803,213.77302826044632,557.7681702877063,179.8232235884397,137.06803650103438,165.47755559326623,289.7188022104112,1.477295567460221,213.9
8.25,10.8637,0.0265,10.8637,0.0265,0.0441,175.65103373481776,213.8360410684738,557.892387463043,179.86406082554393,137.09022256269355,165.5397238087477,289.8082894002556,1.4773574939509806,213.9
8.26,10.8667,0.0294,10.8667,0.0294,0.044,177.63545576656875,216.2518591940837,558.0177117792725,182.2827073188348,142.06987211762387,167.0356495121168,293.8380161125062,1.4952445918833654,213.9
8.27,10.8981,0.0324,10.8981,0.0324,0.044,179.627950998004,218.6775055627875,558.6995303892335,184.75470738261583,147.13873304712018,168.51482126216263,297.6705682243842,1.5115070754364337,213.9
8.28,10.9866,0.0326,10.9866,0.0326,0.044,179.89344330388565,219.00071358733905,560.4940030943926,185.0989082307727,147.40161099867427,168.85410939885742,298.01773327254705,1.5084191426659337,213.9
8.29,11.254,0.0327,11.254,0.0327,0.0445,180.26984544699212,219.4589422832948,565.7318608365425,185.66814395932636,147.30479737385943,169.53979009648643,298.2805468465907,1.495976403159881,213.9
8.3,11.5489,0.0325,11.5489,0.0325,0.0437,180.4671987591601,219.69919848941237,571.4103514847452,186.0439799289848,146.696220370755,170.14284914663634,298.19073830708794,1.480865180370146,213.9
8.31,11.8831,0.0324,11.8831,0.0324,0.0463,180.7407904135654,220.03226659042747,577.7450693983386,186.5552904710825,146.2333405506672,170.85670542120204,298.2250677497827,1.464858488224705,213.9
8.32,12.1859,0.0321,12.1859,0.0321,0.0423,180.8397098210532,220.15269021693427,583.3756586317947,186.8519935438188,145.4971282801117,171.40185636526343,298.0107685475594,1.4496667585858714,213.9
8.33,12.5398,0.0315,12.5398,0.0315,0.0361,180.7624227501551,220.0586016088845,589.8338775025173,186.99364717339432,144.26142105563414,171.8979736412895,297.4340353245458,1.4309717310096135,213.9
8.34,12.937,0.0313,12.937,0.0313,0.0327,180.94444882408945,220.2801985684567,596.9570205671621,187.502869398634,143.66340952310932,172.6379221914681,297.3466832843427,1.4131460631961548,213.9
8.35,13.0156,0.0312,13.0156,0.0312,0.0317,180.9778989715255,220.32092048707452,598.406671788314,187.5878472100592,143.47487440950167,172.80023880445535,297.32646398917905,1.409510853014742,213.9
8.36,13.169,0.0312,13.169,0.0312,0.0297,181.1192232469208,220.492967431034,601.154021288087,187.86413124018927,143.3920603096045,173.14964373650508,297.4423005914007,1.4033703506441766,213.9
8.37,13.3381,0.0312,13.3381,0.0312,0.0197,181.26473980101116,220.67011801862228,604.1267521008039,188.16062022780588,143.3025072876606,173.52572324470609,297.56036918979333,1.3967332005871382,213.9
8.38,13.633,0.0313,13.633,0.0313,0.0179,181.5380269903393,221.0028154665,609.2590621839071,188.72392938245656,143.28659799050266,174.17708051245998,297.8223132885694,1.3856483960901635,213.9
8.39,13.7981,0.0311,13.7981,0.0311,0.0162,181.54069465976423,221.0060630640608,612.1328773017449,188.86193879982136,142.89918742834396,174.44428173798403,297.6905474947346,1.378258206517047,213.9
8.4,13.8925,0.0309,13.8925,0.0309,0.015,181.50538348990256,220.9630755529249,613.7972493049881,188.8934228723792,142.56101730072257,174.57996283890984,297.5456408708744,1.3736897650556137,213.9
8.41,13.861,0.0304,13.861,0.0304,0.0147,181.21179333209864,220.60566144777223,613.3365753225776,188.51001028180727,141.8399728169943,174.34441291649662,296.9996845101396,1.3723826560690355,213.9
8.42,13.7942,0.0286,13.7942,0.0286,0.0144,180.0329379129455,219.1705331114119,612.2770105345951,187.08117704955643,139.1347058348018,173.4000681612314,294.7304811580853,1.3652317337350082,213.9
8.43,13.7116,0.0287,13.7116,0.0287,0.0142,180.10767619015306,219.26151884018637,610.9452721065444,187.06938949052983,139.3584631205388,173.3575568054026,294.9396975543252,1.3691908035972171,213.9
8.44,13.7391,0.0287,13.7391,0.0287,0.0142,180.1700525565233,219.33745528620227,611.484719514726,187.15167322486425,139.37158629268004,173.46474162679607,295.03254955197445,1.3683023285611415,213.9
8.45,13.6054,0.0288,13.6054,0.0288,0.0149,180.2180201593479,219.39585062877137,609.2790174250902,187.0599213329,139.62311369786792,173.32770788983433,295.23306138094483,1.3742824925016175,213.9
8.46,13.4953,0.0289,13.4953,0.0289,0.0156,180.27600241274072,219.46643771985828,607.4647757906504,187.0038318298125,139.86463648730987,173.23178926724768,295.4367571394695,1.3793847918936182,213.9
8.47,13.1808,0.029,13.1808,0.029,0.016,180.21709903755712,219.39472926311305,602.0905878476028,186.6227790813635,140.2253925668377,172.75079704881983,295.6062193336293,1.3928145718607736,213.9
8.48,12.9252,0.0289,12.9252,0.0289,0.0164,180.04615068485143,219.18661822503657,597.675803990482,186.17377764888303,140.24576596768097,172.27146938836316,295.5188999056429,1.4029850893884457,213.9
8.49,12.237,0.0291,12.237,0.0291,0.0171,179.76350278660172,218.84252513151517,585.3874504881593,185.23610859176063,141.0403310322764,171.07339463167614,295.7524045929748,1.4339112182091127,213.9
8.5,12.0798,0.0292,12.0798,0.0292,0.0183,179.76090264248475,218.8393597386771,582.5764246777716,185.0876668651256,141.33979407487897,170.85970970601124,295.9441478331496,1.441695269351658,176.0
8.51,11.9439,0.0304,11.9439,0.0304,0.0371,180.4959790916478,219.73423541591907,580.2020286653944,185.84262798936217,143.4257223656446,171.20868633662573,297.56125487984,1.4548414110819985,176.0
8.52,11.8788,0.0306,11.8788,0.0306,0.0347,180.62250329225623,219.88826487752937,579.051099337815,185.92436118322303,143.83121334992492,171.22302240019522,297.89147534962945,1.4592005622434223,176.0
8.53,11.8554,0.0305,11.8554,0.0305,0.0379,180.58793715893347,219.84618436739729,578.6944767199122,185.8439485462182,143.7109820008924,171.1837259120328,297.84877576431325,1.4598731420861708,176.0
8.54,12.062,0.0304,12.062,0.0304,0.0397,180.73560489524556,220.0259537855163,582.598059807599,186.1513905884985,143.4066219348705,171.6192505783336,297.8479844539249,1.450046440678443,176.0
8.55,12.2685,0.0303,12.2685,0.0303,0.0391,180.87430912028407,220.19481110295453,586.4514308398276,186.4549298576259,143.11104998979968,172.0481916971382,297.8460061686157,1.4404197488226016,176.0
8.56,12.4533,0.0304,12.4533,0.0304,0.0421,181.12142719269107,220.49565049545004,589.8873009199729,186.87590791744196,143.16017985969907,172.52220407540855,298.0947234393225,1.4330149600716844,176.0
8.57,12.6853,0.0304,12.6853,0.0304,0.0417,181.3278239912984,220.74691616331975,594.1257470689555,187.29250144167656,143.01947205572932,173.03752946733516,298.22352188188114,1.4231663549528026,176.0
8.58,13.0746,0.0308,13.0746,0.0308,0.0425,181.8833085404824,221.423158223196,601.0935478563921,188.26263292132657,143.41084317654645,174.03744131213793,298.88574517024944,1.4091557031887472,176.0
8.59,13.1926,0.0339,13.1926,0.0339,0.0421,183.99210022941463,223.99038288798303,603.2269504610725,190.8119402618248,148.20701182372255,175.71226392751495,302.7446181896868,1.4213198735338066,176.0
8.6,13.1375,0.0356,13.1375,0.0356,0.0425,185.0664792452179,225.29832255939573,602.334674508712,192.0137801904923,150.92740109362603,176.37806561409317,304.75676684242467,1.432785931021729,176.0
8.61,13.0392,0.0351,13.0392,0.0351,0.0429,184.74702861308668,224.90942613767075,600.6806682026674,191.53551037719663,150.2614549632964,176.03755424218494,304.26943978185795,1.4345002958698445,176.0
8.62,12.7718,0.0363,12.7718,0.0363,0.0427,185.35832668508564,225.65361509488687,596.0157980643235,192.0346372243411,152.41109816001912,176.0602833598799,305.6449471453171,1.4524483258174328,176.0
8.63,12.5909,0.0367,12.5909,0.0367,0.0429,185.52431418573457,225.85568683480733,592.8476770167567,192.0796954455417,153.24281925840108,175.9155713162962,306.13817945856675,1.4626464293491916,176.0
8.64,12.2606,0.0368,12.2606,0.0368,0.0432,185.3881732632696,225.68995005963257,586.9303395847691,191.66496433002163,153.76554778207338,175.3394744944148,306.2759780800646,1.4781460699365625,176.0
8.65,12.0955,0.0369,12.0955,0.0369,0.0437,185.36691494608672,225.66407036914904,583.9693882675558,191.50823545758377,154.12543802089348,175.0932162234921,306.4429782580455,1.486418868757231,176.0
8.66,11.8674,0.0371,11.8674,0.0371,0.0441,185.3455358207004,225.6380436078092,579.8086751528496,191.31791295466152,154.72062672908305,174.74833043124082,306.70483445940056,1.4982879083590206,176.0
8.67,11.1714,0.0374,11.1714,0.0374,0.0467,184.9204577816764,225.1205572994321,566.6605677887867,190.4034647893293,156.05307580192934,173.405540607909,306.9784519076794,1.533856235813933,176.0
8.68,10.8765,0.038,10.8765,0.038,0.0459,185.00654337991227,225.22535715815408,560.9648255649101,190.3644207333084,157.43825935155894,173.02258044782295,307.643067650136,1.552275611765617,176.0
8.69,10.0822,0.0384,10.0822,0.0384,0.0473,184.1542944866024,224.18783676629852,545.0295225225136,189.47581738611515,159.47879998762758,171.34710724162125,307.97901616581225,1.595689983016785,176.0
8.7,9.7794,0.0383,9.7794,0.0383,0.0467,183.85527821024468,223.82381695160225,538.7823911283606,188.71238151063824,159.63740992454174,170.6139869283804,307.89474546532927,1.6137616044593002,176.0
8.71,9.4766,0.0394,9.4766,0.0394,0.0467,184.23342457024856,224.28416904204173,532.4144724766762,188.75149064100333,161.78548895688982,170.2970103148041,309.04810597701294,1.6393074967873156,176.0
8.72,8.9025,0.0389,8.9025,0.0389,0.0465,182.9619332322356,222.7362665435912,519.9256927237795,187.41815482279443,162.1245586856932,168.64635076261553,308.48230899701446,1.6712392698669352,176.0
8.73,8.6155,0.0395,8.6155,0.0395,0.0466,182.81977245502893,222.56320124960044,513.5234468717293,187.29123557240283,163.72715744411383,168.11936144598027,309.11142491217856,1.6933927265539916,176.0
8.74,8.2655,0.0396,8.2655,0.0396,0.0466,182.24599652244132,221.86469141862423,505.5181491992111,186.6434363359157,164.6236073905039,167.2066155919093,309.20770944312227,1.717851270197751,176.0
8.75,7.483,0.0415,7.483,0.0415,0.0467,181.53270635446077,220.99633817064787,486.75007362521546,186.2780732900293,169.78302657065382,165.52399553427793,310.95833763102314,1.7854002604854875,176.0
8.76,7.078,0.0428,7.078,0.0428,0.0471,181.17577096040728,220.56180812571324,476.5821143457429,186.25519679815423,173.1840548554006,164.67623067834074,312.16939476189225,1.8246587253029052,176.0
8.77,6.7083,0.0445,6.7083,0.0445,0.0471,180.9705497289053,220.3119735830152,466.98085623804457,186.53999326739535,177.32622460515643,163.9901591961598,313.72012998645107,1.8648827059378812,176.0
8.78,5.973,0.0452,5.973,0.0452,0.0473,178.92660280089865,217.8236903663114,446.8043516993863,185.05349332749464,181.05373066582263,161.5316058707808,314.17794092238626,1.9363288561400196,176.0
8.79,5.7174,0.0453,5.7174,0.0453,0.0473,178.07300345351644,216.78452594341127,439.4630639470202,184.3991739232933,182.19556791642185,160.5977572968025,314.2570117691772,1.96267286248386,176.0
8.8,5.4343,0.0455,5.4343,0.0455,0.0479,177.084742670962,215.58142586030155,431.0862794796729,183.6976022742256,183.693533146275,159.5363426260873,314.40932321550724,1.9937128576717127,176.0
8.81,5.0843,0.0455,5.0843,0.0455,0.0485,175.625566720845,213.80503774711568,420.3320274167091,182.5972000218866,185.19005110969323,158.06414252968074,314.3447796982267,2.033061782382392,176.0
8.82,4.754,0.0456,4.754,0.0456,0.0507,174.27685667744913,212.16312986819892,409.7649684845978,181.3395593402548,186.60695849081728,156.62053140144698,314.3684652894591,2.074937675634101,176.0
8.83,4.2782,0.0491,4.2782,0.0491,0.0544,173.1473102290888,210.78802984410808,393.69197843706434,181.92286759852817,195.80257875926813,155.25881190192786,317.2486183742089,2.155760501473544,176.0
8.84,4.0423,0.0547,4.0423,0.0547,0.0596,173.7332984562076,211.5014068162527,385.3565273158928,184.5276289462753,207.87969098997817,155.43149017667895,321.6914972776744,2.2168442037271285,176.0
8.85,3.8182,0.0575,3.8182,0.0575,0.0638,173.20718500698334,210.86092087806668,377.1501162923114,185.2712302284092,214.68911183430723,154.84890275333132,323.7419489611615,2.2640115068909386,176.0
8.86,3.6019,0.0574,3.6019,0.0574,0.0678,171.68972303121444,209.0135758640872,368.9417225342039,184.2524575825199,216.14511794989653,153.5799926778505,323.6215005583225,2.2988563531302173,176.0
8.87,3.2559,0.0573,3.2559,0.0573,0.0738,169.01619527523323,205.75884642202308,355.1227648741269,182.5310695072077,218.84911321753364,151.38821045521942,323.3987209360902,2.3595230390506705,176.0
8.88,3.2008,0.0569,3.2008,0.0569,0.0849,168.5030410979946,205.13413698886305,352.9577813612274,182.03280770677557,218.54421784133515,150.97609047647737,323.1556426397681,2.367967421407453,176.0
8.89,3.2195,0.0531,3.2195,0.0531,0.0887,167.55396488714172,203.9787398626073,353.8110868893149,179.84796685927546,210.9360210924165,150.28543462683544,320.36998659050226,2.346850381090918,176.0
8.9,3.2382,0.0505,3.2382,0.0505,0.0919,166.9241766769883,203.21204117198576,354.6565229935835,178.32697279838123,205.59769044703,149.83220039544585,318.39009856284866,2.330801782859975,176.0
8.91,3.2834,0.049,3.2834,0.049,0.0963,166.83911000552845,203.1084817458607,356.6048471490952,177.6053910537364,202.20883550783495,149.80307413533004,317.2671453605476,2.315012715153065,176.0
8.92,3.4485,0.0494,3.4485,0.0494,0.0891,168.27735093530256,204.85938374732487,363.2948975909044,178.67613905564752,201.75155339537315,151.01404566062072,317.8081502885753,2.2881114792598147,176.0
8.93,3.6412,0.0488,3.6412,0.0488,0.0684,169.48004881507595,206.32353768791856,370.7619686639106,179.18047255789233,199.20459242885224,152.09417683077683,317.521370862567,2.253402713987544,176.0
8.94,3.8929,0.0481,3.8929,0.0481,0.0512,170.94437600469686,208.1061968752832,380.2296361611226,179.8352746020538,196.1882880621128,153.42885437518063,317.172137943786,2.210588805064805,176.0
8.95,4.1052,0.0465,4.1052,0.0465,0.0413,171.70383193223807,209.0307519175072,387.97256241836055,179.66850651700418,191.78934996098369,154.22094644274634,315.9937851732255,2.171105124509606,176.0
8.96,4.294,0.0409,4.294,0.0409,0.0397,170.58109564986532,207.66394253027084,394.7131783952824,176.53212900383969,179.66608724098435,153.62596291826603,310.95739613941373,2.1137994607870394,176.0
8.97,4.5063,0.0406,4.5063,0.0406,0.0305,171.6164928917436,208.9244261290792,402.02541022394655,177.14177733885418,178.07498540948808,154.65069550603044,310.858607049064,2.0839890926628204,176.0
8.98,4.6636,0.0409,4.6636,0.0409,0.0284,172.4741955872199,209.9685859322677,407.35324308582784,178.15670304210772,178.23536085351958,155.55986065505778,311.3230210850585,2.064311576063443,176.0
8.99,4.7029,0.0412,4.7029,0.0412,0.0281,172.8447889207455,210.41974303395105,408.7026089431847,178.53182603269963,178.6600772214053,155.89068070115914,311.72605397942624,2.0613772700068878,176.0
9.0,4.6911,0.042,4.6911,0.042,0.0422,173.1927311236745,210.84332484621245,408.44962776615984,179.09165010452102,180.28409697399653,156.13148385923785,312.5884671045035,2.067324068546054,158.1
9.01,4.7717,0.0432,4.7717,0.0432,0.0564,174.1590906097289,212.01976248140917,411.25004492126686,180.259185956371,182.25951487144684,156.92979116887454,313.8630536481445,2.0638696349572268,158.1
9.02,4.8523,0.0471,4.8523,0.0471,0.0418,176.18194124931392,214.4823632600344,413.834203679367,183.23077415396224,189.38393805187752,158.4902083965899,317.5380254653814,2.075322385513294,158.1
9.03,4.8327,0.0533,4.8327,0.0533,0.0345,178.5838549117902,217.40643206652723,413.19366690256174,186.96065630570808,200.6962226395952,160.08134049836016,322.7648986535796,2.1100130762870606,158.1
9.04,4.859,0.0599,4.859,0.0599,0.031,181.0420699511623,220.39904167967583,414.0726002434232,191.02261411184992,212.3665513199028,161.816135978574,327.80555003542923,2.136670918129541,158.1
9.05,4.8853,0.0675,4.8853,0.0675,0.0294,183.6211815673437,223.5388297341576,414.9612796448163,195.37084526453216,225.3363319552344,163.60579385350528,333.0420963533679,2.16474441822359,158.1
9.06,4.9497,0.0688,4.9497,0.0688,0.0291,184.3996748135533,224.48656064258665,417.0836168438744,196.31280686047083,227.14189487499092,164.22476937989063,333.99469602104693,2.162210161866631,158.1
9.07,5.0922,0.069,5.0922,0.069,0.0305,185.2469551717525,225.51803238300303,421.6799693232169,196.9398155936632,226.6299842442606,164.98767727620887,334.2842239425826,2.146213083063841,158.1
9.08,5.4029,0.0691,5.4029,0.0691,0.0319,186.7403852442505,227.33612116691367,431.3731660498184,198.29103300038284,225.4020342937294,166.47178820913186,334.58699814250747,2.1100575333635208,158.1
9.09,5.8315,0.0687,5.8315,0.0687,0.0327,188.5846782077738,229.5813473833768,444.1761097354128,199.44788250798908,222.49394405403305,168.28226626021066,334.61666600843205,2.063294711404466,158.1
9.1,6.3348,0.0683,6.3348,0.0683,0.0265,190.5161324573044,231.932682991501,458.4470298093576,200.7274551025431,219.4671976106501,170.26986325290218,334.6607212249273,2.0129391142125064,158.1
9.11,6.7319,0.0675,6.7319,0.0675,0.0369,191.73854473964892,233.42083707435523,469.3167222396552,201.41387550582724,216.46438630219333,171.6516440681665,334.3917960235148,1.9739057939289852,158.1
9.12,7.2077,0.0673,7.2077,0.0673,0.0241,193.26531644998357,235.27951567824084,481.6949429628605,202.55867003610672,214.2790441299941,173.3581898184577,334.5246334109593,1.9331835870587792,158.1
9.13,7.2982,0.0665,7.2982,0.0665,-0.0064,193.2956462320096,235.31643889114213,483.8929343283345,202.35314072126656,212.7037040594543,173.55053837789993,334.1284627745564,1.923511476491284,158.1
9.14,7.3886,0.0655,7.3886,0.0655,-0.0179,193.2559232961212,235.2680805344084,486.16911500226985,202.04080386672533,210.80531437345647,173.69281099788702,333.59372427007065,1.9128232462793449,158.1
9.15,7.4673,0.0644,7.4673,0.0644,-0.0188,193.14002034013023,235.1269812836369,488.1901121634799,201.6419792530467,208.7885712638302,173.76646752114152,332.9782493118338,1.9025462186826123,158.1
9.16,7.5105,0.0616,7.5105,0.0616,-0.0192,192.27793908561148,234.0774910607444,489.31852855250906,200.17780931424477,204.1782819137072,173.32303222800093,331.1652449879628,1.8882384563087489,158.1
9.17,7.5184,0.0567,7.5184,0.0567,-0.0193,190.44602943825475,231.84734018570143,489.5675610382239,197.33191109466392,196.2150219185103,172.21300850980683,327.70896559867475,1.8673957134141896,158.1
9.18,7.4948,0.0543,7.4948,0.0543,-0.0192,189.45462375592717,230.6404115289548,489.0329189336213,195.8318401380572,192.34114691844312,171.57022514249087,325.9538806858131,1.858992915254719,158.1
9.19,7.2667,0.0532,7.2667,0.0532,-0.0191,188.4200321079975,229.3809086532144,483.3427133502704,194.604447054048,191.21586420604865,170.57004417317535,325.10300777129646,1.872500579708392,158.1
9.2,7.074,0.0528,7.074,0.0528,-0.0181,187.75046542686485,228.5657839979224,478.45982809873954,193.88515249394715,191.1564911710629,169.85612908854972,324.8089645818271,1.8867539509705076,158.1
9.21,6.7988,0.0547,6.7988,0.0547,-0.0177,187.7346328733569,228.54650958495623,471.3112188711156,194.36295340144784,195.2853704368642,169.43580663878873,326.299037731745,1.9190063324087927,158.1
9.22,6.5353,0.0566,6.5353,0.0566,-0.0173,187.66363491186027,228.46007728400383,464.2963708091584,194.82117408263971,199.43948058144383,169.00323544597248,327.74477698414904,1.951052726551386,158.1
9.23,6.2758,0.062,6.2758,0.062,-0.0168,188.7757766805272,229.8139890023809,457.2135258077389,197.2709948863896,209.4931931496794,169.34670688724043,331.64194743798976,1.9982100185703129,158.1
9.24,5.9848,0.0706,5.9848,0.0706,-0.0154,190.53786153762297,231.95913578493236,449.0476625520894,201.1418414126474,224.8630960100118,170.06720317016823,337.26365528507984,2.060289388954898,158.1
9.25,5.7135,0.0711,5.7135,0.0711,-0.0148,189.57901417680412,230.79184334567464,441.20666644200014,200.57591242845731,227.02995124294424,169.0847045365096,337.5497093730509,2.090204056024933,158.1
9.26,5.4461,0.0714,5.4461,0.0714,-0.0138,188.494815144,229.4719488709565,433.2498753542064,199.87730984500456,228.93774785274005,168.0308239323505,337.70705699722123,2.120349895565373,158.1
9.27,5.1276,0.0712,5.1276,0.0712,-0.0132,187.01547385263845,227.6710116466903,423.4342751915007,198.48104681263683,230.06439565133607,166.59020574805442,337.52557978528824,2.15738922386622,158.1
9.28,4.7816,0.0711,4.7816,0.0711,-0.0126,185.18587409406223,225.44367281016275,412.3254339751354,197.16869026930067,231.982946120888,164.95287304937082,337.3815145359266,2.1995129507118363,158.1
9.29,4.4119,0.0706,4.4119,0.0706,-0.0118,182.9220688785734,222.68773602608937,399.88502738433095,195.46233673394036,233.5697775042861,163.00580720632146,336.96327621669906,2.2466918969653284,158.1
9.3,4.0423,0.0698,4.0423,0.0698,-0.0108,180.3488227187123,219.55508852712805,386.782302679319,193.48118226684943,234.86616011693943,160.86093651074864,336.3382014934368,2.297155985413661,158.1
9.31,3.6412,0.0691,3.6412,0.0691,-0.0098,177.29565489364313,215.83818856617424,371.68536147386,191.25588759879,236.86600288205813,158.3732121212205,335.7294047146733,2.358595660777026,158.1
9.32,2.8862,0.0663,2.8862,0.0663,-0.0088,170.0260972319449,206.98829228236767,340.14103139110455,185.6882714087567,239.10581485059632,152.68208231152633,333.4457262375136,2.491011060177592,158.1
9.33,2.5441,0.0658,2.5441,0.0658,-0.0078,166.32828109050422,202.4866030667008,324.17082956397985,183.22368522748053,242.21310597808716,149.88376395225285,332.89719083608475,2.567871760967375,158.1
9.34,2.2532,0.0653,2.2532,0.0653,-0.0058,162.7572714070317,198.13928693029948,309.5221712773989,180.85361791304976,245.2300868171361,147.236407247874,332.3586197763217,2.642386805289358,158.1
9.35,2.0762,0.0648,2.0762,0.0648,-0.0032,160.3322000138276,195.1870261037901,300.0539742958854,179.17765010020085,246.96568774986704,145.46246378542196,331.9155778510694,2.6923677399564454,158.1
9.36,1.9032,0.06,1.9032,0.06,-0.0012,156.78644519148884,190.87045501572555,290.29649435399347,175.1110204979568,240.14849410727368,142.77915932176214,328.48866825286507,2.7274243455527825,158.1
9.37,1.7931,0.0524,1.7931,0.0524,0.0028,153.3087653992539,186.63675787735255,283.84045795059643,169.76171902062845,225.91771873176185,140.01835647048105,322.700480888091,2.729824075939937,158.1
9.38,1.6948,0.0506,1.6948,0.0506,0.0072,151.34653537651175,184.24795611053605,277.8789070449316,167.73577672128147,223.6344880584687,138.52487359783308,321.1900753474047,2.7570306177975628,158.1
9.39,1.6444,0.0498,1.6444,0.0498,0.0102,150.36292250759172,183.05051435706815,274.7627048462577,166.744531845631,222.7253937144,137.78247079824766,320.5401383758052,2.7725462991994605,158.1
9.4,1.6219,0.0501,1.6219,0.0501,0.014,150.1169039716443,182.7510135306974,273.39990841709755,166.70240692542546,223.7798022763625,137.6186724856169,320.844194131612,2.783148794867472,158.1
9.41,1.6497,0.0505,1.6497,0.0505,0.0171,150.7345134616973,183.50288595337065,275.24598854218164,167.2349385443362,224.12586039456912,138.0877772609405,321.3028709242024,2.774386300343678,158.1
9.42,1.6775,0.0514,1.6775,0.0514,0.0205,151.47419417248605,184.40336681867868,277.0769909619627,168.06427629141533,225.5829871997012,138.66450862485877,322.16795620813025,2.768358423495498,158.1
9.43,1.7341,0.0535,1.7341,0.0535,0.0255,152.97515508100295,186.2306235768732,280.6942583160172,169.8788072697665,229.122213417542,139.8337850562651,324.0159236313093,2.7575286507414294,158.1
9.44,1.9032,0.0544,1.9032,0.0544,0.0275,155.83149323808777,189.70790481158517,290.8756528377779,171.98581480764162,228.16302871212355,141.9582065149975,325.0301974693772,2.7025537977271696,158.1
9.45,2.438,0.054,2.438,0.054,0.0277,162.64732037709408,198.00543350254927,319.6940344095621,175.98310508456305,220.01463949476596,147.0650249048981,325.4012681477833,2.5446742754652623,158.1
9.46,2.8076,0.0536,2.8076,0.0536,0.0271,166.4589427081385,202.64566938382077,337.39651469896523,178.18286182540209,215.25893063607995,150.03635683936756,325.5137335246025,2.455355086369348,158.1
9.47,3.2952,0.0531,3.2952,0.0531,0.0263,170.68670997380684,207.7925164898518,358.6719791052687,180.67675874214115,209.98892454651045,153.46202993942674,325.5898914977262,2.354706074415746,158.1
9.48,3.8536,0.0526,3.8536,0.0526,0.0294,174.70810796070427,212.6881314304226,380.8038909990706,183.14441776382887,205.02423657929685,156.88345776010473,325.65355579974795,2.25700029722123,158.1
9.49,4.4473,0.052,4.4473,0.052,0.0326,178.20898602519995,216.95006994372167,402.2616066825751,185.3488764201101,200.3982016087929,160.04864180070294,325.6000443570776,2.1675840810170324,158.1
9.5,5.0175,0.0511,5.0175,0.0511,0.04,180.8094453883992,220.1158465597904,421.2971033938941,187.1437460634115,196.14477941635545,162.66499451519485,325.23865109182054,2.0897627749068173,142.4
9.51,5.3989,0.0504,5.3989,0.0504,0.0588,182.339673112101,221.97873248429687,433.39591822633616,188.05413518258288,193.19459053367632,164.2501224698904,324.91851152266656,2.042479471774126,142.4
9.52,5.7803,0.0497,5.7803,0.0497,0.0359,183.65623478615532,223.58150321792823,444.7330454058514,188.8540516581016,190.45389054191008,165.7285495752998,324.5784385719437,1.99920670641706,142.4
9.53,6.146,0.0497,6.146,0.0497,0.0272,185.0662482414067,225.29804133736468,455.26334410168806,189.99736624077303,189.1389780143732,167.24785545275117,324.81208158508747,1.9632053734972843,142.4
9.54,6.3348,0.0498,6.3348,0.0498,0.0257,185.815504643187,226.21017956561897,460.590703387268,190.64086198789224,188.67546768656285,168.055157565443,325.0559591898658,1.9460340598920236,142.4
9.55,6.3073,0.0499,6.3073,0.0499,0.0241,185.80910283829328,226.2023860640092,459.8652894301143,190.64165631019944,188.95108384691085,168.02680440759246,325.21646223175725,1.9493928639774476,142.4
9.56,6.441,0.0507,6.441,0.0507,0.0215,186.6441414735264,227.21895483733647,463.59587372789633,191.5616005860824,189.9017973069896,168.80684491446527,326.026492170124,1.941088888349902,142.4
9.57,6.4999,0.0509,6.4999,0.0509,0.0189,186.96993618965325,227.61557449175172,465.24362937483,191.87636899284195,190.0610373368289,169.1326598690622,326.3016702026616,1.936948634968916,142.4
9.58,6.5157,0.0533,6.5157,0.0533,0.0183,188.0535220547174,228.93472250139516,465.719940995956,193.44441107125223,194.12942781439125,169.88936317407806,328.35458001556634,1.946952424187436,142.4
9.59,6.5196,0.0548,6.5196,0.0548,0.0182,188.7128476803884,229.7373797848207,465.87391773311566,194.3945438287897,196.66695693130188,170.34523868196726,329.62987871724613,1.9536577415251597,142.4
9.6,6.4685,0.0587,6.4685,0.0587,0.0181,190.0829833947952,231.40537108931588,464.5238220043228,196.5911633696569,203.38820477850533,171.1756178378147,332.65746757662095,1.975657823914001,142.4
9.61,6.4292,0.0592,6.4292,0.0592,0.0181,190.17872469580155,231.521925716628,463.4920637537877,196.78569525431743,204.36956437872183,171.19545288931283,333.0971797847751,1.981689923006687,142.4
9.62,6.3309,0.0596,6.3309,0.0596,0.0181,190.0211439826988,231.33008832676376,460.8210639520432,196.7447785921342,205.4119784243451,170.96096395906056,333.4386252840901,1.992856739248126,142.4
9.63,6.2247,0.0602,6.2247,0.0602,0.0181,189.89589026475105,231.1776055396969,457.90147797839774,196.78925486858813,206.82655305458945,170.73615344114745,333.91907314959843,2.0057694087694,142.4
9.64,6.1618,0.0614,6.1618,0.0614,0.0177,190.13595753971973,231.4698613527023,456.1740378758203,197.3003840153186,209.0703156128,170.81543344921377,334.83971951302465,2.0171261879787554,142.4
9.65,6.0871,0.0619,6.0871,0.0619,0.0176,190.07206708332805,231.39208166666023,454.10078321889983,197.36995561249185,210.2064743760227,170.67968899710144,335.25061814375914,2.0267742161486213,142.4
9.66,6.0241,0.0621,6.0241,0.0621,0.0175,189.9422744794824,231.2340732793699,452.3465245050807,197.3025512461128,210.8027351806398,170.51890683896625,335.45330765880215,2.034114209641915,142.4
9.67,5.9219,0.0617,5.9219,0.0617,0.0173,189.4404496746336,230.6231561256409,449.4460877857716,196.76950401817115,210.57493263354928,170.0569733959956,335.21692398333226,2.043018782034457,142.4
9.68,5.8393,0.0614,5.8393,0.0614,0.0173,189.0454510140385,230.14228819100344,447.0880961266902,196.3503565886935,210.4320608909312,169.6934583371295,335.0573728308092,2.0504913346814058,142.4
9.69,5.6899,0.0608,5.6899,0.0608,0.0173,188.2563088042256,229.18159332688333,442.73130237143965,195.53666831448012,210.0826109974308,168.97205946206464,334.6531448698491,2.063845845458556,142.4
9.7,5.6231,0.0606,5.6231,0.0606,0.0173,187.9466075385936,228.80456569915745,440.7847519671009,195.21542901648456,210.04425648015808,168.68719208071818,334.56789684042536,2.0703907275655333,142.4
9.71,5.5719,0.0605,5.5719,0.0605,0.0177,187.73609262508464,228.54828667401608,439.2954347805592,195.00127753946973,210.1060109332492,168.49031497466495,334.560638104466,2.0757477257775023,142.4
9.72,5.5051,0.0605,5.5051,0.0605,0.0179,187.48768366685005,228.2458757683392,437.3231570984199,194.7890680135868,210.4100400287961,168.24607110251236,334.6179095383312,2.0832872375413545,142.4
9.73,5.3793,0.0604,5.3793,0.0604,0.0183,186.9300202575344,227.56698118308532,433.52745255081055,194.31218255235112,210.82383652063555,167.71185738184346,334.5757627210408,2.0970678667003377,142.4
9.74,5.2849,0.0603,5.2849,0.0603,0.0183,186.5026311674164,227.04668142120252,430.6511284487863,193.93660652233385,211.1011244554745,167.30959402289042,334.5468108422678,2.1076075428126906,142.4
9.75,5.1669,0.0596,5.1669,0.0596,0.0185,185.7460603682292,226.12563870914855,426.9995811777311,193.1265041281988,210.47227924693107,166.65243891913775,334.0702786804634,2.118538966145633,142.4
9.76,4.9585,0.0557,4.9585,0.0557,0.0187,183.40431760351305,223.2748214303637,420.3855606930693,190.0900752744332,204.69520501514057,164.78637465527805,331.1290834408734,2.126527430340216,142.4
9.77,4.7265,0.0529,4.7265,0.0529,0.0183,181.2480357832134,220.64978269260763,412.8055063423205,187.51933504302036,200.8336709398332,163.00054026076663,328.88488227593865,2.1428327704469825,142.4
9.78,4.2035,0.0486,4.2035,0.0486,0.0173,176.7654353141249,215.1927038606738,394.7687996738272,182.67610786818247,195.5784761030628,159.1925818791287,325.08199959673186,2.193063492447034,142.4
9.79,3.8654,0.0432,3.8654,0.0432,0.0173,172.62224708633033,210.14882253988043,382.3732922178255,177.5715924104422,186.9087658169654,155.79609286453427,320.0264709311612,2.215416447133268,142.4
9.8,3.4879,0.041,3.4879,0.041,0.0173,169.2837591965059,206.08457641313765,367.7042784877999,174.04564601539474,184.36534710270624,152.88643424033245,317.6997168175457,2.266768070390371,142.4
9.81,3.1694,0.0409,3.1694,0.0409,0.0173,166.8511582908782,203.12314922367784,354.5461971514814,172.27702897423475,186.14903383483488,150.80492928888776,317.45580610936935,2.325130930073743,142.4
9.82,2.4891,0.0405,2.4891,0.0405,0.0173,160.46000539188063,195.3426152596808,323.35606929139715,167.7542623063403,190.52379989608937,145.57060306693936,316.56567890980523,2.472753039723984,142.4
9.83,2.1745,0.04,2.1745,0.04,0.0179,156.76038239720006,190.83872639659137,307.1498818183039,165.06223859619942,192.45516602139688,142.6587569754751,315.82030887243394,2.554941251722353,142.4
9.84,1.915,0.0372,1.915,0.0372,0.0183,152.47788333735264,185.6252492802554,292.6544358801711,160.85988786165672,188.82858357425457,139.2700810892103,312.641154990721,2.6180912932139364,142.4
9.85,1.6987,0.0339,1.6987,0.0339,0.0189,148.22434814774388,180.4470325276882,279.61912365702625,156.32560250979245,183.4120192749837,135.87403508206287,308.69382775433246,2.6726213580970795,142.4
9.86,1.5139,0.0284,1.5139,0.0284,0.0209,143.23994924153354,174.37906864186692,267.66508637712764,149.88067709067045,171.41091549397365,131.72706722884533,301.4912540982703,2.7049068638976808,142.4
9.87,1.16,0.0245,1.16,0.0245,0.0229,135.18045956160557,164.56751598804155,241.91201198301383,141.9418250426539,165.468558716602,125.26239955899064,295.2504547011537,2.8469368797303765,142.4
9.88,1.0538,0.0227,1.0538,0.0227,0.0265,132.20094092095226,160.94027590376797,233.31905653116053,138.6328694415214,161.74999427389392,122.7969499097676,292.2032449150592,2.8944297194635187,142.4
9.89,0.9437,0.0192,0.9437,0.0192,0.0289,128.15814577252206,156.01861224480947,223.8037549776684,133.14212097057276,152.15234453217113,119.22641449579449,285.75072975819984,2.932683489733559,142.4
9.9,0.8612,0.0152,0.8612,0.0152,0.0313,124.16245544552756,151.15429358585965,216.23327671139472,126.8915679932462,139.0746519138828,115.43895958745708,277.0861994331537,2.945208803027965,142.4
9.91,0.8218,0.0152,0.8218,0.0152,0.0333,123.2618402064346,150.05789242522474,212.4879830082428,126.00377312747884,139.62060387720803,114.6953049616026,277.06095435272954,2.980179842217544,142.4
9.92,0.7746,0.0155,0.7746,0.0155,0.0349,122.2916455335052,148.87678586687588,207.8326910774313,125.2363779363236,141.47856420153903,113.9390929419233,277.7151055655782,3.029541321425815,142.4
9.93,0.6763,0.0158,0.6763,0.0158,0.0377,119.8500752368562,145.9044394187815,197.5122093932642,122.98203002887097,144.41266639766107,111.94335636681193,278.1995146935041,3.139370747863273,142.4
9.94,0.6292,0.0179,0.6292,0.0179,0.0431,119.55950889645608,145.5507064826422,192.34428691405512,123.93078289107396,153.40829812612884,111.97049915278728,282.6704701044159,3.226500382698809,142.4
9.95,0.5741,0.0189,0.5741,0.0189,0.0465,118.33087136931957,144.05497384091078,185.92038565490915,123.1544461628256,158.6155262426744,111.03328168433129,284.5545519002377,3.315344529415811,142.4
9.96,0.5308,0.0185,0.5308,0.0185,0.0495,116.78780012621132,142.1764523275616,180.6177217725124,121.16418905734024,158.48498207755793,109.6223793517922,283.6718111340306,3.3768815572066604,142.4
9.97,0.5277,0.0182,0.5277,0.0182,0.0528,116.61111323228624,141.961355239305,180.32384447001488,120.75206615295278,157.42040273171636,109.41194633358369,283.1291436562157,3.377429859330359,142.4
9.98,0.5273,0.0174,0.5273,0.0174,0.056,116.30359356243252,141.58698346730915,180.3724549283933,119.91150225662707,154.329615212897,109.022972831279,281.54927421278654,3.3665558699001004,142.4
9.99,0.6608,0.0167,0.6608,0.0167,0.0592,120.17966206184836,146.30567555355452,196.38726557869424,123.64413603899332,148.03687042902598,112.27228995117588,280.589544104246,3.1688439412951497,142.4
10.0,0.7944,0.0167,0.7944,0.0167,0.0636,123.84889916848776,150.7725729007677,210.5686486266689,127.20779175862398,145.4597487696452,115.3211434775538,281.04326810794873,3.0260765575459088,245.3
10.01,1.0617,0.0169,1.0617,0.0169,0.2028,130.72252009986877,159.14045925201418,237.2131890564651,132.97713761457936,141.66886919489315,120.39192391738293,282.15468253686026,2.804932688335036,245.3
10.02,1.5965,0.0171,1.5965,0.0171,0.209,140.00710512799688,170.44343232973534,276.0117352682682,139.79458396225908,136.88578165211706,127.83625861401828,283.51251419434965,2.546804239432643,245.3
10.03,2.0998,0.0176,2.0998,0.0176,0.1835,146.5469875952863,178.40502837687032,305.50523139239624,144.89840871187275,135.26977247743852,133.33699275276305,285.22635696917,2.38635168893974,245.3
10.04,3.6688,0.0185,3.6688,0.0185,0.1083,159.49545081106362,194.16837490042528,376.4781206052431,155.79929846980366,132.39529764915534,145.1331127821821,288.34218645326627,2.0662532793204944,245.3
10.05,4.5535,0.0238,4.5535,0.0238,0.063,167.69612038847873,204.1517987338002,408.4173116377573,165.2315857403685,143.12554308684255,152.92468856000386,298.49325986205065,1.990456553958437,245.3
10.06,6.2208,0.0266,6.2208,0.0266,0.0556,175.75885393950068,213.9673004480878,459.9875810743089,173.86950498747717,145.86364381184225,161.48013205423686,303.61702427043565,1.8312706194004305,245.3
10.07,6.9443,0.0331,6.9443,0.0331,0.0447,181.7951014556862,221.3157756851832,479.6879267770777,181.4991417428705,157.32580845393036,167.1091536376649,312.7028945724365,1.8120602960328624,245.3
10.08,7.8801,0.0369,7.8801,0.0369,0.0427,186.2402825655497,226.72730051458225,503.4319350977475,186.9762178943134,162.58940020679992,171.76853368270946,317.5287344274253,1.7614758884638204,245.3
10.09,8.0886,0.044,8.0886,0.044,0.0429,190.4828532904613,231.89216922317036,508.5247406314489,192.57068202587772,174.5365885420643,175.00074723365185,325.02093196420924,1.7849926045114064,245.3
10.1,8.1947,0.0476,8.1947,0.0476,0.043,192.5155468725828,234.36675271444864,511.110509822789,195.25237674981676,180.3627648951377,176.5262528643085,328.4748412889891,1.7954920676225057,245.3
10.11,8.3245,0.0534,8.3245,0.0534,0.0439,195.50180386606672,238.00219601086383,514.2394835872776,199.25831685255608,189.54365604932087,178.67185374622218,333.5437533590224,1.8134184211333095,245.3
10.12,8.5683,0.0635,8.5683,0.0635,0.0439,200.28989286156616,243.8311739184284,519.9862947211744,205.7634064939674,204.74686607124943,182.0644092471373,341.2985395342819,1.8388138602566075,245.3
10.13,9.1896,0.0662,9.1896,0.0662,0.0445,202.7454489371992,246.8205465322425,534.1196875116484,208.71056735543092,207.21500140991057,184.5963771938334,343.4146978214381,1.8076952803061528,245.3
10.14,9.5631,0.0685,9.5631,0.0685,0.0439,204.43072637608623,248.8721886317572,542.3530134809137,210.80021952610696,209.6907037178706,186.23654421486816,345.1306764668344,1.7927700964512483,245.3
10.15,10.1294,0.0707,10.1294,0.0707,0.0449,206.3731860100821,251.2369220992304,554.4513973896353,213.1931114104013,211.5265337949936,188.33075609255505,346.7859609147734,1.766665636317129,245.3
10.16,10.2749,0.0706,10.2749,0.0706,0.0437,206.63702360187816,251.558115689243,557.5270352581178,213.46447696021232,211.05486105306275,188.7474265243245,346.845152289876,1.7580398471883183,245.3
10.17,10.4715,0.0723,10.4715,0.0723,0.0419,207.66945915425416,252.8149937530051,561.6221619501517,214.777401230726,213.04021776947604,189.68928859651376,348.05509934992625,1.7530259589463704,245.3
10.18,10.4086,0.0739,10.4086,0.0739,0.0365,208.21479799921764,253.4788845207867,560.3644307849831,215.49882686879795,215.4692672849988,189.92130580721948,349.1181466527784,1.7625077852198712,245.3
10.19,10.4204,0.0778,10.4204,0.0778,0.0365,209.7155404489192,255.30587532911903,560.6613446992891,217.5191924786546,220.9305294760244,190.8169302537435,351.55033495048167,1.7753340160095494,245.3
10.2,10.3102,0.0828,10.3102,0.0828,0.0361,211.32008098597808,257.2592290264081,558.4431052823351,219.76320784029173,228.14605006051585,191.56477314918908,354.468558480158,1.7982562522529697,245.3
10.21,10.3221,0.0871,10.3221,0.0871,0.0311,212.83281223198352,259.1008148911104,558.7226023359829,221.84530663849483,234.0008787045742,192.4558368961508,356.9007922193649,1.8113060099594689,245.3
10.22,10.2945,0.0915,10.2945,0.0915,0.0312,214.249071184979,260.8249562251918,558.2062945653046,223.83397416888096,240.0175969318148,193.22275942137423,359.27653467784245,1.8263973747269808,245.3
10.23,10.2906,0.094,10.2906,0.094,0.0312,215.074607846256,261.8299573780508,558.1795927088939,224.9725160584453,243.37323909770217,193.69763648085632,360.6259485879936,1.8341721964067577,245.3
10.24,10.3063,0.0941,10.3063,0.0941,0.0313,215.18829484069957,261.96835893650376,558.5589905103561,225.0732282236904,243.46779658885987,193.8098966708428,360.76903609253486,1.833779502753504,245.3
10.25,10.2159,0.0946,10.2159,0.0946,0.0327,215.21263205266143,261.99798684671833,556.7431224053795,225.12816685667727,244.396302782778,193.7018894708384,361.0832877578207,1.8407479542829528,245.3
10.26,10.1176,0.0946,10.1176,0.0946,0.0347,215.0634452241364,261.8163680989487,554.7538256034328,224.9421023896924,244.6853079970164,193.484827413866,361.1465404520556,1.8467862260639487,245.3
10.27,9.9839,0.0946,9.9839,0.0946,0.0367,214.83585516894112,261.5393019447979,552.0055365849955,224.67699531885103,245.08118866881617,193.16685218485367,361.2000044711344,1.855016870642368,245.3
10.28,9.9681,0.0946,9.9681,0.0946,0.0367,214.8535476551317,261.5608406236386,551.7250692830153,224.66481724638504,245.132901774452,193.1750604481512,361.2847189109364,1.8562108328975055,245.3
10.29,9.7204,0.0941,9.7204,0.0941,0.0368,214.21545684810783,260.7840344237835,546.5040466441862,223.9197757732939,245.2096652208786,192.4437236625396,361.05749015299904,1.8701773381131277,245.3
10.3,9.6772,0.0932,9.6772,0.0932,0.0369,213.8971582850684,260.39654052095284,545.6285663719657,223.44464890464647,244.1360608433484,192.218883980986,360.6834289421533,1.8704845761914064,245.3
10.31,9.5946,0.0915,9.5946,0.0915,0.0366,213.2426212712289,259.59971285193086,543.8971059629353,222.5186229582993,242.0963200027045,191.7403662393448,359.8868174140657,1.870896466709802,245.3
10.32,9.4648,0.0901,9.4648,0.0901,0.0366,212.5673501287089,258.77764363495004,541.1285767735789,221.6125221084827,240.5918429006694,191.1714279257765,359.2180626804644,1.875176852916972,245.3
10.33,9.4625,0.0903,9.4625,0.0903,0.0366,212.6746548306231,258.908275445976,541.1302629843804,221.71913102794292,240.8755567695605,191.2514093473561,359.4090329160499,1.876165084249388,245.3
10.34,9.4737,0.0905,9.4737,0.0905,0.0366,212.81259601072787,259.076203839147,541.4265139602198,221.8563605791427,241.1181648077805,191.3705880057668,359.6035846349227,1.876291644657592,245.3
10.35,9.485,0.0913,9.485,0.0913,0.0367,213.13576022654956,259.46962114536467,541.7252042686667,222.2645017772472,242.1741451644189,191.5947881657651,360.1064840100387,1.878198093396322,245.3
10.36,9.5474,0.0955,9.5474,0.0955,0.0369,214.60026138757684,261.2524921240066,543.1356033381426,224.29444839168565,247.64105637502357,192.5447014105204,362.3242164665602,1.8867397578291305,245.3
10.37,9.7283,0.0981,9.7283,0.0981,0.0375,215.8328327519581,262.7530137849925,547.0958457710354,225.8573896345609,250.5429661592233,193.54865888246627,363.7309234481193,1.8830072985313493,245.3
10.38,9.8541,0.1037,9.8541,0.1037,0.0375,217.7800117308053,265.12349254184994,549.8380499007076,228.5398930590624,257.49970699799394,194.8548262489352,366.4896292749498,1.8908497854269717,245.3
10.39,10.0979,0.1088,10.0979,0.1088,0.0364,219.79799296649432,267.58016535051485,555.0397924348977,231.204855890104,263.3089562792138,196.3750989960721,368.9406896332557,1.8897433382743032,245.3
10.4,10.3889,0.11,10.3889,0.11,0.0362,220.8148655183452,268.81809715276813,561.1446187321641,232.3482995013308,263.93107470179325,197.41252423486287,369.6348018073528,1.8758779110982868,245.3
10.41,10.6602,0.1098,10.6602,0.1098,0.0367,221.378283110028,269.5039968295993,566.7500009028961,232.86863296746571,262.8573408079693,198.1697360088464,369.7077527515841,1.86000380436371,245.3
10.42,10.9394,0.1096,10.9394,0.1096,0.0371,221.9302279508252,270.17592967926544,572.4272023197528,233.39278207984063,261.78836555799484,198.93188106107056,369.7806761807946,1.8440886295211123,245.3
10.43,11.1046,0.1087,11.1046,0.1087,0.0381,222.0437663507444,270.3141503400367,575.7705086763793,233.3878477308486,260.1865263852693,199.2784485004832,369.5151489352969,1.8329385246380303,245.3
10.44,11.773,0.097,11.773,0.097,0.0397,219.7204639882111,267.4857822465179,588.8239147857443,229.77599147348843,243.55381938896755,199.12526387387797,364.33078697144566,1.7664054850674011,245.3
10.45,12.1151,0.086,12.1151,0.086,0.0395,216.57875127299536,263.6610885062552,595.3535193375175,225.445587206946,228.46125611684008,198.01341402376352,358.8373124966513,1.717085861425244,245.3
10.46,12.4926,0.0804,12.4926,0.0804,0.0369,215.0688130106035,261.8229027955173,602.4157926515147,223.46928556805744,220.2733571365596,197.83443706206012,355.8768918726305,1.681294803192025,245.3
10.47,12.7404,0.0797,12.7404,0.0797,0.0297,215.14156897421057,261.91147527295203,606.9813319880726,223.59024116917828,218.87834742309556,198.3035104455223,355.6101942185728,1.6675442222150965,245.3
10.48,12.8583,0.079,12.8583,0.079,0.0239,215.05406837255168,261.8049528013673,609.1565215733527,223.47752362511412,217.7409088733216,198.47405370215665,355.312625763975,1.6600163684004767,245.3
10.49,13.0077,0.0792,13.0077,0.0792,0.0184,215.342177121923,262.1556938875584,611.8875960428545,223.862040771174,217.7465049312821,198.8989417936517,355.54560233620856,1.654007149432172,245.3
10.5,13.0392,0.0775,13.0392,0.0775,0.0176,214.76393600747696,261.45174818301547,612.5079560150159,223.1004362161788,215.44233981309665,198.66283365070112,354.6359237056405,1.6472069834460388,243.2
10.51,12.9841,0.0759,12.9841,0.0759,0.0282,214.1263019438943,260.675498018654,611.6139694977455,222.23368099985012,213.41290493847703,198.25071034716908,353.7495704126512,1.644529410820465,243.2
10.52,12.7521,0.072,12.7521,0.072,0.0389,212.3590304817908,258.5240371082671,607.5140243069279,219.86396468496693,208.56179430748543,196.9248675708305,351.3696667714967,1.6420909794652647,243.2
10.53,12.7305,0.0665,12.7305,0.0665,0.0273,210.14343943461049,255.8267958334389,607.135832555423,216.815499725157,200.9085011415574,195.6342335317127,347.83782244745896,1.624424955280266,243.2
10.54,12.7089,0.0634,12.7089,0.0634,0.0216,208.76307601404517,254.1463534084028,606.7785190274805,215.16074022803767,196.70595536005203,194.86438349870943,345.7645243990253,1.613769234828382,243.2
10.55,12.7443,0.0602,12.7443,0.0602,0.0191,207.3306347567403,252.4025118777708,607.471311049854,213.52396301120623,192.2426161469375,194.15743126400145,343.5338288667527,1.5995250230714375,243.2
10.56,12.5752,0.0582,12.5752,0.0582,0.018,206.282720104037,251.12678969187112,604.4331278542077,212.1016156653059,189.6542801849939,193.29256345148093,342.0764093982193,1.5996950054772925,243.2
10.57,12.5162,0.0583,12.5162,0.0583,0.0178,206.3349387361548,251.19036020053636,603.4043676837928,212.06395303689,189.87971373086023,193.2400755897837,342.22279644545966,1.603196553850012,243.2
10.58,12.5178,0.0584,12.5178,0.0584,0.0175,206.43350889333712,251.31035865275825,603.4892136660716,212.14920814001425,190.03409600713184,193.32193710206312,342.38127645689275,1.6037446932595356,243.2
10.59,12.5193,0.0587,12.5193,0.0587,0.0173,206.62917618891288,251.54856231693745,603.5725417797477,212.34557544498068,190.47002447150675,193.4583097564884,342.6916154797193,1.6051242885319208,243.2
10.6,12.5764,0.0634,12.5764,0.0634,0.0173,208.94778138868725,254.3712121253584,604.6788683018544,215.05010371865933,196.96485411365617,194.877803148884,346.23459525363535,1.6214775366025531,243.2
10.61,12.7089,0.0701,12.7089,0.0701,0.0173,211.95816470014336,258.0360265914789,607.1605941203098,219.0328905141692,206.18618953182647,196.8578972362741,350.8968655304395,1.6394427365570523,243.2
10.62,12.8505,0.0701,12.8505,0.0701,0.0173,212.1519615846865,258.2719532335314,609.7920978004539,219.3111743873194,205.96406270772428,197.22388882678743,351.009288209851,1.6330226743581595,243.2
10.63,12.9527,0.0708,12.9527,0.0708,0.0175,212.59670327297707,258.8133778975373,611.6973587851364,219.885709655988,206.7647231139112,197.6636065179632,351.567289840398,1.6309612946151504,243.2
10.64,13.3617,0.0716,13.3617,0.0716,0.0181,213.4256710034112,259.8225560041528,619.0627740956121,220.95986897595327,207.09544845054668,198.7876792803145,352.245989289433,1.6158221624442488,243.2
10.65,13.5622,0.0717,13.5622,0.0717,0.0181,213.66727981888752,260.11668847516745,622.6519530604173,221.4235834840589,206.98006696761323,199.28960423679783,352.432490985794,1.6072226862764736,243.2
10.66,13.8099,0.0739,13.8099,0.0739,0.0187,214.8400446810568,261.54440222041694,627.0310144453772,223.0167806087676,209.5658310251157,200.3637960586116,353.95130275738416,1.604065320479899,243.2
10.67,13.9711,0.0761,13.9711,0.0761,0.0197,215.9340625327017,262.8762500398108,629.8780852305434,224.4255769520756,212.23425959146252,201.24062835144468,355.4185292132672,1.6047242959197228,243.2
10.68,14.0498,0.0758,14.0498,0.0758,0.0189,215.9119133450101,262.8492858113167,631.2865390594809,224.4539369084554,211.75692347404805,201.38989514369555,355.3350418334085,1.6004499745928502,243.2
10.69,14.0773,0.0764,14.0773,0.0764,0.0197,216.23345489976592,263.24072770406286,631.8194180309723,224.82487793179413,212.51257200661755,201.63093429545063,355.7888181004725,1.6014951701061664,243.2
10.7,13.9947,0.0766,13.9947,0.0766,0.0199,216.31080298735503,263.33489059330185,630.4601095932545,224.79542159478197,212.89497733030396,201.5562448374381,355.9784615431428,1.6060047444999428,243.2
10.71,13.9443,0.0766,13.9443,0.0766,0.0227,216.3260484916485,263.353450337659,629.6599366512856,224.72960735269237,212.97589459474457,201.50387913562395,356.05309668514496,1.6084075974158485,243.2
10.72,13.9484,0.0766,13.9484,0.0766,0.0235,216.37920223418044,263.41815924161097,629.7915742082484,224.7651789069309,212.9849662398102,201.56469876683047,356.1379517871643,1.6084240698610763,243.2
10.73,13.9524,0.0759,13.9524,0.0759,0.0241,216.1389305683378,263.125654604933,629.920748923588,224.46054394778423,212.0871317798498,201.4717029657573,355.797848779522,1.606056791115138,243.2
10.74,13.979,0.0744,13.979,0.0744,0.0247,215.57206540503157,262.43555788438624,630.4392808888124,223.8038824833964,210.11668417344757,201.24547589635128,354.96443621185017,1.599910064370339,243.2
10.75,14.0852,0.0728,14.0852,0.0728,0.0263,215.00343577166257,261.7433131133283,632.327698015846,223.23768213241232,207.9065388364837,201.1537601222511,354.065835212376,1.5898475080692562,243.2
10.76,14.3014,0.0691,14.3014,0.0691,0.0267,213.64760109140872,260.0927317634541,636.0764384254592,221.6476261947797,202.6148460868319,200.7764745296052,351.7954413876878,1.5682771616298257,243.2
10.77,14.4587,0.0671,14.4587,0.0671,0.0273,212.9126720374548,259.198035523858,638.7997182586596,220.86701511761655,199.72884453980163,200.6551770052328,350.5655310796582,1.5547790007032234,243.2
10.78,14.675,0.0613,14.675,0.0613,0.0281,210.39153876027152,256.1288297951132,642.4938418452657,218.06314879615655,191.6056085632441,199.63298737241547,346.5890531459152,1.5245699496884522,243.2
10.79,15.0525,0.0584,15.0525,0.0584,0.0279,209.2156060830192,254.6972595793277,648.8143736908381,217.0472696411204,187.2169242141213,199.6115626470565,344.5578548610164,1.4984710707888342,243.2
10.8,15.2688,0.0575,15.2688,0.0575,0.0293,208.9103594559235,254.32565498981992,652.4232614886525,216.89891539189344,185.76709043581823,199.81586374031644,343.9798015985525,1.4866619451372824,243.2
10.81,15.4654,0.0558,15.4654,0.0558,0.0291,208.16881876760115,253.42290980403615,655.6777986258205,216.2474933262492,183.2509854395537,199.7376845686932,342.7530865730617,1.4725131402125795,243.2
10.82,15.7092,0.0544,15.7092,0.0544,0.0301,207.57508854703016,252.70010779638451,659.6692934127667,215.83131462566337,181.10841839337184,199.81767256917465,341.742230323408,1.457810388401728,243.2
10.83,15.7878,0.0521,15.7878,0.0521,0.0295,206.4159074728691,251.28893083653628,660.9862318328014,214.61340533454668,177.8885894929463,199.29682394457424,339.9204076606298,1.4455820370026058,243.2
10.84,16.0749,0.0508,16.0749,0.0508,0.0299,205.83647542982564,250.58353530587476,665.6126989599591,214.29720042670291,175.86495686870012,199.4472276348988,338.9299469772148,1.429749984703982,243.2
10.85,16.2872,0.049,16.2872,0.049,0.0303,204.9299867115945,249.4799838228107,669.0182234825635,213.5514588929989,173.2285558141328,199.2780435107724,337.4555950225327,1.4146073512438138,243.2
10.86,16.5782,0.0465,16.5782,0.0465,0.0307,203.59984885016576,247.86068555672355,673.6203747589659,212.4716965828265,169.57841606564443,198.97132474489888,335.28811688063445,1.393637530929243,243.2
10.87,16.8298,0.0442,16.8298,0.0442,0.0305,202.3243081323276,246.30785337848576,677.5671747340111,211.43149049624813,166.2517312981367,198.6163763428768,333.19901535769947,1.3748995639873791,243.2
10.88,17.113,0.042,17.113,0.042,0.0313,201.06509450097283,244.77489765335827,681.9631032050199,210.48045144621403,163.06606523582278,198.30301290083705,331.11273700584974,1.3555145327538674,243.2
10.89,17.4433,0.0363,17.4433,0.0363,0.0299,197.51061781072656,240.4477086391454,687.018009543863,207.2767831003964,155.05994168422572,196.5071464154769,325.0152375161504,1.3181494210523157,243.2
10.9,17.6949,0.0342,17.6949,0.0342,0.0281,196.1759639514837,238.82291263658888,690.8428023599874,206.28867856451416,152.11694304266507,195.99125075885595,322.61616860952404,1.3001476206144753,243.2
10.91,17.6831,0.034,17.6831,0.034,0.0239,196.0852314896632,238.71245572654652,690.7170107443396,206.1684534476151,151.86840460602497,195.92698877484872,322.44348670968634,1.299728347528124,243.2
10.92,17.6006,0.0334,17.6006,0.0334,0.0239,195.7238660772509,238.2725326157837,689.5471020794379,205.67193860669263,151.08746534047532,195.55576762405323,321.7614622406604,1.2995694087070504,243.2
10.93,17.3489,0.0329,17.3489,0.0329,0.0175,195.4189020424229,237.9012720516453,685.8072888629418,204.97521040750453,150.4790182863427,194.9560187669697,321.1713043582695,1.3053451485123448,243.2
10.94,17.1366,0.0326,17.1366,0.0326,0.0179,195.24515830352797,237.6897579347297,682.6529035096024,204.4710117852008,150.13338490188963,194.51220197674817,320.8340609278304,1.3108784542280785,243.2
10.95,17.0736,0.0326,17.0736,0.0326,0.0156,195.2829777852565,237.73579904292097,681.747969118993,204.4029892150466,150.16960408567917,194.45845178360864,320.89948589852776,1.313101869296736,243.2
10.96,16.9321,0.0325,16.9321,0.0325,0.0155,195.2456661469502,237.69037617889592,679.6455899131558,204.14214788980635,150.08450197403246,194.22531514008256,320.8256794083783,1.3174036250069214,243.2
10.97,16.4642,0.0326,16.4642,0.0326,0.0155,195.3016557023677,237.75853737679543,672.471006128587,203.49062025491853,150.3620895711089,193.54153334066712,320.96133732024407,1.333741430741726,243.2
10.98,16.2872,0.0326,16.2872,0.0326,0.0155,195.3181779159205,237.7786513759032,669.7610591001477,203.23367817832565,150.4305585308225,193.28948111040984,321.0096580879906,1.3399570062763622,243.2
10.99,16.0631,0.0353,16.0631,0.0353,0.0156,197.12596152588145,239.97943142281216,666.2867256006475,204.75527363133887,154.37472528722665,194.23161011142403,324.38892655771724,1.3615377577756471,243.2
11.0,15.7917,0.0368,15.7917,0.0368,0.0158,198.0933150116124,241.15707914457164,662.0247963967439,205.3651082085074,156.65810661875233,194.4751512242506,326.18252847394274,1.3788317212046954,227.0
11.01,15.198,0.0382,15.198,0.0382,0.0532,198.88113462051027,242.1161638858386,652.5876069752435,205.3778315984222,158.992402808446,194.0542703247071,327.75204032527125,1.40754334988381,227.0
11.02,14.6042,0.0397,14.6042,0.0397,0.0407,199.6592780532964,243.0634689344477,642.7502908760644,205.41344984943152,161.55273307357052,193.6104157269058,329.3757338846061,1.4381069155681645,227.0
11.03,14.3722,0.0406,14.3722,0.0406,0.041,200.1614039643426,243.6747526522432,638.8910984057128,205.64750072137227,163.0464482376832,193.57301949523688,330.37366140590507,1.451922175686302,227.0
11.04,14.0105,0.0405,14.0105,0.0405,0.0413,199.97852502918764,243.45211742683716,632.7619533368548,204.98151058463245,163.1721946884311,192.8729467210063,330.281190155877,1.4663761151572323,227.0
11.05,13.5386,0.0419,13.5386,0.0419,0.0411,200.6143638553908,244.22618208482365,624.5944048111559,205.10549254627028,165.62872806034855,192.51426751225625,331.73544759205635,1.4932928485763513,227.0
11.06,13.3341,0.045,13.3341,0.045,0.0413,202.33765195703285,246.3240980346487,621.032007420382,206.79370134782556,170.42220688277317,193.282778843877,334.86685299860494,1.5171386673129197,227.0
11.07,12.8937,0.047,12.8937,0.047,0.0409,203.1971533805045,247.37044759365767,613.1735490629038,207.2976411778748,173.82769908904956,193.09425496684267,336.75854076512206,1.546340431736517,227.0
11.08,12.6342,0.0471,12.6342,0.0471,0.041,203.0964227610129,247.24781901340697,608.4875096353807,206.9048053502595,174.26507215929232,192.61206499163777,336.8778727679985,1.55896813681309,227.0
11.09,12.2449,0.0471,12.2449,0.0471,0.0411,202.7642344171076,246.843415812131,601.3146844820299,206.25268591082028,174.77233682432595,191.79402928716263,336.8767381380192,1.577202181265932,227.0
11.1,12.0247,0.047,12.0247,0.047,0.0413,202.5854193511812,246.62572790578585,597.2176192556303,205.74941858587624,174.84600810655667,191.3076889489673,336.81524471093815,1.5879047236478216,227.0
11.11,11.4545,0.0468,11.4545,0.0468,0.0419,202.03061057130552,245.9503085215893,586.2991372453621,204.41010395740005,175.1225989327728,189.95437511191383,336.5842552181503,1.6165711715803888,227.0
11.12,11.2461,0.0457,11.2461,0.0457,0.0417,201.1979580446739,244.9366445761248,582.2553025342191,203.37236877868787,173.78694346796388,189.1264531605811,335.57591803014793,1.621910501607058,227.0
11.13,10.731,0.045,10.731,0.045,0.0423,200.2599075851518,243.7946701036631,571.9810853357606,201.85193671543496,173.35506500446948,187.66025641418105,334.86317927354867,1.646488045768128,227.0
11.14,10.5423,0.0431,10.5423,0.0431,0.0431,199.02972087750516,242.29705150304972,568.1747012958508,200.20998632195315,170.6196789756011,186.55900330722253,333.0224224126275,1.647793628795266,227.0
11.15,10.2906,0.0425,10.2906,0.0425,0.0432,198.41355211974908,241.54693301534675,563.0087472401967,199.2722111014017,169.99314162768772,185.74108483530543,332.43207385701743,1.6592604682870915,227.0
11.16,9.7991,0.0408,9.7991,0.0408,0.0433,196.8191512349364,239.60592324253128,552.6393214021532,197.0123433448541,167.8872603609829,183.85865296992657,330.6278215660258,1.6796425898327647,227.0
11.17,9.6339,0.0386,9.6339,0.0386,0.0433,195.36376394087583,237.8341474062836,549.1134659930151,195.11133798710728,164.49348124157288,182.6126499580333,328.2870063342374,1.6781273525793252,227.0
11.18,9.2564,0.0371,9.2564,0.0371,0.0439,193.94615287911157,236.1083600267445,540.8505376525632,193.146435324576,162.4600139327877,181.01324053090028,326.57716272160064,1.6936106953747192,227.0
11.19,9.0913,0.0367,9.0913,0.0367,0.0439,193.4827574914553,235.5442265113369,537.1960383184612,192.46654586024084,161.99873136250437,180.42720139189493,326.14760068775485,1.7021729517249489,227.0
11.2,8.8789,0.0351,8.8789,0.0351,0.0453,192.21345445505008,233.99898803223488,532.424872382019,190.77515096183305,159.53210556365522,179.19448676568405,324.2796518662244,1.7070768582151978,227.0
11.21,8.6862,0.0336,8.6862,0.0336,0.0453,191.005902406157,232.52892466836505,528.0320097799706,189.17086017264407,157.16656509840857,178.0269855136504,322.46413756953143,1.711284912419665,227.0
11.22,8.6628,0.0335,8.6628,0.0335,0.0455,190.9443689416107,232.4540143637,527.5362318745192,189.05338168985284,157.03091432586152,177.95793174607948,322.40550186722146,1.7124671410072456,227.0
11.23,8.658,0.0333,8.658,0.0333,0.0457,190.85427953399528,232.34434030225515,527.472118431471,188.9087152330479,156.69798062701574,177.89936518951447,322.22592138560367,1.7117809509765864,227.0
11.24,8.6741,0.0334,8.6741,0.0334,0.0459,190.986376484248,232.5051539808236,527.8936413359196,189.04692837569016,156.8670564556424,178.0353043930078,322.42858220515,1.711493123815944,227.0
11.25,8.6902,0.0333,8.6902,0.0333,0.0463,190.99507629910727,232.5157450597829,528.3156903839972,189.0333520457783,156.68552775874468,178.08255695293613,322.3798688356133,1.7099923615449202,227.0
11.26,8.6745,0.0332,8.6745,0.0332,0.0473,190.94719804801375,232.45745849323416,528.0023531339542,188.9361111810894,156.54011171377584,178.0357250305147,322.321984307496,1.7106365882544852,227.0
11.27,8.6076,0.0323,8.6076,0.0323,0.0471,190.3080266402878,231.6793367794808,526.4901282831797,188.08911977525827,155.0421939778462,177.4759461319286,321.22620093346603,1.7098744309048046,227.0
11.28,8.4503,0.0326,8.4503,0.0326,0.0473,190.24850132874863,231.60687118282445,522.8447185295602,187.9169699613821,155.76267871880822,177.18477436356451,321.6407746185733,1.722770315529332,227.0
11.29,7.9706,0.0322,7.9706,0.0322,0.0487,189.0945669429204,230.2020814957292,511.3664431017981,186.29873145552176,155.63238617990186,175.5631976555848,321.05809135529734,1.754896754277553,227.0
11.3,7.597,0.0322,7.597,0.0322,0.0479,188.3204456536305,229.25967296963708,502.12573820192256,185.23504914284143,156.12636688283055,174.39664822254528,321.0159539676536,1.783480728623195,227.0
11.31,7.2195,0.0322,7.2195,0.0322,0.0479,187.46082213014927,228.21317476713824,492.4995839815532,184.11473744105692,156.66431319023147,173.1639524230862,320.96672466985365,1.8138948326023916,227.0
11.32,6.8617,0.0307,6.8617,0.0307,0.0479,185.6599006654024,226.0207486361421,483.0838617565016,181.8185832351789,154.3881420491781,171.26388183574971,318.9337541762557,1.834472260480968,227.0
11.33,6.5904,0.0291,6.5904,0.0291,0.0479,183.95410947807625,223.94413327765807,475.7484631578861,179.64448452945086,151.72645218897566,169.5587286538071,316.6984649284806,1.847740313828206,227.0
11.34,6.1382,0.0267,6.1382,0.0267,0.0479,181.1061086258258,220.4770018053532,463.06338494350814,176.0763751450478,147.64251190924395,166.67812099165454,313.0796400579667,1.8728759806366488,227.0
11.35,6.0045,0.0246,6.0045,0.0246,0.0487,179.3193910818888,218.30186740403852,459.2350117097436,173.76056284987655,143.54634297768794,165.06498344932575,309.78187279859713,1.8701072082812555,227.0
11.36,5.9718,0.0236,5.9718,0.0236,0.0489,178.5616454383907,217.3793944467365,458.3207150919511,172.74823610686803,141.51725632831472,164.40834289486557,308.17131568566947,1.8656158203212223,227.0
11.37,5.9879,0.0225,5.9879,0.0225,0.049,177.86962208423492,216.5369312329817,458.83211578622337,171.80426625581936,139.19694516682998,163.86187303728974,306.33929737499744,1.855303252321334,227.0
11.38,6.0039,0.0212,6.0039,0.0212,0.0491,177.00522007203028,215.484615739863,459.33986661132593,170.647203361831,136.42907253084505,163.1569826705994,304.05196687912314,1.843068142475368,227.0
11.39,6.0399,0.0211,6.0399,0.0211,0.0495,177.08001605553912,215.5756717197868,460.4306962438612,170.6995675283188,136.1907844580463,163.27329069732636,303.9461151869182,1.838931531388984,227.0
11.4,6.2561,0.0203,6.2561,0.0203,0.0499,177.1580891644576,215.6707172436875,466.6909507240969,170.73417855744376,134.3122697853837,163.61656586248785,302.5685715831981,1.8118261646363003,227.0
11.41,6.5196,0.0195,6.5196,0.0195,0.0503,177.31214870911705,215.8582679937077,474.1358871377336,170.912762250393,132.44513633886243,164.08312620201767,301.1499240393153,1.7812639036848608,227.0
11.42,6.7555,0.0184,6.7555,0.0184,0.0508,177.08866499325626,215.58620086135545,480.6520303439916,170.67140592176688,130.01403423926055,164.1721776770409,299.03020748632906,1.7514490686914213,227.0
11.43,6.9364,0.0181,6.9364,0.0181,0.0514,177.33154303853655,215.88187848169667,485.5666551744557,171.0139651494967,129.3268134521873,164.6134478748446,298.51630613812563,1.7339314338812684,227.0
11.44,7.0505,0.0185,7.0505,0.0185,0.0518,177.96983243291632,216.6589264400721,488.6423816521278,171.81229016707184,130.12998318510012,165.34047436905925,299.46818584067364,1.728322023428102,227.0
11.45,7.4161,0.0188,7.4161,0.0188,0.052,179.08229689250982,218.0132309995772,498.2010681164689,173.3291819946311,130.63395123535068,166.81155580463897,300.27374687419217,1.7023300052559225,227.0
11.46,7.6914,0.0192,7.6914,0.0192,0.053,180.02501384106952,219.1608864152151,505.2253947656864,174.60970452720858,131.3660808555253,168.023460920737,301.24445620583987,1.6851588605268488,227.0
11.47,7.9863,0.0197,7.9863,0.0197,0.0526,181.04761988654664,220.40579812275243,512.5716089078411,176.0128856325395,132.27966686637183,169.3381922725563,302.40381596586707,1.668095605524419,227.0
11.48,8.3166,0.0197,8.3166,0.0197,0.053,181.69555372552992,221.1945871441234,520.6048569521325,177.02571664188324,132.2056730667461,170.37056429712143,302.5612191834638,1.645340521411082,227.0
11.49,8.5211,0.0198,8.5211,0.0198,0.0542,182.1693696608147,221.7714065436005,525.5031116396989,177.73907932180927,132.3648475015979,171.08084124116797,302.8815821978436,1.6325847687847732,227.0
11.5,8.5486,0.02,8.5486,0.02,0.0542,182.41364261738707,222.06878231681907,526.1948133221903,178.02134121837292,132.75255994455785,171.34450915528805,303.35155913523874,1.6325150101108217,247.1
11.51,8.3127,0.0203,8.3127,0.0203,0.0758,182.2884752864072,221.91640469649573,520.7551506282456,177.63607306588136,133.39715221666071,170.90776607926463,303.9431701014571,1.6505862295278684,247.1
11.52,8.2439,0.0211,8.2439,0.0211,0.0656,182.8267475348776,222.57169265115536,519.1031476563426,178.17559778191244,134.9692596849455,171.29321746338243,305.5225948417528,1.6618732789366255,247.1
11.53,8.2328,0.022,8.2328,0.022,0.0665,183.53891375497864,223.43867761475656,518.8853603617907,178.9742681336276,136.7098573922566,171.89621037496462,307.2504804325651,1.669732648490962,247.1
11.54,8.2436,0.0234,8.2436,0.0234,0.0674,184.65185114084105,224.79355791058907,519.1937399863284,180.26707191077872,139.3798718603271,172.8529473361337,309.7955332479046,1.6796712970495102,247.1
11.55,8.2544,0.0251,8.2544,0.0251,0.0672,185.9515090194537,226.37575011063933,519.4966328720262,181.78992389716151,142.58625787366682,173.93670834021628,312.7044445223578,1.6914850157681842,247.1
11.56,8.2812,0.0251,8.2812,0.0251,0.0674,186.0402691675081,226.48380594305328,520.1847773178757,181.88550066607127,142.57997488861847,174.05978836764095,312.78042213839365,1.6897974998562082,247.1
11.57,8.234,0.0256,8.234,0.0256,0.0675,186.34930790836896,226.860027018884,519.0969566257826,182.19409871004677,143.55899056265312,174.24341656526033,313.6388198934663,1.6968636320907386,247.1
11.58,8.0925,0.0258,8.0925,0.0258,0.068,186.2619481388525,226.75367599512475,515.7231982664155,181.9720951418004,144.04939241690982,173.96310398327572,313.98463397439014,1.7085412954939805,247.1
11.59,7.8762,0.0258,7.8762,0.0258,0.0682,185.872822972493,226.27995840129583,510.46699031395065,181.3522822255147,144.2300653468978,173.3273366651104,313.9902555826416,1.724507207940751,247.1
11.6,7.6442,0.0257,7.6442,0.0257,0.0694,185.3577694603814,225.6529367343774,504.72927437958646,180.58541943885925,144.24291549627264,172.5684535281154,313.8308187346474,1.7414090423968074,247.1
11.61,7.4004,0.0256,7.4004,0.0256,0.0682,184.7876915330004,224.9589288227831,498.56607475735166,179.76206793310794,144.27511933833273,171.7504348149086,313.6649493372783,1.759846604374652,247.1
11.62,7.0308,0.0249,7.0308,0.0249,0.0686,183.45943398338,223.34191963194093,488.9652507512316,177.98820762671753,143.2615464653276,170.13683737245145,312.4860656091868,1.7848648405972058,247.1
11.63,6.4134,0.0251,6.4134,0.0251,0.068,181.98538420410333,221.5474242484736,472.1662214502714,176.0872749104846,144.3099656340771,168.05158840970446,312.66657810796283,1.840642935786163,247.1
11.64,6.1067,0.0241,6.1067,0.0241,0.0682,180.4135955677673,219.6339424303254,463.46928409404734,174.11008620170335,142.63287572619646,166.3475137901864,310.9732580088494,1.8620195884479889,247.1
11.65,5.7843,0.0213,5.7843,0.0213,0.0678,177.40689736814977,215.9736141873128,454.0230372171384,170.3082402968464,137.0934102272225,163.40903070518587,305.9639217676541,1.871164972834066,247.1
11.66,5.5523,0.0199,5.5523,0.0199,0.0675,175.60292665019412,213.77747592197548,447.0314217153696,168.0410695622102,134.27176380127372,161.5730511878986,303.24558612551687,1.8831194196632528,247.1
11.67,5.3989,0.0187,5.3989,0.0187,0.0675,174.1651339072942,212.0271195393147,442.321758241503,166.2200067410329,131.73400268684017,160.13207641886814,300.8064538911576,1.8887270397975584,247.1
11.68,5.2377,0.0185,5.2377,0.0185,0.0676,173.4508576394902,211.15756582198807,437.27998079874993,165.35014059672704,131.42521347347667,159.3303227939228,300.3839749093622,1.904795187732018,247.1
11.69,4.9782,0.0185,4.9782,0.0185,0.0676,172.47611929615712,209.9709278388,428.93212258214976,164.23566654117568,131.67363029599235,158.20635605160766,300.33606527668974,1.934848432804176,247.1
11.7,4.983,0.0185,4.983,0.0185,0.069,172.53252249297591,210.0395926001446,429.1351454400761,164.26991711625948,131.6758764799365,158.2659298871129,300.4031869094308,1.9344648051702096,247.1
11.71,4.9878,0.0184,4.9878,0.0184,0.068,172.5085297959876,210.0103840994632,429.3223245941926,164.19838428276705,131.44672090782066,158.25426368200476,300.25862653242973,1.933174585654149,247.1
11.72,4.9978,0.0183,4.9978,0.0183,0.0675,172.50548566402216,210.0066781996792,429.6830672952993,164.1501138490264,131.21244780846956,158.26588010368874,300.11523779893696,1.931258043577765,247.1
11.73,5.0608,0.0179,5.0608,0.0179,0.0673,172.47388170736252,209.96820381765875,431.7737475845063,164.0222596142064,130.23393880410242,158.29858510234305,299.3465577005402,1.920234257778364,247.1
11.74,5.281,0.0168,5.281,0.0168,0.0674,172.45048997866627,209.93972693055025,438.8751582976112,163.82706019116583,127.5238790578673,158.47375642139002,297.0462610165796,1.8847254455052296,247.1
11.75,5.5877,0.0164,5.5877,0.0164,0.0674,173.23362233496474,210.89310545126145,448.4560438023025,164.7036413738965,126.44818731951284,159.48577494738808,296.30471389888874,1.8482602027362676,247.1
11.76,5.8865,0.0164,5.8865,0.0164,0.0682,174.24426568721296,212.12345388008532,457.4915555288487,165.9282513841616,126.33829537205042,160.7246642502479,296.482764130886,1.8184527944994973,247.1
11.77,6.4331,0.0165,6.4331,0.0165,0.0682,175.96950480117047,214.223744975338,473.2800099426837,168.14993336582387,126.41452633225204,162.91361123170347,296.9760479342368,1.7687984330616835,247.1
11.78,6.7752,0.0165,6.7752,0.0165,0.0688,176.9069682124518,215.3650047803761,482.7647786490477,169.4167777453824,126.36395249505097,164.17240729445646,297.153773961669,1.7395194927297473,247.1
11.79,7.1448,0.0176,7.1448,0.0176,0.0692,178.7681870583792,217.6308364188964,492.6840226895932,171.83313973262986,128.619885221282,166.36071691662647,299.8395528039543,1.7194503382895756,247.1
11.8,7.483,0.0189,7.483,0.0189,0.0698,180.63211751371173,219.8999691471273,501.4940850286279,174.2458451909733,131.205919191131,168.505568807179,302.7987641659663,1.7044843567955912,247.1
11.81,7.8133,0.0194,7.8133,0.0194,0.0694,181.75907235311604,221.27191416901084,509.86279796132,175.79887587896442,132.12871911229703,169.9648072570349,303.99061759465616,1.684212199458988,247.1
11.82,7.9981,0.0192,7.9981,0.0192,0.07,181.99667131555583,221.56116507980715,514.4741904275902,176.20852626595902,131.70480578985251,170.4313903703555,303.6989142266536,1.6694626056044173,247.1
11.83,8.0492,0.0208,8.0492,0.0208,0.0706,183.40707021590435,223.27817243675312,515.7712737183714,177.8653706738201,134.81930838839145,171.7652201219374,306.9556979215799,1.678820369331826,247.1
11.84,8.2262,0.0242,8.2262,0.0242,0.0711,186.35538388216963,226.86742385655435,520.1131349404778,181.43707514368165,141.23984541619595,174.52392262158963,313.1743669721202,1.6922396494949894,247.1
11.85,8.2812,0.0242,8.2812,0.0242,0.0716,186.49558449805775,227.0381028672008,521.4824891162848,181.61671589606092,141.21942067813313,174.73247606041556,313.2567124790759,1.6885603688816693,247.1
11.86,8.3166,0.026,8.3166,0.026,0.072,187.8970886370398,228.74428181900495,522.3769939505845,183.2707980228713,144.56515070377696,175.9253208028503,316.26950291445905,1.6991402802325537,247.1
11.87,8.2419,0.0276,8.2419,0.0276,0.071,188.9110347711785,229.97865102578248,520.621383966577,184.400160342976,147.5850253027198,176.61131076782272,318.7811039667655,1.71569871613182,247.1
11.88,8.1515,0.028,8.1515,0.028,0.0713,189.04967660668535,230.1474323907474,518.4810470587877,184.48254682797332,148.40693549074888,176.58309107523135,319.419934809398,1.7250838892414384,247.1
11.89,8.0689,0.0281,8.0689,0.0281,0.0716,188.99462184625463,230.0804092041361,516.515782667196,184.33965796674903,148.67381468975557,176.41774523047684,319.61195254622135,1.7319399434635938,247.1
11.9,8.0256,0.028,8.0256,0.028,0.0723,188.88013623150823,229.9410354122709,515.5034191691559,184.14780954480568,148.53841221233094,176.27014281836625,319.51909268459906,1.7346093108840044,247.1
11.91,7.9087,0.0278,7.9087,0.0278,0.0738,188.5472572489201,229.53579143346795,512.6773100499169,183.65380674469884,148.28272242613446,175.83452210892193,319.2546505367565,1.742047303211277,247.1
11.92,7.7917,0.0258,7.7917,0.0258,0.0719,186.96157534649345,227.605396073992,509.8050189933003,181.64491898604695,144.64473423920515,174.41430337066708,316.2032200508302,1.7369847204634334,247.1
11.93,7.8015,0.0237,7.8015,0.0237,0.0713,185.5076799704197,225.83543648572837,510.0887676933171,179.8786710006133,140.6471276082209,173.26132340965012,312.8017619392578,1.721058993297138,247.1
11.94,7.7582,0.0219,7.7582,0.0219,0.0708,184.1061575295452,224.12923525335933,509.0471279908589,178.1572215772109,137.201424951459,172.03129842497833,309.6590778903055,1.7107332747392614,247.1
11.95,7.6914,0.0213,7.6914,0.0213,0.0704,183.54438118700764,223.44533361896583,507.4114456983824,177.41757705107693,136.0702570659505,171.46140773821048,308.5884192995768,1.7112093793178107,247.1
11.96,7.6363,0.0208,7.6363,0.0208,0.0704,183.07795557456896,222.87751113425787,506.0642377490026,176.79941032600405,135.12063544700146,170.98637184601898,307.68569930890527,1.7115593958444446,247.1
11.97,7.5459,0.0208,7.5459,0.0208,0.0702,182.92369339216745,222.68971369481253,503.8122029126277,176.52493217114275,135.16837397160248,170.73306788107806,307.7236469208184,1.7186130004563664,247.1
11.98,7.3296,0.0207,7.3296,0.0207,0.0702,182.4076845999788,222.06152907823505,498.297517993702,175.7415497062601,135.0737637301309,169.99099526800296,307.5297033561832,1.7347776923503655,247.1
11.99,7.074,0.0205,7.074,0.0205,0.0702,181.69501592753937,221.1939324335262,491.6402654132151,174.71358102689524,134.80077331441936,169.02731562918154,307.1259636019131,1.7538560758858253,247.1
12.0,6.7162,0.0202,6.7162,0.0202,0.0702,180.6037122402992,219.86538881427725,482.0476459004568,173.2034640308107,134.37957687345607,167.60237728831416,306.48484429271093,1.7816364610974131,225.5
12.01,6.2994,0.02,6.2994,0.02,0.0794,179.34616972213533,218.3344674878169,470.5091648514603,171.5195072207859,134.21300745770097,165.96455718022222,306.00804880011106,1.8172426005286344,225.5
12.02,5.8826,0.0195,5.8826,0.0195,0.0732,177.72132993891333,216.35640166476404,458.3969688614228,169.44518488449236,133.42703347027697,164.02955989320768,304.9122678701112,1.8531573054094992,225.5
12.03,5.6467,0.0192,5.6467,0.0192,0.0738,176.7447772397421,215.1675549005556,451.3446664191737,168.21686723527895,132.94824089272677,162.89363259362457,304.27018584096226,1.8746243419041475,225.5
12.04,5.3753,0.0182,5.3753,0.0182,0.074,175.03392832400937,213.0847823074897,442.99146688697095,166.08762964828426,130.91703169453405,161.0630435247606,302.11515899618627,1.894402463978504,225.5
12.05,4.8759,0.0182,4.8759,0.0182,0.0752,173.12769378948508,210.76414896111228,426.8830805680547,163.89449672608478,131.3321763950666,158.85395685133258,301.9606587608348,1.952036811499396,225.5
12.06,4.6833,0.0182,4.6833,0.0182,0.0742,172.33679756411186,209.8013187737014,420.4094313210556,163.00610232034072,131.52578242007752,157.97115179613095,301.9339783205852,1.9761665984805856,225.5
12.07,4.5535,0.0182,4.5535,0.0182,0.0744,171.78918914140937,209.13466504171575,415.9695503087904,162.3944933647954,131.66824537101482,157.36933093351846,301.9344937235406,1.993091962791257,225.5
12.08,4.5413,0.0197,4.5413,0.0197,0.0748,172.9132078094483,210.50303559411097,415.5817096310592,163.88939030516607,135.22383452395283,158.38245674676918,305.1170189669143,2.0094803480738395,225.5
12.09,4.5441,0.0202,4.5441,0.0202,0.0746,173.33118584247725,211.01187841692885,415.7119109920024,164.41479675181284,136.38914128319237,158.76288896756571,306.1782961137213,2.014052138978089,225.5
12.1,4.5469,0.0207,4.5469,0.0207,0.0756,173.7449479843412,211.51558885050235,415.8504239765276,164.9352586173758,137.54608290448098,159.13610080018168,307.2187324620457,2.018522267330685,225.5
12.11,4.5968,0.0208,4.5968,0.0208,0.0758,174.08413372145984,211.92851061742937,417.6176985436558,165.28290277120522,137.71088825891363,159.48680549266032,307.50036008503736,2.0131010928287463,225.5
12.12,5.045,0.0212,5.045,0.0212,0.0759,176.3474391647164,214.68383898313303,432.7145619832923,167.74046288621406,138.0354753871715,161.9307906330098,308.5394867949131,1.9612009838273217,225.5
12.13,5.4697,0.0215,5.4697,0.0215,0.076,178.23077426837173,216.97659476149605,446.2806123734202,169.8571295171715,138.22064787567305,164.05529904914602,309.35309669823766,1.9158959659372183,225.5
12.14,5.9888,0.0227,5.9888,0.0227,0.0765,180.904560195114,220.2316384983997,462.00652217448766,173.06428921400197,140.25577085368883,167.00047125558933,311.81913264892347,1.8724132308764587,225.5
12.15,6.6336,0.0251,6.6336,0.0251,0.077,184.5541141074829,224.67457369606612,480.4069957271639,177.59606828286005,144.51876926180893,170.9365142458527,316.2249133133377,1.830938204479222,225.5
12.16,7.3768,0.0285,7.3768,0.0285,0.0765,188.78973143434544,229.8309773983336,500.2891549880823,182.96593645132344,150.33953841137674,175.4504447795546,321.8103479669106,1.7926784758715224,225.5
12.17,8.1672,0.0377,8.1672,0.0377,0.0763,196.22439098783093,238.88186728953332,520.126242050751,192.3720585837264,165.8866176237067,182.26508199719052,334.05039439686453,1.7895333874063937,225.5
12.18,9.7951,0.0428,9.7951,0.0428,0.0765,202.0473571713732,245.97069568688912,557.5024227866583,200.2416525489535,172.24187404566,189.1223605219048,340.13370908315125,1.7079939847204382,225.5
12.19,10.5029,0.0478,10.5029,0.0478,0.0767,205.79088071919003,250.52802870162265,572.5850100292121,205.18306027114716,179.19204989561086,192.8359038498481,345.30431688564,1.6907355860006823,225.5
12.2,11.0849,0.0604,11.0849,0.0604,0.0782,212.7563311806973,259.0077075243272,584.5402541780405,213.94692588836668,197.04078304001763,198.19527566780573,356.18416645980653,1.7129442874027592,225.5
12.21,11.545,0.0604,11.545,0.0604,0.0782,213.39315369860864,259.78296972004534,593.727657709291,214.97554422697996,196.37386039100272,199.40478263304132,356.3652394754042,1.6884139223979715,225.5
12.22,11.8202,0.0634,11.8202,0.0634,0.0798,215.13145243699424,261.8991594885147,599.1422385354184,217.2279864829296,200.2137660970177,200.9347271317316,358.75486382190235,1.686023753906177,225.5
12.23,12.0522,0.0662,12.0522,0.0662,0.0802,216.68830687139177,263.79446053908566,603.6518778886402,219.23342939426723,203.76878114487567,202.26798251884128,360.90265626810384,1.6849872697959174,225.5
12.24,12.41,0.0734,12.41,0.0734,0.0795,220.1977239656638,268.06679439298205,610.4736919415867,223.69287913096124,212.99689196301316,204.91651755567705,365.9340759626085,1.6931887818623954,225.5
12.25,12.5988,0.0767,12.5988,0.0767,0.0794,221.79680897473625,270.0135065779398,614.0497346834868,225.72821245068388,217.0842708866453,206.1603168668672,368.1493339620728,1.6953784212941412,225.5
12.26,12.7875,0.0809,12.7875,0.0809,0.0793,223.7088334390376,272.3411885344806,617.5919981651302,228.14983700389493,222.27457363128437,207.5654350860942,370.8270155871444,1.7002524665177137,225.5
12.27,12.9999,0.0901,12.9999,0.0901,0.0793,227.42493501772603,276.8651382824491,621.5360525826973,232.82598292515587,233.65796709050136,209.97429451510664,376.1792261330216,1.718762051229264,225.5
12.28,13.3734,0.0958,13.3734,0.0958,0.0796,229.9191827001652,279.9016137219403,628.341501801416,236.08449405773365,240.096504597851,211.95669079921424,379.3487418046005,1.7180639952705978,225.5
12.29,13.747,0.1009,13.747,0.1009,0.0791,232.133349590256,282.59712124031165,635.031439222366,238.99743889502255,245.66274136667548,213.7657660887567,382.07178916016056,1.7154576079947916,225.5
12.3,14.1284,0.1063,14.1284,0.1063,0.079,234.39321137923207,285.34825733123904,641.7485599495544,241.97501377418297,251.4606782146314,215.5892463659552,384.8272001836953,1.7131838113570383,225.5
12.31,14.4745,0.1109,14.4745,0.1109,0.079,236.29901890919172,287.66837084597256,647.7545280537767,244.4952896367036,256.2722220204968,217.1529803200844,387.1012825411888,1.7102710847067757,225.5
12.32,14.9385,0.1172,14.9385,0.1172,0.0791,238.8109278869061,290.7263469927553,655.6539473175905,247.83693348783257,262.7512541507919,219.194068789306,390.0629722666844,1.7065671116563157,225.5
12.33,15.0407,0.1181,15.0407,0.1181,0.0792,239.242206922264,291.2513823401474,657.4151627466205,248.3916686753444,263.60776570588826,219.59826213479056,390.55093695381424,1.7047209700910515,225.5
12.34,15.0171,0.119,15.0171,0.119,0.0798,239.54186405745597,291.61618233081595,657.0760782733232,248.7172370027246,264.68555312171725,219.73651364141665,391.0122222125244,1.7080283443258044,225.5
12.35,14.7694,0.1195,14.7694,0.1195,0.0793,239.4775417183063,291.53787687445987,652.9697257431554,248.4780478316824,265.7113922448734,219.33655812240517,391.25743952142994,1.7196725335843048,225.5
12.36,14.4823,0.1199,14.4823,0.1199,0.0791,239.32374957325985,291.3506516544033,648.1480914159749,248.1184636628476,266.7055894979395,218.8273271761063,391.4507415433296,1.732929918916193,225.5
12.37,14.2149,0.1229,14.2149,0.1229,0.079,239.9385255026545,292.0990745249707,643.6064460822456,248.76176499944992,270.6463848647632,218.7381397016505,392.7365659507814,1.751688397228302,225.5
12.38,13.9082,0.1266,13.9082,0.1266,0.0795,240.65435962097555,292.97052475597025,638.3248343133391,249.5547620441418,275.4625450520928,218.63876891694989,394.2708463315641,1.77388149099954,225.5
12.39,13.1926,0.1297,13.1926,0.1297,0.08,240.54143042399627,292.8330457335607,625.6402845088097,249.2549068124972,280.4797165419225,217.46693876756677,395.4389440386455,1.8137448946967816,225.5
12.4,12.8858,0.1286,12.8858,0.1286,0.0811,239.81666562277417,291.9507233668555,620.102303538863,248.2378951222462,279.9056419710054,216.62675367751356,395.0131849151132,1.8260343546512152,225.5
12.41,12.3884,0.1275,12.3884,0.1275,0.084,238.75090798004217,290.6532792800514,610.9186719585648,246.79223652195003,279.7740924554015,215.29696872475168,394.5378310816437,1.8481051188915103,225.5
12.42,11.891,0.1251,11.891,0.1251,0.0804,237.27563329219677,288.85729270354386,601.476971053386,244.83281619285867,278.1762011576919,213.7407997011416,393.5252336284074,1.868255427638043,225.5
12.43,11.6944,0.1199,11.6944,0.1199,0.0799,235.55247627410256,286.7595363336901,597.7094352097855,242.49072886536672,272.5758124016294,212.52577716542223,391.3906815777506,1.866599268485464,225.5
12.44,11.4506,0.1154,11.4506,0.1154,0.0799,233.89520871679224,284.74199322044274,592.9721846710701,240.25320440713236,267.82903735876243,211.2575495730976,389.4676551064561,1.868954719927497,225.5
12.45,11.1753,0.1109,11.1753,0.1109,0.0799,232.1395211686111,282.6046344661353,587.5396592738352,237.8952252375631,263.08242196795226,209.87153766680697,387.46798152128775,1.8729858475080556,225.5
12.46,10.6052,0.1103,10.6052,0.1103,0.08,230.86628502718503,281.05460785918183,575.9674607228201,236.30012404495915,263.7385311378702,208.24775230402497,387.1234471661289,1.9041554643457197,225.5
12.47,10.2749,0.1102,10.2749,0.1102,0.0799,230.16670485748924,280.20294504389994,569.1031527588605,235.44710274511763,264.4539292932502,207.33171704520257,387.0657373168478,1.9237677047669044,225.5
12.48,10.0114,0.1097,10.0114,0.1097,0.0798,229.47137260852097,279.35645361037336,563.5362792090135,234.58859103393647,264.52855721481615,206.52559450636613,386.8410636161364,1.9388488052389263,225.5
12.49,9.7912,0.1097,9.7912,0.1097,0.0798,228.9932613400435,278.77440510961816,558.820795592735,234.02240284759395,265.1166648945836,205.91107394437225,386.8557886417792,1.9529004361564848,225.5
12.5,9.6575,0.1045,9.6575,0.1045,0.0788,227.25607613379407,276.6595709454885,555.9378926428119,231.637509328617,259.0186590966668,204.7226893058792,384.4599502096993,1.948015436791096,201.1
12.51,9.4589,0.1003,9.4589,0.1003,0.0782,225.6023207146813,274.6463034787425,551.5908242159987,229.4224490988839,254.25131014696652,203.4625034506756,382.4337365373517,1.9497169775802168,201.1
12.52,9.4344,0.0991,9.4344,0.0991,0.078,225.23462398039229,274.19867267178194,551.0882251028673,228.87875239341264,252.78795674323987,203.2285866500331,381.9056745671347,1.9482085853834132,201.1
12.53,9.4098,0.0959,9.4098,0.0959,0.0783,224.2631230922705,273.0159759384162,550.584630852322,227.4991270622361,248.7520208035525,202.6444630046268,380.34901002681727,1.940970680142874,201.1
12.54,9.4412,0.086,9.4412,0.086,0.0786,221.25064678875788,269.3486134819661,551.3294602792217,223.314057905291,235.732721012174,200.96101986424944,375.0844260187005,1.909435716800094,201.1
12.55,9.3311,0.0824,9.3311,0.0824,0.0796,219.83484607368817,267.6250300027508,548.9164334180144,221.4018264766248,231.1798653739978,199.9553676140444,373.0479507209217,1.90545922696478,201.1
12.56,9.2486,0.081,9.2486,0.081,0.0794,219.20959856139103,266.8638591182152,547.1028372113695,220.54749845293443,229.48372454696016,199.4601507114376,372.26837969175375,1.9066224989954008,201.1
12.57,9.1852,0.0809,9.1852,0.0809,0.079,219.0714805286274,266.6957154261551,545.7107719349998,220.34258584509084,229.49883332946035,199.2863341190517,372.26460403407503,1.9107808038324063,201.1
12.58,9.1613,0.0809,9.1613,0.0809,0.079,219.0593414802273,266.6809374541898,545.2117703460823,220.2917079661256,229.5571136976224,199.25562557062327,372.33232991687805,1.9126114695301413,201.1
12.59,9.1931,0.0809,9.1931,0.0809,0.0784,219.17757004442285,266.8248678801669,545.9729180755467,220.3934326865868,229.485033899526,199.39911618165303,372.4167378469412,1.9106826655409408,201.1
12.6,9.225,0.0809,9.225,0.0809,0.0776,219.2954818427293,266.96841267810527,546.7339786051095,220.4951501651408,229.41325164826637,199.54264279109933,372.5011023540309,1.9087567544032111,201.1
12.61,9.339,0.0809,9.339,0.0809,0.0788,219.60200615138405,267.3415727060328,549.3493540286554,220.82103321431572,229.1519778253517,199.93995886806988,372.6097397898836,1.9013308469419168,201.1
12.62,9.453,0.0809,9.453,0.0809,0.0774,219.90166366500836,267.70637315740146,551.9341804726257,221.14255687766567,228.8961727722822,200.3337320779739,372.71793859573216,1.8940324900682504,201.1
12.63,9.4412,0.0806,9.4412,0.0806,0.078,219.81528630512395,267.60121811058565,551.7172591924461,220.98716151252663,228.52013605568635,200.280044584129,372.6091880306132,1.8940251478569776,201.1
12.64,9.4766,0.0802,9.4766,0.0802,0.0772,219.79758164178008,267.5796646073845,552.5450141369788,220.9107487482625,227.9034220431558,200.34935531755144,372.4531587628552,1.890605936881596,201.1
12.65,9.4806,0.0801,9.4806,0.0801,0.0768,219.8150549263776,267.60093643211184,552.6754393785556,220.8898395310214,227.7624259855918,200.3848327914069,372.4684318952176,1.8902293852584884,201.1
12.66,9.4845,0.0781,9.4845,0.0781,0.0767,219.1593044251545,266.80263147410113,552.8049360635824,219.97631174394004,225.0429393842313,200.0204999625821,371.3214384750685,1.8835115593221647,201.1
12.67,9.7165,0.0775,9.7165,0.0775,0.0768,219.4789519028354,267.1917675338866,557.9676922317104,220.32065221109136,223.7338200398391,200.6333766532084,371.08981366897024,1.8667100284708775,201.1
12.68,9.7479,0.0769,9.7479,0.0769,0.0768,219.36875499033889,267.0576147708473,558.6983554352308,220.1323307714876,222.85585469066572,200.641171587529,370.7979228343517,1.8628813450899049,201.1
12.69,9.8423,0.0768,9.8423,0.0768,0.077,219.5673933984005,267.29943544153105,560.8004210008166,220.34578456680669,222.529093081178,200.94215031136244,370.8355997804561,1.8567734159153009,201.1
12.7,9.7637,0.0768,9.7637,0.0768,0.0774,219.45199208632124,267.15894688769544,559.1334219205837,220.1576586619744,222.69509926493663,200.75423521876664,370.8875047824248,1.861942734554544,201.1
12.71,9.7666,0.0758,9.7666,0.0758,0.0776,219.1334704862132,266.77118146147694,559.241204607774,219.7011488220424,221.3294349199462,200.5884303348612,370.3306671980405,1.8585387619539877,201.1
12.72,9.7696,0.0729,9.7696,0.0729,0.0754,218.0930196165768,265.50454562018047,559.3406565289702,218.31069694607456,217.3451544508616,199.99257929176784,368.53153955422096,1.848457925246156,201.1
12.73,9.7951,0.0675,9.7951,0.0675,0.0732,216.0653024035939,263.0360203174187,559.9310201768635,215.67154571566056,209.7661219794826,198.83718691340133,364.9423780350306,1.82740099586677,201.1
12.74,9.7833,0.0643,9.7833,0.0643,0.0728,214.768888034278,261.45777673738195,559.7153988979297,213.98643156122648,205.2500314776362,198.0461153502884,362.7142673906425,1.8161410174692112,201.1
12.75,9.6064,0.0642,9.6064,0.0642,0.074,214.43518790816623,261.0515331055937,555.8817694610984,213.48993210014024,205.4292611854349,197.54397918639972,362.663906010196,1.8271963527836543,201.1
12.76,9.3626,0.0629,9.3626,0.0629,0.0704,213.45284167734536,259.8556333463335,550.4847893997571,212.16517415079136,204.0060620207038,196.52300925761656,361.703652083906,1.838208109525312,201.1
12.77,9.2289,0.0595,9.2289,0.0595,0.0634,211.7712009764301,257.8084185800019,547.4838466659876,209.9695664475177,199.28656831221917,195.2564513259049,359.1330447569253,1.8336303430615983,201.1
12.78,9.0441,0.0569,9.0441,0.0569,0.062,210.2914736346613,256.0070113813268,543.3113483116357,208.02729071265145,195.75389844380385,194.01009561330477,357.07032570352044,1.8354043644842175,201.1
12.79,8.8986,0.0564,8.8986,0.0564,0.0608,209.80640479930415,255.4164927991529,539.9965304510023,207.35460850492447,195.2643351714385,193.45783475114047,356.6886311485475,1.843475821874671,201.1
12.8,8.6902,0.0554,8.6902,0.0554,0.061,208.95186414076267,254.37618243223284,535.1792334229586,206.2104332698557,194.1267766637665,192.55455303303185,355.8680244853122,1.8539513197918545,201.1
12.81,8.4975,0.0539,8.4975,0.0539,0.0612,207.88656304077367,253.0792941365941,530.6629162916456,204.80405923727545,192.18404524420976,191.53858624026603,354.6116337383945,1.8613551582399088,201.1
12.82,8.2301,0.0513,8.2301,0.0513,0.062,206.1144906322503,250.92198859578295,524.2745642078289,202.49841496682632,188.63006367149973,189.91915593537072,352.32599012129765,1.869426254947768,201.1
12.83,8.0492,0.0465,8.0492,0.0465,0.0622,203.419841740688,247.64154646692447,519.8900793928797,199.02459887561653,181.30752999506743,187.8156683406601,347.8664566114789,1.860239701243424,201.1
12.84,7.8054,0.0445,7.8054,0.0445,0.0625,201.8701505921956,245.75496593832503,513.868163599869,197.01222774400784,178.4511066647262,186.34497419859645,345.87345489996375,1.8692012608081965,201.1
12.85,7.5892,0.0437,7.5892,0.0437,0.0628,200.96141288322764,244.6486765534945,508.4332786257791,195.8234356877812,177.48925278186758,185.3536213510453,345.0549674195252,1.882500816823952,201.1
12.86,7.0622,0.0441,7.0622,0.0441,0.0638,199.7643069859452,243.19133024375935,494.7123724364658,194.3549531873321,179.08382478150796,183.6210967275995,345.3479586088456,1.9290921818934956,201.1
12.87,6.8185,0.0446,6.8185,0.0446,0.0636,199.318652345738,242.64879416002884,488.1687428673632,193.8457685297917,180.39293354020057,182.9054498806521,345.832621588336,1.953610636559968,201.1
12.88,6.5864,0.0458,6.5864,0.0458,0.0637,199.1922348746838,242.49489463004988,481.8026533417849,193.79414877797367,182.88907920449049,182.4364422547586,347.00759220206606,1.9814880963432349,201.1
12.89,6.3269,0.0465,6.3269,0.0465,0.0638,198.6737571472096,241.86370435312472,474.51242686918727,193.2881025693336,184.6357511833552,181.6511822881988,347.6573700904882,2.0102495072460607,201.1
12.9,6.0831,0.0466,6.0831,0.0466,0.0646,197.8736896134583,240.88970909464493,467.497671402778,192.42931674790196,185.3689781604129,180.6973515404564,347.7215813010175,2.0354200281138133,201.1
12.91,5.7646,0.0468,5.7646,0.0468,0.0656,196.7618769621884,239.53619804092503,458.05331436517054,191.29534977240667,186.4923371814225,179.4058026826508,347.84498591961943,2.070199731012912,201.1
12.92,5.509,0.047,5.509,0.047,0.0651,195.8159295370815,238.38460987122969,450.2355338025369,190.36363532305876,187.5072332177038,178.33944190880473,347.98925270732843,2.0998390965587044,201.1
12.93,5.1787,0.0473,5.1787,0.0473,0.0652,194.4865756907991,236.76626605836407,439.7857442109153,189.11422529591763,188.9573633868049,176.8900790741867,348.18604748257417,2.140412414775912,201.1
12.94,4.9349,0.0522,4.9349,0.0522,0.0652,195.30808274449507,237.766361601994,431.8122671796105,190.9259039590277,198.13151344329887,177.1471978364782,352.6196845239513,2.195361989005678,201.1
12.95,4.6046,0.0571,4.6046,0.0571,0.0654,195.34339453738653,237.809349871601,420.5987365682974,192.07303569979388,207.56678549094,176.7377209943103,356.6435064187978,2.2622484108054657,201.1
12.96,3.6648,0.0576,3.6648,0.0576,0.0657,189.24823404870347,230.3891544940738,385.613491300685,187.08029304861248,212.69579270964837,171.18287644525694,356.51492500349354,2.4110122234662947,201.1
12.97,3.2323,0.0576,3.2323,0.0576,0.0666,185.70136608299413,226.07122827494936,367.6546982828703,184.2243697025073,215.14618348660903,168.1511654899982,356.2532857001703,2.4926735070099046,201.1
12.98,2.8076,0.0576,2.8076,0.0576,0.0732,181.66568699649335,221.15822764790497,348.5655267646075,181.05576159889875,217.96766090777484,164.8099878241869,355.951523570881,2.584928850945237,201.1
12.99,2.3869,0.0576,2.3869,0.0576,0.0919,176.99168791038588,215.468141803948,327.9411632155275,177.455982112071,221.30999864281932,161.03651428212612,355.59346148836715,2.691913949399938,201.1
13.0,2.2885,0.0534,2.2885,0.0534,0.1346,174.72151204898591,212.70444945093936,323.23048975495874,174.38093875993547,214.33197457672392,159.09456052988455,352.0695488365738,2.6979268947857338,165.3
13.01,2.1902,0.0503,2.1902,0.0503,0.2209,172.80805203446445,210.3750198680437,318.8855148439482,171.878649981381,209.13607791869032,157.34274324753824,349.29738106392114,2.706714010359023,165.3
13.02,2.261,0.048,2.261,0.048,0.1914,172.95484416737858,210.5537233342,322.4169986891968,171.19348075450586,204.10085287608752,157.48601009915745,347.3277791698909,2.6755658286597988,165.3
13.03,2.1863,0.0475,2.1863,0.0475,0.4082,172.4393812545298,209.92620326638408,320.7554953626356,170.59783907813457,203.3683196491969,156.6232187478073,346.8364353153455,2.6824426277665023,165.3
13.04,2.0251,0.0461,2.0251,0.0461,0.4818,170.12999411445796,207.11477544368796,312.7017744103918,168.30677713450555,201.8395181356748,154.55407578189505,345.36141119367795,2.720341615621891,165.3
13.05,1.8914,0.0453,1.8914,0.0453,0.5354,168.21920431712002,204.7885965599722,305.6723240844453,166.52234693135844,201.33954659295924,152.8517810036128,344.46902687746035,2.756972143802676,165.3
13.06,1.8206,0.0429,1.8206,0.0429,0.5907,166.629267428481,202.85302121728125,302.1719887098845,164.40251025948407,196.9490318922701,151.3613090165813,342.00969303252634,2.764225347753776,165.3
13.07,1.6908,0.042,1.6908,0.042,0.6991,164.76777566433404,200.5868573304936,295.6426925642687,162.59616673208274,196.0995979375094,149.52623905547333,340.9477033807496,2.7988025163226005,165.3
13.08,1.6476,0.041,1.6476,0.041,0.7159,163.86260629161978,199.4849120071893,293.1903371388284,161.4886864476471,194.35665692393536,148.7039458797576,339.8819640464088,2.80829450016399,165.3
13.09,1.6515,0.0418,1.6515,0.0418,0.7038,164.18007941046557,199.8714010214364,293.3050658355641,162.00384523933502,196.03613297548856,149.02502088792713,340.8087246397898,2.8129618686462288,165.3
13.1,1.6279,0.041,1.6279,0.041,0.6917,163.546641500572,199.10025921808767,291.6931309500349,161.18117171738666,194.5794267711994,148.50965713990342,339.9831080004864,2.818569604885581,165.3
13.11,1.6201,0.0381,1.6201,0.0381,0.6955,162.49015682866755,197.81410396533445,291.2704531235717,159.21850318438376,188.32064476722064,147.53741388792488,336.80931393420855,2.8031658155222283,165.3
13.12,1.6043,0.0376,1.6043,0.0376,0.6878,162.07779744587313,197.31210123845423,290.1922848839337,158.66932937390217,187.3708249361727,147.19909648974163,336.2718776192628,2.8070942549907487,165.3
13.13,1.5847,0.0356,1.5847,0.0356,0.6871,161.08530501613052,196.10384958485452,288.95338269612546,157.0641334358105,183.05673480212468,146.30465455165714,333.9249265173384,2.801759456352561,165.3
13.14,1.5776,0.0334,1.5776,0.0334,0.6878,160.1841768341839,195.00682397205,288.52846538970846,155.42333578719425,178.05142965918296,145.4687960708219,331.22003638304386,2.789178101872491,165.3
13.15,1.5776,0.0311,1.5776,0.0311,0.6886,159.30797490040186,193.94014335701095,288.5604786222395,153.72800173868097,172.6141520733431,144.64047782409435,328.2252580872184,2.77205492671353,165.3
13.16,1.5777,0.0288,1.5777,0.0288,0.6943,158.39121896736927,192.8240926559278,288.66186874245375,151.96281815386794,167.01782529472354,143.75271440564532,325.0258476305951,2.753421848392959,165.3
13.17,1.5807,0.0278,1.5807,0.0278,0.7328,158.1434352524617,192.52244291604035,289.3696582844294,151.28959953565752,164.4494393243263,143.4011743123386,323.6027964031661,2.741028204802512,165.3
13.18,1.6201,0.0274,1.6201,0.0274,0.736,158.58756754305318,193.06312570458647,291.9358996574136,151.44414049973355,163.13835599591732,143.76779971100868,323.11456630213814,2.722034241847316,165.3
13.19,1.6673,0.0276,1.6673,0.0276,0.7422,159.4109049695739,194.0654495281769,294.98917926865647,152.1760301795086,163.27082622126972,144.48119000496732,323.5510183767795,2.705381167706728,165.3
13.2,1.6633,0.0278,1.6633,0.0278,0.7483,159.49392347581392,194.16651553577347,294.8386896353606,152.30451231693775,163.77795572204184,144.54825678199845,323.91120058699164,2.70844396531733,165.3
13.21,1.671,0.0282,1.671,0.0282,0.7835,159.91716248320054,194.6817630230268,295.7742811833781,152.7972389340485,164.64676301633878,144.84652851423655,324.5865935108068,2.7065371890909806,165.3
13.22,1.6787,0.0299,1.6787,0.0299,0.8561,161.0154466405339,196.01880460586736,297.16502419001006,154.39497617037375,168.59159354076937,145.67901662799707,327.1397887606511,2.71241164636762,165.3
13.23,1.697,0.0315,1.697,0.0315,0.8611,161.999716667,197.2170463772174,298.3678721036018,155.83446027253692,172.22446071215384,146.57011241817034,329.453718408647,2.718071022191734,165.3
13.24,1.7341,0.0333,1.7341,0.0333,0.8379,163.22490844826893,198.7085841978926,300.35907939773614,157.52739724512935,176.12916787735713,147.7380049947869,331.95889832387314,2.719979919698093,165.3
13.25,1.7695,0.0356,1.7695,0.0356,0.8014,164.55010281822751,200.3218643004509,302.0693800680124,159.4709361079565,181.08529297083277,149.02346895428892,334.96772722100883,2.7265445462061204,165.3
13.26,1.7813,0.0376,1.7813,0.0376,0.7823,165.44037525803236,201.40567422716984,302.5685305960123,160.92064324001524,185.41504405026188,149.87584739560623,337.43734174999804,2.73754514290506,165.3
13.27,1.7774,0.0383,1.7774,0.0383,0.7729,165.6444280946953,201.6540863761508,302.2460103638011,161.31847799331575,186.9740864413205,150.08956645931215,338.3065059922998,2.74451531969193,165.3
13.28,1.7459,0.0384,1.7459,0.0384,0.7504,165.19618754978285,201.10840223451825,300.1044635868086,160.97238049579877,187.49283842560703,149.76735780867403,338.4409230529739,2.7584738346429742,165.3
13.29,1.6948,0.0384,1.6948,0.0384,0.7239,164.39951957610413,200.1385455709094,296.6845022474942,160.3123509064868,187.98867201193136,149.15929324706897,338.4309798327042,2.7797304584211444,165.3
13.3,1.624,0.0378,1.624,0.0378,0.6852,163.02591818906018,198.466335186682,291.80216314929453,158.9647347620817,187.3987888199833,148.0828574747368,337.69644685449254,2.8065323691180906,165.3
13.31,1.565,0.0372,1.565,0.0372,0.6491,161.80247660662084,196.9769280428428,287.5823229982578,157.73013259817762,186.70394823955883,147.13108975602844,336.96655023147724,2.8297493889064174,165.3
13.32,1.51,0.0348,1.51,0.0348,0.6192,159.98405991584346,194.76320337580944,283.6059309570185,155.29920386441506,181.86244267226743,145.59744543383923,334.0327549433089,2.8393187776992024,165.3
13.33,1.4549,0.0324,1.4549,0.0324,0.6156,158.1898504540667,192.5789483788638,279.8855732910022,152.8412959095897,176.79419081825952,143.9938067006846,330.91587330042654,2.8466747577369604,165.3
13.34,1.4077,0.0299,1.4077,0.0299,0.6241,156.46658355443245,190.48105824017864,276.79543868233105,150.3476101111981,171.1836999423135,142.38928465587526,327.4616227019579,2.848267949034492,165.3
13.35,1.3566,0.0278,1.3566,0.0278,0.6326,154.77693928132484,188.4240999946564,273.3728251266765,148.00330605851622,166.39560564030234,140.80899343408768,324.34893966978615,2.8544958222464847,165.3
13.36,1.3016,0.0263,1.3016,0.0263,0.6507,153.2577896435124,186.57470043558035,269.7356194389122,146.03022551294166,163.01213913013217,139.35838709117888,321.9809448034842,2.866949617811936,165.3
13.37,1.2935,0.0256,1.2935,0.0256,0.6734,152.91371540565436,186.1558274503618,269.49917954795166,145.38879905887066,161.1981582209643,138.9506675957065,320.8996685639094,2.86268698429424,165.3
13.38,1.2983,0.0256,1.2983,0.0256,0.6888,153.0832476321468,186.36221450870045,270.08622527771223,145.5010986324952,161.11523902146567,139.0536995645161,320.96917283078926,2.85905420577983,165.3
13.39,1.3032,0.0257,1.3032,0.0257,0.7436,153.4367596721325,186.7925769921613,271.24187391729527,145.8137657920139,161.2224749301852,139.20308716858676,321.20154777939985,2.852401702382154,165.3
13.4,1.3134,0.0258,1.3134,0.0258,0.7645,153.76217809477282,187.18873855015823,272.2850834780332,146.1025695748807,161.34429854805936,139.43331805421326,321.44299733758066,2.846568888566432,165.3
13.41,1.3959,0.0266,1.3959,0.0266,0.7859,155.61866303428215,189.4488071721696,278.3523186213334,147.98445626185764,162.64157921373814,141.04809318158203,322.9280505469325,2.8130499663202406,165.3
13.42,1.4746,0.0275,1.4746,0.0275,0.7942,157.34941904634712,191.5558144912052,283.78946455679016,149.7898294271077,164.2416793063965,142.5892304207235,324.5208324998735,2.785551128625776,165.3
13.43,1.5532,0.0295,1.5532,0.0295,0.7873,159.4528822582137,194.1165523143471,288.8626633274711,152.35786986632144,168.53705916518342,144.52897572416484,327.6837698289533,2.7701442020073803,165.3
13.44,1.6201,0.0314,1.6201,0.0314,0.7396,161.14793426362883,196.1800938861569,292.5465495527435,154.5080589074776,172.60298886086932,146.1948260511429,330.51885084846964,2.762423250063992,165.3
13.45,1.6908,0.0329,1.6908,0.0329,0.6587,162.59509491857747,197.9418546834856,295.9821351143628,156.2634213109838,175.64446872775977,147.69818552339044,332.6977338049184,2.7529030469496383,165.3
13.46,1.8245,0.0361,1.8245,0.0361,0.6565,165.77602106475146,201.81428651361048,304.0918284869822,160.0485725859875,181.7687769295138,150.51166649390723,336.9896452569217,2.7270895422901558,165.3
13.47,2.4262,0.0437,2.4262,0.0437,0.6573,176.0242727413468,214.29041898946568,336.9354433605328,170.91186213491102,193.2658956909978,159.3570949547097,346.2587849825025,2.592712303009054,165.3
13.48,2.8351,0.0471,2.8351,0.0471,0.6188,181.35967278705127,220.78568861032332,356.24778998766953,176.25907008692528,197.36621264907455,164.0220348150432,350.1168577569384,2.5149064523352305,165.3
13.49,2.9452,0.0486,2.9452,0.0486,0.265,182.29178142460665,221.92042956039072,358.0760585436791,177.44138183997,199.9316506724553,165.3881865950503,351.7118031689945,2.51440259052022,165.3
13.5,2.8587,0.0488,2.8587,0.0488,0.2509,181.5383540999593,221.003213686907,353.98890737651607,176.86605571507826,200.81450802676125,164.7698444225338,351.8879727119028,2.5357572119792287,165.4
13.51,2.8017,0.0486,2.8017,0.0486,0.2316,180.90424045432252,220.23124924874048,351.1669787179528,176.267213970456,200.79827110320477,164.2704833921556,351.7136258456124,2.549029451872773,165.4
13.52,2.7447,0.0484,2.7447,0.0484,0.2245,180.2815008160256,219.47313142820505,348.4231988825577,175.67810882357892,200.77347815634687,163.7626175336925,351.53746572983096,2.56204987205712,165.4
13.53,2.6267,0.0479,2.6267,0.0479,0.2302,178.92849356050786,217.82599216061823,342.79880449364475,174.41281724900432,200.5654806730091,162.62284941856376,351.0147385645841,2.588249236960063,165.4
13.54,2.4458,0.0478,2.4458,0.0478,0.2359,176.94133574355533,215.40684351389348,333.8260160597975,172.7731118160019,201.58732835928427,160.9655517470135,350.7997046200316,2.634757981376468,165.4
13.55,2.3711,0.0476,2.3711,0.0476,0.2628,176.1030528793791,214.38632524446157,330.2733489238875,172.01655185908183,201.692009000779,160.22530446239804,350.5935564895903,2.6530174284050343,165.4
13.56,2.3436,0.0475,2.3436,0.0475,0.2445,175.7340801906163,213.93714110161983,328.6688196397803,171.663483216194,201.7170651943621,159.9612571970707,350.53288232250594,2.6615323383754634,165.4
13.57,2.2335,0.0473,2.2335,0.0473,0.2636,174.4022335782137,212.3157626169558,323.0366819075182,170.51763575702688,202.1298423823168,158.83363427808857,350.2812583870769,2.691612308432595,165.4
13.58,2.0447,0.0467,2.0447,0.0467,0.2828,171.8306674141061,209.1851603302161,312.8151012244966,168.26403958266343,202.46742692334584,156.69239623706136,349.5370774546061,2.74639924844083,165.4
13.59,1.797,0.0412,1.797,0.0412,0.2965,166.5812164611543,202.7945243874922,298.3703594063955,162.18356379929276,193.4419046046281,152.24541558227662,343.624856761198,2.8006614026573917,165.4
13.6,1.6515,0.0351,1.6515,0.0351,0.353,162.40724661584642,197.71316979320437,289.95993940969345,156.52873878216968,181.3620354606181,148.4487843289634,336.3932911284673,2.8135086294628397,165.4
13.61,1.6272,0.0315,1.6272,0.0315,0.3839,160.7609053102572,195.7089282037914,288.81167350906105,153.72465362408778,173.19508607162615,146.83772678243486,331.7194189609171,2.794747589302079,165.4
13.62,1.6345,0.0308,1.6345,0.0308,0.4092,160.6974354048616,195.631660492875,289.631208064643,153.35647424929076,171.42371183579297,146.68854389653515,330.82414991969915,2.784528726882231,165.4
13.63,1.6418,0.0309,1.6418,0.0309,0.4345,160.95970019464795,195.9509393673975,290.4472985489953,153.58387121608098,171.54994284068243,146.85216071523757,331.0359645315405,2.7805787018721007,165.4
13.64,1.6594,0.0296,1.6594,0.0296,0.4499,160.75714671623476,195.70435252411187,291.7908861784174,152.85050341032712,168.27163667049504,146.58393848047618,329.2784824683372,2.7622019272829816,165.4
13.65,1.6869,0.0294,1.6869,0.0294,0.4664,161.16060416001878,196.19551810784893,293.76408671961616,153.07120630271592,167.54663289518098,146.87855566231534,329.08942758973683,2.748671794260893,165.4
13.66,1.7144,0.0293,1.7144,0.0293,0.5147,161.69104260737024,196.8412692611464,296.11308193273544,153.43883078540202,167.02297003497566,147.20931121861267,329.0440204231884,2.733747520444469,165.4
13.67,1.7656,0.0284,1.7656,0.0284,0.5464,162.13796248116455,197.38534562924383,299.6817548942864,153.40479482219897,164.4448751787937,147.4821249534812,327.8442544627791,2.704994698743636,165.4
13.68,1.9307,0.0275,1.9307,0.0275,0.5988,164.08649886890169,199.75747688388032,310.12949584306955,154.6212771446133,161.16685815989618,149.0243726940589,326.75111462814345,2.636170243956842,165.4
13.69,2.5795,0.0276,2.5795,0.0276,0.6646,171.41545173291996,208.67968037051125,345.1355092696005,160.8363660229922,158.25317534927763,155.45136935113604,327.6675028443589,2.4496991588008554,165.4
13.7,3.7159,0.0277,3.7159,0.0277,0.7398,180.3391437705353,219.5433054597821,395.1125791100806,168.9072965177716,155.00704961173318,163.92348558456104,328.769031741587,2.221683115694827,165.4
13.71,5.336,0.0287,5.336,0.0287,0.7089,188.95930182974965,230.0374109231735,451.4992281285452,177.97524249003064,154.1539012446646,173.2357461934748,331.2350417856739,2.010116199131588,165.4
13.72,8.2537,0.0307,8.2537,0.0307,0.4491,198.29729228299155,241.4053993010332,530.2697419208334,190.14369672524725,154.96730152244143,185.53769673626243,335.2907209297584,1.7660323701350895,165.4
13.73,8.7492,0.0333,8.7492,0.0333,0.0538,200.8016113857585,244.45413560005383,540.2671309496956,193.37955683963375,159.17078272008993,188.40678784114928,339.06168615396683,1.752953449849724,165.4
13.74,8.8789,0.036,8.8789,0.036,0.0397,202.74888553609892,246.8247302178596,543.282268401571,195.71512182646,163.6416812194691,190.0706071438713,342.6159536625582,1.7604277090730849,165.4
13.75,8.7098,0.0395,8.7098,0.0395,0.0376,204.5366881131259,249.00118552902285,539.3387460238027,197.6445910705031,169.6260463130467,191.04897426855348,346.7879680391419,1.7921675225693847,165.4
13.76,8.4464,0.043,8.4464,0.043,0.0375,205.9803944083034,250.75874101880413,533.0922782321986,199.17651962888056,175.65309255859708,191.58978332946572,350.6214557631483,1.8300237028218271,165.4
13.77,8.1043,0.0465,8.1043,0.0465,0.0373,207.0705983419925,252.08594580764304,524.7830241061288,200.34187682218868,181.75692541358896,191.73221380169267,354.1631901585872,1.873693366190185,165.4
13.78,7.833,0.0498,7.833,0.0498,0.0377,208.0504166206347,253.27876805990317,518.0470288222272,201.489820681906,187.4237539102271,191.92201345320308,357.3096044451426,1.9111744809670403,165.4
13.79,7.5892,0.0529,7.5892,0.0529,0.0378,208.8660428335848,254.2717043191467,511.87069413839504,202.51121879468045,192.7107821362762,192.04885998328425,360.1075297970017,1.9456377556177784,165.4
13.8,7.424,0.0557,7.424,0.0557,0.0379,209.6607325788449,255.23915270468075,507.6266147013776,203.5494417130491,197.3630025150701,192.30122771637247,362.5376043219367,1.972253010580824,165.4
13.81,7.4305,0.057,7.4305,0.057,0.0386,210.27196053511065,255.98325630361293,507.8362426685501,204.30547176835265,199.34449845952804,192.73290890084203,363.6955780866188,1.9775984873682428,165.4
13.82,7.4369,0.0583,7.4369,0.0583,0.0401,210.8744585149644,256.71673210517406,508.0473402585329,205.05197285015117,201.31111244342088,193.156794103766,364.832486219358,1.982843975644537,165.4
13.83,7.4515,0.0583,7.4515,0.0583,0.0447,210.95976130289984,256.8205789774433,508.4880663381965,205.11622210218323,201.28100595193072,193.25020921296928,364.9045532734481,1.9817401694546044,165.4
13.84,7.7386,0.0583,7.7386,0.0583,0.0491,211.82811326502625,257.8777031052494,515.9353080458366,206.10487206906956,200.70488590730784,194.34417649415775,365.07340804409904,1.9581049905854728,165.4
13.85,8.1239,0.0584,8.1239,0.0584,0.0538,212.94337304316085,259.2354106612393,525.6498355049155,207.43426258619476,200.12340357973656,195.77589779455707,365.35283025396944,1.9281633795458115,165.4
13.86,8.5958,0.061,8.5958,0.061,0.0582,215.2497744962406,262.0432037345538,537.1551966824296,210.3287441560501,203.11008974007123,198.12879802505785,367.64820494580914,1.9037282295668247,165.4
13.87,9.5435,0.0649,9.5435,0.0649,0.0499,218.97866033216675,266.582716926116,559.0242565068061,215.15796852703812,207.0876339787501,202.21310349390868,370.97679720900487,1.854071570581421,165.4
13.88,9.8895,0.0696,9.8895,0.0696,0.0377,221.6137170130169,269.79061201584665,566.660504323557,218.50519426685236,213.0676173084989,204.4766708691592,374.5310098368614,1.8498412255377077,165.4
13.89,10.1569,0.0722,10.1569,0.0722,0.001,223.17959110209628,271.6968935155955,572.3437053821551,220.50262417442647,216.1849507516736,205.93077036892151,376.463860946836,1.8431727887130884,165.4
13.9,10.4086,0.0713,10.4086,0.0713,-0.012,223.3137095317504,271.8601681256092,577.7067286741183,220.7363062187976,214.55743368024304,206.48421758570703,375.9870110361746,1.824955255370279,165.4
13.91,10.5187,0.0703,10.5187,0.0703,-0.0143,223.1409614716372,271.6498661393844,580.0656315037417,220.54342042391687,213.02984938047177,206.5963265050898,375.3947813434107,1.8149714207011425,165.4
13.92,10.558,0.0676,10.558,0.0676,-0.0155,222.13302248726384,270.42280998449513,580.9290730133407,219.306166745319,209.28683179271204,206.07763654204092,373.5666145911016,1.8029101461217825,165.4
13.93,10.5737,0.0618,10.5737,0.0618,-0.0159,219.68720562786277,267.4452938078329,581.298656744765,216.34771243065143,201.2101899575181,204.63360845363,369.3066851803737,1.7798409454695163,165.4
13.94,10.5501,0.0559,10.5501,0.0559,-0.015,216.9570848563404,264.1216685207622,580.8475973290829,213.07307180676816,192.83556604075025,202.91165875460044,364.5808648797132,1.7571185678070644,165.4
13.95,10.5557,0.0549,10.5557,0.0549,-0.0142,216.5223162366608,263.592384983761,581.0099987204718,212.53826237046712,191.38735812558647,202.66375770796077,363.793754368867,1.752672586779865,165.4
13.96,10.5613,0.0544,10.5613,0.0544,-0.0106,216.32744903941077,263.3551553523261,581.1841242996645,212.2855524655984,190.66065868875816,202.5657333223029,363.4286256887498,1.7503185548200744,165.4
13.97,10.5813,0.0542,10.5813,0.0542,-0.0088,216.29892191771376,263.3204266824342,581.6531820780923,212.23931745157932,190.3529198093073,202.59932060722545,363.32555213635857,1.7484357303420437,165.4
13.98,10.6248,0.0554,10.6248,0.0554,-0.0078,216.98776389758945,264.1590169188046,582.6110718885373,213.04905303563564,192.0492633628992,203.1282453818427,364.4383845278393,1.7512420983044603,165.4
13.99,10.7271,0.0566,10.7271,0.0566,-0.0064,217.7547410993739,265.0927282948899,584.795145388055,214.00053334803704,193.6604573925053,203.8113505498312,365.5470996690567,1.750558366477157,165.4
14.0,10.786,0.0587,10.786,0.0587,-0.0048,218.87428551044044,266.4556519257536,586.0679071336996,215.3281099115396,196.59258415678255,204.63045938865775,367.36372382117503,1.756065601221529,182.4
14.01,10.7654,0.0578,10.7654,0.0578,0.0828,218.4867797966388,265.98390583938635,586.0453917803351,214.8410627241292,195.32308995244028,204.35251162978963,366.6876184908048,1.7527035373975144,182.4
14.02,10.8052,0.0591,10.8052,0.0591,0.0674,219.1901222970272,266.8401488833375,586.8484728896019,215.66334091532616,197.13203802160103,204.8795711194012,367.82585924899024,1.7561326254425391,182.4
14.03,10.845,0.0591,10.845,0.0591,0.0665,219.28757531657445,266.9587873419167,587.7100038969975,215.77913418605067,197.0892309833596,205.02870687157647,367.9022275791744,1.754039170322975,182.4
14.04,11.0416,0.0591,11.0416,0.0591,0.0663,219.6049695821665,267.3451803608984,591.7932895783741,216.28705475946904,196.85143819281905,205.6005392235164,368.01747652449,1.7430562157817342,182.4
14.05,11.1439,0.0589,11.1439,0.0589,0.0663,219.69052862953836,267.4493392011771,593.9211716701411,216.44715094262423,196.4520561530966,205.85658709863455,367.9467142878395,1.7366896228062458,182.4
14.06,11.1871,0.0586,11.1871,0.0586,0.0665,219.64666591307576,267.3959411115705,594.8412925224749,216.40559120787063,195.98478453782425,205.92475938397016,367.779265625212,1.7332353356491117,182.4
14.07,11.1911,0.0579,11.1911,0.0579,0.0668,219.35884115606777,267.04554575521297,594.9655276607704,216.0468675881513,194.99910714789192,205.7707226072945,367.2721809137793,1.7303061812938298,182.4
14.08,11.2029,0.0579,11.2029,0.0579,0.0672,219.4145234000792,267.1133328348791,595.248295367158,216.0922983394513,194.9931284133197,205.8426043455589,367.34106921891146,1.729826459176968,182.4
14.09,11.4978,0.0579,11.4978,0.0579,0.0642,219.8296224166189,267.6186707680578,601.2090905572969,216.8244656792972,194.6609248050044,206.6550030540768,367.4777081120568,1.7139133463931244,182.4
14.1,11.6393,0.058,11.6393,0.058,0.0636,220.0896324476148,267.9352047188354,604.0617145906451,217.2348056013407,194.65056048701803,207.0898091853889,367.6594124749448,1.7069217483716768,182.4
14.11,11.8438,0.058,11.8438,0.058,0.0633,220.36852121957327,268.274721484698,608.1312935185832,217.7353573787192,194.43330137054895,207.65078137603248,367.7727633336054,1.6963017994772225,182.4
14.12,12.0601,0.0583,12.0601,0.0583,0.0638,220.79597336051907,268.7950980041102,612.3905355784375,218.42224995373243,194.626988249018,208.32284100478896,368.1347737410139,1.686482822363793,182.4
14.13,12.2764,0.0586,12.2764,0.0586,0.0643,221.21278565230912,269.3025216636807,616.6038841940521,219.10165502186285,194.8234133535541,208.9869051014905,368.494947939948,1.6768588455554467,182.4
14.14,12.4848,0.0583,12.4848,0.0583,0.0654,221.31701903451065,269.4294144767956,620.6250912634271,219.4273000385545,194.2015330479551,209.44606132662156,368.3609563978658,1.6653776355896217,182.4
14.15,12.6145,0.0602,12.6145,0.0602,0.0658,222.41225648063988,270.76274701990945,623.122710573157,220.7719050656768,196.6923860716695,210.35842378333967,369.9943709912576,1.6667811341465946,182.4
14.16,12.8976,0.0615,12.8976,0.0615,0.0658,223.34910909544715,271.9032632466313,628.4666044892803,222.1154371756536,198.1798995294072,211.4478746345248,371.1507046716097,1.6583190515952624,182.4
14.17,13.283,0.0619,13.283,0.0619,0.067,223.92514108558197,272.6045195824476,635.6168224260836,223.1829456188241,198.3376625759478,212.5022897969885,371.6109508642764,1.6417869382516428,182.4
14.18,13.6369,0.0639,13.6369,0.0639,0.0674,225.2163907140013,274.17647565182773,642.0732701704737,225.0090600874233,200.67054261273415,213.91411433999164,373.2895645469828,1.633319351309216,182.4
14.19,13.8689,0.0662,13.8689,0.0662,0.069,226.52564415064265,275.7703494007824,646.2709787832978,226.70726019516744,203.4879434970173,215.10682618705857,375.1232228911602,1.6316063487057828,182.4
14.2,14.266,0.066,14.266,0.066,0.0704,226.76670346158147,276.0638129097514,653.3215790332855,227.435803350482,202.8396509064048,215.97110435748968,375.1208938512981,1.613510224864407,182.4
14.21,14.329,0.071,14.329,0.071,0.0714,229.1595098832933,278.976794640531,654.4702112218276,230.11417979037435,209.27031905949977,217.4645681313126,378.7787792029842,1.6289133171459194,182.4
14.22,14.2936,0.071,14.2936,0.071,0.0707,229.1744965405932,278.9950392668092,653.8958023795598,230.06162231053395,209.31755199894815,217.4296404362645,378.8392661347949,1.6306254971125016,182.4
14.23,14.0498,0.0716,14.0498,0.0716,0.0703,229.2952396597509,279.14203089013154,649.660660913267,229.88047454379767,210.35863272978725,217.0856251480282,379.2731049659351,1.6436047647388083,182.4
14.24,13.8296,0.0717,13.8296,0.0717,0.0704,229.1995766568543,279.02557158225744,645.801328493491,229.4927857261564,210.73729474478176,216.65976866009137,379.3650030413287,1.6539612059064384,182.4
14.25,13.7077,0.0709,13.7077,0.0709,0.0704,228.7823797278943,278.5176796687409,643.6678486373287,228.86042184197652,209.8476976165904,216.22449622769184,378.8545126569472,1.65683749859526,182.4
14.26,13.6094,0.0702,13.6094,0.0702,0.0704,228.42662993863763,278.0845929687763,641.9470740062661,228.3235212762808,209.057476675144,215.8648072037515,378.4131574022746,1.6590130077316751,182.4
14.27,13.574,0.0679,13.574,0.0679,0.0708,227.3992840243216,276.83391098613066,641.3553099370988,227.11036770946507,206.1043943585307,215.23000137479508,376.8375133302516,1.6525330652969052,182.4
14.28,13.5189,0.0668,13.5189,0.0668,0.078,226.88970993930877,276.213559926115,640.4310380150561,226.4544182545229,204.72587317707527,214.85440704610912,376.0935610011237,1.6511433037145549,182.4
14.29,13.2476,0.0633,13.2476,0.0633,0.0751,225.05684884391115,273.98225076650056,635.5298383512966,224.074477000291,200.37042007023567,213.3148294640529,373.481596785088,1.6508132834297662,182.4
14.3,13.1375,0.0604,13.1375,0.0604,0.0743,223.6026461631658,272.21191706820184,633.5501946736463,222.30972797026527,196.5824119585345,212.27220944825785,371.2543654769761,1.6449019531358433,182.4
14.31,13.0431,0.0579,13.0431,0.0579,0.0741,222.3218642488522,270.6527043029505,631.8522631974735,220.7603063533047,193.27263479521253,211.35026691487985,369.2653981043497,1.6395277127331132,182.4
14.32,12.9488,0.0547,12.9488,0.0547,0.0738,220.64562512478827,268.61206536930746,630.1477455563172,218.78476866652653,188.9463884167426,210.17641570172205,366.5913302558732,1.630938908356284,182.4
14.33,12.874,0.0546,12.874,0.0546,0.0742,220.5699504283152,268.51993965186205,628.8012685121005,218.58101588886856,188.88275619039467,210.01001114306277,366.5531576542768,1.6342573002730367,182.4
14.34,12.8033,0.0495,12.8033,0.0495,0.0738,217.81611302943887,265.1674419488822,627.5232726824208,215.4828157532141,181.75933660798853,208.18291022724125,361.95914091844736,1.6155939448812575,182.4
14.35,12.7404,0.0457,12.7404,0.0457,0.0736,215.65442414517312,262.53582069847164,626.3876524066003,213.06043492199743,176.34516594385835,206.7007522865108,358.27025023552113,1.601280251384619,182.4
14.36,12.6892,0.0427,12.6892,0.0427,0.0736,213.8811129824149,260.3770071090268,625.4691047508664,211.08584580356447,171.99949013151442,205.459772008221,355.1737542326531,1.5894644820473771,182.4
14.37,12.673,0.0404,12.673,0.0404,0.074,212.4637057617983,258.6514678839284,625.2088949701658,209.63088218187832,168.65301468232673,204.51967620266004,352.68517369868374,1.5786368366601768,182.4
14.38,12.6725,0.0387,12.6725,0.0387,0.0744,211.4487229939544,257.4158366882924,625.244047791099,208.5146655546548,166.10446608455686,203.82946971444,350.7812408691529,1.5702435747615673,182.4
14.39,12.675,0.0382,12.675,0.0382,0.0742,211.17380001339717,257.08114784239655,625.3333901773264,208.20149904063945,165.3583777758339,203.65472482125983,350.25084233685584,1.567725260951316,182.4
14.4,12.6774,0.0376,12.6774,0.0376,0.0752,210.83327058200356,256.66659027374345,625.4253417090063,207.81888563421245,164.45886465228975,203.4321246041027,349.59266282674923,1.564666851120971,182.4
14.41,12.7168,0.0374,12.7168,0.0374,0.0762,210.7746719535583,256.5952528130275,626.2130591950797,207.78796067008747,164.14598795468723,203.4722379253893,349.4197485610325,1.5619336018065908,182.4
14.42,12.7246,0.0372,12.7246,0.0372,0.0772,210.6903495845833,256.49259949427534,626.4063555712887,207.6876644741043,163.84997701321333,203.43889367879024,349.2391440203418,1.5606765532707103,182.4
14.43,12.7192,0.032,12.7192,0.032,0.0784,207.27752592347895,252.3378576459744,626.3524124062587,204.0493186660485,155.88136928119002,200.9386693338642,342.5284401789483,1.5331031853382555,182.4
14.44,12.7209,0.0297,12.7209,0.0297,0.0788,205.62888985491887,250.3308224320752,626.428815205229,202.48242923086505,152.3882189664498,199.7408330247609,339.2829422964635,1.519502659875263,182.4
14.45,12.7227,0.0295,12.7227,0.0295,0.08,205.5223012739397,250.20106242044827,626.5100776544224,202.360408925968,152.0893457218111,199.67133843801864,339.04478565276975,1.5183907767883191,182.4
14.46,12.76,0.0296,12.76,0.0296,0.0804,205.65489553351813,250.3624815190656,627.2546725209847,202.53890388554385,152.25158792508728,199.85007592153755,339.2606977515368,1.5173951405193071,182.4
14.47,12.8701,0.0296,12.8701,0.0296,0.0806,205.76043117229148,250.49095968800705,629.3579083003705,202.81539505406408,152.25022235402804,200.1359390812441,339.34161502079286,1.5124727586544875,182.4
14.48,12.9291,0.0315,12.9291,0.0315,0.081,207.1891458957348,252.23026456872063,630.5017111267566,204.3303316608189,155.17775980727384,201.34325883013835,342.1686205413643,1.5208327675622038,182.4
14.49,12.9291,0.0344,12.9291,0.0344,0.0822,209.27609434740836,254.77089746641013,630.5492707877698,206.32655146724323,159.56994699831915,202.8593452003429,346.1690688261391,1.5374812203505424,182.4
14.5,13.0392,0.0347,13.0392,0.0347,0.083,209.59246452519312,255.15604376980036,632.6386445727126,206.7945039033538,159.99543851603494,203.2926187624629,346.64229288677524,1.5342393984832383,214.6
14.51,12.9505,0.0368,12.9505,0.0368,0.0887,210.93893770532648,256.79522851083226,631.0575734336095,208.07439808845663,163.23409500049718,204.1249041583456,349.34356476323165,1.549414501932536,214.6
14.52,13.0224,0.0377,13.0224,0.0377,0.0861,211.6061837734844,257.6075280720679,632.425325057433,208.85947464852023,164.56913156335983,204.73702244232675,350.5180593164593,1.5509520965129884,214.6
14.53,13.0943,0.0387,13.0943,0.0387,0.0856,212.33001971657865,258.4887196549653,633.7965119641746,209.70572089188357,166.04484272735849,205.38443289068303,351.7886231038294,1.5529268150348656,214.6
14.54,13.2122,0.0395,13.2122,0.0395,0.0858,212.954936762532,259.2494882326477,636.0116391701848,210.508762577525,167.1866554410003,206.03865538913757,352.8104082199407,1.5517630382461058,214.6
14.55,13.3774,0.0399,13.3774,0.0399,0.0859,213.3589402456577,259.7413185599312,639.0777610477264,211.13997968865297,167.70106081798593,206.6198358551515,353.3667806163135,1.546510112965953,214.6
14.56,13.3774,0.0404,13.3774,0.0404,0.0864,213.7063977892063,260.1643103520773,639.1230539370741,211.48882071422287,168.4526866,206.8730251380409,354.0008553783753,1.549122126954837,214.6
14.57,13.3931,0.0408,13.3931,0.0408,0.0874,214.0015516869838,260.52362814067595,639.4562203193011,211.80354973811976,169.04614919184553,207.1167639762977,354.5192023017214,1.5505265329670352,214.6
14.58,13.4128,0.0409,13.4128,0.0409,0.0895,214.1145455438115,260.6611858794227,639.865995319909,211.9299123007538,169.19395807348582,207.2422266917841,354.697463636537,1.550272571365776,214.6
14.59,13.3892,0.041,13.3892,0.041,0.0879,214.1964402451504,260.7608837767049,639.4738339083359,211.96446002270747,169.36733799365442,207.27118045689213,354.86701211525144,1.551975931412653,214.6
14.6,13.3381,0.041,13.3381,0.041,0.0872,214.1972374200231,260.76185425046293,638.5824221827385,211.87641342446625,169.40950844836385,207.1965446676279,354.9184896093948,1.5544135651340956,214.6
14.61,13.1847,0.041,13.1847,0.041,0.0872,214.12202734254933,260.670294156147,635.8136673636161,211.5730558172151,169.5130680725855,206.8910765746424,354.9495919800441,1.5614637136797973,214.6
14.62,12.933,0.041,12.933,0.041,0.0871,213.96450163044605,260.4785237240213,631.197942000231,211.0566171724571,169.67974760554372,206.35687796358832,354.96040948171395,1.573120802388401,214.6
14.63,12.819,0.0403,12.819,0.0403,0.0875,213.4814829170719,259.89050094252235,629.113712491546,210.3690209984671,168.71788654342174,205.8387148716894,354.20472201459745,1.5750974665549209,214.6
14.64,12.6027,0.0403,12.6027,0.0403,0.0879,213.4027414697992,259.7946417893208,625.0867212659571,209.8423469053561,168.79128970563448,205.37393262234053,354.22135044924914,1.585940048978358,214.6
14.65,12.4376,0.0403,12.4376,0.0403,0.0879,213.31285408416787,259.68521366768266,621.9922598476395,209.47552310255023,168.88741929514745,205.02322932764196,354.24797894245467,1.5941265504820974,214.6
14.66,12.4334,0.0404,12.4334,0.0404,0.0878,213.40916966391836,259.80246741694407,621.9537625377976,209.54777531627997,169.04957712522906,205.09433584443877,354.42242493278843,1.5950019216414544,214.6
14.67,12.4448,0.0404,12.4448,0.0404,0.0891,213.4559558478892,259.85942451047373,622.2181946941145,209.5922588304484,169.05400801676208,205.16029206509089,354.485979085986,1.5945908402940572,214.6
14.68,12.4563,0.0404,12.4563,0.0404,0.0876,213.5023398127149,259.9158919459138,622.4737337431902,209.6356518822512,169.05869796092654,205.22645543849347,354.5495218160671,1.5942026549585453,214.6
14.69,12.5202,0.0445,12.5202,0.0445,0.0869,216.06830305334665,263.03967328233506,623.7293062089759,212.40440835715265,175.08897341871034,207.07124063613335,359.10825992757367,1.611511306390364,214.6
14.7,12.7286,0.0467,12.7286,0.0467,0.0866,217.55269828695415,264.8467631319442,627.7107442974162,214.25300005898933,178.15764404230265,208.43649190514745,361.47445558058746,1.6119571543056128,214.6
14.71,12.8269,0.0483,12.8269,0.0483,0.0867,218.5790350730474,266.09621661066643,629.5984066554282,215.45856298714315,180.3971169726984,209.2913522289578,363.1440972224405,1.614764530835651,214.6
14.72,12.8819,0.0551,12.8819,0.0551,0.0869,222.33974122274304,270.67446757551323,630.6700903905654,219.53886791405756,189.93281517808416,211.7624173082136,369.4911074002936,1.642056932511653,214.6
14.73,12.4808,0.0589,12.4808,0.0589,0.0873,223.92627667533435,272.60590203953745,623.1490743747858,220.73531650327067,195.54425557295548,212.01015577460035,372.68527391871936,1.6775465852199558,214.6
14.74,12.0915,0.0642,12.0915,0.0642,0.0957,226.06583432936645,275.21058092270704,615.7358400999353,222.64797788571852,203.16141106618076,212.5997143701526,376.8595504484918,1.7182602781009844,214.6
14.75,11.6551,0.0799,11.6551,0.0799,0.0913,232.1379889855572,282.6027691998088,607.1871726582534,229.2257841109012,224.3101215210488,215.3930529482584,387.6925327862856,1.7971663798085642,214.6
14.76,10.9866,0.0799,10.9866,0.0799,0.0919,231.12502242269295,281.3695925145828,593.7040316792186,227.52718284543263,225.3009457155992,213.60899176263737,387.58956283313,1.834663160370463,214.6
14.77,10.3024,0.0979,10.3024,0.0979,0.0919,236.07005441232508,287.3896314584827,579.3622635150173,233.3475448695864,249.02408310794613,215.2800049996057,397.8418950136227,1.930506294179748,214.6
14.78,9.3587,0.1086,9.3587,0.1086,0.0935,237.01583350127527,288.5410146972047,558.5687232372688,234.66886869722035,263.92223302757003,214.19840219246592,403.02525311179176,2.020997798589051,214.6
14.79,8.6509,0.1155,8.6509,0.1155,0.0953,236.8546475717368,288.34478834820135,542.116631797229,234.87133004633532,273.8415514476615,212.9119836053937,406.09871468766073,2.089085071601879,214.6
14.8,7.7268,0.1205,7.7268,0.1205,0.095,234.95218729696933,286.02874975283225,519.3050916438519,233.29946586575707,282.3307518378247,210.2540922728765,408.0707658460345,2.1740880459329306,214.6
14.81,6.7949,0.1238,6.7949,0.1238,0.0947,231.88095760215512,282.2898614287106,494.520182561712,230.6594785386026,289.27958775172897,206.9008642713905,409.1871848126989,2.2650864792983803,214.6
14.82,6.0753,0.1254,6.0753,0.1254,0.0959,228.72873164148103,278.4523689548465,473.9179160467346,227.94256267962376,293.90263015333386,203.84782031924408,409.6013995238107,2.3416050583416643,214.6
14.83,4.9507,0.1258,4.9507,0.1258,0.0971,222.09295746724175,270.37403517751176,438.4281917834746,222.21128380421536,299.50605818913346,198.01612068798408,409.2205953620598,2.476366770047332,214.6
14.84,4.6243,0.1225,4.6243,0.1225,0.1015,219.2038462869424,266.8568563493212,427.2573730209977,219.2420954706738,297.1776300390948,195.6853741519328,407.672638610116,2.513514691456588,214.6
14.85,4.353,0.1193,4.353,0.1193,0.1107,216.59960089220183,263.6864706513762,417.64106817501454,216.53363489962496,294.696439906426,193.59962066261403,406.15971157985786,2.5456128738253647,214.6
14.86,4.1878,0.1026,4.1878,0.1026,0.1179,212.0007001726773,258.0878089058681,411.6265194256115,209.8426540316205,274.1335360897632,190.16485528685905,398.2285266461871,2.527601161947439,214.6
14.87,3.9912,0.1039,3.9912,0.1039,0.1298,210.74991739348707,256.56511682685385,404.2958148934764,209.00679746915588,276.9339061611755,189.0855170239426,398.8068575419073,2.562902608917849,214.6
14.88,3.6688,0.0981,3.6688,0.0981,0.1438,206.82748940237488,251.78998709854332,391.719020930048,204.6958416411683,271.0537805659587,185.95224539453832,395.66054588010473,2.602194539896051,214.6
14.89,3.4761,0.0907,3.4761,0.0907,0.1619,203.54537205124555,247.7943659754294,383.96831449294393,200.55937523040816,261.96580603638404,183.35013729120445,391.5571366717916,2.6155082910777647,214.6
14.9,3.3989,0.083,3.3989,0.083,0.1767,201.133567637076,244.85825625383163,380.8694144596762,197.00089636921427,251.3720897838667,181.45118762266617,387.0685961936768,2.605332750717672,214.6
14.91,3.402,0.0725,3.402,0.0725,0.1982,198.61238993700476,241.7889964450493,381.2080273758851,192.66482196609263,235.63330324771457,179.4826210099331,380.3893716569884,2.566917365478648,214.6
14.92,3.4052,0.0632,3.4052,0.0632,0.2293,196.12093645836893,238.7559226449709,381.6315969062051,188.47489063629655,220.98857205195856,177.50623451657356,373.7268868965347,2.5284058170413286,214.6
14.93,3.4446,0.0672,3.4446,0.0672,0.2624,197.7184072761517,240.70066972748907,383.5931118997795,190.69265344965325,227.09286878307577,178.7417830797488,376.8163333964948,2.536171306965107,214.6
14.94,3.9047,0.0624,3.9047,0.0624,0.3302,200.10224370304624,243.60273146457803,402.6919571690772,191.67274397017067,217.29892079773848,180.91569083032303,373.61319162741006,2.43194084634208,214.6
14.95,4.6754,0.0591,4.6754,0.0591,0.3565,204.11684463577296,248.49007173050623,431.1362024324392,194.6275969113894,209.2076533521022,184.86884960711785,371.5412249289456,2.300369806837035,214.6
14.96,5.5759,0.0589,5.5759,0.0589,0.3585,208.7515195336753,254.13228464969163,460.7587603485568,199.0787164646061,206.2804232558288,189.59973765413412,371.92482532807753,2.1865619934602405,214.6
14.97,6.3112,0.0588,6.3112,0.0588,0.2461,211.7682988960765,257.8048856126149,482.1940909939512,202.1933850775069,204.4052656539039,193.02071559468828,372.24661024336,2.109583652498836,214.6
14.98,6.8106,0.0588,6.8106,0.0588,0.1549,213.5741737349132,260.0033419381552,495.8482334343735,204.16167210038557,203.3754163933817,195.18530563247177,372.5193773234232,2.062927464525607,214.6
14.99,7.1094,0.0588,7.1094,0.0588,0.1332,214.60192658485977,261.2545193206989,503.92788785299297,205.311000227548,202.7897487662788,196.43231719328253,372.7006796610026,2.0361241031764177,214.6
15.0,7.3729,0.0587,7.3729,0.0587,0.1214,215.42313795680136,262.2542549039321,510.927960772932,206.24488527558185,202.14738779960408,197.4731604624616,372.7814736810037,2.0129046902844205,206.1
15.01,7.6855,0.0587,7.6855,0.0587,0.1007,216.3756088973037,263.4137847445436,518.9983415819289,207.37174510169217,201.59393451730557,198.6942979739209,372.95891904061926,1.98701044058439,206.1
15.02,7.9981,0.0566,7.9981,0.0566,0.0813,216.35880128858264,263.3933233078397,526.8798322637169,207.3307598836843,197.9631197803602,199.2718402943755,371.36886211585954,1.9531466294470448,206.1
15.03,8.1475,0.0541,8.1475,0.0541,0.0618,215.6509836460711,262.5316322647822,530.5484934825386,206.4571165947941,194.0027718144028,199.0926841570615,369.3070533721744,1.9308601223741728,206.1
15.04,8.3717,0.0521,8.3717,0.0521,0.0616,215.303505177758,262.1086149990097,536.1047668757062,206.0847529120223,190.6675968118995,199.28537083592244,367.6386672721948,1.9047853437805573,206.1
15.05,8.6548,0.0516,8.6548,0.0516,0.0614,215.74748457841903,262.64911166068407,542.9838060848749,206.7287344539984,189.53536571192092,200.1188085100173,367.3302151403108,1.881663832896908,206.1
15.06,8.9576,0.0516,8.9576,0.0516,0.0768,216.4374808148102,263.4891070788994,550.2619388197955,207.7058078940813,189.1494146078132,201.14937625878903,367.48545360585297,1.8599419390641576,206.1
15.07,9.0716,0.0516,9.0716,0.0516,0.0564,216.6988282050083,263.8072691191406,552.8635658107316,208.0577809251773,189.0183610721896,201.5532070437062,367.5815715972571,1.852441979486544,206.1
15.08,9.2643,0.0518,9.2643,0.0518,0.0423,217.20909034959448,264.42845781689766,557.2870234490871,208.7646439174004,189.09232588588125,202.26641725277727,367.8854205457674,1.840491076591624,206.1
15.09,9.4019,0.055,9.4019,0.055,0.0333,219.0518143385296,266.6717739773404,560.4274946915864,210.99450864373708,193.65041611023528,203.7448243210273,370.8660496579551,1.8457917483582935,206.1
15.1,9.5356,0.056,9.5356,0.056,0.0305,219.81517953710585,267.6010881321289,563.4807832034645,211.9568463727481,194.94334696505732,204.5027423450028,371.8369481936584,1.8414378564314005,206.1
15.11,9.6929,0.0561,9.6929,0.0561,0.0301,220.19250110476736,268.06043612754286,567.0467482959285,212.48707709049572,194.8978330277725,205.0532226023975,372.0305416055488,1.8317264311570256,206.1
15.12,10.153,0.0562,10.153,0.0562,0.0271,221.07841761282472,269.1389431808301,577.200335126685,213.87269018679456,194.4998893148329,206.49565924149937,372.3067224948213,1.8031291436407733,206.1
15.13,10.3378,0.0571,10.3378,0.0571,0.0251,221.84608349025584,270.07349294465934,581.218583116056,214.89404990809368,195.57803556805493,207.34400935050095,373.1886840055561,1.7957862275240477,206.1
15.14,10.5383,0.058,10.5383,0.058,0.0231,222.62655947846315,271.02363762595513,585.5269404012599,215.9471241892836,196.63039032558316,208.22664421720376,374.0638531471072,1.7876547561169014,206.1
15.15,10.8332,0.0603,10.8332,0.0603,0.0231,224.1901016548045,272.9270802754142,591.7687423060761,217.98956222621504,199.5213808942512,209.7702256808923,376.0993666974155,1.779869868870501,206.1
15.16,11.313,0.0629,11.313,0.0629,0.0223,226.11139835731876,275.26605017412714,601.6787578673272,220.62641940450695,202.56224939304963,211.8631406162546,378.3534625905734,1.763060914951243,206.1
15.17,11.4624,0.0638,11.4624,0.0638,0.0221,226.76303811951024,276.0593507541864,604.7392388793304,221.48913009763788,203.62377005974835,212.5531822528856,379.15294594938274,1.7584605274168892,206.1
15.18,11.5568,0.0672,11.5568,0.0672,0.0152,228.4464434632229,278.10871378131486,606.6481172555995,223.46662829279023,208.096459932167,213.76255867746195,381.8075546544732,1.7664285141908267,206.1
15.19,11.6669,0.0701,11.6669,0.0701,0.0102,229.8903495013097,279.86651243637704,608.8685883640288,225.19208618810225,211.8169797868948,214.84589892801267,384.0012915272415,1.7712939018170353,206.1
15.2,11.8202,0.0701,11.8202,0.0701,0.0099,230.13532571548748,280.1647443492891,611.9505624495201,225.5916966427379,211.6385033167572,215.28953054255027,384.1023366828991,1.7632132961981033,206.1
15.21,11.9067,0.0704,11.9067,0.0704,0.01,230.4168383909324,280.50745543243943,613.6974631383823,225.9684232850562,211.9352619488269,215.63151710981757,384.4003272270281,1.7598538070686929,206.1
15.22,12.1584,0.0706,12.1584,0.0706,0.01,230.86122359753932,281.0484461187436,618.6606388200182,226.701274599134,211.9087262755457,216.3725144861669,384.6656082880255,1.7475157969649868,206.1
15.23,12.3314,0.0745,12.3314,0.0745,0.011,232.7682071831163,283.36999135335896,622.0523985828069,229.0117371881038,216.76091656047484,217.82270666080493,387.4687110841269,1.7524254027128596,206.1
15.24,12.4612,0.0783,12.4612,0.0783,0.0132,234.5277345895202,285.51202471767675,624.594098652288,231.11553879583823,221.4488839698696,219.0940032805176,390.07770081559056,1.7587780568655091,206.1
15.25,12.528,0.083,12.528,0.083,0.0134,236.50903520414215,287.9240428572166,625.9121457763,233.41946533902407,227.2586187992722,220.3663571541195,393.12576036410553,1.770811528051706,206.1
15.26,12.5949,0.0877,12.5949,0.0877,0.0134,238.41928395489848,290.24956307552856,627.2272713664632,235.65495535814463,232.96475440500748,221.58634286897188,396.0321472680951,1.7822261495911147,206.1
15.27,12.6617,0.0919,12.6617,0.0919,0.0128,240.08460590088768,292.27691153151545,628.5341911128514,237.6168667267191,237.97200795093275,222.658415172494,398.52951366007255,1.7916193861850935,206.1
15.28,12.6381,0.0962,12.6381,0.0962,0.0119,241.61143851200885,294.13566427548903,628.1237958350303,239.3528923131049,243.15221959711485,223.48574340751523,400.9665729175412,1.805425035686164,206.1
15.29,12.5241,0.0983,12.5241,0.0983,0.0117,242.21130787998788,294.86594002781135,625.9935529143329,239.93910308189163,245.8082403593996,223.6353975168976,402.1333861379444,1.8172988885130712,206.1
15.3,12.3707,0.098,12.3707,0.098,0.0118,241.92529671066657,294.51775251733324,623.0947088919505,239.4526201310578,245.68096343023925,223.22281503263767,402.0034635686889,1.8244942740188157,206.1
15.31,12.2646,0.1054,12.2646,0.1054,0.0118,244.2375181948827,297.3326308459442,621.0883895655612,242.11372558128244,254.51817996191255,224.3379694808849,405.8670483701894,1.850348591087793,206.1
15.32,12.1269,0.1089,12.1269,0.1089,0.012,245.15474074809933,298.4492496063818,618.4565905438175,243.10909016437697,258.7809421732906,224.6223903065652,407.6276131180943,1.866907405630294,206.1
15.33,11.9932,0.1116,11.9932,0.1116,0.013,245.79516311869432,299.228894231454,615.8872114319736,243.7858849947779,262.0954052375866,224.76118915265465,408.9614626971278,1.8810848418475092,206.1
15.34,11.8045,0.1149,11.8045,0.1149,0.013,246.48371923418705,300.0671364590103,612.2076909196953,244.513993141096,266.1722233777489,224.83229274869967,410.5332405282391,1.899697381816993,206.1
15.35,11.6354,0.1164,11.6354,0.1164,0.014,246.64787634308317,300.2669798959273,608.8866661946929,244.61733161096984,268.1655568714083,224.6480016821627,411.2499372538425,1.912815858740356,206.1
15.36,11.3759,0.117,11.3759,0.117,0.0146,246.35844505045057,299.91462875707026,603.7056265957747,244.1391672058743,269.3093709574014,224.05567981631387,411.5240202937173,1.928924163667033,206.1
15.37,11.0692,0.117,11.0692,0.117,0.015,245.77493487888495,299.20426854820784,597.477318745918,243.2975240348848,269.8751125613587,223.2160005574863,411.50855282192816,1.946640028386199,206.1
15.38,10.8765,0.117,10.8765,0.117,0.0168,245.4074029571899,298.756838382666,593.5292585970794,242.76199725662715,270.2366121571935,222.69247930535144,411.52278888248526,1.958081954978484,206.1
15.39,10.6523,0.117,10.6523,0.117,0.0177,244.95522050550653,298.206355398008,588.8687035123326,242.12497718963616,270.66681391668163,222.06567480633464,411.5270332505135,1.9716403205795725,206.1
15.4,10.4951,0.1167,10.4951,0.1167,0.0187,244.55630985202575,297.7207250372488,585.5768334303723,241.56718630033956,270.62997431815694,221.58355825381065,411.4120519033093,1.9806385333048055,206.1
15.41,10.4046,0.1154,10.4046,0.1154,0.0193,244.02765294256952,297.07714271269333,583.6835422518343,240.8455502126849,269.3179136052821,221.1416240333153,410.8544980687834,1.9831823642799908,206.1
15.42,10.2237,0.114,10.2237,0.114,0.0205,243.2531295094068,296.1342446201474,579.8297788081733,239.81191257133236,268.06595191866614,220.40018137016423,410.2171684534002,1.9911502391004623,206.1
15.43,10.0271,0.079,10.0271,0.079,0.0209,231.638952368628,281.995246361808,575.5853158168345,225.21366614131287,225.7856064328105,213.2337029900013,391.1258807669265,1.902909503515896,206.1
15.44,9.8856,0.0757,9.8856,0.0757,0.0219,230.1476336906776,280.1797279712597,572.5113256811869,223.30301934702945,221.7043931108862,212.08363879945605,388.98513762196615,1.9009580125358865,206.1
15.45,9.7637,0.0752,9.7637,0.0752,0.0227,229.7432851834108,279.68747761458707,569.8454789174411,222.71888338428624,221.2364694371936,211.62671944195085,388.6781508003112,1.907333676369393,206.1
15.46,9.6575,0.0749,9.6575,0.0749,0.0237,229.44334944042745,279.32233844921603,567.5116997081342,222.2704383002147,221.00736937755195,211.26160320444663,388.508380581073,1.913456896400872,206.1
15.47,9.4412,0.0749,9.4412,0.0749,0.0247,229.01035155227024,278.7952105853725,562.6652132193198,221.61813732097687,221.35197914029123,210.61147881743335,388.50681584998335,1.928127079756036,206.1
15.48,9.4412,0.0751,9.4412,0.0751,0.0255,229.1249071944991,278.9346696280859,562.7048512665319,221.72119354420144,221.6172693365613,210.69594633304712,388.7050656444883,1.929001014351487,206.1
15.49,9.28,0.0753,9.28,0.0753,0.0265,228.8730528946921,278.62806439353824,559.05751755769,221.32034139458443,222.14528500055965,210.2582322464173,388.8534585602203,1.940904360879867,206.1
15.5,9.2092,0.0758,9.2092,0.0758,0.0271,228.93344806836905,278.7015889527971,557.4636688940511,221.3362268699064,222.92518785654613,210.1795865855561,389.2296483457395,1.94773094439764,187.9
15.51,9.1158,0.0761,9.1158,0.0761,0.0915,228.89217814028888,278.6513473012213,555.6332687056345,221.2264059642883,223.45773239885423,209.9777505106188,389.463737333902,1.9545910907087605,187.9
15.52,9.0979,0.0766,9.0979,0.0766,0.0977,229.07481291176643,278.8736852838896,555.2813476664923,221.4103202299421,224.14696781824375,210.070096568318,389.8533445823354,1.957677103036394,187.9
15.53,9.092,0.0768,9.092,0.0768,0.0851,229.16637961002093,278.98515778611244,555.1207981030728,221.48359238192052,224.42509665356025,210.13356398396127,390.0472066987,1.959147470968209,187.9
15.54,9.0995,0.0768,9.0995,0.0768,0.0851,229.22299915314483,279.0540859255676,555.330740659618,221.5171605169174,224.41193780997207,210.1961274398197,390.113114571968,1.958808352688136,187.9
15.55,9.107,0.0768,9.107,0.0768,0.0851,229.2795825802237,279.1229700976636,555.540596210837,221.5507183350997,224.3988098771123,210.2586647497055,390.1789907431553,1.9584695081834609,187.9
15.56,9.1699,0.0768,9.1699,0.0768,0.0851,229.46867133440367,279.3531651027523,557.0359402366428,221.76173267687224,224.29201776158845,210.5047855376681,390.2623352864546,1.9542455529367009,187.9
15.57,9.2879,0.0768,9.2879,0.0768,0.0853,229.7848002198421,279.73801765893825,559.7948103615876,222.14643598996545,224.09456824113465,210.93039357552385,390.3627085577712,1.9462353216220136,187.9
15.58,9.3193,0.077,9.3193,0.077,0.0859,229.9702739839237,279.9638118065158,560.5540589117686,222.34641373269696,224.30527846145517,211.1161704289433,390.5679046065107,1.944937079430376,187.9
15.59,9.3193,0.0773,9.3193,0.0773,0.0858,230.119336171685,280.1452788177035,560.5892091769321,222.49192290370405,224.69909915156924,211.22199252227756,390.8288305366997,1.9461514504091424,187.9
15.6,9.2839,0.0776,9.2839,0.0776,0.0857,230.18557378540447,280.2259159126663,559.8113832091067,222.5250604988876,225.15122122730864,211.2117960275345,391.0781102279502,1.9498031782190244,187.9
15.61,9.1581,0.0774,9.1581,0.0774,0.0855,229.8530668344648,279.8211248419572,556.9412380367097,222.04310235556412,225.0996308262552,210.78966067086156,390.9708465026659,1.9580638458408497,187.9
15.62,8.993,0.0774,8.993,0.0774,0.0855,229.48949123368297,279.37851106709235,553.1265253196801,221.5183536387353,225.38084482574595,210.2756143054272,390.98155970003234,1.9699295832856116,187.9
15.63,8.8239,0.0774,8.8239,0.0774,0.0851,229.10193527961545,278.90670381866227,549.1706531317858,220.97084183960249,225.67482747956225,209.7389269734905,390.9899460128737,1.982318785376634,187.9
15.64,8.643,0.0771,8.643,0.0771,0.0849,228.56095878748,278.24812374128,544.8842341054086,220.2387096189055,225.5990341010389,209.084020404609,390.795936596516,1.9948009398736644,187.9
15.65,8.5368,0.0764,8.5368,0.0764,0.0848,228.0636180730152,277.6426654801925,542.3557755865789,219.57062568747037,224.8600969689493,208.5912344142233,390.3602651407529,2.0005338959810626,187.9
15.66,8.4919,0.0766,8.4919,0.0766,0.0848,228.05179891603987,277.62827694126594,541.3007174921365,219.5155766087996,225.20610849245003,208.51515297230924,390.5408311676296,2.0048111887803564,187.9
15.67,8.4862,0.0752,8.4862,0.0752,0.0848,227.5690248802558,277.0405520281375,541.1963726182634,218.8694004437827,223.34800215028585,208.21297746225625,389.6664445957944,2.0005650192642546,187.9
15.68,8.4879,0.0733,8.4879,0.0733,0.0849,226.91392813079744,276.2430429418404,541.2723728462645,218.0105068684308,220.79266056618064,207.81404402992496,388.4355291133207,1.9939035864032624,187.9
15.69,8.4896,0.0733,8.4896,0.0733,0.0861,226.95694463942928,276.29541086539217,541.3537016385116,218.02567119215288,220.78833879482636,207.85687425718535,388.49876479471817,1.9939482017805692,187.9
15.7,8.6312,0.0715,8.6312,0.0715,0.0871,226.69048802447475,275.9710288993606,544.8175657828062,217.6758190199409,218.11160207562568,207.95988939632736,387.35492275918256,1.9770027316815988,187.9
15.71,8.9458,0.071,8.9458,0.071,0.0877,227.3189174939048,276.7360734708406,552.3422759835075,218.4928639893107,216.91941871822723,208.95001562714089,387.1666114895028,1.952381614116658,187.9
15.72,9.1896,0.0699,9.1896,0.0699,0.0881,227.4959295841045,276.9515664502141,558.0707348095912,218.765243618059,215.05197600203329,209.52601190235345,386.52062774921234,1.9312935041762496,187.9
15.73,9.3587,0.0688,9.3587,0.0688,0.0893,227.4709228380468,276.9211234550135,562.0049321843009,218.7808236559219,213.30986623554665,209.83758724138133,385.8385475815424,1.915712250613952,187.9
15.74,9.457,0.0678,9.457,0.0678,0.0891,227.3135988992008,276.72959865989657,564.2829527107688,218.61134681753137,211.81107959343012,209.93540632563275,385.1965483633137,1.9054712083326597,187.9
15.75,9.5395,0.0675,9.5395,0.0675,0.0881,227.4010262354004,276.8360319387483,566.1859088272412,218.7294696229317,211.2884359633968,210.15789969650345,385.0611615999938,1.8989835266913333,187.9
15.76,9.5395,0.0673,9.5395,0.0673,0.0895,227.3568848651333,276.7822946184232,566.2278243791316,218.64265037991785,211.017839011316,210.1432229796964,384.97446597931776,1.8983914176311385,187.9
15.77,9.5572,0.0673,9.5572,0.0673,0.0879,227.43066673804395,276.8721160289231,566.6565237778143,218.70654722873493,210.99557211157276,210.2363951281437,385.0415342353814,1.8974095089816176,187.9
15.78,9.5749,0.0673,9.5749,0.0673,0.0877,227.50489496627432,276.96248082850786,567.0911347900801,218.7712533655585,210.97301543405587,210.3294811911592,385.10856522325247,1.8964108033419944,187.9
15.79,9.571,0.0661,9.571,0.0661,0.0873,227.03491400156216,276.39033008885826,567.0368039566506,218.17775169168803,209.34389641803887,210.0402999560393,384.2693167499724,1.892292719427577,187.9
15.8,9.5746,0.0642,9.5746,0.0642,0.0872,226.2748790412087,275.46507013712363,567.1532155526968,217.2496567773612,206.73197225206528,209.5806932533576,382.8774993282357,1.884880791340596,187.9
15.81,9.5781,0.0624,9.5781,0.0624,0.0872,225.54024334282585,274.57073102604886,567.2677917289927,216.35639908936005,204.23706367211108,209.1343797366105,381.5267406983984,1.8777135256174693,187.9
15.82,9.5872,0.0621,9.5872,0.0621,0.0877,225.4643319661741,274.478317176212,567.5110184130685,216.24133247801595,203.81069566056428,209.1160873159045,381.35146743458535,1.876080347229064,187.9
15.83,9.6064,0.062,9.6064,0.062,0.0883,225.495828877398,274.5166612420497,567.9823520702885,216.2597154348052,203.64982594330047,209.18510793625543,381.33818521589495,1.8745742950539992,187.9
15.84,9.6536,0.0624,9.6536,0.0624,0.0917,225.80288821331845,274.8904726075181,569.0957045785113,216.62178950784863,204.14834545045684,209.4813395552608,381.731951678404,1.8731816428559016,187.9
15.85,9.6929,0.0629,9.6929,0.0629,0.0923,226.1360733921257,275.2960893469357,570.0162414887292,217.0079587833084,204.79455600841848,209.779622771864,382.2007204560613,1.8727495038824944,187.9
15.86,9.7401,0.0654,9.7401,0.0654,0.0921,227.34313110836771,276.76555091453463,571.1077305229196,218.4223173337697,208.17588280104368,210.64356332850187,384.2173190127434,1.8796037154213772,187.9
15.87,9.8777,0.068,9.8777,0.068,0.0923,228.7425829732504,278.4692314456961,574.2073544307785,220.1308222060891,211.526700066383,211.7907011835984,386.27120080275904,1.8806886378471457,187.9
15.88,9.9564,0.0704,9.9564,0.0704,0.0927,229.9189515531207,279.90133232553825,575.9851454349588,221.5367595546056,214.64024435926305,212.68140888654167,388.1015117285262,1.8846510380016448,187.9
15.89,10.0743,0.0671,10.0743,0.0671,0.0924,228.81611332107556,278.5587466517442,578.6110806185802,220.2976591590468,210.0599212485287,212.23215223556204,385.7818746352737,1.865069479143384,187.9
15.9,10.2198,0.0638,10.2198,0.0638,0.0938,227.69497643122816,277.19388435106043,581.8257254079134,219.08888147059812,205.3993725971109,211.81955194038764,383.3626423924603,1.843407770652128,187.9
15.91,10.4164,0.0601,10.4164,0.0601,0.0951,226.39662436971275,275.61328184138944,586.1104902847911,217.76107741334133,200.08372607119975,211.38786652268763,380.51090076128014,1.8166816965630603,187.9
15.92,10.6484,0.0587,10.6484,0.0587,0.0969,226.1465509802625,275.30884467162394,591.0986982994783,217.69140736135105,197.8972594667597,211.68198746162903,379.4689170235238,1.7971035088148746,187.9
15.93,10.9355,0.0603,10.9355,0.0603,0.0985,227.3687553581593,276.79674565341134,597.1695747852593,219.34535533281365,199.81892714789728,213.00652653612497,380.93335635495504,1.786906586618899,187.9
15.94,11.2422,0.0619,11.2422,0.0619,0.1019,228.5914682677148,278.28526571721807,603.5529392529679,221.02504667671107,201.6962871604396,214.35937753572156,382.3713846022185,1.7758807312014115,187.9
15.95,11.5725,0.0631,11.5725,0.0631,0.0997,229.63047206058715,279.55013989984525,610.2832574260065,222.5303809046085,202.99076356020893,215.6359895922706,383.4699944902562,1.7624076389512624,187.9
15.96,11.8753,0.0672,11.8753,0.0672,0.0997,231.92249183875924,282.3404248471852,616.3624515804319,225.3944027472768,208.1430318957402,217.61129638159176,386.7563485268085,1.7617681074120812,187.9
15.97,12.2095,0.071,12.2095,0.071,0.0997,234.05027595864368,284.93077073226186,622.9595514655181,228.11249779774937,212.75152009270872,219.52072444076725,389.67365837821785,1.7581217254412678,187.9
15.98,12.6696,0.0756,12.6696,0.0756,0.0997,236.600693071806,288.0356263482856,631.8496930260168,231.44410942203612,218.13541849185128,221.8846882540845,393.0365675498033,1.7507581347357704,187.9
15.99,13.0746,0.0784,13.0746,0.0784,0.1013,238.2644029975633,290.0610123448597,639.5240461181363,233.72902803610407,221.21208229064612,223.6050565370597,395.05364674446935,1.7402507795310862,187.9
16.0,13.4403,0.0867,13.4403,0.0867,0.1001,242.0223053818825,294.63585003011787,646.3241557407013,238.29085402063285,230.96498112019148,226.4173243605998,400.4006925821387,1.7492394141971432,184.4
16.01,13.167,0.0903,13.167,0.0903,0.1081,243.1128790359409,295.9635049133193,641.348742967405,239.18988574856849,235.59812771523744,226.5514263878954,402.5264030928469,1.7733277499817168,184.4
16.02,13.5121,0.0955,13.5121,0.0955,0.1027,245.46797861290548,298.8305826591893,647.7285902997111,242.17671464550216,241.32535948080232,228.49587888786905,405.6086034007674,1.7721457065104154,184.4
16.03,13.8571,0.101,13.8571,0.101,0.1003,247.85905216235568,301.74145480634604,654.0193513159529,245.2055775105606,247.27455500613772,230.43520773243517,408.7126602162252,1.7715359557077823,184.4
16.04,14.0301,0.1018,14.0301,0.1018,0.0979,248.37541810780613,302.3700742181988,657.1540089420087,245.93482863276415,247.9807888864092,231.03855099659168,409.2341994698828,1.7659571644281884,184.4
16.05,14.093,0.1028,14.093,0.1028,0.0975,248.8336033111458,302.9278649005253,658.3155167922284,246.4856492043905,249.0467118729793,231.4151614131992,409.8327593895022,1.7659639979260575,184.4
16.06,14.0852,0.104,14.0852,0.104,0.0957,249.2780192866864,303.46889304466174,658.2106703756295,246.9481028900327,250.42261855275595,231.65982564957,410.5145529699601,1.7697160595035342,184.4
16.07,14.034,0.1049,14.034,0.1049,0.0949,249.56682842012864,303.8204867723305,657.3345559706562,247.191211140172,251.50805005186515,231.7441256464053,411.0283035660251,1.7746161663559576,184.4
16.08,13.5779,0.1072,13.5779,0.1072,0.0942,249.82103507538704,304.12995574394944,649.1390888810357,247.009360732362,254.69193574311797,231.099712810183,412.1529455920582,1.80202414328564,184.4
16.09,13.2279,0.1081,13.2279,0.1081,0.0935,249.69080563998264,303.971415561718,642.7414230952368,246.513117167038,256.1753807946634,230.43191333910667,412.586304189977,1.8213060651186237,184.4
16.1,12.7443,0.1083,12.7443,0.1083,0.0937,249.10038349457787,303.25264077600787,633.7144234038387,245.3928679689158,257.0717607503775,229.2741438854005,412.6365936816561,1.8459239386177295,184.4
16.11,12.1545,0.1084,12.1545,0.1084,0.0929,248.23831583667257,302.2031671055144,622.3988659927584,243.91144630488213,258.0420664759407,227.7718009915843,412.6062368270216,1.876844784555912,184.4
16.12,11.8595,0.1065,11.8595,0.1065,0.0913,247.179592755112,300.91428683231027,616.6249418185114,242.42034827608825,256.3153502387915,226.67356733946616,411.6486069904988,1.8878868818309689,184.4
16.13,11.313,0.1047,11.313,0.1047,0.0906,245.66333424200388,299.0684069033091,605.6634682219992,240.2443527535425,255.08462105011,224.85935111447532,410.65847930769496,1.913689529506496,184.4
16.14,11.0416,0.1026,11.0416,0.1026,0.0903,244.52006963470905,297.6766065118197,600.1159369276442,238.6846224038194,253.0710156216473,223.7365025218828,409.5688723232473,1.9238655990711309,184.4
16.15,10.8529,0.1009,10.8529,0.1009,0.0904,243.64704768973607,296.6137971875048,596.2207336500302,237.49691528926596,251.3784316350372,222.91092170552497,408.6921492141987,1.930508008635751,184.4
16.16,10.6838,0.0953,10.6838,0.0953,0.0905,241.5337591129298,294.04109805052326,592.6975145117229,234.81824310637032,244.9952772283303,221.39394488784663,405.6860425188085,1.9250199921921096,184.4
16.17,10.4975,0.0923,10.4975,0.0923,0.0909,240.195916772309,292.4124204184631,588.772499182776,233.07204626609072,241.6663123970667,220.2862130039628,404.0132859731143,1.927771669166357,184.4
16.18,10.4688,0.0839,10.4688,0.0839,0.0925,237.24665642546424,288.82201651795646,588.200996209819,229.48966270563264,231.36473826204923,218.49990253666155,399.0870285936112,1.9039001799786208,184.4
16.19,10.4623,0.0839,10.4623,0.0839,0.0955,237.2736788597256,288.8549133944486,588.1105376886032,229.48225433507872,231.3733076889117,218.5178918690135,399.14758329021817,1.9044421238442,184.4
16.2,10.5357,0.0841,10.5357,0.0841,0.0957,237.5269756976696,289.16327476238035,589.7173029954324,229.7942831527787,231.5171854753898,218.81878068027484,399.3541875053074,1.900754587858071,184.4
16.21,10.6091,0.0843,10.6091,0.0843,0.0962,237.77868296012477,289.4697009949345,591.3187749338982,230.1052935128021,231.6613958859336,219.11842622784147,399.5604228682188,1.897093160069769,184.4
16.22,10.8529,0.0871,10.8529,0.0871,0.0967,239.2817903452196,291.29957085505,596.5024835025264,232.0118617621363,234.7791817841515,220.4712993061612,401.3913595384934,1.8914084116688763,184.4
16.23,11.4231,0.0895,11.4231,0.0895,0.1001,241.1848214327335,293.61630435289294,608.3154776147361,234.6322451090282,236.91156869855763,222.64275962981688,403.027737893444,1.865928785838038,184.4
16.24,11.7848,0.0948,11.7848,0.0948,0.1011,243.68114075516704,296.65530178889907,615.631535862536,237.79925714189213,242.76947272753563,224.75337866874852,406.21025944980914,1.8616818135890665,184.4
16.25,12.1466,0.1002,12.1466,0.1002,0.1031,246.1349308910964,299.6425245630739,622.8176840784004,240.91894961293053,248.60933058489263,226.81332256571469,409.3015842482784,1.857615571246932,184.4
16.26,12.7109,0.1139,12.7109,0.1139,0.1035,251.4458989323374,306.1080508741499,633.7377627785122,247.5546389226201,263.3808707392761,230.7821367599644,416.38228208185376,1.8644755876755887,184.4
16.27,13.2751,0.1218,13.2751,0.1218,0.1038,254.72883815289504,310.1046725339592,644.3627074649727,251.80970069132837,271.2415784515023,233.5660580109896,420.22843273459216,1.8558399246338195,184.4
16.28,13.6212,0.1281,13.6212,0.1281,0.104,257.116236439293,313.011070447835,650.7595515844977,254.8490933583201,277.51228186821936,235.4568542016195,423.1388480013725,1.8540109377917968,184.4
16.29,14.2149,0.1297,14.2149,0.1297,0.1051,258.4497779836788,314.6345123279568,661.4801488691136,256.84266471767364,278.3674487297528,237.1925318774835,424.02190300949377,1.8303056534120663,184.4
16.3,14.443,0.1302,14.443,0.1302,0.1027,258.9355869643055,315.2259319565459,665.5410119616835,257.5624868858946,278.5799860988436,237.85339568082887,424.3499077656465,1.821368867906519,184.4
16.31,14.6789,0.1304,14.6789,0.1304,0.1003,259.3340854765865,315.7110605801922,669.6991978222468,258.1922793765776,278.4703806015962,238.47998185029013,424.5513502161436,1.811577831885513,184.4
16.32,15.0722,0.1305,15.0722,0.1305,0.1007,259.87907345782725,316.37452420952883,676.530937198429,259.1410297853974,278.0546914808588,239.44575151836335,424.7426068472447,1.7949513346442725,184.4
16.33,15.253,0.1304,15.253,0.1304,0.0999,260.0985899432664,316.64176167006343,679.6539882685548,259.5276646804287,277.715526586057,239.88283973054595,424.8035877824207,1.7872305926897012,184.4
16.34,15.3985,0.1303,15.3985,0.1303,0.1003,260.2730323808313,316.8541263766642,682.1628161415548,259.83234028415785,277.4244444596105,240.2365996328637,424.856863829632,1.7810629414584578,184.4
16.35,15.6384,0.1295,15.6384,0.1295,0.0989,260.33320163647903,316.9273759052789,686.2348658479896,260.1030408582625,276.2860780131232,240.6898875006055,424.6311412908976,1.769507665294502,184.4
16.36,15.8311,0.1279,15.8311,0.1279,0.0985,260.0877370732263,316.62854948044946,689.4891749209612,259.9881737479584,274.37233186735926,240.90700736658695,424.0494292493538,1.758196192402859,184.4
16.37,16.1299,0.1257,16.1299,0.1257,0.0955,259.7390601738379,316.20407325510706,694.457710109851,259.8802521892916,271.704240884812,241.24990173570703,423.218001244609,1.741352146145441,184.4
16.38,16.3737,0.1214,16.3737,0.1214,0.0946,258.63473824895016,314.85968134654803,698.4834271076797,258.89149961855395,266.8772354653157,241.11508425526847,421.4191698636879,1.7218890403233618,184.4
16.39,16.7355,0.1168,16.7355,0.1168,0.0945,257.4562378087076,313.4249851584267,704.3749470818558,257.9917384342456,261.5743824271327,241.14180074754373,419.4408516782867,1.6970246878499389,184.4
16.4,17.0343,0.1072,17.0343,0.1072,0.0945,254.3669116527151,309.6640663598271,709.1902259389444,255.00247151568195,250.86657570147824,240.08292740579856,414.908537019602,1.661798792885932,184.4
16.41,17.6517,0.1021,17.6517,0.1021,0.0945,252.8754932268091,307.848426536985,718.9341226391051,254.2286270455436,244.67354626985536,240.3833629152876,412.4599580476625,1.6257453478974655,184.4
16.42,17.982,0.0971,17.982,0.0971,0.0947,251.13049192965408,305.72407713175284,724.0825058254982,252.8539197707587,238.82723191985028,240.0642147340748,409.8957960020271,1.600424361163198,184.4
16.43,18.1589,0.0814,18.1589,0.0814,0.0923,244.5258134895789,297.6835990307917,726.8289880589067,246.52622908940617,220.84330073010503,236.949493436969,400.69552679341547,1.5476512373360374,184.4
16.44,18.332,0.0657,18.332,0.0657,0.0889,237.0446978280793,288.5761538776618,729.4988658022237,239.29583382322727,201.859439813758,233.13027230265905,389.77516590779845,1.489583370988982,184.4
16.45,18.5482,0.0645,18.5482,0.0645,0.0881,236.47536098991733,287.8830481616385,732.8120067538713,239.1001899793173,200.28793981634797,233.20660955352508,388.9358041327295,1.478026267562755,184.4
16.46,18.8785,0.0642,18.8785,0.0642,0.0876,236.37741278493385,287.7638068686151,737.8080262966901,239.5588646899444,199.76943167129224,233.7491504131782,388.8107067407292,1.465996639146261,184.4
16.47,19.1774,0.0632,19.1774,0.0632,0.0876,235.88807124996725,287.16808673909054,742.2892784211915,239.59700675993068,198.41648674518373,234.01294478307955,388.1227502592251,1.4526406180216225,184.4
16.48,19.5667,0.0619,19.5667,0.0619,0.0877,235.21249035170524,286.3456404281629,748.0497530373292,239.62786149605856,196.66571210512603,234.3261639623681,387.1925062772325,1.435422067937072,184.4
16.49,19.6256,0.0615,19.6256,0.0615,0.0877,235.02750582806672,286.12044187764644,748.953346386897,239.54256058901925,196.16309696576596,234.34101339928876,386.9343057196597,1.4322020072028203,184.4
16.5,19.5745,0.0601,19.5745,0.0601,0.0883,234.28848332648505,285.2207623105035,748.2551395552235,238.7457562655382,194.4778238692093,233.84516683318364,385.8294604882391,1.4287543406220078,178.6
16.51,19.085,0.059,19.085,0.059,0.1179,233.7230076220277,284.53235710507727,741.190026936318,237.34002550185016,193.32382677810628,232.67616549020556,384.8909047059044,1.4403632260954369,178.6
16.52,18.9287,0.0582,18.9287,0.0582,0.0887,233.3102029131021,284.02981224203734,738.8255350408747,236.64775844542729,192.40518455651463,232.1766903995675,384.2438968718534,1.4427707275188324,178.6
16.53,18.8935,0.0572,18.8935,0.0572,0.0893,232.7795025879101,283.3837422809341,738.3469069631823,236.07185202380248,191.1824644025652,231.8198043053609,383.43255456257634,1.4402097912340377,178.6
16.54,18.878,0.0559,18.878,0.0559,0.0909,232.07006590728992,282.52008023496165,738.1646474642481,235.36602227889423,189.57154985650527,231.38943992888244,382.3445002168674,1.4357789239902636,178.6
16.55,18.8743,0.0538,18.8743,0.0538,0.0913,230.88038644951345,281.0717748081033,738.1547921987896,234.23763426407007,186.9410961732001,230.68746587739005,380.5036166784313,1.4277115101140805,178.6
16.56,18.8823,0.0527,18.8823,0.0527,0.0923,230.26428026700304,280.3217324989602,738.3213131689472,233.6668067708323,185.5592841439853,230.3449954874688,379.5423180433672,1.4231501623402538,178.6
16.57,18.8903,0.0527,18.8903,0.0527,0.0937,230.30113981697943,280.36660499458367,738.4889854637096,233.70066717607708,185.5684544326633,230.39770913520923,379.6014804785417,1.4230131638478976,178.6
16.58,18.8982,0.0527,18.8982,0.0527,0.0949,230.3379874167841,280.411462942172,738.6545268833844,233.7342631465057,185.5776656930214,230.45022996374863,379.6606017814457,1.4228808070523449,178.6
16.59,18.9965,0.0528,18.9965,0.0528,0.0961,230.43085647059075,280.5245209207192,740.166157719611,233.9854406044344,185.68587656470623,230.6974165543571,379.8266958761373,1.4201937832273552,178.6
16.6,18.9532,0.0528,18.9532,0.0528,0.0971,230.46983204293892,280.57196944357787,739.5689761159792,233.92700647429297,185.7106802769661,230.66025807186224,379.87819208944825,1.4217373821553387,178.6
16.61,18.9572,0.0534,18.9572,0.0534,0.0979,230.86401290576973,281.0518417983284,739.6750157302553,234.28322987511163,186.47903053279245,230.9223608061773,380.4951845783614,1.424152017727832,178.6
16.62,18.8077,0.054,18.8077,0.054,0.0983,231.26014383586917,281.53408814801463,737.4887237312086,234.36119796937373,187.2957893988644,230.91187495170115,381.0839658809732,1.4316080302775465,178.6
16.63,18.5128,0.0541,18.5128,0.0541,0.0993,231.35701006630788,281.6520122546357,733.1011632618998,233.8983060659764,187.53186652313985,230.4608848621375,381.189063947598,1.441967865683339,178.6
16.64,17.9781,0.0541,17.9781,0.0541,0.1001,231.3725586253563,281.6709409352164,724.9938121055965,232.92617483934103,187.7294572880025,229.5286622599162,381.1643673253304,1.4603509371446353,178.6
16.65,17.3253,0.0544,17.3253,0.0544,0.1003,231.51341899547285,281.84242312492347,714.8771065766838,231.865833397726,188.36808681840893,228.4523972965208,381.3920641602073,1.4847741165958463,178.6
16.66,16.6529,0.0555,16.6529,0.0555,0.1004,232.14779011808145,282.6147010133165,704.2035832263567,231.04828178191735,189.9541672685117,227.5696448125603,382.3319946335535,1.514832430854792,178.6
16.67,15.2452,0.0557,15.2452,0.0557,0.1005,231.71874744002295,282.09238818785406,680.911106265936,228.3786409001829,191.00489176024945,224.7983251067068,382.3189481541998,1.5705072423868502,178.6
16.68,14.5846,0.0573,14.5846,0.0573,0.1005,232.2865718518526,282.78365268921186,669.5406499130772,227.81460161925048,193.4730985434423,223.93190194590767,383.6615486092469,1.6050601758462455,178.6
16.69,14.1756,0.0585,14.1756,0.0585,0.1009,232.7051275245806,283.2931987255764,662.3558357242308,227.54843262820697,195.30306446920653,223.4377710362352,384.674039366481,1.6280021674433012,178.6
16.7,13.7549,0.0605,13.7549,0.0605,0.1013,233.4710606066473,284.2256389993967,654.8279437811103,227.64280503691523,198.21019256171363,223.1292825788284,386.3312207164245,1.6551677468434765,178.6
16.71,13.5347,0.0626,13.5347,0.0626,0.1019,234.38046082435423,285.33273491660515,650.8501620860653,228.22192463275584,201.1174577529718,223.27985889801323,388.0611625867456,1.6737375915689368,178.6
16.72,13.3892,0.0647,13.3892,0.0647,0.1037,235.3129569309796,286.4679475681491,648.2175636534024,228.9534718183347,203.96027818835745,223.58117221168385,389.7571341009621,1.688759443213128,178.6
16.73,13.1965,0.0665,13.1965,0.0665,0.1069,236.0268535903496,287.3370391534691,644.6934530012832,229.40021102947767,206.44190969929195,223.66084064874465,391.1672052703634,1.7048590310643033,178.6
16.74,13.0549,0.0675,13.0549,0.0675,0.1093,236.3921490487528,287.7817466680469,642.0933923641413,229.56093543725095,207.8497550549056,223.62762084452316,391.9549016210587,1.715570837162939,178.6
16.75,12.9488,0.0721,12.9488,0.0721,0.1133,238.39330855922407,290.21794085470765,640.1511992720503,231.5273189599495,213.80468330922284,224.62785958553448,395.3644220615577,1.7374345333722436,178.6
16.76,12.8229,0.0778,12.8229,0.0778,0.1119,240.7225537007288,293.0535436356699,637.80295278258,233.85857090999244,221.05248377073107,225.77056837351748,399.32594393159695,1.7633644292565729,178.6
16.77,12.705,0.081,12.705,0.081,0.1147,241.9243120743029,294.51655382958614,635.6085449334748,235.00326682462543,225.1130843589792,226.26356385503072,401.4570465599264,1.7799361721686329,178.6
16.78,12.528,0.085,12.528,0.085,0.1141,243.3072335450345,296.2001104026507,632.2524175284532,236.3002321447464,230.17136401207804,226.7497040965343,403.999572594794,1.801853754180505,178.6
16.79,12.2449,0.0877,12.2449,0.0877,0.1115,243.9770385298031,297.0155251667168,626.7929912298412,236.71444838926908,233.74811311411972,226.62949849374144,405.63778023315547,1.8251260844337056,178.6
16.8,11.8556,0.091,11.8556,0.091,0.1104,244.63367495641316,297.8149086425899,619.1508169302294,237.04514277530387,238.1659067054605,226.30764660290464,407.5542429838002,1.8561249757720013,178.6
16.81,11.6826,0.0928,11.6826,0.0928,0.11,245.02955150897824,298.29684531527784,615.7249726808699,237.31043470442503,240.52497293712688,226.23397090621935,408.6104000183042,1.871126641229727,178.6
16.82,11.4742,0.0946,11.4742,0.0946,0.1103,245.33837766417128,298.67280759116505,611.5510807083135,237.45868479714733,242.92782656605965,226.04579930998665,409.6392146560874,1.8881920367832616,178.6
16.83,11.1635,0.0953,11.1635,0.0953,0.1107,245.05682576615104,298.3300487587926,605.2211826239535,236.85634213517253,244.17575188827385,225.32904302525176,410.0103658161184,1.9081674068323924,178.6
16.84,10.8254,0.0958,10.8254,0.0958,0.1106,244.61525039797704,297.7924787453634,598.2014404663112,236.06778109547815,245.2421465052872,224.46787214360984,410.2576659454639,1.929728090789246,178.6
16.85,10.5187,0.0962,10.5187,0.0962,0.1105,244.16084272074795,297.2392867904758,591.7175465612246,235.3059368360477,246.16219018254947,223.65502776719936,410.4543003038093,1.9497138861168075,178.6
16.86,10.2867,0.0968,10.2867,0.0968,0.1117,243.897073554722,296.9181765014007,586.747994167552,234.83067770937183,247.22038578828665,223.08976032514732,410.78006575792347,1.9660882013441328,178.6
16.87,10.094,0.0981,10.094,0.0981,0.1099,243.9188412176597,296.94467626497703,582.5601682022215,234.73156971396477,249.055978897112,222.76628321164145,411.4972248725886,1.9822866812008009,178.6
16.88,10.0114,0.0936,10.0114,0.0936,0.1099,242.3153894257196,294.99264799652826,580.7725450881265,232.72070983860505,243.820042823202,221.6738737234106,409.02938130142576,1.9748445912133032,178.6
16.89,9.9524,0.0891,9.9524,0.0891,0.1098,240.71429296914295,293.0434870928697,579.4991089180129,230.73303185221803,238.4584534178067,220.61768416956645,406.46094652251537,1.9653991302169769,178.6
16.9,9.9446,0.078,9.9446,0.078,0.1097,236.75193760607968,288.2197501291405,579.3594594262639,226.00624767528865,224.63385123642888,218.2060325063257,399.5485290973973,1.930454015578768,178.6
16.91,9.917,0.0686,9.917,0.0686,0.1098,233.00553449423452,283.6589115581986,578.7803919778515,221.6127340487968,212.460712989004,215.8417296826769,392.9845145833954,1.8991096566351968,178.6
16.92,9.8187,0.0673,9.8187,0.0673,0.1099,232.3032675237641,282.80397785501725,576.6211656333812,220.68910943047453,210.8486697481069,215.22570929027265,392.0380352838295,1.90084616300562,178.6
16.93,9.7047,0.0732,9.7047,0.0732,0.11,234.50547557157367,285.4849267827853,574.0942806043189,223.1077152797472,218.7678167917468,216.40351048994208,396.369358685743,1.930174256862471,178.6
16.94,9.5041,0.0792,9.5041,0.0792,0.1102,236.3801302565736,287.76711509495914,569.576494200477,225.1456570835961,226.76417364645545,217.20465249463408,400.4475695343224,1.9645919253254052,178.6
16.95,9.2643,0.0784,9.2643,0.0784,0.1109,235.5602891043064,286.7690476052426,564.0924456265361,224.0056140074001,226.0847251131817,216.2600252552452,399.9034875427361,1.9786810341284709,178.6
16.96,9.0087,0.0804,9.0087,0.0804,0.1131,235.6888565945852,286.9255645499298,558.1532801379747,224.00982474162075,229.0176695412941,215.87671795859492,401.1920153723992,2.0037403138777403,178.6
16.97,8.4346,0.0835,8.4346,0.0835,0.1135,235.2361177835513,286.3744042582364,544.3577094227659,223.2810561126849,233.87990127976872,214.5470954583189,403.03371764179616,2.0570422046173933,178.6
16.98,8.0532,0.0872,8.0532,0.0872,0.1135,235.3272634513307,286.48536420162003,534.8772414955291,223.369447035044,239.21965078652295,213.9256349866917,405.2334619080476,2.0992919711217755,178.6
16.99,7.6875,0.089,7.6875,0.089,0.1143,234.7156491348436,285.74079025111394,525.5269778453943,222.6546275535841,242.171378925179,212.8942890059772,406.2320562217802,2.135558480283353,178.6
17.0,6.9227,0.0906,6.9227,0.0906,0.1153,232.36229677600903,282.8758395534024,505.0039194103083,220.05538248881587,245.79157304496152,210.05060522703903,406.91906413482576,2.209641876219669,192.6
17.01,6.7015,0.0914,6.7015,0.0914,0.1157,231.80702657539368,282.1998584396097,498.8301011835655,219.18128130120644,247.0060218568264,209.25744945586337,407.3470965745475,2.234772982824402,192.6
17.02,6.4803,0.0916,6.4803,0.0916,0.1124,230.93000504671988,281.1321800568764,492.50675306938126,218.2237322279236,247.77038182947783,208.32030363844896,407.4222458421026,2.257896822362095,192.6
17.03,6.3505,0.0906,6.3505,0.0906,0.1123,230.0940163470064,280.11445468331215,488.7558156328955,217.22174650263548,246.81295878211583,207.5589552879733,406.8408056461999,2.268483093444876,192.6
17.04,6.1224,0.0895,6.1224,0.0895,0.1124,228.74721891409084,278.4748751997628,482.02655345467167,215.682559894348,245.97163934703696,206.29295930269123,406.14562274199926,2.289605255589717,192.6
17.05,5.5719,0.0868,5.5719,0.0868,0.1125,225.22080037861485,274.18184393918324,465.0781208997737,211.78492225440647,243.93609403332937,203.0293461080054,404.3095625394727,2.3441277084332044,192.6
17.06,5.3596,0.0852,5.3596,0.0852,0.1131,223.63843433460127,272.2554852769059,458.2859555457915,209.99494775459084,242.42634025134217,201.6181109517957,403.2767422416361,2.3651680903091963,192.6
17.07,5.2377,0.0851,5.2377,0.0851,0.1147,222.95002793877416,271.4174253167686,454.3297852885073,209.26893989497336,242.63084119193795,200.9644063919661,403.2063096669064,2.380438877870359,192.6
17.08,5.1512,0.0849,5.1512,0.0849,0.1173,222.4254493363161,270.77880788768914,451.5049398750522,208.6957295530855,242.6057822335744,200.47655902147727,403.09304751722937,2.3911145206273536,192.6
17.09,4.7501,0.085,4.7501,0.085,0.1184,219.98882386862044,267.812481231364,437.8347761553652,206.32461425944072,243.96621635414928,198.2015669611952,402.9726376406311,2.446176320741828,192.6
17.1,4.4984,0.0849,4.4984,0.0849,0.119,218.2929417387152,265.74792907321853,428.8975621460415,204.6750732218634,244.66032231895915,196.6665241205247,402.8082907572232,2.4828566416299616,192.6
17.11,4.1957,0.0849,4.1957,0.0849,0.1176,216.11795022550703,263.1001133180086,417.7089614257729,202.6208222146271,245.73347913614325,194.73521821211384,402.6602513720039,2.530422240412314,192.6
17.12,3.7553,0.0848,3.7553,0.0848,0.1179,212.56367494283745,258.77316949562817,400.5095988775024,199.33880542286408,247.3381190982237,191.6626779411736,402.3277957815297,2.606120913966504,192.6
17.13,3.3188,0.0847,3.3188,0.0847,0.1182,208.54958188062307,253.88644750684549,382.18851674461104,195.71451759738457,249.178166834681,188.2946448302974,401.9578101910039,2.6913252520182893,192.6
17.14,2.5874,0.0799,2.5874,0.0799,0.1192,199.32528975422767,242.6568744834076,347.8130693724474,186.85666202616295,246.5981818529167,180.81587927354855,398.2453962445476,2.849877316135592,192.6
17.15,2.3003,0.0747,2.3003,0.0747,0.1362,194.2790450124681,236.51362001517853,332.8819241843401,181.9912107036741,241.57900659972768,176.81773562378055,394.4913294468309,2.912155753893576,192.6
17.16,2.0959,0.0693,2.0959,0.0693,0.1464,190.050409182244,231.3657155262101,321.53313017653016,177.55298513633326,235.28956418736976,173.40908497298153,390.4505966055956,2.956715044991428,192.6
17.17,1.9464,0.0652,1.9464,0.0652,0.1603,186.78245326865823,227.38733441401877,312.883477794754,174.0655518647086,230.2949726057818,170.73239686961577,387.2123005300033,2.9920694784878066,192.6
17.18,1.7774,0.0621,1.7774,0.0621,0.1805,183.2655534710929,223.1058911822,302.66649883791865,170.61358083736476,227.11691990879223,167.86104772372798,384.5660425465163,3.042716021283037,192.6
17.19,1.5336,0.0604,1.5336,0.0604,0.201,178.39725575533606,217.1792678760613,286.7281870697585,166.48375442190675,227.55503575819853,163.9808468864178,382.8191227978417,3.1410302572194766,192.6
17.2,1.4392,0.0592,1.4392,0.0592,0.2192,176.30617096279477,214.63359943296757,280.31159520968555,164.5164702786035,226.8664195208564,162.24334010015426,381.6984275815816,3.181236285449877,192.6
17.21,1.3802,0.0559,1.3802,0.0559,0.2748,174.57454157734574,212.52552887676876,276.8353726110617,162.18084261436672,221.6506346404474,160.52834798238476,378.801265824934,3.1917903726847285,192.6
17.22,1.3409,0.053,1.3409,0.053,0.3121,173.23703873191084,210.89726454319583,274.4887180515898,160.23240934510335,216.75868215891916,159.18238792819946,376.1618415826837,3.195638888426024,192.6
17.23,1.3291,0.0504,1.3291,0.0504,0.3456,172.51459462014705,210.01776736365727,274.12297695230524,158.83106629920388,211.86736124790335,158.34310883290038,373.7405557148177,3.185797934939109,192.6
17.24,1.3173,0.0468,1.3173,0.0468,0.3759,171.48555402534134,208.7650222917199,273.7082741655543,156.83738064379077,204.9027099534316,157.19552667605598,370.1871251198248,3.170361082591428,192.6
17.25,1.2976,0.0415,1.2976,0.0415,0.4016,169.71665030292615,206.61157428182315,272.62711174319924,153.61456811561936,194.3288072730832,155.32289092084298,364.4608572345762,3.148574968149454,192.6
17.26,1.274,0.0372,1.274,0.0372,0.4208,168.0050040122476,204.52783097143188,271.1425324876457,150.6714295041109,185.4282461077799,153.53755649430002,359.318775974489,3.1330675594127326,192.6
17.27,1.2622,0.0343,1.2622,0.0343,0.4361,166.88453667456577,203.16378377773225,270.49017956816283,148.64596092045502,179.1032386309449,152.32702566397066,355.57506730867226,3.1186266469607267,192.6
17.28,1.2603,0.0323,1.2603,0.0323,0.4489,166.2184387223106,202.3528819228129,270.55621384746576,147.29789725086968,174.52188125394144,151.56085213598783,352.8565277631552,3.104078766710718,192.6
17.29,1.2583,0.0308,1.2583,0.0308,0.4491,165.6510060991016,201.662094381515,270.4215908758965,146.20725958262443,171.04103832009986,150.953596598643,350.7291679256257,3.094164673854964,192.6
17.3,1.2583,0.0306,1.2583,0.0306,0.4592,165.64261244034566,201.65187601433388,270.59179256176395,146.09372670221526,170.5384079459583,150.896248385446,350.48352489882484,3.091743937580081,192.6
17.31,1.2465,0.0303,1.2465,0.0303,0.4868,165.42704506412304,201.38944616501936,270.12575918699025,145.7683611162266,169.8972893817156,150.59267048374073,350.06168441443253,3.093329790341911,192.6
17.32,1.2229,0.0303,1.2229,0.0303,0.5087,165.05979226625487,200.9423558023973,268.6587425484458,145.4381684593069,170.12329262271652,150.2028489045337,350.06331868692564,3.1048698481945363,192.6
17.33,1.2033,0.0298,1.2033,0.0298,0.5101,164.4961061400059,200.25612921392025,267.17037563676433,144.7391418725659,169.16087540613844,149.67098519397337,349.31615656988305,3.112747808297262,192.6
17.34,1.201,0.0293,1.201,0.0293,0.5053,164.26178000972095,199.97086262052983,266.93053291602314,144.312374694093,167.991153238079,149.4437223546363,348.5945434968445,3.11100993144516,192.6
17.35,1.202,0.0289,1.202,0.0289,0.5013,164.1357920796086,199.8174860099583,266.9614315702822,144.0159129958177,167.0136110995619,149.31513886414083,348.0250754118894,3.107943251803807,192.6
17.36,1.203,0.028,1.203,0.028,0.4754,163.71780560468713,199.3086329100539,266.64898315135576,143.26389056403056,164.8579653654829,148.96526459230842,346.64931352747305,3.103341403395252,192.6
17.37,1.2151,0.0262,1.2151,0.0262,0.4646,163.202882368495,198.681769839907,267.4423804831305,142.03662867943018,160.25470559338123,148.3833974739824,343.7434300754248,3.082198306225348,192.6
17.38,1.3448,0.0238,1.3448,0.0238,0.4628,164.67422874648292,200.47297412615316,277.2670882662622,142.16832527143396,152.8548854385477,149.39437851973295,339.78125738743813,2.987885730239642,192.6
17.39,1.7026,0.0223,1.7026,0.0223,0.461,169.93178575413853,206.8734783093861,301.83329597280704,145.89628789234462,146.65544542650454,153.748408527164,337.5556762001773,2.8088072745461576,192.6
17.4,3.2362,0.0217,3.2362,0.0217,0.4541,185.39277740696213,225.6955551041278,382.105153501422,161.34090529018238,142.4089065968355,168.29133782728957,338.0124852699672,2.36517730802665,192.6
17.41,4.1563,0.0212,4.1563,0.0212,0.2844,190.78250561945768,232.25696336281808,418.199448699865,167.26805204756872,140.6929724164868,174.15644443334898,337.6633597524372,2.203223634145413,192.6
17.42,4.8327,0.0206,4.8327,0.0206,0.084,193.576195539674,235.65797717873355,441.3095841451533,170.63880949366924,139.2004670107405,177.58387346666612,336.8299345973824,2.106151701796944,192.6
17.43,5.281,0.0145,5.281,0.0145,0.0525,190.15426116435592,231.49214402617244,456.2878403792576,167.3560609860341,125.94949389039353,174.72826677542193,322.0578833296315,1.9886360508653644,192.6
17.44,5.6349,0.0119,5.6349,0.0119,0.0368,188.9468628592034,230.02226782859543,467.6398754254981,166.50040882127345,120.31445313469952,173.52647997835882,314.0860717969671,1.9205047457668425,192.6
17.45,5.9652,0.0106,5.9652,0.0106,0.0296,188.7774484033153,229.8160241431665,477.8971221920888,166.83764242877643,117.77999092574932,173.3114840298455,309.5732218567653,1.8719687532200853,192.6
17.46,6.2955,0.0105,6.2955,0.0105,0.0285,189.77472804623537,231.03010370846044,487.8489998613329,168.43739284167322,118.01508806325388,174.5521434715318,309.3601577613773,1.8393020403354896,192.6
17.47,6.7044,0.0105,6.7044,0.0105,0.028,191.03117067412444,232.55968603806457,499.7333722040163,170.46973498410773,118.59259343686962,176.16912225867765,309.54909071882514,1.8027601176832235,192.6
17.48,7.1094,0.0106,7.1094,0.0106,0.029,192.27849096986608,234.07816291983696,511.0818174741808,172.50412366726215,119.37640461719138,177.8314917770807,310.11020856750514,1.7700041161786175,192.6
17.49,7.5223,0.0108,7.5223,0.0108,0.0299,193.55256742232697,235.6292125141372,522.2486488924392,174.59309792435334,120.3592948765246,179.58996065665448,311.0395824453047,1.7396843431455762,192.6
17.5,7.9234,0.0116,7.9234,0.0116,0.0319,195.28764737048252,237.74148375537007,532.7480565346979,177.11561341337486,122.43195072338632,182.0437115125342,314.10862812641176,1.717564850064174,206.5
17.51,8.2773,0.0131,8.2773,0.0131,0.1196,197.52562275610453,240.4659755291708,542.1767571311079,180.0609020396419,125.69100888789296,185.08058407589883,319.26315064017314,1.7048843853187414,206.5
17.52,8.6312,0.0141,8.6312,0.0141,0.1023,199.1630289341963,242.45933957206503,550.8396782416754,182.3684302744265,127.905075289536,187.36986315415308,322.4774081126789,1.6897202044034898,206.5
17.53,9.0559,0.0149,9.0559,0.0149,0.1031,200.6747126338103,244.2996501628995,561.0518011671271,184.704873531642,129.75804624689516,189.5665948394299,324.9616334207845,1.6686471023241771,206.5
17.54,9.4766,0.016,9.4766,0.016,0.1035,202.36780779322504,246.3608094874044,570.880937388095,187.20255771054556,132.07316196579723,191.9720375793375,328.142186846118,1.6512303055545696,206.5
17.55,9.7951,0.017,9.7951,0.017,0.1047,203.74979880029736,248.04323332210117,578.1578960613167,189.1803095526668,134.06618031439555,193.89178147125656,330.8671818887799,1.6398562081939645,206.5
17.56,10.2119,0.0203,10.2119,0.0203,0.1055,207.1712093478903,252.20842877134476,587.4520383584513,193.309570829408,139.98330612988505,197.98357043482628,338.7398807163641,1.6401262062754494,206.5
17.57,10.4046,0.0222,10.4046,0.0222,0.1065,209.01272312441927,254.4502716297279,591.6912333887533,195.45666770374896,143.27829272324738,200.0286139146568,342.7996466746856,1.642649906617209,206.5
17.58,10.6799,0.0243,10.6799,0.0243,0.1089,211.05293105213852,256.93400301999475,597.6554297615496,197.9612055395068,146.86126196383478,202.32617191845563,346.9682554313768,1.6414449459662148,206.5
17.59,11.0416,0.0266,11.0416,0.0266,0.1091,213.2663117516103,259.628553436743,605.3275234142748,200.799283632388,150.69096834002562,204.86299219841408,351.2085357504416,1.636468854163576,206.5
17.6,11.4663,0.0287,11.4663,0.0287,0.1097,215.3044617219305,262.10977948756755,614.1379618376278,203.5844120328504,154.09649601321658,207.315368191706,354.8451219475243,1.6267320279345776,206.5
17.61,11.9303,0.0308,11.9303,0.0308,0.1113,217.29478252976568,264.5327787318887,623.5389750349865,206.39174517614592,157.4022778581333,209.761813923393,358.2743243899972,1.6151451944473871,206.5
17.62,12.9212,0.0326,12.9212,0.0326,0.1133,219.3647200882477,267.05270271612767,642.8450602999003,210.2982674610716,160.1488035186155,213.22206023907205,361.1945412929784,1.5765430772338769,206.5
17.63,13.3656,0.0348,13.3656,0.0348,0.1129,221.22053888033707,269.31196037606253,651.2233447248592,212.91293809921223,163.4014778672672,215.46135228926175,364.4174851578322,1.5679620983912812,206.5
17.64,13.7077,0.0362,13.7077,0.0362,0.1133,222.41066357215104,270.76080782696647,657.5688121827629,214.6903671658271,165.42607712175234,216.99021041136623,366.411881977868,1.5599474964311677,206.5
17.65,13.9908,0.0395,13.9908,0.0395,0.1138,224.806204812996,273.6771189027777,662.7543652500854,217.48902154504069,170.13155745401886,219.24603004793212,370.7003740585683,1.5643643834118826,206.5
17.66,14.2582,0.0417,14.2582,0.0417,0.1153,226.40316986121,275.62125026582083,667.5998714890313,219.4991856749329,173.19280279512634,220.8705675229428,373.4273891614444,1.5635650886738577,206.5
17.67,14.4666,0.0432,14.4666,0.0432,0.1141,227.49152467770992,276.946203955473,671.3380352590118,220.91027388178176,175.2454501246482,222.01765280473785,375.2409280758932,1.561867995293374,206.5
17.68,14.5924,0.0445,14.5924,0.0445,0.1137,228.3995781941236,278.0516604102375,673.5949683993332,221.99258241333757,177.01868713066992,222.877393896453,376.76808394587744,1.562726210646158,206.5
17.69,14.6239,0.0445,14.6239,0.0445,0.1137,228.4485432511952,278.1112700449333,674.1869262786323,222.07943514948224,177.01887553366586,222.98165961384657,376.82800084277255,1.5615166240359597,206.5
17.7,14.6003,0.046,14.6003,0.046,0.1137,229.39948811329177,279.2689420509639,673.8094457914848,222.9222766931184,179.09022814192525,223.5791945917336,378.5051448852898,1.5696206190199171,206.5
17.71,14.6317,0.0475,14.6317,0.0475,0.1137,230.35953202077496,280.43769115572604,674.3994922162478,223.87990501932032,181.13244483111657,224.28002823274184,380.14773050101024,1.575239616950073,206.5
17.72,14.6475,0.0481,14.6475,0.0481,0.1147,230.7619682852381,280.92761356463774,674.7183779982638,224.27573810268564,181.948731815629,224.58395352637172,380.8259953245326,1.5773905214757804,206.5
17.73,14.5767,0.0482,14.5767,0.0482,0.1143,230.82255161684245,281.0013671857213,673.5088522306371,224.18324603057215,182.11536539483296,224.50120828103667,380.9695445239466,1.581036573055269,206.5
17.74,14.4666,0.0482,14.4666,0.0482,0.1147,230.8027767065192,280.97729338184945,671.6029834439004,223.9416238912314,182.15990518767708,224.29139106871915,381.0025189814779,1.5859543248097645,206.5
17.75,14.2621,0.0481,14.2621,0.0481,0.1145,230.6708690256017,280.8167101181237,668.0027389412817,223.4187761710209,182.1012605594484,223.82852275621133,380.913844408776,1.5946279214302548,206.5
17.76,13.9397,0.0476,13.9397,0.0476,0.1151,230.2251779192722,280.2741296408531,662.2420547896268,222.37781896840187,181.5374941175573,222.93427127164125,380.3865950645745,1.6069315561233406,206.5
17.77,13.633,0.0463,13.633,0.0463,0.1153,229.29347789195617,279.139886129338,656.6844260501485,220.89246747933697,179.85867556178323,221.74575609531277,379.0113189345314,1.6151405093167504,206.5
17.78,13.2083,0.0448,13.2083,0.0448,0.1151,228.1347617110792,277.7292751265312,648.8420806717946,218.96788447711785,177.91461548622323,220.169361851366,377.3574242842528,1.6282003581899167,206.5
17.79,12.819,0.0438,12.819,0.0438,0.115,227.2691087346344,276.67543672042456,641.5174134351206,217.3920247087964,176.63604077379333,218.84674169531883,376.2218592479424,1.642411526610284,206.5
17.8,12.7975,0.0431,12.7975,0.0431,0.115,226.8566743343474,276.1733426679012,641.1425916671727,216.9269360004776,175.6534499261657,218.53561119289955,375.4834392446783,1.6402083373358678,206.5
17.81,12.8075,0.0414,12.8075,0.0414,0.1151,225.83760843677177,274.93274070563524,641.3696232401946,215.9279329673279,173.22365521996738,217.8654128417716,373.5794752013885,1.6314543779932416,206.5
17.82,12.8175,0.0409,12.8175,0.0409,0.1153,225.5625041369677,274.59783112326505,641.5969474486441,215.6577709737348,172.5086183064583,217.7042347986421,373.0449610567025,1.6285992079862837,206.5
17.83,12.9094,0.0406,12.9094,0.0406,0.1153,225.47333257388368,274.4892744377714,643.3829270981141,215.7216121967177,172.06129324573286,217.8291664044071,372.7607135692991,1.6227490635848991,206.5
17.84,13.2476,0.0404,13.2476,0.0404,0.1155,225.61359186369668,274.66002487754383,649.7957793272448,216.47254720591135,171.70560108729782,218.586331962875,372.6456408278521,1.6056763923595578,206.5
17.85,13.5307,0.0404,13.5307,0.0404,0.1157,225.8262864563773,274.918957425155,655.0935985102891,217.1943942068372,171.65534669645035,219.28706746998157,372.7567981225384,1.5925850586222507,206.5
17.86,13.7745,0.0405,13.7745,0.0405,0.1157,226.06692232715216,275.21190544175045,659.6066925994828,217.87066605900444,171.75853138351724,219.9310541008965,372.9787401612793,1.582061488082286,206.5
17.87,14.097,0.0407,14.097,0.0407,0.1165,226.40236175245,275.62026648124345,665.4938737649303,218.7905257670057,171.99067313765386,220.78981182397857,373.334459469838,1.568730315530159,206.5
17.88,14.3604,0.0432,14.3604,0.0432,0.1159,228.1682132955224,277.769998794549,670.2439888168412,220.95013814292693,175.43956190211728,222.511839656702,376.3437049340562,1.5694233845218069,206.5
17.89,14.7497,0.0412,14.7497,0.0412,0.1161,226.93094770542203,276.26376242399203,677.154735902914,220.83652056369067,172.75693243430266,222.5280414500776,374.1586631937225,1.5420341453309854,206.5
17.9,15.1154,0.0392,15.1154,0.0392,0.1163,225.94310467667592,275.0611709107359,683.5482922853176,220.28857728684332,169.7766251033223,222.42834885866043,371.86599489633335,1.51839022718909,206.5
17.91,15.5244,0.0336,15.5244,0.0336,0.1167,222.20410221909063,270.5093418319364,690.584318321161,217.69874632570756,161.97301996740228,220.4807566160722,364.6116612129454,1.4736309650117103,206.5
17.92,15.544,0.0317,15.544,0.0317,0.1175,220.86682898563623,268.881357025992,690.9576425686196,216.52283800443095,159.3218007200082,219.4920267246261,361.9174634765023,1.4629932916830934,206.5
17.93,15.5008,0.0308,15.5008,0.0308,0.1181,220.22863680205924,268.1044274112025,690.2647211749795,215.8469803651502,158.05994045611098,218.91415562550077,360.6083529225475,1.45999939158046,206.5
17.94,15.3671,0.0314,15.3671,0.0314,0.1176,220.66943330950792,268.6410492463575,688.0240349351741,215.9466809485641,158.8907440521604,219.02558948546235,361.54175915570033,1.46858850302828,206.5
17.95,15.1901,0.0319,15.1901,0.0319,0.1176,221.0199386731729,269.0677514282105,685.0283934476327,215.8777955851463,159.5798873365211,218.98133483781407,362.3050599892301,1.4784232109266906,206.5
17.96,15.1908,0.0333,15.1908,0.0333,0.1177,222.06677051129176,270.34215540505085,685.0785502923127,216.8086542376238,161.56721519218303,219.7988762921453,364.3851793816448,1.485959996221394,206.5
17.97,15.1915,0.0361,15.1915,0.0361,0.1177,224.20502669932168,272.9452498948264,685.1283451688369,218.4984582447521,165.40271697335186,221.3124168598721,368.281751586653,1.501512450468182,206.5
17.98,15.194,0.0379,15.194,0.0379,0.1182,225.4139490807117,274.41698148956203,685.2108042545177,219.71686486865664,167.98150186343443,222.2476595098961,370.6713479210727,1.5101661758573477,206.5
17.99,15.2648,0.0395,15.2648,0.0395,0.1188,226.5131288231844,275.7551133499636,686.4666952885394,220.92331462274376,170.23972192574078,223.19556793320268,372.734486172168,1.5150737292865493,206.5
18.0,15.3042,0.0405,15.3042,0.0405,0.12,227.200283641489,276.5916496505084,687.1838635058016,221.66604256546412,171.64797363191772,223.7768094193738,374.0076202833512,1.5182955089830077,226.2
18.01,14.9365,0.0421,14.9365,0.0421,0.1224,227.9959020842394,277.5602286242915,680.8852811850903,221.98005715828933,174.07007181917044,223.7473408254332,375.8814025103717,1.540101514928196,226.2
18.02,14.8038,0.0435,14.8038,0.0435,0.118,229.03275278014587,278.822481645395,678.5938316034583,222.3545768873084,175.86911956793813,224.10214021173832,377.5114092977126,1.5536896014433004,226.2
18.03,14.6711,0.0446,14.6711,0.0446,0.1173,229.7028668782592,279.638272721359,676.3021145306716,222.7116179404931,177.4148629321237,224.3107326346557,378.7669089099458,1.5646440138689928,226.2
18.04,14.7379,0.0452,14.7379,0.0452,0.117,230.1404011888024,280.17092318636816,677.511028201954,223.2334761652456,178.227572380539,224.7412523025972,379.4914698309176,1.564719950618502,226.2
18.05,14.5964,0.0457,14.5964,0.0457,0.1169,230.42027891729177,280.5116438993117,675.0594101546932,223.20971851126947,178.9532557973238,224.66887976682975,380.0607431330614,1.5732390201243076,226.2
18.06,14.2464,0.0457,14.2464,0.0457,0.1171,230.28156880717523,280.34277941743073,668.877017965542,222.395989340731,179.0537260691243,223.91951267701063,380.0457402888656,1.5886660907671653,226.2
18.07,14.0891,0.0461,14.0891,0.0461,0.1173,230.47505656050853,280.5783297258365,666.0880243742222,222.26558829525615,179.65458385813557,223.75799119229583,380.4985660025658,1.5976598826451491,226.2
18.08,13.8925,0.0465,13.8925,0.0465,0.1177,230.6382919123077,280.7770510236789,662.5657495063888,222.03534843290012,180.2700865683474,223.5002220537856,380.939858464108,1.6085202609550318,226.2
18.09,13.7116,0.0469,13.7116,0.0469,0.1177,230.80145702564997,280.9756868138347,659.2983835989364,221.8371285806916,180.88449236305067,223.27175290446317,381.38063242293777,1.6187950135974776,226.2
18.1,13.5583,0.0472,13.5583,0.0472,0.1177,230.91477115757385,281.11363445269865,656.5135895559534,221.64404529134603,181.3551980557348,223.06282966772872,381.7185042958163,1.6274369370339827,226.2
18.11,13.4678,0.0473,13.4678,0.0473,0.1177,230.94715013228333,281.15305233495366,654.8748654271011,221.48870817077295,181.53063242916755,222.92118637654684,381.8579765397068,1.6322845834559003,226.2
18.12,13.4049,0.0473,13.4049,0.0473,0.1178,230.93789913457667,281.141790250789,653.7429607861293,221.3436128081732,181.559040479087,222.8051529168301,381.89808188749566,1.6353960409113315,226.2
18.13,13.3381,0.0473,13.3381,0.0473,0.1179,230.92502770112395,281.1261206796292,652.5347768364721,221.1879747857795,181.5889269071607,222.67908022413832,381.9372734985106,1.6387080054755814,226.2
18.14,13.3145,0.0473,13.3145,0.0473,0.1186,230.94261740006584,281.1475342261671,652.132481393852,221.14100467809203,181.60372440322848,222.6564304937092,381.985555072642,1.639969737752956,226.2
18.15,13.2162,0.0474,13.2162,0.0474,0.1188,230.96421685885215,281.1738292194722,650.328590991308,220.96200770956725,181.7832459993957,222.49204052043447,382.1227688010391,1.6452755517158046,226.2
18.16,13.0943,0.0474,13.0943,0.0474,0.1196,230.90669512805084,281.10380276458363,648.0731615103258,220.6636186638217,181.83353811410564,222.2293824115223,382.1498182114401,1.6512964898961555,226.2
18.17,13.0392,0.0474,13.0392,0.0474,0.1196,230.8984162836428,281.0937241713912,647.0672391557301,220.53423179819808,181.85997869063888,222.12847319900632,382.1911210545984,1.654120738752992,226.2
18.18,13.0176,0.0476,13.0176,0.0476,0.12,231.03325483174228,281.25787544733845,646.6950561520409,220.6059044322755,182.15141154894656,222.1870543182449,382.44892052399024,1.6562384090630384,226.2
18.19,13.0068,0.0482,13.0068,0.0482,0.1202,231.4092785526424,281.7156434553907,646.526381584213,220.93406611686407,182.9918619897446,222.4255965862322,383.1231587245505,1.659663554575789,226.2
18.2,13.0112,0.0496,13.0112,0.0496,0.1199,232.25408101818303,282.7440986308316,646.6438122870002,221.75187515921328,184.92392498093827,222.999734916628,384.606290302977,1.6659434599552694,226.2
18.21,13.0156,0.0507,13.0156,0.0507,0.1196,232.91645432598125,283.5504661359772,646.7612176013812,222.3916999276885,186.4333996332208,223.4510976618035,385.75915475146167,1.6707880657183325,226.2
18.22,13.1375,0.0507,13.1375,0.0507,0.1196,233.04984141123217,283.71285041367395,649.0995245984843,222.71612403756305,186.3872375067953,223.78540769356155,385.8393547171372,1.664988752389838,226.2
18.23,13.2633,0.0507,13.2633,0.0507,0.1194,233.18302779360272,283.8749903574294,651.4972233747421,223.0481728729748,186.34054138319965,224.12691169336,385.9201359189136,1.6590603345359598,226.2
18.24,13.3734,0.0507,13.3734,0.0507,0.1192,233.30118830142357,284.0188379321678,653.5889028311561,223.3383967437999,186.30135860350995,224.42808910094425,385.997296310344,1.6539386717866835,226.2
18.25,13.4246,0.0496,13.4246,0.0496,0.1198,232.74427486655543,283.3408563592849,654.5796900853716,222.8631326794885,184.7908715820492,224.1773209065495,384.9624318720767,1.6467579845706597,226.2
18.26,13.397,0.0496,13.397,0.0496,0.1188,232.7585834257009,283.3582754747663,654.09794529666,222.8051882506803,184.8078379484047,224.14502573395436,385.0099247864612,1.6482228651275557,226.2
18.27,13.2869,0.0488,13.2869,0.0488,0.1184,232.24923606414615,282.7382004259171,652.0767489084906,222.0862570424293,183.7619535564092,223.6109117299461,384.2266814966799,1.6500267924937837,226.2
18.28,13.106,0.0477,13.106,0.0477,0.1185,231.5047675867184,281.8318909751354,648.7125950110926,221.00869198612605,182.3205346232897,222.78191524804228,383.1037475617771,1.6538778364330642,226.2
18.29,12.9055,0.0478,12.9055,0.0478,0.1185,231.43857724478835,281.751311428438,644.9452979151198,220.55961044422276,182.53852229599443,222.36033763850543,383.2173675487479,1.6642920092717368,226.2
18.3,12.6853,0.0477,12.6853,0.0477,0.1185,231.229686886821,281.49701012308645,640.7617181451991,219.93691987741403,182.4889788186804,221.80511563005416,383.1172404576878,1.67493671175928,226.2
18.31,12.3432,0.0477,12.3432,0.0477,0.1188,230.95469846553976,281.16224161022234,634.1528485823941,219.03545799558293,182.6293351339548,220.96719693124464,383.0926866555057,1.6925098584213938,226.2
18.32,12.1898,0.0478,12.1898,0.0478,0.1192,230.8986233182785,281.09397621355646,631.1721208801301,218.68786077500897,182.83756648754616,220.64146195299347,383.214470819886,1.70110012039616,226.2
18.33,12.0286,0.048,12.0286,0.048,0.1194,230.8853463429715,281.0778129392697,628.0115463769978,218.3712558903626,183.19126320295587,220.3286548124533,383.4377005158205,1.7106799775376718,226.2
18.34,11.8831,0.0483,11.8831,0.0483,0.1208,230.93808882747692,281.14202118127633,625.1439143141786,218.15074693748056,183.6807780077908,220.090011567304,383.7667934321735,1.7199883296036949,226.2
18.35,11.777,0.0496,11.777,0.0496,0.121,231.58708438493616,281.9321027294875,623.0445770113657,218.60129094885988,185.5540059216019,220.32441335929897,385.1216692359767,1.7318593428910756,226.2
18.36,11.7573,0.051,11.7573,0.051,0.1218,232.37142591991764,282.8869532938128,622.683882738687,219.33924756594973,187.5155692337018,220.81422432359125,386.56625663668456,1.7394110574023105,226.2
18.37,11.7337,0.0525,11.7337,0.0525,0.1238,233.19083057029087,283.88448938991934,622.2487447656079,220.11038619663208,189.60351685263535,221.31560021909527,388.0734220324276,1.747499633043745,226.2
18.38,11.7309,0.0544,11.7309,0.0544,0.1254,234.2287537682996,285.1480480657561,622.2321313696508,221.1425990332655,192.21051028367836,221.9955631047884,389.9240991937925,1.756060519881994,226.2
18.39,11.7296,0.0528,11.7296,0.0528,0.1268,233.41593520903743,284.1585298196978,622.2450134667613,220.2846781339816,190.0266669126632,221.47613725685784,388.4669166708745,1.7493161390056404,226.2
18.4,11.7297,0.0513,11.7297,0.0513,0.1254,232.6413200087324,283.2155200106307,622.2748629545357,219.47093735468377,187.9633693814036,220.98064323155955,387.0674445092792,1.7428344460337724,226.2
18.41,11.7298,0.0489,11.7298,0.0489,0.1262,231.34918849028216,281.6424903359957,622.3135939048633,218.13864229781248,184.62632062878205,220.13710912708493,384.7169013200072,1.7320786897548468,226.2
18.42,11.8595,0.0525,11.8595,0.0525,0.124,233.5065566073864,284.2688515220356,624.9524038421547,220.5150948012468,189.55884957085408,221.8232785189619,388.3710340731723,1.7414000185459098,226.2
18.43,11.9264,0.0562,11.9264,0.0562,0.1236,235.5646011194434,286.7742970149746,626.3260114498053,222.69807063976367,194.5552805097351,223.29517035370597,391.8948493317048,1.7538422806101572,226.2
18.44,12.0837,0.064,12.0837,0.064,0.1232,239.63437841935047,291.72880851051366,629.494591489884,227.1160019838396,204.75620581386525,226.1773369342948,398.6657657226532,1.776875712515558,226.2
18.45,12.2016,0.0663,12.2016,0.0663,0.1238,240.88934375162063,293.2565923932773,631.8653138120811,228.57235030047755,207.6373661093828,227.1927423168043,400.5835214565084,1.7794585095883488,226.2
18.46,12.2803,0.069,12.2803,0.069,0.123,242.25399545879216,294.9179075150513,633.446761463083,230.0863016608343,211.01789481611365,228.19220337636804,402.7419818887414,1.785424570460041,226.2
18.47,12.2095,0.0713,12.2095,0.0713,0.1222,243.224200398922,296.09902657260074,632.0827222521408,230.97491059595592,213.9710883655657,228.658076338191,404.5005189685569,1.7976317412221747,226.2
18.48,12.1977,0.0754,12.1977,0.0754,0.1227,245.0094884600612,298.2724207339876,631.8855957728238,232.81885749389525,219.07850262171223,229.7242360703297,407.5041958625272,1.8127225153440625,226.2
18.49,12.0915,0.0792,12.0915,0.0792,0.1232,246.47126297126383,300.05197231284296,629.8182814836804,234.2086753661778,223.82353641853317,230.4080351080117,410.1468881828895,1.8313529100461856,226.2
18.5,12.0915,0.0842,12.0915,0.0842,0.1252,248.48860539799577,302.50786744103834,629.8599384445926,236.3542985675447,229.84354364917127,231.6165631594967,413.48059059234566,1.8476329193919423,216.2
18.51,12.0177,0.0873,12.0177,0.0873,0.1294,249.59829721660992,303.8587966115252,628.4420369997335,237.44119777730177,233.59180138260004,232.14282505261545,415.4665934631216,1.8614085804776388,216.2
18.52,11.9815,0.0922,11.9815,0.0922,0.1232,251.3785313756285,306.02603819641735,627.7285906914544,239.3181970141755,239.3614748014354,233.1311436748946,418.4744300117381,1.878364485128178,216.2
18.53,11.9893,0.0938,11.9893,0.0938,0.1203,251.9988870532455,306.7812538039511,627.9063203999833,239.9783817870734,241.2034036637312,233.5212121551612,419.470747351486,1.8828192852756456,216.2
18.54,11.9972,0.0939,11.9972,0.0939,0.1191,252.0834205142204,306.88416410426834,628.0927778606662,240.04789094006145,241.30924307091436,233.59905281400708,419.58817022899706,1.8828537915852384,216.2
18.55,12.1348,0.0935,12.1348,0.0935,0.1179,252.19510471831825,307.0201274831701,630.8584463653373,240.29339282772605,240.70317720346333,233.93515577431185,419.4479889073425,1.874383845889282,216.2
18.56,12.2881,0.093,12.2881,0.093,0.1177,252.28760170412383,307.13273250936817,633.9182404015396,240.54001925168475,239.96836447240491,234.2892629060003,419.2518162136122,1.864855161280652,216.2
18.57,12.4533,0.0921,12.4533,0.0921,0.1175,252.24237855900373,307.0776782457437,637.1873692433919,240.6554211038288,238.76321160602896,234.5859742781845,418.8205896690184,1.853622828657956,216.2
18.58,12.6145,0.0915,12.6145,0.0915,0.1171,252.28909804421752,307.1345541407866,640.3522760155557,240.87187044851,237.91168324196565,234.92853313811992,418.5617137573696,1.8435897821944116,216.2
18.59,12.9094,0.091,12.9094,0.091,0.1173,252.5421450284757,307.44261133901387,646.0547740099465,241.48582375081435,237.0528865045353,235.6396674922394,418.3921493053349,1.827134646877841,216.2
18.6,13.4678,0.091,13.4678,0.091,0.1155,253.27793119362545,308.33835101832665,656.5998307121708,242.9765852980922,236.5435055142574,237.1163908074644,418.580224491145,1.7996089232041903,216.2
18.61,13.5819,0.0907,13.5819,0.0907,0.1151,253.3338714983859,308.4064522589045,658.7492174885637,243.16128229286392,236.09856843982172,237.37503166386665,418.48359999227085,1.793364226953681,216.2
18.62,13.7352,0.0903,13.7352,0.0903,0.1148,253.3912951349488,308.4763592947202,661.6089875280583,243.4036955855778,235.5063548551263,237.70728657788464,418.33480609625246,1.7849986261279438,216.2
18.63,13.8492,0.0874,13.8492,0.0874,0.1146,252.4199449983483,307.2938460849458,663.7323549000179,242.515056757484,232.06260708574555,237.3818994067323,416.6454434518367,1.7710286467927918,216.2
18.64,14.0065,0.085,14.0065,0.085,0.1146,251.65683415480092,306.3648415797577,666.6327859449136,241.91961069898977,229.1437644532675,237.2548080747617,415.2310960239164,1.7564313197794124,216.2
18.65,14.1088,0.0834,14.1088,0.0834,0.1147,251.1391254919192,305.7345875553799,668.5213646222109,241.5078006597916,227.1930835453647,237.16461502899108,414.2851001691105,1.7468353835673534,216.2
18.66,14.1127,0.0812,14.1127,0.0812,0.1148,250.2624749337409,304.66736078890204,668.6276793895883,240.58337678454168,224.60129467910104,236.68365375094493,412.90467377351496,1.7398146343570318,216.2
18.67,14.0026,0.0785,14.0026,0.0785,0.1157,249.04696928443985,303.1876147810572,666.6721135553883,239.14097570401708,221.47543942249865,235.78934457581036,411.1253606642744,1.736285868595302,216.2
18.68,13.8925,0.0763,13.8925,0.0763,0.1175,248.0257249393129,301.9443607956853,664.7099367524155,237.8995913629201,218.9160086750049,235.0014318616336,409.6404824302872,1.734244779338193,216.2
18.69,13.6959,0.0736,13.6959,0.0736,0.1165,246.68179798037903,300.30827580220057,661.1382287065607,236.19339155893852,215.78107199374537,233.85416563245963,407.7385693776651,1.7344850965218288,216.2
18.7,13.3931,0.0716,13.3931,0.0716,0.1163,245.52433189760632,298.8991866579555,655.5595190656061,234.510178973268,213.5383739559324,232.604681105146,406.2686350338883,1.7421998581649447,216.2
18.71,13.0628,0.0706,13.0628,0.0706,0.1163,244.7687700245511,297.97937220380135,649.3811229315994,233.19498394934044,212.5312731167405,231.5337736080239,405.5063909257328,1.755042026683797,216.2
18.72,12.7089,0.0694,12.7089,0.0694,0.1163,243.8726442604284,296.88843649095634,642.6495804662354,231.7008669565246,211.28428397441505,230.326140537789,404.5761377479191,1.7687496171937562,216.2
18.73,12.3589,0.067,12.3589,0.067,0.1163,242.40200844553843,295.0980972380468,635.8765678991484,229.62011823666845,208.50413934058804,228.7666052460448,402.7005178549328,1.7782696595340806,216.2
18.74,12.0522,0.063,12.0522,0.063,0.1171,240.1865602941893,292.4010299233609,629.8497288102802,226.83420219764852,203.580027080972,226.81229091219416,399.4704171395746,1.7795456397323948,216.2
18.75,11.8045,0.0571,11.8045,0.0571,0.1175,237.00870090662107,288.5323315384952,624.917376552917,223.1536257224334,195.9650635526047,224.3302433837227,394.3891181483463,1.7694255119372992,216.2
18.76,11.5017,0.0516,11.5017,0.0516,0.1174,233.79043745778927,284.614445600787,618.7893504292608,219.35480171515076,188.6582608236583,221.6543247007633,389.2080038326198,1.7626608387158529,216.2
18.77,11.2776,0.0444,11.2776,0.0444,0.1174,229.4843133711796,279.3722075823056,614.1976294686787,214.6094874552757,178.60447303184628,218.31967703823,381.673850228893,1.7417186403276472,216.2
18.78,11.0692,0.0417,11.0692,0.0417,0.1175,227.6421995076061,277.1296341831727,609.8786801840673,212.37799063910973,174.75079887275916,216.6353009373717,378.5723460417642,1.7402406103883654,216.2
18.79,10.8922,0.039,10.8922,0.039,0.1177,225.77632508659025,274.8581348880229,606.1755558088784,210.1806605482872,170.80054971309443,214.96733759850724,375.2980303835749,1.7365348416927733,216.2
18.8,10.8933,0.0372,10.8933,0.0372,0.1176,224.65275903122964,273.49031534236656,606.2303969789298,209.04900976686565,168.0961129593035,214.16067744275136,373.0501796702628,1.726862542568549,216.2
18.81,10.8944,0.0351,10.8944,0.0351,0.1176,223.2951410348303,271.83756299892383,606.2856481204171,207.69541480550325,164.9034881855267,213.1648910160316,370.2928705043672,1.7152243006769785,216.2
18.82,10.9065,0.0336,10.9065,0.0336,0.1177,222.3193826422766,270.6496832166846,606.5745763984092,206.74474649059388,162.59948436224602,212.45890326442603,368.24893294709807,1.70606423135946,216.2
18.83,10.9315,0.0321,10.9315,0.0321,0.1179,221.33331560107783,269.4492537752252,607.1369650816598,205.81564635928368,160.2763790077045,211.7561415381124,366.1244824735029,1.6959645223902402,216.2
18.84,10.9315,0.0319,10.9315,0.0319,0.1184,221.22366352311076,269.3157642890044,607.1709952561202,205.68891410336497,159.97022134675962,211.67756195563916,365.8762689902966,1.6949142064493294,216.2
18.85,11.25,0.0318,11.25,0.0318,0.1194,221.5328820085255,269.69220418429194,613.8909318495506,206.59847365500943,159.82478203627593,212.530759277154,365.8538102009613,1.6764383298583907,216.2
18.86,11.541,0.0319,11.541,0.0319,0.1202,221.93084420202743,270.1766798981204,619.9321884890402,207.54317008388577,159.99397397734572,213.4008252594164,366.12146614184826,1.6611725868912717,216.2
18.87,11.8713,0.032,11.8713,0.032,0.1212,222.3433716245694,270.678887195128,626.6737741826323,208.58481033119585,160.1676915059282,214.35697112118143,366.3960901382568,1.644249706073739,216.2
18.88,12.2724,0.0329,12.2724,0.0329,0.122,223.35947260113383,271.9158796883369,634.6994692742538,210.34215143184625,161.55369206886326,215.9133441772878,367.85935406222006,1.6287988858402869,216.2
18.89,12.7168,0.0316,12.7168,0.0316,0.1236,222.79460165509929,271.22821071055563,643.4055901872767,210.71422996079835,159.64372960219035,216.3290007801408,366.0818163095328,1.599365775976056,216.2
18.9,13.1257,0.0303,13.1257,0.0303,0.1242,222.1433322551952,270.43536100632457,651.25267626127,210.95672384357468,157.76874065825692,216.59258220742947,364.2220545601222,1.572458339566348,216.2
18.91,13.4835,0.0266,13.4835,0.0266,0.1248,219.36310292591543,267.0507339967666,658.0020474502529,209.5830354873323,152.5286317485427,215.12695196923244,358.2266275457372,1.532848904300499,216.2
18.92,13.8414,0.0266,13.8414,0.0266,0.1254,219.70309958425148,267.46464297213225,664.6448501790932,210.42932387772063,152.56481343262544,215.9717743739184,358.3440078817889,1.518047251316192,216.2
18.93,14.1324,0.0268,14.1324,0.0268,0.1251,220.1154093369217,267.96658527973074,669.9728373339279,211.2552648513888,152.89980593108749,216.78637044319532,358.7963214334828,1.50744385916477,216.2
18.94,14.2621,0.027,14.2621,0.027,0.1252,220.39177560680477,268.30303117350144,672.3463856288752,211.7082737503748,153.21846655724107,217.23763649913676,359.2155562821386,1.5034598552814251,216.2
18.95,14.3762,0.0273,14.3762,0.0273,0.1254,220.72582359812887,268.7096982933743,674.4284505196387,212.19605621506847,153.6819976474154,217.71855114775693,359.8011914399996,1.5006698087558157,216.2
18.96,14.4351,0.0301,14.4351,0.0301,0.1256,222.79517800535845,271.2289123543494,675.5168076353873,214.34837160479847,157.8279548807295,219.6515890418241,364.4569232921187,1.5133152837942074,216.2
18.97,14.5177,0.0301,14.5177,0.0301,0.1254,222.88598345245268,271.3394581160294,677.0228675729562,214.5428352201913,157.83384439734488,219.86436502494607,364.5209373749573,1.5101547067437155,216.2
18.98,14.5649,0.0344,14.5649,0.0344,0.1257,225.90049048336476,275.00929276235706,677.8978448917211,217.65732323232865,164.1367352994058,222.4512244635372,370.9622945182604,1.5303029960086336,216.2
18.99,14.616,0.0374,14.616,0.0374,0.126,228.24856437947383,277.8678175054464,678.840294140849,219.4938988620079,168.20064146514363,224.14621783729828,375.0762894099655,1.5452975679178718,216.2
19.0,14.6278,0.0402,14.6278,0.0402,0.128,230.1747843623077,280.21278096280935,679.0917109569318,221.26052553262244,172.1099142045101,225.5526139096048,378.6658395697599,1.558928572268052,196.4
19.01,14.0911,0.0435,14.0911,0.0435,0.13,232.0860914329737,282.5395895705767,669.5227820635673,221.93437814126165,176.74349763670628,225.84866355117703,382.5146092063008,1.5986243741767394,196.4
19.02,13.5543,0.0479,13.5543,0.0479,0.1258,234.48232536827945,285.45674392660106,659.6997327061559,223.1373698189108,182.9041379245642,226.42547872071208,387.27637302376456,1.6440325789767976,196.4
19.03,13.8453,0.0511,13.8453,0.0511,0.125,236.5784218859909,288.0085136003368,665.0963872213371,225.67251056507632,187.13827413760717,228.3748537354868,390.6592602958299,1.6448687074704986,196.4
19.04,13.3027,0.054,13.3027,0.054,0.1249,237.8375346462421,289.5413465258599,655.0683555398898,225.87040405743332,191.2095658887273,228.1398997108315,393.4085873788101,1.683194670617616,196.4
19.05,12.4769,0.0561,12.4769,0.0561,0.1248,238.24048090778925,290.0318898007869,639.289048125889,224.7893878762773,194.37795301327264,226.79418179310943,395.2296764684431,1.7335697394245335,196.4
19.06,11.6433,0.0577,11.6433,0.0577,0.1257,238.14157470288407,289.9114822469893,622.6936079450793,223.2770611266464,196.9580292809672,225.1046867731021,396.52691110525967,1.7852107064469174,196.4
19.07,10.9197,0.0629,10.9197,0.0629,0.1266,239.66851341040456,291.7703641517969,607.6853921009099,223.73090602866637,204.30555288168935,224.6702978510927,400.86286297198905,1.848166307879652,196.4
19.08,10.1018,0.0658,10.1018,0.0658,0.1284,239.5950627193006,291.6809459191486,589.9594248501672,222.5265731981922,208.74385608857307,223.03076880299048,403.03986079103896,1.9105862220401533,196.4
19.09,9.4373,0.0718,9.4373,0.0718,0.1328,240.75909097381512,293.0980237942097,574.9118131667922,223.03323978445655,217.12083358631395,222.49398652848384,407.4869515978702,1.9778416262990235,196.4
19.1,8.6745,0.0801,8.6745,0.0801,0.1464,242.19893683104175,294.8508796203987,556.844680734877,223.52492922578017,228.05139378132708,221.8471219508908,413.1202023939164,2.064182989669669,196.4
19.11,8.0689,0.085,8.0689,0.085,0.1583,242.124757693395,294.7605745832635,541.8023779510509,223.0891988891954,234.85239159206748,220.66391992664865,416.1535422444755,2.128538371990639,196.4
19.12,6.8342,0.0849,6.8342,0.0849,0.1747,237.6445161479145,289.3063674844176,508.753438761583,217.55537207478133,236.57960330485488,215.45958581734533,415.6338208772344,2.239612929073332,196.4
19.13,6.382,0.0847,6.382,0.0847,0.1938,235.67764562301463,286.91191641062653,495.8281198280838,215.25618606421003,237.09427729095864,213.3352823238569,415.350910174001,2.2849755108250465,196.4
19.14,6.0202,0.0828,6.0202,0.0828,0.2106,233.44723216357397,284.19663046000306,485.0914801988278,212.64350190634727,235.3529293183235,211.1826186770072,414.003611036247,2.3180761562941075,196.4
19.15,5.6938,0.0787,5.6938,0.0787,0.2415,230.61472517427487,280.748361081726,475.1635173106466,209.27113551015145,230.70294483823167,208.64335813896167,411.16406194944966,2.3414844193783426,196.4
19.16,5.3635,0.0701,5.3635,0.0701,0.2614,226.15957871804324,275.3247045263135,464.685386216236,203.84961816155223,219.91068147208475,204.90800350763072,404.8993482971801,2.350586476320093,196.4
19.17,5.1119,0.064,5.1119,0.064,0.281,222.7405769860004,271.1624415481744,456.47326700665343,199.6964775987565,211.91738750061336,201.9926498583009,400.0461138985879,2.358830195341513,196.4
19.18,4.8995,0.0586,4.8995,0.0586,0.2879,219.61773292659404,267.36071834541883,449.2847404472511,195.8980810691293,204.53145525004115,199.32744063680175,395.4160241701041,2.364742140779644,196.4
19.19,4.6715,0.052,4.6715,0.052,0.2879,215.7597836736455,262.6640844722641,441.298508129379,191.198612504552,195.02279154393435,196.03908119146288,389.2352246029583,2.36684755537514,196.4
19.2,4.3726,0.0403,4.3726,0.0403,0.2888,208.8643093201814,254.26959395500347,430.4571030393167,182.78120216257835,176.5921276238633,190.14390442121535,376.41428481748966,2.34933830994342,196.4
19.21,4.0462,0.0368,4.0462,0.0368,0.2896,205.13012904487888,249.72363535898305,418.0831078488569,178.38044393331754,170.93558041987654,186.6459699838857,371.8301017939314,2.380738231581743,196.4
19.22,3.7199,0.0367,3.7199,0.0367,0.2946,202.882302112755,246.98715039813652,405.12123474802775,175.9064714051105,171.1917672298772,184.3847713525918,371.5163070546657,2.437625716274268,196.4
19.23,3.3896,0.0367,3.3896,0.0367,0.3051,200.41746568757785,243.98647996748608,391.3217680699696,173.27379090024013,171.69194120605542,181.9586576593068,371.3096200078883,2.5015302221252997,196.4
19.24,3.1261,0.0385,3.1261,0.0385,0.322,199.08387222390687,242.36297488127792,379.7988943527943,172.11202838886553,175.40478074605488,180.59282228034607,373.45351684649154,2.5688473425861043,196.4
19.25,2.8784,0.0403,2.8784,0.0403,0.3456,197.63287237635944,240.59654028426365,368.497442045618,170.88974757731083,179.14036400911513,179.16272152971862,375.49841274170063,2.6370851826616226,196.4
19.26,2.9265,0.0399,2.9265,0.0399,0.3773,198.0180889466116,241.0654995871793,371.1017450311745,171.18027240253494,178.2934894984215,179.4680764589721,375.1070706176972,2.6216718063990307,196.4
19.27,2.9747,0.0415,2.9747,0.0415,0.4227,199.2618868321453,242.57968831739427,373.8100882762864,172.64111134186743,180.98326477474785,180.5047972962955,377.12433838670006,2.6180272426171194,196.4
19.28,3.1733,0.0415,3.1733,0.0415,0.4876,201.2122920059586,244.9540946159496,383.502135383828,174.57349953508665,180.51227769072648,182.2187957853393,377.35427014558434,2.5704135849519827,196.4
19.29,3.6019,0.0452,3.6019,0.0452,0.5771,206.4565174103208,251.3383690212601,402.73473028256194,180.38207158014063,185.8962557852908,186.92062744380053,381.9751760645044,2.50123848162019,196.4
19.3,5.0765,0.0511,5.0765,0.0511,0.6768,218.3955649152189,265.8728616359187,458.2524051645552,193.70253098667317,192.8464995154876,198.4280031097703,389.154133783618,2.297896929457833,196.4
19.31,6.8696,0.0616,6.8696,0.0616,0.4471,230.3380841407441,280.4115806930797,511.7869006013431,208.0267330341225,205.85477731906292,210.5322457029144,399.669913018228,2.149181906286143,196.4
19.32,8.3127,0.0711,8.3127,0.0711,0.1585,238.5729995813072,290.43669514246096,548.5686582036878,218.3377375609376,216.9777165713236,219.01600015734957,407.8201659086026,2.064526280208697,196.4
19.33,9.3626,0.083,9.3626,0.083,0.0887,245.7834935550617,299.21468780616215,573.6774822336109,227.34057008155503,230.72142353571184,225.71210533857956,416.5286707230152,2.0274805394252624,196.4
19.34,10.1726,0.0924,10.1726,0.0924,0.0682,250.9964158648861,305.56085409638314,592.05745545071,233.9115254168205,240.9758186057081,230.50146955959428,422.6935249065678,2.001783029230971,196.4
19.35,10.7742,0.1026,10.7742,0.1026,0.0679,255.7061657857835,311.29446269573646,605.2082272935959,239.7367993115259,251.90045490737052,234.4789216729121,428.7250372976857,1.992722325738805,196.4
19.36,11.1164,0.1173,11.1164,0.1173,0.0677,260.95268443120744,317.68152887277427,612.5016185651718,245.9504984983446,267.4889143165417,238.2034712372724,436.4109973925011,2.0100858512512265,196.4
19.37,11.3602,0.1239,11.3602,0.1239,0.0721,263.39805514351946,320.6585019138498,617.642367962441,248.90790292403463,274.129145048572,240.0713622062919,439.6556670869047,2.0115712250943223,196.4
19.38,11.6551,0.1267,11.6551,0.1267,0.0764,264.8380794745278,322.41157501246863,623.760464755304,250.75783541383717,276.6689182077356,241.4409523300284,441.0760110206971,2.001118850919621,196.4
19.39,11.9264,0.1222,11.9264,0.1222,0.0802,263.9699121139155,321.3546756169406,629.3077894448033,250.47437511842315,272.1371947448622,241.5509297479173,439.1393626459191,1.9739865419909297,196.4
19.4,12.2488,0.1177,12.2488,0.1177,0.0814,263.2850399112946,320.5209181528804,635.7813888913004,249.96536984457504,267.028163950894,241.7612099945556,437.1459160909269,1.9456393122256077,196.4
19.41,12.2921,0.1046,12.2921,0.1046,0.083,259.2662627486227,315.62849378093193,636.6766693004959,245.52414936758788,252.8618836703786,239.56104995958972,430.5588970268756,1.9100264154959303,196.4
19.42,11.773,0.1048,11.773,0.1048,0.0865,258.46948140511523,314.65849910187944,626.3289997772761,244.04894067524395,253.6179871637146,238.14904424736167,430.58444930717,1.939264223896362,196.4
19.43,11.4427,0.1049,11.4427,0.1049,0.0883,257.9209204762954,313.9906857972292,619.6063999363157,243.06991027931707,254.0816407670328,237.2278827544218,430.6032450968722,1.9585455423606069,196.4
19.44,10.849,0.1058,10.849,0.1058,0.0913,257.21887442671976,313.13602104122407,607.1865519087869,241.18196306143815,255.2953776161037,235.61547548691223,430.967906348629,1.9980245888147723,196.4
19.45,10.1176,0.1089,10.1176,0.1089,0.0913,256.522398931654,312.2881378298396,591.2690463119676,239.75448809129543,259.5504837292558,233.85246290418357,432.4218331652481,2.052981769136359,196.4
19.46,8.8199,0.1121,8.8199,0.1121,0.0931,253.85211683529224,309.0373596255732,561.1584161594992,235.94099262254184,264.788335819217,229.8600857845264,433.6686755509636,2.153445141101379,196.4
19.47,7.9273,0.1113,7.9273,0.1113,0.0941,250.6242258906745,305.1077532582124,538.8276048515224,231.9190462166924,265.27659319769845,226.25318340859712,432.9794053890067,2.223463026260202,196.4
19.48,6.8853,0.1229,6.8853,0.1229,0.0949,249.18180216533648,303.3517591578009,510.6882736458736,230.6348137063009,279.832411157346,223.5719171997547,438.1957230759401,2.347939219272755,196.4
19.49,6.0635,0.1254,6.0635,0.1254,0.0967,245.5725367885856,298.9578708730608,486.590209674893,226.9498513275792,284.315233251471,219.91577171595813,438.9883383899654,2.4408161644009496,196.4
19.5,5.4225,0.1266,5.4225,0.1266,0.0991,242.02606365428497,294.64042531826,466.36537079431855,223.43970210699948,287.21184084203145,216.60784381962415,439.2259294984582,2.520615475842652,253.0
19.51,5.1276,0.1266,5.1276,0.1266,0.1296,240.14430186901717,292.3495848840209,456.7752215393927,221.55818060749388,287.99222056350084,214.9012677358055,439.1011665965993,2.558677615596007,253.0
19.52,4.9959,0.1264,4.9959,0.1264,0.1141,239.2002561887327,291.2003118819355,452.19667750470313,220.5865016384117,288.1420571795024,214.0999650246125,438.9833106300492,2.5768858388938582,253.0
19.53,4.9713,0.1262,4.9713,0.1262,0.1248,239.0357804038393,291.00008049163046,451.4454456393688,220.37000318102497,287.96495844782334,213.9501764895218,438.9337919237774,2.579770448062312,253.0
19.54,4.9467,0.1199,4.9467,0.1199,0.1326,237.63489704327316,289.29465727007164,450.6718939133135,218.3959480303699,281.08539331517085,212.92089605544288,436.0618550363218,2.568155065209905,253.0
19.55,4.99,0.1133,4.99,0.1133,0.1557,236.60409870911965,288.03977234153695,452.3487265225264,216.7461376577148,273.52790554022243,212.2189609572095,432.94798074315855,2.545171981917353,253.0
19.56,4.7742,0.1066,4.7742,0.1066,0.1819,233.688193184043,284.4899743110089,445.02897818141736,213.22725102884343,266.400373278856,209.83788441108152,429.4458158292922,2.557642443531163,253.0
19.57,4.7752,0.0987,4.7752,0.0987,0.1964,231.9100067578336,282.3252256182322,445.1892920159424,210.6899907814624,257.0516042872378,208.5370288989046,425.2242283752099,2.5352444819247757,253.0
19.58,4.7763,0.089,4.7763,0.089,0.21,229.5308053893355,279.42880656093024,445.3467158641801,207.3701954878316,245.1870554189239,206.7903701800701,419.59890292046686,2.5057044824656325,253.0
19.59,4.8405,0.0782,4.8405,0.0782,0.2453,227.0271711655705,276.38090402765107,447.8739647688605,203.8136169647646,231.24480703530236,205.00466747883297,412.6953098375265,2.459888630292071,253.0
19.6,5.3085,0.0717,5.3085,0.0717,0.2473,227.8201996848777,277.3463300511555,463.8253700976753,204.1268587473032,221.71195358388684,206.28566197574943,408.39726329462405,2.373221866539739,253.0
19.61,5.8197,0.0665,5.8197,0.0665,0.2399,228.686906076974,278.4014508763162,480.2338922983903,204.81141087978597,213.8360255047809,207.7621719109189,404.7470246874527,2.2909875116560827,253.0
19.62,6.2915,0.0605,6.2915,0.0605,0.2178,228.52984129004977,278.2102415704954,494.5262318285017,204.5311964195631,204.9003697830537,208.49442507828775,400.0843679170357,2.214366708348609,253.0
19.63,6.6572,0.0585,6.6572,0.0585,0.1783,229.16509224432875,278.98359055831327,505.0404309234522,205.34586820070516,201.669299931953,209.641662088166,398.5577070686993,2.168736496690606,253.0
19.64,6.9836,0.0579,6.9836,0.0579,0.1454,230.10892479301052,280.13260409583893,514.1526227029183,206.56826859832145,200.48142816674456,210.94095287803296,398.2162251944346,2.13478302669942,253.0
19.65,7.2589,0.0573,7.2589,0.0573,0.1326,230.8080758747205,280.983744543138,521.7277056890612,207.5179817021384,199.3654026677173,211.96533605458373,397.84236381202953,2.1066452292016016,253.0
19.66,7.5498,0.0569,7.5498,0.0569,0.1306,231.5876746474564,281.93282130994686,529.605437379468,208.6018885556153,198.5326599692497,213.07429601742595,397.6469917083505,2.078798964881183,253.0
19.67,7.9509,0.0565,7.9509,0.0565,0.1301,232.61839715973025,283.18761393358466,540.1707259525382,210.1031247009715,197.62675715688425,214.57316252709575,397.4858173390525,2.042657174516878,253.0
19.68,8.4307,0.048,8.4307,0.048,0.13,229.7511990679811,279.6971119088466,552.3859067593966,207.55039817899385,185.16339563658556,213.51293248494852,389.36853756037567,1.9645959117285663,253.0
19.69,9.0008,0.0325,9.0008,0.0325,0.1312,221.5719448673001,269.73975896888703,566.3592635382415,200.41841597516623,161.41734072996456,208.69927056234755,370.3483710212322,1.8352903594542065,253.0
19.7,9.6457,0.0218,9.6457,0.0218,0.1324,214.58479147905732,261.2336591918959,581.5215562631995,194.89757906914892,143.72556166917644,203.94608969633904,351.83830886025333,1.7196176246977593,253.0
19.71,9.3469,0.0168,9.3469,0.0168,0.131,209.8202070384348,255.43329552505108,574.6146969730137,189.7477629507478,134.87969511638386,198.70898674646,340.08589356429445,1.7006600423476508,253.0
19.72,8.4896,0.0157,8.4896,0.0157,0.1294,207.3323597086072,252.404611819174,553.9607892690848,185.4453135920105,132.14041753517762,194.9042800325157,336.90846585531625,1.7496739876367775,253.0
19.73,7.2746,0.0134,7.2746,0.0134,0.0501,202.43374193263097,246.44107713537684,521.915710792379,177.99320012794934,126.4804162030254,188.15396036075308,329.7068113485526,1.8235057062411384,253.0
19.74,6.0438,0.0129,6.0438,0.0129,0.0501,198.55614217531112,241.7205209090744,486.3153641567386,171.155468697528,123.85331057306024,182.64674138943,327.6732139529782,1.934103552786771,253.0
19.75,5.1079,0.0127,5.1079,0.0127,0.0012,194.8341793623512,237.1894357454711,455.78589546594105,165.51024556295613,122.28370424767812,178.068905476316,326.64326583163944,2.038863042110863,253.0
19.76,4.3569,0.0098,4.3569,0.0098,-0.0017,188.24669773873995,229.1698928993356,428.9228200191137,157.30387910933516,114.21146853402718,170.35697898734358,315.4882254721849,2.103368990512224,253.0
19.77,3.5665,0.0096,3.5665,0.0096,-0.0013,183.4547869753777,223.33626240480768,397.3675961471986,150.98161945012632,112.34578188691404,165.25669779104317,314.21817040514753,2.2297629453701773,253.0
19.78,2.9767,0.0095,2.9767,0.0095,-0.001,179.11551703634768,218.05367291381455,370.87315902353777,145.5642743620996,111.07557237093653,160.8931816184237,313.41134577624683,2.3487206590356875,253.0
19.79,2.5009,0.0093,2.5009,0.0093,0.0004,174.77572840975415,212.770451977092,347.0320530102516,140.34827706330637,109.6930079073684,156.65335827318216,312.1829911667521,2.465262354505851,253.0
19.8,2.0447,0.0089,2.0447,0.0089,0.0086,169.59333611965786,206.4614526674096,321.44983626896743,134.21970728976666,107.67317057203978,151.6424450984746,309.9812380077805,2.601540152809849,253.0
19.81,1.6673,0.0089,1.6673,0.0089,0.016,164.8966964651266,200.7438043923281,297.4830809696562,128.65540796481395,107.09084351307033,147.2722960639991,309.5530805770744,2.7542620946720686,253.0
19.82,1.5817,0.0088,1.5817,0.0088,0.0249,163.63827157712177,199.2118088764961,291.704779131944,127.10662657191888,106.62181525240456,146.04226908623423,309.0176209833948,2.792611668568129,253.0
19.83,1.5627,0.0084,1.5627,0.0084,0.0371,162.98171745892455,198.41252560216904,290.55252104189907,126.24350849130929,105.17935063675226,145.24687806848357,307.16617439188354,2.7927996507642274,253.0
19.84,1.566,0.0084,1.566,0.0084,0.0471,163.08056821733646,198.5328656558879,290.9413065761028,126.33186379535056,105.18521000370272,145.31137106550338,307.2101522579132,2.790389826720712,253.0
19.85,1.5694,0.0082,1.5694,0.0082,0.0566,162.95245527710696,198.37690207647805,291.3293454789223,126.12773787452768,104.47459855259862,145.08664568429697,306.29322775987845,2.783743057237376,253.0
19.86,1.5847,0.0074,1.5847,0.0074,0.0668,162.27447418153426,197.55153378621563,292.5606110822703,125.21299443071298,101.57671993448336,144.07700166715765,302.29310117331414,2.7577941153449728,253.0
19.87,1.6948,0.006,1.6948,0.006,0.0764,161.987756399225,197.20248605123044,300.245990529103,124.78490148973124,96.5106678261206,142.9869628161517,294.3465534172025,2.6726760602598807,253.0
19.88,1.7774,0.0048,1.7774,0.0048,0.0861,161.32048190807868,196.3901518880958,305.8468910520742,123.9702638765768,91.97505809061546,141.3479989775556,286.0677306207543,2.6054010605247893,253.0
19.89,1.8678,0.0036,1.8678,0.0036,0.0959,160.4931319353801,195.3829432256801,311.7821900518703,123.04777935270516,87.34441376849958,139.0218212648427,275.70302131530303,2.5348760626075864,253.0
19.9,1.9386,0.0036,1.9386,0.0036,0.1065,161.39626343242702,196.48240765686768,316.34659304482506,124.15062459884436,87.71409786730875,139.78815981413985,275.81400946105003,2.508807289282352,253.0
19.91,2.0251,0.0036,2.0251,0.0036,0.129,162.48259031165355,197.80489255331736,321.89497740610625,125.4804050507863,88.17189720331444,140.6892884218467,275.93819124695864,2.4779650899414047,253.0
19.92,2.1273,0.0037,2.1273,0.0037,0.1424,163.85466153970577,199.475240135294,328.1027661939792,127.14631552974576,89.09106794684122,142.03269889464417,277.0589051796783,2.4473081328735367,253.0
19.93,2.2099,0.0039,2.2099,0.0039,0.1561,165.13301842402674,201.03150069011957,333.02148064720114,128.67396846250568,90.27658129838925,143.45935436926968,279.0755943246824,2.426929782635245,253.0
19.94,2.2532,0.0717,2.2532,0.0717,0.1723,200.9534734916305,244.63901120720237,335.6631666222479,178.92915163680533,233.0079916899646,183.211473951334,407.5852205796665,2.982977997490954,253.0
19.95,2.2138,0.0749,2.2138,0.0749,0.1886,201.11837824456364,244.8397648194688,333.6441069795248,179.83215581846227,238.1813285994747,183.4357024949011,409.9038235985305,3.006120136705943,253.0
19.96,2.2453,0.0749,2.2453,0.0749,0.202,201.67893228565688,245.52217843471277,335.5865842239309,180.1961964373886,237.798052456998,183.83489583322356,409.9986605928282,2.9954916022807283,253.0
19.97,2.2767,0.0814,2.2767,0.0814,0.216,203.58868193598465,247.84709105250303,337.5126383873282,183.08161974371924,246.9132623593267,185.5054985135712,414.55355275475966,3.006996856318908,253.0
19.98,2.3436,0.0835,2.3436,0.0835,0.2297,205.10547112433557,249.69361702093025,341.3645115812365,184.5959636240345,249.133788809598,186.70096705085575,416.070373241561,2.992779433067333,253.0
19.99,2.4065,0.0835,2.4065,0.0835,0.2445,206.12080475306547,250.929675351558,344.9455280266084,185.26393610585487,248.4182580981203,187.44045160441308,416.2046131354009,2.97359963259109,253.0
20.0,2.4576,0.0835,2.4576,0.0835,0.2654,206.9593979600012,251.95057142956668,347.90896712720473,185.8097616645564,247.8339519248312,188.03459188498337,416.3220074456092,2.958002950771573,252.9
20.01,2.5795,0.0828,2.5795,0.0828,0.2971,208.662004679604,254.0233100447353,354.61053346333046,186.77293659890935,245.5816079479042,189.24401272452783,416.0682493615522,2.9207896708500183,252.9
20.02,2.9118,0.0811,2.9118,0.0811,0.2722,212.6070078796811,258.82592263613355,370.82678612136,189.00188587319195,240.3544553910832,192.27057639487307,415.3724349258858,2.8339768808254786,252.9
20.03,3.2441,0.0769,3.2441,0.0769,0.2826,215.25588616488784,262.05064402681995,386.2898149835664,190.62932132875557,233.1493224014456,194.45297084219305,412.8930351504628,2.7426558970619594,252.9
20.04,3.0986,0.0744,3.0986,0.0744,0.2931,213.17647051066152,259.51918149124015,379.8093721893859,188.2856507229141,230.21335501538243,192.66985761000575,411.0351706309801,2.766141305528951,252.9
20.05,3.0632,0.0716,3.0632,0.0716,0.3434,212.20364027333844,258.3348664197164,378.6606961213864,186.95248647103705,226.416085376173,191.7664601186849,409.00732249841695,2.7617386330800864,252.9
20.06,3.0596,0.0678,3.0596,0.0678,0.404,211.27900565609517,257.2092242769854,379.0725810191444,185.52640276185704,221.02975044233568,190.89457907452143,406.16571291185767,2.745128256579895,252.9
20.07,3.0582,0.0636,3.0582,0.0636,0.4427,210.16073241923172,255.84784816254304,379.3834582312759,183.8510744972707,214.95192169998825,189.89783806969837,402.8525464866704,2.726633015776566,252.9
20.08,3.0587,0.0591,3.0587,0.0591,0.5223,208.97610151810585,254.4056888046506,380.1572195792344,182.06052812891824,208.24016638409984,188.77531605031547,399.07848889752006,2.7035006370011985,252.9
20.09,3.0593,0.0563,3.0593,0.0563,0.5328,208.12883432707596,253.3742330938316,380.2998880887081,180.8196207894107,203.98169347653203,188.04769733376276,396.61887106970414,2.6903077996837963,252.9
20.1,3.1851,0.0528,3.1851,0.0528,0.5346,208.1620956034432,253.41472508245255,386.0383259377231,180.36157437920295,198.24806057609467,188.1631890072771,393.49016195822674,2.645442995885805,252.9
20.11,3.189,0.0528,3.189,0.0528,0.5607,208.27536564417213,253.55261904507915,386.46553848485866,180.4409456166121,198.2148814642981,188.22237322729293,393.54324529283736,2.6436728520851625,252.9
20.12,3.1615,0.0527,3.1615,0.0527,0.6108,208.1085575868936,253.3495483666531,385.70151765779895,180.22704842089,198.0881720662657,187.9841791364917,393.4705414994157,2.647253131120728,252.9
20.13,3.1536,0.0528,3.1536,0.0528,0.6297,208.13506173501037,253.38181428609957,385.5355463510515,180.2322727707713,198.24232152211889,187.971998748287,393.6097151916909,2.648883931860662,252.9
20.14,2.9806,0.0526,2.9806,0.0526,0.617,206.422018005448,251.29636974576275,377.53683759492384,178.46331086780893,198.3460064338578,186.41802552541057,393.3007680015847,2.688101538351439,252.9
20.15,2.8076,0.0524,2.8076,0.0524,0.5847,204.56515797565356,249.0358444921,369.0630550243192,176.56197687874223,198.48888539599363,184.78684798591144,392.9814866179084,2.7309607786001577,252.9
20.16,2.5992,0.052,2.5992,0.052,0.5161,202.04335095272583,245.9658185511445,358.1108685117068,173.98564088404282,198.4743009412414,182.6549237575728,392.4154585745926,2.7876427117480755,252.9
20.17,2.2885,0.051,2.2885,0.051,0.4656,197.5380056534445,240.481050360715,341.25146090358595,170.42503761251433,198.97835198782732,179.07283917421742,391.1066022657473,2.87235666421126,252.9
20.18,2.1863,0.0483,2.1863,0.0483,0.4216,195.2265580043229,237.6671140922192,335.10254842961,167.7197790463062,194.9229157197296,177.1216798854751,388.268169783917,2.8945541686690985,252.9
20.19,2.0723,0.0443,2.0723,0.0443,0.3998,192.2276731898535,234.0162977963434,328.3353448132058,164.26081088466802,188.68425823442183,174.52852054303114,383.82519386669566,2.9123965762951505,252.9
20.2,1.9425,0.0397,1.9425,0.0397,0.3955,188.69262376474367,229.71275936577493,320.5890727092016,160.1084780730408,181.07841514786787,171.3677535920091,378.259887766032,2.931993208195661,252.9
20.21,1.8088,0.0294,1.8088,0.0294,0.394,182.5931478105676,222.2873103780823,312.3144118676721,151.68628306994574,160.94061136540083,165.46354537849248,363.6284675947432,2.913310195082803,252.9
20.22,1.6791,0.0245,1.6791,0.0245,0.3997,178.2690099082024,217.02314249694209,304.0261987379543,146.27092727783838,150.5952368738044,161.26376423788273,354.9601050195316,2.925584721390269,252.9
20.23,1.5729,0.0199,1.5729,0.0199,0.4054,174.11060267791208,211.9607336948495,296.97199851632547,140.83618524659943,139.75159901548986,157.0415033002053,345.3688797620212,2.927706845790248,252.9
20.24,1.4667,0.0164,1.4667,0.0164,0.4285,170.27525107094448,207.29160999941067,289.88222148213896,135.9157491155581,130.73222741886414,153.01342265915315,336.66009356170235,2.9363881065174717,252.9
20.25,1.3605,0.0156,1.3605,0.0156,0.4451,167.95198729109242,204.46328887611253,282.4015519122818,133.48762430261323,128.94504474891167,150.75992508601394,334.33423873744965,2.979477355133736,252.9
20.26,1.274,0.0139,1.274,0.0139,0.4576,165.26656367227093,201.19407751406897,276.04794468370847,130.19851529799982,124.213896340509,147.93747901465463,329.2378157394259,3.003753648109812,252.9
20.27,1.2229,0.0122,1.2229,0.0122,0.4724,163.1247374641451,198.5866369128723,272.3024197319949,127.30241567425288,118.95603158532866,145.50413222067803,323.64375014166615,3.007283078123083,252.9
20.28,1.2151,0.0109,1.2151,0.0109,0.489,162.01143826296263,197.23131614621536,271.9615884397676,125.51929696222332,114.54243825401517,144.0367268177065,318.9624221375095,2.988992433474665,252.9
20.29,1.2165,0.0095,1.2165,0.0095,0.5025,160.8699294119204,195.84165319712048,272.298996597504,123.61335547119565,109.51658071520316,142.44573013698883,313.3545546677714,2.9617070741888174,252.9
20.3,1.218,0.0084,1.218,0.0084,0.5157,159.89851319038476,194.6590595361206,272.63896075369195,122.00735225468104,105.36895487851052,141.04253718897507,308.4227109137785,2.937909295540125,252.9
20.31,1.221,0.0079,1.221,0.0079,0.5266,159.4957427760086,194.16873033601047,273.0601298456013,121.2921471913099,103.41262015214409,140.3948851451212,306.01561225441253,2.9246386526525825,252.9
20.32,1.2268,0.0079,1.2268,0.0079,0.537,159.66001286501822,194.3687113139352,273.69205888717886,121.42778765330624,103.3986025579989,140.50995143820398,306.06445832838256,2.9202438247007523,252.9
20.33,1.2229,0.0079,1.2229,0.0079,0.5613,159.69864271118436,194.41573895274615,273.7806046485876,121.44201267613457,103.39603624717056,140.4647527041305,306.09534643023454,2.9199133938871604,252.9
20.34,1.2544,0.0079,1.2544,0.0079,0.5723,160.3204904945208,195.172771036808,276.4134979065004,122.02818397452118,103.35054613424256,140.99938741376684,306.1910513644993,2.90070008305759,252.9
20.35,1.2662,0.008,1.2662,0.008,0.5843,160.6793449034925,195.609637273817,277.5188577526712,122.45993029880448,103.74783536375212,141.35641796542805,306.75155110510394,2.8946583085832898,252.9
20.36,1.2858,0.0086,1.2858,0.0086,0.5897,161.69144945207967,196.84176455035785,279.11029895655605,123.74647318540543,105.99194034984764,142.5418490729916,309.7228266343375,2.8957877511210413,252.9
20.37,1.3173,0.0084,1.3173,0.0084,0.5938,162.09529196506588,197.33339891399328,281.56157886195524,123.92826325578974,105.15443702986212,142.77991051558,308.8705202878773,2.875039960497152,252.9
20.38,1.3094,0.0088,1.3094,0.0088,0.6046,162.36326011605254,197.6596210108466,281.1447984111182,124.5418798885106,106.7430982474436,143.22771493515123,310.7688606268715,2.885059889273001,252.9
20.39,1.2898,0.0088,1.2898,0.0088,0.6078,162.0926416420852,197.33017243384285,279.72887522812294,124.17005397709896,106.71788689336886,142.93648408063467,310.7727468724988,2.8962868387601297,252.9
20.4,1.2799,0.0094,1.2799,0.0094,0.6218,162.59076346873815,197.936581614116,279.204037054781,124.92428230442708,108.9056749103,143.5813297104366,313.4699476899483,2.9122081342503328,252.9
20.41,1.275,0.0096,1.275,0.0096,0.6359,162.76399518076315,198.14747239397255,279.05952409103696,125.18070879862654,109.63229808961876,143.77261013979742,314.35912499621827,2.9172885526741097,252.9
20.42,1.2742,0.0097,1.2742,0.0097,0.6519,162.921541825871,198.339268309756,279.2554295011413,125.36302624711846,109.98412798718796,143.90291339347934,314.8204539169048,2.91802828578077,252.9
20.43,1.2741,0.0112,1.2741,0.0112,0.6698,164.32942480831605,200.05321281012388,279.5330764299176,127.49859154153256,115.19845240832365,145.64877325424365,320.8001045353716,2.942337739617144,252.9
20.44,1.3114,0.0128,1.3114,0.0128,0.6858,166.3574551781472,202.52211934730963,282.59124267002323,130.1915943930374,120.3071259836871,147.90532297770002,326.5276459296323,2.945578631580981,252.9
20.45,1.3487,0.0167,1.3487,0.0167,0.6908,169.77283700785193,206.67997548781975,285.4362716814704,135.18559136428644,131.89747747331663,151.83917745588295,338.1268653422835,2.9779031255834134,252.9
20.46,1.3959,0.0177,1.3959,0.0177,0.6906,171.25523565094684,208.4846347055005,288.87533355428315,136.92149427196983,134.44770063084414,153.35233366861704,340.82176889296835,2.9658435074610616,252.9
20.47,1.4392,0.0181,1.4392,0.0181,0.6948,172.29249524429892,209.7473855147987,292.03688861882307,137.96767592641018,135.29922824231588,154.3353284876417,341.9328930884607,2.948892634205413,252.9
20.48,1.4313,0.0182,1.4313,0.0182,0.6991,172.2536576558523,209.70010497234196,291.5526492034417,137.9612932762373,135.6098712784261,154.30453552593983,342.2062370659676,2.9536819712727973,252.9
20.49,1.4333,0.0182,1.4333,0.0182,0.698,172.30764606080982,209.76582998707283,291.6928818020201,137.98439283700947,135.59701377112873,154.35651162040932,342.2520403425692,2.9530523756146656,252.9
20.5,1.4353,0.0182,1.4353,0.0182,0.6985,172.36716134421405,209.83828337556488,291.8556853287612,138.0121244260258,135.58237354155543,154.40845170507816,342.2978241905876,2.9522683050859904,304.1
20.51,1.4357,0.0182,1.4357,0.0182,0.699,172.39888536097905,209.8769039177137,291.90516825644744,138.01655817237497,135.57677850474636,154.4355839752671,342.3407669624617,2.9522624204929917,304.1
20.52,1.4362,0.0183,1.4362,0.0183,0.7081,172.52221166275154,210.02704028508884,292.08338903302604,138.14595508016333,135.8339664894922,154.53452350516878,342.6278481284545,2.952500120535773,304.1
20.53,1.4431,0.0184,1.4431,0.0184,0.7817,172.97840784555248,210.58240955110736,293.6199878330811,138.55315891502306,135.98198991178785,154.73213417940082,342.9250969961196,2.9434643354637005,304.1
20.54,1.4431,0.0186,1.4431,0.0186,0.8122,173.22557193173176,210.88330496036912,294.06143174976125,138.83293739955818,136.48652036618782,154.89200621545302,343.4497011763943,2.943025006363849,304.1
20.55,1.4456,0.0187,1.4456,0.0187,0.8277,173.40401745104833,211.1005429838849,294.467002895948,139.00709229420784,136.7219780490407,155.0205581164068,343.7359158457453,2.941714863895044,304.1
20.56,1.448,0.0186,1.448,0.0186,0.8349,173.4333837813854,211.1362932990779,294.7491021939285,138.9616201894114,136.42838040000734,155.00956408688185,343.54289606069153,2.9390346310481696,304.1
20.57,1.4569,0.0185,1.4569,0.0185,0.8415,173.5708577124177,211.30365286729116,295.4744616206457,139.00577924561625,136.09986328875982,155.09796250273027,343.36002823679445,2.933369138785942,304.1
20.58,1.4785,0.0173,1.4785,0.0173,0.8607,173.28321047133622,210.9534736172789,297.247114525927,138.16129636584122,132.6920103688242,154.58513654253957,340.4584404032622,2.90821558443662,304.1
20.59,1.5218,0.0151,1.5218,0.0151,0.879,172.60601905392818,210.12906667434737,300.4639972660867,136.46381450995406,126.27538073382192,153.50724076466165,334.6041016550335,2.8605967808628097,304.1
20.6,1.5296,0.0151,1.5296,0.0151,0.8894,172.78751470503627,210.3500179017833,301.1452768015187,136.59396135279786,126.23594844880292,153.64103031887416,334.6578692416024,2.856517421764484,304.1
20.61,1.5375,0.0149,1.5375,0.0149,0.8971,172.81914675345834,210.388526482471,301.79469144069435,136.4951805732911,125.6206257521848,153.60570393641436,334.1320491622481,2.8500883706983724,304.1
20.62,1.5375,0.0147,1.5375,0.0147,0.9049,172.72322657162505,210.27175408719572,301.9139095020023,136.2894567036353,125.03206779522168,153.45420282825492,333.5865040891512,2.847045925882633,304.1
20.63,1.5257,0.014,1.5257,0.014,0.9201,172.09297915012678,209.50449635667607,301.33954128498533,135.37120856769295,123.00215073375138,152.685147302447,331.4991173633208,2.8417531987859728,304.1
20.64,1.51,0.0127,1.51,0.0127,0.9185,170.8573875164851,208.00029784615575,300.27221674902694,133.60373129410812,119.11495824677486,151.2500430373697,327.340861348487,2.830721739435972,304.1
20.65,1.4942,0.0122,1.4942,0.0122,0.9261,170.24786616250762,207.2582718500093,299.3169412057808,132.78645028292777,117.59601667910678,150.53875568306233,325.6506371146774,2.8298235988245213,304.1
20.66,1.4914,0.0118,1.4914,0.0118,0.9328,169.91498512811194,206.8530253733537,299.2318560009569,132.25665633222653,116.33443573698383,150.10246134942827,324.277624728699,2.824635141190899,304.1
20.67,1.4901,0.0114,1.4901,0.0114,0.9408,169.60209274418256,206.47211290596135,299.2666282252845,131.7408919785558,115.05238793064903,149.67476946193077,322.8645187228224,2.8185285786426912,304.1
20.68,1.4902,0.0112,1.4902,0.0112,0.9649,169.52907953730175,206.38322726280217,299.61581250955373,131.5432801716567,114.39410811346517,149.47659075970543,322.1620597669512,2.813443574317528,304.1
20.69,1.4903,0.0109,1.4903,0.0109,0.9538,169.25392403567727,206.04825534778104,299.48593342931963,131.112989125938,113.42058959680868,149.16160636293998,321.06637869863465,2.809785704242299,304.1
20.7,1.4942,0.0106,1.4942,0.0106,0.9801,169.11598309351336,205.88032724427717,300.1226225528813,130.88302330276193,112.4681627356172,148.8925004191628,319.9489136509442,2.8004914338854454,304.1
20.71,1.506,0.0106,1.506,0.0106,0.9815,169.30492188105023,206.11033968127856,300.95459043695735,131.07791974186046,112.477588777691,149.08126638985476,320.00663842946824,2.795103459550102,304.1
20.72,1.5257,0.0106,1.5257,0.0106,0.9841,169.60333695930436,206.47362760263135,302.3296143016568,131.4038008599057,112.49590037101764,149.38057186220402,320.0765052776504,2.7860371598795344,304.1
20.73,1.5139,0.0107,1.5139,0.0107,0.9859,169.56925720461956,206.43213920562383,301.5754215532126,131.33871854361288,112.79837402344415,149.35001747396277,320.4881595611846,2.793290669445965,304.1
20.74,1.5021,0.0107,1.5021,0.0107,0.9863,169.43242553935605,206.26556152617255,300.799034763876,131.14277762357375,112.78312365339994,149.2018277885518,320.5087070723696,2.798955840820815,304.1
20.75,1.5178,0.0106,1.5178,0.0106,0.9709,169.53016023350253,206.3845428929596,301.66480384089226,131.22076470334088,112.47512781305107,149.3289931575672,320.1813895802325,2.7915825140592325,304.1
20.76,1.4746,0.0106,1.4746,0.0106,0.9608,168.9130614704381,205.6332922248812,298.6100171167125,130.49588088974843,112.45169779169622,148.72928905296214,320.1520053914135,2.8126823045505347,304.1
20.77,1.4628,0.0106,1.4628,0.0106,0.9563,168.73280122868314,205.41384497404903,297.7530004163364,130.31739679257274,112.47510726938177,148.57720659456635,320.1719788182032,2.8185289851406115,304.1
20.78,1.4549,0.0104,1.4549,0.0104,0.9552,168.44340608509523,205.06153784272465,297.20794096680896,129.92760674594172,111.8230885896158,148.24669632703632,319.4062259137376,2.819047042884146,304.1
20.79,1.4392,0.0101,1.4392,0.0101,0.9567,167.94170190415707,204.4507675354956,296.1567008382152,129.29139050229662,110.83988358047276,147.67585389187045,318.20633117587937,2.8211206156754147,304.1
20.8,1.4077,0.0099,1.4077,0.0099,0.9582,167.27131829410942,203.63464835804623,293.9930120679423,128.56045873482773,110.21240586408746,146.98147698909693,317.3666804296623,2.832191978062817,304.1
20.81,1.3723,0.0095,1.3723,0.0095,0.9574,166.32921586602964,202.48774105429692,291.49250217377306,127.46287196831622,108.88598371336722,145.96246385412408,315.64853896477985,2.8420656188239346,304.1
20.82,1.3409,0.0091,1.3409,0.0091,0.9502,165.41504698992108,201.37483981381695,289.15250906757444,126.378802564839,107.52148418138978,144.9776248364239,313.8726637681983,2.8508441263358395,304.1
20.83,1.3016,0.0089,1.3016,0.0089,0.943,164.55071720708312,200.3226122521012,286.20222885783454,125.44885840906387,106.8637345628156,144.1111475164838,312.93632304706284,2.867633689211073,304.1
20.84,1.2662,0.0091,1.2662,0.0091,0.938,164.10183180601345,199.77614306819032,283.5247707148651,125.23654172273604,107.71838119100528,143.82426250898507,313.8157780599381,2.8896557580504827,304.1
20.85,1.2583,0.0086,1.2583,0.0086,0.9362,163.46013333194065,198.9949449258408,282.92176294702045,124.3716264099938,105.92507218153447,143.04135098576992,311.5421338032792,2.8841893988319542,304.1
20.86,1.2582,0.0085,1.2582,0.0085,0.9361,163.3702118971891,198.8854753530998,282.92622125829433,124.22235905409472,105.56164562781149,142.91997265064353,311.1063548209139,2.8823654414341675,304.1
20.87,1.2583,0.0085,1.2583,0.0085,0.9385,163.40108406803134,198.92305886542945,282.9830106176246,124.22990636888268,105.56023144742532,142.9406520866448,311.14426351457337,2.8822739601833884,304.1
20.88,1.2583,0.0085,1.2583,0.0085,0.9408,163.43012962503278,198.95841867395296,283.030818201261,124.2351365940484,105.55863448089816,142.95968928336416,311.18197574004625,2.8822508964265205,304.1
20.89,1.2858,0.0085,1.2858,0.0085,0.9465,164.0159446338928,199.6715847716956,285.172115078124,124.58411025216004,105.41090941567155,143.42453576717526,311.2694686957829,2.8689264532751624,304.1
20.9,1.3684,0.0098,1.3684,0.0098,0.9522,166.72563094849502,202.97033332860263,291.2648141292425,127.80222034215512,109.93017422049138,146.45524722075243,317.2664377007894,2.851727392517609,304.1
20.91,1.4195,0.0124,1.4195,0.0124,0.9572,169.8682495284262,206.7961298606928,294.9597245920946,132.0218578666936,118.37890350172776,150.15428874768972,327.2502196492971,2.869380915992871,304.1
20.92,1.4667,0.0139,1.4667,0.0139,0.9153,171.58162944769683,208.881983675457,297.6690576568671,134.54110938724844,123.04280765854718,152.32014503739168,332.2650871763307,2.87117792468993,304.1
20.93,1.569,0.014,1.569,0.014,0.8764,173.30000057851103,210.9739137477526,304.0863283201774,135.76283210263068,122.83626155403404,153.91820831766884,332.7810782695396,2.8333346622528293,304.1
20.94,1.6869,0.0141,1.6869,0.0141,0.8696,175.08965033278815,213.15261779643777,311.70739872367096,137.49935914305394,122.93213802908308,155.64507761457386,333.3080482582398,2.78610023814264,304.1
20.95,1.7144,0.0169,1.7144,0.0169,0.7376,177.20559451078975,215.7285498392223,311.7925109375969,140.41766810271463,130.6156257925996,158.39217768898837,341.3320081989186,2.8221346380142847,304.1
20.96,1.6948,0.0204,1.6948,0.0204,0.7178,179.0289865158635,217.9483314106164,310.2941325733564,143.5295233075064,139.86122342627974,160.64120745676473,349.79947002952406,2.869589569744161,304.1
20.97,1.7007,0.0234,1.7007,0.0234,0.7087,180.75448602716216,220.04893951132783,310.5716848090466,146.2177936638429,147.2126525908825,162.58388364012416,356.14665100391124,2.8969587346151444,304.1
20.98,1.7066,0.0258,1.7066,0.0258,0.6997,182.04128544290947,221.61547793049849,310.85018214735777,148.22774010574753,152.82162919280483,164.01031165436385,360.7487870097773,2.916581544701619,304.1
20.99,1.7302,0.0275,1.7302,0.0275,0.7007,183.24446916969657,223.08022333702195,312.3893636295397,149.84048158309415,156.5303571427665,165.22956626864195,363.8346569249797,2.921286248349161,304.1
21.0,1.7144,0.0299,1.7144,0.0299,0.6537,183.92421590086064,223.9077410966999,310.78944734623474,151.30044402891866,161.99870100472972,166.18340238704775,367.83319667557663,2.9502632300887277,281.2
21.01,1.8678,0.0337,1.8678,0.0337,0.627,187.8785696014041,228.7217369060572,320.1046382903261,155.72720221006946,168.95643639141187,169.94841587370271,373.88089920931793,2.920409474861744,281.2
21.02,2.0212,0.0352,2.0212,0.0352,0.6234,190.7375504184348,232.2022352920076,329.2738683319832,158.56780366513118,171.12317734523944,172.5363060253595,376.268521114768,2.87557176588382,281.2
21.03,2.029,0.0355,2.029,0.0355,0.6198,190.98367590016824,232.50186631324829,329.7039706732159,158.83835926679012,171.6682741821708,172.77651464230726,376.7399401459627,2.875349430309087,281.2
21.04,2.0015,0.0357,2.0015,0.0357,0.6285,190.75117463536708,232.2188212952295,328.2068643936339,158.5992524874496,172.11190570529718,172.54056069685635,377.0224627705966,2.886334417494007,281.2
21.05,1.9504,0.035,1.9504,0.035,0.6012,189.68115735904777,230.91619156753643,324.86076835980475,157.46157787972618,171.02552398714286,171.63954937137763,376.02636617831376,2.9020766316892077,281.2
21.06,1.8993,0.0342,1.8993,0.0342,0.5902,188.5750252172037,229.56959591659577,321.6557702927848,156.32451427456286,169.77713322082826,170.67931437853204,374.8691560013583,2.9160902323524995,281.2
21.07,1.8206,0.033,1.8206,0.033,0.604,186.9310368933324,227.56821882666557,316.99037891270024,154.62427291625417,167.8506775986185,169.1625076429581,373.0605126474693,2.9364369388476974,281.2
21.08,1.7734,0.0316,1.7734,0.0316,0.6178,185.6743454660416,226.0383336108333,314.21344518546067,153.12161329863414,165.23302899548526,167.94073318902772,370.9364482271936,2.9439893749357493,281.2
21.09,1.7105,0.0296,1.7105,0.0296,0.7239,184.17964441091505,224.21869754372264,311.5726646592868,151.1822795772879,161.2279156447899,166.1873824567272,367.74278715299664,2.9460373134694064,281.2
21.1,1.7058,0.028,1.7058,0.028,0.7849,183.6182055607657,223.5352067696278,312.0678535021205,150.09168397616077,157.6462510783207,165.37890422467586,365.1321115696493,2.9308767955314337,281.2
21.11,1.7056,0.0271,1.7056,0.0271,0.741,183.0859278350437,222.88721649483583,311.5069257053746,149.2933911212922,155.6831361990852,164.9499992814617,363.6278829094,2.927494772411776,281.2
21.12,1.7054,0.0261,1.7054,0.0261,0.743,182.6430269580846,222.3480328185378,311.5343695909831,148.51628479316685,153.40404601145207,164.4549213672503,361.8979273883923,2.9194060611578068,281.2
21.13,1.7066,0.0245,1.7066,0.0245,0.745,181.9099890839852,221.45563888485157,311.6516492490223,147.25008903198176,149.6814763115784,163.63177406025198,358.9787111880132,2.9052881924179905,281.2
21.14,1.7041,0.0224,1.7041,0.0224,0.8204,180.97875571879212,220.3219634837469,312.4717042106972,145.7431452957248,144.73119603162752,162.40630471060012,354.859651785977,2.880357180988852,281.2
21.15,1.7017,0.0207,1.7017,0.0207,0.7937,180.0014204167085,219.13216398555815,311.9911424715162,144.02782598217473,140.44541228267627,161.3343326012369,351.27557921171,2.8682748561013782,281.2
21.16,1.7026,0.0199,1.7026,0.0199,0.7966,179.5838429579722,218.62380881840096,312.10053380326747,143.30661123180963,138.41807595323434,160.84079140544185,349.5234766924465,2.8598106477176573,281.2
21.17,1.6987,0.0195,1.6987,0.0195,0.7995,179.3186034967947,218.3009086047936,311.9024194221711,142.8878023925657,137.4099485425634,160.53801811039563,348.6378185068303,2.857203855527931,281.2
21.18,1.6712,0.0195,1.6712,0.0195,0.8075,178.9394379645661,217.83931578295005,310.24938482253793,142.56307450845603,137.52543073464955,160.18218185943732,348.6373662344362,2.8677744845644813,281.2
21.19,1.6201,0.0195,1.6201,0.0195,0.8525,178.24942941064586,216.99930536948196,307.52170554994166,142.10990620834923,137.82079326961835,159.4884084086856,348.59888719922367,2.8843544692644487,281.2
21.2,1.569,0.0195,1.569,0.0195,0.8399,177.45783460441825,216.03562473581357,303.9850482286873,141.3246239907697,137.98503603070847,158.77487114909363,348.55782543679976,2.9081715477927195,281.2
21.21,1.5572,0.0195,1.5572,0.0195,0.81,177.1897600264058,215.70927307562445,302.8067585419733,141.08506103360708,138.07380115829875,158.6231589380276,348.5799413905426,2.9161348163068364,281.2
21.22,1.5336,0.0195,1.5336,0.0195,0.8208,176.8585950410116,215.3061157021011,301.37268711893154,140.79322226672707,138.18376149119825,158.29545796409334,348.5821188746276,2.925832354350368,281.2
21.23,1.5139,0.0194,1.5139,0.0194,0.8016,176.43051599521564,214.7849759941756,299.783541970638,140.37413850479214,138.04585909623702,157.9543025301024,348.3574060408909,2.935579877547444,281.2
21.24,1.4903,0.0193,1.4903,0.0193,0.792,175.96481025851526,214.21802987993163,298.0435685877032,139.92219534719175,137.9201902870233,157.55037714074862,348.1244469794608,2.9464339563029984,281.2
21.25,1.4824,0.0184,1.4824,0.0184,0.7823,175.2870725008361,213.3929578271048,297.3766574284472,138.91523012006573,135.57509414405354,156.82760298789628,345.9975525745781,2.94142153722068,281.2
21.26,1.4392,0.0169,1.4392,0.0169,0.7836,173.6468045334996,211.3961098668691,294.3895311382648,136.7955365520095,131.68294817579672,155.08309207820577,342.15952027703094,2.9447371597046788,281.2
21.27,1.3999,0.0167,1.3999,0.0167,0.785,172.86743392543676,210.4473108657491,291.6325050378546,136.01372148061398,131.31779238296423,154.3336481728997,341.60104415383387,2.96164363763251,281.2
21.28,1.337,0.0167,1.337,0.0167,0.7909,171.7996364125703,209.1473834587812,287.1742212802215,135.07300043157056,131.64853347419302,153.33536245863064,341.5254638456084,2.993388362617609,281.2
21.29,1.3237,0.0167,1.3237,0.0167,0.8036,171.62873370179534,208.93932798479432,286.39632395412355,134.90225296308273,131.70702914280272,153.1347739933158,341.5407925025589,2.999300053242848,281.2
21.3,1.3269,0.0171,1.3269,0.0171,0.8252,172.03750805755357,209.4369663309348,286.96303159026377,135.42808902629642,132.79646222728718,153.50931362854726,342.6401819952003,3.0003680050100385,281.2
21.31,1.3302,0.0179,1.3302,0.0179,0.8417,172.6683388554615,210.2049342588227,287.4606608632214,136.3325388622903,134.99142534410842,154.16822188903902,344.730133534314,3.0064880702607133,281.2
21.32,1.3409,0.0192,1.3409,0.0192,0.8423,173.64811992868837,211.39771121753364,288.2651549184198,137.75754443709815,138.4680302828135,155.2672091902281,347.9483730313321,3.01559495756422,281.2
21.33,1.3763,0.0195,1.3763,0.0195,0.8266,174.4207984208932,212.3383632950004,290.61684878807563,138.52971651415473,139.06058077268574,156.07194453865733,348.75899565676235,3.002490350406097,281.2
21.34,1.4353,0.0198,1.4353,0.0198,0.821,175.63336424969037,213.81453039092744,294.7511992436179,139.66302946711687,139.49204244152577,157.23775259832968,349.6019070649373,2.977283528615132,281.2
21.35,1.4353,0.0197,1.4353,0.0197,0.7831,175.4672882312542,213.61235089022253,294.23047688159,139.45667427500405,139.27215895647106,157.19215825147148,349.4132777091215,2.9801323191133475,281.2
21.36,1.4982,0.0199,1.4982,0.0199,0.6975,176.39479053194856,214.74148412585043,297.448235665939,140.29709245345626,139.5213162218593,158.31928707869997,350.02493823593386,2.960638835648921,281.2
21.37,1.5257,0.02,1.5257,0.02,0.6977,176.94290134522126,215.40874946374765,299.3630195448406,140.77295072810193,139.62001353403124,158.821219669869,350.34173034948736,2.949160251571127,281.2
21.38,1.5532,0.0202,1.5532,0.0202,0.6978,177.54206249847482,216.1381630416215,301.25728161823923,141.33391668202023,139.9787386078858,159.38258654458798,350.883110589162,2.9389850584957125,281.2
21.39,1.565,0.0213,1.565,0.0213,0.6989,178.37775069722298,217.15552258792368,302.0866454283056,142.4910320238651,142.70579109726842,160.2809815787038,353.37175913128294,2.944930401758234,281.2
21.4,1.5886,0.022,1.5886,0.022,0.7952,179.490785271228,218.5105211997558,304.9797266338708,143.67985388169436,144.19914953824022,161.07941025318226,354.94159479147226,2.93318216431912,281.2
21.41,1.6397,0.0225,1.6397,0.0225,0.8339,180.73893795972748,220.03001142923347,308.8763585708264,144.87606093907016,145.0872339459714,162.1386223619273,356.10556131726946,2.913283323972092,281.2
21.42,1.6948,0.0248,1.6948,0.0248,0.8339,182.82567365393817,222.5703853178378,312.45630351869085,147.48970894886864,150.24225396336743,164.2548423649183,360.7707136591998,2.911857714696064,281.2
21.43,1.7852,0.0251,1.7852,0.0251,0.7909,184.22391392065805,224.27259085993157,317.6461527920342,148.81798633478857,150.58376583646665,165.67531916056768,361.5167560747993,2.8819194334743337,281.2
21.44,1.8678,0.0253,1.8678,0.0253,0.7635,185.5681715677113,225.90907843025727,322.4184517376605,149.7806496204362,150.50144558826108,166.88945208285824,362.0538228846133,2.856250715120668,281.2
21.45,1.9504,0.0303,1.9504,0.0303,0.7512,189.00930131372425,230.098279860186,327.26003891834785,154.68218938515494,161.2693932223558,170.48735017077257,370.8047752876593,2.865510147222583,281.2
21.46,2.0054,0.0331,2.0054,0.0331,0.7388,191.01258268733423,232.5370571845808,330.377028097058,157.18645873560308,166.71399085643017,172.45411174834922,375.2113789347639,2.867807766415056,281.2
21.47,2.0369,0.0339,2.0369,0.0339,0.6804,191.6506770952763,233.31386776816248,331.550748902321,157.94370542725392,168.21144711997582,173.20696197107134,376.4658610006881,2.8667321648552164,281.2
21.48,2.0801,0.0344,2.0801,0.0344,0.667,192.575146954787,234.43930933626245,333.91438189563763,158.49765408546608,168.67345509082776,173.96497923574563,377.28613737814777,2.8587484269038925,281.2
21.49,2.088,0.0364,2.088,0.0364,0.6668,193.3996873806256,235.4430976807616,334.3822342583341,160.0766738972804,172.823343680468,174.9009436062385,380.1235303444042,2.867584882715155,281.2
21.5,2.1067,0.0387,2.1067,0.0387,0.7367,194.7865330291765,237.1314315137801,336.26843153110497,161.82068317268585,176.9707811488091,176.04127814045984,383.2337697151044,2.871734587780208,231.9
21.51,2.1254,0.0419,2.1254,0.0419,0.8066,196.4742749230702,239.18607381938983,338.1381055753775,163.9926333883551,182.59325184868575,177.45452511012854,387.28320458349566,2.880829669606184,231.9
21.52,2.1942,0.0432,2.1942,0.0432,0.816,197.88632871569365,240.90509582780095,342.1088029841945,165.58896171972535,184.65069785897276,178.74623323189454,388.9620048402838,2.8653286134274785,231.9
21.53,2.2767,0.0481,2.2767,0.0481,0.8254,200.7174957632493,244.35173397265132,346.75170608782213,169.12192901010988,192.6722444240729,181.3318702732153,394.5870407979447,2.866135240812283,231.9
21.54,2.3318,0.05,2.3318,0.05,0.8469,202.26337863860377,246.2336783426481,349.9661552672566,170.48451781419007,195.16713419862197,182.5669602480225,396.6961023360053,2.860235377933592,231.9
21.55,2.3751,0.0502,2.3751,0.0502,0.8955,203.0665954124134,247.21150745859023,352.7979106664001,171.0854184179589,195.12786606500552,183.1355965164436,397.0026860595706,2.846531747891345,231.9
21.56,2.4301,0.0505,2.4301,0.0505,0.8991,203.92403423872724,248.2553460297549,355.73464882184146,171.75279603384746,195.24521095723088,183.8549125770732,397.4242731630774,2.8329301307373504,231.9
21.57,2.4301,0.0505,2.4301,0.0505,0.9114,203.98237368868723,248.32636796883665,355.8790335118433,171.77189050556206,195.2203067975386,183.87861531819192,397.4709016079163,2.8324841279044897,231.9
21.58,2.4065,0.0508,2.4065,0.0508,0.9237,203.8242168007237,248.13382914870712,354.7924447588255,171.73035555736337,195.85342385043367,183.73435802174228,397.7949887998362,2.8398741016699343,231.9
21.59,2.3672,0.0511,2.3672,0.0511,0.9257,203.42547999104937,247.64841042388625,352.76450578364654,171.52084141605366,196.6108327987181,183.41245559300856,398.0977560239769,2.8522291454992077,231.9
21.6,2.3397,0.0541,2.3397,0.0541,0.9544,203.9797450049905,248.3231678321623,351.6287209539454,172.9917718164674,201.95445097149823,183.9968567909513,401.0735150340699,2.8711990605950244,231.9
21.61,2.3239,0.058,2.3239,0.058,1.0371,205.20853874432888,249.81909064526997,351.6841110643164,174.7212222838168,207.96911790225408,184.90628895212387,404.7464605696341,2.889622066382433,231.9
21.62,2.3161,0.0583,2.3161,0.0583,1.0525,205.2524271472037,249.8725200052915,351.4495612247072,174.8141849227638,208.47211962003263,184.9197284067722,405.05533911688747,2.89245510018922,231.9
21.63,2.3121,0.0576,2.3121,0.0576,1.02,204.9392927678177,249.4913129347346,350.90697812448474,174.3784966154662,207.43020935646925,184.71218849072145,404.4619083305464,2.892648071133316,231.9
21.64,2.32,0.0569,2.32,0.0569,1.0108,204.8501155472141,249.38274936182583,351.2456599943006,174.10543351677427,206.2657348691752,184.63920784555188,403.8769305767541,2.8880756008311064,231.9
21.65,2.3082,0.0555,2.3082,0.0555,0.9726,204.20740778274225,248.600322518121,350.2250205181496,173.244792136221,204.1590728421527,184.1462214570022,402.602915461594,2.88762169276966,231.9
21.66,2.3043,0.0552,2.3043,0.0552,0.954,204.04668432446567,248.4046591776104,349.8332931815651,173.0112952132411,203.70549414699147,184.0422080383522,402.3613092994148,2.888761308229028,231.9
21.67,2.3043,0.055,2.3043,0.055,0.9694,204.05033308060803,248.40910114160977,350.0141873934641,172.95470281270258,203.3717756319352,184.01038010511056,402.2184595298074,2.887093630378992,231.9
21.68,2.2532,0.0545,2.2532,0.0545,0.9849,203.27024845993373,247.4594329077454,347.4456295959699,172.22198040989792,202.88710586349632,183.30165024003347,401.7214449178392,2.899071512000475,231.9
21.69,2.1942,0.054,2.1942,0.054,1.0226,202.42088740839225,246.42542814934703,344.65551990612465,171.46181513630438,202.45902336267096,182.48637107195844,401.2084347784917,2.9122615016122197,231.9
21.7,2.1904,0.0526,2.1904,0.0526,1.1055,202.2201218976627,246.181017962372,345.3715833962658,170.88763012895166,200.03581698005016,182.06682544106675,399.8822142116192,2.9022252059846934,231.9
21.71,2.1915,0.0496,2.1915,0.0496,1.1135,201.36470085546904,245.1396358240493,345.5350080051793,169.39443956178593,195.00266195052396,181.21786332039792,396.88875621745024,2.887185915995885,231.9
21.72,2.1927,0.0472,2.1927,0.0472,1.071,200.48118004875136,244.0640452767408,345.1512483576723,168.13646844810137,191.06997064322655,180.51073987774205,394.3855516346462,2.876889527163829,231.9
21.73,2.2099,0.0449,2.2099,0.0449,1.0244,199.91680080205143,243.37697488945395,345.5982200444243,166.83217937331176,186.81804733001616,179.98923486763258,391.9008883274524,2.863773969537104,231.9
21.74,2.2453,0.0441,2.2453,0.0441,1.0287,200.1684253970222,243.68330048333135,347.5872992773434,166.7325606269861,185.1561643349632,180.1556505251764,391.0775321735129,2.8490960290359904,231.9
21.75,2.2532,0.043,2.2532,0.043,1.033,199.93120153855585,243.3945062208506,348.0771719038926,166.18668500251255,183.1358655311741,179.89228671298548,389.8509221515658,2.840823007397587,231.9
21.76,2.2178,0.0425,2.2178,0.0425,1.0529,199.3534279129793,242.69112963319225,346.3877635795108,165.59130682841635,182.4329722824177,179.3313007196695,389.2582639001618,2.847456050069102,231.9
21.77,2.206,0.0422,2.206,0.0422,1.1097,199.26665524604408,242.5854933430102,346.37954207129826,165.40987773098132,181.88857437050885,179.1111378564714,388.92981527275134,2.846142649766627,231.9
21.78,2.1863,0.0414,2.1863,0.0414,1.0526,198.57978141169085,241.7492991098845,344.69248293026783,164.63434128916384,180.6308233424729,178.6187909609042,387.9826405200486,2.8510955925580754,231.9
21.79,2.1627,0.0387,2.1627,0.0387,1.0289,197.22183715238117,240.09614957681185,343.1454556646798,162.7284898097418,175.8187346809835,177.36699472168405,384.6096995381363,2.8441626896688845,231.9
21.8,2.1077,0.0365,2.1077,0.0365,1.0356,195.6564945065182,238.1905150514135,340.1700904619413,160.81147205132416,171.96760460409536,175.87637369225513,381.6660284691668,2.8473656773213403,231.9
21.81,2.0723,0.0335,2.0723,0.0335,1.0423,193.9915906497864,236.16367557365305,338.26468975605866,158.49827665787222,166.29590661691012,174.225610626758,377.4306918495684,2.8388007976242657,231.9
21.82,2.0212,0.0291,2.0212,0.0291,1.0563,191.4062146623993,233.01626132813823,335.52535173180803,154.90462517124885,157.54309354988598,171.60514250735218,370.55920290762566,2.8232213177821017,231.9
21.83,1.97,0.0283,1.97,0.0283,1.1175,190.50875975734905,231.92370753068576,333.29150939232505,153.899713302182,156.04041645603883,170.59887866504337,369.191452097764,2.830032662593728,231.9
21.84,1.9638,0.0276,1.9638,0.0276,1.1791,190.2860410781768,231.6525717473457,333.6615547537399,153.43431897400103,154.50168081505714,170.18901075545364,368.0253820184495,2.822820672043027,231.9
21.85,1.9648,0.0275,1.9648,0.0275,1.231,190.42160393514027,231.8176047906056,334.33507805233154,153.47555930069817,154.22530142035546,170.1718732541244,367.8957544338322,2.8185435257472364,231.9
21.86,1.9659,0.0272,1.9659,0.0272,1.2649,190.4101843684295,231.80370270939244,334.80492316504615,153.3264224346966,153.5341164108116,170.05234717359866,367.4155707146923,2.813843738559994,231.9
21.87,1.9897,0.0261,1.9897,0.0261,1.3317,190.37261492269755,231.7579659928492,336.9510838732384,152.90290081832728,151.01853793590834,169.7861893425634,365.5239108431143,2.7928972590314864,231.9
21.88,2.0565,0.0258,2.0565,0.0258,1.3311,191.01873044622187,232.54454141279183,340.7366404415936,153.54547814552586,150.31564782824734,170.45350960938958,365.1063959742985,2.7679772071671107,231.9
21.89,2.1234,0.0253,2.1234,0.0253,1.2966,191.449101097815,233.06847090168785,344.08803616596447,153.93305165016156,149.20210293128508,170.98488832256484,364.3071007910313,2.7441634617556003,231.9
21.9,2.1902,0.0252,2.1902,0.0252,1.2961,192.16037959975515,233.9343751649193,347.7518786535762,154.6734115476048,148.9332394305738,171.71458925834148,364.2451407226646,2.722424097011304,231.9
21.91,2.2374,0.025,2.2374,0.025,1.2971,192.5850188164606,234.4513272548216,350.3231774256979,155.0900844299765,148.47144425035142,172.15058701886065,363.9674793201394,2.7062925811146616,231.9
21.92,2.265,0.025,2.265,0.025,1.2981,192.90822496680812,234.84479561176644,351.8239868941268,155.4145480356899,148.44717051949297,172.47666190209455,364.0425270054901,2.6981343096472035,231.9
21.93,2.2925,0.0245,2.2925,0.0245,1.3163,192.9659192132588,234.91503208570637,353.49139241401616,155.40175246457747,147.3642453386698,172.5090538398072,363.1620085014169,2.6845599706581456,231.9
21.94,2.2925,0.0256,2.2925,0.0256,1.3823,193.7788345869852,235.9046681928516,354.20369119152275,156.3649801700307,149.6644139086783,173.16099273895367,365.2835423287037,2.6907855665643816,231.9
21.95,2.3279,0.0267,2.3279,0.0267,1.4116,194.86595151821285,237.2281148917374,356.38221881902103,157.62849049656174,151.90083937726584,174.17263318494025,367.3708474358739,2.6885566511277954,231.9
21.96,2.3475,0.0291,2.3475,0.0291,1.4423,196.4741773545341,239.1859550403024,357.7367697533508,159.57934412145048,156.69522482644146,175.6555745488235,371.5705680306013,2.7012229880084657,231.9
21.97,2.3711,0.0327,2.3711,0.0327,1.475,198.64468482220877,241.82831195747156,359.31001803120284,162.2529910199627,163.5910226800581,177.64247840213343,377.3189321724657,2.72036310874773,231.9
21.98,2.4104,0.0333,2.4104,0.0333,1.5299,199.4885321036911,242.8556043001457,361.8999088090221,163.18724646759895,164.64581155731892,178.35497368380555,378.30141900417016,2.7108426161917896,231.9
21.99,2.4576,0.0335,2.4576,0.0335,1.6005,200.24213585412,243.77303495284173,365.0156199652883,163.9835389528313,164.93686364139364,178.9652734402701,378.6939319638927,2.695715324103862,231.9
22.0,2.4891,0.0336,2.4891,0.0336,1.5855,200.60546910680517,244.21535369524105,366.4582561912888,164.35085685464543,165.08119742234197,179.36082214577092,378.9199864207947,2.688997089421321,307.3
22.01,2.784,0.0332,2.784,0.0332,1.4742,203.04309084340983,247.18289320067285,379.68777699785016,166.9220209752241,164.05254535,182.1180640562972,378.6876390995415,2.6174249135435845,307.3
22.02,3.0789,0.0328,3.0789,0.0328,1.4508,205.371262832276,250.0171895349447,392.99824161065845,169.4241889974542,163.068179108537,184.6152316430934,378.4166729054815,2.5487809634082,307.3
22.03,3.0711,0.0323,3.0711,0.0323,1.4409,205.0547502083881,249.6318698189073,392.5796988863861,169.01211604940656,162.1520567764623,184.3359292201678,377.6980358645977,2.5475226638154016,307.3
22.04,3.0774,0.0309,3.0774,0.0309,1.5012,204.47710087381628,248.9286445420372,393.41562359964416,168.2640612722564,159.53656384877246,183.736605072626,375.57740011941394,2.5335100911471486,307.3
22.05,3.0838,0.0305,3.0838,0.0305,1.5616,204.43205823752592,248.87381002829247,394.25419181414907,168.16304031675452,158.7702037812336,183.6160802938856,374.9905701167371,2.52676356799157,307.3
22.06,3.0986,0.0301,3.0986,0.0301,1.5989,204.4131409962312,248.850780343238,395.2570883127899,168.0928736052492,157.99944759643543,183.564631913892,374.4037743630399,2.519212984432869,307.3
22.07,3.1025,0.0301,3.1025,0.0301,1.6896,204.61411394227312,249.09544306015857,396.24642996404,168.2873205748149,157.98238412642414,183.62101704628137,374.45019179801386,2.514763830132148,307.3
22.08,3.1536,0.0289,3.1536,0.0289,1.7335,204.41905369027597,248.85797840555333,398.8847864276236,167.99674709664757,155.67265637916103,183.45613368018775,372.56273089807513,2.4932774113572846,307.3
22.09,3.2362,0.027,3.2362,0.027,1.7718,203.9833009112224,248.32749676148816,402.8011336281604,167.43616842769188,151.9701744448747,183.12705673001844,369.3965393478143,2.4600207808606047,307.3
22.1,3.3384,0.0241,3.3384,0.0241,1.8806,203.02039070858703,247.1552582539321,408.0759677290776,166.3150184481512,146.18820860179525,182.2450810428224,364.1056349067978,2.411429039239791,307.3
22.11,3.425,0.0212,3.425,0.0212,1.8553,201.54382114263325,245.3576953040753,411.4933961940904,164.66104342033975,140.20473920909765,181.00496708867635,358.1961036913803,2.369666803622348,307.3
22.12,3.4682,0.0188,3.4682,0.0188,1.742,199.84956690254,243.2951249248313,412.3609753706145,162.76836245358464,135.04577599543387,179.55528139109936,352.7180480511436,2.34220825353672,307.3
22.13,3.3542,0.0169,3.3542,0.0169,1.678,197.47206591171064,240.4007758925173,407.091085252406,159.99832742910277,130.70605028419007,177.1422114104959,347.82010591086873,2.3456067163787795,307.3
22.14,3.248,0.0156,3.248,0.0156,1.6125,195.5601468079607,238.07322220099564,402.0299691964303,157.74618323204302,127.58477773026706,175.17787307049966,344.1770031459873,2.3538440029765746,307.3
22.15,3.1143,0.0139,3.1143,0.0139,1.6002,193.0748005187844,235.04758324025929,396.120654275006,154.84484565729565,123.33829991531164,172.4828234446593,338.9862639839793,2.360335412860372,307.3
22.16,2.9727,0.0118,2.9727,0.0118,1.6112,190.01292462524165,231.3200821524681,389.9173023802494,151.30924872713186,117.81093789580356,169.03871310730278,331.7682963484198,2.3611792365646456,307.3
22.17,2.8351,0.012,2.8351,0.012,1.6222,189.2305610089309,230.36763948913324,383.7341669438269,150.25840379918003,118.13579252695553,168.14446515345736,332.41532988108554,2.3934836754502347,307.3
22.18,2.7725,0.0122,2.7725,0.0122,1.6465,189.01091583780703,230.10024536776515,381.0570608463156,149.92339592129224,118.57905691309205,167.85585768551158,333.1133614753871,2.4094618460994552,307.3
22.19,2.7414,0.0126,2.7414,0.0126,1.699,189.27311200294156,230.4194406992332,380.10529795690775,150.16378411785834,119.5987048065626,168.05379922250992,334.5235674423919,2.419953129042025,307.3
22.2,2.7652,0.0136,2.7652,0.0136,1.6948,190.4469288867797,231.8484351665144,381.2017997075419,151.46262201698096,122.20300795494455,169.35432891281758,337.9215530488536,2.428443671825841,307.3
22.21,2.7891,0.0156,2.7891,0.0156,1.7767,192.60473557466855,234.47533026481395,383.1009287821316,153.88439530101965,127.20569229693618,171.5277900699301,344.0639514457401,2.4447894413532496,307.3
22.22,2.8469,0.0163,2.8469,0.0163,1.8441,193.78839793832424,235.9163105336121,386.4126151535155,155.23763558250985,128.940129328145,172.6846918502028,346.1248210098033,2.4373399612436843,307.3
22.23,3.0986,0.017,3.0986,0.017,1.7648,196.16084068481,238.80450170324696,397.0198787117209,158.04498128053368,130.74964524653183,175.43736205491945,348.27991041173493,2.3953626914156736,307.3
22.24,3.3227,0.0165,3.3227,0.0165,1.5618,197.03332184329324,239.86665267879175,404.97211553707695,159.1562633814471,129.7293164830554,176.79386201192085,347.1497066522425,2.353502490855372,307.3
22.25,3.5193,0.0172,3.5193,0.0172,1.6972,199.11476475136269,242.400583175572,414.3346092641207,161.651510342313,131.4962661531755,178.9015626656525,349.2180829471091,2.3198500716573487,307.3
22.26,3.4407,0.0174,3.4407,0.0174,1.6152,198.70248395845715,241.8986761233392,410.42616152711,161.06645023575328,131.87720518811471,178.5141084932928,349.72462208192354,2.339565498731984,307.3
22.27,3.3149,0.0182,3.3149,0.0182,1.5769,198.5022226896427,241.6548797960868,404.82262886147794,160.68502111706275,133.58622662480522,178.24514550625116,351.71730110618586,2.3736654989782573,307.3
22.28,3.1536,0.019,3.1536,0.019,1.5641,198.0143440145769,241.06094053948493,397.7604215231982,159.98395890678708,135.28110784779577,177.6245313719221,353.599330951537,2.414954609587905,307.3
22.29,3.0042,0.0212,3.0042,0.0212,1.5886,198.6080690764128,241.7837362669373,391.3604293272328,160.5615535006256,140.041654109385,178.02100633089483,358.5836289638734,2.467841849002118,307.3
22.3,2.9688,0.024,2.9688,0.024,1.613,200.3164163432749,243.86346337442168,390.0003059307824,162.50690492890848,145.9299022226352,179.57908878792827,364.4227207017014,2.500953090127417,307.3
22.31,2.957,0.0269,2.957,0.0269,1.6003,202.05114656087304,245.975308856715,389.3676337553509,164.51957960780976,151.7730310280932,181.20606667770403,369.8982212400095,2.5293357923545075,307.3
22.32,2.9452,0.027,2.9452,0.027,1.5045,201.88311206021575,245.7707451167844,387.9755173382764,164.298324049684,151.97557208045805,181.18011473626072,370.1077032102956,2.5372855532381906,307.3
22.33,2.9413,0.0268,2.9413,0.0268,1.2676,201.36194843215537,245.1362850478413,385.6398085582263,163.66649597082912,151.592268819062,181.0563406011636,369.7884281266239,2.547458933242514,307.3
22.34,2.9216,0.0267,2.9216,0.0267,0.9366,200.595708658496,244.20347141034296,381.6624491590192,162.7613513855962,151.41840904093877,180.84760740567475,369.632248955394,2.5667993742681405,307.3
22.35,2.7407,0.0255,2.7407,0.0255,0.9076,198.2346838709797,241.3291803646709,372.7555845465873,160.00866046652044,149.05784189363524,178.53027197424285,367.2969892373926,2.602415622390109,307.3
22.36,2.5323,0.0233,2.5323,0.0233,0.9027,194.90955550914603,237.2811980111343,362.3340074167373,156.10928012784456,144.51642610488668,175.2135572647962,362.8427104579448,2.638028962501359,307.3
22.37,2.3357,0.022,2.3357,0.022,0.9004,192.1045842050192,233.8664503365451,352.0604509678798,152.8296746161659,141.72955943645124,172.38445725354114,359.9701459539315,2.6824735376136486,307.3
22.38,2.1627,0.0208,2.1627,0.0208,0.9005,189.4731765211469,230.66299750400492,342.62445103791094,149.7354138516335,139.06260986672237,169.71399121568547,357.1918673819713,2.7248369711587115,307.3
22.39,2.0133,0.0184,2.0133,0.0184,0.9005,186.1464716952181,226.6130959767873,334.1224998914701,145.73971793632836,133.43465348889242,166.29361079171227,351.39751094281246,2.749625232154339,307.3
22.4,1.8088,0.0177,1.8088,0.0177,1.0126,183.392616662948,223.26057680706717,323.2568330836131,142.67376705418434,131.8286440926892,163.2423327725197,349.3926130205784,2.808345656295208,307.3
22.41,1.742,0.0167,1.742,0.0167,1.0736,181.94864627414316,221.5026998120004,319.89028687988167,141.01939445585913,129.37907764102664,161.59840128608167,346.7036730427616,2.817323521169851,307.3
22.42,1.7395,0.0156,1.7395,0.0156,1.1295,181.3321034617701,220.75212595345928,320.445768499365,139.9643248512252,126.38265620462025,160.67376932532858,343.6813003576923,2.801311774534437,307.3
22.43,1.7371,0.0125,1.7371,0.0125,1.1472,178.78996105177762,217.6573438891206,320.53090819353355,136.71068270117948,117.84588046863136,157.73449012290496,333.95855018863705,2.7574194228692,307.3
22.44,1.738,0.0107,1.738,0.0107,1.1414,177.07518685570787,215.56979269390524,320.52886295431364,134.61769149487324,112.54687819160088,155.74287833053788,327.31416204642454,2.728425523544356,307.3
22.45,1.7355,0.0099,1.7355,0.0099,1.1604,176.27911555451746,214.6006624141952,320.623940303509,133.64270963985223,110.08692022335995,154.7286844886297,324.0572992925122,2.714037293364124,307.3
22.46,1.7345,0.0097,1.7345,0.0097,1.1961,176.1596550506149,214.4552322355312,321.0199292970484,133.47602357196098,109.47052975065246,154.47310911962293,323.23370328254543,2.708199350890746,307.3
22.47,1.7363,0.0098,1.7363,0.0098,1.1919,176.301803675913,214.6282827358941,321.09371612037614,133.61454259465148,109.78319303586416,154.64689605289547,323.70391043454106,2.709860801589545,307.3
22.48,1.738,0.0099,1.738,0.0099,1.1933,176.45548582960004,214.81537405342613,321.2308158546365,133.76742546600818,110.09655384622312,154.81822525850112,324.17025651589904,2.7111098877465407,307.3
22.49,1.738,0.0109,1.738,0.0109,1.2084,177.55225932741928,216.15057657251043,321.4323598194243,135.03995291434248,113.15815677751978,156.07899434631224,328.28791877317786,2.7276233237193286,307.3
22.5,1.738,0.0115,1.738,0.0115,1.225,178.20794045987674,216.94879708158908,321.6523275678278,135.79365704057182,114.94471611344328,156.79407630724728,330.619922731419,2.7365177937299463,269.9
22.51,1.7459,0.0115,1.7459,0.0115,1.2324,178.3439936218624,217.11442701791944,322.24686174712434,135.92824954597094,114.95530262052908,156.91588838256132,330.6681900225306,2.733051439904616,269.9
22.52,2.1077,0.0115,2.1077,0.0115,0.9579,181.82786946206025,221.3556671712038,340.38915417394225,140.1360938606683,115.41372314595792,161.2494424562508,331.166548259014,2.62353001600624,269.9
22.53,1.9936,0.0114,1.9936,0.0114,0.951,180.50176179235345,219.74127522547377,333.7690198973155,138.49820390350416,114.9456686150558,159.86611187926871,330.6916956140375,2.661133919999993,269.9
22.54,1.9346,0.0114,1.9346,0.0114,0.9477,179.85544691922917,218.9544571190616,330.2704726840272,137.68043276486546,114.85123786819456,159.19566723430194,330.65530928704703,2.682517728703124,269.9
22.55,1.8835,0.0108,1.8835,0.0108,0.9614,178.7211688164077,217.5735968199746,327.3920473966714,136.289444757379,113.0010923862904,157.89260298884452,328.31117501022266,2.690516236675889,269.9
22.56,1.8521,0.0099,1.8521,0.0099,0.9751,177.46767310515582,216.0476020410593,325.6721819227939,134.76859857607255,110.21306602950592,156.39666604222697,324.61444279463825,2.685795239411827,269.9
22.57,1.7813,0.0095,1.7813,0.0095,1.0668,176.439426105718,214.79582308522197,322.4726512938417,133.4917258696289,108.8556060588164,155.00895678150383,322.8217316953972,2.698750380123472,269.9
22.58,1.7459,0.0092,1.7459,0.0092,1.0633,175.6982249557235,213.89349125044603,320.24467016815333,132.56081676829243,107.82230721742334,154.1694261535799,321.4661673912275,2.707493019395858,269.9
22.59,1.7105,0.0092,1.7105,0.0092,1.0732,175.31704834914885,213.4294501641812,318.1600634205431,132.05202955513622,107.74621444333216,153.73425520944826,321.4534492441708,2.7210987448011514,269.9
22.6,1.7125,0.0091,1.7125,0.0091,1.1047,175.32768220157524,213.44239572365683,318.69732256328984,132.0429988215624,107.44024617466442,153.63961428797373,321.0357798709275,2.7160504287128107,269.9
22.61,1.7144,0.009,1.7144,0.009,1.1414,175.34829703543926,213.46749204314344,319.2922613931603,132.04701333036354,107.13585060652956,153.5421644197528,320.6134621553688,2.710634128824596,269.9
22.62,1.7302,0.0087,1.7302,0.0087,1.1967,175.34683286647714,213.46570957658088,320.9855451966703,132.04483072528402,106.2221912220692,153.3319759125314,319.260947992353,2.6943742793268703,269.9
22.63,1.7616,0.0084,1.7616,0.0084,1.1749,175.33479320794308,213.45105260097415,322.6759882419888,132.03351356746623,105.30353993795094,153.30134358895157,317.88568319599284,2.678146094835528,269.9
22.64,1.8639,0.0084,1.8639,0.0084,1.154,176.48366664546293,214.84968113360708,328.65834065277414,133.44726777019224,105.54768198205,154.57152967086412,318.05404610300445,2.641765701327212,269.9
22.65,1.9268,0.0084,1.9268,0.0084,1.1444,177.18312227056362,215.7011923293818,332.2953809560472,134.29429592952172,105.69851328381364,155.3311082837773,318.16771569550195,2.620318863230609,269.9
22.66,1.9386,0.0085,1.9386,0.0085,1.1445,177.4545605836216,216.03163897136545,333.0047754179348,134.59041974473848,106.0480379961676,155.63961562912343,318.7075740766421,2.6183546919342504,269.9
22.67,2.0251,0.0091,2.0251,0.0091,1.1446,179.11170284683885,218.0490295526734,338.0359728265213,136.55096896090322,108.1461659976798,157.5295648626094,321.68593659144074,2.60055701537785,269.9
22.68,2.0644,0.0107,2.0644,0.0107,1.1466,181.31121544062327,220.72669705815008,340.3129279881911,139.07606172171413,113.05215581342269,160.1237524015499,328.6145681700328,2.61558218332798,269.9
22.69,2.1273,0.0142,2.1273,0.0142,1.1723,185.3924978643894,225.69521479143057,344.1494095846217,143.82732995121816,122.84440582412404,164.6596105999793,341.04312593380337,2.6463307031280703,269.9
22.7,2.2689,0.0154,2.2689,0.0154,1.1566,187.8662435590612,228.70673128929184,351.7366265994167,146.72299515708252,126.05722687201136,167.33802628606168,344.86174755439487,2.619472517099937,269.9
22.71,2.4458,0.0164,2.4458,0.0164,1.1695,190.4639216963348,231.86912206510328,361.1917050164815,149.75554700687968,128.67062105336154,170.0633936120447,347.9258569372316,2.580400424009978,269.9
22.72,2.67,0.0197,2.67,0.0197,1.1618,195.07481245956149,237.48238038555317,372.3906478481493,155.1197611628919,136.5001990903674,174.88705169643728,356.58892847225223,2.5588099961076307,269.9
22.73,3.3266,0.0228,3.3266,0.0228,1.1283,202.5301651205749,246.5584618859173,402.2902520324908,163.8335207792091,143.33548652869192,182.73811571668983,364.06065580401264,2.4426712167527294,269.9
22.74,3.6805,0.026,3.6805,0.026,1.0022,206.99501288741857,251.99392873250957,416.1400495797049,169.01584469700182,149.77364984210496,187.4730915540927,370.6482787083998,2.4075619872984544,269.9
22.75,3.9676,0.0262,3.9676,0.0262,0.6497,208.55046337488068,253.88752063028957,424.8820404837375,170.86692115141207,150.16311978082663,189.65560169580615,371.2652691413415,2.3708330191605262,269.9
22.76,4.1328,0.0265,4.1328,0.0265,0.6469,209.77876569718504,255.38284519657316,431.3429939067877,172.3294750413,150.74268876703852,190.97666726043383,371.9687957573097,2.345640781258105,269.9
22.77,4.1996,0.027,4.1996,0.027,0.6466,210.52772531492653,256.2946221225193,433.9296082093068,173.1831430845915,151.69098254410036,191.73874456378724,372.95946239114585,2.3388917864058647,269.9
22.78,4.1563,0.0296,4.1563,0.0296,0.6504,211.9427373627124,258.0172454850412,432.3145042472807,174.6885620366153,156.51971448777974,192.9428818016893,377.45675322448005,2.366092601686944,269.9
22.79,4.1957,0.0345,4.1957,0.0345,0.6543,215.0465068097588,261.79574742057594,433.8769351249456,178.17265227400216,165.20912883925428,195.7012357038672,385.11843207947817,2.394274289949393,269.9
22.8,4.1917,0.0364,4.1917,0.0364,0.6507,216.0643324558886,263.03483951151657,433.714897407156,179.29766892390546,168.45442514425275,196.5709393649481,387.85209263610005,2.4076972406228068,269.9
22.81,4.1406,0.0367,4.1406,0.0367,0.6491,215.92465082866215,262.864792313154,431.7551445598057,179.0911552610077,168.98097039410604,196.38171466199685,388.273999412989,2.418351338728129,269.9
22.82,4.0986,0.0368,4.0986,0.0368,0.6948,215.7940690990082,262.70582325096655,430.50168870373295,178.90082701734354,169.1607576866213,196.1618086090939,388.4251407151327,2.4247022898027835,269.9
22.83,4.1007,0.0364,4.1007,0.0364,0.7404,215.68505876238507,262.5731150150775,430.9554514666864,178.74434147878614,168.47304939156226,196.02227850167603,387.9181322572131,2.420441294522217,269.9
22.84,4.1028,0.0361,4.1028,0.0361,0.8176,215.666593843766,262.55063598371515,431.6529122257099,178.69403000571327,167.9504122608865,195.92597037122707,387.5454116470869,2.415755656100801,269.9
22.85,4.121,0.0342,4.121,0.0342,0.7544,214.7066443263116,261.3820017885533,431.8864329505998,177.56810264308197,164.68183171150218,195.1968168267465,384.8862340373204,2.4024692849113043,269.9
22.86,4.1839,0.0323,4.1839,0.0323,0.6726,213.95413151896776,260.4658992404825,433.6965848484066,176.70695877785025,161.33659245549694,194.7208827873475,382.12202459031255,2.3818911312922566,269.9
22.87,4.1878,0.0311,4.1878,0.0311,0.6168,213.2380713256709,259.5941737877733,433.43668337119936,175.86743805863375,159.19757568207575,194.1596155313873,380.2906445265456,2.374740499992909,269.9
22.88,3.9401,0.0306,3.9401,0.0306,0.5893,211.37812165558915,257.3298872328911,423.5484173811694,173.60715557846268,158.3421843973495,192.2270575559756,379.3609878669193,2.414368255961478,269.9
22.89,3.6766,0.0293,3.6766,0.0293,0.5778,208.83858654936603,254.23827927748908,412.7461084200046,170.5907975373848,156.0017968575558,189.6590823782865,377.0745616357983,2.45337878559699,269.9
22.9,3.4053,0.0294,3.4053,0.0294,0.5909,206.95217013244545,251.94177233515092,401.3380135247975,168.3517652535462,156.25005224828644,187.65290414680555,377.069352506599,2.5074978621764425,269.9
22.91,3.1143,0.0295,3.1143,0.0295,0.604,204.7139144458113,249.2169393253355,388.4748800201721,165.75602495501147,156.53162255944343,185.32923340066367,377.0281979781259,2.5709765917036678,269.9
22.92,2.7525,0.0305,2.7525,0.0305,0.7568,202.3068709292305,246.28662547906328,372.787470078941,163.06659817979104,158.58632987392113,182.5892090615445,378.36156566257256,2.6592442908460177,269.9
22.93,2.265,0.0333,2.265,0.0333,0.8425,198.6234695582389,241.8024846795952,348.4686634642411,159.59863537060656,164.558049794132,178.8557238727924,382.1969670318642,2.813334980772948,269.9
22.94,2.147,0.0352,2.147,0.0352,0.9502,198.1234239427687,241.1937334955445,343.1409647049908,159.89464707422124,168.76409476927626,178.32393847981095,384.8539890479951,2.854979965759211,269.9
22.95,2.12,0.0355,2.12,0.0355,1.1434,198.43062808979536,241.5677211527944,343.8076605187171,160.20326399536677,169.26969069058725,178.1462677366992,385.285218169197,2.853517942870988,269.9
22.96,2.118,0.0355,2.118,0.0355,1.1817,198.5332441030272,241.6926449949896,344.1387651745539,160.25745485044672,169.2321507133645,178.1436300046507,385.3249936829693,2.8519922016571244,269.9
22.97,2.1207,0.0345,2.1207,0.0345,1.205,198.2510061667953,241.3490509856638,344.564188098511,159.67812289810288,167.25630517907166,177.77577254943273,383.9422590749814,2.843531601105103,269.9
22.98,2.1234,0.0334,2.1234,0.0334,1.2509,197.97763706288657,241.016253815688,345.2401404007672,159.06432819211645,165.04150440608768,177.35223571909393,382.3740294620397,2.832901356803946,269.9
22.99,2.3751,0.0325,2.3751,0.0325,1.3095,200.8070618761473,244.46077097965755,359.4179642808428,161.32003606582322,162.49341485347938,179.84988710268632,381.3765608896622,2.748952573161445,269.9
23.0,2.4242,0.0317,2.4242,0.0317,1.0824,200.4766801208214,244.05856710360868,359.6249666131544,160.86068077230323,160.98459811898277,180.02960828759907,380.2422827281063,2.7421747748477774,285.2
23.01,2.4734,0.0286,2.4734,0.0286,0.9041,199.0321817878516,242.3000473939063,360.3437551089432,159.00447650599727,155.0162661557928,179.03725518464552,375.2862238663227,2.714337594616588,285.2
23.02,3.134,0.0265,3.134,0.0265,0.8152,203.7514566340383,248.0452515544814,391.4850928635906,164.23625964442033,150.66720853358996,184.09871797437305,372.27639298156976,2.535150895846706,285.2
23.03,2.8902,0.0263,2.8902,0.0263,0.777,201.52327323643323,245.3326804617448,379.8162015079026,161.63633470064002,150.30743140827684,181.87184897368925,371.72796608323233,2.592168472161663,285.2
23.04,2.6857,0.0261,2.6857,0.0261,0.8189,199.6301715077992,243.02803487905987,370.2964781195311,159.44176712582615,149.94678168178373,179.86778767210376,371.1984148594515,2.640360194095964,285.2
23.05,2.3947,0.024,2.3947,0.024,0.8609,195.5741566849973,238.09027770347504,355.8284760478932,154.71165709304796,145.67901408061434,175.7154847640783,366.9014434102087,2.7009013449165318,285.2
23.06,2.3463,0.0223,2.3463,0.0223,1.0978,194.51665980025655,236.8028901916167,355.7897339342101,153.39618574529229,142.03439523172509,174.15551935254655,363.3989176386571,2.685196061064058,285.2
23.07,2.3388,0.0224,2.3388,0.0224,1.1671,194.671781780382,236.99173434133465,356.1416467257432,153.54548834829194,142.24602013936777,174.1608934864826,363.64162350468007,2.6845057705287525,285.2
23.08,2.3373,0.0225,2.3373,0.0225,1.2088,194.83157023100733,237.1862594116611,356.51841678027847,153.70008125524723,142.45710012087596,174.23018901267957,363.8904250763417,2.6836750928275883,285.2
23.09,2.3758,0.0231,2.3758,0.0231,1.2288,195.6746954105351,238.21267267369493,358.7667331201052,154.6562856204855,143.73901021685074,175.0435421801428,365.2216892908632,2.6772334848637787,285.2
23.1,2.4144,0.0253,2.4144,0.0253,1.2565,197.50147228344343,240.4365749537573,361.0778469888623,156.7997839501596,148.33392264215698,176.80131249804927,369.6511335532194,2.685004666153875,285.2
23.11,2.6857,0.0268,2.6857,0.0268,1.2834,201.0903855898778,244.80568680506863,374.9751376257892,160.89987656685372,151.2834219169201,180.4154291186957,372.7637656651359,2.6237348233414144,285.2
23.12,2.9492,0.0283,2.9492,0.0283,1.3217,204.3883132212209,248.82055522583417,387.83404042874383,164.668495654456,154.1342842800719,183.71394463006496,375.71343422231473,2.5707454976526027,285.2
23.13,3.1851,0.0283,3.1851,0.0283,1.3019,206.30102039804493,251.1490683106634,398.3145197953266,166.84077760557258,154.07591638492983,185.78328828904947,375.96856766431216,2.519768044290281,285.2
23.14,3.3974,0.0309,3.3974,0.0309,1.2032,209.3018995002361,254.8023124350701,406.6930004513925,170.29068983759257,158.8772143467223,188.9132900692796,380.51236314353,2.500246534199781,285.2
23.15,3.5154,0.0341,3.5154,0.0341,1.0171,211.6759471910508,257.6924574499749,410.1367363228896,173.01340073687075,164.5784985796245,191.42646388844727,385.5577521727316,2.507248636787413,285.2
23.16,3.4014,0.0402,3.4014,0.0402,0.978,213.76820882573568,260.2395585704608,404.9689411191147,175.50198501627162,175.0413283499403,193.16329880282723,393.8422136355848,2.571109391198457,285.2
23.17,3.4564,0.0478,3.4564,0.0478,0.9636,217.48621320924,264.7658247764661,407.2179386094498,179.92929128615262,187.11066488645292,196.43624842882423,402.9002028934428,2.6037560564066,285.2
23.18,3.5115,0.0614,3.5115,0.0614,1.1541,223.25143641772345,271.7843573780981,411.17756821708,186.92928214058543,206.8687471247335,201.04268541435985,416.3245177302403,2.650268822896935,285.2
23.19,3.6845,0.0683,3.6845,0.0683,1.3446,227.2387314920166,276.63845572941153,419.905724395571,191.56398558092732,215.91471852304693,204.2616624815651,422.32494837405,2.638592955475597,285.2
23.2,4.2586,0.0721,4.2586,0.0721,1.2184,232.6076951458705,283.17458539497284,441.3040143327028,197.4706355378594,220.07600281322456,209.5301559099248,425.8105080875777,2.558667356110622,285.2
23.21,4.8091,0.0731,4.8091,0.0731,0.8351,236.11033496118984,287.43866864840504,458.5191661723769,201.3107631388505,220.73102093890708,213.4999819645815,427.00415120719305,2.490480806128145,285.2
23.22,4.8956,0.0733,4.8956,0.0733,0.3029,236.07862206590568,287.4000616454504,457.83595160505416,201.24415204517612,220.9969298441777,214.12294214207145,427.2587607148292,2.494302097015626,285.2
23.23,4.7108,0.073,4.7108,0.073,0.3005,234.81601058978936,285.86296941365663,451.23995152433577,199.80243249589844,220.8341886702177,212.89277978661715,426.95595750305193,2.520789491819417,285.2
23.24,4.0384,0.0728,4.0384,0.0728,0.3008,229.91808414178573,279.90027634652176,425.8198318315642,194.4929369096515,221.50667962232964,208.200857499688,426.3639952183531,2.630542746449537,285.2
23.25,3.9645,0.0722,3.9645,0.0722,0.3011,229.1780666569491,278.99938549541633,422.8908141792139,193.63890181831852,220.8307403030084,207.5301143214265,425.8936781728286,2.6418277081180728,285.2
23.26,3.9298,0.071,3.9298,0.071,0.9113,229.54015616530825,279.4401901142883,426.3913844135433,193.90905418023448,219.12431243475083,207.0041775308325,424.98532982538177,2.621758113525354,285.2
23.27,3.9507,0.0681,3.9507,0.0681,1.0828,229.094424895309,278.89756074211533,428.5871269905367,193.22866612043228,215.2251949279513,206.47120452197933,422.75013301494334,2.6009583871987565,285.2
23.28,3.9715,0.0631,3.9715,0.0631,1.0144,227.53975533330936,277.00491953620275,428.88494702736,191.25323249208665,208.49080390066095,205.34823991887308,418.6417419621116,2.579552369957334,285.2
23.29,4.1603,0.0584,4.1603,0.0584,0.7492,226.9053818444089,276.2326387671065,434.1790236176168,190.31592588436817,201.82211461066697,205.4268262541996,414.6377398436656,2.5361181497197203,285.2
23.3,4.0423,0.0563,4.0423,0.0563,0.7394,225.30422787177108,274.28340784389525,429.5408498906927,188.43116140667445,198.9753071365294,203.9808869349237,412.6253882403616,2.547307286093337,285.2
23.31,3.7002,0.0555,3.7002,0.0555,0.7346,222.4332918486411,270.7883552939979,415.7687917776692,185.2211582202147,198.21034086890788,201.18487210645725,411.6336830603127,2.606251026651425,285.2
23.32,2.9845,0.0569,2.9845,0.0569,0.8351,216.74046030823703,263.85795167959293,385.2859251983799,179.24241064345114,201.20084593462124,195.47993453663176,412.35733284588633,2.7615894046969425,285.2
23.33,2.9894,0.0584,2.9894,0.0584,0.9356,217.51105122232983,264.7960623576189,386.4670039929201,180.13586254882543,203.30855845940647,195.97220856223123,413.8044686466956,2.762724704304892,285.2
23.34,2.9942,0.0665,2.9942,0.0665,1.3085,220.84118121775967,268.8501336564031,390.14467228516105,184.22854730150732,214.4447355226341,198.16570305367904,420.9015865124663,2.7791053496067657,285.2
23.35,3.0042,0.0739,3.0042,0.0739,1.4363,223.2308981113914,271.7593542225635,391.7835454698634,187.5333290243952,224.4590348803158,200.0285646645062,426.77140013777824,2.798734872672692,285.2
23.36,3.3817,0.0781,3.3817,0.0781,1.488,228.20802879126103,277.8184698328395,408.8316125648792,192.6504423711407,228.77869222124104,204.4272371099644,430.27252734391817,2.732024286723429,285.2
23.37,3.8614,0.0794,3.8614,0.0794,1.4316,232.5904187396167,283.15355324822906,427.9999984106103,197.2408830112846,229.5819444247369,208.6802252549719,431.667136531562,2.6483550140716288,285.2
23.38,4.7304,0.0881,4.7304,0.0881,1.1656,240.969846402816,293.3545956208195,458.406379535791,206.5646216606208,238.85500655480425,216.75787713673768,438.246572247594,2.547009671138836,285.2
23.39,4.931,0.0926,4.931,0.0926,0.9388,243.2351892925768,296.11240435618043,463.8507738416994,209.16447157693867,243.8625201105175,218.98762671323652,441.2772609676951,2.5390325187695044,285.2
23.4,5.0725,0.0927,5.0725,0.0927,0.7121,243.91033215156767,296.9343174019085,467.180088574064,209.86177740150652,243.8258379501829,219.92744321351975,441.4793312217116,2.5261676009337406,285.2
23.41,5.2495,0.0929,5.2495,0.0929,0.7268,245.1143814556917,298.4001165547552,473.2934787687333,211.14688758499813,243.79429534246583,221.08216234458223,441.7628881727924,2.502655192315544,285.2
23.42,5.6388,0.102,5.6388,0.102,0.606,249.7090453392941,303.9936204130537,485.30396900282994,216.45826669389456,253.5218014288116,225.1374155902563,447.4474553832516,2.4825657976164197,285.2
23.43,6.2286,0.1032,6.2286,0.1032,0.4253,253.06847990593087,308.0833668420028,502.64136228388907,220.22707837873585,254.1195798454319,228.634707124448,448.50676115668506,2.4208952082468183,285.2
23.44,6.9286,0.1036,6.9286,0.1036,0.2261,256.3811904408542,312.1162318410399,522.1255860068354,224.0711612769552,253.78655099654964,232.2703894052777,449.1346638915479,2.3520031145270783,285.2
23.45,6.7398,0.0974,6.7398,0.0974,0.1069,253.71862661625133,308.8748497936973,516.007588455387,220.89818700745613,247.19516786527868,230.1935217321137,445.5029128790411,2.3564924107696483,285.2
23.46,6.2326,0.0913,6.2326,0.0913,0.0371,249.4956222611133,303.7338010135293,500.4571173872921,215.883988895286,240.863325072154,226.4229562993232,441.5648501061344,2.3951695777463864,285.2
23.47,5.6781,0.0862,5.6781,0.0862,0.0203,245.0855833677273,298.3650580128854,482.8900861768406,210.71282198797493,235.5596502983319,222.36826230237185,438.0226961982767,2.445876014896481,285.2
23.48,5.0883,0.0834,5.0883,0.0834,0.0121,240.7795576049544,293.122939692988,463.05451371040255,205.78767602701708,232.93788242853051,218.31076175097223,435.8395098247977,2.5156064487991205,285.2
23.49,4.4591,0.0764,4.4591,0.0764,0.012,234.48300076871064,285.4575661532129,440.3139791746066,198.6193649355461,225.17953512690005,212.67265310595292,430.5263375181567,2.587113998714351,285.2
23.5,3.9558,0.0749,3.9558,0.0749,0.0323,230.1935106412418,280.23557817194654,420.8170090248561,193.9508947788069,224.00448037378905,208.7172877575005,429.0837770434042,2.668825949269244,301.6
23.51,3.9361,0.0702,3.9361,0.0702,0.0526,228.7042326527059,278.42254409894633,420.199403852927,192.0497200413061,217.95647605922,207.4729853035479,425.51412827612455,2.654288960634939,301.6
23.52,3.9165,0.0635,3.9165,0.0635,0.1976,226.68903425859585,275.969259097421,420.5991450217701,189.4731211298084,209.0058951668264,205.62927641681827,420.0310801628583,2.6257963399976068,301.6
23.53,3.6963,0.0591,3.6963,0.0591,0.3356,223.6664881095001,272.2896376985219,412.6734323006431,185.9448552728005,203.16534230501028,202.735105895892,415.994848811276,2.6438202754782445,301.6
23.54,3.2795,0.0586,3.2795,0.0586,0.4804,220.10565585504807,267.95471147571067,395.89615371605504,182.0924339201953,202.97732809240864,199.15527778763197,415.2125348897263,2.7228419769839958,301.6
23.55,3.2804,0.051,3.2804,0.051,0.7107,217.88165404087405,265.2472310062814,398.0078079552501,179.16943951852082,191.81389153274296,196.90333895570828,407.8264953373012,2.6764707507709056,301.6
23.56,3.2814,0.0468,3.2814,0.0468,0.7707,216.3940188027985,263.43619680340686,398.60138117655526,177.2743059812901,185.37814213221495,195.53543838296588,403.33963559007736,2.651928489248828,301.6
23.57,3.2932,0.0444,3.2932,0.0444,0.8074,215.600185233254,262.469790718744,399.4650062179068,176.24461825076173,181.5843420852789,194.8065615399169,400.6423825661536,2.634763216098581,301.6
23.58,3.3266,0.0439,3.3266,0.0439,0.8018,215.6908520105305,262.58016766499367,400.9035753398039,176.28582626401868,180.75213209029044,194.92953140352355,400.12577556590935,2.625229957983206,301.6
23.59,3.2677,0.0439,3.2677,0.0439,0.8135,215.23493534382632,262.0251386794408,398.423657713653,175.74919683741666,180.79329580792972,194.4516440643222,400.1158025962092,2.6376109963388887,301.6
23.6,3.1222,0.0399,3.1222,0.0399,0.8253,212.2668704373285,258.4118422715304,392.0055805946048,172.24647565718416,174.3990818335259,191.67719873826408,395.0863068798008,2.6460041696041663,301.6
23.61,3.0672,0.0386,3.0672,0.0386,0.9031,211.351937209424,257.29801051582047,390.2186127432931,171.1374532409813,172.24513052556583,190.6848174843568,393.3790989749371,2.647152353395367,301.6
23.62,3.0577,0.0386,3.0577,0.0386,1.0315,211.5223592393188,257.5054808130837,390.9764680941359,171.29252959606805,172.2250439272296,190.6220963602172,393.4122149433224,2.6436442472530817,301.6
23.63,3.0545,0.0386,3.0545,0.0386,0.9701,211.41139384785828,257.3703925104362,390.2834531660377,171.1352513121226,172.22809258929925,190.61578526049817,393.4512990482813,2.647416952997573,301.6
23.64,3.0864,0.0387,3.0864,0.0387,0.9707,211.76790827290336,257.8044100713606,391.7649433069463,171.50161153635202,172.36495977852667,190.96463568334244,393.6560566130532,2.640916995722338,301.6
23.65,3.1182,0.0388,3.1182,0.0388,0.9713,212.1207585585777,258.2339669408772,393.23320335210417,171.8642650423973,172.50197354482538,191.3101824297708,393.8601561960946,2.63451813190433,301.6
23.66,3.1163,0.0388,3.1163,0.0388,0.9737,212.13500701573344,258.251312888719,393.1852550484709,171.84600511329762,172.49481870245577,191.31587457639407,393.900506773486,2.635050045204037,301.6
23.67,3.1369,0.0375,3.1369,0.0375,1.0848,211.9229074591581,257.9931047328881,395.13649489566376,171.52469156058308,170.26400166453757,190.97900706002284,392.2203152878808,2.6174028031603047,301.6
23.68,3.1576,0.0362,3.1576,0.0362,1.1847,211.66556670628384,257.6798203380847,396.9771010128457,171.16016059823812,168.0109669261776,190.62338213567983,390.48619240151805,2.600154947278014,301.6
23.69,3.2441,0.0343,3.2441,0.0343,1.1223,211.34554394214115,257.29022740782403,400.2785262134364,170.722185137685,164.6698908580199,190.5346170302245,387.87791166405947,2.571557501843677,301.6
23.7,3.4092,0.0339,3.4092,0.0339,1.0722,212.38465031203123,258.55522646682067,407.03977143376943,171.88062893250978,163.9046579995746,191.73720631270152,387.4705293540394,2.5367607933924408,301.6
23.71,3.5469,0.0328,3.5469,0.0328,1.0274,212.78468186691123,259.0422214031963,412.52168074595664,172.32180530753865,161.92542544796763,192.3289107628797,385.96677440191,2.503709419884365,301.6
23.72,3.598,0.0326,3.598,0.0326,0.9663,212.9837713965764,259.2845912653974,414.1665586183315,172.52586527980046,161.55719302122043,192.6502482827063,385.7419851984,2.494970533302928,301.6
23.73,3.48,0.0333,3.48,0.0333,0.9844,212.5487102356398,258.7549515912137,409.3652565877981,171.97189000012557,162.81602366898184,192.088283958033,386.75462859066295,2.522487383674231,301.6
23.74,3.2991,0.0339,3.2991,0.0339,1.0024,211.51912625963104,257.5015450117248,401.72607977738073,170.74752246846523,163.92315479843526,190.92244425245417,387.5417209760264,2.563232298901213,301.6
23.75,3.1733,0.0352,3.1733,0.0352,1.0533,211.26545773123544,257.19273115106927,396.6198851569886,170.44525458196424,166.23744121013857,190.47279370381108,389.3716955876645,2.597234140371931,301.6
23.76,3.1842,0.0392,3.1842,0.0392,1.0999,213.3866452454133,259.77504638572054,397.5400889487067,172.91944591456064,173.019683117904,192.29939794400224,394.9101489737185,2.618924888832056,301.6
23.77,3.1952,0.0478,3.1952,0.0478,1.164,217.2909982325396,264.5281717613526,398.6170143613064,177.5873689129679,186.72366643656173,195.6114038001366,405.2789530081002,2.663305079401498,301.6
23.78,3.2264,0.0513,3.2264,0.0513,1.2457,219.08514582539684,266.71235143961354,400.73644458069873,179.69489865234746,191.9558079700333,197.06063630674475,409.0921309409568,2.671291031168584,301.6
23.79,3.4014,0.0579,3.4014,0.0579,1.2978,223.10023629274517,271.6002876607332,408.7894564257752,184.36587642891809,201.3000772619673,200.5933394698391,415.7861603849254,2.6642069870594023,301.6
23.8,3.7906,0.0637,3.7906,0.0637,1.3069,228.2866402841449,277.9141707806982,424.9652092672859,190.2266052666606,208.8203824853109,205.39210030262336,421.3609559463295,2.614558150050112,301.6
23.81,4.1839,0.0685,4.1839,0.0685,1.1622,232.61280234078544,283.18080284965185,439.1940095087079,195.10598020563503,214.7398296835793,209.6172209712813,425.715397574364,2.571087943200399,301.6
23.82,4.5968,0.0688,4.5968,0.0688,1.023,235.36603423045776,286.5325634109921,453.4643183780288,198.1280093647213,214.6923126913653,212.5793523155629,426.2993676538045,2.511718867366743,301.6
23.83,4.9703,0.073,4.9703,0.073,0.7354,238.76100448866868,290.6655706818575,464.65952215741714,202.0003873572236,219.7056271012219,216.0693666870284,429.8899984375174,2.4818611891535998,301.6
23.84,5.3675,0.0792,5.3675,0.0792,0.4762,242.80199973359336,295.5850431539397,476.41726750978216,206.64667976275817,226.98813997368785,219.9836109360661,434.76324713591737,2.457313308590869,301.6
23.85,6.2522,0.0805,6.2522,0.0805,0.3849,247.761062329425,301.62216283582177,503.99871252936174,212.4505395478942,227.71396506408672,225.20051730971625,436.2228632616491,2.3570666234936914,301.6
23.86,6.6494,0.081,6.6494,0.081,0.1998,249.5967084042225,303.8568624051405,514.7894418891277,214.660673049741,227.99168783443344,227.3500928029588,436.81950181218497,2.3198046834356387,301.6
23.87,7.0308,0.0811,7.0308,0.0811,0.1484,251.22664277888745,305.84113033951513,525.5395641634943,216.68718996944645,227.80452312053896,229.23356553320505,437.1162617580662,2.282285170439968,301.6
23.88,7.4201,0.0811,7.4201,0.0811,0.1202,252.7536932546882,307.7001483100552,536.2927199183162,218.6497635599849,227.50987343919917,231.0463439807157,437.3369604813975,2.245317937131952,301.6
23.89,7.6599,0.0811,7.6599,0.0811,0.0688,253.6250463231462,308.7609259586128,542.5724354273764,219.78148119092103,227.33919110953644,232.1340079926895,437.4862453605074,2.224231845927818,301.6
23.9,7.5656,0.0811,7.5656,0.0811,0.0257,253.28455423202143,308.3464138476783,539.8033645645826,219.27565383184464,227.40134479544997,231.74726450117285,437.4924638687834,2.2338576271039003,301.6
23.91,7.1723,0.0814,7.1723,0.0814,0.0315,251.9261770692161,306.6927373016544,528.9686290753873,217.40602544193263,228.02804458033248,230.06978524755104,437.5759388878041,2.272345423662218,301.6
23.92,6.6612,0.0854,6.6612,0.0854,0.0187,251.09540600128744,305.68136382765425,514.1985811142652,216.11025721704772,233.10714182973783,228.56829525598027,440.1190270930155,2.3379855731046897,301.6
23.93,6.0713,0.0884,6.0713,0.0884,0.0126,249.1955712760214,303.3685215534174,496.2964079077129,213.73134779145485,237.114060775425,226.21010171734807,441.8423470107175,2.4136249730151023,301.6
23.94,5.4382,0.0885,5.4382,0.0885,0.0106,245.7380667238908,299.1593855769105,475.86655320890833,209.7279780757767,237.89099489098987,222.69792595999849,441.593993811623,2.49293422886948,301.6
23.95,4.7462,0.0885,4.7462,0.0885,0.0201,241.2923474146951,293.7472055483245,451.85515476232297,204.81062978234476,238.72672093687385,218.4011281832997,441.1960720193522,2.591237761487164,301.6
23.96,3.8929,0.0886,3.8929,0.0886,0.0295,234.6237658378114,285.6289323242921,419.0329482759132,197.77608793155028,240.10765343720968,212.3007379798072,440.6607052308176,2.737097949415369,301.6
23.97,3.8736,0.0887,3.8736,0.0887,0.0548,234.55178864945813,285.54130792107946,418.4649309321607,197.6704984029528,240.2302279331868,212.19332792719828,440.75564972533647,2.740361527394766,301.6
23.98,3.8704,0.0893,3.8704,0.0893,0.1218,234.8204069199493,285.8683214677644,418.9016286013596,197.94842119066183,240.8994159827668,212.3114460655816,441.18595724853407,2.740532929029192,301.6
23.99,3.8934,0.0926,3.8934,0.0926,0.1332,235.8782887849353,287.1561776512256,419.95554243638463,199.21503927240076,244.68425896550525,213.15833701559285,443.33831997837086,2.746211229725505,301.6
24.0,3.9165,0.0986,3.9165,0.0986,0.1366,237.52445480823204,289.16020585349986,420.9442598863822,201.2582387854262,251.47355179047872,214.479437998305,447.0382091847301,2.7598375435606752,346.3
