Depth,qc,fs_corrected,u,andrus_2007_holocene Vs,andrus_2007_pleistocene Vs,andrus_2007_tertiary_age_cooper_marl Vs,robertson_2009 Vs,hegazy_2006 Vs,mcgann_2015 Vs,mcgann_2018 Vs,Ic
0.01,0.067,0.0119,-0.0008,26.5997127846188,32.382259042144625,41.03054379136085,20.85931841619171,34.422626137960954,11.509143165092755,45.993219809016836,4.215883819203674
0.02,0.756,0.0144,0.0004,51.98520467953766,63.286336131611066,111.00900307050745,34.335436794960145,37.17414441468856,20.098117790609177,57.20164647454163,2.7973187119320744
0.03,1.571,0.0152,0.0004,62.80183845332359,76.45441203013307,152.800968570302,42.06976894488697,40.24602919682129,25.107294704222863,64.17454571898287,2.3727024767190614
0.04,2.727,0.0184,0.0,71.98259647134317,87.63098700859169,194.07920929074558,49.90654873412465,45.24660013609576,29.91637991362295,71.04464037656854,2.0869096214135183
0.05,4.181,0.0214,-0.0006,79.11687777739178,96.31619903334652,233.5961308597039,57.015621393033825,49.625844179520065,34.278370733664104,76.90426579055479,1.8661676480402396
0.06,5.777,0.0254,0.0002,84.97715178833916,103.4504456553694,269.1235972618508,63.803160146012026,54.62168951048294,38.320415555427786,82.54618423350472,1.7115386224708968
0.07,7.315,0.0286,0.0002,89.27716670859851,108.68524642785906,299.0465797568788,69.59778176763604,58.77507132772547,41.79076512359681,87.3156979575557,1.5973203435462586
0.08,8.562,0.0296,0.0,91.83643736370858,111.80088026886263,321.8051547102746,73.88816692502242,61.13657333833688,44.492302735425405,90.82606546729883,1.511329438378302
0.09,9.634,0.0372,0.0,96.53128846054497,117.5163511693591,340.58655361007806,79.94558856084325,68.67260470297045,47.65631537057489,96.47923731405325,1.4926485189809477
0.1,9.875,0.0376,-0.0002,98.01689097949593,119.32491075764722,347.4208305183431,82.60028504317188,70.8224241013693,49.291468526483214,99.24159825223352,1.480342535394332
0.11,9.988,0.039,-0.0002,99.74039773179103,121.42309289087605,352.2421826985772,85.30011638651594,73.70811357903979,50.85202604083956,102.15665048200223,1.482158613828864
0.12,10.124,0.0404,-0.0002,101.38160704105529,123.42108683258907,357.129854081337,87.89827789566833,76.49508757848939,52.35167365137411,104.9208484614773,1.4824662896028638
0.13,10.232,0.042,-0.0002,103.01380430703684,125.40810959117529,361.4331798669996,90.42768344191207,79.3900737207743,53.78461727522736,107.61765865161999,1.485483985064995
0.14,10.315,0.0634,-0.0002,110.82819527487649,134.92128120419747,365.2200665244832,98.82586116584824,98.01720824536139,56.87931987971676,115.69149262565156,1.5877832320219418
0.15,10.414,0.0545,-0.0004,109.18862498886706,132.9252825951425,369.06683928736527,98.19006041532025,92.72244069134268,57.33621675455247,115.44437032599382,1.5410752161464472
0.16,11.06,0.0588,-0.0002,111.61897572015793,135.8839704419314,380.071311163904,101.88100791568701,97.28918264633255,59.25462234660527,118.56184565240267,1.5246661576006253
0.17,11.172,0.0615,-0.0004,113.31659235601346,137.95063417253812,383.83327508154724,104.45837283665439,100.95237245032747,60.57453810903233,121.10812109823746,1.5306941193051933
0.18,11.122,0.0617,-0.0002,114.16735188347447,138.98634142336022,385.35109545908,106.05943356925732,102.69864176664237,61.52159470453679,122.91999216896953,1.5343279437453536
0.19,11.155,0.0591,-0.0002,114.14766030867564,138.96236907143123,387.85798904783155,106.82534372508098,101.99561111293735,62.25707373795088,123.92018805559195,1.5208492383897414
0.2,11.251,0.0587,-0.0002,114.77824054562514,139.73003196858713,391.1107397641435,108.25553468882156,102.96426978212135,63.193534418564205,125.43597555182822,1.5138014056512983
0.21,11.486,0.0546,-0.0002,114.18565655231559,139.00862536803638,396.12018289530516,108.57084974596177,100.57541178482349,63.86252492770086,125.82343280303422,1.4819535928980112
0.22,11.694,0.0551,-0.0002,115.05678790220101,140.06913309833166,400.6863339952611,110.29008098857555,102.08106969735314,64.91029694040579,127.48096090581991,1.4734350941669048
0.23,12.066,0.0542,0.0,115.43710688169737,140.532130116849,407.29736148232826,111.66923700669426,102.19751271585838,65.92425345609746,128.6768360401541,1.4500619938666046
0.24,12.356,0.054,-0.0002,116.00638407333543,141.2251632197127,412.74430138477663,113.15068638652843,102.94577661890024,66.91687445893746,130.03021624506783,1.434661027395876
0.25,12.604,0.0575,-0.0002,117.84440403803652,143.4627527419575,417.57365733912786,115.82629142479387,106.97620908106829,68.22927952763588,132.47659575298064,1.4390856327022385
0.26,12.733,0.0585,-0.0002,118.77474142012385,144.59533738102033,420.83197948572035,117.49228006412497,108.86574742755067,69.17742259101009,134.10802369476065,1.437473921534008
0.27,12.65,0.0601,0.0,119.8711786931476,145.9301305829623,421.3538298075472,119.1079067302386,111.43377360240456,69.99782832683749,135.86385684345638,1.448694283649037
0.28,12.211,0.0618,0.0,120.91888092633161,147.2055941711863,417.2064055767923,120.3320230621652,114.38142018159863,70.51345204612723,137.58186688514513,1.477804419114881
0.29,11.805,0.0612,0.0,121.16619736117468,147.50667504838657,413.28530431188125,120.76513558781431,115.23496826512633,70.80148018913482,138.5981463988628,1.4958161749962045
0.3,11.805,0.0626,0.0,122.13416436711177,148.68506966431,414.67472492860435,122.30855951634365,117.53965040681864,71.60621270505136,140.20367082203026,1.5019847019426684
0.31,11.959,0.0572,-0.0002,120.8474718802618,147.11866141944918,418.0873658784249,121.64153069357997,113.36823498702597,71.85687149650053,139.73676656833354,1.4697672881709563
0.32,12.037,0.0494,0.0,118.45974811663757,144.21186727242835,420.44692028568176,119.79930452044191,106.71603042700214,71.68420666972908,138.21113658069027,1.4277341320291552
0.33,11.847,0.0515,0.0,119.69923405360751,145.720806673957,419.1742893701832,121.33790298305962,109.76825946193695,72.38428789594184,140.03075295460036,1.4480375912339918
0.34,11.453,0.0528,0.0,120.56476634974537,146.7744981649074,415.01798998128794,122.29066925281373,112.21507993871349,72.78333492936034,141.51495378629423,1.4750613507064265
0.35,11.01,0.0525,0.0,120.7859222452341,147.04373142898066,409.9858278526817,122.52587734650734,113.13250062465366,72.92212829967515,142.40948183410723,1.497584022208013
0.36,10.766,0.0527,0.0,121.21092347212118,147.56112422693013,407.62618215928626,123.16928335182905,114.37153920720239,73.2817833138758,143.4752104550249,1.5122230291929895
0.37,10.427,0.0493,0.0,120.2546255614463,146.39693546610854,403.76828545747867,122.22756050365084,111.97608017574989,73.09693151400428,143.19216994537132,1.514412530881048
0.38,10.054,0.0497,0.0,120.66302266058689,146.89411454332318,399.2412262865891,122.70127516824792,113.50461438218508,73.30473734453838,144.27418962907015,1.5386364914292827
0.39,9.938,0.0475,0.0,120.1737376655263,146.29846324498854,398.49875004744007,122.44021916093995,112.0173858089628,73.43623590207793,144.36080088781017,1.5340875668321057
0.4,9.967,0.0498,0.0,121.43447311514551,147.833271618438,399.94375012166455,124.22037804795289,115.17987934972606,74.27690824100002,146.18746149590777,1.5444606073518763
0.41,9.547,0.0515,0.0,122.2209245382957,148.79069074227303,394.38293849063865,125.07215042784625,118.16119120649034,74.53368129968408,147.6998404459052,1.5793959620885378
0.42,9.451,0.0529,0.0,123.03002788159375,149.77568611672285,393.80165554728666,126.25642124000933,120.49969428614735,75.09253133003871,149.11097113043672,1.5926163030469827
0.43,9.268,0.0553,0.0002,124.10303375814516,151.08195414035063,391.7834687211443,127.68103169787639,124.01828060552005,75.65092231272551,150.84719480403007,1.616344609190551
0.44,9.077,0.0512,0.0,122.90084897491437,149.6184248390262,389.5642896849046,126.4744788667482,120.49630388868074,75.42421001852705,150.19212112612504,1.6086397007187314
0.45,8.861,0.054,0.0,124.06691081445227,151.03797838281147,386.8564093400193,127.98321185626655,124.53495027307224,75.96912039396182,152.07053800533293,1.6374150997568144
0.46,8.687,0.0547,0.0,124.50376493380398,151.56980078897877,384.77305316747976,128.68777464453544,126.22586301623456,76.2982720732853,153.15228329093546,1.6529706724330713
0.47,8.516,0.0539,0.0002,124.42028410612326,151.4681719552805,382.6765402097967,128.77550052019137,126.24819858630192,76.44284272088666,153.6706034720713,1.6611717056563011
0.48,8.234,0.0562,-0.0004,125.24489370736299,152.47204451331146,378.5715493490767,129.88962475678855,129.88752457007516,76.78545559157017,155.2941263652927,1.69298814528605
0.49,7.98,0.0587,0.0,126.09148977073276,153.50268319915293,374.83304305500053,131.08808522777883,133.7415454451956,77.15742262888016,156.95571664720694,1.7239965996524376
0.5,7.789,0.0588,0.0,126.21680526904005,153.65524119709224,372.12375409840445,131.43976899689955,134.8396396890017,77.33269896678372,157.76664260220758,1.7392954765362398
0.51,7.722,0.0587,0.0002,126.41561086934519,153.89726540615936,371.62630019694524,131.9335579082339,135.51320997931836,77.65195338818899,158.513831508303,1.7441247832359816
0.52,7.689,0.0578,0.0,126.40054845927308,153.87892855911505,371.73201873508026,132.16522882980905,135.20995105365807,77.9241409259047,158.96981078577403,1.7425318894088841
0.53,7.593,0.1067,0.0002,138.31979903662102,168.38932056632126,370.651238922537,148.53609014731435,187.21362299496684,82.27799332381637,172.97286710311974,1.9289894535570313
0.54,7.49,0.1277,0.0002,142.0950983519856,172.98533712415642,369.4054299128252,154.43801682584945,208.25070842081485,83.78427470590744,177.8817358095099,1.9935095985539784
0.55,7.519,0.1171,0.0002,140.7030294219486,171.29064451367657,370.623790592139,152.5979021406879,199.24723781033265,83.6557746644291,176.71259188998218,1.9639017073196532
0.56,7.577,0.121,0.0002,141.81111918287095,172.6396233530603,372.3769637618974,154.45682919786492,203.7493190324171,84.39814272883568,178.28783215111932,1.9694545415847369
0.57,7.656,0.1153,0.0002,141.28734730984968,172.00198802938223,374.5109886948415,153.87844118977193,199.05484437212525,84.60171025628762,177.9817686235908,1.947994536944565
0.58,7.731,0.1104,0.0002,140.842116829568,171.4599683142567,376.5560322811033,153.43242318811178,195.01877065076417,84.82486463492911,177.77306545650825,1.9285197722925103
0.59,7.714,0.0956,0.0002,138.1678402607413,168.20432727394592,376.8767812407111,149.83683570791536,181.0986969219491,84.19008629595984,175.23090730693843,1.8858182828712153
0.6,7.814,0.0913,0.0002,137.69613978779526,167.63008321992467,379.36635931660805,149.3881546662844,177.21769810905155,84.41832207741759,174.94457758341002,1.8640440012476807
0.61,7.918,0.0906,0.0,137.99356819334133,167.9921699745025,381.9109636428344,150.0294998130555,177.01883457298825,84.914486797426,175.5191972857609,1.853623839577979
0.62,8.105,0.0806,0.0,136.1840127944985,165.78923296721558,385.95243289180297,147.76938072775908,166.71029347326228,84.75961120530363,173.61337535538289,1.804616252160076
0.63,8.204,0.0914,0.0002,139.17766401837036,169.43367793540742,388.36195131682314,152.1345880536833,178.72577005875647,86.1812370827293,177.20652520151123,1.834467903907939
0.64,8.292,0.0744,0.0002,135.3586654113044,164.78446223984886,390.55645501642033,147.17520897754287,160.8826182177708,85.22428133681974,173.23109445551435,1.7673553602983259
0.65,8.018,0.0616,0.0004,131.56701445952206,160.16853934202686,386.1683368305618,142.30286277656876,147.2909180220841,83.85490026573781,169.65334074058418,1.7345958078472907
0.66,8.03,0.07,0.0004,134.3203534081076,163.5204302359571,386.97347106879664,146.16700970943657,157.63875356716738,85.1281534300561,173.16575523569946,1.7696125533570999
0.67,7.668,0.0872,0.0013,138.41964843105606,168.51087635085088,380.78422361254025,152.02067129800008,178.21097488694323,86.48159870444573,178.80121726143076,1.861993582249752
0.68,7.037,0.1459,0.0004,147.93961075896806,180.10039570656983,369.0333920797817,167.25678736066237,239.97587567661574,89.51497553716872,191.77074973698421,2.074600347327052
0.69,7.087,0.1555,0.0002,149.68458905313773,182.22471710816768,370.567218749234,170.24447671905878,249.76525332265354,90.44781570410555,194.09169310929872,2.0908636740937956
0.7,7.29,0.1482,-0.0004,149.4568093766567,181.94742011071253,375.11821530122575,169.75373891877948,243.1927873658084,90.8172282611338,193.62614979686276,2.057983175801406
0.71,7.278,0.109,-0.0002,143.24028907597452,174.37948235336032,375.40981297219423,160.1919067648938,205.2660643019962,88.85948229441989,186.71209481820128,1.9619243438094494
0.72,7.569,0.0975,0.0008,141.7765551538709,172.5975454047124,381.60625556926954,158.01923197578517,193.0799534750136,88.88432626926613,184.73124704393143,1.9036442211846436
0.73,7.847,0.1086,0.001,144.8055697056293,176.2850413807661,387.4300825389243,162.5885752614938,204.82709408538713,90.49670767463579,188.0438452380099,1.9144869501810444
0.74,8.204,0.1311,0.0013,149.84700282344372,182.42243821984454,394.6029695011212,170.22516413352554,227.42924971402607,92.86348081339356,193.43164279232178,1.9461492368162345
0.75,8.612,0.1412,0.0017,152.56466557425875,185.73089722083677,402.5230020652901,174.35629353019576,237.00486899650113,94.44437851533598,196.0417340724725,1.9400450993864289
0.76,10.398,0.1609,0.0017,158.94315719123915,193.4960174502042,433.1358700011298,183.56697550309448,251.99826019540413,98.46206196594292,200.34721447651015,1.8667522057626826
0.77,11.772,0.1521,-0.0017,159.4590117865493,194.12401434884262,454.74291280743984,184.62290214777465,241.8478589893632,100.13396329910869,199.7298604558869,1.7722473957160925
0.78,13.039,0.1383,0.0004,158.26706116853978,192.6729440312658,473.4619177122239,183.76138405750893,227.44099830839932,101.18206547083123,198.07030987224348,1.678630853279468
0.79,12.588,0.134,0.0006,157.3027421961357,191.4989904996435,467.7281282693426,182.4805683077897,224.86388845729425,100.76312370778196,197.84392216456365,1.6901032423192284
0.8,13.797,0.128,0.0056,157.09255297135604,191.2431079651291,485.0209183054588,183.26420175717746,217.858831503883,102.07144394688441,197.4300359899602,1.6190871787368648
0.81,13.793,0.1209,0.0029,155.72883116964948,189.582924902182,485.55673496729116,181.76208847625432,211.627931145136,101.93630783214444,196.58725517938535,1.60120395570675
0.82,10.874,0.1174,0.0021,153.01899668966698,186.28399597002937,443.9336390340795,176.54502257204348,213.69360134348722,98.60083422110168,196.1014449348744,1.7381646075767
0.83,10.919,0.1105,0.0012,151.7739814368315,184.76832522744704,445.16558739035673,175.07736657639478,207.1778781099673,98.49607725859997,195.16689919928004,1.7167659814457206
0.84,10.812,0.1045,0.001,150.51157176100318,183.2314786655691,444.01963610542015,173.52521062693887,201.71775316880164,98.22829050773262,194.3293675343211,1.7056089921675976
0.85,11.391,0.0919,0.0017,148.0144660829016,180.19152392701065,453.48967663429244,170.79950652349288,187.7746594892698,98.2418152458135,191.75748179261075,1.634553624371671
0.86,11.217,0.0724,0.0004,142.37508555869067,173.3261911149278,451.34931655395025,163.6328010771387,166.54830096087022,96.41596250722411,186.43307589424478,1.5743824691275232
0.87,11.035,0.0721,0.0008,142.3884216827783,173.34242639642576,449.0525807510585,163.68869547895565,166.94198517734438,96.46549980661268,186.85564646335607,1.583243878072394
0.88,10.174,0.0733,0.001,142.42139631562586,173.38256942771844,435.825101727099,163.1581403174904,170.13848684133086,95.77815025836743,187.68640984166302,1.637807244418286
0.89,10.174,0.0677,0.0012,140.83281649773667,171.4486461711577,436.3135681451474,161.30629921406143,163.8981822777058,95.44779808098222,186.2890778236026,1.615300782608072
0.9,10.191,0.0745,0.0017,143.203533723741,174.334736707163,437.0767587068926,164.60058758154491,172.50675724497404,96.53158356754822,189.15778944922988,1.6414481801574163
0.91,9.709,0.0649,0.0013,139.95752155886274,170.3830697238329,429.5300496510373,160.15655364704324,162.08432372304628,95.06064748374676,186.2490771624301,1.6321923905194848
0.92,10.062,0.059,0.0015,138.3184211201194,168.38764310275405,435.9018388087233,158.59284154801693,154.5950083254018,95.08633253444467,184.5137354478424,1.5841562725188203
0.93,9.601,0.0592,0.0017,138.27774457937983,168.33812383576677,428.62147902652083,158.26737721271977,155.9272126950998,94.7572298518189,185.03628699630977,1.613764414074088
0.94,9.58,0.0591,0.0008,138.4111074405051,168.50047862322361,428.71374241442857,158.60346973605624,156.246599621345,94.99609661815587,185.4938774984139,1.6146672517095426
0.95,9.027,0.0549,0.0013,136.63484754316258,166.33807526993706,419.5274308873076,155.9703555635581,152.00075965643427,93.88749364313955,184.13623280958186,1.6311318507018937
0.96,8.687,0.0572,0.0013,137.35261199303395,167.21187546978047,413.8485534166847,156.78669114122354,155.97069317910422,93.9615885431924,185.55962996253376,1.665662944742456
0.97,8.466,0.0555,0.0019,136.70441421612918,166.42276513267902,410.21760738523915,155.92217677156006,154.46963289223046,93.64882932633185,185.28314385047338,1.6732737850561858
0.98,8.4,0.0531,0.0012,135.9318310941092,165.482229158046,409.40596031183605,155.01097470687353,151.72776640024122,93.46687756029094,184.68937304245546,1.666240609208355
0.99,8.524,0.0423,0.0013,131.82397053747061,160.48135543692075,412.11848182426354,149.98552527538033,136.81250838287013,92.17291302430755,179.7903876731179,1.5987065906836573
1.0,8.757,0.0316,0.0013,126.90349164848432,154.49120722424178,416.8002986686574,144.38803372507417,121.01033460643328,90.57138756191186,173.5771309835633,1.5135192004044875
1.01,8.978,0.0322,0.0015,127.49238909427818,155.20812585390388,421.2028677360837,145.56404408680953,122.01827555657219,91.29123132435878,174.4728500211031,1.5028521104374932
1.02,9.248,0.0339,0.0019,128.67407955215918,156.64670554175902,426.4143914496522,147.5214231478976,124.62989886951068,92.32644891837984,176.1206637423603,1.4967630788524526
1.03,9.593,0.0367,0.0017,130.4167329713311,158.7681966607509,432.83932905498375,150.26024546859082,128.75118006920502,93.681814699642,178.43523801419735,1.4931196929925525
1.04,9.946,0.0399,0.0019,132.29311906539044,161.05249277525795,439.27622749238975,153.17645909373095,133.3475335923889,95.08132368620572,180.87488385632975,1.4911758037802039
1.05,10.195,0.0421,0.0023,133.5923659634443,162.6341846511496,443.8666343096481,155.25852119111747,136.53928325102024,96.10182237197291,182.61623556779125,1.4892420835047047
1.06,11.014,0.0445,0.0019,135.0949316861583,164.46339509619273,457.59089482740274,158.40408005067601,139.37777731624027,97.88289933219383,184.48426668969464,1.4561272489379182
1.07,11.3,0.0456,0.0019,135.81837009806225,165.34410272807577,462.5235928679074,159.86071937582543,140.929415510951,98.70153140152871,185.54619863250025,1.446659377643321
1.08,11.681,0.0468,0.0023,136.5848657282653,166.27722784310558,468.85246785579164,161.51275325629393,142.5145499083369,99.64537738288986,186.65828816897013,1.4330398896691547
1.09,11.88,0.0492,0.0023,137.86167880732182,167.83160898282657,472.31841625273717,163.49917027989616,145.88531543973275,100.56087890008223,188.33791767452533,1.4353822389813171
1.1,12.083,0.0508,0.0025,138.75638362965225,168.9208148534897,475.8157979067562,165.04340508212368,148.15225466973934,101.33158720651396,189.58434859726944,1.4332478547071181
1.11,12.24,0.0504,0.0025,138.74657209476925,168.90887037624083,478.596596294165,165.45151052593457,147.79235368514364,101.70911368690668,189.84187791603182,1.42339366685336
1.12,12.327,0.0515,0.0025,139.3995034832074,169.70374337086122,480.3194694269938,166.5388967688783,149.50233720867686,102.25013694672518,190.81793850392333,1.4246197201762851
1.13,12.418,0.0503,0.0025,139.01963014510272,169.24128887229898,482.09489238678964,166.4140055775933,148.13921785945848,102.41114256831,190.67265852276438,1.4141360624539099
1.14,12.281,0.0495,0.0029,138.80226754018156,168.97667352717758,480.47639109467286,166.13499140852278,147.52462056082857,102.36211731791582,190.684629918428,1.416808654632791
1.15,12.145,0.0503,0.0033,139.30831298321772,169.59272884913463,478.8520005503232,166.71012507227422,149.0627177730568,102.58295570070995,191.48937811053938,1.4276500151241867
1.16,12.319,0.0503,0.0025,139.47011267451998,169.78970238637217,481.87151059034295,167.34546971500515,149.2076572704683,103.04102076422903,191.92949610897873,1.4190251877220148
1.17,12.398,0.0508,0.0021,139.8498567927415,170.25199957377225,483.4590519501243,168.09588296488863,150.12204137201468,103.4672284014812,192.60336173200918,1.4176757931636035
1.18,12.352,0.0502,0.0017,139.72378712600835,170.0985234577493,483.17880973200243,168.05666900380936,149.67575880784875,103.55464836981838,192.71532084200246,1.4169198954355111
1.19,12.29,0.0527,0.0015,140.98735502011084,171.63678002448276,482.65340051795357,169.64621787941013,153.43317470183385,104.14193204815184,194.34402836721526,1.4324556484299686
1.2,12.182,0.0475,0.0013,138.75723597260625,168.92185248839024,481.4268852819299,167.00729017040166,146.77538251549072,103.35684805455719,192.13084708348893,1.411416525548351
1.21,12.062,0.0439,0.0013,137.15804841690135,166.97501546405383,480.0040058605475,165.11177510740194,142.17455243308277,102.77348744129199,190.55806963423484,1.397999722564304
1.22,11.95,0.0445,0.0013,137.5919272051969,167.50321572806578,478.6864396727194,165.611318370945,143.41144509075045,102.9865987258788,191.27936285784168,1.4069536222653594
1.23,11.888,0.0426,0.0013,136.7864539730751,166.52263961939582,478.12246172695666,164.7345238023542,141.0664189835521,102.77041432122863,190.5832819989789,1.399523761977969
1.24,11.855,0.0425,0.0013,136.8735220721107,166.6286355660478,477.9980587439944,164.94931037966805,141.23510773816253,102.94070946595338,190.9118447573035,1.400644832856822
1.25,11.884,0.0422,0.0013,136.85957759443917,166.61165968018682,478.824984003134,165.1455822124307,141.05969952388304,103.14646787206405,191.1275667772138,1.3974801748477625
1.26,11.909,0.0417,0.0015,136.74109860285287,166.46742438608177,479.58829853579596,165.21244876912797,140.5970426888628,103.30424538652598,191.21971547730405,1.3933711535723485
1.27,11.946,0.0456,0.0013,138.82015777164193,168.9984529393902,480.53223954909504,167.8863286819627,146.40161414566717,104.34926175221955,193.84695033653207,1.4131979267977934
1.28,12.058,0.058,0.0015,144.51307340414277,175.9289589267825,482.62345416168273,175.12095644033081,163.6834163554648,106.82929399924568,200.4153372957409,1.4693416324841697
1.29,12.228,0.0645,0.0015,147.2799800776529,179.29736705105572,485.5853526134135,178.97754486493275,172.439059452882,108.22669610724803,203.62361586380618,1.4895711815546064
1.3,12.406,0.0622,0.0015,146.56065485050786,178.4216667745313,488.6468400702887,178.49477372889393,169.51529627620502,108.35816772326815,203.08275609135922,1.470806312167275
1.31,12.642,0.0717,0.0017,150.34783688973314,183.03214925706644,492.55111051186043,183.75257407088563,181.9136629477706,110.17645798186673,207.30048599919152,1.4986726152111765
1.32,13.126,0.0839,0.0017,154.79794552785336,188.44967281651714,500.04725261388825,190.25988432103455,196.89908290746754,112.46585370077618,212.04507732718503,1.5208322771299516
1.33,13.275,0.0771,0.0019,152.69712258639845,185.8921492356155,502.5839369248091,187.92707299931104,188.62162636851536,112.0962450049003,210.14629872255404,1.4893783053272134
1.34,13.35,0.0771,0.0017,152.8557827286358,186.08530071312185,504.03975984509634,188.40622066593696,188.88281730546876,112.4210850382447,210.5537108367244,1.485929229840272
1.35,13.54,0.073,0.0017,151.56223678117522,184.51054912490898,507.14119658170586,187.20748484109316,183.80364392887722,112.37235841291032,209.47883443498236,1.4616856029947936
1.36,13.677,0.072,0.0017,151.34885476410147,184.2507797128192,509.4673207515847,187.30953207194602,182.70049268670329,112.6374782137687,209.50995136089867,1.451622428448964
1.37,13.772,0.0775,0.0017,153.4947894321065,186.86322191734706,511.1868148897073,190.3144683851385,189.89737531839998,113.67206563360979,211.92776503278884,1.4683297177309291
1.38,14.095,0.0799,0.0021,154.52258790952982,188.11445484638415,516.1063302480287,192.23243591499124,192.83682157524,114.5726513373763,213.19809862054933,1.4628862518831018
1.39,14.282,0.0847,0.0021,156.3307486427192,190.31569399983206,519.0821624299491,194.96026416381787,198.89779468080405,115.57925231450491,215.23494418680144,1.4717875085051286
1.4,14.733,0.0846,0.0023,156.4930729813449,190.51330623815903,525.656987377266,195.95669070967108,198.54879658982279,116.3180433997248,215.64214862858,1.4523380181166377
1.41,16.012,0.0856,0.0023,157.0104145922122,191.14311341660616,543.0239975773306,198.58288182419957,198.54842791151853,118.06909177526346,216.4944052644729,1.4046255662414944
1.42,15.896,0.1147,0.0033,166.15908111742405,202.28062049077712,541.8994955023178,210.28660461742209,233.26166627758556,121.08300690203151,225.27940010600813,1.4978812841663074
1.43,16.145,0.1159,0.0035,166.68662581056847,202.92284881286596,545.5057687993706,211.47533637770724,234.70301448632662,121.69637604548657,226.01127283443552,1.4915869521007625
1.44,14.841,0.1106,0.0012,165.03968218816973,200.91787396820664,528.5947566988822,207.95094798937558,230.95648700362193,119.99550205105865,224.89637734864743,1.528814559111714
1.45,13.71,0.1215,0.0006,167.54226085944734,203.96449148106635,513.1786079366632,210.38238227520793,245.7469540657584,119.79297545510336,227.92651662032742,1.6070318295807455
1.46,13.077,0.0997,0.0008,161.57152993818212,196.69577557691738,504.33884337160293,201.66701479767383,221.6644655091314,117.2672619124503,222.4505882918421,1.574814259769399
1.47,12.675,0.0965,0.0008,160.58930494114796,195.50002340661493,498.6961166978207,200.06427681820188,218.829404232432,116.64666228975213,221.84079186668828,1.5841472413751658
1.48,12.364,0.0876,0.0006,157.90259769751268,192.229249370885,494.3170710444991,196.22674763642084,208.66271686096763,115.51790822548195,219.40346386367685,1.5704866490681326
1.49,12.191,0.0767,-0.0002,154.40628059389974,187.97286333170402,491.9888643560482,191.49139200925387,195.29379439981116,114.23292164388073,215.99115641859566,1.540376710442875
1.5,12.244,0.0729,0.0008,153.22476419971275,186.5344955474764,493.13435959598223,190.15383447708103,190.53981051764353,114.0350969410251,214.93941137818524,1.523193278964895
1.51,12.286,0.0684,0.0013,151.71550344423707,184.6971346277669,494.106305434493,188.39394237984988,184.78135842357804,113.69940300842829,213.5304690642601,1.5031530489920746
1.52,12.629,0.0618,0.001,149.35060692121857,181.81813016496173,499.65638179144446,185.93117898274858,175.57730175782552,113.40168681434322,211.1275048991027,1.4586588798548437
1.53,12.778,0.0601,0.0012,149.09653113867333,181.5088205166458,502.22663528076623,185.09025848206264,172.68165978436286,113.53748693459362,210.73088648197086,1.447267893680994
1.54,12.501,0.0589,0.0006,148.63798056214887,180.95058503218124,498.359099773598,184.36145650688158,171.72131466815975,113.1952486010096,210.49165233602892,1.4548612693649543
1.55,11.176,0.0594,0.0004,148.33558641217158,180.58245302351324,477.78529607985377,183.05942435996812,175.07255691732246,111.66255235960102,210.89351833297687,1.5224557627901307
1.56,10.745,0.0581,0.0004,147.7497845626198,179.869302945798,470.96081580545206,181.84475049223968,174.10993763216584,111.02653974475635,210.56883944301677,1.540558348216297
1.57,10.625,0.0577,0.0017,147.65012292005773,179.74797572876594,469.2457860341594,181.68777094028658,173.98486017316625,110.98055339284282,210.70267890408303,1.5455654794037492
1.58,10.472,0.0541,0.0,146.20384762553945,177.9872927615263,466.94069343460546,179.70850875466226,169.21867715648392,110.35299726893642,209.25886343047745,1.5373024504763475
1.59,10.497,0.0552,0.0004,146.7935310995966,178.70516829516112,467.65958217209317,180.6480834587815,171.06919340714538,110.76959183437944,210.14603025932726,1.5411808821476853
1.6,10.534,0.0553,0.0025,146.96784880962602,178.91738115954473,468.5864767895887,181.05840076478864,171.42959612187943,111.03574256382643,210.5346431874208,1.539498287012624
1.61,10.567,0.0518,0.0019,145.596638407626,177.2480815397186,469.4340981280992,179.43819666358334,166.45672464819893,110.67609627608587,209.08689508554417,1.5204121231570393
1.62,10.72,0.0549,0.0004,147.1091665566531,179.08942015592552,472.3033052127559,181.75892713622648,171.10581846259123,111.6337594927847,211.02548169415806,1.5269280319557155
1.63,11.068,0.0539,0.0013,147.1934593900574,179.19203751833075,478.39676891204834,181.69716134054332,168.84862856061739,112.16924642595438,210.89965558822914,1.5056213853684692
1.64,11.101,0.0533,0.0015,147.20103200868402,179.20125635839793,479.2318787237532,181.4594215094028,167.88014483687095,112.30391953471509,210.92374110068337,1.5025137556932229
1.65,11.13,0.0522,0.0015,147.01424877345406,178.97386807203102,479.99850774525373,180.87759182854728,166.11981653355025,112.34152498101551,210.6805400315041,1.4974906902680862
1.66,11.292,0.0509,0.0023,146.88411130664923,178.815439851573,482.9467894333622,180.23828533764154,163.67568374976514,112.52899822148521,210.33469584662402,1.4854735756704303
1.67,11.275,0.0514,0.0023,147.24414305785126,179.25373937477545,482.95600853753336,180.71605357269306,164.6200412280875,112.78405996887793,210.9200621129658,1.4892220725944336
1.68,11.28,0.0526,0.0023,147.88883699487025,180.03858416766815,483.3233895915798,181.68067067968875,166.62409262652758,113.19523109329646,211.8742790492416,1.4948719224746867
1.69,11.238,0.052,0.0019,147.80490346598316,179.93640421945776,482.9175118149163,181.39022740651725,165.87177651908928,113.21339770179526,211.8705652054405,1.4951549064295606
1.7,11.155,0.0492,0.0013,146.82749136792742,178.74651123052035,481.8313346341982,179.5500695489753,161.6761978874231,112.75903368515894,210.65417490627948,1.4879032274038468
1.71,11.11,0.0508,0.0013,147.58074434886998,179.66351485949392,481.36733934504224,180.76818009130398,164.47467280882336,113.17754112707907,211.84018058189676,1.497702070325143
1.72,10.865,0.0502,0.001,147.2635002968401,179.27730470919664,477.5590498821734,180.32299653666158,164.26204578063047,112.88634738509096,211.79053904463302,1.5074805699233702
1.73,10.778,0.0548,0.0004,149.05905502153425,181.46319741751998,476.3659733172905,183.52029456896963,172.0516410887504,113.76244668617178,214.5199438572223,1.5317744388878178
1.74,10.836,0.0557,0.0008,149.63529831511136,182.1647109923095,477.61739337821166,184.2933052605557,173.40973961421523,114.18725442984159,215.29697167746397,1.5334900658026398
1.75,10.894,0.0571,0.0006,150.38558058994036,183.07809810949263,478.8632649184887,185.38713256549025,175.55866537616296,114.69333442067665,216.31481393581117,1.537166453449794
1.76,10.882,0.0575,0.0004,150.69477269606463,183.4545058908613,478.93112014257235,185.77407544304688,176.31731451004572,114.92349674495867,216.82178962155496,1.540176511039858
1.77,11.023,0.0581,0.0015,151.25389372668027,184.13517497161078,481.56592273853425,186.3957716252536,176.92363637030599,115.4176380011765,217.44674328147383,1.536647297360314
1.78,11.168,0.0596,0.0002,152.1267538276156,185.1977872684016,484.24163977859445,187.59197119156502,178.93406424301088,116.06158081495747,218.50080823145086,1.5364837099883526
1.79,11.851,0.0603,0.001,153.29057634144885,186.61461467654647,495.62477945226965,188.6354829403221,178.10469719870557,117.35403382747513,219.2394025030372,1.5088927811764572
1.8,12.17,0.056,0.0006,152.22861163500258,185.32178807739447,500.95413648508406,186.24273417191387,170.7185370450351,117.26408764157482,217.48999986019362,1.4791902011533753
1.81,12.406,0.0577,0.0015,153.24863198402699,186.56355198055462,504.9226835191163,187.6386190879662,172.8139730807737,118.06278813646949,218.67451184632938,1.476595944833132
1.82,12.48,0.0688,0.001,157.33500787147327,191.53827045222835,506.3456111046135,194.62923401710944,189.392276511257,120.08600845630588,224.055857138113,1.5147841464386431
1.83,12.733,0.0693,0.0013,157.92088954423045,192.25151770601968,510.5202110097711,195.2222520121104,189.48447550412948,120.68967306996267,224.61134531866847,1.5066807979091719
1.84,12.882,0.0704,0.0013,158.5985930368191,193.07654804482326,513.0707823749899,196.09742884664783,190.76134732790814,121.23368412330439,225.4015959340542,1.5050480672886375
1.85,12.977,0.0711,0.001,159.0929855225845,193.67841715792898,514.7880947188822,196.7027835663938,191.60161649502305,121.64488165787313,226.01368729871658,1.504288990654262
1.86,12.754,0.0737,0.0013,159.89403316908886,194.65360559715168,511.66468771826493,198.19192919751552,196.13223339874412,121.88641582093621,227.3521613182956,1.5228746190061375
1.87,12.418,0.076,0.0008,160.4401963224719,195.31849987083535,506.7404132909941,199.42834073453375,200.63374532306634,121.91039998489299,228.5269540434037,1.5452352941188956
1.88,12.05,0.0862,0.0013,163.16692939180692,198.63800099872148,501.21679010466517,204.86254229343706,216.80077169135308,122.84088677966282,232.56102879208848,1.5935353160805457
1.89,11.963,0.0831,0.0012,162.36595724210807,197.6629044686533,500.0936250442379,203.31297019590102,212.71974269106752,122.52086783910991,231.75480207998717,1.5887966867110315
1.9,11.847,0.0806,0.0023,161.68159517731598,196.8297680419499,498.4995891526751,202.0362471734207,209.57739802807384,122.21844124137498,231.12805997334777,1.5869915408094817
1.91,11.669,0.0839,0.0006,162.572596473695,197.91446527232438,495.87728206055937,203.83089348395356,215.1411739128437,122.53783021667138,232.61959815910808,1.6059598606155
1.92,11.495,0.0846,0.0012,162.71504732295642,198.08788369751218,493.2965366551975,204.22249937540894,216.90346969104866,122.53512473545518,233.15293125808384,1.6168411179730122
1.93,11.242,0.0876,0.0006,163.10099097125695,198.5577281389215,489.37022822083134,206.30899744099307,223.22920145528232,122.67387146290598,234.48093159453873,1.6355992246610351
1.94,11.147,0.0896,0.0013,163.81672191579693,199.42905276705716,488.03834929456355,207.09819061655458,226.1364499201757,122.93032247938824,235.4629623433822,1.6483550104159597
1.95,11.027,0.0874,0.0002,163.23551749081741,198.72149955403862,486.2684556718097,205.9945154228716,223.45778889779405,122.66107197694764,234.98989266833604,1.6485201483802308
1.96,10.849,0.0875,0.0004,163.2980399320206,198.79761383028594,483.50035314294826,205.7724128467213,223.98449206396336,122.55973051826828,235.30083709463923,1.6597205772224803
1.97,10.472,0.0896,0.0008,163.4196214185359,198.94562607473938,477.25376530690335,206.7243250753663,228.8171063275912,122.35036404832536,236.2696680738196,1.6855439038145439
1.98,10.406,0.0887,0.0008,163.24757914741275,198.73618330989382,476.34123334042806,206.33608603061035,227.84222441505113,122.30867930175494,236.25119798023945,1.687053007414473
1.99,10.339,0.0912,0.001,163.94662026577183,199.5871898887657,475.4050782789584,207.68490508481287,231.9154802498195,122.64884391701165,237.3974522996162,1.698557659441341
2.0,10.174,0.0873,0.0004,162.83527342131325,198.23424590420743,472.72488895175053,205.66893872488572,226.91063395149484,122.09198471130989,236.32389441122132,1.696576852506182
2.01,10.008,0.0856,0.0021,162.275713850683,197.55304294865758,470.00165957349446,204.76120590170927,225.15406519522836,121.7731835772736,235.98941154974057,1.7010918354687468
2.02,9.705,0.0873,-0.0004,162.35259501185757,197.64663740573965,464.73359317619145,205.49570151762885,229.1574296282492,121.60097122779035,236.83684691955332,1.7236637421164074
2.03,9.214,0.0888,0.0008,161.96965246935568,197.180446484433,455.8348825546688,205.92432706156353,233.85287880381918,121.03209190478626,237.56740580534648,1.757102721117126
2.04,9.007,0.0906,0.0006,162.21341347049892,197.4771990075639,452.11464114345233,206.617795389908,237.48351553452753,121.00301548609117,238.44419105208078,1.7762245417188445
2.05,8.828,0.0818,0.0002,159.7244926408774,194.4472084323725,448.8767840246837,202.0877721373254,225.05067913774312,119.79759385926958,235.55416783362324,1.7604487319908118
2.06,8.645,0.0827,0.0002,159.73515103289807,194.4601838661368,445.5138438693986,202.48819830730827,227.43057916054278,119.70713236547657,236.14346930111745,1.7754480812365312
2.07,8.504,0.0827,0.0004,159.58904710820855,194.2823182186887,442.9371013767785,202.44463325930624,228.2034117274767,119.58488344041287,236.40419623336393,1.7851657864460186
2.08,8.354,0.081,0.0002,158.97571630994162,193.5356546381898,440.1453365049923,201.474035487364,226.3399218858188,119.23300527476114,236.0232850337318,1.7902292198241363
2.09,8.155,0.0796,-0.0008,158.3157508635654,192.73221844260135,436.31338316356846,200.59479534051465,225.1948702619856,118.80626043815788,235.7327930671265,1.7996330250971937
2.1,8.013,0.0776,-0.0013,157.6145753565758,191.87861347757055,433.59815333799054,199.43611095473008,222.77024646153026,118.41311621561128,235.20759690986011,1.8034117761856256
2.11,7.702,0.073,-0.0019,155.78552915729531,189.65194853931604,427.2889604994549,196.58224259644518,216.93635377569447,117.29919969327099,233.55870276468983,1.8101105300009828
2.12,7.56,0.0728,-0.0027,155.53152522224602,189.34272635751688,424.45736919201437,196.38898872150273,217.40643552026947,117.11249553035205,233.72268607161118,1.8203433034639762
2.13,7.444,0.0743,-0.0031,155.8544240058349,189.73582052884248,422.15228669594677,197.04610264113984,220.34324876118023,117.20321926865883,234.59551659544442,1.835582105207916
2.14,7.402,0.0744,-0.0029,155.89779307556083,189.7886176572045,421.4370028570366,197.20051449079327,220.8754846890354,117.27344235308523,234.90491560193752,1.839471603832628
2.15,7.402,0.0747,-0.0029,156.09179740694861,190.0247968432418,421.6315574891157,197.54694298251667,221.54760532724046,117.46475912305121,235.30521217090157,1.8408145239129428
2.16,7.431,0.0757,-0.0023,156.58311785256132,190.62292608137898,422.4585046505133,198.23752315883107,223.07719259831507,117.81259699926487,235.99606875911257,1.8428669165657898
2.17,7.415,0.0722,-0.0015,155.75012532089852,189.60884821674603,422.30732565295665,196.3327545322979,217.4023025347965,117.46492961398981,234.81872536873783,1.8326628674876935
2.18,7.323,0.0688,-0.0017,154.71369112737588,188.34710224202283,420.4884329192956,194.33110130535374,212.23520678425916,116.93480331974479,233.60086366777907,1.8280209237488332
2.19,7.307,0.0653,-0.0019,153.8080796784913,187.24461873903292,420.32675097722006,192.31737010639765,206.42527048352704,116.54067050709023,232.2857133123193,1.8168864236576936
2.2,7.269,0.065,-0.0004,153.76876438358178,187.19675664088217,419.6862060489462,192.17605854961187,206.14957025929343,116.55622930727108,232.40546838437146,1.8193241053024949
2.21,7.232,0.0654,0.0,153.9364606653997,187.40090863613878,419.0587400265628,192.45732576257404,207.06529851765308,116.67694259041399,232.84913033051845,1.8243961468665753
2.22,7.253,0.0654,0.0,154.13533583146668,187.64301753395944,419.7107081371682,192.5776118417197,207.0024043325607,116.87226170770766,233.12024778503175,1.8235680599776238
2.23,7.278,0.0657,0.0002,154.43225531566208,188.00448473211037,420.4506702307192,192.88383211360045,207.4303633945806,117.12085549862918,233.5303192237054,1.8235797830928013
2.24,7.348,0.0649,0.0002,154.517879716929,188.1087231336527,422.1778303280567,192.59159082383772,205.76397344015135,117.30902877675784,233.43929680984746,1.816034250837568
2.25,7.386,0.0638,0.0002,154.42644071530208,187.99740608819386,423.197091163253,192.068852603611,203.7514421047216,117.37500372468035,233.19264559508892,1.8097095960638612
2.26,7.427,0.0628,0.0004,154.36608585804822,187.92393060979782,424.2800415469794,191.606414525677,201.8969760286024,117.45939310175835,232.98500122450187,1.8035102502567397
2.27,7.415,0.0627,0.0002,154.44776320699611,188.02336390416917,424.20254375582186,191.61841652114884,201.83012677632271,117.56071629899627,233.1942835903642,1.8047414165208857
2.28,7.381,0.0633,0.0002,154.68864618994147,188.31661275297225,423.6427803781346,192.02674336781305,203.0606718876899,117.71960819560826,233.73503069663863,1.8103478100453803
2.29,7.315,0.0631,0.0002,154.60341568407253,188.21285387626222,422.37465152321664,191.89700270105044,203.080181357039,117.67965527047463,233.88218106345195,1.8152258443760678
2.3,7.282,0.0641,0.0002,154.9630787286065,188.65070453917315,421.82768258078374,192.5448485538886,204.9891488038859,117.89936744360035,234.61139225358374,1.8223440810205551
2.31,7.236,0.0641,0.0002,154.9853200598326,188.6777809424049,420.9885698935416,192.56301542995874,205.25628048967002,117.93398190734062,234.85803314266877,1.826562424582783
2.32,7.146,0.0637,0.0001,154.77046210059373,188.4162147311576,419.159388070384,192.26982958665315,205.05720173290925,117.80185504253893,234.90183428436356,1.8326247747445
2.33,7.056,0.0635,-0.0001,154.61078357342734,188.22182348069418,417.31163444550873,192.09407881629005,205.20178094657024,117.69700798535868,235.03942779268004,1.8395565133116487
2.34,6.966,0.0642,-0.0002,154.71466013074885,188.34828189830296,415.4458787955809,192.4606662594818,206.8971040797516,117.72666961971301,235.60743902388293,1.8501003350326266
2.35,6.966,0.0644,-0.0002,154.91238578146815,188.58899138613515,415.62130688693077,192.66356974955403,207.27756735090736,117.8967505769994,235.95716254029412,1.8516191777341655
2.36,6.958,0.0638,-0.0002,154.85001789477099,188.51306526319948,415.61358716835304,192.36993551243273,206.32503900739772,117.92482306058868,235.92152407471542,1.8506543803854507
2.37,6.92,0.0631,-0.0002,154.67326805214492,188.29789154174165,414.9186991980787,191.96484737120335,205.34915098134627,117.86248069725015,235.82600219766059,1.8516626977584563
2.38,6.891,0.0622,-0.0004,154.45799505743437,188.0358200699201,414.4253992298782,191.44812673263033,203.97750904365424,117.7886550761001,235.62955562012513,1.851147593525586
2.39,6.883,0.0607,-0.0004,154.11226888039005,187.61493602830095,414.41352825518254,190.58908714363318,201.45241484621312,117.66765531636922,235.1302522024096,1.8464811576144249
2.4,6.87,0.06,-0.0004,153.9944195062286,187.47146722497396,414.2855702555939,190.2115036615139,200.33495773728575,117.65892392169512,235.02082257369543,1.8453963008545367
2.41,6.895,0.0607,-0.0004,154.41566598536014,187.98428902565584,415.0316395101971,190.76913999604233,201.46953046548037,117.97015693548683,235.62954825140775,1.8469779514942044
2.42,6.879,0.0608,-0.0004,154.53738178833376,188.13246478579762,414.83349204429,190.88393097886214,201.75851799112974,118.08266234601193,235.9229530236208,1.8493938626245705
2.43,6.849,0.0621,-0.0006,154.98752945867327,188.6804706453414,414.3096454700048,191.71301063748305,204.19482102924653,118.35136789121661,236.8119923785818,1.8577797548357817
2.44,6.808,0.0645,-0.0008,155.7255249551415,189.57889994538968,413.52761161809025,193.1745477989868,208.56915003717208,118.75734119979253,238.21905035475717,1.871304064033392
2.45,6.733,0.0675,-0.0008,156.71174677654724,190.7795178149271,411.9481368245467,194.44295990975957,213.41891306902338,119.15170138733075,239.85954690826392,1.8923126221347961
2.46,6.679,0.0703,-0.0008,157.47479738022324,191.7084489846196,410.8485182532003,196.01105572621702,218.4286319309993,119.55108518148151,241.36450011747712,1.9080077167300005
2.47,6.646,0.071,-0.0006,157.70243120320717,191.98556842129568,410.2375443615117,196.41622384926455,219.80229443233873,119.69905106609411,241.91489899723018,1.9140752363267497
2.48,6.708,0.072,-0.0004,158.29496609041738,192.70691524050812,411.8609688295581,197.16661441411716,221.15979539258623,120.13329451347606,242.61969017184455,1.9131918231868743
2.49,6.762,0.0727,-0.0006,158.77891656963868,193.29607234564708,413.2880586004491,197.73132108692212,222.05668304826656,120.50343354025776,243.18692420503183,1.9119101954730962
2.5,6.858,0.0733,-0.0006,159.35678581723064,193.99956534271558,415.68461200625006,198.31815366208366,222.562881000107,120.9654130010511,243.71931884002655,1.9068172734147393
2.51,6.991,0.0737,-0.0006,159.98098784735248,194.75946346634214,418.91143598334406,198.8620617556897,222.55275823311436,121.49001301317978,244.17296180476453,1.8981125794132767
2.52,7.136,0.0741,-0.0006,160.44406708299263,195.3232121010345,422.3757397584972,199.8497502527674,223.1666221392859,122.03926454822482,244.62792137404173,1.8862622893143068
2.53,7.294,0.0755,-0.0004,161.39469883333098,196.4805029275334,426.092003891681,200.95860429195253,224.64434662151535,122.7501394499855,245.50949760779753,1.8795806917520448
2.54,7.452,0.0773,-0.0006,162.43894955309884,197.75176467333773,429.76143980499,202.27112915105815,226.75486579077028,123.50592255431229,246.54763389512314,1.8744296520917199
2.55,7.556,0.0802,-0.0006,163.61519392380887,199.1837143420282,432.2109047725698,204.05972123136442,230.86308880888453,124.2671981534614,248.0027230439666,1.8770071948711067
2.56,7.577,0.0835,-0.0006,164.6530804430959,200.44722836550807,432.8370666492788,205.8837395490802,235.97284355933016,124.8694273912908,249.55828266496215,1.8867918207910133
2.57,7.56,0.0867,-0.0008,165.538823801022,201.52552462733115,432.6319073374564,207.55352676781678,241.07469705361274,125.35508477822775,251.02465540504397,1.8987688829283076
2.58,7.519,0.0887,-0.0006,166.04688074048676,202.14402872754908,431.9009982981238,208.55365367451185,244.4141563169258,125.6298421015009,252.00734344559902,1.908639789680447
2.59,7.436,0.0894,-0.0008,166.30339556221398,202.45630764095617,430.2373429890365,208.36589149097122,245.18805718144395,125.64610854496033,252.49128034831708,1.9200811610539084
2.6,7.39,0.0881,-0.0006,165.99529148024155,202.08122441072885,429.3833453454224,207.71829475570624,243.45948683590933,125.51574646909857,252.24516435564513,1.9203270790349387
2.61,7.348,0.0861,-0.0008,165.52235515652663,201.50547584272806,428.61144584466666,206.72473042553088,240.61862667104728,125.30762619871564,251.7270377247951,1.9180634951132245
2.62,7.377,0.0839,-0.0008,165.0101157057207,200.881879989573,429.41939840003477,206.1773442949453,237.78198386066802,125.24272651239852,251.1315906328073,1.907305587309201
2.63,7.498,0.0823,-0.0008,165.07335273580122,200.95886420010586,432.2595408327147,205.6369734616603,234.64848871920975,125.4688305789213,250.77551708870345,1.8937275332958183
2.64,7.577,0.0824,-0.0008,165.4452297630481,201.41158405936292,434.1567939488843,205.89534633140676,234.41614999745005,125.80366185739277,251.07551741295765,1.888832570402949
2.65,7.635,0.0814,-0.0008,165.47381140029682,201.44637909601352,435.5863592179301,205.5492512885656,232.57792132558365,125.94661611374615,250.93134882075736,1.8819933202961532
2.66,7.673,0.0811,-0.0008,165.62751727113223,201.6334992865958,436.5760232663654,205.5299729979476,231.94038766378216,126.13007019629852,251.05927074556968,1.8789010930304546
2.67,7.643,0.0815,-0.001,165.78422036770667,201.82426827372987,436.0842687257976,205.7562924009253,232.73709332238556,126.242047877272,251.45121950442038,1.8830877102692607
2.68,7.61,0.0821,-0.001,165.983274535064,202.06659508616488,435.52518678199925,206.07861074002386,233.86013119926236,126.37150810996266,251.92119932414138,1.8881441962789578
2.69,7.523,0.0817,-0.0012,165.77659206087918,201.8149816393312,433.77540203131406,205.78844174494344,233.6959161805691,126.24195179778424,251.97719870202795,1.8940252127717745
2.7,7.506,0.0803,-0.0013,165.49672295119308,201.47427141884376,433.5594814518424,205.1011658901569,231.60685154982647,126.14997603653345,251.64356663695236,1.891420473879252
2.71,7.415,0.078,-0.0013,164.77126244943807,200.59110211235938,431.70189615808215,203.7987592090871,228.45396348441722,125.7543869166466,250.90661241463928,1.8913513899278354
2.72,7.394,0.0755,-0.0013,164.16749209696525,199.85607733543597,431.3917034793754,202.49401523834203,224.60185812862306,125.49205049511592,250.07397634945647,1.8851246788159925
2.73,7.394,0.0711,-0.001,163.0629623795479,198.51143246205834,431.54979568361347,200.15209122018751,217.55113346958365,124.99563754013079,248.3600056807305,1.8702821422513165
2.74,7.402,0.0681,-0.001,162.33539007300527,197.62569226278904,431.88440691453343,198.54436476463462,212.66228308700994,124.6952635295836,247.20255522296415,1.8593378023780964
2.75,7.353,0.065,-0.0012,161.39807627306274,196.48461459329377,430.9444958639701,196.73198556233797,207.8122973523879,124.22099912137745,245.9243323986132,1.8519789641492947
2.76,7.294,0.0637,-0.0013,160.96794926205396,195.9609817103266,429.7742168544115,195.9264590815359,205.94232030339296,123.99414834813649,245.49001135948967,1.8521104968852995
2.77,7.203,0.0624,-0.0015,160.44678700528365,195.3265233107801,427.87022364512745,195.05015591009396,204.1948902380827,123.682840723699,245.03421625638904,1.8546914395072231
2.78,7.111,0.0593,-0.0012,159.3345867653777,193.97254041002503,425.9275253291486,193.06172423092949,199.38417562049162,123.05629455003444,243.6152583302302,1.8499623559879224
2.79,7.037,0.0568,-0.0012,158.43438909296438,192.8766475914349,424.3796543269416,191.42989522853046,195.4468888349094,122.55485225264438,242.45635416605077,1.845952808294315
2.8,6.991,0.0542,-0.0015,157.54703924047277,191.7963955970973,423.4663362479977,189.74908548189202,191.16427654415352,122.08529473831656,241.19052087607426,1.8389504668467151
2.81,6.937,0.0511,-0.0015,156.4279787855226,190.43406113020146,422.36282938257864,187.67559097914085,185.96796294205163,121.47470097373626,239.55312568723954,1.8298842056134728
2.82,6.866,0.0495,-0.0012,155.7767327468397,189.64123986571792,420.8555571516382,186.52456881784929,183.42896756165425,121.09456562686154,238.76082111369908,1.8287768775457078
2.83,6.816,0.0484,-0.0013,155.3544227821158,189.12712338692359,419.82875511239075,185.73957270167472,181.68108602910866,120.86063644148612,238.26471926108542,1.828244891144181
2.84,6.733,0.0482,-0.0015,155.17568790000038,188.90953309565265,418.01336405084373,185.49694884532354,181.66667108634377,120.72445853240704,238.32749824016025,1.8347787111566716
2.85,6.65,0.0492,-0.0017,155.43720784534574,189.2279052030296,416.1811247856406,186.07174665106513,183.81943696909403,120.83259835404131,239.15521115819615,1.84719361620504
2.86,6.559,0.0492,-0.0012,155.3003644753731,189.06131327436725,414.1422074408156,185.94271581997748,184.2068477708425,120.71057053255065,239.34283098023582,1.8555608404248103
2.87,6.43,0.0523,-0.0013,156.14959934156326,190.09516441581616,411.15307562604954,187.79757155016162,190.32944861317443,121.09522279763742,241.42923376039832,1.8819283003145464
2.88,6.184,0.0571,-0.0015,157.1094523046531,191.26368106653422,405.2099508396285,190.38698207192397,199.97348309896935,121.4150538587887,244.34538624216924,1.9259945291690286
2.89,6.155,0.0592,-0.0013,157.95573832110114,192.29394230394922,404.6227975764775,191.33835169627298,203.32073465098313,121.81449390126048,245.70218528202398,1.9404014018894256
2.9,6.139,0.0637,-0.0015,159.39159436572956,194.04194096697512,404.3579095336195,194.0322468922591,211.16025215967068,122.62925745116446,248.26557155772431,1.961045536041758
2.91,6.23,0.0655,-0.0017,160.3412743332181,195.198073101309,406.77489142888356,195.34621106020043,213.77625650774434,123.29185321541142,249.41080389019604,1.9604084375553095
2.92,6.33,0.0677,-0.0017,161.4237230769879,196.51583678937658,409.39596755692475,196.8876315492062,216.98100898046977,124.03242917945695,250.73128775321882,1.960435417298263
2.93,6.463,0.0709,-0.0013,162.8768898035159,198.28490932601935,412.80259633810243,199.02843374721823,221.6150897536788,125.00091080034468,252.49831639802966,1.9611218414619223
2.94,6.675,0.0732,-0.0012,164.15271323487121,199.83808567723455,418.0653347521171,201.16575521447933,224.85810489493718,126.03575969150991,253.82769731659144,1.949607302082744
2.95,6.924,0.0757,-0.0012,165.72040598860153,201.7465812035149,424.0981499696651,203.09574542108203,227.63696484907354,127.1758702013907,255.2265394471957,1.9381331286401944
2.96,7.232,0.077,-0.001,167.09735537762808,203.42286741624287,431.3535326805329,204.48121999431615,228.20375816574818,128.27701961553686,256.0936823534828,1.9183875797949521
2.97,7.298,0.0784,-0.0012,167.78304496591636,204.25761995850687,432.9967723988108,205.40630748030907,230.1005321636328,128.75784662094028,256.9306607620224,1.9185780142563837
2.98,7.39,0.0823,-0.0013,169.1922495606378,205.9731733781678,435.21825266076144,207.64905330195876,235.72600798339192,129.63221144083371,258.80127861270637,1.9248988260996895
2.99,7.448,0.0839,-0.0012,169.8901207232681,206.82275566310898,436.66522505147907,208.62801394953095,237.9119291456178,130.10691169957425,259.6849103053563,1.9261901801069674
3.0,7.519,0.0856,-0.0012,170.6443146097943,207.74090474235825,438.39562703568623,209.67277987972574,240.16814460307845,130.6230759702665,260.6013174286522,1.926755720854945
3.01,7.602,0.0873,-0.0013,171.42565765797048,208.6921049749206,440.3826553336822,210.73092069530713,242.34582661172695,131.16474027170344,261.50969650130753,1.9263758779264968
3.02,7.631,0.0888,-0.0012,172.00144819334128,209.3930673658068,441.1689484539307,211.57386725929635,244.4683933546032,131.5436107366354,262.316917506689,1.929413303796729
3.03,7.685,0.0902,-0.0012,172.61805811896423,210.1437229274347,442.50374489697407,212.4114919712202,246.3047175732083,131.9695494182214,263.0845564546301,1.9302240850771377
3.04,7.718,0.0902,-0.0013,172.83134184074353,210.4033726756878,443.37282597801976,212.53523251702896,246.1511113021165,132.17201450293817,263.3123064699577,1.9283935536261614
3.05,7.702,0.0892,-0.0013,172.662592096986,210.19793820502645,443.16553545840884,212.0818853734548,244.74602979081976,132.13089213639466,263.1454783126179,1.9272006369897907
3.06,7.681,0.0876,-0.0013,172.32735805054654,209.7898271919697,442.8470377822973,211.32495739469746,242.46212304683297,132.00074385373182,262.7392171536426,1.924517031318266
3.07,7.706,0.0848,-0.0013,171.80380394552753,209.15245697716395,443.54034882901493,210.06319331781233,238.1423365298513,131.8264399326,261.8543300488204,1.9145596064296706
3.08,7.76,0.0829,-0.0013,171.57310383609,208.87160467002263,444.8683326117846,209.28598392066715,235.03410434406294,131.83023798794056,261.31248044384364,1.9051247984782607
3.09,7.797,0.0802,-0.0013,171.06826409574325,208.25701716003525,445.82049281328005,208.05564845862474,230.7794968213491,131.6771195644326,260.41271314692085,1.8942356951217545
3.1,7.851,0.0781,-0.0013,170.75005372210094,207.86963061820987,447.1404990208336,207.14463628744934,227.3527541263678,131.6362817207797,259.7414993678898,1.8839020915458249
3.11,7.885,0.0779,-0.0013,170.89914066595136,208.05112776724516,448.0220705616249,207.16880324850274,226.9209137666213,131.80815002979818,259.8749004011256,1.88135562869028
3.12,7.83,0.0758,-0.0013,170.28725032688317,207.3062177892491,446.967701243443,206.02187452369938,223.9413780240315,131.49433344612734,259.1502913711254,1.878840709171567
3.13,7.764,0.0759,-0.0013,170.26508190524152,207.27923014551143,445.6658504768025,205.99985459332314,224.38998095762037,131.46541965905206,259.3883918126392,1.8846525240269107
3.14,7.689,0.0767,-0.0015,170.41319318207857,207.4595395260087,444.15566049710696,206.32299538867036,225.95976457753545,131.51265345123505,259.9332223222122,1.8935810588934372
3.15,7.664,0.0743,-0.0013,169.78497901165161,206.69475705766283,443.74397396001655,205.06628425758583,222.36497363869205,131.22053978898995,259.0632693528216,1.8877698843472275
3.16,7.635,0.0717,-0.0015,169.07029420630352,205.82470599028255,443.2399615050333,203.66972287928965,218.4414621997247,130.8770278570847,258.06604403817795,1.8813399664122703
3.17,7.639,0.0701,-0.0015,168.72048843079304,205.39885548096544,443.46735000789005,202.86429775149546,215.9281053163979,130.75676003322133,257.51679659325896,1.875840519890305
3.18,7.614,0.0688,-0.0013,168.37910677037937,204.983260416114,443.0513755607469,202.15375530741267,213.99264226526677,130.60645940463505,257.0894463432221,1.873531791976631
3.19,7.598,0.068,-0.0015,168.20836536035773,204.77540130826162,442.8322156100798,201.73357251094765,212.8073492854464,130.5541165581755,256.89883311191943,1.8723594796321061
3.2,7.593,0.0687,-0.0015,168.52370703220257,205.15929551746402,442.85807102778085,202.1697486457039,213.95978678601122,130.7664867078192,257.4436207970369,1.8759451911881448
3.21,7.647,0.0702,-0.0015,169.22972846236775,206.0187998672303,444.19579031791693,203.16692954123326,216.13678099850827,131.2486724500639,258.3849341110693,1.8779918833900122
3.22,7.71,0.0732,-0.0015,170.39341538641526,207.43546220954903,445.72747033036273,204.9774293085422,220.59596224529798,131.97510175097744,260.0147193171616,1.8846469100071572
3.23,7.789,0.0811,-0.0015,172.93144584425113,210.52523841908834,447.60406599054136,209.2900448376295,232.38474386356415,133.41302162676612,263.7288671215023,1.9062069071891912
3.24,7.93,0.0836,-0.0015,174.08554465641348,211.93022827737295,450.82022307617217,210.88633302903142,235.54926734785636,134.21090221162416,265.01416076455286,1.9044968290926276
3.25,8.005,0.0857,-0.0015,174.94935534573642,212.9818238991574,452.58235505123633,212.126890560576,238.36224114438426,134.78539571085906,266.09617171944336,1.9062709988444204
3.26,8.088,0.087,-0.0015,175.6175703174992,213.79530299521645,454.50750357140004,212.98367010232715,239.93672680135901,135.27001504449586,266.84516336903533,1.9049266697668548
3.27,8.229,0.0894,-0.0017,176.70986295009305,215.12505054793937,457.6561501316436,214.47665619170635,242.85824502512295,136.02949609935453,268.0327008220026,1.902829796518911
3.28,8.437,0.0921,-0.0013,178.02901343838099,216.73097288150728,462.1825932432572,216.2245287209099,245.89289881028006,136.97312997350792,269.329162957488,1.8969852067017599
3.29,8.599,0.095,-0.0015,179.26488106977877,218.23550738929592,465.6923188315648,217.94465228117633,249.3650873787653,137.81923868166302,270.66325547128423,1.8949677006544303
3.3,8.682,0.0966,-0.0015,179.97640217236815,219.10170699244821,467.54482697386356,218.89448095884728,251.29140007164102,138.31811072770716,271.4792214293562,1.8945322802753328
3.31,8.666,0.0992,-0.0017,180.68709631043347,219.96689985617988,467.3546328916798,220.0868503709013,255.0224454054513,138.70316293166812,272.623075910549,1.9034782357151552
3.32,8.604,0.1029,-0.0015,181.52754769488894,220.99005806334307,466.2145158661606,221.64741443532392,260.45747996584925,139.09821095058953,274.1185792909034,1.918356909221993
3.33,8.55,0.1084,-0.0017,182.76052837932096,222.49107802699945,465.23222581066454,223.94820721656447,268.29250699605774,139.69082133642954,276.1776325419539,1.9371378858108113
3.34,8.404,0.1125,-0.0017,183.3905462379051,223.25805628962362,462.3184328101586,225.40430669454884,274.57432170230436,139.89139160310665,277.6889741828978,1.9582226953773312
3.35,8.246,0.1117,-0.0017,182.90661847865513,222.66892684358015,459.11438452637753,224.7871216509539,274.2344567093703,139.54289614943107,277.6023924996452,1.967874881207999
3.36,7.905,0.111,-0.0017,181.90472404712395,221.44922927475963,451.89997892827,223.79704734937908,274.9506477751938,138.73940232053098,277.4981254307178,1.9913616499215847
3.37,7.785,0.1102,-0.0017,181.49643833445262,220.9521857984641,449.3991622576199,223.24052423061624,274.4429682971344,138.46539490277777,277.41442602556,1.998858440868835
3.38,7.689,0.1055,-0.0017,180.31252236658625,219.510896794105,447.405229846162,221.09219301485405,268.36752060039623,137.83257819006403,276.028507580365,1.9944569198300812
3.39,7.619,0.1027,-0.0017,179.59898966449617,218.64224828721274,445.97523684749547,219.7758336302391,264.76488281936884,137.45704207218049,275.251999022563,1.9928858177207411
3.4,7.556,0.101,-0.0017,179.1423583414564,218.0863492852513,444.69252004580363,218.93682849594637,262.65964943575887,137.2150273968125,274.8432405322345,1.9936921300668555
3.41,7.531,0.0998,-0.0017,178.90903179384142,217.8022995751113,444.25902299250095,218.3984676725458,261.06740485037466,137.12547865561527,274.61375919551284,1.9929089078338182
3.42,7.506,0.098,-0.0017,178.53467149307886,217.34655660026993,443.82370216265355,217.5906938820775,258.6104578025868,136.96439309340118,274.1610618121662,1.9904100073209836
3.43,7.394,0.097,-0.0017,178.0752235181156,216.78722863074944,441.4096159091045,216.92518330204834,257.7165319097308,136.662789966026,273.9675974028068,1.9969678356029772
3.44,7.294,0.0944,-0.0017,177.27145795583505,215.80873142449485,439.246009472742,215.5613270357727,254.44087456063974,136.19802654348416,273.17524877699987,1.9980498979669268
3.45,6.954,0.0935,-0.0017,176.07993141972867,214.35817738053927,431.4326229696244,214.3548405343854,254.82341016806126,135.26663614287878,272.93927433556877,2.0239636006959865
3.46,6.721,0.0909,-0.0019,174.79260894284042,212.791002191284,425.97317798255153,212.60775282950308,252.17981626046475,134.3978315795545,272.0710445883354,2.03680458766901
3.47,6.571,0.0878,-0.0021,173.64184238042748,211.39006898486824,422.4356740104768,210.8099273536689,248.3157098556181,133.68368028710557,270.999114907758,2.0411758649391434
3.48,6.313,0.0825,-0.0025,171.5289132563262,208.81780744248408,416.13728450763676,207.61638971950592,241.58191559087916,132.33553705907283,268.93050183942495,2.0484133122404797
3.49,6.11,0.0753,-0.0027,169.04009300726568,205.78793931319302,411.08927734896287,203.49091802461078,231.35464943700688,130.82393531450435,265.88549170841327,2.043796486760072
3.5,5.853,0.0613,-0.0022,164.20595348357384,199.90289989304642,404.5127481221367,195.16993212108258,209.6426648608782,127.9176482013014,258.97475649881414,2.0161952636439984
3.51,5.597,0.0551,-0.0018,161.38085397012165,196.46364831145246,397.7745682149459,190.7521416119089,200.108958101546,126.07655933455729,255.50948875735145,2.01609230712642
3.52,5.341,0.0522,-0.0013,159.51849239469826,194.1964255239805,390.8362381930148,188.1918392023206,196.1082813257579,124.76736018772004,253.8146126476518,2.0305724390070474
3.53,5.274,0.0508,-0.0015,158.87316305094936,193.4108071924601,389.0640818912814,187.12311050659483,193.8846693155476,124.35809405001103,253.07711523520945,2.0318735469260005
3.54,5.199,0.0504,-0.0017,158.52969342881826,192.99267026117008,387.04832802372783,186.66251216604866,193.50348599580008,124.11804264302549,252.97136088403926,2.038894354719639
3.55,4.946,0.0506,-0.0021,157.6190135198917,191.8840164589986,379.8454614703962,185.99259893921163,195.06620185224494,123.36682568843622,253.188850095235,2.0695318277892056
3.56,4.846,0.0474,-0.0021,156.17266833309,190.12324840550087,376.99794728898246,183.5849902646891,189.58468978260203,122.43504235665556,251.188427151819,2.066133979053742
3.57,4.801,0.0443,-0.0065,154.94870692730697,188.63320843324328,375.73468635025523,181.34689254376042,183.90044142848782,121.68102573236679,249.14900270761524,2.0560588423068915
3.58,4.755,0.041,-0.0085,153.58713410705312,186.9756415216299,374.4466486876486,178.87486642990942,177.6904406648298,120.82812594412509,246.81126410660784,2.044064693002996
3.59,4.647,0.0399,-0.0063,152.770129837286,185.98102762800036,371.2895061301719,177.72320052152781,175.98173817169095,120.25072263200553,246.07200341639364,2.051612421243257
3.6,4.551,0.038,-0.0056,151.66516155126507,184.63584884501836,368.44551807402445,175.98984203159824,172.57896524629004,119.49764349919003,244.65052172644423,2.053033713455354
3.61,4.518,0.0353,-0.0056,150.478865887229,183.19166281923532,367.52331274450813,173.81482716264634,167.1883237991653,118.73599127029165,242.47467799804932,2.041089917699753
3.62,4.51,0.0341,-0.0058,150.0140275578965,182.62577267917837,367.37387035474217,172.86422164697737,164.73295467449222,118.45648488486798,241.55275738628586,2.0349822174595125
3.63,4.738,0.0345,-0.0056,151.28829314285431,184.1770525217357,374.4658334022127,174.05360726534312,164.7260178975697,119.50787874640461,242.17651057096447,2.009763972697752
3.64,4.854,0.033,-0.0058,151.1883682312091,184.05540480321108,378.04443625416457,173.29178530124278,161.2320955279378,119.57462618209654,240.99185020248302,1.9866379546067423
3.65,5.029,0.0316,-0.0046,151.31920123685734,184.21467976660895,383.30631845022947,172.78429272973585,157.77649705665254,119.84574589713166,239.86679646413026,1.9574739579707374
3.66,5.279,0.0334,-0.001,153.20604551805067,186.51170758719212,390.60376870797495,175.14695656317298,160.73093214905316,121.33440389364665,241.8546228592551,1.9421492008048031
3.67,5.486,0.0345,-0.0075,154.5450902487467,188.14184899847425,396.45659096980603,176.7371857237364,162.34677956064377,122.42970680184564,243.11247516676704,1.927857671264478
3.68,5.707,0.0366,-0.004,156.35303155811874,190.34282102727502,402.612112418985,179.1150415408318,165.84224821432798,123.82695126928918,245.2275238274109,1.91866388326675
3.69,5.873,0.0382,-0.0085,157.70216257343765,191.9852413937502,407.1322021876496,180.87589502686345,168.4546119500433,124.87579095774323,246.81708977441093,1.912339246414089
3.7,6.022,0.0406,-0.0104,159.31173090883834,193.9447158890206,411.1487535496836,183.13173899732502,172.55985810345544,126.05736688914051,248.99650860575923,1.9122236913471344
3.71,6.097,0.0405,-0.009,159.60127385497069,194.29720295387736,413.2156583751654,183.3245771057529,172.16821717809472,126.35117031761712,249.10954437667735,1.9050500390437595
3.72,6.135,0.0412,-0.004,160.1162739162839,194.92415955025865,414.3340577583312,183.98776420037032,173.3729654382339,126.73907318028293,249.84668128457238,1.9058198752923554
3.73,5.973,0.0412,-0.0035,159.70169023362982,194.41944898007108,410.23113972323534,183.55290183082516,173.88523067247075,126.34587554441384,249.96692778535223,1.9218518814076286
3.74,6.035,0.0419,-0.0031,160.28936541911648,195.13487964066354,411.9640464230703,184.28095763619874,175.01170169087624,126.80530408544017,250.70390900524623,1.9202855067958824
3.75,6.097,0.0407,-0.0035,160.0740203593715,194.87272043749576,413.6831065316343,183.6476545727027,172.62115376407488,126.78024406161862,249.94635006462792,1.908304389926176
3.76,6.168,0.0411,-0.0029,160.55999338599895,195.4643397742596,415.62962505340266,184.188254752351,173.1734444563067,127.18904419477333,250.45446892253017,1.9043739604404166
3.77,6.201,0.0405,-0.0027,160.4993441150795,195.39050587922722,416.5883107004499,183.896438878476,171.98894671635264,127.22544383277186,250.15402023621616,1.8984995342944768
3.78,6.226,0.0401,-0.0027,160.497015601641,195.38767116721516,417.33857926375964,183.72343479751976,171.19818313339601,127.28805167627863,250.00638284596616,1.8944811249681248
3.79,6.322,0.0402,-0.0025,160.9212708005238,195.90415575715943,419.89618461654845,184.11910373022482,171.13708271100364,127.68895494885528,250.28290415681528,1.8867386700505322
3.8,6.455,0.039,-0.0025,160.86890567627918,195.8404069102529,423.35963056907525,183.66893544759063,168.58493269649597,127.84421616237944,249.50349670667933,1.868464074690719
3.81,6.563,0.04,-0.0021,161.711700667302,196.86641820367203,426.1646535847001,184.7509578517537,170.16833167538772,128.5134823047662,250.52330411858406,1.8650662008273815
3.82,6.467,0.0409,-0.0021,161.9315074804112,197.13400910658757,423.8823597086418,185.17322069136952,172.09239742360842,128.57178827303363,251.3882747357839,1.8791360218716244
3.83,6.263,0.0416,-0.004,161.72736637447454,196.88548949936035,418.8222249998273,185.1256391368185,173.96289032234984,128.25328447562052,252.05038668529576,1.9021470527657807
3.84,5.869,0.0409,-0.0033,160.2796351865497,195.1230341401475,408.6626773189465,183.4789644478789,173.85388808026406,126.97206118694041,251.5399438443429,1.9365423541119733
3.85,5.619,0.0387,-0.0029,158.58307932579928,193.05766178792956,402.0282666550095,181.12436743187368,170.48589301685456,125.69176261710356,249.82231143185012,1.9498100804470317
3.86,5.465,0.0376,-0.0027,157.65043605432587,191.92226997917933,397.88589656786445,179.8389620083078,168.8622300461649,124.98061827650513,248.99976118328559,1.9600026254756568
3.87,5.432,0.0388,-0.0027,158.14297315395996,192.52188036134257,397.06798642126796,180.66116439634095,171.29696613585884,125.28777889806824,250.1712831637698,1.971190942841104
3.88,5.316,0.0391,-0.0027,157.93049718392075,192.263213963034,393.907545025126,180.52833177489865,172.26686233435484,125.06850241840425,250.54543214056403,1.986080438178484
3.89,5.245,0.041,-0.0027,158.53830460916038,193.00315343723872,391.98916226096253,181.69936704588304,176.1614487265863,125.40886092323078,252.23481046630374,2.0054111978679026
3.9,5.287,0.0414,-0.0027,158.95658362211591,193.512362670402,393.2853412813307,182.16498351746975,176.7875216731543,125.74390773785325,252.73238410884287,2.0035776499150604
3.91,5.337,0.0435,-0.0023,160.08117110920594,194.88142569816378,394.80448992973254,183.8448650132483,180.57171478726514,126.52267549645944,254.5458833171828,2.0101969267107154
3.92,5.386,0.0437,-0.0021,160.4412840963405,195.3198241172841,396.2866853037249,184.18517284216657,180.78049192567514,126.82756756757229,254.87960661132254,2.006490832767558
3.93,5.511,0.0449,-0.0033,161.47467796618037,196.5778688283935,399.86957610623017,185.4611779654695,182.5669199073997,127.62406621319839,255.98717051739285,2.000029335335111
3.94,5.74,0.0452,-0.0031,162.51762665493087,197.8475454929593,406.24113848027486,186.45174968944696,182.33818233333966,128.53623517260772,256.4509097573168,1.9782985637565558
3.95,5.944,0.0466,-0.004,163.86129567373408,199.4833164723719,411.79610708118423,188.075551120193,184.19597144872645,129.60304161676518,257.70163436912276,1.9656179589372786
3.96,6.243,0.0492,-0.0038,165.93478924369026,202.0075695140577,419.6963886911368,190.73379128219187,187.82275225581836,131.203925359131,259.7873569555392,1.9503105769254443
3.97,6.737,0.0518,-0.0042,168.51088785277543,205.14368955990054,432.1924212893323,193.8666834605376,190.7468520783819,133.31227406711054,261.84680243049104,1.9185230796974089
3.98,7.091,0.054,-0.0069,170.41267774486448,207.45891203722633,440.8285832523275,196.248903735085,193.37865286276735,134.85773990201892,263.5339653399125,1.89907884720166
3.99,7.531,0.0588,-0.0067,173.39194226829116,211.08584276139794,451.1987199252429,200.32241753854692,199.90118771812382,137.0924024884118,266.7556704300026,1.8850424938223211
4.0,7.864,0.0662,-0.0042,176.8379590893133,215.28099367394663,458.8443501796983,205.38366568595347,210.50710858141673,139.41014484269152,271.1566337609487,1.8896989777791906
4.01,8.138,0.069,-0.004,178.50860366007115,217.31482184704313,465.0033605695745,207.6141507136813,213.94713369402874,140.67955304489533,272.8622741156416,1.8805248156720396
4.02,8.545,0.0724,-0.0027,180.6268140088951,219.893512706481,473.87659235994397,210.42132001698698,217.81320725785014,142.33690047831436,274.8461322314615,1.8645035284548828
4.03,8.982,0.0722,-0.0021,181.59608923485285,221.07349993808174,483.1136402338119,211.37138952433696,216.27896780901466,143.42898746811937,275.02155186851707,1.834764287686352
4.04,9.368,0.073,-0.0021,182.7151256550836,222.43580514531916,491.06250887606404,212.69051038172097,216.41080716025198,144.53225909352892,275.67437556875996,1.8131944052729478
4.05,9.688,0.0755,-0.0023,184.21444708514937,224.2610660167036,497.5250590689999,214.70869496602018,219.1766567162545,145.73961945389135,277.1258974529591,1.8024888962119199
4.06,10.244,0.0776,-0.0019,185.9502094337605,226.37416800631715,508.37086285553744,216.9722880080724,220.7426676016627,147.35137787135974,278.40455753832464,1.7770281503071705
4.07,10.509,0.0803,-0.0019,187.33842531054856,228.0641699432765,513.4801407713148,218.89497179973702,223.86165135139743,148.41619713783066,279.8721706460078,1.771277985903115
4.08,10.696,0.0836,-0.0012,188.76269416743975,229.79806246470926,517.0797837307579,220.91911195445425,227.94644827220597,149.39372293668742,281.5527872700496,1.7718553944837774
4.09,10.799,0.0853,-0.0008,189.54591045850123,230.75154316687107,519.1035686376009,221.9850631578659,230.01870228134135,149.95222082932062,282.4855027509765,1.7719496355831459
4.1,10.791,0.085,-0.0012,189.54466016447404,230.75002106979449,519.0806393457411,221.87959505683637,229.65357663309072,149.99417365703877,282.52910130141544,1.7719229324896226
4.11,10.791,0.0842,-0.0019,189.4025597784117,230.57702929545775,519.2032675795696,221.55122854476255,228.5902927665409,149.9780272646841,282.3559635493369,1.7698900396502217
4.12,10.725,0.0839,-0.0019,189.30908975479238,230.4632397014864,518.1124967082104,221.32984109102244,228.3671415970977,149.9024403837392,282.3857297262431,1.7730531417516449
4.13,10.505,0.0829,-0.0023,188.75059778973016,229.7833364396715,514.1483381209389,220.46133257443105,227.57302668498082,149.40770528327005,282.075611477673,1.7826734584462212
4.14,10.427,0.0802,-0.0025,187.88544790508888,228.7301104931517,512.8086134471058,219.04506611859213,224.07687358290042,148.93793913971513,281.020426750796,1.7788688179101324
4.15,10.406,0.0759,-0.0031,186.5720946552796,227.13124566729692,512.5339627073241,216.91703014498128,218.17011426965746,148.31467744669717,279.1806120486733,1.7662104591345855
4.16,10.298,0.0755,-0.0031,186.36778410105393,226.8825197751961,510.6169257850744,216.544950736606,217.88766346220987,148.1261659038587,279.1372805491962,1.7714997889602244
4.17,10.199,0.0749,-0.0027,186.10913228311333,226.56763930118143,508.8585051053835,216.08686073390038,217.3012143810112,147.9210327752685,278.9973895489894,1.7756348091498484
4.18,10.091,0.0762,-0.0025,186.45241718763893,226.9855513588648,506.9141923105966,216.56735225069923,219.4126312101531,148.0040561380155,279.7696593831778,1.786864369274753
4.19,10.008,0.0757,-0.0025,186.24832398918318,226.73709007378824,505.4368702131655,216.18956847593847,218.9324964384279,147.84556119211248,279.68227109110427,1.7905339931871478
4.2,10.137,0.0747,-0.0023,186.23877124670875,226.72546064816717,508.03649622008487,216.0062277430481,217.23138180049287,148.05316501717294,279.3941020558228,1.7799486699604163
4.21,10.236,0.0759,-0.0023,186.89481653448556,227.52412447676505,510.0462866290635,216.87023323622137,218.70372716350855,148.55493134452166,280.16218805438234,1.7787437446509127
4.22,10.294,0.0788,-0.0023,188.0241156194784,228.89892336284328,511.2684834036036,218.48434501767554,222.6268723598784,149.23767691087593,281.7119933187183,1.7855794587278482
4.23,10.514,0.0809,-0.0021,189.14761156518045,230.266657557611,515.5369370248753,220.0169703012423,225.00935061425426,150.11868812720982,282.89043218736595,1.7803191037740607
4.24,10.712,0.0841,-0.0019,190.55876249122727,231.98458042410277,519.3465395931977,222.00788437219006,228.90821513329917,151.10713103460284,284.52985251565025,1.7798679221013154
4.25,11.002,0.0859,-0.0017,191.66162158356502,233.32719149303568,524.7964591054863,223.49227180437833,230.65317067779282,152.0559064131474,285.540789613805,1.7699919415867298
4.26,11.275,0.0903,-0.0015,193.49778455607205,235.56252032913122,529.8574080346738,226.1190470670024,235.85983947165022,153.32767777483687,287.6242200461426,1.7691377078925241
4.27,11.673,0.0942,-0.0013,195.32458512462782,237.78645145606865,537.0512430825603,228.70090922697224,240.01891849758064,154.73810540843377,289.4554796397036,1.7602396212349494
4.28,11.673,0.0986,-0.0013,196.68327504863205,239.44050875485644,537.1756273026607,230.68636679127164,245.69401766893728,155.42656630614061,291.3507754316363,1.7731059042593784
4.29,11.95,0.1039,-0.0012,198.65235172146512,241.83764557395756,542.1354819444788,233.53232414319976,251.74508386779405,156.73320665161475,293.5648093919114,1.7738983905651913
4.3,12.033,0.1079,-0.0012,199.94824789941737,243.4152583123342,543.6961486759196,235.40580995370328,256.5481391948454,157.48408720815283,295.1989643160016,1.7806790864544442
4.31,12.087,0.1161,-0.0012,202.24075364645452,246.20613487394465,544.7521880878708,238.8599822937109,266.49924165849654,158.64903892152913,298.2083847546089,1.799016096609197
4.32,12.178,0.1202,-0.0013,203.49526531573346,247.7333664713277,546.4403007171173,240.68156896691463,271.2314833869388,159.38128173706895,299.7491680032214,1.804813839708608
4.33,12.186,0.122,-0.0013,204.0480272111242,248.40629399615122,546.7025288024703,241.43656186614743,273.37986280627644,159.69574073375253,300.50613573867247,1.8091064484466133
4.34,12.17,0.1232,-0.0013,204.41547103146797,248.85361690787406,546.5530120949919,241.91088041404046,274.86518358402407,159.89780419997604,301.06148485705984,1.8131419325981135
4.35,12.203,0.122,-0.0013,204.2817300824348,248.69080183948583,547.2433584331415,241.5656852448094,273.3490423305083,159.93256201435335,300.859804061154,1.8091512358475117
4.36,12.141,0.1208,-0.0015,203.99923765202837,248.346898011165,546.3030418861326,241.03414478860537,272.08088431332953,159.78619856711663,300.63671798991925,1.8098353494561366
4.37,12.145,0.1214,-0.0013,204.25429056975264,248.65739721535107,546.4964123686532,241.3195463657209,272.7969526696209,159.96134835026248,301.0055684397258,1.8114911230792494
4.38,12.108,0.1209,-0.0008,204.1791412158487,248.56591104538103,545.9850591817507,241.10362543401894,272.30118395730966,159.9379171907649,301.01134225384175,1.8125850201919826
4.39,12.037,0.1203,-0.0006,204.0258097065442,248.37924659927123,544.8835056353196,240.78154368929117,271.7739244693114,159.83785259582984,300.97723332730453,1.8151461961337747
4.4,11.913,0.1157,-0.001,202.80024008215997,246.88724879567303,542.8532699659497,238.79758142569565,266.5450870302066,159.18472088779376,299.605081956753,1.8107444994933661
4.41,11.752,0.1116,-0.0012,201.6128333681215,245.44171018727837,540.1595833561449,236.89799001370636,261.9565374750068,158.49806908292683,298.3444004095944,1.8092011799551324
4.42,11.511,0.1081,-0.0013,200.42775112686815,243.99900137183948,536.0207428955014,235.0444942136602,258.2570136979214,157.70774655116833,297.23583446461765,1.8131913207658548
4.43,11.325,0.1054,-0.0019,199.51861943869721,242.89223236015314,532.8124336810071,233.60166422140753,255.37245541154547,157.10692627830284,296.3937628304463,1.8164001443441016
4.44,10.89,0.1018,-0.0017,197.93121834180016,240.95974406827847,525.0174480862277,231.23575447656202,251.95878817310253,155.87101697722633,295.1405377938075,1.8308024508234895
4.45,10.758,0.0952,-0.0012,195.99293776774135,238.60009815203296,522.6954751632258,228.16753219082003,243.82580208621945,154.83106979552332,292.72003935858356,1.8201811723700319
4.46,10.662,0.0934,-0.001,195.4181081142078,237.90030553033995,521.0252448555834,227.21470050380626,241.73562335968782,154.48292154244362,292.14104255894597,1.820827289407254
4.47,10.625,0.0907,-0.0008,194.67587924798337,236.9967225627624,520.4499287341931,225.97606044056153,238.2999824895165,154.12606353945614,291.18656966045796,1.8154219083956415
4.48,10.518,0.0893,-0.0006,194.18152243515425,236.3948968775791,518.5569418956484,225.1566948377884,236.72807629637808,153.79852059596624,290.7408715870954,1.8177661453249054
4.49,10.497,0.0876,-0.001,193.73985083170754,235.85720970816573,518.2740741193203,224.38045695776654,234.53710128291502,153.60435712354126,290.1746678155889,1.8142592872324066
4.5,10.58,0.0869,-0.0012,193.76733857370655,235.89067304625146,519.9494855611672,224.28407579122,233.4201741098948,153.7713685051216,290.05228174909,1.8078182941438428
4.51,10.923,0.0879,-0.001,194.7232395925908,237.05437863445837,526.44185522421,225.52316502474892,233.95546214999268,154.72169578410018,290.71584609416755,1.7921112705458684
4.52,11.052,0.0905,-0.001,195.8006714307456,238.36603478525552,528.9242389900023,227.02092697776055,237.08549579944716,155.45461736847219,292.0085428968659,1.793301636270027
4.53,11.155,0.0892,-0.0012,195.6691236963542,238.2058897173008,530.9173064968636,226.69482943230193,235.16410266984514,155.57113665612303,291.64283175542755,1.7842617569024235
4.54,11.371,0.088,-0.001,195.7241928364895,238.2729304096394,534.938741565888,226.64140901967636,233.12763681038948,155.9216488954761,291.3335786706032,1.7695147251228298
4.55,11.739,0.0844,-0.001,195.20560924264288,237.6416112519131,541.6050876011686,225.76468977566404,227.64154003284676,156.1918227492554,289.9855963863411,1.7396814592409673
4.56,11.95,0.0813,-0.0008,194.5632818755366,236.85964750065327,545.4226765737257,224.76005315486168,223.14949506352542,156.20270231202497,288.77670322285604,1.7195664675885167
4.57,12.17,0.0833,-0.0008,195.5880165277986,238.10715055558092,549.3560046626675,226.19131223898614,225.38313524946034,157.0253987813665,289.8902137522182,1.7153772275838912
4.58,12.418,0.087,-0.0004,197.17885872525204,240.04382801335032,553.7269972156166,228.44847228580218,229.7434514869339,158.14736573444478,291.7374660234605,1.715111415644916
4.59,12.58,0.0982,-0.0008,200.89666168868672,244.56984901231428,556.5942340844792,233.80292273316334,243.67109822022564,160.14043924767114,296.5585810213197,1.7402910340882787
4.6,12.857,0.1015,-0.0008,202.29498265506479,246.27215279747017,561.3654204810097,235.7871693070785,247.21060401959355,161.1822783908738,298.0476525810226,1.7365990468129626
4.61,12.977,0.1051,-0.0006,203.5636276024898,247.8165901247702,563.4829689225697,237.56998638497262,251.39699168806385,161.96337034845763,299.5862883818356,1.7410061755135178
4.62,13.143,0.107,-0.0006,204.39570284514727,248.82955128974453,566.347118436152,238.71381489362363,253.37687482872198,162.59948094764687,300.4778102720557,1.7386973158497165
4.63,13.267,0.1076,-0.0004,204.80989861387653,249.33378961689317,568.5046909460905,239.23978186028148,253.860566384347,162.9930287891831,300.88175916123635,1.734975743280609
4.64,13.391,0.1076,-0.0004,205.0541065771534,249.63108626783892,570.6505117866586,239.5186130927567,253.62079033693905,163.30944901997756,301.06676499438214,1.7297508884968562
4.65,13.511,0.1129,-0.0004,206.74905290847457,251.69449919292558,572.7206404022521,241.92725714656976,259.73942032866523,164.27154441640036,303.1395854690409,1.7381944335971236
4.66,13.88,0.1156,-0.0004,207.99996417058483,253.21734768592938,578.7691552650522,243.71754038711117,262.184202249939,165.33267451651108,304.2983467256369,1.7289231877335156
4.67,14.05,0.1174,-0.0004,208.76993096623977,254.15469856759626,581.5902734043933,244.77761797893027,263.9634064635055,165.9341437132636,305.1030742007873,1.7263101367135103
4.68,13.809,0.1198,0.0,209.22563412776873,254.70946763380542,577.8826603881112,245.3181986528378,267.28299636184374,165.89811335750522,306.03319973603567,1.7429471515431287
4.69,13.569,0.1231,0.0004,209.880718675631,255.50696186598555,574.1478166841251,246.1780718457921,271.65040948252056,165.95188163476791,307.24221367274504,1.7617473258426943
4.7,13.921,0.1257,0.0002,211.06507454885877,256.9487864073064,579.9140388827312,247.85332712512314,273.9005058912772,166.95306559389044,308.3026521827556,1.7525915395893807
4.71,14.008,0.1268,-0.0002,211.54407442766393,257.5319166945474,581.4168732168267,248.46993088823822,274.98670992993084,167.322635446307,308.8323109814964,1.7517167936785094
4.72,14.046,0.1283,-0.0002,212.06262220442713,258.1631922488678,582.1410909083543,249.141957259958,276.630362037067,167.6502072864307,309.4770412259041,1.7538600748790767
4.73,14.029,0.1266,-0.0004,211.71825702940416,257.74396507927463,581.9931383823673,248.52961543253815,274.73309704356217,167.53404126620632,309.1035575154323,1.7511541639728596
4.74,14.021,0.1218,-0.0006,210.58617712875457,256.3657808523969,581.9873730259436,246.76053944935063,269.23711176125687,167.08178308731482,307.7173529243401,1.7408220563190122
4.75,13.992,0.1228,-0.0006,210.90927557766548,256.7591180945493,581.6485892633337,247.13395149072815,270.46438011240735,167.24332821820306,308.20418873503223,1.7448152871489016
4.76,13.946,0.1227,-0.0006,210.92878411665768,256.7828676202789,581.038330856862,247.05894650101862,270.45614199078904,167.2504926675796,308.32804917039533,1.746983235256253
4.77,13.963,0.1212,-0.0006,210.66015435240266,256.45584008118584,581.4295819017406,246.56930505566643,268.698511978298,167.20666627349638,308.0016822500579,1.7431261105757014
4.78,13.876,0.1197,-0.001,210.2668686896956,255.9770575352816,580.1620033771395,245.8832117055188,267.1502038791977,166.98084354914576,307.65218832143546,1.743781424523239
4.79,13.532,0.119,-0.0012,209.77130981425063,255.37376846952253,574.7432845793785,245.0159411465669,267.06154930886885,166.3939838896874,307.52315669645253,1.7577923524275199
4.8,13.396,0.1196,-0.0013,209.85542839110164,255.47617369351505,572.6476962457309,245.03133884886773,268.0595965112204,166.31790081779698,307.8636810682446,1.7657762195808935
4.81,13.3,0.1162,-0.0015,208.9454851330053,254.36841668365864,571.1935564167886,243.5835208530473,264.2894898965243,165.84443349398163,306.8568047723104,1.7623691422323873
4.82,13.242,0.1155,-0.0015,208.78488746017686,254.1729064732588,570.3579763555489,243.24463803972253,263.59754982420594,165.75266521628615,306.7670927726494,1.7637222173631113
4.83,13.222,0.1143,-0.0017,208.53801609136912,253.87236741557982,570.1450583510515,242.78260474006078,262.2338850344126,165.66842844665038,306.5081228611345,1.762094874857402
4.84,13.13,0.1126,-0.0017,208.06346057560455,253.2946476572577,568.7427485275762,241.98045934172507,260.4225022676239,165.3912922636187,306.0559180457895,1.7625266410405995
4.85,13.043,0.1137,-0.0017,208.3431774658874,253.6351725671673,567.4161106419738,242.28683406819084,261.9193118407849,165.46132739575557,306.58794125411043,1.7697181811907963
4.86,13.027,0.1137,-0.0017,208.41879638460182,253.72723038125443,567.2657708691809,242.29943263233326,261.96293516911413,165.52683836841888,306.74496342926534,1.770867982844476
4.87,13.023,0.1134,-0.0017,208.42981370886375,253.74064277600803,567.3146590865862,242.21796906680584,261.6258487828873,165.57781513089097,306.79843604027997,1.770711265100219
4.88,13.251,0.1133,-0.0015,208.78859386499627,254.17741861825635,571.2051896052538,242.67114004688665,261.04642170980736,166.0746792050314,306.96191721028396,1.7602742141142076
4.89,13.296,0.1048,-0.0015,206.57894687823662,251.48741359089678,572.0613551103226,239.38851125404946,250.8223216367655,165.17773145493518,304.0306716734142,1.7368214336438974
4.9,13.317,0.106,-0.0017,207.04103707016773,252.04995817237813,572.5214641061324,239.9663547284536,252.24071530137843,165.4654183330311,304.64196885914953,1.7394111589801597
4.91,13.222,0.1107,-0.0017,208.33376001587266,253.62370784541022,571.0730510301311,241.7201630246288,258.0572767178206,165.98525896372257,306.5068342781656,1.7562753845655774
4.92,13.18,0.1137,-0.0019,209.1896954297868,254.66571617539265,570.4936318527263,242.86443943900295,261.7060071511829,166.37193174100182,307.72526960554575,1.7661352718591012
4.93,13.13,0.1126,-0.0019,208.92614497864002,254.3448721479096,569.7804202788832,242.37789848326338,260.5183148852443,166.24059075774937,307.4858788038276,1.7661138556412757
4.94,13.023,0.1132,-0.0019,209.04559280315195,254.4902868907937,568.116099731647,242.44341467006205,261.4568927322021,166.21168722882123,307.837533516052,1.7730068641865973
4.95,12.894,0.1132,-0.0019,208.97171848421814,254.40035293730907,566.0730328541061,242.22662807106946,261.73266563823364,166.06692559611724,307.9723840436374,1.7794888107739268
4.96,12.807,0.1119,-0.0019,208.60289874347367,253.95135499205492,564.7237153759088,241.58269161804705,260.3803917846526,165.83914621558762,307.6519283977088,1.7807723122827255
4.97,12.72,0.1108,-0.0019,208.2846276028032,253.5638944729778,563.3674554423029,241.0134233432893,259.2605008564133,165.6333719268477,307.3981823867003,1.7825615846484673
4.98,12.733,0.1095,-0.0017,208.04354112981034,253.27039789716045,563.7001749254209,240.5664290161198,257.6912144879811,165.5880449612141,307.085352735202,1.7790231510521224
4.99,12.741,0.1118,-0.0017,208.7711478739316,254.15618002043846,563.9474303647055,241.53407075668213,260.4239434730134,165.9815250697591,308.0740613479021,1.7848739287696218
5.0,12.807,0.1114,-0.0013,208.8463847771802,254.24777277221938,565.1749767660838,241.55380681235053,259.821256908677,166.14810106826332,308.09833556845314,1.7810981365631462
5.01,12.845,0.1121,-0.0012,209.17981030193567,254.6536821067043,565.9272639526856,241.94829332701894,260.58236751425494,166.39784147246007,308.5120006490095,1.7814429974577275
5.02,12.865,0.1149,-0.001,210.04691954249714,255.7092933560835,566.3761815235417,243.1205129191391,263.8541563904102,166.86875611022782,309.6627968796249,1.7878490650984336
5.03,12.679,0.121,-0.0008,211.4545658018925,257.42294967186916,563.3456692073158,245.0926412003187,271.3827062268727,167.32820370402843,311.8755887255366,1.8118940260042227
5.04,12.567,0.1252,-0.0004,212.42590224721604,258.60544621400214,561.5512473601841,246.44760961884086,276.4874873593361,167.681065132779,313.3989649694588,1.8275352270842204
5.05,12.352,0.1276,-0.0008,212.7695133887692,259.023755429806,557.9697979246816,246.89471639032968,279.7338487622343,167.62106700019314,314.29098035012527,1.8440195076790569
5.06,12.385,0.1287,-0.0015,213.17795926463054,259.52099388737633,558.6457652751618,247.39882399715856,280.91627506949175,167.89729979306958,314.8056206106939,1.8452797868026878
5.07,12.46,0.1241,-0.0012,212.27902541115577,258.42663963097226,560.0461768903259,245.9301841444949,275.46281730725536,167.62843548567665,313.490174956333,1.8314571963612578
5.08,12.518,0.1233,-0.0013,212.26403076346358,258.40838527726004,561.1497371903239,245.79860548605035,274.4118360340342,167.74241943592466,313.3936793421351,1.8271471141953863
5.09,12.629,0.1253,-0.0013,213.01597285560428,259.3237930416052,563.1549958893507,246.80708310825605,276.470409875087,168.27222454307048,314.226728511803,1.826756843087295
5.1,12.662,0.1257,-0.0013,213.25720794817198,259.61747054560067,563.8262289996603,247.061237972986,276.857425858111,168.4719072689852,314.51916437604075,1.8264717034796114
5.11,12.7,0.1257,-0.0013,213.4077212282675,259.8007041039778,564.5815041095121,247.18021465689847,276.7750592842576,168.63642899485984,314.68205438706246,1.825028217904182
5.12,12.7,0.1268,-0.0013,213.77024971814265,260.2420431351302,564.6907885593992,247.6171612323074,278.0335239820634,168.85017147709567,315.1945547143019,1.8279419704442441
5.13,12.654,0.1267,-0.0015,213.77143919897046,260.24349119874665,564.0168378387367,247.51986885622657,278.0207536632178,168.8424778733924,315.30938296563306,1.8303451217693418
5.14,12.625,0.1263,-0.001,213.72482449911033,260.18674286848216,563.6330650452055,247.35023241647104,277.6273881094511,168.83378930541036,315.32976877622036,1.831235657733349
5.15,12.526,0.1247,-0.0013,213.27838729294265,259.6432540957563,562.0476858287931,246.59176421838077,276.01229196220135,168.55519214000313,314.9440696942231,1.8328015895098133
5.16,12.406,0.1241,-0.0013,213.04166038102494,259.35506481168255,560.0922128951679,246.14812828951693,275.58673614741997,168.34509761117866,314.8787383733542,1.8377345699735197
5.17,12.248,0.1226,-0.0012,212.52071053641956,258.7208650008586,557.4636616488157,245.28718416849205,274.20621898043964,167.95552260465345,314.50554458075146,1.8425246211875703
5.18,11.971,0.1189,-0.0013,211.2539984724768,257.1787807491022,552.7187784209063,243.3336538085629,270.52125485369135,167.06765322758474,313.35526124318477,1.8482283602337253
5.19,11.896,0.1107,-0.0013,209.11511895029446,254.5749274177498,551.4986577289112,240.07161237987944,261.0060148452613,166.01844380088477,310.5948531123802,1.832221597070193
5.2,11.797,0.1081,-0.0013,208.35775661738492,253.65292109942516,549.845620493506,238.8642171814315,258.106628572126,165.58057735269335,309.7683562656501,1.8310849533617948
5.21,11.727,0.1061,-0.0013,207.7975336916652,252.97091058115763,548.7013315227748,237.94738119851064,255.8476850094441,165.2707523758358,309.15386656416416,1.8299213013880513
5.22,11.648,0.1049,-0.0015,207.4358617376084,252.53061428926242,547.3895213445198,237.32287203062396,254.5645394730153,165.04211653602135,308.8314113925564,1.8313094753465293
5.23,11.607,0.1061,-0.0013,207.7890401491535,252.9605706163608,546.7569816046331,237.74510853391732,256.1084017345174,165.202017643692,309.4301376252751,1.8370519794707298
5.24,11.553,0.1076,-0.0015,208.19726535536495,253.45754043261823,545.8863629152844,238.2511230983027,258.03726992425675,165.37139375884342,310.13451919188367,1.8442555471199218
5.25,11.515,0.1092,-0.0015,208.65181998168413,254.01091128205024,545.3026736281264,238.82672074793717,260.04516143068884,165.58332379016855,310.8725354933673,1.8508311281129035
5.26,11.449,0.113,-0.0015,209.62286689836026,255.19305535452554,544.2091004880896,240.17678491995028,264.7285994875087,166.00451442689325,312.39510935697166,1.8644327722520766
5.27,11.379,0.1136,-0.0015,209.7468426798839,255.34398239290218,543.0377166238574,240.27404614264648,265.5969843355006,166.0185305586841,312.7463101241768,1.8701211351872096
5.28,11.383,0.1144,-0.0015,210.04820751958755,255.71086132819357,543.2125704257203,240.6209238685122,266.5355709432418,166.2112376855277,313.18274104613806,1.872299841204581
5.29,11.371,0.1159,-0.0015,210.49687542457437,256.2570657342645,543.0954630725063,241.1918480827297,268.33381143422423,166.45330857059741,313.86132019640553,1.8770600459624724
5.3,11.391,0.1178,-0.0015,211.097423598812,256.9881678594233,543.5617916950109,241.9831484198926,270.52109138918104,166.80784838452522,314.6798944895969,1.8810171506506173
5.31,11.362,0.1219,-0.0013,212.1397103139342,258.25703864305035,543.1348141749023,243.45522332002793,275.3700265734823,167.30845796826293,316.2274138746158,1.89280433178592
5.32,11.367,0.1253,-0.0013,213.05100547079053,259.36644144270156,543.3273007191955,244.7260706000871,279.28494722819335,167.78927577602502,317.51249230421803,1.9008730345997558
5.33,11.333,0.126,-0.0012,213.2438973625039,259.60126635435256,542.8071756403671,244.92434977700609,280.16404986984594,167.88210513329156,317.8864836344283,1.9047426939465824
5.34,11.255,0.1281,-0.0013,213.6770923485924,260.1286341635038,541.4770884373924,245.50778967226816,282.751996311108,168.03301584149094,318.7051174503626,1.9142183312833743
5.35,11.135,0.1286,-0.0015,213.6524405365347,260.09862326186834,539.3635225375167,245.41625071768826,283.6064595486916,167.91541482064875,318.9922235046265,1.922396834409383
5.36,10.994,0.1271,-0.0012,213.1224601746023,259.45342977777676,536.8445328688617,244.56481982790083,282.22155102835984,167.53137029131855,318.62652067609,1.9272859743771482
5.37,10.899,0.1249,-0.0012,212.51508086098482,258.714011482938,535.1664195534285,243.57365796838153,279.9088262631491,167.16641730096129,318.03361657176055,1.928011017493949
5.38,10.832,0.1233,-0.0012,212.0974652873617,258.205609915049,534.0056186643119,242.86011127812608,278.2099289446147,166.9257271664993,317.6359976819897,1.9285142497811225
5.39,10.729,0.1226,-0.0013,211.81560493216915,257.8624755695973,532.1575785336682,242.37376311126698,277.6391865205908,166.70350843922137,317.5276962977123,1.9332031867453958
5.4,10.679,0.1201,-0.0013,211.2116752539267,257.1272568308673,531.3063168301328,241.36879430568695,274.83435351666645,166.3925058886895,316.8159908949152,1.9305765647353643
5.41,10.671,0.1181,-0.0013,210.80401586020204,256.63097582981123,531.2515315902135,240.6448633739887,272.49866750448365,166.22829160270496,316.27136142975763,1.9266319040695736
5.42,10.592,0.1167,-0.0013,210.39384626586278,256.1316389323547,529.8425041753284,239.95288958404038,271.03041574448986,165.97142917325579,315.91163642022997,1.9282351458033262
5.43,10.485,0.1152,-0.0013,209.89813858124202,255.52816870759898,527.887725174165,239.14579813751013,269.50374247768946,165.63594354605294,315.5041971203574,1.9312466004813162
5.44,10.352,0.1161,-0.0013,209.93056790106996,255.56764787956342,525.4153362448316,239.15818032012245,270.8848141261483,165.52320437771726,315.94075027605027,1.9417976562783066
5.45,10.244,0.1177,-0.0013,210.17443581321706,255.8645305552208,523.4097049444243,239.48703038002947,273.03479781575044,165.54578025570981,316.62593514164473,1.9526353147943631
5.46,10.124,0.1181,-0.0013,210.0963545699929,255.76947512868702,521.1535247893862,239.33610478852475,273.7971339194368,165.39593321520414,316.88493032260686,1.9613379731394758
5.47,9.975,0.1176,-0.0012,209.7335448893961,255.32779377839523,518.3043281114523,238.77199318663656,273.5718618009803,165.06901723900884,316.82209124759845,1.969744772633252
5.48,9.854,0.1167,-0.001,209.33263223520476,254.8397261993797,515.987591156926,238.13299683058412,272.80185352792597,164.7577709576232,316.6235259409889,1.975540365375069
5.49,9.634,0.1144,-0.0012,208.35979627313873,253.6554041586037,511.6476911933092,236.69177421540158,270.6127311809691,164.0349729127543,315.89817061336504,1.9843029939510275
5.5,9.505,0.1125,-0.0012,207.6835367430923,252.83213168724282,509.111350762387,235.64133737084387,268.6521602253546,163.57217011265413,315.32484394211906,1.9883287061138233
5.51,9.402,0.1128,-0.0013,207.59271166086216,252.7215620219192,507.08750233124294,235.4804100377537,269.27108770245457,163.43434931590158,315.55358801318823,1.9962848574267071
5.52,9.256,0.1144,-0.0013,207.69605623004998,252.8473728018,504.15534856218324,235.66990501752227,271.57247035722463,163.3394949723554,316.24033254003047,2.0104642871394036
5.53,9.156,0.1166,-0.0012,208.0391039747886,253.2649961432209,502.1580175377146,236.20118089135514,274.4680240071502,163.42444625888507,317.14410846215367,2.0231042312458047
5.54,9.036,0.1186,-0.0012,208.26651892146856,253.54184912178783,499.7229895811251,236.5841991946553,277.1728889078809,163.42674948782144,317.9603449740586,2.036636214053596
5.55,8.953,0.1197,-0.0012,208.37652961457027,253.67577518295514,498.0534004880578,236.7455033878796,278.6992302512947,163.41674769807273,318.4657170414039,2.0454753699767205
5.56,8.824,0.1206,-0.0012,208.30694691341418,253.59106580763466,495.3879804605242,236.68666317933884,280.12092010794083,163.25867728254073,318.88695416632504,2.057116753954188
5.57,8.778,0.1206,-0.001,208.26392446201643,253.5386906494113,494.48867187515884,236.5628986402393,280.23511398488756,163.21736295427203,319.0196227034468,2.0608044204681613
5.58,8.712,0.1187,-0.0012,207.74127375388488,252.90242022212072,493.1517660944399,235.6994987318423,278.1459901383466,162.90653740307872,318.48843986016357,2.061364648431974
5.59,8.707,0.1184,-0.0012,207.74572377043106,252.90783763356825,493.1310313497826,235.59628052925336,277.7831358412878,162.93994572136052,318.52658932044926,2.0614237949034346
5.6,8.633,0.1204,-0.0012,208.06260656268654,253.29360798935755,491.6127523231446,236.09134928403478,280.36232204315553,163.04721446555388,319.34518062873326,2.0720158477168593
5.61,8.566,0.1205,-0.0012,207.97479417413834,253.18670595112494,490.23831410572797,235.93057468007046,280.65859067507216,162.95641638563706,319.5054224407547,2.077553694925288
5.62,8.491,0.1192,-0.0012,207.55359237082993,252.67393853840167,488.680304125542,235.24693926729904,279.31199736807383,162.68425432112633,319.1782225405925,2.0803475637258697
5.63,8.425,0.1182,-0.0012,207.2216963777255,252.26989124244844,487.3115027670956,234.69501475059408,278.2921589772449,162.46823942870705,318.9538645609184,2.083227327922854
5.64,8.288,0.1161,-0.0012,206.42725430064337,251.30274436600064,484.35410080398935,233.51103530524253,276.15752903986134,161.92401022157244,318.31571899070445,2.0887509159574997
5.65,8.229,0.1131,-0.0012,205.656487614233,250.36441970428368,483.1187443694082,232.24627023901067,272.680886550264,161.48592097404634,317.35965811438837,2.0861451350098648
5.66,8.13,0.1054,-0.0012,203.6421233421751,247.91215015569145,480.97429851750445,229.06166304288863,263.4803619621629,160.34285054967563,314.5764897270822,2.0740993747070076
5.67,8.076,0.1018,-0.0012,202.6876357452823,246.7501652551263,479.8352347024649,227.51273146945869,259.1129191898135,159.8060612801104,313.2829308904356,2.0689102941684814
5.68,8.001,0.0998,-0.0012,202.04874625893012,245.9723867500019,478.2114521888894,226.4968762446829,256.7831622394236,159.40695656296145,312.5936289536417,2.0696135622938776
5.69,7.939,0.0992,-0.001,201.7932896788738,245.66139613080293,476.87639264299395,226.06997095980788,256.1815002984191,159.22665709098192,312.46972351003336,2.0732195555971416
5.7,7.872,0.0982,-0.001,201.41950466766247,245.20635350845868,475.4175948950269,225.46477489003195,255.08276244621214,158.97635624050193,312.17751336297613,2.076122286242988
5.71,7.789,0.1011,-0.001,201.96151072566724,245.8661869703775,473.57860942776125,226.33817578426783,258.98710254715854,159.19534789643976,313.47528480815646,2.0913319270660318
5.72,7.739,0.1041,-0.001,202.6075772011193,246.65270267962353,472.4968125724213,227.3382209144555,262.8933173679224,159.51184835531853,314.79354140769624,2.104030094224751
5.73,7.631,0.1009,-0.0012,201.56873284127565,245.38802258937906,470.0472945700624,225.74252599206213,259.1618626936393,158.85449344428514,313.6243896491244,2.104482842054436
5.74,7.66,0.1003,-0.0008,201.59869126727514,245.4244937166828,470.8120333626447,225.62846381894568,258.2992959750733,158.93964891641974,313.5283943714524,2.10086301270295
5.75,7.652,0.1005,-0.001,201.7031239529321,245.55162916009127,470.704302455943,225.6951839116891,258.55983512815203,159.01894264163528,313.7453102466228,2.1025150284440524
5.76,7.756,0.1015,-0.0008,202.3638706082566,246.35601639266022,473.2203315561089,226.46632248103856,259.50623742446055,159.5364038064631,314.31893835455276,2.0972663802534006
5.77,7.851,0.1008,-0.001,202.57450673739757,246.61244298465795,475.5069542939526,226.54217326044977,258.3365446721617,159.8015987618972,314.20243770600564,2.0881300244521253
5.78,7.893,0.1002,-0.001,202.6386936065122,246.6905835209714,476.55879371856173,226.47082842269197,257.44618535069463,159.9221595590768,314.1086482784398,2.0835433781968353
5.79,7.988,0.1011,-0.001,203.23550141754558,247.4171321604903,478.8237833005658,227.16556108311397,258.3013375672908,160.39391561672187,314.6394135102679,2.078980481373254
5.8,8.138,0.1015,-0.001,203.86848722479203,248.18772357800773,482.3212565692994,227.84792097195736,258.3785060045639,160.95409609064865,314.9817953954303,2.068854122692869
5.81,8.533,0.1024,-0.001,205.30948805580448,249.94198545924024,491.2174290506225,229.51964821913708,258.44473454723146,162.25285059308422,315.5916210518151,2.042051862886451
5.82,8.72,0.1049,-0.0008,206.5288783094116,251.42646055058805,495.387428164454,231.10282609750584,261.0400288871002,163.16430375135567,316.7713576751039,2.0356660239625395
5.83,8.878,0.1078,-0.0008,207.75091222784042,252.91415401650139,498.88211313694995,232.7238772624808,264.1679930379149,164.03571601059045,318.0767100463961,2.0325290735253265
5.84,9.019,0.1106,-0.0006,208.88714947795702,254.29739936446944,501.980122964125,234.23224219204812,267.18161137016347,164.83714267700643,319.3144294862297,2.0303369880011357
5.85,9.111,0.1132,-0.0008,209.83366961033514,255.4496847430167,504.0145795895269,235.49566956182042,270.0475390609854,165.4755822627635,320.4431658668999,2.031008736129391
5.86,9.027,0.1147,-0.0006,210.04942031266035,255.71233777193433,502.32015713681784,235.7983910862475,272.0314114672379,165.51424589347596,321.10873380716987,2.040994149542243
5.87,8.944,0.1181,-0.0004,210.6940830818833,256.49714462142316,500.63612511193327,236.77293961380673,276.25202724229473,165.7740449282614,322.4475021162062,2.0555925369371573
5.88,9.123,0.1239,-0.0008,212.56672276008482,258.7768798818424,504.52348827661945,239.38600329574564,282.52864122971346,166.9896149368986,324.6508225283641,2.0574275829675424
5.89,9.26,0.1269,-0.0006,213.67812618615469,260.12989274836224,507.4906129185904,240.86102931539077,285.59932991990013,167.76029134127901,325.8380943734319,2.0554314556810853
5.9,9.385,0.1309,-0.0006,214.95847898655023,261.68858311406115,510.18240177019186,242.6146036512852,289.80453442517285,168.59753038410545,327.3282450487171,2.056484835613586
5.91,9.493,0.1349,-0.0006,216.17470325101385,263.169203957756,512.5031575788307,244.28799074578208,294.001430173088,169.37770176636272,328.78025449004866,2.0585431587317387
5.92,9.614,0.1382,-0.0008,217.26349353461697,264.49468778127283,515.0742196798573,245.75038116569627,297.3362275560486,170.1075611171673,329.9868877789646,2.0581210638158267
5.93,9.767,0.1422,-0.0008,218.5649995461655,266.07912988228844,518.2768647635904,247.51477080331972,301.32145425843726,170.97920967748553,331.39333769570413,2.0570528842974323
5.94,9.888,0.148,-0.001,220.12174321289717,267.97429608526613,520.8063677565426,249.7145199020844,307.2962083184614,171.93242750715163,333.29250815831773,2.061628715351422
5.95,9.88,0.1528,-0.001,221.1176413533804,269.1866938215066,520.7320715361669,251.17324431235858,312.45746676528546,172.4490387499466,334.818761172479,2.072110892420421
5.96,9.842,0.1585,-0.0012,222.17499385484055,270.4739055624146,520.0517117891659,252.773248667605,318.60033692467135,172.95882103846947,336.5500664521448,2.085984897417019
5.97,9.821,0.1581,-0.001,222.12982610033026,270.4189187308369,519.7145962240909,252.60576416271397,318.2017356774103,172.94995552051995,336.57693909399586,2.0869707824172643
5.98,9.759,0.1586,-0.001,222.13898090904118,270.4300637153545,518.5447015282482,252.57493933590962,318.8701178547463,172.9180312051508,336.8419463164086,2.0923215410622342
5.99,9.643,0.158,-0.001,221.79307849646605,270.00896512613264,516.2668203691674,252.04810933017708,318.5255073987394,172.64641706851586,336.7885613997745,2.0991184597955206
6.0,9.505,0.1555,-0.001,221.02799544411795,269.0775596711001,513.5166689773754,250.88453455419014,316.22208940800215,172.14031712903824,336.19698825404237,2.1037993303641946
6.01,9.36,0.1522,-0.001,220.0826736414579,267.9267331287313,510.59405553653266,249.44694863512728,313.065568193755,171.53354560697835,335.36392428322574,2.1074466290965903
6.02,9.015,0.148,-0.0012,218.3607931951654,265.8305308462883,503.4031137369976,247.057200765596,309.4799014942575,170.29128993831873,334.1938373637986,2.123162353221163
6.03,8.761,0.1458,-0.001,217.2504042127646,264.47875295467,498.01965695259366,245.541334507452,307.7890303804877,169.45939058205101,333.61334195301,2.13713821373086
6.04,8.574,0.1335,-0.0012,214.33846981961108,260.9337893456135,494.0119498705819,241.041383714695,294.62699727027626,167.77971718514743,329.89841058573677,2.125045101632091
6.05,8.392,0.1303,-0.0012,213.19683923189294,259.54397819534796,490.059712966283,239.3818656531364,291.4938855758866,167.00244600343422,328.9449653823824,2.1318820836818695
6.06,8.121,0.1267,-0.0012,211.65987957478453,257.6728968736507,484.03199754256144,237.24706918373175,288.1298254375353,165.9049870890018,327.8063783184089,2.1448399167331873
6.07,7.955,0.1228,-0.0013,210.37272622597084,256.1059275794428,480.306164514383,235.35125350392318,284.06725820045557,165.05927380949547,326.56303174856066,2.1492064147977077
6.08,7.793,0.12,-0.0013,209.30929952766368,254.81132116411234,476.6235070271081,233.8156619443216,281.23741895030975,164.33139230628905,325.6713373402601,2.1559459597015516
6.09,7.411,0.1164,-0.0012,207.2688985725737,252.32735478400278,467.63610470517716,231.14353113988162,278.0938586965553,162.80876758845884,324.3985514751074,2.1793636598261714
6.1,7.115,0.1121,-0.0015,205.31465811666723,249.94827944637748,460.48429628613314,228.48569589435525,273.80582049384304,161.42469303486337,322.8516628591216,2.1947772158082235
6.11,6.924,0.1037,-0.0013,202.77816460540623,246.8603743022337,455.7971433468369,224.6799839437896,264.02764715840874,159.83001225745508,319.66718906210366,2.190239593461515
6.12,6.775,0.1012,-0.0013,201.6963151170137,245.54334014245148,452.0981488046926,223.14848886912787,261.32432580207677,159.08002114423326,318.73522390302725,2.1975551334332564
6.13,6.592,0.0968,-0.0013,200.00482898086275,243.48413962887642,447.4659216191666,220.72057501704174,256.26689868080126,157.9421211271833,316.9653431026732,2.2028443534058564
6.14,6.471,0.0922,-0.0015,198.47111444694926,241.61700889193824,444.3809206151031,218.41602825652834,250.6585064961473,156.95717672356508,315.0522324824903,2.20144506727074
6.15,6.347,0.0896,-0.0015,197.3891813736704,240.2998729766422,441.179489087092,216.85410073724427,247.59882665766438,156.219964131401,313.9671479004377,2.2062174559641865
6.16,6.21,0.0871,-0.0013,196.25766137020042,238.92237036372225,437.5884878841792,215.25148312684996,244.67363709454048,155.4346924757326,312.8923273059606,2.2126784367981616
6.17,6.122,0.0858,-0.0013,195.6244565467268,238.15151231775437,435.27907289281626,214.33852519715663,243.18013642318067,154.99196429289844,312.3764319277489,2.2180345264826977
6.18,6.047,0.0813,-0.0015,194.19579649597534,236.41227399510043,433.30255370405325,212.11913125590985,237.27681782415272,154.09618604303077,310.29516343840777,2.2115774228996536
6.19,5.968,0.0813,-0.0015,193.92779800481298,236.08601496238103,431.2002400722701,211.7766247631524,237.49698534227227,153.8738031675436,310.39191029066404,2.2203567078720847
6.2,5.956,0.0765,-0.0017,192.63885979966642,234.51687279959393,430.93656944147057,209.6388278156037,230.85943553178132,153.12287934108133,308.0672303578999,2.2056250752961812
6.21,5.927,0.0793,-0.0019,193.35801391839965,235.39236477022567,430.20130765225923,210.74958147320737,234.82853182457308,153.54129242265324,309.6252876512258,2.21886242115539
6.22,5.918,0.0798,-0.0015,193.52789048761247,235.5991710283978,430.0223470752302,210.93613144787417,235.52961314100043,153.6565168850994,310.00107033803255,2.221963228771087
6.23,5.918,0.081,-0.0013,193.92370430643598,236.08103132957424,430.09185215277137,211.46260099476928,237.1649873063838,153.91571030935262,310.72942284867213,2.226453834011905
6.24,5.981,0.085,-0.0012,195.32444395719165,237.7862796000594,431.90433391958356,213.44457249504725,242.39996527957203,154.83756657080968,312.834068672497,2.2333343761473112
6.25,6.056,0.0896,-0.0012,196.8923715329271,239.69506099660688,434.0341488981197,215.6712760761266,248.292488422968,155.86506945650706,315.1415135268871,2.240383687313138
6.26,6.384,0.0932,-0.0012,199.26408717056614,242.58236699025446,442.93852371499804,218.56243519007188,251.97561961474955,157.637806404902,317.0113543923378,2.218238201205849
6.27,6.567,0.0975,-0.001,201.13349814871555,244.8581716593059,447.81845414090793,221.02675762424406,256.9280612968983,158.94483974582076,319.0711658519423,2.213314682020713
6.28,6.795,0.1097,-0.001,204.9234611818746,249.47203969967342,453.76693652514103,226.4983825604581,271.40355982577125,161.37008822871053,324.21164435415403,2.2254539834946625
6.29,7.037,0.1131,-0.001,206.7030694777115,251.63851936417055,459.94626396853727,228.7096278633779,274.7438604685099,162.66866631593146,325.7160618622073,2.2123791732993587
6.3,7.34,0.1157,-0.001,208.4954772385305,253.82058098603713,467.486895238852,230.84349430788163,276.91183795859024,164.0406181573265,326.91315873864227,2.1925393324081823
6.31,7.627,0.118,-0.001,210.10957769001172,255.78557284001428,474.4615677971916,232.76539469121826,278.76742808506856,165.2917322069121,327.9753936314954,2.1742588636063847
6.32,7.88,0.1193,-0.001,211.34495154781663,257.2895062321246,480.4886655969998,234.18073392758737,279.55059610409603,166.29458318676262,328.6538528248451,2.157103516244269
6.33,8.046,0.1208,-0.0012,212.30361543146265,258.4565753078676,484.40536193518653,235.31902741067157,280.81320931717033,167.04102028845026,329.3706430566167,2.147891303480693
6.34,8.072,0.1237,-0.0012,213.09027677462896,259.41424998650484,485.0785343317113,236.4019888993054,284.0635422935718,167.52152112945794,330.527850369888,2.1531458842098825
6.35,8.046,0.1247,-0.0012,213.2940409112354,259.6623106745475,484.5566668557245,236.6497272698151,285.255991208869,167.62907879078858,330.9980529217061,2.1579550716912443
6.36,7.976,0.124,-0.0013,212.98945426793776,259.2915095435764,483.0166752126764,236.16734352369753,284.61932653206145,167.41330184538106,330.8662237837383,2.1622858857770875
6.37,7.885,0.1214,-0.0015,212.20599149838588,258.33772878064366,480.9778674926922,234.96651545520393,281.84625712326766,166.9160814779876,330.05916271527457,2.1638386769860802
6.38,7.797,0.1175,-0.0015,211.13904208210778,257.0388338390877,478.99450827237763,233.31894623022612,277.52183748501994,166.2680025891861,328.7642405496384,2.161937226038067
6.39,7.706,0.1144,-0.0012,210.21910134187635,255.91890598141472,476.9264953641436,231.91103816757848,274.0979768048176,165.69133543783414,327.7248628121666,2.1621116145788064
6.4,7.619,0.1095,-0.0008,208.88639822822674,254.2964847995804,474.93777319175075,229.85718398254042,268.47188438317073,164.89236077079278,325.9666500909423,2.1572031244826566
6.41,7.452,0.1038,-0.0006,207.04724397508406,252.05751440445016,471.00753293598274,227.1481163358022,261.9853970977785,163.71030793987651,323.7839462442745,2.1565294994378723
6.42,7.282,0.0998,-0.0008,205.5572326279938,250.2435875471229,466.94468088351914,224.99583831932702,257.4812637480337,162.70634634535378,322.2060886145387,2.160557592345156
6.43,7.136,0.0964,-0.0008,204.2683964169939,248.67456955112303,463.4173274054597,223.12599170769397,253.5937101905537,161.83645788170605,320.83571825946024,2.164155534299429
6.44,6.966,0.0849,-0.001,200.7231515969502,244.35861933541764,459.23816774948557,217.83696441145727,239.20761904335237,159.65298840219177,315.648665286034,2.1448443676936675
6.45,6.812,0.0795,-0.001,198.7268654158827,241.92835789759636,455.4029141485805,214.92273437231862,232.3749145219149,158.34248026521055,313.0345849377309,2.141655317559849
6.46,6.609,0.075,-0.0013,196.74044126269226,239.5101024067558,450.2375392016078,212.1064840326474,226.71265363764812,156.96112259386646,310.72453821887655,2.145688558247728
6.47,6.488,0.073,-0.0015,195.75981519486444,238.31629675896542,447.1379652176207,210.70322038950255,224.21625249653465,156.2604143431179,309.71349598507936,2.150665450979223
6.48,6.343,0.0694,-0.0013,194.1747657216143,236.3866713132696,443.3626020033482,208.4284261639137,219.4800840696216,155.1668519305033,307.75275110024654,2.1520915191432817
6.49,6.184,0.0651,-0.0015,192.26128870058955,234.05722102680465,439.1495788453256,205.69000858424326,213.6531469623323,153.84800749681813,305.2661056809216,2.151940874528216
6.5,6.06,0.0603,-0.0015,190.24512752454126,231.60276394291984,435.83098617964856,202.75911385756703,206.83700422896328,152.49307814260993,302.31408565397777,2.1455052250387996
6.51,5.781,0.0556,-0.0015,187.54561701009018,228.31640331663155,428.1188941856103,199.0540837805769,200.28506355550627,150.50917427492473,299.1536391995003,2.155258854014124
6.52,5.644,0.0515,-0.0015,185.5396963967376,225.87441300472406,424.2787510529162,196.18782203352202,194.13621351761216,149.10327523513183,296.2518566050285,2.151788791931755
6.53,5.519,0.0473,-0.0015,183.45501481605362,223.33653977606528,420.7279939260115,193.202300205115,187.59556129489442,147.6403475374266,293.05862356243307,2.1455633512183714
6.54,5.366,0.0374,-0.0013,178.60110218925183,217.42742875213267,416.29775236012944,186.26003919115854,170.9668411163132,144.26682574672412,284.2978981881237,2.1084773505707823
6.55,5.179,0.0353,-0.0013,176.87901066807686,215.33096950896314,410.75688353119995,183.92077640204334,167.47083414002574,142.9057212379241,282.2051504936044,2.118054899692669
6.56,4.987,0.0303,-0.0013,173.5718002569377,211.30480031279373,404.9326741303868,179.3395934496756,158.383753026962,140.39954409139057,276.6865064360417,2.1084597471989164
6.57,4.792,0.0273,-0.0017,171.11910113760564,208.31890573273733,398.86687787669905,176.00110826667031,152.73445975894276,138.45126112524648,272.98624354391274,2.1115651878547808
6.58,4.576,0.0267,-0.0012,169.8355993170047,206.7563817772231,391.9626385349064,174.36398804432503,151.768514222082,137.33936731940264,272.2105587409216,2.1360015171531113
6.59,4.198,0.0266,-0.0013,167.91952093363054,204.42376461485458,379.31930223257143,172.13592019297917,152.02398408320445,135.65982567011943,272.0087608962659,2.189414571870302
6.6,4.027,0.0259,-0.0017,166.64534508995862,202.87259402255836,373.3938639662645,170.5427610861714,150.793332096448,134.60843411185655,271.0879444423741,2.2102321697695353
6.61,3.832,0.0257,-0.0013,165.45622951750758,201.42497506479185,366.43806509930243,169.16668859099738,150.63957940091876,133.62002542101416,270.8191554422731,2.2401210188617493
6.62,3.683,0.0227,-0.0015,162.87252230732886,198.2795923741395,360.9805778669749,165.63730553684553,144.32285115590133,131.55263085199994,266.5078961339739,2.2394934117561993
6.63,3.649,0.024,-0.0015,163.4832738811464,199.0231160292217,359.75759183854575,166.55603873306723,147.23342231806154,132.04110596674082,268.52840120703337,2.2572916412967494
6.64,3.591,0.0237,-0.0012,162.99929061475686,198.43391900926923,357.617850763223,165.9171526861447,146.6538350400389,131.6544915384148,268.1600997313583,2.2651540073041834
6.65,3.566,0.026,-0.0013,164.18275539552678,199.87465874238046,356.71705200736335,167.69417149996687,151.67872746814894,132.59255552645362,271.497796279678,2.289649982089943
6.66,3.475,0.0273,-0.0015,164.31700018522858,200.0380871820174,353.26264395596803,168.12599554702703,154.5931836586502,132.69136169907725,273.27691422462993,2.31704500179615
6.67,3.55,0.0314,-0.0017,166.92115726926795,203.20836537128272,356.2075750919136,171.7875503467207,162.8708506559345,134.7109343722493,278.44289175243983,2.335172486142333
6.68,3.62,0.033,-0.0017,168.20420301193903,204.770334101491,358.9279789169361,173.42992224041166,165.8886424524255,135.70516291441098,280.3944776776161,2.334552186876772
6.69,3.666,0.0379,-0.0017,170.71028859166267,207.82122089419804,360.71705027280666,177.09448091235996,175.14975152168915,137.58055355712116,285.6213612966396,2.359296301060254
6.7,3.857,0.0389,-0.0015,172.46284437471533,209.95476706487082,367.8402215237475,179.01572126401192,176.5229132403565,138.94802658338904,286.8060947225699,2.333469176237453
6.71,4.048,0.0406,-0.0013,174.43099190325125,212.35077275178415,374.7521199122601,181.32253943125104,179.1463420894277,140.474332450036,288.61740469342686,2.3132556901870807
6.72,4.422,0.0447,-0.0012,178.3274735372349,217.09431561054683,387.67720347689993,186.0979420881433,185.4574656075683,143.47330532058115,292.55110185465236,2.2805105224525355
6.73,4.821,0.049,-0.0012,182.17641550002926,221.77998408699216,400.74394467396326,190.8505682627896,191.74945265497865,146.4414540505487,296.36592714636834,2.2483423107720872
6.74,5.137,0.0525,-0.0008,185.09926263050883,225.33823276757596,410.6450280035447,194.4813343758075,196.68492344139867,148.6964752185594,299.2889409333477,2.2254035689700062
6.75,6.143,0.0571,-0.0006,191.14487761806788,232.69811188286525,439.7466522167145,201.77648093447584,201.7159318348254,153.70636888800408,303.08910119644344,2.132963730038614
6.76,6.696,0.0616,-0.0006,194.82234026530827,237.17502293167965,454.5342378058078,206.48284483951232,207.33212319939562,156.67352966632978,306.4028470339265,2.0977649302735593
6.77,7.045,0.0687,-0.0004,198.47846378463532,241.62595591172996,463.5112586923485,211.3838522579593,216.78104785816907,159.32493343711576,311.01217025208837,2.0939444917180916
6.78,7.19,0.0687,-0.0004,199.02192975716028,242.2875666608908,467.2009123689591,211.9768102135453,216.49945777323677,159.85861549030446,311.17524314204763,2.081363569466315
6.79,7.261,0.0758,-0.0023,201.58343010867534,245.40591491490912,469.0170041771647,215.52345349610854,226.06573432598424,161.46323562062784,315.3197537057677,2.101416850050413
6.8,7.344,0.078,-0.0025,202.59527276708548,246.6377233686258,471.12561628294367,216.83423531052856,228.83208367995223,162.17856635972709,316.6392224666917,2.102192795522311
6.81,7.386,0.0795,-0.0038,203.25209044560367,247.43732749899576,472.2154569335843,217.66312592405933,230.72566525799672,162.6350439853262,317.55571296614283,2.1040739854516524
6.82,7.369,0.0818,-0.0017,203.94624936409403,248.2823905302014,471.87874889741835,218.5943761557436,233.77164637463457,163.03289314449842,318.8481892764993,2.1135897719442616
6.83,7.46,0.0826,-0.0012,204.54851740942337,249.01558641147193,474.167623475975,219.30387551529768,234.61574179157734,163.5198626693898,319.3992315433876,2.1087598233959324
6.84,7.639,0.0831,-0.001,205.33748329242826,249.9760666168692,478.55241214895125,220.22260545644735,234.8898274130819,164.22813526832726,319.8243695123254,2.095621047211993
6.85,7.689,0.0826,-0.001,205.41950040631363,250.07591353812094,479.8159607988152,220.2167933357694,234.13195723514423,164.3669156878694,319.7071235595313,2.0902077737489524
6.86,7.681,0.0819,0.0,205.261395286485,249.8834377400687,479.69923517511177,219.9038043780753,233.2288239577591,164.29284462135243,319.46902430615216,2.0889477501405853
6.87,7.677,0.0842,0.0,205.99257739387417,250.773572479499,479.67296062713405,220.86910105026243,236.2013399109732,164.72529021062,320.7382824123877,2.0971662007499536
6.88,7.623,0.0843,-0.0004,205.9230232348869,250.68889785116667,478.4482473150074,220.71481514789346,236.42774059477335,164.64070988507703,320.88908641363355,2.1024025764349736
6.89,7.494,0.082,-0.0006,204.91522740253842,249.46201596830764,475.40640421528224,219.2597190675963,233.69972651212314,163.926092834608,319.81431620854687,2.1062272647441094
6.9,7.373,0.0776,-0.0012,203.2841506832274,247.47635735349425,472.52425852114334,216.90430765835467,228.14781170701275,162.86102462206995,317.6078050561092,2.1022239291625
6.91,7.282,0.0748,-0.0012,202.19838195319596,246.15455194302118,470.35522072836375,215.31881956567972,224.57434587185057,162.14017967543873,316.18085106148305,2.1007738113118584
6.92,7.22,0.0731,-0.0012,201.5330469464754,245.34457889136135,468.8884665467046,214.31944792368463,222.38857516454289,161.6969454869604,315.332716085368,2.1005488781471975
6.93,7.149,0.0709,-0.001,200.66768017476912,244.2910889084146,467.18942599075234,213.04225053340969,219.51465354180212,161.12265978589954,314.17432417601225,2.099211741758353
6.94,7.066,0.0691,-0.0012,199.87751602010798,243.32914993752274,465.17528538540586,211.8829306695749,217.18207170228226,160.57333848477205,313.21296624386804,2.100341983220124
6.95,7.082,0.0674,-0.0013,199.43675894486282,242.79257610678954,465.6432583346898,211.16038873184544,214.78387889094128,160.3580708479172,312.31932066873014,2.092805259446949
6.96,7.12,0.0657,-0.0012,199.05473283762404,242.3275008458032,466.6630684696826,210.51465897919638,212.33033306349563,160.20580051433274,311.409418118254,2.08316521844702
6.97,7.228,0.0651,-0.001,199.26161472773026,242.57935705984556,469.4223224249875,210.6717717040863,211.2958059720264,160.4953189193191,311.1859002859425,2.0715752042440343
6.98,7.394,0.0665,-0.0012,200.3284588607633,243.87812383049447,473.57809105858485,212.01711044947768,212.97063411823416,161.36987675667334,312.21351527950725,2.0629497377692467
6.99,7.481,0.0725,-0.0012,202.663757796373,246.72109644775847,475.76649945127355,215.17305247908732,221.04395804526052,162.86985986179994,315.88115926021794,2.078369945642975
7.0,7.486,0.0776,-0.0012,204.35236114929074,248.7767874860931,475.9553049001849,217.4761753294914,227.83934130320475,163.8723099097343,318.80199611810843,2.0963511920452014
7.01,7.465,0.0828,-0.0012,205.90524527353378,250.66725511560634,475.51201013061694,219.62470712545954,234.66230507475925,164.75562193510993,321.61091404137966,2.1159877751895975
7.02,7.415,0.0848,-0.0015,206.38547347828413,251.251880756172,474.3582689335797,220.26548407300587,237.32511947735824,164.9880168216698,322.71067231033567,2.127178775055004
7.03,7.353,0.0884,-0.0015,207.25126426755196,252.3058869344111,472.90578297521427,221.48621689003807,242.0250252691929,165.4237413210612,324.5563307817324,2.14433620584537
7.04,7.111,0.0925,-0.0019,207.56002923765828,252.68177472410576,466.96217066810107,222.1071039692632,247.69103874511728,165.3144451424301,326.5114010345871,2.178788479882302
7.05,7.286,0.0894,-0.0017,207.4337298508465,252.52801894885664,471.3865587263153,221.63066434318,243.39988365843965,165.4907985659733,325.24295581393574,2.1541061277910507
7.06,7.423,0.0853,-0.0017,206.83754991466392,251.80223467872133,474.81974738743384,220.54698593512936,237.89771299672586,165.35515617188165,323.42456807706225,2.1296518487369287
7.07,7.564,0.0836,-0.0015,206.88353999101477,251.85822259775713,478.3132096073969,220.42062365304048,235.42952383852426,165.59215573597356,322.73973971712655,2.112468851359499
7.08,7.681,0.0841,-0.0015,207.47188469419407,252.57446832336672,481.19349899904455,221.09986950675312,235.83388634642392,166.10599019571785,323.14224697016175,2.1046108841003863
7.09,7.743,0.0844,-0.0015,207.82408497561153,253.00323388335315,482.7410589150096,221.47759394018055,236.0880973625118,166.41284017891525,323.42657333752436,2.1007960753104316
7.1,7.768,0.0863,-0.0015,208.52008698303896,253.85054067500394,483.4033352321266,222.36622640572094,238.44289906074647,166.8633918282982,324.487378840862,2.1051664220853055
7.11,7.743,0.0887,-0.0015,209.18967492538914,254.66569121351725,482.8757013401619,223.24907772815246,241.5014096327447,167.23153102163872,325.75475478944037,2.1151266983141275
7.12,7.498,0.0922,-0.0013,209.41199434646887,254.93634094352734,477.04821527294735,223.66488453396516,246.3459993694592,167.05984359888785,327.4362891325707,2.1468731157170504
7.13,7.377,0.0939,-0.0008,209.51597818537155,255.0629299648002,474.1608522025172,223.8372443362322,248.688728779741,166.98699338951786,328.2919577610015,2.1628066271078454
7.14,7.145,0.089,-0.001,207.46168357382282,252.56204956813212,468.47204928943904,220.9714251899284,243.0537987364995,165.54711550636122,326.0511380263553,2.1689748610169786
7.15,6.912,0.0853,-0.0015,205.66891935761063,250.37955400056947,462.6377577324848,218.50518204757557,238.82897889164607,164.24290173607793,324.2915448766225,2.1791044034051446
7.16,6.675,0.078,-0.0017,202.77245912093358,246.8534284950496,456.5745251324744,214.4429333295851,229.78805732947293,162.2738268552494,320.5722960613276,2.1777379297370234
7.17,6.517,0.074,-0.0019,201.04443739973607,244.74974987793956,452.4767874744443,212.0130022231651,224.73667932539368,161.07244564458907,318.44187946808074,2.1794903815680766
7.18,6.355,0.0707,-0.0021,199.46622284133343,242.8284451981451,448.20722148561094,209.81487716753654,220.54298304541516,159.94507420811632,316.61159724786864,2.184017123794101
7.19,6.234,0.0688,-0.0019,198.45547011039204,241.5979636126512,444.9900664746744,208.40081405386988,218.14015938643078,159.20427076659433,315.5585384858125,2.1896246644059585
7.2,6.184,0.0664,-0.0019,197.55369228795615,240.50014713316403,443.68425422440316,207.0628464435949,214.8601409244279,158.61308525147263,314.1970632799932,2.1859169706552217
7.21,6.027,0.0635,-0.0017,196.02867521431398,238.6436046087301,439.4082832158345,204.95518556163142,211.02368904986545,157.50292277051457,312.4285480228708,2.1912786642261435
7.22,5.819,0.0604,-0.0017,194.26695841348425,236.49890589467648,433.61162159580533,202.2761654998259,206.67895447455516,156.11886788285875,310.43047273672994,2.2025379003603462
7.23,5.815,0.0599,-0.0019,194.1449547672372,236.3503797166366,433.55599395207463,202.01578675524283,205.94167185463797,156.05577883073175,310.20221849026194,2.2012691661267394
7.24,5.748,0.0551,-0.0021,192.22553587358598,234.0136958461047,431.69870897127157,199.25118939123647,198.89719930461698,154.77868069015568,306.9331132727535,2.1879703953460514
7.25,5.765,0.0513,-0.0021,190.93464969212974,232.4421822338971,432.2450864632505,197.31559713062114,193.04206699455742,153.98791228848307,304.20786872404744,2.1686811759390014
7.26,5.702,0.0515,-0.0023,190.81452300264593,232.2959410466994,430.492003574172,197.12257021473928,193.44692361723608,153.85305427653785,304.4431883903403,2.1771229569836557
7.27,5.574,0.0495,-0.0023,189.5595979882513,230.76820624656682,426.832369795294,195.3931623855833,190.52411444932594,152.9060479663133,302.9341767226618,2.1823805504725087
7.28,5.607,0.051,-0.0023,190.3492356993044,231.72950432958794,427.8542203300346,196.39266315594682,192.81094677549837,153.47437418444824,304.2311810345975,2.186343805877589
7.29,5.657,0.0477,-0.0019,189.32205331059615,230.47902142159532,429.3684738313601,194.81339961599954,187.53415396645042,152.87818254756928,301.72156178972114,2.1646515716118513
7.3,5.707,0.0465,-0.0019,189.1003595102854,230.20913331686916,430.8727970106068,194.38212054382726,185.5404559065583,152.80687945105592,300.8477315337184,2.1532465779577867
7.31,5.74,0.044,-0.0015,188.14419922123554,229.04511209541718,431.8837309947226,193.2491588398634,181.6467766214527,152.29187667110043,298.81035791979093,2.1355599286172207
7.32,5.869,0.0424,-0.0013,188.008177560292,228.87952050818157,435.62629804234365,192.91434711810624,178.85226561729272,152.3689593494233,297.52673380972374,2.113024978489393
7.33,6.039,0.0415,-0.0015,188.29930833409006,229.23394058063138,440.46260749886846,193.17344258051784,177.16227815246046,152.78252535854114,296.863261671503,2.0902144359651857
7.34,6.151,0.0419,-0.0013,188.950563773572,230.0267732895659,443.6265372534526,193.9514539679543,177.69204344637603,153.36747808473365,297.37666040137975,2.081117241727017
7.35,6.284,0.0455,-0.0013,191.09425143073994,232.63648000263996,447.32704289666174,196.7383094794223,183.35395857468697,154.9553797129005,300.7314729830898,2.0872013377127123
7.36,6.284,0.0493,-0.0013,192.7641394197213,234.66938711966068,447.38725821231174,198.93274800878814,189.3253974535117,156.0494200938727,303.9883146878106,2.1068192868553437
7.37,6.114,0.0469,-0.0013,191.2070930824417,232.77385244818993,442.7839746705145,196.7978248608375,185.7925936092383,154.8502793396056,302.06493095317853,2.1127296436714307
7.38,6.022,0.0474,-0.0015,191.23344021392032,232.80592721694651,440.2847408224666,196.49374381371055,186.49607810002658,154.70692787704746,302.55147944408054,2.1265850820268444
7.39,5.889,0.0483,-0.0017,191.1538149160982,232.70899207177175,436.60172469420115,196.3760038472751,188.0886490126872,154.5092813525156,303.34597221866323,2.145886919816614
7.4,5.769,0.0406,-0.0023,187.4096134335231,228.15083374515856,433.2359323438128,191.24277923337553,175.78684619592985,151.9044090424585,296.6305717480952,2.118280799588959
7.41,5.619,0.041,-0.0021,187.0607319225163,227.72610842741116,428.9559578773749,190.75898766575426,176.62622933767219,151.50928390898457,297.05245108086166,2.1378193649311674
7.42,5.495,0.0369,-0.0015,184.69413081519164,224.8450288184942,425.37497981207963,187.53041366408627,169.79688629147543,149.76441878535476,293.0630951204483,2.12824660324225
7.43,5.403,0.0389,-0.0017,185.32621345301263,225.6145207254067,422.6952449805857,188.36090612730735,173.3333200402029,150.11288285196508,295.1446207244891,2.151527119536188
7.44,5.332,0.0356,-0.0017,183.50428454883203,223.39652032031728,420.62058934431076,185.8473944208783,167.6933445469624,148.7844792202315,291.83353437403525,2.1401838093245087
7.45,5.199,0.0368,-0.0013,183.5761031036001,223.48395160438275,416.63897751638063,185.9499710111051,169.93662473409353,148.70825911515274,293.1388066218804,2.164247424573331
7.46,5.133,0.0428,-0.001,186.05398500107697,226.50050347957196,414.66736304292243,189.36340588368006,180.2340942593827,150.3635296814406,299.0247363156169,2.208073179779304
7.47,5.066,0.0484,-0.0017,188.07541367996816,228.96137317561343,412.64164688010976,192.23209646775396,189.44647375133192,151.67531376867709,303.9165055660797,2.2467612623981146
7.48,5.046,0.0506,-0.0012,188.8786266716896,229.93919768727432,412.0762338890843,193.33166417758412,192.9528885069084,152.20585658555976,305.7723679303216,2.260724774937714
7.49,4.983,0.0478,-0.0012,187.5574233563649,228.3307762599225,410.15742752014853,191.44563990324255,188.60584785513578,151.27075395950408,303.5922734663962,2.255222653131072
7.5,5.0,0.043,-0.001,185.75661466747783,226.1384874212774,410.7469269415182,188.7769016662271,180.73124167623266,150.0770957151022,299.5529026982821,2.2277898112046604
7.51,4.971,0.049,-0.0012,188.0855063759784,228.97365993597373,409.8880091972126,192.05268285928074,190.52260326330673,151.64213909037966,304.7725394501127,2.2637288374985527
7.52,4.796,0.0522,-0.001,188.4203378458144,229.38128085577407,404.3689913391096,192.77286378188765,195.86909533319027,151.71189587244044,307.3113074800158,2.303206168244085
7.53,4.805,0.0552,-0.0012,189.58685794694506,230.80139228323745,404.71066030027123,194.3809852830119,200.47189598027458,152.51466961889275,309.66027532510424,2.316553517262272
7.54,4.846,0.0564,-0.001,190.2836318093906,231.64963872447555,406.08105718033954,195.23013259612054,202.20055113427387,153.03065383241082,310.65105057112214,2.316920189827422
7.55,4.909,0.0595,-0.0013,191.720985927514,233.39946112914745,408.1414018291415,197.12878416094807,206.70337679176458,154.05470984340818,312.9542747833102,2.322677868194281
7.56,5.058,0.0608,-0.001,193.00223515964527,234.9592428030464,412.88619389414555,198.6145206091703,208.29593722193394,155.05430548003613,314.00942113465175,2.309169287890352
7.57,5.12,0.0616,-0.0013,193.6477811633769,235.7451248945458,414.86475871202254,199.34938250950796,209.32262207637416,155.5523408388264,314.67707396559143,2.3050390293444556
7.58,5.374,0.0611,-0.0012,194.81912084463445,237.17110363694633,422.66559861647903,200.51344656713204,208.07741898837068,156.59220732314813,314.56154154346297,2.2717657979307946
7.59,5.628,0.0584,-0.0012,195.14884644683193,237.57250871788236,430.2446465868891,200.5417362975455,203.656322903198,157.10437951364935,312.9300107863461,2.2305084952425447
7.6,5.74,0.0578,-0.0012,195.49674151701285,237.9960331511461,433.5521099103496,200.82243915540226,202.57309684188715,157.4734436344982,312.65988315906,2.2154790482478575
7.61,6.085,0.0591,-0.001,197.46565828617037,240.39297530490308,443.38655839763027,203.1871279406448,203.9040200476641,159.15417745181452,313.80508329495245,2.1836419850759534
7.62,6.434,0.0614,-0.001,199.70042995243685,243.11356689861876,452.99301042525803,205.9751280359148,206.65599487602154,161.00544070816431,315.6014655219887,2.157607020236158
7.63,6.725,0.0642,-0.0008,201.80657441491687,245.6775688529423,460.7738126911587,208.65143959671187,210.14551585536483,162.6944512621722,317.64567035720563,2.1407642023922935
7.64,6.525,0.065,-0.001,201.41561999625972,245.20162434327273,455.5481284775945,208.12626833621965,211.55526503644916,162.21431599078525,318.19181750644805,2.163955138426635
7.65,6.421,0.0661,-0.001,201.455210384175,245.24982133725652,452.8192559659761,208.16181064477018,213.23591841947493,162.12396164927313,318.95436352920973,2.1791488883570143
7.66,6.596,0.0637,-0.0008,201.3662057309468,245.14146784637003,457.5548712509603,207.85309270602582,209.6112990167309,162.31303819976338,317.5926456557568,2.152485025000176
7.67,6.742,0.0625,-0.0004,201.53759587233694,245.35011671414932,461.4593251031918,207.94769351348674,207.70528915389448,162.62771326815678,316.9643521985914,2.133771046374439
7.68,6.845,0.0611,-0.001,201.45999779680918,245.2556494917677,464.19656725612845,207.73488698980051,205.58171506936065,162.73592611247753,316.17189699566416,2.1185505483541287
7.69,7.012,0.0611,-0.0012,202.08562814340166,246.0172864354455,468.55005177236774,208.47314442794183,205.3477976717256,163.3608560640421,316.3324222115418,2.103320432616378
7.7,7.107,0.0613,-0.001,202.5342985735444,246.56349391561926,471.0266047841389,208.98886466303935,205.49575528632795,163.7812922501226,316.6024339697992,2.0958121395820766
7.71,7.29,0.061,-0.0006,203.06835509162258,247.21364967675794,475.6866033476556,209.6269965277964,204.83335786095046,164.37436212031463,316.5640367521019,2.07847802908986
7.72,7.298,0.0596,-0.0008,202.63592324901217,246.6872109118409,475.9460227439832,208.97891349774503,202.84960643481804,164.1429475066591,315.71604572063995,2.0722802041444175
7.73,7.174,0.0594,-0.0008,202.2416184357437,246.20718766090536,472.9010370003545,208.36646513185852,202.71345822261145,163.7516311965555,315.64145696855724,2.0828981123278116
7.74,7.008,0.0584,-0.001,201.39979472334628,245.18235879363894,468.74960668461534,207.1642637022187,201.49317049786526,163.02928572957347,314.9940024957677,2.094161387709458
7.75,6.779,0.0555,-0.0006,199.59801961233163,242.98889344109938,462.8993343396086,204.69437087009874,197.5913431945775,161.62474965130636,312.940519829347,2.103302098470819
7.76,6.542,0.0541,-0.0002,198.30082752385755,241.40970307252226,456.7095305904709,202.9080629510501,195.8258744574122,160.51553560189168,311.9224787143039,2.120372753931597
7.77,6.334,0.0531,-0.0004,197.22306985013313,240.09765025233597,451.16349917863187,201.42658999881948,194.59775606357633,159.58032748707566,311.19383060266597,2.1370755298399318
7.78,5.835,0.0513,-0.0004,194.63550575851247,236.94757222775434,437.29616280122735,198.05114671884516,192.53097890220224,157.31124789293256,309.7145106589897,2.182177193174914
7.79,5.561,0.0482,-0.0006,192.30621117600847,234.1119092577495,429.38847794424527,194.96465484040186,188.1089148241177,155.4748538745685,307.20549423533583,2.1985139639668474
7.8,5.357,0.0482,-0.0006,191.45838424606632,233.07977212564597,423.35536773592753,193.88606027838216,188.37702224565103,154.6955225452332,307.2202406750833,2.223205106582866
7.81,5.195,0.0488,0.0,190.99835675350323,232.51973865643873,418.4749686327439,193.3337426267121,189.5396144103117,154.22613503017166,307.74455452675045,2.246622704638865
7.82,5.108,0.0498,0.0,191.02366850979092,232.55055296844114,415.83655121272176,193.39327469543687,191.223096410393,154.16559512602717,308.6184850548642,2.263051485097202
7.83,5.091,0.0535,0.0004,192.37795835704952,234.1992536520603,415.36237759789617,195.24930330796994,196.93529249075988,155.06600661984123,311.60026316675453,2.283532797364407
7.84,5.146,0.0571,0.0008,193.99128324507478,236.1633013418302,417.1259966208167,197.38124822761122,202.23373035471988,156.20327458210562,314.37593186488044,2.293425610068278
7.85,5.353,0.0602,-0.0004,196.13812623617022,238.77684933098985,423.50360926720504,200.0495914761393,206.40248070155766,157.8396464321941,316.7385629828922,2.2816074144312823
7.86,6.064,0.0641,-0.0002,200.71883946276594,244.35336978075856,444.2251079946303,205.6199944680803,210.75558629610663,161.59645564326502,319.73164450071096,2.2166617258458903
7.87,6.592,0.0675,0.0002,204.00712252153124,248.35649698273372,458.68065856091636,209.73177618098057,214.6159087820752,164.3120781138966,322.18964656934645,2.175986824320168
7.88,7.145,0.0752,-0.0013,208.54243913500497,253.87775199044083,473.066575219929,215.62700996577365,224.00731059549497,167.78553375321994,327.04598679085615,2.1523221754536865
7.89,7.797,0.0793,-0.0015,212.01198063411732,258.10154164153414,489.17461326281943,220.12868639212678,228.2974147154246,170.71924026111017,329.62945721501643,2.1099113646791205
7.9,8.229,0.0831,-0.0033,214.5308831039942,261.1680316048625,499.41054214400737,223.43228907903443,232.43425310758266,172.78061532862748,331.8800224971588,2.087749088943998
7.91,8.491,0.0864,-0.0027,216.33552520701792,263.3649872085436,505.49230676411116,225.78607762310006,236.1110638065791,174.18533941806191,333.7486269505348,2.0782322855818696
7.92,8.786,0.089,-0.0025,217.97787025912692,265.36436379371975,512.1957161289996,227.94056294199663,238.83993963880008,175.53702218077748,335.2293091776202,2.0644083991104667
7.93,9.102,0.0899,-0.0029,219.12855844985037,266.7652015911222,519.2196205641027,229.46930208167078,239.48453101566915,176.6418185488391,335.8630629526139,2.04448153289528
7.94,9.576,0.0918,-0.0027,220.77375633423634,268.7680511895051,529.4544062705462,232.15875663894332,241.47027294823448,178.30945845485064,337.0114479612861,2.0161382691954564
7.95,9.788,0.0974,-0.0025,222.97170480881627,271.4438145498633,533.9693340260703,235.0397359835092,247.7337306271804,179.81677672812125,339.7789255324752,2.018568990105041
7.96,9.958,0.1048,-0.0023,225.50230951451232,274.52455071331934,537.5610985793791,238.34568641702407,255.9428521598491,181.42554144458205,343.18176380496135,2.0281670310265554
7.97,10.137,0.1114,-0.0017,227.7463213790162,277.2563912440197,541.3019233278673,241.28723577829496,263.03632453358307,182.87977026709834,346.0728387969123,2.0341893895198386
7.98,10.327,0.1136,-0.0013,228.8226759567282,278.5667359473213,545.2247942685765,242.6935635638835,265.17141420951606,183.7313684849597,347.111561205634,2.0280006709681397
7.99,10.563,0.1148,-0.0012,229.7276282769796,279.66841703284473,550.01996601714,243.89632765076146,266.1406887147846,184.55523668908924,347.7543425374034,2.016615315607977
8.0,10.795,0.1121,-0.001,229.58192284368303,279.4910365053533,554.6732711026235,243.73679142550665,262.8755588687597,184.83242707198343,346.84552798323216,1.995996145130545
8.01,11.027,0.113,-0.0008,230.36466370486949,280.44393842331937,559.2671121525632,244.80056402191587,263.5455615714324,185.58677938880157,347.37068431374433,1.9847521969111772
8.02,11.246,0.1108,-0.0006,230.26840091403662,280.32674893882717,563.5547449662749,244.73573159228562,260.86033649518265,185.87407527036962,346.6437906772073,1.966680289750634
8.03,11.607,0.1126,-0.0004,231.50150493647126,281.82791905309546,570.4690428235281,246.48437233159638,262.37138691410655,187.03638879977694,347.5615353255619,1.9510104977069285
8.04,11.793,0.1218,0.0,234.35500037184946,285.3017395831211,574.016244751442,250.18084576323224,271.97007620810297,188.75637508789166,351.2802256164432,1.9634879627248194
8.05,11.95,0.1253,0.0002,235.60899436469649,286.8283409657175,576.9952522185338,251.8156451700197,275.4338512979853,189.62692170012573,352.7217778823515,1.9633957742757258
8.06,12.033,0.1287,0.0004,236.68611501143025,288.13961827478465,578.5947125947023,253.17491959149672,278.8469179942647,190.3039610931082,354.08089885550874,1.9669985273567785
8.07,12.095,0.1095,0.0002,231.76193466872127,282.1449639445303,579.8021537595828,246.90587271847707,258.40251127008236,187.97291798762055,346.8437544480347,1.9175780602481605
8.08,11.971,0.1045,0.0,230.18485536484565,280.22504131372517,577.5943037910152,244.75852255307132,253.04217922755186,187.03186972487833,344.82449800169655,1.9114697658854771
8.09,11.843,0.1013,0.0,229.09618409085232,278.8997023714724,575.2976983857109,243.21887996960155,249.6133049918829,186.32519524984318,343.5133154419476,1.9101123925159387
8.1,11.648,0.1028,0.0,229.28674161374474,279.1316854428197,571.7305373732426,243.20792167218755,251.49211118149665,186.17110775600017,344.23563819482877,1.9253284023486683
8.11,11.648,0.1018,0.0,229.06078395716148,278.8566065565444,571.8003767160651,242.85424862128428,250.36905563132783,186.08393540445593,343.905801937606,1.9229254411505228
8.12,11.627,0.0969,0.0,227.6116294500963,277.09241846098683,571.4760708251538,240.96814463661505,244.8652751697082,185.33891551087962,341.8093847675534,1.91076313681797
8.13,11.59,0.0954,0.0,227.1543006227195,276.5356703233107,570.8502411562748,240.29883908994412,243.1907838783848,185.07745741979804,341.21504308773376,1.9088681997729375
8.14,11.561,0.0916,0.0,225.9715303403677,275.0957760665346,570.3735945517442,238.74911573415648,238.8503979104083,184.45059888337062,339.51604829031095,1.899715625023381
8.15,11.441,0.0901,0.0,225.35962400528416,274.35084661512855,568.1737930573822,237.8110369903683,237.22597332121967,183.9842343517606,338.86716299178244,1.9023370674816331
8.16,11.424,0.0926,0.0,226.20360576583627,275.37830267145284,567.9200851700316,238.75987321540447,240.13416262061529,184.42603059863507,340.1767663224717,1.9110622012399352
8.17,11.408,0.0959,0.0,227.27995482513447,276.68864065668544,567.684935574745,240.00079163153222,243.9282865363453,184.9884736088622,341.83120427442964,1.9218817831029007
8.18,11.333,0.094,0.0002,226.6289581375413,275.8961229500503,566.3256895188587,239.056810930076,241.8275229093053,184.56889717697794,341.03198617569547,1.9210052411470504
8.19,11.296,0.0947,0.0002,226.85242038454038,276.168163946397,565.6871000984609,239.22778674311922,242.66260400764287,184.6583499030474,341.45833827841017,1.9254880620785928
8.2,11.201,0.088,0.0002,224.61632868386107,273.4459653542657,563.933134375684,236.31861250786855,234.99062216753492,183.37626152500386,338.2999298568636,1.9113498029745408
8.21,11.267,0.0835,0.0004,223.28439600713784,271.8244820956461,565.269133200477,234.69924837091588,229.60435567369353,182.79553886023803,336.1175562624204,1.893783261061253
8.22,9.875,0.0789,0.0017,219.22450739164148,266.88200899852006,537.5694105813592,228.3150123746624,225.3819657401193,178.57593083056295,333.4278793360892,1.964807349817463
8.23,9.709,0.0738,0.0,217.16841235185848,264.3789367761756,534.1565957373381,225.55612312884531,219.19823575961198,177.21512417634514,330.604173744544,1.9586470080473928
8.24,9.464,0.0678,-0.0008,214.52505333011504,261.1609344888357,529.0270624283714,222.0133294978046,211.75987949471968,175.3849865573389,327.01837277736485,1.9537242861989637
8.25,9.227,0.0627,-0.0012,212.121465952261,258.234828115796,523.9877051986459,218.782198182004,205.26002831313508,173.67365394367388,323.74929588480876,1.950734705237442
8.26,9.098,0.0591,-0.001,210.45906733313967,256.2110384925179,521.2404081696192,216.5669173085787,200.51636511676682,172.53144169641712,321.3351835356645,1.9454834874317894
8.27,8.674,0.0588,-0.0013,209.6227708088566,255.19293837599932,511.883631659583,214.62205183275444,200.13780259349863,171.33507100648845,321.10755623145934,1.9771449824324836
8.28,8.57,0.0604,-0.001,210.08909315402553,255.7606351440311,509.59265293563857,215.02895320957774,202.39535618818402,171.47687523054952,322.2999890213514,1.9920167584748554
8.29,8.512,0.0632,-0.001,211.10858441606496,257.0017549412965,508.3331468708321,216.1672973956771,206.20817109341007,172.01251770178507,324.28697514833436,2.0081878617315554
8.3,8.412,0.0641,-0.001,211.26823109043264,257.1961074144397,506.10386960568616,216.2167712088275,207.49292697216566,171.97932622764856,324.95431718862864,2.0198358592267347
8.31,8.425,0.071,-0.0012,213.8781516926123,260.3734020605715,506.46196200748994,219.423543159823,216.49832491015064,173.54152821053933,329.40608470970517,2.0455124980832022
8.32,8.504,0.0727,-0.0012,214.74115999992986,261.4240208694798,508.3314285121533,220.48666751461138,218.58434108303507,174.1747564934663,330.5442771438012,2.0459411471544247
8.33,8.624,0.0727,-0.001,215.1156026017654,261.8798640369318,511.12144351281967,220.95970597313868,218.4530989471037,174.5848480239605,330.6790329653075,2.037113236165645
8.34,8.807,0.0727,-0.0008,215.6379817580544,262.5158038793706,515.2999163021747,221.66682192551744,218.26254298743277,175.1719532802684,330.83082413452576,2.023711932533832
8.35,9.086,0.0728,-0.0008,216.40363639591462,263.4479051776352,521.5377820464273,222.76156874760312,218.11311811745094,176.0391411782277,331.0666781582777,2.004007013238906
8.36,9.493,0.0749,-0.0008,218.1210149451455,265.5386268897424,530.4043867405196,225.1589751612262,220.36238463679052,177.63120430855474,332.5013138050756,1.9831252384170497
8.37,9.597,0.0759,-0.0004,218.76145588128742,266.31829411634993,532.6814199048873,225.9688284856577,221.50254618208479,178.1652817532594,333.20271373030266,1.9798149722843839
8.38,9.605,0.0792,-0.0004,219.97924840611702,267.80082414657727,532.9139923959982,227.40290463493562,225.54627827818098,178.87657528731984,335.1546476885019,1.9908608414568183
8.39,9.655,0.08,-0.0008,220.42411041453494,268.34239528725993,534.0333845955792,227.92261488761497,226.46532829103182,179.219163150331,335.70699971010004,1.9904782797878282
8.4,9.672,0.0809,-0.0008,220.82924546426597,268.835603173889,534.4554119497719,228.3646718582746,227.5327910742954,179.4905288965604,336.3012976800791,1.9926482345927266
8.41,9.717,0.0826,-0.0008,221.55688051235086,269.7214197541663,535.467017875306,229.22930002694392,229.53113898664157,179.98034955561323,337.32481185137124,1.995509292937943
8.42,9.738,0.0842,-0.0004,222.1923134516394,270.4949902889523,535.973526107282,229.96009767737397,231.4171259721459,180.38280454958786,338.27426785805926,1.999584501480669
8.43,9.767,0.0858,-0.0004,222.8382512648476,271.28134936590146,536.6457533916025,230.71105277889046,233.28126572715587,180.80188111086386,339.2123940427655,2.003054182248367
8.44,9.78,0.0869,-0.0004,223.2843329378824,271.8244053156829,536.9815201206577,231.2011781888996,234.55848323388037,181.08749440346094,339.87989300902876,2.005971728417146
8.45,9.796,0.089,0.0004,224.0469445440035,272.7528020535695,537.3832851354068,232.08812432960102,236.99767671044364,181.5492179469816,341.0428622903805,2.011722116585988
8.46,9.892,0.0896,0.001,224.51288106997703,273.32002912866767,539.454601057799,232.66890663810162,237.58934737325373,181.9655859414449,341.46767766319624,2.0074780193960593
8.47,10.05,0.0891,0.0004,224.76416189514973,273.62593622018227,542.7909101272556,233.0364215882049,236.83811572096178,182.35646862951242,341.361382401361,1.9958842679632631
8.48,10.133,0.0892,0.0008,225.0379178210777,273.9592043039207,544.5642079944282,233.3723006699807,236.86279509154505,182.64947616078877,341.5338852313068,1.9911169862803335
8.49,10.207,0.0909,0.001,225.7918510707298,274.8770360861058,546.1444745519753,234.29316929793725,238.7517367536907,183.1876923217002,342.49367211165605,1.9918219817086802
8.5,10.186,0.0944,0.0004,226.88748220465266,276.2108479013163,545.7761225374167,235.5566339724851,242.77998613628247,183.7686769532276,344.27725378353426,2.0038985798527085
8.51,10.311,0.0962,0.0004,227.76013450674444,277.27320722560194,548.3887874902323,236.66721612839612,244.68699126456312,184.44083725556388,345.25749825275784,2.001428661543167
8.52,10.352,0.1029,0.0008,229.865208487508,279.83590598479236,549.2862211903188,239.24704880187505,252.1265225819045,185.6410432555869,348.4064216888758,2.017919906702263
8.53,10.331,0.1029,0.0006,229.88811548795584,279.8637927679462,548.923236750709,239.18217538614795,252.13381355813763,185.64729678783235,348.5045981182487,2.019597379409477
8.54,10.232,0.1085,0.0002,231.28689100536852,281.56664991957905,546.9696802408022,240.79573152055164,258.36110811567426,186.2679332573737,350.9927699520421,2.0412536631173457
8.55,10.091,0.1125,-0.0004,232.09171883169995,282.5464403168521,544.1386178982264,241.65391939146068,262.8208659672108,186.51621254504295,352.71678193049314,2.061077784069249
8.56,10.029,0.1169,-0.0006,233.14131068378427,283.8242043106939,542.9210559633217,242.88579074925732,267.56409091199794,187.0058673889833,354.56903941436656,2.076510125263032
8.57,9.996,0.1224,-0.0004,234.49041973063365,285.4665979329453,542.3014335364285,244.5314665991144,273.35925678486205,187.6926771110573,356.7912555601359,2.092338677172132
8.58,10.029,0.1291,-0.0002,236.2353080233039,287.59080976750045,543.0481609485529,246.73138329564065,280.2078011329152,188.67539420502115,359.38649831724985,2.1060699495509807
8.59,10.079,0.1346,0.0002,237.69211342458547,289.36431199514755,544.1451943055677,248.56962852682372,285.69574843740594,189.5268631307073,361.46077276866396,2.11541051895099
8.6,10.211,0.1401,0.0002,239.3238304071501,291.3507500608784,546.9195280607757,250.6649795199295,290.99079122783456,190.57616769666046,363.4895471617258,2.1190264553752547
8.61,10.385,0.148,0.0002,241.53816848075516,294.04646597657154,550.5244182139577,253.54384519659763,298.4843988702649,191.9742402941601,366.2443923515897,2.124590587341219
8.62,10.633,0.1559,0.0002,243.87814849494845,296.8951372981981,555.5737484801327,256.6111549920538,305.72183398899875,193.52340987257324,368.90143249909715,2.1249990859269343
8.63,10.961,0.1645,0.0004,246.49440957737266,300.080150789845,562.124351852327,260.0684949551049,313.3598327078544,195.30304734336698,371.67807686519745,2.12156478815653
8.64,11.313,0.1753,0.0008,249.51416553123428,303.75637542932867,569.0196626205567,264.07469995947855,322.81178419622375,197.29575622377214,374.9607912525862,2.120505478894848
8.65,11.714,0.178,0.001,251.0497647900405,305.6258006139624,576.7082621911914,266.1315415853704,324.7111922152503,198.6034153492064,375.91343674550285,2.1025211064293625
8.66,12.24,0.1802,0.0013,252.71853759593893,307.65735011679527,586.5346171976568,268.43596480327176,326.01062053715697,200.13173870178684,376.74672595034275,2.077610345882342
8.67,13.4,0.1802,0.0015,255.10763755470765,310.56581963181804,607.2464577021558,272.0917780536687,324.6547927398159,202.82331205656337,377.10933650827866,2.01811025137315
8.68,13.867,0.1785,0.0023,255.66906316584885,311.24929428885946,615.3180134371217,273.0589903527328,322.6074074102236,203.73130222224276,376.8503171936947,1.992865024794676
8.69,14.153,0.1746,0.0025,255.41693892102634,310.9423604255973,620.2064815614787,272.8915963619951,318.7853220859616,204.02208320254312,375.9358898470784,1.972875482808852
8.7,14.248,0.1733,0.0023,255.37043812216996,310.8857507574243,621.8635569755407,272.8321848460893,317.490835810245,204.1573493498725,375.6987225531003,1.9664697196598937
8.71,14.248,0.1705,0.0023,254.85021479956555,310.2524354081668,621.9342841436508,272.10323935166895,314.9306610266833,203.94664079481777,375.01297785800114,1.9617712166996257
8.72,14.066,0.171,0.0021,254.7389881033943,310.11702899543656,618.9571898509582,271.719898304954,315.5354033464566,203.68387622341618,375.2289888007179,1.9714754983563432
8.73,13.789,0.1755,0.0015,255.28891603646088,310.78650647916976,614.3401374571824,272.0896906065548,319.8451922527123,203.60456117641058,376.5519728153292,1.9929357997071238
8.74,13.014,0.174,0.001,253.65558052812534,308.79809803423956,600.9806100335372,269.3625455985374,319.27403941085544,201.8360528499852,376.07995834751245,2.0288553129132714
8.75,12.493,0.1716,0.0006,252.21880104455695,307.04897518467806,591.7393328663338,267.1048760827138,317.6367487464567,200.48459466563233,375.3966334485656,2.051940838620492
8.76,12.128,0.1625,0.0008,249.68027987040549,303.9586015813632,585.1415225171768,263.5442718055475,309.6579034262247,198.792702116378,372.7728480241247,2.055213962868751
8.77,11.731,0.1621,0.0002,248.81800105128522,302.9088708450429,577.8124044487935,262.1259455386271,309.7034020004898,197.86452882366768,372.66921941687576,2.076846463131315
8.78,11.271,0.1565,0.001,246.6906714093767,300.3190782375021,569.1174592814175,259.0623838488748,304.9653232873174,196.21697748273328,370.9669799925273,2.0930028558373373
8.79,10.948,0.1475,-0.0006,244.0940859998206,297.15801773891206,562.8884298005046,255.46525786123146,296.7407082230458,194.5004800462525,368.14845386182037,2.094779571277063
8.8,10.741,0.1384,-0.0015,241.6601251915723,294.1949350158271,558.8581449765776,252.14264763265467,288.0870406976049,193.00508022540689,365.16680700460864,2.0887800614484577
8.81,10.625,0.133,-0.0017,240.21444314611065,292.4349742648304,556.6065503064939,250.144350103494,282.8323659011235,192.12867112312557,363.357566004091,2.0845463738920516
8.82,10.571,0.1335,-0.0019,240.27118726951304,292.5040540672333,555.5857757075297,250.10350015815573,283.36663178505086,192.10813206115776,363.6254995807583,2.0893741448731245
8.83,10.505,0.1336,-0.0019,240.20457169332684,292.4229568440501,554.3202629862385,249.89927282403175,283.51468491930376,192.0073557826432,363.74830962824706,2.09409017613523
8.84,10.435,0.1339,-0.0019,240.1722474459003,292.3836055863134,552.9682579648488,249.73794739512945,283.866759262319,191.91868262256784,363.9405923665616,2.099530049838097
8.85,10.273,0.1367,-0.0006,240.47416373870345,292.7511558558129,549.7397774002071,249.96933695659925,286.8083204602358,191.87626165014237,364.9831959407121,2.1163720185840464
8.86,10.141,0.1366,-0.0012,240.18100615251208,292.39426835957994,547.0893032322309,249.45173255241886,286.8357635244833,191.5677676680888,365.01782733343833,2.1250995909356214
8.87,9.817,0.1333,-0.0004,238.6492919785947,290.5295728435066,540.4087059713434,247.26534957813115,283.9059005635793,190.34717584365757,363.8756495520457,2.139788844824944
8.88,9.601,0.1316,-0.0017,237.73890030602956,289.42126993777515,535.8895055138773,245.93047436422407,282.4318172604389,189.59568016140003,363.3127534207538,2.151168025491125
8.89,9.464,0.1228,-0.0013,235.38634201918262,286.5572859363962,533.0164547691065,242.7431287336736,273.5993065690643,188.17881889635183,360.1228194480294,2.140789822944656
8.9,9.426,0.1203,-0.0015,234.7489851711354,285.781373251817,532.256241779757,241.8202885272163,271.0279220925262,187.80772098461327,359.25265108216905,2.137834525134896
8.91,9.248,0.1211,-0.001,234.50767830855514,285.48760837563236,528.4548946884894,241.36756976860107,272.04207532867457,187.454415559154,359.6137650568704,2.152792245046447
8.92,9.123,0.121,-0.0004,234.18962266516823,285.1004102010744,525.775820618896,240.8365768779229,272.0606243094973,187.13294978264497,359.6409866913514,2.161956441503608
8.93,8.986,0.1225,0.0,234.2033181720205,285.11708299202496,522.8053425435651,240.74186500823293,273.7544234705266,186.97493356997404,360.2792562307707,2.175970893641211
8.94,8.924,0.1194,0.0002,233.35257261828042,284.0813927526892,521.4831291241422,239.53125114706103,270.5796571961478,186.44965720504712,359.16404239454454,2.173479315281205
8.95,8.886,0.1167,0.0006,232.6568570025565,283.2344346118079,520.6931725879473,238.53003449932564,267.7671154689549,186.03952258838214,358.18766125170515,2.170044355780478
8.96,8.874,0.1128,0.0008,231.7298323315605,282.1058828384215,520.4828890276973,237.23774667373627,263.6246159823023,185.53690259023156,356.70561730691566,2.161497768828267
8.97,8.853,0.1121,0.0006,231.55881513091245,281.8976879854587,520.0685723382527,236.92627421861036,262.87754226397635,185.43530155282218,356.5114171800926,2.161642437850233
8.98,8.853,0.1125,0.0,231.72446462164174,282.09934823504216,520.1232492658108,237.0561777090136,263.2796286970267,185.5475955377263,356.7770957699006,2.1630230672622153
8.99,8.878,0.1131,0.0,232.01436514709184,282.45227061385094,520.7412071796687,237.3534426798128,263.86460467025404,185.76239160845597,357.1318866786813,2.163019268272144
9.0,8.936,0.1167,0.0,233.13784701986498,283.81998767635736,522.0956177028362,238.73884359885176,267.576879916225,186.4784869477067,358.7077674394611,2.1680546392749247
9.01,8.998,0.1169,0.0,233.4367822325469,284.18390880483975,523.5339794107763,239.05678008298776,267.6886581520053,186.7484224080033,358.9068062453766,2.1642841905429226
9.02,8.994,0.119,-0.0002,233.99820559625076,284.8673807258705,523.5016599323832,239.69817707046417,269.86276333307103,187.07030461581675,359.8382829188577,2.170087083714687
9.03,8.99,0.1226,0.0,234.90487649210183,285.97115399038483,523.4710178625627,240.79068607028137,273.57069277613664,187.57939130109472,361.3352565900163,2.1793959247413657
9.04,9.011,0.124,0.0002,235.3609143453651,286.526330507401,523.9960888900031,241.30250000320768,274.9566365494573,187.87714720055,361.9766092247309,2.181497179450914
9.05,9.015,0.1241,0.0002,235.46276754617912,286.65032570839196,524.1422962776089,241.34905853914267,275.02555369465244,187.95948705964167,362.1170085065642,2.181784873180078
9.06,8.957,0.1256,0.0,235.6978952109512,286.93656808289717,522.9078326982453,241.55948978821579,276.59989494066645,188.02994227631697,362.76706021085664,2.189963726055186
9.07,8.948,0.1217,0.0,234.83271154984982,285.88330101720845,522.7641492244325,240.34196674557464,272.5785572054573,187.5686735894254,361.3806930379933,2.18177348945351
9.08,8.903,0.1212,0.0,234.64442640106444,285.65408431433934,521.815224499321,240.0018074249701,272.08655727711454,187.42591689557912,361.27456337007334,2.1842934192526644
9.09,8.915,0.121,0.0,234.7001489372041,285.72192044529197,522.1406812826922,239.99027244731033,271.83760466735265,187.4939429719212,361.30120829597706,2.183261185204057
9.1,8.957,0.1206,0.0,234.79924130444712,285.8425546315009,523.135935118617,240.04182453420697,271.3473535552077,187.62666850352232,361.25875486574904,2.1795041415545837
9.11,9.011,0.1206,0.0,235.02780294362955,286.12080358354905,524.395496944981,240.2650991797447,271.2577389915254,187.846483249246,361.37522486829994,2.175833013290565
9.12,9.052,0.1233,0.0,235.85281867158582,287.1251705567132,525.362727026415,241.25785048986904,273.96155801617545,188.3725157684897,362.5296728313971,2.179593704338397
9.13,9.065,0.1257,0.0002,236.51471369471253,287.9309558022588,525.7087361870712,242.0334268937776,276.36781660114275,188.7706588591729,363.54399049689937,2.184613390136073
9.14,9.123,0.1284,0.0002,237.372610481296,288.9753518902734,527.0482126549558,243.0738351654335,279.00550987657033,189.33529801566223,364.667966093992,2.186927861498219
9.15,9.027,0.129,-0.0002,237.28180410468002,288.8648049970018,524.9777539952454,242.850900490454,279.6917867518856,189.1777643665988,364.96143539752757,2.1957311779401816
9.16,9.086,0.1327,0.0,238.35289748629873,290.1687447659289,526.3436502298601,244.17102355869807,283.2964581282289,189.85792268419652,366.4244869453792,2.2000531240622196
9.17,9.077,0.1279,0.0,237.31924643219827,288.91038696093705,526.2012660582373,242.73331466025238,278.46339555209966,189.30864623844832,364.7717035319544,2.190208954820664
9.18,9.119,0.1295,0.0002,237.87485975851092,289.58678579296986,527.1877884081065,243.37676126299613,279.99502525191036,189.68757227208246,365.4749648831741,2.191117182937189
9.19,9.293,0.131,0.0004,238.8001964064212,290.7132825817302,531.0661054845766,244.5294088906293,281.2673891852102,190.4440934209156,366.1745884832777,2.1821974365045484
9.2,9.46,0.1333,0.0006,239.8711290485362,292.0170266677832,534.7500892803904,245.8728813839292,283.3362328075748,191.2670083637269,367.1534297943079,2.175753264375116
9.21,9.709,0.1386,0.001,241.82087921879247,294.3906355707039,540.1434730185539,248.3792782976963,288.2371597139053,192.66440095370373,369.19155058765955,2.170261593340515
9.22,10.215,0.1416,0.0013,243.92607435224326,296.95348182012225,550.7886646136328,251.18971917015872,290.5660381567421,194.48297734432032,370.46165735026227,2.1429823118863154
9.23,10.348,0.1414,0.0015,244.29654148094363,297.40448528114877,553.5773122468568,251.638499429291,290.20191231780956,194.88145855635568,370.53065700665593,2.1342404374413606
9.24,10.464,0.14,0.0017,244.34952582074717,297.4689879556922,556.0000121879498,251.6804445851642,288.6993984781087,195.0921214136402,370.1835977790378,2.1241499681274507
9.25,10.559,0.14,0.0017,244.65468448132825,297.84048545553003,557.9825682453891,252.03459932458918,288.57330916732826,195.40493755517235,370.30968195839586,2.1184377065611404
9.26,10.576,0.14,0.0017,244.76453725230735,297.97421926367855,558.3852841133154,252.098420639257,288.5267775725056,195.50892687734066,370.4153353450943,2.1176933889755465
9.27,10.542,0.1299,-0.0013,242.4132749194135,295.11181294537295,557.7463602365123,249.04533699250777,278.6457570443343,194.26584985816731,366.9186171618211,2.098065858317112
9.28,10.542,0.125,-0.0012,241.29350927880964,293.74861999159435,557.806300717221,247.57365736233655,273.7264524157992,193.70489925324762,365.18869548882066,2.0871339163884057
9.29,10.551,0.1208,-0.0013,240.33255157885247,292.57875844382045,558.0472647380805,246.31538660054608,269.44660902137707,193.2377752320515,363.6711126849959,2.076951187508678
9.3,10.609,0.1143,-0.0013,238.84446259482905,290.7671718545745,559.2767147450822,244.46681371864014,262.69793682572123,192.56220065969129,361.1785434620081,2.0576612072123446
9.31,10.542,0.1097,-0.0015,237.5210443206494,289.1560539555732,557.9833501384343,242.72378945923924,257.93066404994033,191.78908982409786,359.3358241659228,2.0504865066267
9.32,10.422,0.1083,-0.0012,236.93588937038268,288.4436914074224,555.6086718137365,241.82796385342425,256.53534587338305,191.32625134363406,358.80337419423813,2.0548083005859143
9.33,10.36,0.1061,-0.0006,236.25225947802184,287.6114463210701,554.4050020198393,240.86806063985384,254.23363376839922,190.8934828000829,357.92865904517237,2.05329904901695
9.34,10.257,0.1045,-0.0002,235.63678426839812,286.8621721528325,552.3531332204876,239.95262338233115,252.59109638778435,190.43546815598881,357.2927332761382,2.0560078275322238
9.35,10.091,0.1016,-0.0002,234.4986860050487,285.4766612235376,548.9792264551709,238.3478257182847,249.58575527377238,189.60166826350894,356.0413082216481,2.059326155966966
9.36,9.871,0.0984,-0.0012,233.125559912403,283.80502945857756,544.4294225036004,236.41020847507352,246.26036301067347,188.55545792264945,354.6011832650753,2.065453600984133
9.37,9.431,0.0941,-0.0021,230.85502775696858,281.04090335630957,535.0806450704271,233.19203945171682,241.84097829631855,186.68339197884634,352.5236436196359,2.0838796407136213
9.38,9.19,0.0931,-0.0019,230.0066817448918,280.00813429812916,529.8721560809397,231.8824939912233,240.9005576851799,185.87906071784278,352.06193112534515,2.0985776972620203
9.39,9.027,0.0929,-0.0008,229.58066643989676,279.4895069703091,526.322456550525,231.1578516454533,240.793004425217,185.42249375951386,352.01179398284046,2.1102847169368184
9.4,8.747,0.0925,-0.0004,228.75532994669854,278.4847495003287,520.0818271715436,229.86498411957123,240.56068845754618,184.5715861168512,351.82709723024345,2.1305338888546843
9.41,8.466,0.0901,0.0,227.30131681198972,276.71464655372665,513.6908404240189,227.81028043235628,238.06050363446667,183.35956332634072,350.63637850036383,2.1455043128884936
9.42,8.674,0.0857,-0.0017,226.6272601080248,275.8940557836824,518.5226193837655,227.05414055384892,232.81042807820205,183.29261969045163,348.5178003592562,2.1158957560649023
9.43,8.703,0.0842,-0.0019,226.30108637837935,275.4969747215053,519.2378197885608,226.60694555674618,231.02792979606332,183.16618956429446,347.82062892795625,2.109204860004009
9.44,8.745,0.0843,-0.0023,226.5100222621163,275.7513314495329,520.2464216984391,226.82162556398436,231.09691334886276,183.36529407589603,347.97999480284994,2.1066468970854957
9.45,8.907,0.0854,-0.0017,227.35514745580048,276.7801795114093,523.9648858995859,227.90943079565696,232.23550706903768,184.10271711782102,348.7077012282419,2.0982020986768584
9.46,8.944,0.0863,-0.0013,227.79850671573564,277.31992121915647,524.8520478276777,228.40404745612776,233.23160358852002,184.42722549103553,349.287425889246,2.098607021399907
9.47,9.086,0.0863,-0.0012,228.23257694486736,277.84835454157763,528.075479235051,228.98168152794295,233.10983275954092,184.90033018256798,349.4215306008187,2.088391244611106
9.48,9.281,0.0876,-0.0004,229.1989143159398,279.02476525418757,532.4356797215073,230.25240254469358,234.44178604487365,185.75137141332968,350.24988380034745,2.0785667562834993
9.49,9.385,0.0871,-0.0002,229.3622464292648,279.22360434867016,534.7636686739841,230.47771202104067,233.78024345562017,186.01581648118605,350.1115845043683,2.0698747890031206
9.5,9.601,0.0886,0.0002,230.4181617878533,280.50906652434315,539.4902146946345,231.88349325707998,235.3209128507533,186.94573253331663,351.04222070774347,2.059621591751174
9.51,9.705,0.095,-0.0006,232.6903095995429,283.275159512487,541.7681482663792,234.62456305942777,242.39792536176267,188.37810495813895,354.3620960548412,2.071927938119141
9.52,9.73,0.0935,0.0,232.36299895661386,282.8766943819647,542.359829057772,234.1855870542879,240.700297108586,188.2541276788758,353.7304509814727,2.0661223307409493
9.53,9.755,0.0968,0.0,233.4728151175534,284.2277749257172,542.948162940159,235.46312816533313,244.30996234605828,188.92178115822662,355.43020950329105,2.0743421015941905
9.54,9.726,0.093,0.0,232.3295645042746,282.83599157042124,542.3873234161921,233.9964492860225,240.115517967917,188.2690321942928,353.6706259673544,2.0655748074453926
9.55,9.638,0.0885,-0.0017,230.79119827846645,280.96319790422007,540.5561810545724,232.00667018488068,235.10987913655464,187.3049127800737,351.46714762557167,2.058409197173821
9.56,9.526,0.0857,-0.0019,229.69793156069656,279.6322645086741,538.2027420437876,230.5230434417157,231.98086633266675,186.5458742521788,350.0636746272043,2.0578242514564633
9.57,9.293,0.0833,-0.0012,228.4228319504915,278.07996933103317,533.1935873313984,228.69610646579258,229.35529839440323,185.49804282881502,348.80176974647253,2.06705027292142
9.58,9.26,0.0819,-0.0008,227.9455848826123,277.4989729005715,532.526308361779,228.0267370240798,227.73519117755578,185.19616128744192,348.1168601499699,2.065194353815082
9.59,9.252,0.0813,-0.0004,227.7901879289703,277.3097940004856,532.4072592050513,227.7648458808979,227.0264777393375,185.1138191350305,347.87384512462734,2.064122771108061
9.6,9.165,0.0828,-0.0013,228.13119942384444,277.724938429028,530.5399610715351,228.0045433719104,228.81878237921208,185.19651900489785,348.76918093018026,2.0757124293788447
9.61,9.111,0.0836,-0.0008,228.31771012681855,277.9519949369965,529.4004231120393,228.09930692784104,229.76908354035433,185.24033448701417,349.2821384480282,2.082592941142946
9.62,9.015,0.0811,-0.0006,227.31997740433854,276.73736379658607,527.3177439695254,226.74714404045992,226.90605392290425,184.54585247436657,347.97056321649245,2.0818484850426837
9.63,8.978,0.0833,-0.0004,228.00416794231455,277.57029140803513,526.5449889988321,227.45108129870425,229.4818915795234,184.9001776822592,349.2646126161972,2.092144418027831
9.64,8.944,0.0833,-0.0006,227.97764876242874,277.5380071890437,525.8354928567869,227.31458970811852,229.49023021784205,184.85250975276148,349.3465272500616,2.0950265044944962
9.65,9.002,0.0849,-0.0002,228.7038537006019,278.42208276595017,527.1914041059358,228.16445371832594,231.28582772152214,185.3704787819733,350.320275788049,2.0961639768114084
9.66,9.086,0.0863,0.0002,229.42811187261034,279.3037883666561,529.12124809009,229.03723218463978,232.82026044602443,185.92424803592198,351.18206648593576,2.0946960478454404
9.67,9.127,0.0869,0.0006,229.7854986561949,279.73886792928073,530.0881182353863,229.43099763844964,233.46209700554488,186.2053965944263,351.60225508699074,2.0938839624982286
9.68,9.181,0.0899,0.0002,230.91753480845367,281.116998897248,531.3365734059272,230.7602813867997,236.80833952067223,186.9430762392935,353.2648008187894,2.099538565751894
9.69,9.318,0.0883,0.001,230.83490052093543,281.0164006341823,534.4095873223399,230.7253299550219,234.89217390334133,187.1169117546844,352.5717818346633,2.0849859317479242
9.7,9.497,0.0892,0.0012,231.62088513930163,281.97325147393246,538.3639436215472,231.7701658946737,235.7732574617078,187.8421693277399,353.1787579329113,2.0753008226060317
9.71,9.701,0.0927,0.0015,233.25610840569271,283.9639580591042,542.8090641466111,233.84624828763253,239.53151303826013,189.07493663323183,355.0986556642216,2.0719133989297833
9.72,9.871,0.0952,0.0013,234.47889866525986,285.45257228814245,546.4779488999252,235.3993267214602,242.15749080485875,190.0220142107044,356.46787422617666,2.0679204784468825
9.73,9.979,0.0973,0.0013,235.4220439332141,286.60074913608673,548.8100915087865,236.55592467329112,244.36063637454137,190.71949565750404,357.60222902494075,2.066987772200678
9.74,10.124,0.0992,0.0013,236.38103843727004,287.7682207062418,551.8988202408224,237.7711024310224,246.30254894305864,191.4777825795549,358.6338634003661,2.063002143546747
9.75,10.116,0.0977,-0.0002,235.9820657797277,287.2825148622772,551.7819920738422,237.22039098991917,244.6697785522312,191.26857626180507,358.0150484546655,2.0596286642561146
9.76,10.149,0.0972,-0.0002,235.9710785621555,287.26913911914585,552.5249740545624,237.1726072323296,244.08931107322334,191.33134332509186,357.8777562172712,2.0563337836886033
9.77,10.128,0.0989,0.0006,236.49274686748726,287.9042135778106,552.1472714482027,237.69004148584295,245.92515706751078,191.6042842696627,358.77276963564503,2.062867675037484
9.78,10.054,0.0996,0.0002,236.5918236065647,288.0248287384266,550.6568061122762,237.65361789237284,246.71114624395435,191.56861022911593,359.1753365603008,2.0700998217747095
9.79,9.95,0.1003,0.0002,236.61546985033334,288.053615469971,548.5294161513225,237.49835196462257,247.51574511020493,191.44759383988222,359.56779639321525,2.0793824868410473
9.8,9.859,0.102,-0.0004,236.9487977492492,288.45940595560774,546.6603091882108,237.72675519184122,249.37933448617972,191.51571627731113,360.42286794739124,2.0906193413380314
9.81,9.568,0.1007,0.0002,235.91852129205745,287.2051563555482,540.4965961351036,236.14221851412748,248.17266080485348,190.54234295890316,359.8354296714696,2.1075257956083817
9.82,9.48,0.0999,0.0,235.52818573007283,286.72996523661044,538.6456717603567,235.5187889147238,247.3551894570596,190.21692325513885,359.5305979023201,2.111849639157667
9.83,9.422,0.1023,0.0006,236.1180501831211,287.44806109249527,537.4411646846487,236.09806967405532,249.9504725388617,190.47763271431253,360.71839235311063,2.122980325410483
9.84,9.377,0.1008,0.0006,235.641428550464,286.86782606143447,536.5131932199072,235.4108525084447,248.3565101417836,190.16688315615076,360.1062486884337,2.122385284426752
9.85,9.348,0.0992,0.001,235.1740145800687,286.2988003583445,535.9343992116932,234.75002749239576,246.63461086578639,189.88342524468825,359.4421120866844,2.120311850843448
9.86,9.293,0.099,0.0013,235.03434704947156,286.1287703210958,534.7827330191187,234.45837892475674,246.437565858645,189.7438819255278,359.4243898153441,2.1240545223766882
9.87,9.239,0.0995,0.0017,235.09508610073675,286.2027135139404,533.6488685536322,234.40829225071522,246.9954550798577,189.71746038288842,359.73659554387865,2.1297243162181068
9.88,9.152,0.0987,0.0025,234.69519565842654,285.7158903667802,531.7805753518388,233.77739583607055,246.1726777123116,189.38556892283316,359.42618290910855,2.134170891847099
9.89,9.073,0.0976,0.0027,234.22749919403245,285.14652075795254,530.076446049809,233.07256064798338,245.01569651755,189.02657184226666,358.9717317911863,2.137220571080342
9.9,8.982,0.0957,0.0031,233.4914053126257,284.25040646754434,528.0939512728787,232.03585217458766,242.98736871773428,188.497596623225,358.1203267963367,2.1388735505737477
9.91,8.882,0.0932,0.0027,232.54417592115183,283.09725764314135,525.8911275321123,230.73907826816668,240.28662815636804,187.83363813173722,356.9516865544047,2.1394255822345696
9.92,8.795,0.0947,0.0025,232.79776510550957,283.4059749110551,523.9689254450548,230.89483539656288,241.9811573410134,187.86898007624518,357.75857414135413,2.1508440117597076
9.93,8.716,0.0964,0.0029,233.11914377906186,283.79721851364053,522.220054688844,231.1438559093913,243.87999277651127,187.95495865103797,358.65449411436265,2.1622293108947988
9.94,8.608,0.0956,0.0029,232.63364614761488,283.2061779188355,519.7906281727273,230.3985057919092,243.06081018150226,187.54054257273725,358.3243430985931,2.1686760268556786
9.95,8.479,0.0975,0.0027,232.84015851421225,283.45758427817145,516.8518240438764,230.48060004835742,245.20963150522599,187.49152868186792,359.29348738456173,2.1847348619591087
9.96,8.308,0.1028,0.0023,233.80190993069616,284.6284120895432,512.8942975763903,231.47850344260453,251.03562606385591,187.81784009790965,361.811816884818,2.2137886084103284
9.97,8.213,0.1045,0.0029,233.9981238577742,284.8672812181599,510.6996788319932,231.59492757365865,252.8983580957119,187.81487761899936,362.64530707377077,2.22657207295353
9.98,8.2,0.1079,0.0033,234.89051309064914,285.95366811035547,510.44331437136117,232.61864095573986,256.47369044250013,188.32418131521442,364.24600121343053,2.2371045719332208
9.99,8.242,0.1072,0.0029,234.91561406827867,285.9842258222523,511.4891986496541,232.58719172655114,255.67697528916892,188.41344560479877,364.04392433236086,2.2321273078712567
10.0,8.342,0.1088,0.0029,235.71808658066487,286.96114888080945,513.9017510050303,233.548580158604,257.2460123966975,189.02573178239683,364.8706338905097,2.2285146968949667
10.01,8.392,0.1108,0.0029,236.44972929971948,287.8518443648759,515.1271059864049,234.399431156484,259.26013656914563,189.52736519132696,365.84434838494525,2.2300175851207937
10.02,8.479,0.1089,0.0029,236.3159522575151,287.6889853569749,517.2115984177377,234.1959596474203,257.1873437890191,189.5893733473633,365.142734519336,2.2184006096622975
10.03,8.587,0.1047,0.0031,235.62916642968972,286.85289826223095,519.7704213929621,233.33544632246017,252.6685152426484,189.36871300976725,363.4062455716654,2.1989413717079467
10.04,8.72,0.1022,0.0033,235.4280331751008,286.60804038707926,522.8833865734406,233.10313889105433,249.8936114921888,189.46046259021963,362.39886029016833,2.1820085485400487
10.05,8.882,0.1025,0.0035,236.0530274555825,287.36890298940483,526.6256163199134,233.90412495476932,250.0748698123111,190.06214211540103,362.6776986060636,2.170686672740478
10.06,9.148,0.1026,0.0035,236.9029260704562,288.4035621727293,532.6474326789463,235.06840353052797,249.97528092842143,190.93971018794483,362.894189883998,2.1512940669041587
10.07,9.277,0.1036,0.0037,237.59780958988947,289.24950732682197,535.557603344611,235.9374192140737,250.92457338607383,191.53209703687142,363.48106810971416,2.1448716377319914
10.08,9.268,0.1031,0.0037,237.49760720564262,289.12752181556493,535.4116938460717,235.73457505099978,250.3806476055142,191.48127374449118,363.3411555863898,2.144491766170317
10.09,9.16,0.1013,0.0035,236.76218712248289,288.23222780128356,533.0713307001695,234.68525040231208,248.52125064959424,190.9317263742459,362.56967298694195,2.1478028120229418
10.1,9.09,0.1023,0.0035,236.9065885820246,288.4080208824647,531.5637380853693,234.7210880895528,249.60847520001724,190.92906320945997,363.1033603274011,2.156101033340401
10.11,9.04,0.1031,0.0035,237.0470412374235,288.57900672381993,530.4969641545795,234.77124956246564,250.4670700388519,190.9533876489728,363.54742312112376,2.162371622439049
10.12,9.011,0.0982,0.0035,235.6584688374008,286.8885707585749,529.8981364975793,233.01201670195726,245.2366193041878,190.14747796416333,361.335172996477,2.151189208002049
10.13,8.79,0.0902,0.0033,232.751625222852,283.3498046191242,524.946317995207,229.2843354143504,236.60354945884637,188.18880714624527,357.38910806856336,2.1447717551059147
10.14,8.687,0.0848,0.0033,230.85476403794,281.0405823070574,522.6392062199801,226.87587436827678,230.57304363869025,186.96076849305246,354.5899770172641,2.136205292536133
10.15,8.537,0.0818,0.0033,229.53257330685247,279.43095880834215,519.224208957024,225.1003238687708,227.2024161894891,185.98669090698542,352.9760612637184,2.138580609219597
10.16,8.446,0.0784,0.0031,228.21894319778923,277.8317569364391,517.1526074854693,223.39812188780195,223.28155174595463,185.0973760104538,351.0929991407187,2.134768861313406
10.17,8.342,0.0761,0.0031,227.20840554892493,276.6015371899956,514.7610371432307,222.03880709661976,220.60813921335057,184.3617751572359,349.7915881289949,2.135550636124407
10.18,8.196,0.0753,0.0029,226.5702581456566,275.82466209036454,511.34977225913474,221.0706168322434,219.71499548136237,183.78259061252345,349.3525716918126,2.1450349446426182
10.19,8.092,0.0767,0.0029,226.78855635919984,276.0904164372868,508.91099166465364,221.1518413738903,221.4145199408871,183.7757937690184,350.2441053121488,2.1589217454797187
10.2,7.893,0.0766,0.0025,226.1964983565982,275.36965017324997,504.14070177014776,220.19572928385983,221.3837261141798,183.14814379125744,350.2070869990518,2.175801853820584
10.21,7.548,0.079,0.0025,225.8929014348259,275.0000539206576,495.6552066943368,219.48067806104936,224.39185439408703,182.4894743653939,351.58533024741087,2.2147677631456815
10.22,7.377,0.0803,0.0023,225.75882559768422,274.8368311623982,491.382191447851,219.1313420061075,225.99955104162063,182.18442703731574,352.3596446466699,2.2351094250789765
10.23,7.257,0.0772,0.0023,224.41030539691695,273.1951543962467,488.36077771226246,217.35347606907067,222.3966381176291,181.2109807384168,350.60503002334747,2.236004976651177
10.24,7.053,0.075,0.0029,223.01162840443752,271.4924171880109,483.12055312838714,215.46662138266333,219.8659354680397,180.084832016391,349.3024046695827,2.2480066583303118
10.25,6.804,0.0765,0.0037,222.58370918997707,270.9714720573634,476.5835212598596,214.74830294555537,221.79542290661362,179.49857973600072,350.196124655968,2.278143491982349
10.26,6.633,0.0773,0.0037,222.17869272918668,270.47840853987947,472.0181162783673,214.135595501563,222.85015435719362,179.04488847207378,350.6905198779973,2.298494418379377
10.27,6.5,0.075,0.0038,220.94991780803144,268.9825086358644,468.426142723749,212.52742818583658,220.16243218723946,178.12464612266396,349.3498818558312,2.3043789616718215
10.28,6.33,0.0701,0.005,218.6999493886884,266.24341664709897,463.75979397030204,209.6542846002126,214.252633461611,176.5015967346586,346.3121616604521,2.3046215598016278
10.29,6.263,0.0697,0.0083,218.32312331594323,265.7846718628874,461.94186304951427,209.1187741253515,213.78523412844854,176.19528604848725,346.1125094967616,2.310481033071044
10.3,6.168,0.0696,0.0096,217.91391170927537,265.28650121129175,459.30483708977727,208.53875002192746,213.70797290050476,175.83443364772296,346.09381864196564,2.320694589371348
10.31,6.276,0.0737,0.0108,219.74672535524186,267.5177526063814,462.4107577484397,210.77290410929848,218.68727207778582,177.16171511906416,348.80911465714837,2.324223470931617
10.32,6.588,0.0761,0.0119,221.88109272464973,270.1161128821823,471.10903879200924,213.42876476347797,221.38286748235936,178.927140924864,350.4769822826352,2.2998227673245397
10.33,6.999,0.0802,0.0181,224.84740117271835,273.72727099287454,482.2017897595898,217.1676443195708,225.9776972220483,181.32987744512985,353.12061401680546,2.272734351087645
10.34,7.681,0.0856,0.0213,229.02598380153495,278.81424114969474,499.6920700192872,222.56779745844477,231.78152329743077,184.82044578719695,356.45698760797313,2.227219974031937
10.35,8.466,0.0912,0.0217,233.28049840709429,283.9936502347235,518.6573885997668,228.2130701250558,237.58014912319746,188.4675052691775,359.75249288954194,2.1785889992224763
10.36,9.356,0.0943,0.0208,236.74962700039947,288.2169372178776,538.8826214909639,233.12382867512244,240.4665123704045,191.78264156867442,361.6748925920135,2.1201090723052416
10.37,10.182,0.0963,0.0202,239.4018756102661,291.4457616124979,556.6260191593877,237.11508549731178,242.18725540027273,194.52403273041625,362.97871846644,2.0687188389932842
10.38,11.967,0.1011,0.0202,244.41564824183004,297.54948481614093,592.0975570393667,245.21209724640215,246.42232480269476,199.96082279378993,365.80734993226724,1.9730668594852516
10.39,12.791,0.1049,0.0196,246.94776477789802,300.63206146874546,607.4025979029201,249.2222696071185,249.99109529491184,202.5608723128908,367.8369862551429,1.9385342427525714
10.4,13.557,0.1067,0.0167,248.62576911755548,302.6748493605024,621.0935426101142,252.2326387286644,251.50852655754548,204.60785193537046,368.899932182838,1.9042007345466716
10.41,14.195,0.1084,0.0123,250.00092375334438,304.34895065624534,632.1431617198865,254.72326660952064,252.97263368637016,206.29279184262086,369.87450639853273,1.8777867383244045
10.42,14.749,0.1098,0.0069,251.11526430542042,305.70553915442486,641.4976684253817,256.80344234229426,254.16351046956262,207.70973612338196,370.68706828338577,1.8557564345960287
10.43,15.222,0.1065,0.0063,250.57964993565798,305.05348687819236,649.3389087193121,257.0271036688078,250.67552156749585,208.18373961916015,369.3953508359211,1.826046990343265
10.44,15.996,0.1032,0.0063,250.1964045432428,304.5869272700348,661.8203579440916,257.9941509922092,247.07883118324398,209.18455592502346,368.11119595948657,1.7840133652783694
10.45,16.323,0.1001,0.0065,249.11100223866487,303.26556794272244,667.0197139799437,258.2256780800469,244.39870629651548,209.32031392497055,366.79831067821095,1.759805218013298
10.46,16.692,0.0988,0.0065,248.95808271514093,303.07940504451943,672.8032936075936,258.69037489854907,242.92139677378674,209.82327619988334,366.3247284738051,1.7414507653014801
10.47,16.907,0.0989,0.0067,249.18280891977537,303.3529847719005,676.1649351442859,259.26845865026536,242.94895555755622,210.28382896864753,366.4962001977455,1.7333124184720172
10.48,17.126,0.1012,0.0071,250.19216753596908,304.58176917422327,679.562559335161,260.65244017857333,245.23834160780976,211.13230907184968,367.716976468563,1.7311072813923625
10.49,17.275,0.1018,0.0073,250.54506929342705,305.01138870504167,681.8798289958075,261.2404640576688,245.7992951587684,211.5556723500277,368.11207080233237,1.7270668852923807
10.5,17.383,0.1062,0.0075,252.1994477376783,307.0254146371736,683.5700952155388,263.07874857744343,250.22520134578488,212.5468848420217,370.2488840889722,1.7346598629753018
10.51,17.524,0.1087,0.0075,253.19185879027864,308.23356722294795,685.7473224637242,264.3024376862697,252.68162601602748,213.26206858576128,371.48216615563877,1.735836616303731
10.52,17.445,0.1102,0.0073,253.6953515156622,308.84651488863227,684.6287084995882,264.6353221560471,254.2059635034696,213.42234686622353,372.2217186736592,1.7428056387669184
10.53,17.366,0.1139,0.0073,254.91589814137862,310.3323977373305,683.5071003724943,265.7087720119201,257.89903188421874,213.9248075780472,373.9004569773908,1.7552220467462565
10.54,17.259,0.1158,0.0071,255.50439162025103,311.04882458117515,681.9588849908521,266.08776170488125,259.80628815442316,214.0846719709686,374.7783184942726,1.7641559847324206
10.55,17.151,0.1173,0.0071,256.2637048677818,311.9732059259953,680.3895731998234,265.8187927752003,260.645425600559,214.17630518067014,375.478531942192,1.774494747343727
10.56,17.023,0.1165,0.0071,255.96281750956342,311.606908272512,678.5091494713511,265.23464299099425,259.90677131857933,213.88022994860742,375.21376648952145,1.7777401358633007
10.57,16.969,0.1138,0.0071,255.09881616416527,310.5550805476795,677.7497182786815,264.21105854854227,257.28805166840726,213.42288052064467,374.1525224767642,1.7733719651914022
10.58,16.565,0.1045,0.0084,251.4295031914984,306.08809084182417,671.607269212368,260.4958031732075,248.79220730976425,211.2394646281266,370.05115473557373,1.7634931281725421
10.59,16.162,0.1025,0.0098,250.79772292474328,305.3189670388179,665.3854491752096,258.2615841287575,246.26719308068692,210.20946916096236,369.1436478542908,1.777251572678203
10.6,16.174,0.1009,0.0052,250.29504705819213,304.70701380997303,665.6218375831711,257.73051440322024,244.63265449064065,210.01268700098927,368.479422505944,1.7725923551897245
10.61,16.058,0.1013,0.0048,250.39414326085037,304.8276526653831,663.8549965645068,257.56942891615233,245.07045641987517,209.91905035651646,368.7373177088956,1.7786743744600235
10.62,15.905,0.1016,0.0046,250.42566073169786,304.86602176032784,661.4928262217055,257.27142493821714,245.41700376376642,209.73623390551816,368.94088853866515,1.786084141754137
10.63,15.88,0.1014,0.0038,250.3831453655565,304.81426392328615,661.1545261651994,257.1379025682492,245.21709314069835,209.709300937847,368.92993825257105,1.786747805798737
10.64,15.557,0.1015,0.0031,250.1966227437489,304.5871929054334,656.043837604393,256.3023196047397,245.41018615937344,209.16142873448496,369.0088857185169,1.8010250478224037
10.65,15.106,0.0983,0.0035,248.73421128436232,302.8068659113976,648.7744713841041,253.92654114453873,242.25456652553353,207.7784399327876,367.4826755027851,1.8121957541641736
10.66,14.886,0.0968,0.0035,248.0512388457538,301.9754212035264,645.2088537825516,252.7748011481793,240.76114113889716,207.12952759966504,366.79607687198285,1.818024732983846
10.67,14.716,0.0945,0.0037,247.12266955451716,300.84498902289045,642.4445771905567,251.46359002041183,238.4064468306624,206.42871061942935,365.7068818949107,1.8193585743255674
10.68,14.571,0.0922,0.0033,246.20414798636753,299.7267888529692,640.0771969400374,250.20882667656522,236.02292993902728,205.76701871476186,364.5970272704699,1.8195048984601507
10.69,14.427,0.0902,0.0033,245.3827346271758,298.726807372214,637.7125716940056,249.05521939759493,233.93647637349588,205.15264293286083,363.61841327091145,1.8204327321448064
10.7,14.373,0.0885,0.0033,244.7493518401934,297.9557326750181,636.8586923052766,248.2638568302764,232.13108966730778,204.77155768702798,362.7958639971498,1.818000530046239
10.71,14.24,0.0879,0.0027,244.441720354942,297.5812247799294,634.6577926145291,247.6547800048674,231.51812132574327,204.4352637972886,362.53590025318556,1.8225946707406475
10.72,14.153,0.0865,0.0029,243.87793851550902,296.89488167105446,633.233036148362,246.8718136597914,230.02809841594387,204.03585640334188,361.84902688671065,1.8225840206011186
10.73,14.145,0.0854,0.0035,243.50074798307543,296.4356931967875,633.1567805651796,246.43020821123838,228.83590417811953,203.85547224735205,361.3312055948098,1.8197015950171134
10.74,14.149,0.0836,0.0035,242.86251599131188,295.65871511985796,633.2835671583765,245.7475374164465,226.87240523556358,203.5563438571688,360.41762886968075,1.8140205264098814
10.75,14.174,0.0866,0.0037,244.0729701468304,297.13231148309785,633.7698269357755,246.9836028963216,230.12235995283237,204.25762168352162,362.16332338230063,1.8223097843984624
10.76,14.178,0.0937,0.0038,246.71035189739248,300.3430370924778,633.8968289021334,249.64947121727747,237.68573779372304,205.65940568888584,365.97916139391,1.8434528872756069
10.77,14.199,0.1084,0.004,251.69768889721777,306.41457778791727,634.3143227691808,254.83480539953558,252.76066341788984,208.26022644541635,373.07044265615554,1.8829067749873778
10.78,14.095,0.1537,0.0046,263.9894932226392,321.3785134884304,632.5957916923076,267.93563311675274,295.37354188778346,214.21266343087353,390.46578673599737,1.9900346086738163
10.79,14.021,0.164,0.0054,266.30086729626606,324.1923601867587,631.3858251978236,270.3721072496834,304.4159304654596,215.26131970393277,393.849270761978,2.0134694928650525
10.8,13.942,0.1714,0.0056,267.8474793174485,326.075192212546,630.0830703742447,271.9658108652819,310.7942210313403,215.93116912562763,396.19170396705556,2.031001348243956
10.81,13.847,0.177,0.0058,268.9221878597329,327.3835330466313,628.4979533382997,273.01769473788715,315.56835111926847,216.35073089751336,397.92407254774895,2.0457279343735535
10.82,13.814,0.1588,0.0058,264.92230880397835,322.5141150657128,627.982891555773,268.3789058337065,299.94599321761007,214.3925026337393,392.43540421627733,2.0142156665018107
10.83,13.752,0.1645,0.0062,266.15425207842196,324.0138720954702,626.9635427269769,269.63302007016983,304.92123222188786,214.93690365417962,394.3176615471789,2.028176179107554
10.84,13.905,0.1636,0.0065,266.26306450778355,324.14633940078005,629.6773624034149,269.89914030193665,304.0521224848965,215.23683653143564,394.1608248184441,2.019128837817312
10.85,13.905,0.1636,0.0067,266.31208917827416,324.2060216083338,629.7355378932828,269.8989430354724,304.0372353417067,215.2920172733363,394.25278823814523,2.019280786628241
10.86,14.335,0.1592,0.0067,266.0500781167349,323.8870516203729,637.1620965310138,270.1320689035736,299.9923813264386,215.80477859739352,393.03809159020363,1.9904233039969899
10.87,14.687,0.168,0.0071,268.6549282235443,327.05817348953224,643.1533833046569,273.4676516575165,307.42359447993806,217.58485966528357,395.96002371335504,1.99052292756452
10.88,15.06,0.1677,0.0073,269.1917890886466,327.71174323835237,649.4038136885949,274.5292134120524,306.9818235562596,218.39550528009894,396.03363216764234,1.9730862376593479
10.89,15.557,0.181,0.0075,272.90732719763673,332.23500702320996,657.5681704597176,279.2941621503818,317.9650266344762,220.86973898390528,400.171610425929,1.9747515631493913
10.9,16.062,0.1893,0.0069,275.4399166312106,335.318159377126,665.699581787732,282.7525200382226,324.571376662031,222.77222161010974,402.6995612210486,1.9672071463507328
10.91,16.671,0.1937,0.0073,277.23020061098214,337.49763552641303,675.2924309872963,285.53036534822957,327.87405361069494,224.45399515772746,404.10924323607765,1.949309437286891
10.92,17.25,0.1979,0.0054,278.8875573780683,339.5152872428658,684.2128337500776,288.12222614113114,331.00563443945964,226.01972787924188,405.4341020861587,1.9330709015888798
10.93,18.207,0.2008,0.0037,280.6448150488374,341.6545574507586,698.5291864563217,291.37804365103995,332.92943313161123,228.11715381297284,406.4580250158666,1.9012216410298022
10.94,18.683,0.1965,-0.0027,280.25964622733346,341.1856562767538,705.4948998670696,291.6198365714416,329.2829743843953,228.61358966702863,405.4870370973041,1.8770826122773314
10.95,18.654,0.1915,-0.0062,279.17728510655314,339.86799926015163,705.1300371980994,290.360942926062,325.23727867191826,228.1319542347284,404.2194262855396,1.8701914096411296
10.96,18.422,0.1863,-0.0027,277.83292014136356,338.23138104166003,701.8404313635529,288.51356888962823,321.0665567090831,227.25911968099769,402.831096884172,1.8701677664981855
10.97,18.356,0.1846,0.0054,277.4334142170514,337.74502600336695,700.9657266007131,287.9348602061545,319.68105149073256,227.02649035515998,402.4334856775363,1.8698208757617476
10.98,18.514,0.1835,0.0048,277.382339388635,337.68284795138175,703.3260208236297,288.07580385520845,318.70372160576284,227.25168109816943,402.2391500237057,1.8622916576425217
10.99,17.151,0.1784,0.006,274.85612772566566,334.6074598399409,683.1440651012639,283.2077092133292,314.98288682795715,224.29450525800735,400.63348420640403,1.9055389318662699
11.0,16.505,0.1806,0.0071,274.6372448540254,334.34099373533536,673.2628212751239,281.9507409478785,317.05810394293945,223.3413816780191,401.25066635428004,1.935545709102919
11.01,16.166,0.1848,0.0075,275.17176366129286,334.99171228331306,668.0083222471029,281.99259088090366,320.65676800138243,223.1565978174729,402.48237019050055,1.9569424616124032
11.02,16.099,0.1909,0.0069,276.4318054940046,336.52567625357085,667.0075202198361,283.2357246217148,325.6630866837068,223.6815893904156,404.26559413991714,1.9700741395205483
11.03,16.315,0.191,0.0083,276.7975981868098,336.9709890969859,670.4763615398507,283.88704418068676,325.636344847396,224.17755293119035,404.42578968856395,1.961321451631006
11.04,16.584,0.188,0.011,276.55998881913916,336.681725518952,674.746445742428,283.9542586686448,323.061854371507,224.4675593767787,403.73569895655976,1.9453799271519836
11.05,16.841,0.1878,0.0104,276.8887513174306,337.0819581255677,678.7803089784206,284.63253997384993,322.7786141818159,225.00193043726514,403.8182668103802,1.9347544283158833
11.06,17.056,0.1852,0.0106,276.62775382704035,336.76422205031,682.1388975905373,284.611936842217,320.5472135150067,225.20927101954982,403.2171739388104,1.921927698018871
11.07,16.973,0.1849,0.0111,276.5132042742321,336.62477042080434,680.9315451274617,284.3107691861148,320.31868328795167,225.07738731984904,403.2098339686679,1.924876237049688
11.08,16.841,0.1836,0.009,276.1165694636993,336.14191065146,678.958215932107,283.6297018669952,319.2865284784368,224.74926633113458,402.90892252583456,1.9281419674594462
11.09,16.609,0.1834,0.0088,275.83751056712674,335.80218677737173,675.4300299433481,282.929518241804,319.19917516804935,224.3367372407335,402.9024343778153,1.9373747749276307
11.1,16.302,0.1777,0.0077,274.2315299907052,333.84707998868464,670.6902888646482,280.6730721445515,314.5823497844607,223.20522440641304,401.28822575382003,1.9404001387907082
11.11,15.975,0.1671,0.0077,271.43212725190494,330.4391114371017,665.5787494965226,277.09037013727203,305.7631273256721,221.47711697852176,398.12349983493635,1.9353657840741574
11.12,15.404,0.1595,0.0075,268.9356122797874,327.3998758188716,656.4473223848244,273.4680790822283,299.4430372118105,219.5246615973794,395.70509659256686,1.9460589397138084
11.13,15.168,0.1482,0.0077,265.8840547544615,323.6849362228227,652.6462316497011,269.75715572918,289.5930933549862,217.7597241323325,391.9874547840457,1.9345145848577756
11.14,14.865,0.1482,0.0077,265.52835854293085,323.2519147479158,647.6929493145198,268.8527458942626,289.7005612243032,217.18211319051616,392.01798814707234,1.9483934582776177
11.15,14.555,0.1409,0.0071,263.2833949218365,320.5189155570184,642.5551561866697,265.8978430114474,283.2462919903753,215.67192107353506,389.4798699442408,1.9478061529728286
11.16,14.124,0.1336,0.0058,260.79865924129354,317.49401994592256,635.2717999004063,262.49484945105615,276.7109872559581,213.8475678253853,386.7972014737851,1.9526945381417193
11.17,14.046,0.1273,0.0056,259.01385321462834,315.3212126091128,633.9849700980585,260.40565152235735,270.84763270838334,212.8751398414494,384.4472780696776,1.9424658806613726
11.18,13.896,0.1182,0.0056,256.2499220923069,311.95642689498237,631.4462193784727,257.1680393396103,262.20820816187074,211.29441944509654,380.81424735324015,1.9284621492480936
11.19,13.636,0.1071,0.0056,252.56536282602957,307.47087648386207,626.9625321793262,252.7935531310789,251.3635388710079,209.05475015834375,375.99587663308813,1.9134358827719886
11.2,13.437,0.1045,0.0048,251.5195455530446,306.19770762979346,623.5040430533331,251.30455322415003,248.8025571033651,208.23926349910838,374.84046680227516,1.9166929203882435
11.21,12.613,0.1021,0.0048,249.6178270607711,303.88257207398226,608.6667271748822,247.83800818058188,246.61488922413326,206.00377027625805,373.6193650108809,1.953387679697063
11.22,12.269,0.0977,0.0044,247.7095980943924,301.5595107236082,602.3232751074819,245.18414354386204,242.17979443430872,204.4869540869753,371.4936796222071,1.960124410811445
11.23,11.859,0.0835,0.0042,242.2269510018201,294.8849838283028,594.6056906030176,238.64450611539365,227.10740484606836,200.90294112393772,363.9762374828015,1.9407345446423732
11.24,11.437,0.0765,0.004,238.99396574827537,290.9491756935526,586.4838418964586,234.45866213120271,219.37133058958395,198.4594128251768,359.84140054281386,1.942363912134519
11.25,11.089,0.0739,0.0037,237.46174427350067,289.0838625938269,579.6520994103427,232.17982173742672,216.46049725938235,197.06078834382907,358.2261818943975,1.954466187522908
11.26,10.865,0.0687,0.0048,235.0570102293211,286.1563602791735,575.2063448567604,229.21710638609704,210.42417766121292,195.34449908221706,354.87055361581446,1.9496793379083968
11.27,10.621,0.0657,0.006,233.44294468186993,284.19141091705905,570.2926168885552,227.04104537886627,206.87595557551276,194.03425890437285,352.83659980063095,1.953877424340738
11.28,9.913,0.067,0.0063,232.6846825843955,283.26830923317715,555.5119289269206,224.91438331857464,208.5380372502612,192.47640417500511,353.63529171397977,2.0057149850463096
11.29,9.584,0.0651,0.0065,231.2720579442159,281.54859227991506,548.4454448289852,222.7965251213829,206.28715458682936,191.13345081894977,352.30620931459356,2.021455525769213
11.3,9.318,0.0631,0.0069,229.9138440030675,279.895114438517,542.6301992183917,220.84685594112554,203.87095718133747,189.91468031615312,350.8854875139156,2.032820946059561
11.31,9.023,0.0538,0.0081,225.26677593418577,274.23781418074793,536.0557998327267,215.35534158956014,192.094520259233,186.59753139525276,343.6822377091032,2.0154344632042087
11.32,8.82,0.0545,0.0087,225.1613754281342,274.1095005212069,531.466473991849,214.8363305052586,193.01146232766536,186.2325181441549,344.27930234338163,2.034091524507299
11.33,8.666,0.0535,0.009,224.38562854022726,273.1651130054941,527.9506224757783,213.69825828283334,191.70548935042032,185.5209640634558,343.4834153315211,2.0416730038110025
11.34,8.562,0.0524,0.0098,223.6735059057452,272.29818110264637,525.5714353595212,212.71648631184243,190.2539611512023,184.92498033025814,342.6028585016335,2.0449722628913136
11.35,8.558,0.0529,0.0106,223.93229339811103,272.61322674552645,525.5272573965217,212.9431542060742,190.91185361515485,185.10370087784443,343.1014082652787,2.0477190634690383
11.36,8.604,0.0524,0.0104,223.8554650532011,272.5196965865057,526.6492400486301,212.9013501890254,190.24697020271142,185.14600855094668,342.768041891403,2.041962427493871
11.37,8.736,0.0535,0.0104,224.71314306386648,273.56382633862006,529.7665787680595,214.00428920955798,191.69058377696265,185.91807504876175,343.8102800187752,2.0368247000053383
11.38,8.915,0.0568,0.0098,226.6456706815815,275.91646865583834,533.9299232829161,216.3291407085035,195.95953355583356,187.43632377376542,346.6250373033702,2.0378292464681667
11.39,8.998,0.0595,0.0098,228.0448310869658,277.61979436674096,535.8695779605342,217.91996249446345,199.38313760154693,188.45746667466696,348.82543417770245,2.0431670942891027
11.4,8.865,0.0608,0.01,228.31622131892348,277.9501824752112,532.8778092838904,217.94069689267158,201.02786353915522,188.43740171943801,349.84604676391035,2.0588183726503018
11.41,8.915,0.0631,0.0104,229.42372974238256,279.29845359942226,534.0718508459353,219.17043222467052,203.88013764707836,189.2183029181855,351.6314715210524,2.0644826336633657
11.42,8.874,0.0641,0.01,229.7670228063694,279.71637559036276,533.176872356328,219.42948790173864,205.11479386597725,189.38580027554096,352.4170465781535,2.071763021780292
11.43,8.894,0.0636,0.0098,229.65602827379837,279.5812518115806,533.6808101443064,219.2986393834358,204.49119928171513,189.37018422742358,352.1422991729132,2.068405971655846
11.44,8.878,0.0624,0.0106,229.17088208421038,278.99063905903876,533.3637843279452,218.70706023322637,203.0041489875592,189.0679690214508,351.3444262853119,2.0649632959832047
11.45,8.982,0.0656,0.0108,230.75190759273667,280.91536576507076,535.7886285146965,220.5363112525889,206.91907928207158,190.21925932088277,353.7447500877373,2.0698732262125197
11.46,8.911,0.0678,0.0106,231.47518082287675,281.7958723061108,534.2124378784362,221.16109263730877,209.59195547123684,190.56915978808053,355.32255765755104,2.083894519861818
11.47,8.874,0.0699,0.0113,232.22086038544847,282.7036561214155,533.4134919720302,221.8705100749833,212.11041813897452,190.98411910798424,356.80211226074977,2.094764945240778
11.48,8.807,0.0755,0.0123,234.12509559868687,285.02185551144487,531.9223360261707,223.8164018249624,218.7041547266184,192.04654408135636,360.4540287759972,2.1202825292609075
11.49,8.658,0.075,0.0133,233.5860641400228,284.3656433008974,528.5176716942702,222.96463637015503,218.15600478715496,191.51597578541566,360.1766687614637,2.1303403720344223
11.5,8.637,0.0754,0.0136,233.71025123166925,284.51682758638,528.0746399936658,223.02672367779482,218.61969840410316,191.57988346869357,360.49867231240574,2.133565977730873
11.51,8.62,0.0761,0.0142,233.94928020020424,284.8078193741617,527.725687709327,223.2221672975737,219.42892258624462,191.71881490454894,361.0061258494266,2.137516139121959
11.52,8.641,0.0762,0.0144,234.08406088967038,284.9719002135118,528.2626215398557,223.35382932123704,219.5316014091391,191.8532195177034,361.15360352591995,2.1363577430618514
11.53,8.62,0.0773,0.015,234.44768857515612,285.4145773958423,527.820139601284,223.682704714193,220.79926422925195,192.0606147881528,361.90006251713635,2.1419869485525003
11.54,8.67,0.0773,0.0158,234.62931300651502,285.6356853992357,529.0363071847885,223.90560840115,220.77764661794367,192.26697165074071,361.99494050482184,2.1381757122643164
11.55,8.728,0.0773,0.016,234.83127108585248,285.8815474088639,530.4313845303273,224.16241807922052,220.75408850558793,192.49800583357896,362.09214256499666,2.133769049930621
11.56,8.757,0.0762,0.016,234.569417308036,285.5627688967395,531.1492029142827,223.86638264922183,219.4714605511988,192.40729493425178,361.50612778705056,2.127851394806275
11.57,8.853,0.077,0.0156,235.14912914674912,286.26850504821635,533.4090367398917,224.59553159688963,220.36082697062903,192.92310978803997,362.10569809768725,2.123328840811866
11.58,8.911,0.0779,0.015,235.6578726900714,286.887845014,534.7838016964444,225.19248328816064,221.3704400412948,193.33737573273834,362.74993736034907,2.1221205375474765
11.59,8.953,0.0763,0.015,235.25119593306582,286.392760266341,535.7907269453694,224.75898886417255,219.51508966311135,193.18172112111094,361.86420218040644,2.11354940030811
11.6,8.998,0.07,0.0148,233.11011225180403,283.7862236108919,536.8624474956785,222.4462117484233,212.12788248022903,191.9894231469366,357.9241911539073,2.0876884906945907
11.61,9.061,0.0637,0.0146,230.83883872043828,281.02119496401184,538.3397870669502,220.0628291152567,204.50544182594734,190.72960781220112,353.65804070537786,2.0589279171778965
11.62,9.086,0.0605,0.0152,229.61320050009607,279.5291136522909,538.9551678867446,218.76056324830722,200.5358474721866,190.0362693917966,351.38001960568107,2.0442528071443324
11.63,9.136,0.0578,0.0156,228.6074366334941,278.3047054668624,540.1336285393752,217.74722117343228,197.13037387168646,189.5125046387041,349.3909384955453,2.0293632031960747
11.64,9.098,0.0552,0.0156,227.4071213389793,276.84345206484437,539.3204975294956,216.3783891400338,193.80453751227014,188.72173009646215,347.3714643534038,2.021090992981539
11.65,9.023,0.0524,0.0156,225.99430031735557,275.1234960385198,537.6641010141776,214.72405027315696,190.1602643676584,187.72904244601733,345.08245489309496,2.01429893081445
11.66,8.953,0.0527,0.0158,226.01722416245678,275.1514033282083,536.1138821901621,214.57571397816312,190.54881850008852,187.6522505059627,345.3937194216296,2.0210877237415064
11.67,8.911,0.0521,0.016,225.68239619761533,274.7437866753578,535.1984337726348,214.1075355402483,189.75667843104327,187.3917469517166,344.9427661355487,2.021677548098589
11.68,8.79,0.0521,0.0158,225.443948488068,274.4535025072132,532.4558150811484,213.591733964284,189.74978167455376,187.0677240035278,344.9826201471454,2.031091458849002
11.69,8.533,0.052,0.0158,224.82235648235087,273.6967818046011,526.5010986880258,212.4267902471959,189.60729160647173,186.2846996870093,344.8954097415429,2.0508963812400256
11.7,8.342,0.0509,0.0156,223.8739877059261,272.54224590286657,522.012617610902,211.04175356840847,188.13619176371276,185.393274500566,343.9548910468523,2.061283454118512
11.71,8.263,0.0501,0.0158,223.3370979928882,271.88864103482047,520.1642963727899,210.29265083586395,187.05796643790072,184.94006566063436,343.29728880732097,2.0641065762504796
11.72,8.13,0.0498,0.0158,222.88832612294374,271.34231006271415,516.9948829411655,209.54015839380693,186.64401465975087,184.460241576596,343.0622453543128,2.07383856127484
11.73,7.963,0.049,0.0156,222.10223942629898,270.3853349537553,512.9560424296636,208.37159270451986,185.54828951816606,183.7062754173213,342.3620439991745,2.0842296614524893
11.74,7.822,0.0469,0.0156,220.75018776117048,268.73935901359886,509.51157923868954,206.648776140248,182.65692521865952,182.61256840436448,340.4464463530073,2.0861555099528477
11.75,7.623,0.0456,0.0157,219.5937742230154,267.3315512280188,504.56546822409047,205.03126835969027,180.82538340479442,181.5551465209317,339.21300719131864,2.0972014880974736
11.76,7.423,0.0449,0.0158,218.70155040743984,266.245365713405,499.5116717529268,203.69462508819942,179.81472183093135,180.67203949846956,338.5377630107006,2.1117839808603374
11.77,7.552,0.043,0.0156,218.16884100844723,265.59684992332706,502.84996498745284,203.31540501532183,177.13548696935803,180.514663781167,336.75554722567705,2.090256316552142
11.78,7.668,0.0408,0.0161,217.39181367940222,264.6509036097071,505.83042887820216,202.67335903354441,173.99096834904782,180.16699304010044,334.5738413646375,2.068148866286944
11.79,7.797,0.0405,0.0173,217.62031568421781,264.9290799633956,509.1117739275899,203.11948173604588,173.58382664913643,180.53233223140433,334.36604240874055,2.0553670354572184
11.8,8.184,0.0404,0.0171,218.592591777238,266.11272042446365,518.6589202345829,204.8490664841571,173.53192781756556,181.80160949559075,334.45017406303657,2.0223443635705665
11.81,8.229,0.0402,0.0173,218.63097563975117,266.1594486049145,519.7905870404138,204.9416544939996,173.25309362581913,181.9131247747822,334.31967401442137,2.017700863876605
11.82,8.3,0.038,0.0177,217.6135225839167,264.92081010215946,521.5441233735061,204.01203000047414,170.07134467112976,181.33213097387926,331.974726989798,1.9997164428675562
11.83,8.367,0.036,0.0177,216.64963495963852,263.7473816899947,523.1914882626969,203.14220409237677,167.1378041926115,180.77182242167734,329.73969902262445,1.982863805942868
11.84,8.475,0.0354,0.0173,216.57260365850422,263.65360445383124,525.8020264038109,203.26297204497297,166.28319644268893,180.8960087601046,329.121606336571,1.9708973973218855
11.85,8.487,0.0359,0.0173,216.9334977617357,264.09295379689564,526.1301564113171,203.6153310245322,167.03177148739417,181.1861382872496,329.79613179054974,1.973063218732483
11.86,8.479,0.0363,0.0175,217.1891814020907,264.40422083732784,525.9855995851631,203.81885474221272,167.6215345733943,181.37074792339607,330.33971768190946,1.9761893433133964
11.87,8.387,0.0379,0.0183,217.94581644851624,265.3253417634111,523.846555481753,204.34898968449642,169.9460547577473,181.77808918780082,332.2412665980817,1.9928863037261189
11.88,8.4,0.0386,0.0196,218.41073491765175,265.8913294649674,524.206340206619,204.81123439100514,170.97125235839198,182.13766179491773,333.1074387657116,1.995953934679711
11.89,8.367,0.0389,0.0215,218.5417085694575,266.0507756497744,523.471746052981,204.8388851326713,171.39645988445767,182.1940719557633,333.5041397155848,2.000404566608234
11.9,8.383,0.038,0.0223,218.10819268828956,265.52301718574387,523.90113337768,204.39665391320165,170.08763896579197,181.9329828293915,332.56623994749253,1.9941594163341874
11.91,8.371,0.0391,0.0235,218.73907233158016,266.29104457757586,523.663955707996,204.97469260690082,171.68528575749218,182.36937125089395,333.86966537548767,2.0014724440652714
11.92,8.325,0.0396,0.0231,218.94699247682036,266.54416475439,522.6049559127822,205.0532465308723,172.39459037588952,182.45957264023897,334.47900728992664,2.0081224770253647
11.93,8.279,0.039,0.0227,218.54222234238705,266.0514011124712,521.5419640985181,204.50869151160728,171.509761803762,182.1256202523034,333.872941127673,2.008644007458326
11.94,8.2,0.0395,0.0231,218.6682532595473,266.20483005510107,519.6813324102357,204.43708506506078,172.211045760002,182.1091551350222,334.47348480983885,2.018035077972357
11.95,7.972,0.0426,0.0231,219.79495025311726,267.576461177708,514.1591819377442,205.10412442203597,176.60049840808514,182.55460269774613,337.7759166808877,2.054129153498131
11.96,7.83,0.0419,0.0229,219.0909447606699,266.7194110129895,510.68457921088765,204.06126565532477,175.56952651927693,181.87480830881327,337.0756680228317,2.0626726038991876
11.97,7.623,0.0413,0.0227,218.24610504951227,265.6909104950584,505.5283896005796,202.7488053715727,174.6579270805126,180.99975356018112,336.44866855244817,2.0776805044917803
11.98,7.427,0.0413,0.0225,217.72185287234944,265.052690453295,500.5665138569183,201.79605474776068,174.60992142186936,180.36397819944094,336.4548991061233,2.0954719409714877
11.99,7.274,0.0416,0.0225,217.45785274173272,264.7312989899355,496.64543966584927,201.20151640183343,175.00664564624705,179.9739535590065,336.79083458354904,2.1113868924727104
12.0,7.103,0.041,0.0229,216.65585106909333,263.7549491275919,492.1981836472586,200.01066036296393,174.09406254769618,179.1838611768571,336.167079726244,2.12436372181418
12.01,6.974,0.0379,0.0229,214.64175638973177,261.30300777880393,488.80667460132355,197.61220803743012,169.4743349871013,177.59029689649657,332.77370340350035,2.119226530510852
12.02,6.904,0.0365,0.0219,213.68546206285532,260.1388233808674,486.9626027094254,196.4386667811097,167.33515641751274,176.82028469383138,331.19441448406417,2.1178910524697434
12.03,6.737,0.0353,0.0221,212.50667292076844,258.70377572963116,482.47262675602775,194.85437733160876,165.4351430114929,175.75033065736804,329.76785797402954,2.127267276920872
12.04,6.571,0.0326,0.0221,210.4294466569336,256.17497853887573,477.93864816899776,192.32595366427873,161.13922567625278,174.00750440171348,326.38261482730957,2.1270858037630327
12.05,6.205,0.0311,0.0223,208.28471435345432,253.56400008246615,467.6356741832193,189.36003020209805,158.549121254536,171.94365389851816,324.32066217852895,2.1559017829812386
12.06,6.164,0.0306,0.0229,207.8683979982473,253.05718017177932,466.49552578675207,188.8087282891102,157.71048128864078,171.5882210549492,323.6900824080049,2.1570969248063303
12.07,6.164,0.033,0.0225,209.32107043306596,254.82565096199335,466.53149461588504,190.31426119621025,161.58340478453468,172.70675323944505,326.95161760386696,2.1733990377324197
12.08,6.168,0.0345,0.021,210.2221615864497,255.92263149654747,466.6766321680908,191.2456438492445,163.9562641083609,173.40124215109472,328.9169393888145,2.1828472014113713
12.09,6.288,0.0359,0.02,211.48124036140064,257.45542304866166,470.15476802809593,192.7537458279317,166.17995271727997,174.49821092635392,330.7385976126351,2.1787234753576334
12.1,6.384,0.0376,0.0204,212.78922803743006,259.047755871654,472.9231528642075,194.2749990575404,168.81332161348632,175.59256445532597,332.8408031048318,2.1789078726219953
12.11,6.367,0.0398,0.0204,213.91099458057576,260.4133847067879,472.4806322818756,195.41705174873198,172.11313512778756,176.39603063680096,335.37380706433123,2.1937903799766767
12.12,6.513,0.0429,0.02,216.03748021042804,263.0021498213907,476.6244762972511,197.90346423605288,176.6900603870025,178.118890736731,338.7874751053031,2.195823250117616
12.13,6.904,0.0443,0.0211,218.13626158847217,265.5571880207487,487.3976653860475,200.74060082534535,178.76104018048605,180.14123989964568,340.4225873694905,2.163649031121052
12.14,7.128,0.0465,0.0208,219.97349686850842,267.7938222747059,493.41398406464265,203.03507162027182,181.88470893204965,181.74252625011815,342.72669103571025,2.1534329637415763
12.15,7.423,0.0467,0.0186,221.03512898010672,269.0862439757821,501.1420868587276,204.62070732028357,182.19669908793938,182.9139261249352,343.09235126136286,2.1269781887799573
12.16,7.868,0.0467,0.0183,222.36460212267315,270.70473301890644,512.4471867683379,206.77369785048305,182.25499895249618,184.4960720975548,343.311649555142,2.0874958833756225
12.17,8.3,0.0478,0.0171,224.0805064285386,272.79365999996,523.0501075811009,209.32994944300253,183.81587144113345,186.32381355629263,344.56017247267107,2.0568064789926854
12.18,8.807,0.0495,0.0175,226.16717396267038,275.333950911077,535.0725185238267,212.42553646512536,186.16406207572783,188.51036405333818,346.35297501585904,2.0249250726293746
12.19,9.335,0.0505,0.0175,227.83973982245524,277.37011804472814,547.1464429712514,215.15005631036695,187.54747447646614,190.4568073671127,347.4764837523875,1.9903136832608188
12.2,10.004,0.0575,0.0183,232.49118236425525,283.032743747789,561.8495102982207,221.1765698803597,196.56956682107855,194.4926964394765,353.64449141672407,1.9746021203320745
12.21,10.315,0.0617,0.0194,234.98051739225284,286.06323856448176,568.5070330096107,224.2816903316437,201.7551677168223,196.54319681143267,357.055364178291,1.9712534667220116
12.22,10.547,0.0615,0.0198,235.34615130235474,286.50835810721446,573.4042885333769,225.07664491572763,201.50725792577754,197.16545307537064,357.03738233167894,1.9554688441149646
12.23,10.733,0.0616,0.0194,235.74744065898747,286.9968842805065,577.2899613170512,225.81813928321813,201.62593393841405,197.73403092663798,357.2329236864255,1.9441430697553708
12.24,10.87,0.0626,0.0183,236.45582137210025,287.8592608008177,580.1352421866281,226.76842030683767,202.83307402593314,198.4055338525478,358.0891943988208,1.9396689076870401
12.25,10.894,0.0637,0.0171,237.01642615800918,288.541736192359,580.6661031224293,227.34016620648205,204.1526304305406,198.80083764829942,358.9810294046198,1.9426586000064638
12.26,11.023,0.0637,0.0169,237.26619606776723,288.8458039085862,583.3286374176745,227.81384945757358,204.14787373205573,199.18329795281986,359.08642656523966,1.934803953934452
12.27,11.164,0.0637,0.0173,237.52935953325274,289.1661768230903,586.2158369182008,228.32691950620122,204.1435560722483,199.59342907396635,359.19428876174885,1.926306049252645
12.28,11.727,0.0631,0.0177,238.12789088545085,289.89482368663585,597.383837568232,230.0545348091495,203.42438046760967,200.90017868550976,358.9572605676215,1.8907004969868428
12.29,12.137,0.0624,0.0186,238.38905692687092,290.2127649544516,605.3274465539245,231.14625648048724,202.59308669647595,201.755601896319,358.602078489261,1.8647980545177791
12.3,12.559,0.0631,0.0194,239.2560216763143,291.2682003016001,613.3325831696791,232.86113754458418,203.4337831742478,202.98474924894825,359.28727237846164,1.844518388134859
12.31,12.957,0.0629,0.0198,239.64043435514097,291.73618095408466,620.7350928089219,234.06191603599044,203.20626602364268,203.8910711028042,359.295815858542,1.8227692231359234
12.32,13.193,0.0654,0.0202,241.0746805323419,293.4822197785032,625.0803519404199,235.91582305895707,206.145676330597,205.13039952591438,361.2433941416582,1.8202454718652084
12.33,13.209,0.0683,0.0202,242.43275628871692,295.13552939495975,625.4199741787875,237.21932835903507,209.50259890473063,205.95282246744912,363.36453974189425,1.830329361295197
12.34,13.093,0.0691,0.02,242.70183998671945,295.46310954904976,623.3661150996485,237.1938038616833,210.42118437146058,205.93670300319292,363.96592543528135,1.8393689798079382
12.35,13.048,0.0689,0.0202,242.60661415213838,295.34718244608155,622.5977235574231,236.9687319164397,210.1903044714686,205.83146311349455,363.894104640449,1.8411152475919024
12.36,12.861,0.0681,0.0204,242.08941660374293,294.7175506480349,619.2253859917186,236.03195475271906,209.27014569790222,205.25121208627948,363.37762837682516,1.8481225597289357
12.37,12.766,0.066,0.0202,241.092065654929,293.50338427556574,617.5233657121939,234.82620994502508,206.83261602599853,204.5458361255532,361.9551888210112,1.8454906886657791
12.38,12.667,0.0662,0.02,241.1089826744657,293.5239789080452,615.7387085394271,234.59306466292458,207.0633526294776,204.41388782405767,362.1507617569231,1.8516635282534202
12.39,12.526,0.0662,0.02,240.98405639052862,293.37189473629576,613.1612780267343,234.13312364228372,207.06092611938035,204.13047491434907,362.1947461831923,1.859398398388914
12.4,12.41,0.0632,0.02,239.53477312259605,291.60754988837783,611.0354177773421,232.44238693575213,203.5298374601211,203.11954055540124,360.0663805411784,1.854393002793304
12.41,12.24,0.0652,0.02,240.27001037000238,292.5026213200029,607.873858828196,232.75404989326267,205.88438595820975,203.28692793707867,361.5645025972948,1.871575175467126
12.42,12.104,0.0659,0.0202,240.4464743696303,292.71744705868036,605.3347416490245,232.60025882331513,206.70276063476163,203.185578516085,362.1106491903251,1.8819570209234582
12.43,12.046,0.0671,0.0202,240.93537739466888,293.31263335003166,604.2735663541731,232.9194331050746,208.10276204273467,203.39493679119244,363.02214261662635,1.8898731538336035
12.44,11.872,0.068,0.0202,241.12639468710023,293.5451761408177,600.97324918627,232.7061753363878,209.1498221181487,203.23924287349593,363.6863046030097,1.903261531283471
12.45,11.826,0.068,0.02,241.1023573682355,293.5159133178519,600.1299353535115,232.54876204064226,209.14769163897435,203.17103659692077,363.7497975201478,1.9060494840024227
12.46,11.731,0.0708,0.0198,242.18430316391988,294.8330647212938,598.3311519963274,233.38690174377498,212.38021283526953,203.66145595673706,365.71537838985364,1.9219238771152545
12.47,11.507,0.0724,0.0198,242.5403133814769,295.26646846440667,593.9894634991172,233.25149911594582,214.21818072214086,203.5192728816562,366.8014986267242,1.9409462269282303
12.48,11.28,0.0745,0.02,243.05360011118648,295.8913392657922,589.5348616826533,233.28007916221117,216.6144430476145,203.46370975286032,368.1878460791531,1.9620887930871083
12.49,11.139,0.0758,0.02,243.36295505934615,296.2679452896388,586.7564165288892,233.2801153949269,218.08806983802774,203.43261340485986,369.05722420875054,1.975341959980961
12.5,10.948,0.0751,0.0198,242.79774850726363,295.57986774797314,582.939292979387,232.2985626122112,217.31124124060193,202.81549461261037,368.63983069371363,1.9849089323653972
12.51,10.588,0.0751,0.02,242.17340384349143,294.8197959833809,575.590226875746,230.93931094509398,217.33948089325563,201.88621978602058,368.6232040604123,2.0079524456433635
12.52,10.439,0.0765,0.0198,242.4538250017597,295.16117826301183,572.5280929585168,230.91122831529637,218.93019150351427,201.82855311247843,369.54532542389006,2.0226599226019
12.53,10.398,0.0781,0.0206,243.00806249407887,295.8359021667047,571.7169375083485,231.368669102857,220.7242522020647,202.10591756813665,370.6051408928492,2.0309540897165053
12.54,10.348,0.074,0.0206,241.4048769114101,293.88419797910797,570.7106804098746,229.57913699596156,216.09607319814805,201.1083465462113,368.07734973120904,2.0202601428155194
12.55,10.302,0.0725,0.0204,240.7736510622224,293.11574911922725,569.7847241953472,228.80296892837484,214.37879927590956,200.68251537942604,367.16069083072585,2.0181425721059933
12.56,10.211,0.071,0.0204,240.04437878695825,292.22793939281877,567.9023732354694,227.84257725389784,212.65130827453922,200.12309806058698,366.21390034798515,2.0189637241768823
12.57,10.128,0.0714,0.0204,240.07336294708657,292.2632244573228,566.1798563462517,227.67648544508535,213.11441595799684,200.02551328663554,366.53311986588807,2.026159404076226
12.58,10.058,0.0717,0.021,240.08636837088352,292.2790571471626,564.7294559542994,227.51936114101665,213.46066089051956,199.93959408027675,366.7879284319256,2.0321429005562224
12.59,10.157,0.0716,0.0211,240.2911345810025,292.5283377507857,566.8905480906983,227.87287350574078,213.33286919315503,200.24283347002705,366.82170265427567,2.0252157715322725
12.6,10.182,0.0712,0.0213,240.22512312363332,292.4479759765971,567.4683883186638,227.81091412702503,212.8641129540216,200.26480836174588,366.634954256248,2.022230350778692
12.61,10.298,0.0745,0.0219,241.77781595112404,294.3382107231076,569.975640884577,229.58281743272508,216.6314445299441,201.39190199736456,368.9056945036872,2.0263742222363645
12.62,10.501,0.0753,0.0233,242.52689019667903,295.2501271959571,574.2909134767245,230.68890903259154,217.51467071612439,202.182481005025,369.54576190098356,2.015907559926323
12.63,10.671,0.0756,0.0236,243.00864140277076,295.8366069251123,577.8698083991517,231.46001654930157,217.83304551283692,202.76210943532212,369.8548809255952,2.0060804910393184
12.64,10.857,0.0753,0.0244,243.27946602521732,296.16630646548197,581.7441474295036,232.04853973711863,217.47414198428362,203.24492458589316,369.78506335983457,1.993334980967197
12.65,11.106,0.0761,0.0248,244.07260162590345,297.13186284892595,586.8504196321998,233.2914679150337,218.34881075885616,204.13347089499527,370.4296919763463,1.9807007752389711
12.66,11.333,0.0795,0.025,245.8007355439723,299.23567805353156,591.4488804870288,235.43870670416263,222.1042751397078,205.5183141780869,372.67079672453104,1.9784595358570165
12.67,11.54,0.08,0.0254,246.37751266138923,299.9378415008217,595.5988777942146,236.37999383160087,222.62940030118614,206.20720102224607,373.09915055248007,1.9678507834609476
12.68,12.083,0.0822,0.0254,248.10243116960677,302.03774229343435,606.195428310424,239.1314251218626,224.97370930617728,208.09061992805715,374.61947955361245,1.9436710871869811
12.69,12.335,0.0829,0.0254,248.77838851270837,302.8606468850363,611.0398289063057,240.26279310123672,225.70183634857113,208.9027793704847,375.1647833783027,1.9319277846435094
12.7,12.629,0.0942,0.0254,253.313054319928,308.38110960686885,616.6086097209727,245.34234166923608,237.58642864389233,211.89397740619617,381.59163384265867,1.9503717187948402
12.71,12.903,0.0873,0.0254,251.28645224232827,305.91394186022575,621.7315573289524,243.80147289851698,230.33599576149052,211.25837199681627,377.9719250285429,1.9151819516424813
12.72,13.201,0.0857,0.0258,251.11770447454967,305.70850979510396,627.2262421065734,244.18925440786896,228.60332055596902,211.67522586235538,377.2028730432226,1.8947391216760308
12.73,13.441,0.089,0.0263,252.68277358332736,307.6138113188333,631.6072973422994,246.1730252021156,232.05672436067175,212.93822886289468,379.186123812377,1.8926599314880574
12.74,13.644,0.0826,0.0263,250.53251490876585,304.9961051063236,635.2823717296637,244.44296660868724,225.2457037097045,212.1269630040476,375.6415254418619,1.8626790020864896
12.75,14.091,0.0769,0.0267,248.7312746263605,302.8032908494823,643.2021575145429,243.61207414165307,219.03626591888585,211.8991242939689,372.32862436643876,1.822188077921321
12.76,14.385,0.0715,0.0273,246.7164762579324,300.35049283574386,648.3463877914052,242.3065030759324,213.04945000009897,211.29573586550876,368.9506624640472,1.789738303748826
12.77,14.588,0.0666,0.0275,244.69285813192562,297.8869577258225,651.8762608701207,240.834306884923,207.5138995092999,210.5244988216871,365.67163263831,1.7627303130420875
12.78,14.894,0.063,0.0275,243.23095922781158,296.10725471211845,657.1151712442718,240.14693757392826,203.3935625898248,210.22884306950436,363.16719932299526,1.7353327882949545
12.79,15.251,0.0593,0.0273,241.64144247816077,294.17219084297835,663.1364166011322,239.4914092700563,199.1159662908109,209.9357167357726,360.45538736805673,1.7051441058177403
12.8,15.731,0.0641,0.0273,244.33693514016096,297.45366017063077,671.0820606317951,243.0019929886047,204.7282977326194,212.2874511589592,364.2767207934777,1.7028277056058327
12.81,16.48,0.067,0.0273,245.7612305781404,299.18758505164925,683.1614078762517,246.79377363546277,208.58711752118748,214.5470401976498,366.57673007443674,1.6793688603663786
12.82,16.94,0.0722,0.0273,248.45550634579706,302.4675729427095,690.4347655348937,250.23222863091613,214.40393890474596,216.78678856625248,370.30469693905405,1.6792504602619627
12.83,17.429,0.0765,0.0267,250.65896116995376,305.1500396851611,698.0309778727285,253.2689263779049,219.09154884224188,218.7721164401784,373.25230839585123,1.6746504118177077
12.84,18.037,0.074,0.0279,249.79123049740454,304.09367190988377,707.2897591707105,253.7235455390091,216.3284431673298,219.2970513884133,371.81118119299373,1.6435251834280415
12.85,18.571,0.0691,0.0286,247.65393695627836,301.491749338078,715.2715205317957,252.9006099838666,210.9193806451996,219.01903049570402,368.6665832760247,1.6074986434054839
12.86,18.646,0.075,0.0283,250.51124992511103,304.9702173001352,716.4275685866962,255.6089469909006,217.38775727388656,220.68927860678835,372.6988208545841,1.624838185001821
12.87,18.82,0.0922,0.0285,258.0256289536446,314.11815698704567,719.0292561660106,262.8367269408646,235.46352212584833,224.85292975478092,382.93964707404984,1.6714420570377404
12.88,18.538,0.1059,0.026,263.5937760868819,320.89677088837806,714.9432520489257,266.47399505763224,248.45178998680936,227.00836044198402,389.9317589990163,1.722092547123921
12.89,18.418,0.1167,0.0263,267.36806912142924,325.4915624086965,713.2280041088212,269.72497051693335,258.76178920871047,228.68091990770918,394.94420793724777,1.7538862548854124
12.9,18.476,0.121,0.0263,268.8799961929162,327.3321692783328,714.1397316035705,271.2317137565995,262.76082692001694,229.52209192133532,396.8934658848876,1.7621774791796634
12.91,18.551,0.1154,0.0263,267.0871410668677,325.1495630379259,715.3002911273807,269.65175652811934,257.51221735465407,228.80383285292214,394.54520353677356,1.7460481960280865
12.92,18.58,0.114,0.0223,266.6647766967933,324.635380326531,715.7702123417067,269.2745998680294,256.1830079845891,228.67278794887213,394.0013775816177,1.7416914608976177
12.93,18.209,0.1165,0.0188,267.3555584755596,325.47633205720297,710.3218079612194,269.1376495557492,258.5819594895174,228.4696216754005,395.132424804957,1.7618045842878172
12.94,17.838,0.1145,0.0154,266.49736961654804,324.43158040275415,704.8029633107197,267.54132974944014,256.74088816211224,227.51511491395908,394.2609846161747,1.7711666979573677
12.95,18.737,0.1101,0.0123,265.50578392668825,323.22443260640307,718.2096910104809,268.39654609970285,252.44549541794348,228.4367507945238,392.4771151989952,1.7266240165530946
12.96,19.271,0.1019,0.0135,262.36422724242317,319.399928816863,726.018878443253,267.4755962604394,245.12559727680357,227.94322207040688,388.7046680203182,1.683435829291113
12.97,20.403,0.0791,0.014,253.1704103937437,308.2074561315141,742.0792618767899,261.37288434077993,221.7004879255398,225.0918262391505,376.34681764622616,1.5791677857448674
12.98,19.234,0.075,0.0117,251.1418433900691,305.7378963009537,725.5917241849045,257.051380538047,217.37856026508894,222.25129310279704,373.6614820181788,1.605657806395557
12.99,18.22,0.073,0.0225,250.00278275612456,304.3512137900647,710.822401138264,253.8358240112183,215.24508546269092,220.077644967526,372.27416689605474,1.635334501725277
13.0,17.578,0.0674,0.0252,247.17079826817408,300.90358050038583,701.2124824447804,249.86065594078667,209.05374802827043,217.54467069587395,368.40539723396324,1.6401215754088025
13.01,16.642,0.0671,0.0254,246.69855926605828,300.3286808456362,686.7646714878567,247.37398582447736,208.7201207794532,215.80349561824258,368.1143603846134,1.6757489737941418
13.02,16.352,0.077,0.0252,251.55872210865337,306.24540082792583,682.2209332396463,250.2281098147387,219.06343093828335,217.77730209890746,374.7835781438736,1.7248844939456438
13.03,16.017,0.0724,0.0261,249.36005075290052,303.5687574383137,676.9037457105022,247.44409519731568,214.04533249189916,216.06795466839966,371.8096068232366,1.7235526278657758
13.04,15.586,0.0746,0.0246,250.12974112622754,304.50577180584224,669.9352654924307,247.15194581500015,216.445579603408,215.80231978262273,373.2564061298141,1.7497647601232176
13.05,15.561,0.0748,0.0281,250.24330807022963,304.6440272159317,669.5870176206687,247.1683351922985,216.6621125617804,215.84638439801952,373.4543307677586,1.7516363982263252
13.06,15.801,0.0744,0.0265,250.25796143725668,304.66186609752987,673.5578020028803,247.68050102216566,216.22827572189377,216.27242922459615,373.30871316179724,1.7400130844900161
13.07,16.162,0.0832,0.0256,254.30005133541027,309.58267119093426,679.4418792945755,252.1586349166406,225.6632027431122,219.04632292739888,378.9102688416382,1.7534432996410962
13.08,16.828,0.0795,0.0267,253.14437779627247,308.175764273723,690.0563740425995,252.52385976003947,221.7351581569415,219.54013554139217,376.861595019264,1.7142799010192828
13.09,17.565,0.071,0.026,249.2535534279391,303.43910852096934,701.4958056309086,251.44780807822627,213.07612744368421,218.88238985656724,371.551883888218,1.654252850155207
13.1,19.035,0.0614,0.025,244.84835716084214,298.07626089146004,723.4124574328538,250.69842685224933,202.35558572854993,218.82293203065487,364.88832913181966,1.5665849095724662
13.11,19.569,0.0718,0.0179,250.20367752600635,304.59578133600775,731.1316493811269,256.5501763343087,213.9247016844548,222.61559420475328,372.53494911912514,1.5849766092604458
13.12,20.112,0.0817,0.0152,254.93069795465857,310.35041490132346,738.8627737526151,261.8838575457069,224.47522257828962,225.95159809791593,378.9932297951853,1.5986313187512857
13.13,20.905,0.068,0.0202,248.46925399715496,302.4843092139278,749.9273347882131,257.8650942885685,209.80230022135743,223.82556083490482,370.2343766897241,1.528255585474514
13.14,21.332,0.0647,0.0219,246.7770235480758,300.4242025802662,755.8026585024089,257.3122142187741,206.20772286751424,223.60058561285916,367.97369430802837,1.5034573190026055
13.15,21.669,0.0498,0.0146,238.04715100779518,289.7965316616637,760.3784577413862,251.28703849045473,189.80768164658093,219.33604844615334,355.77300585724595,1.4353575430980985
13.16,22.212,0.0581,0.01,243.1388329131939,295.9951009378013,767.6462108246131,256.1114539992448,198.98892659406047,223.00068800835334,363.11077910304783,1.4532702652460632
13.17,22.267,0.0636,0.0125,246.196727361992,299.7177550493816,768.4360698393639,258.77902535828105,205.0762784512139,224.80858660003778,367.4828519333591,1.4715799669379495
13.18,23.167,0.0607,0.0133,244.17411948731097,297.25544981063945,780.2149870515581,259.5917210379962,202.2884231468257,225.268371475012,365.4373395968055,1.4333662199508896
13.19,23.616,0.0654,0.0152,246.60743561933128,300.21774771049024,786.0203017637889,262.70728066668346,207.53030209143768,227.3424533085545,369.1208037838171,1.436882222055904
13.2,23.827,0.0667,0.016,247.30939735678967,301.072309825657,788.756494231843,263.68856305872094,208.93042280402295,228.05406017425577,370.16182843001627,1.4356739081958274
13.21,23.894,0.0612,0.0173,244.66950068387035,297.8585225716683,789.6653778875548,260.9595728295046,202.63159943143404,226.57019064569016,366.12146434458367,1.4170018803068187
13.22,23.981,0.0647,0.0029,246.4447998003875,300.01975627873264,790.7852920236579,262.9094796707128,206.60908845747653,227.78551964510402,368.85857828031254,1.425960771870315
13.23,24.313,0.0634,0.0192,245.89829406459987,299.35444494820854,795.0497462415117,262.7315276983394,205.01077251568267,227.90067910733322,367.9943957546131,1.4138207816166009
13.24,24.164,0.0576,0.0235,242.99666185439017,295.8220231270837,793.2553685492865,259.48935419433826,198.4373203932577,225.9404867787913,363.48608331308014,1.399092803821665
13.25,23.549,0.0507,0.0165,239.3105026876792,291.33452501108775,785.5239922686793,254.84231373731143,190.58873928665298,222.778632334192,357.50655043901304,1.3911768929580244
13.26,23.321,0.0475,0.0077,236.98870924506116,288.5079938635527,782.646296676524,253.29010439436354,187.36940680897368,221.31257161085753,354.53144869601886,1.382098906594013
13.27,23.665,0.0449,0.0073,235.29482179537095,286.44587001175597,787.09380620832,252.6795384851469,184.5562403968367,220.7921981064227,352.05175317178373,1.3624645837938307
13.28,23.026,0.0536,0.011,240.86618739847353,293.2284020503156,778.974567803345,255.686898739087,194.12304348333257,223.227157668699,360.2472779595097,1.41438418553842
13.29,22.765,0.0686,0.021,249.2370733517779,303.4190458195557,775.673892487723,262.1242424482537,210.57377723353113,227.51980749065842,372.0295965748617,1.4754310604030676
13.3,22.52,0.0686,0.019,249.31702230883812,303.5163749846725,772.5272005280815,261.6355995682062,210.56579630367736,227.2130797780331,372.07060604589066,1.482741756226439
13.31,22.412,0.0695,0.0188,249.83705467745295,304.1494578682036,771.1669427671826,261.81743477886323,211.53189895452044,227.34911585282643,372.75921166016707,1.489079210537131
13.32,22.059,0.0737,0.0208,252.03078175709715,306.82008213907477,766.567385045042,262.9076530861533,216.0123868393981,227.98493864862516,375.6406927439631,1.5136269653929149
13.33,22.25,0.0727,0.0186,251.55730703175584,306.2436781256158,769.1469774261117,262.88287799877367,214.9541258230593,228.05703980522077,375.06928342079135,1.5047399551399485
13.34,22.835,0.068,0.0186,249.1150002596301,303.27043509868014,776.8664956806032,262.0413510343784,209.9493259471034,227.6920827398544,371.9666354912652,1.47194116788159
13.35,23.288,0.0707,0.0127,250.46948332877125,304.9193710089389,782.7599354241485,264.13153068381723,212.85986061336573,229.12393638004755,373.97951809422597,1.46805906646907
13.36,23.628,0.0661,0.0136,247.5636844599765,301.3818767338845,787.1661102261512,263.3030471871956,208.46232621774305,228.3716670130626,370.8329692739692,1.4401738983966856
13.37,24.118,0.0704,0.0186,249.73182579416027,304.0213531407169,793.4331134113813,266.1866840217284,213.1191473893627,230.29686754705563,374.011342158097,1.4409696623113646
13.38,24.4,0.0678,0.0221,248.59059463760875,302.6320282544802,797.0314727884814,265.296526660849,210.07647038891588,230.01111439832124,372.28856511973186,1.426388726342575
13.39,24.562,0.0797,0.0163,254.85660645975972,310.2602165597075,799.0931188671758,270.4350005945951,222.29368027965626,233.38978330982633,380.288134239306,1.4615462098141958
13.4,24.873,0.0834,0.0156,256.6038768069753,312.3873282867525,803.0002805751022,272.53544942613723,226.06977809231938,234.74405134951866,382.6460587280354,1.4643899839047723
13.41,25.235,0.0845,0.0154,257.0808237288292,312.967959322053,807.5033128697615,273.66482079798817,227.17619419806945,235.53779583283526,383.411763033251,1.458074692678616
13.42,25.06,0.1227,0.0286,273.01333118973884,332.3640553614212,805.451661401234,287.1088868334781,263.8773571481184,242.75064622610049,402.51622866871185,1.5619197553127924
13.43,24.77,0.126,0.0273,274.2476208982207,333.86666891957304,801.9350161073714,287.61700332375875,266.92670389535215,242.92882788022672,403.9486954597708,1.5774429628913067
13.44,24.869,0.1345,0.0083,277.26152940808714,337.53577493158434,803.1699152100143,290.48158509039115,274.541656116331,244.43960189042227,407.4802265496005,1.5936505278775173
13.45,24.616,0.13,0.024,275.73886172262627,335.6820925318929,800.1368712779703,288.5947946756579,270.5606080236811,243.44184672911692,405.727213722209,1.590838285293413
13.46,24.309,0.1555,0.0215,284.00062630629907,345.739892894625,796.3632061870305,295.5482392578156,292.8808742004685,246.69277698107777,415.3247221395676,1.6519795147432919
13.47,24.384,0.1655,0.0231,287.010150593113,349.40366159161584,797.3633410320945,298.45981973458044,301.26350088282334,248.13347701354343,418.79170739183303,1.6687784611549141
13.48,24.927,0.171,0.0217,288.76516205927436,351.54019728955143,804.1544674936858,301.04707527905805,305.6922504129398,249.6495411533592,420.72289924889463,1.663864648537738
13.49,25.475,0.1693,0.0175,288.44939767789464,351.15578847743694,810.9105457215795,301.7012359473396,304.17421246642607,250.2765249787986,420.32326429836354,1.646151098292643
13.5,26.148,0.1762,0.0246,290.5896870193721,353.76135811053996,819.1041120670413,304.869097629067,309.6826278826522,252.1042930466398,422.67251800138916,1.6407108017470573
13.51,27.642,0.1535,0.02,283.9197533872266,345.6414389061889,836.723124746754,301.46767067261493,290.53830659191675,251.28872811503754,415.41030148223433,1.5613035759386238
13.52,27.543,0.1434,0.0221,280.63661637536023,341.6445764569603,835.6433476755049,298.31957648564554,281.8869217431898,249.79546048105897,411.81705757459025,1.5437497750262803
13.53,28.356,0.1333,0.0248,277.0536179221262,337.2826652965015,845.0477084893921,296.6778375760028,272.91178800950763,249.3792923388702,408.0896592359233,1.5029333045366404
13.54,29.444,0.1262,0.0277,274.2279895659874,333.84276990641945,857.3567926190864,296.29193653339763,266.4360118954838,249.64983230154283,405.3849020501945,1.4619406807437427
13.55,29.751,0.1313,0.0165,276.11868653123156,336.1444879510645,860.7981843051052,298.4680769555502,270.9459610033444,250.89796864222444,407.585497807963,1.4662956912165572
13.56,29.701,0.1425,0.0102,280.2226903312061,341.14066649016394,860.2942207036181,301.88883425132724,280.7663962160394,252.59903365172096,412.017720612772,1.4911732177986172
13.57,29.572,0.1589,0.0069,285.79866864638024,347.928814004289,858.9204152108897,306.50988567737573,294.75150721424666,254.78574415328723,417.95842183979596,1.526476149121776
13.58,29.701,0.1424,0.0069,280.27687890653374,341.2066351905628,860.4124521863672,301.87350155745946,280.67817861522633,252.6878280528986,412.13376993079896,1.491204903928734
13.59,29.377,0.1329,-0.0027,276.9765310733672,337.1888204371427,856.8560594386933,298.3677261503551,272.41365218526664,250.89873821614557,408.49409275175066,1.4788651258429597
13.6,28.983,0.1343,-0.0188,277.6142798814514,337.9652102904626,852.4735935178956,298.13217777429827,273.70407688843403,250.68052125961938,409.0862114824782,1.4912179222562372
13.61,28.921,0.1271,-0.0117,275.00589966035324,334.7897908908648,851.8543899215335,295.7341325896305,267.3137890736455,249.5107022317048,406.235395591652,1.477052571963432
13.62,28.805,0.1036,-0.0183,265.3618531016494,323.0492124715732,850.594431199947,287.7421258761769,245.98942992138612,245.22079342008826,395.6429160570007,1.4227145075164451
13.63,28.738,0.1025,-0.0171,264.9652337248398,322.56637149110935,849.9024792522051,287.21433471332745,244.9280532812496,244.97146171533706,395.1608289794454,1.4216695221595639
13.64,28.514,0.1014,-0.0185,264.5567654895152,322.0691058133229,847.4238012306312,286.4933957235198,243.96227224047203,244.52639271827755,394.65731375627877,1.4239495069034354
13.65,28.668,0.1048,-0.0025,265.93557223112657,323.74765315093674,849.2672883759423,288.12463605351036,247.3105047302066,245.43693086573487,396.4423334144327,1.4285400470443148
13.66,28.742,0.1017,-0.0063,264.7650555014855,322.32267626267804,850.1571014518984,286.927205533989,244.13850141358975,244.96678495343784,394.97856888649335,1.4199354718842028
13.67,28.879,0.0995,-0.0158,263.93337216895185,321.3101922056805,851.7431757873875,286.17047396633643,241.83114936792202,244.73980826701597,393.944006987598,1.4120337647843555
13.68,29.469,0.1116,-0.019,268.6940690669928,327.1058232119913,858.404655208738,291.9088933788981,253.6024978151581,247.85318473964313,399.9992594603097,1.4272969469847103
13.69,29.112,0.105,-0.0071,266.1922217093337,324.06009599397146,854.5052229639673,288.79627170170124,247.2590397159564,246.21985291857985,396.8794112554756,1.4200184838020669
13.7,28.908,0.1015,0.0198,264.84719391747564,322.42267085605727,852.3349686985324,287.10555687728703,243.86229173110246,245.32930065124793,395.186570735072,1.41620591654194
13.71,28.697,0.0929,0.0127,261.38098980455067,318.2029441098878,849.998747620696,283.1579568190198,235.21528913366322,243.32570781378482,390.71516172357923,1.400222231620159
13.72,28.543,0.0813,-0.0015,255.67721644337223,311.2592200180184,848.2825232255279,278.5571931117134,224.04793882653976,240.5092179656812,384.05446068308515,1.3698661387835305
13.73,27.983,0.0746,-0.0311,252.5302424685156,307.42812126601905,841.878594766925,274.8179109066896,217.2769006187565,238.16631123319206,379.7986935688411,1.3630268677633341
13.74,27.713,0.0795,-0.0279,255.65927451441152,311.2373776697184,838.8334577893899,275.8915228815109,221.72450639544542,239.14154812499433,382.9957755528698,1.387220253684108
13.75,27.518,0.071,-0.0198,250.9093321479184,305.4548391365964,836.6524489277755,272.4969740646767,213.57247671866648,236.7147088887107,377.4566561276809,1.3629792383742878
13.76,27.215,0.0758,-0.0246,254.03164268235219,309.2559128306896,833.1695090594337,273.5333940393639,218.0062196962893,237.6723675978506,380.71921613832177,1.38811403919582
13.77,26.891,0.074,-0.0325,253.22147194934925,308.26961802529473,829.4067444613598,272.26100005236793,216.2117224803714,236.83784040185293,379.56770791492494,1.3903538936470783
13.78,26.899,0.0706,0.0125,251.07866993149992,305.660989481826,829.666675487467,271.27024554227,213.12879624677194,235.97277462837081,377.32403150050175,1.3769455160482054
13.79,26.613,0.0657,0.0173,248.5729570406547,302.6105563973188,826.3568411411576,268.6241703670696,208.00594492730283,234.2545994570316,373.8511381653073,1.3680480244939635
13.8,26.563,0.0672,0.0108,249.459179109711,303.689435437909,825.8073280599494,269.2038501976907,209.5747564062079,234.6776681800135,375.0134295581307,1.374409583230739
13.81,26.405,0.0591,0.0008,245.0060957851026,298.26829052099447,823.962884676116,265.27717029945825,201.01745503305128,232.03646222137777,368.85494171877383,1.350928369566616
13.82,26.372,0.0611,-0.0185,246.21209138860453,299.73645908177946,823.5823346043599,266.13514937536206,203.13998983053693,232.68322852186986,370.5186784213436,1.3589096772478704
13.83,26.301,0.0663,0.0135,249.19169387640142,303.36380124083655,822.8699106159643,268.36072395377204,208.61972239824854,234.22217932487223,374.5349241042867,1.3782802857382626
13.84,26.762,0.0683,0.0012,250.13681568197427,304.51438430849043,828.3796192869243,270.0771788984039,210.75739677955553,235.4362046080246,376.1018893246736,1.3735572523563995
13.85,27.02,0.0661,0.0102,248.85908004571291,302.9588800556505,831.5018245022655,269.5835855538989,208.49556651253602,235.16910740584495,374.5995138026039,1.3600290286148446
13.86,27.43,0.0704,0.0113,251.06546169683457,305.64490989179865,836.3611263896618,272.1978295567572,212.9969347454483,236.9632774851416,377.7923585101564,1.364190040688386
13.87,26.791,0.0571,0.0227,243.89949914307863,296.921129391574,828.9508899984177,265.11738124269544,198.99190880465522,232.13802290580793,367.6502894046255,1.334934954593894
13.88,26.721,0.0573,0.0231,244.08858387996898,297.1513195060492,828.1830254077979,265.09343825832957,199.19627934297142,232.16444921773217,367.87739390868956,1.3374515140826424
13.89,26.11,0.0552,0.0081,243.15893818119704,296.0195769162399,820.9210513659867,263.00172394026475,196.8375309296051,230.7226229565409,366.1001227842421,1.3452104211844302
13.9,25.762,0.0526,0.0031,241.78741572261313,294.3498974014421,816.7704333036787,261.1326595446369,193.9665229666722,229.40285216124715,363.8412168394219,1.344575439195472
13.91,25.965,0.0724,0.0048,252.91734012004446,307.89937058092374,819.2853946055761,270.45529415286643,214.97273510180423,235.88101355170977,379.36215747475075,1.407650138630889
13.92,26.065,0.062,0.0062,247.24560319301156,300.9946473654054,820.5510044355149,266.0840318954234,204.09726257606218,233.03993670251458,371.86921650809904,1.370650682595814
13.93,26.102,0.0631,0.0235,247.88944178210346,301.7784508651695,821.0956827507407,266.66399078793154,205.27164510156464,233.47462970764224,372.7920056823513,1.3735076273918658
13.94,26.389,0.0729,0.0111,253.29501071742527,308.35914348208297,824.5611776706647,271.30429187635787,215.36241912047478,236.70866786357556,379.9542839962311,1.39965956332895
13.95,27.43,0.0601,0.0183,245.66653322357087,299.0723013156515,836.9135360239038,267.71429821356554,202.31610525912478,234.2936672690441,370.70938616193575,1.330856207702835
13.96,27.489,0.0472,0.0231,237.88432627972327,289.5983102535762,837.67123891197,261.77778874681104,188.70929220141056,229.75874096972277,359.31719624909465,1.2833615419145692
13.97,27.393,0.0513,0.02,240.5126667002619,292.7980290264058,836.6047888688729,263.5724297476265,193.02504735162796,231.2822306108898,363.2856444221289,1.3007730368325365
13.98,27.468,0.0584,0.015,244.77457891265595,297.98644389366814,837.5266003809019,267.03090163301596,200.54998127543763,233.9225968502483,369.53370810467567,1.3243913196806252
13.99,28.049,0.0654,0.0206,248.54385874183603,302.5751323813656,844.3220139953208,271.21792736623996,207.95296275410024,236.89080503536954,375.1382370151409,1.3344643404982313
14.0,28.514,0.0606,0.0136,245.60622546333235,298.99888317275247,849.6852204029266,269.8790938055422,203.0446447873225,236.00163821441734,371.5515007751598,1.3077351172387746
14.01,28.232,0.0605,0.0065,245.73536289519592,299.156093959369,846.5091860074575,269.35439422002395,202.89850656196958,235.6785826216329,371.5115246267201,1.3140344673160747
14.02,28.975,0.0608,-0.0031,245.55582891463143,298.9375308525948,854.9895596833202,270.77177944653926,203.33940712167387,236.70593317010247,371.88909331917563,1.298204070518284
14.03,29.485,0.0657,-0.0046,248.12540637544265,302.06571210923454,860.7648375429693,273.8260056290212,208.46096918747477,238.88030465297254,375.77154689734584,1.3031005520985117
14.04,28.921,0.0662,0.0079,248.74907257660215,302.8249579193417,854.5259225234623,273.11081304442683,208.9086174399432,238.4140295872934,376.1561361568727,1.317492129671446
14.05,29.465,0.059,0.0167,244.3446282492371,297.46302569472346,860.7106467840251,270.8221701012836,201.58471127995247,236.827803061056,370.68541162897003,1.2813930706529963
14.06,29.913,0.0681,0.0087,249.3531172133121,303.5603166075104,865.7291838695877,275.62170934252606,210.9741607474136,240.23306833171765,377.77266498070594,1.3015911931738589
14.07,30.511,0.0618,-0.0012,245.45403770151964,298.8136111148935,872.3394714208255,273.8325905560966,204.65065189716032,239.0327198539047,373.15704174939157,1.2682846027778403
14.08,30.004,0.0637,-0.0196,246.89342769873969,300.5659119810744,866.7937612754098,273.84992435958503,206.51431714538867,239.10393997018875,374.6497775233592,1.2856836820037032
14.09,29.813,0.0731,-0.034,252.27497692750956,307.1173632160986,864.7103677255184,277.6187365083078,216.03561095635652,241.6766204945632,381.4644736636763,1.320018518591218
14.1,28.699,0.0809,-0.0135,256.94178102735333,312.7986899463432,852.3256135173189,279.00339504312853,223.79748097428768,242.43386075619225,386.4859519825727,1.369004371592816
14.11,27.584,0.0858,0.0069,259.79011119464,316.2662223239096,839.6260290105977,279.1378204862324,228.7426590383746,242.28159322163486,389.4074902507003,1.4094167326792397
14.12,27.559,0.0854,0.024,259.65213348566436,316.0982494608088,839.4339304437016,278.9419463266046,228.34103012289154,242.20372015659402,389.23815599673947,1.4089377757022479
14.13,27.48,0.0891,0.0281,261.269208640925,318.06686269330004,838.5823971632495,280.52962134500984,232.27528912292595,243.00521974222966,391.45202828014845,1.4201714728738997
14.14,27.294,0.0833,0.0238,258.79208874711657,315.0512384747506,836.4585783146058,277.6702408240587,226.27512224516502,241.4626535057316,388.09156475749876,1.4094371687442466
14.15,27.219,0.0919,0.0213,263.03870902819926,320.2210370778078,835.6325911402072,280.80906197802176,234.65995589439805,243.39121157952846,393.14269026124055,1.4364008481602644
14.16,27.335,0.1074,0.0186,269.85609455999975,328.52046294260845,837.0432104028553,286.70552415131885,249.47236222137383,246.7597434573152,401.27401398460813,1.474424996758465
14.17,27.057,0.0795,-0.0106,257.19767292910757,313.11021052239187,833.7710109877524,275.63022076040454,222.37477180810288,240.3684048911187,385.92500956640174,1.404965344514984
14.18,26.696,0.1007,-0.0048,267.2447346901143,325.341416144487,829.5752358172676,283.15466327978334,243.18056411640748,244.7053774278297,398.0002774441576,1.4736368396540305
14.19,26.986,0.1114,0.0,271.7045164320837,330.7707156564498,833.075807166567,287.4801200827156,253.2336775385078,247.19765472728062,403.36368998123237,1.4934511361185057
14.2,26.463,0.1094,0.0377,271.029253186367,329.9486560529685,827.0186214396033,285.8457544769541,251.4149445040367,246.17981871116015,402.4282754593004,1.501730816297733
14.21,26.451,0.1143,0.0336,273.04098991674226,332.3977268551645,826.9232235428241,287.508971502831,255.9655776719472,247.1089501250453,404.79779538974606,1.5141302112066617
14.22,26.364,0.1072,0.0215,270.22841620262125,328.9737240727563,825.9120194971888,284.90295886259656,249.36328387172745,245.72859959493692,401.49871442809217,1.4990901383310968
14.23,26.393,0.1072,-0.0083,270.2659700209626,329.01944176465014,826.2451213472995,284.9532386525623,249.36223775745958,245.81553933754083,401.5733966444471,1.4986082706610608
14.24,26.671,0.1253,-0.0319,277.3564378831005,337.65131568377456,829.5606889739136,291.54485863710613,265.9531452623202,249.44407807902064,409.9058465288018,1.5347619406641857
14.25,26.397,0.1172,-0.0502,274.35536111055364,333.9978309171958,826.3076222438171,288.3796422940278,258.6379464695503,247.74403433693985,406.4012260176728,1.5233083432344476
14.26,25.666,0.1104,-0.0402,271.8045053090137,330.8924412457558,817.5682860931274,284.7042424980162,252.41927937720266,245.57099140712157,403.24336064458413,1.5260471502370843
14.27,24.566,0.1044,-0.0375,269.5197997586812,328.1110605757858,804.0599442071494,280.4880502937275,246.85683980369257,242.94501342501925,400.26587020673315,1.5407947882195117
14.28,23.321,0.1058,-0.0127,270.15758713901965,328.8874973866326,788.3567553382954,278.486233128517,248.2887926958463,241.44608479457992,400.87637055092273,1.5797010126013473
14.29,23.059,0.1033,0.0165,269.1870982027832,327.7060325946926,785.0916217771442,277.0867331379108,245.92363392261467,240.62244581452603,399.66946629707405,1.5808751725406958
14.3,22.914,0.0853,0.0052,261.4831987638318,318.3273724081431,783.2270835856905,270.11180469460015,228.22311353719084,236.65982654509932,389.89520452756346,1.5354438671877761
14.31,23.512,0.0747,0.0198,256.35853319505105,312.0886491070187,791.0651136421271,267.05757761810264,217.3642292108929,234.98327355297516,383.36795113336166,1.4855870555795065
14.32,24.184,0.1038,0.0152,269.5028256755892,328.0903964746303,799.6690934315625,279.57200187460046,246.3142265354412,242.51712643109002,400.2737436868156,1.5501549225233888
14.33,24.184,0.1206,0.0085,276.06612731962053,336.08050282388587,799.7074352565147,285.2576321579068,261.9727163620788,245.6032683240884,408.228479867794,1.5914845180942745
14.34,24.085,0.1349,0.0058,281.14096686644314,342.25856835914817,798.5036926726779,289.53741147126226,274.7949781835491,247.7998257197362,414.2792385797227,1.626339943676009
14.35,24.014,0.1247,0.0165,277.6275998221458,337.98142587043833,797.6859236899671,286.24103732486714,265.7085887027608,246.13107926777212,410.1298344132229,1.6059063315047761
14.36,24.55,0.0988,0.0188,267.5498474457861,325.71285776008745,804.5012446791371,278.53487984930035,241.49696194440213,242.23617443826143,398.03807073590065,1.527272302409616
14.37,24.836,0.0924,0.0163,264.75626106911653,322.3119699971853,808.1175489705779,276.7309391144758,235.25859677117253,241.34223813486855,394.6910497848809,1.502112763988102
14.38,24.446,0.0945,0.0092,265.78476417465004,323.5640607343566,803.2844333870734,276.7595661998667,237.32939415966644,241.289018986421,395.86912071042605,1.5187820896078217
14.39,24.425,0.0985,0.0098,267.55789075874316,325.7226496193395,803.0775581856565,278.19635184302433,241.21624098745804,242.13753074618657,398.0758417156279,1.5303171769071735
14.4,24.62,0.1013,0.0063,268.76403488552023,327.1909989910681,805.5671794515382,279.59705519128204,243.89847620891203,243.0265147878237,399.6227695919115,1.5324701521564015
14.41,25.035,0.1147,0.0035,274.17286475534536,333.77566144129,810.7760412398572,285.05828556335274,256.4624791212763,246.18468211368815,406.25080924072023,1.5548892984611018
14.42,25.679,0.1176,-0.016,275.2921239050933,335.1382377975049,818.689225871567,287.2746666679107,259.0657642601194,247.64708510691213,407.71979399359975,1.5447200465243958
14.43,26.372,0.1158,-0.024,274.5635901278438,334.25132711215764,827.0983838339007,287.998244471099,257.35226315542263,248.32833412523468,407.0546390442066,1.5224702370562324
14.44,26.891,0.0966,-0.0123,266.468775314673,324.3967699482976,833.3648583845078,282.2079307659273,239.28362814333067,245.35448740623252,397.7007162867296,1.4607448610849525
14.45,25.658,0.0757,0.01,256.8944292042693,312.7410442486756,818.6651633379188,271.74689781404686,218.54725115551457,238.8658838399643,385.2272795853831,1.4318754345633722
14.46,25.674,0.0758,0.0148,256.97988089773395,312.8450723972413,818.9279055265375,271.82832271585784,218.65355180782083,238.95945650542285,385.3626168400187,1.431853148598563
14.47,25.753,0.0812,0.0304,259.69917703559355,316.15551986941824,819.9835308504187,274.19821524579663,224.14051472038784,240.48081345458004,388.90247184421366,1.4463373239870485
14.48,26.032,0.0823,0.0352,260.1952915747603,316.7594853953604,823.4328296295981,275.17035381068297,225.25553099220267,241.16970639039724,389.68252971886477,1.4424618359878587
14.49,25.214,0.0852,0.0373,261.8505313473533,318.77455990112577,813.5145927513164,274.78599715425173,228.1481268178573,240.80069293165138,391.41670186699355,1.4725973559913133
14.5,25.201,0.0868,0.0294,262.6479969210727,319.74538755608853,813.3904674860083,275.3909131621195,229.74408190167034,241.20117789271808,392.4315500417284,1.4777470792214527
14.51,25.782,0.0845,0.0231,261.45365093162144,318.29140113414786,820.5425273524706,275.59643762256314,227.45901236358148,241.5016273059001,391.19809007584115,1.4558340826802227
14.52,26.044,0.0832,0.0244,260.7914625151431,317.4852587140873,823.7766285156792,275.5794108350622,226.16724511782908,241.58873808418485,390.5076792887646,1.4453073549500495
14.53,25.791,0.0853,0.0275,261.91400350255304,318.85183035093416,820.7745248911805,275.9454204446527,228.26085890516953,241.79529815155604,391.81512286560445,1.4581299188432664
14.54,25.716,0.086,0.0267,262.3070946466562,319.3303760915815,819.9160351308905,276.0860689668662,228.95857142914747,241.90419040975192,392.29146032625755,1.4622398008189819
14.55,25.77,0.0851,0.0331,261.9042551280136,318.83996276453826,820.644586356172,275.8448470332557,228.06608674272525,241.81228721912868,391.8295471330873,1.4582845952315313
14.56,25.467,0.0857,0.0263,262.3084350825068,319.33200792653,816.9850423875126,275.512658330118,228.66284508054383,241.58774216177653,392.22143633565435,1.4681494122732108
14.57,25.629,0.0819,0.0233,260.47824267257215,317.1039476013922,819.0143377407965,274.32161283965473,224.86709938588268,240.9458782601048,390.0017389979765,1.4528052722338833
14.58,25.82,0.0823,0.0296,260.6589590474615,317.32395014473576,821.4112815550222,274.85100460169144,225.27610262593208,241.34721920767606,390.33802799268483,1.449077544488667
14.59,25.392,0.0818,0.0361,260.57295609255425,317.2192508952835,816.255670444436,273.85290711892173,224.76524033535094,240.6911230486246,390.04833724299334,1.4589075025236047
14.6,25.347,0.1023,0.0113,269.9126140175082,328.58926923870564,815.6972989734137,281.5073450123767,244.82106973760148,245.1845046492677,401.6186915304147,1.517494813759883
14.61,25.235,0.1019,0.0169,269.8001572302449,328.4523653237764,814.3877026252649,281.15709638745994,244.44673904889865,244.99516680887666,401.4705827941779,1.5195426915901926
14.62,25.276,0.0806,0.0252,260.1376036893939,316.68925666534915,814.9684716019801,273.16921841883243,223.55931158212326,240.3748371348383,389.48885749645416,1.4587720622622031
14.63,25.06,0.0801,0.0279,259.9872670301668,316.5062381236813,812.363204883931,272.56246103438946,223.0487809930211,239.9996001211724,389.216512485969,1.4631260491338482
14.64,25.019,0.0845,0.0344,262.16456931106785,319.15686698738693,811.9263826862714,274.24705872907515,227.47742283841131,241.0561530909351,391.99472026339714,1.4774437433002257
14.65,24.985,0.0817,0.0258,260.86708952953654,317.5773263837836,811.5383528757935,273.07511545895807,224.6674909044945,240.38144433429568,390.34477372072246,1.4702009116828056
14.66,24.998,0.0771,0.0175,258.63152015039793,314.855763661354,811.7338417991358,271.2400469661334,220.0031025041485,239.29131598377248,387.4835036448804,1.4559704139286083
14.67,25.089,0.0805,0.0167,260.33583081134935,316.9305766399036,812.9141030023305,272.80522327966264,223.46383702037483,240.32118419909025,389.7411079805346,1.4640564470695392
14.68,25.114,0.0988,0.0186,268.7783106243714,327.2083781514087,813.2829616236085,279.8538678362696,241.49240692274594,244.52337475282403,400.33100594738727,1.5153923612419222
14.69,24.869,0.0916,0.0204,265.6843944798352,323.4418715406689,810.3025480364255,276.7216037977745,234.51561964676043,242.69565711101623,396.45194505248327,1.5024933213012435
14.7,24.62,0.0868,0.0229,263.5686713806434,320.866208637305,807.2548486403689,274.40821303693446,229.77878133125787,241.30963250621457,393.72603828055355,1.4957319189906253
14.71,24.33,0.0871,0.0311,263.7975848644295,321.1448859219142,803.6846985116555,273.9635860014015,230.07805385209372,241.01280463617437,393.9359116218263,1.5046749785787907
14.72,24.284,0.0848,0.0235,262.77202173853874,319.89637429039504,803.1388916309063,272.98191190937877,227.7829400628215,240.45796215775792,392.62980270460633,1.4993923624944776
14.73,24.076,0.0826,0.0252,261.8049437066895,318.71906190379593,800.5627259582042,271.7098408328226,225.56904742997705,239.68214061701772,391.3327371772726,1.4987683054908179
14.74,23.84,0.0843,0.0208,262.6863989414574,319.79213784177426,797.5988839962898,271.9131481277788,227.27883176989945,239.79267489010863,392.4092803040105,1.510617366599825
14.75,23.213,0.0866,0.0117,263.86293761175233,321.22444578822024,789.5503508253895,271.53607107479064,229.58325098281836,239.4535570302588,393.77475858581215,1.535570106412099
14.76,23.342,0.0853,0.01,263.292628053769,320.5301558915449,791.2721066726624,271.3028180418681,228.28137564698017,239.3891602584888,393.08475379952483,1.5281278539000887
14.77,23.491,0.0893,0.0013,265.1456683262368,322.7860310058535,793.2283589211868,273.14859472162675,232.2739605011184,240.56702002516107,395.5199384736572,1.5355946223262413
14.78,23.491,0.093,0.0077,266.83000043330105,324.8365222666274,793.2980225499932,274.54877869151534,235.92351206857305,241.42443133084126,397.68099951865946,1.5461152051211449
14.79,23.91,0.0962,0.0317,268.23318129229966,326.54474244279965,798.7880959646326,276.5977632218164,239.03332543634136,242.76605741534485,399.554431337899,1.5428955583234012
14.8,24.035,0.0961,0.0252,268.2205129784374,326.52932014766293,800.4173670426679,276.8172096326075,238.9328211006257,242.97308912400655,399.5841530082612,1.5392308136053021
14.81,23.512,0.0964,0.0283,268.4227382800276,326.77550747133796,793.7812791529191,275.8712870949703,239.24146277929086,242.3127249983927,399.7493281072249,1.5550885943284278
14.82,23.387,0.0952,0.0215,267.95235050739353,326.2028614872617,792.202282889963,275.1787523112496,238.07872651728948,241.92058309553744,399.15131614751107,1.5555838467343643
14.83,22.927,0.0885,0.021,265.0617237018601,322.6838375500906,786.2657481444237,271.7274764506373,231.4884295140511,239.8177674859433,395.3918027749702,1.5503338820911712
14.84,22.927,0.0849,0.0258,263.4602811285841,320.7342552869719,786.3307953985466,270.3498833876967,227.88502975300963,239.0373618375969,393.3300266989367,1.5398972424794788
14.85,22.972,0.0793,0.0427,260.8505199732085,317.557154749993,787.0165749733345,268.2395763723311,222.20223234341375,237.79903065790907,389.92845927296236,1.5216505632754074
14.86,22.756,0.0756,0.0431,259.1035021382454,315.4303504291683,784.2358459992777,266.2905092850935,218.38129591779946,236.5800799757913,387.5527808299257,1.5165294432546603
14.87,22.711,0.0714,0.0383,257.0308868406789,312.9071665886526,783.6828344295084,264.4473982321535,213.99596063160078,235.43728713242575,384.74354858954047,1.5044118220389313
14.88,22.528,0.0684,0.0392,255.53960249169748,311.0916899898926,781.3197730044016,262.7900996402353,210.81182994016444,234.37061202519922,382.64473122392087,1.4999468786746852
14.89,21.955,0.0777,0.0325,260.3071034577924,316.8956042094864,773.7039449997825,265.47023662278093,220.51966604679487,236.03059930902413,389.030985952959,1.5477278333017326
14.9,21.831,0.0839,0.0356,263.26330023819514,320.4944524638898,772.0919379559408,267.67574070485176,226.8678819622183,237.39001672523747,392.98328719967327,1.5706962089378058
14.91,21.523,0.0889,0.0144,265.53143752927036,323.25566307911174,767.9071449857129,268.9182601827673,231.90341171514788,238.0901661390759,395.97731718010624,1.5953153126248043
14.92,21.22,0.0853,0.0429,263.9466976801563,321.32641456714686,763.8890184060415,266.8941221890993,228.28318254514554,236.83487800539712,393.8805698103595,1.594308552913628
14.93,21.129,0.0803,0.0386,261.68843040817507,318.5772196273436,762.6752170041857,264.73834851520104,223.17747483670192,235.5485350792308,390.8535058630635,1.582183058785834
14.94,21.142,0.0831,0.0425,263.0216973531689,320.2003272125535,762.9156878658362,265.87827372067454,226.04766274435897,236.28448618784066,392.6672406556186,1.590430213299868
14.95,21.316,0.0875,0.0315,265.05386700978806,322.67427288148116,765.3277087551844,267.9606966235663,230.5025390531229,237.62294029018915,395.40071135928275,1.5981535223986563
14.96,21.428,0.0876,0.0334,265.14711344189635,322.78779027709123,766.9168427645315,268.2527045732862,230.60256231303126,237.86908536014772,395.541673343435,1.5949891417251032
14.97,21.245,0.0954,0.0346,268.51777558742356,326.89120506295046,764.4628978837352,270.74666880104314,238.34206079256654,239.3078629632261,399.9943523712671,1.623096916303856
14.98,21.245,0.0987,0.0379,269.9171336826743,328.5947714397775,764.5225079794712,271.93737322947004,241.5589268938696,240.02882585173955,401.8344564891231,1.6322039052188884
14.99,21.113,0.0981,0.0388,269.688804655779,328.3168056679049,762.7579780834769,271.4326466995004,240.98122794671664,239.73663049992058,401.5653291474016,1.6349419363412774
15.0,21.071,0.0965,0.0185,269.06390093167533,327.5560533081265,762.1724425673426,270.76120330268196,239.42276650866864,239.38537891638777,400.7695018718458,1.6321832258493534
15.01,21.22,0.0947,0.0138,268.3795985436336,326.72298953138005,764.2639110275675,270.4481129526841,237.65367022775433,239.2985341862552,399.87797451283524,1.6225572986202235
15.02,21.009,0.1104,-0.0044,275.1021389934327,334.906951818092,761.3521561926847,274.7005406037373,251.85162573591833,242.06102739328313,407.97075079269376,1.674379846182833
15.03,20.942,0.1051,-0.0015,273.09349059675804,332.4616407264881,760.4818441482623,272.79944868437804,246.90222302380172,241.00833332572452,405.4284909794983,1.6631086280939804
15.04,20.88,0.0976,-0.0194,270.1141297375915,328.83459272402445,759.6212507371727,270.0866477449749,239.763963233798,239.47393335589265,401.60391694000504,1.645309381611559
15.05,21.092,0.0942,0.009,268.30875027670663,326.636739467295,762.6874647586274,269.9974152307827,237.16352709794103,239.16198688242454,399.85412318261444,1.6257869616153668
15.06,20.951,0.0971,0.0077,269.5262059917528,328.1188594682208,760.7823625801418,270.73011050136205,240.00743171739148,239.57739934339443,401.48089939232835,1.638491462896207
15.07,20.602,0.1003,0.0238,271.2866417261703,330.26199862316383,756.0112787230668,270.39256583996416,242.32904083219395,239.68686536611915,403.1943697741253,1.6620164536171924
15.08,20.025,0.1083,0.0246,274.28719263295886,333.91484320534124,747.9051868487591,271.6737198250939,249.85008270239098,240.27799616244548,407.21956050706916,1.7028434804842367
15.09,19.027,0.1123,0.0288,275.40271926287335,335.2728756243676,733.5053125727632,270.45239614552304,253.53108717896427,239.2788304368236,409.0579539485653,1.7485325770477362
15.1,18.443,0.1101,0.0163,274.3578363102368,334.0008442037666,724.834824133934,268.2248190959115,251.47167500162615,237.86005083968936,407.9814603210123,1.7648669654715778
15.11,17.95,0.1058,0.0323,272.5650825513915,331.8183613669114,717.4685195608889,265.5342040939201,247.42023647563218,236.19512830595593,405.86058651548905,1.7726094966499426
15.12,17.652,0.0912,0.0461,266.8064012390282,324.80779281273,712.985811119941,259.7746003704825,233.27490959302543,232.7829227955881,398.1181364878244,1.743908139795167
15.13,17.4,0.0767,0.0481,260.4793894340493,317.1053436588427,709.1349914673918,253.69437680990382,218.46833213256159,229.0288286672712,389.28033556053776,1.7090504323451694
15.14,17.491,0.0692,0.0433,256.9993751924178,312.8688045820739,710.5802382950675,250.92051952885555,210.50849685422796,227.2934550215092,384.18660827714086,1.6801212254878497
15.15,17.284,0.0609,0.0467,252.74453010863482,307.68899317572937,707.4144638080044,246.82715301279316,201.3487150638008,224.55180135668144,377.8878835283107,1.65799261029632
15.16,16.89,0.0564,0.0458,250.2354118997486,304.63441448665054,701.2567397179291,243.7437604440991,196.15505684916616,222.4267602230228,374.134188744345,1.656264278619468
15.17,16.373,0.0536,0.0452,248.5438290234436,302.5750962024531,693.0259453475212,241.02390852805343,192.76877482243248,220.53979254717663,371.6422486511078,1.666120739991846
15.18,16.737,0.0505,0.0488,246.91493088909266,300.59208977802587,698.9253971897581,240.5688816569342,189.26865573558766,220.18824837669513,368.89656146566546,1.6383043852456785
15.19,17.073,0.0557,0.0456,250.01198545499915,304.3624170756512,704.2851437628894,243.93126960073658,195.40870697916964,222.66373121921325,373.74392346244014,1.6465010206750872
15.2,17.718,0.0546,0.0381,249.1125099729912,303.26740344538064,714.3509318181593,245.66927387788962,194.8464549745558,223.52651455347953,372.9404542527033,1.613805340510185
15.21,18.385,0.0584,0.0229,251.39823734958932,306.05002807776094,724.5036472420961,249.1168488568392,199.33215691509287,226.01890895447295,376.38226166193573,1.604149207127968
15.22,19.176,0.0551,0.0346,249.70294555646217,303.9861945904757,736.335644459034,249.51393560956598,195.74927508870445,226.34027234496895,373.72554137819856,1.5632890043969743
15.23,21.054,0.0588,0.0188,251.83453906528266,306.581177992518,763.0870656274304,255.56627697089752,200.28828906607652,230.68900681755957,377.2198686592033,1.5153337988595048
15.24,21.955,0.0774,-0.001,261.5189528304886,318.3708990979861,775.395234207522,265.54745353753697,220.25321854282095,237.48378340123804,391.1277452703825,1.5509287624250794
15.25,22.686,0.0782,0.0154,261.90138908410256,318.8364736676031,785.2521197688319,267.4427642088844,221.12018028789723,238.8537926584921,391.8108988483473,1.531302222233519
15.26,23.425,0.0895,0.0219,267.16926856806253,325.24954434372836,794.9940445651428,273.3996404056381,232.5086829343501,242.70636037470348,398.90701716537654,1.5433560373045738
15.27,23.676,0.0954,0.0299,269.8005940449876,328.4528970982457,798.3091311304861,276.115528826016,238.27672266936557,244.41507576865166,402.32980074684144,1.5526638562012922
15.28,23.927,0.0964,0.0379,270.25709542081466,329.00863790360046,801.6031666513928,277.00281535817606,239.24027333870882,245.04306570691023,402.9737450624698,1.5482751039437972
15.29,25.197,0.1204,0.0388,279.9133015466505,340.76401927418317,817.6473503897056,287.772021765579,261.5508651622291,251.51815275652234,415.0173699945069,1.5732608711268692
15.3,26.314,0.1378,0.0427,286.2262188666977,348.4493099246755,831.3674586890554,295.38212263141537,276.7994600783502,255.99214250920846,422.5698122979386,1.5820510049076129
15.31,27.198,0.1339,0.0477,284.85193520282587,346.7762689425706,841.990516036334,295.908705932262,273.3422872356379,256.6474996187929,421.16815595318116,1.5512071975817971
15.32,28.099,0.1286,0.0394,282.8370064508595,344.3233122010464,852.5706902541215,295.94570775240476,268.6383560025912,257.0385393450185,419.1330052482686,1.5175178529154316
15.33,30.585,0.125,0.0436,280.8882707189229,341.95093826651487,880.6910026451816,299.19787548306545,265.3064881458627,259.63025204823396,417.9198362241464,1.4516296051084416
15.34,31.623,0.107,0.0306,273.0588458358902,332.4194644958664,892.0174258123203,294.76774129356886,248.98640356682515,257.58262712920134,409.72596351116675,1.3870582945002425
15.35,32.648,0.0998,0.0135,269.2448097620469,327.7762901451006,902.9735219323125,293.9127803260523,242.42471327649338,257.3233136259392,406.195104154197,1.3470340053974796
15.36,33.935,0.1014,0.0012,269.33382916440524,327.88466159144986,916.4414757757388,296.5139917318801,243.9102179107222,259.1486925830328,407.21940146552816,1.3250711895043936
15.37,34.819,0.0898,-0.0123,263.16465014913376,320.3743567032933,925.520767161026,293.50997212814747,233.12869076400426,257.5470860076235,400.98082793580966,1.2774497139003558
15.38,35.442,0.0892,-0.0171,262.4893229439051,319.55221923605836,931.8628119124619,294.2149452315608,232.59652674974092,258.1086688601065,400.7500398280854,1.2640110542648204
15.39,35.43,0.0983,-0.0306,267.08033399206187,325.14127616424923,931.7750914927221,297.6513686720755,241.0717898505122,260.2325079798521,405.90876565973394,1.288390174456883
15.4,35.218,0.1006,-0.0546,268.3643920701522,326.704477302794,929.652339149979,298.18683804015564,243.19149270842044,260.5543517100264,407.1798649335272,1.2985173366004332
15.41,35.77,0.1048,-0.0511,270.05536352435365,328.7630512470393,935.2606057819213,300.5453749134648,247.03720339455867,262.0738389321354,409.46504203382904,1.298585694305122
15.42,36.422,0.1173,-0.0498,275.38536054705014,335.2517432746697,941.8013303272785,305.9012175986593,258.2534262781549,265.27321425828,415.6310033152465,1.3162529334025133
15.43,36.961,0.1091,-0.049,271.39857617801374,330.398266651495,947.1650924693155,303.8424231052638,250.92484775216718,264.2883985742335,411.84600326407497,1.2870395151162821
15.44,35.151,0.224,-0.0438,312.295622649021,380.18597539880824,929.2365438194786,333.72579787696293,344.1221217259238,278.5783638847712,452.12622925725645,1.5340354638645888
15.45,35.193,0.2303,-0.0438,314.0035742422354,382.26522081663444,929.7202168617218,335.2431155838484,348.7143447527442,279.31872054703217,453.83778430360957,1.5423031657821467
15.46,34.986,0.2227,-0.0436,312.0550543557346,379.89310965045956,927.686756290267,333.16304569980946,343.16416819154,278.3553783730779,451.91650419053497,1.535596170413623
15.47,35.102,0.215,-0.0463,309.9871697136516,377.37568486879326,928.9148245589099,331.55475015625836,337.4526549855955,277.72585375356635,449.93860795573113,1.5221337822059144
15.48,35.455,0.21,-0.0463,308.576468090832,375.6583089801434,932.5328578575303,330.9416002435844,333.6839567957022,277.6335260682677,448.6709270969877,1.5078563342931879
15.49,35.201,0.2205,-0.0411,311.56982999178695,379.30240172913193,930.0444557904523,333.02467630694184,341.50415624548936,278.52164440553963,451.5755175109199,1.5285025346937124
15.5,32.964,0.228,-0.035,313.73642786830203,381.9399991440199,907.0729190301378,330.9507840238981,347.17045695836424,276.7173396841667,453.397060823462,1.5844345601125147
15.51,32.117,0.2255,-0.0115,313.1269010333037,381.19796647532627,898.203614516068,328.9016777790978,345.40591246752126,275.479256424713,452.73433267909337,1.5987479875858397
15.52,31.453,0.2202,-0.0087,311.7817523397143,379.5603941526956,891.1265167883437,326.5097889861252,341.5642014941938,274.1592454981597,451.3405045354883,1.6055298752378855
15.53,30.0,0.2172,-0.0038,310.9342179718766,378.5286131831541,875.2365445489644,323.1506685956565,339.46976434587697,272.0372108915224,450.45209147398185,1.6337100790107475
15.54,29.975,0.1974,-0.0015,305.70789579367295,372.16613400968885,875.0187386476257,318.4472069134916,324.58349525385006,269.903391619822,444.9590142236127,1.6040529208577183
15.55,30.581,0.1663,-0.0048,296.4794970440993,360.93156161890346,881.7835568731581,311.5566130966818,300.1013949476042,266.90577543831114,435.2871832057468,1.5375293269755583
15.56,30.901,0.1452,0.0123,289.344059623976,352.24494215092733,885.3908238129275,306.1411634404277,282.6713030429876,264.360012556575,427.7791756457854,1.4900661300867732
15.57,30.32,0.137,0.0292,286.5507491618231,348.8443902839586,879.0881574963206,302.67976837625804,275.74180222363185,262.41633684473925,424.5679865142943,1.486267962245013
15.58,29.767,0.1218,0.004,280.91188836574037,341.9796901843796,872.9287244265313,296.916711683121,262.5138671225074,259.2257559776194,418.13749015131174,1.4658463796466061
15.59,27.841,0.1211,0.014,281.13921017587927,342.25642977933126,850.9840238825677,293.24129850163746,261.9830128987825,256.6638015451411,417.6853364637733,1.51009397010949
15.6,27.671,0.1168,0.0102,279.5148103214569,340.2788995217736,849.0405102185883,291.5241904440564,258.13282836071573,255.7147599163803,415.77544043005037,1.5044016684459094
15.61,27.572,0.1036,0.0155,274.086149673025,333.67009525411737,847.9451693741235,286.84123939166494,246.0326179267716,253.09648901476584,409.39913741007297,1.4745287470485087
15.62,27.472,0.0992,0.0208,272.2203980339609,331.39874543264807,846.8353529065988,285.0956408068467,241.90801830738832,252.09940346287337,407.15086455193483,1.465679068804942
15.63,26.916,0.099,0.0196,272.3213760094102,331.5216751418907,840.2982698282317,284.0002390686754,241.7199277371756,251.36086074902133,407.0483793859244,1.479192652696891
15.64,26.687,0.0879,0.0285,267.3251278158299,325.43928603666245,837.6348298160045,279.4585502728388,231.0642566848017,248.63020073023986,400.84348083132716,1.454666547911225
15.65,26.476,0.0875,0.0359,267.23587850741836,325.33063470468323,835.1699557423602,278.91960537520356,230.66749270239256,248.29628407194207,400.6471321179934,1.4589787810077364
15.66,26.355,0.0757,0.0329,261.44743917367197,318.2838389940354,833.7557173568924,274.01872841653847,218.95220172239755,245.21055743679943,393.22300777360766,1.4270818403106482
15.67,26.032,0.073,0.0327,260.1861134224958,316.74831199260353,829.8903896589275,272.3002856731959,216.18593536440648,244.082074916838,391.3983036806862,1.4270115561397985
15.68,25.7,0.0741,0.0308,260.91130194461425,317.63115019344343,825.8797638130167,272.1302717141255,217.27084256922535,243.97723675452815,392.1860847721201,1.4392351610285932
15.69,25.563,0.0783,0.0219,263.145455749693,320.3509896083219,824.225719202135,273.5861802005782,221.50602491908413,244.95106366672616,395.0551399693982,1.4560377814368608
15.7,25.139,0.075,0.0229,261.62244394728816,318.4968882836552,819.0314438238223,271.42716127875934,218.13288151625142,243.53317059737267,392.86460855571914,1.4571857863355697
15.71,25.135,0.0731,0.0142,260.67715732461716,317.34610456909917,819.011640652258,270.6373265726657,216.19710471909698,243.05250689304745,391.6189088367723,1.451431570253388
15.72,25.052,0.076,0.0012,262.2364381707946,319.24435951227167,817.996680411347,271.6719380607771,219.14412614894408,243.7656255222304,393.65833315733767,1.4629873881050655
15.73,24.915,0.0783,-0.0283,263.4742832720354,320.7513013746518,816.2625359365792,272.3308116491051,221.46003823194815,244.21987382311988,395.234604459963,1.4740817614523354
15.74,24.965,0.0866,-0.0221,267.53367813154523,325.69317337753336,816.9549439747359,275.6999141730532,229.73440430018942,246.38534281485693,400.51568738233215,1.4975401145310772
15.75,24.334,0.0843,0.0369,266.5984021702727,324.55457655511464,809.2039472148763,273.5844908034089,227.431926256929,244.97414545917812,399.10512182891875,1.5079895614248977
15.76,23.732,0.0814,0.0504,265.34254824487647,323.0257109068062,801.585006622702,271.23879353507084,224.5009557217442,243.42681722888642,397.2831302449984,1.5163568575728705
15.77,23.877,0.0781,0.0363,263.74438679361816,321.08012305310035,803.4657968731833,270.2219463358956,221.18104332452273,242.84778962448982,395.2326901939601,1.502325561427717
15.78,24.218,0.0741,0.0494,261.6961230797937,318.5865846188794,807.9126967219464,269.2951609302232,217.13747693786485,242.32732683441407,392.64476940306145,1.4802228307400154
15.79,24.516,0.0741,0.035,261.6653470020114,318.54911808940517,811.7088810128373,269.89304650030266,217.1706725345185,242.79722046390944,392.74324894108156,1.4721643320332716
15.8,24.774,0.0736,0.0321,261.3798475957257,318.20155359479656,815.0043244709866,270.2042841369076,216.6894163944748,243.06968320108345,392.490984669232,1.4636419474136113
15.81,25.318,0.07,0.0415,259.361222469857,315.74409691982595,821.8678931688124,269.77427657482133,213.06566406535006,242.86104149355918,390.06559082833456,1.4374969936548125
15.82,25.251,0.0681,0.0359,258.3950917948116,314.56793783716194,821.0741479956754,268.84017499700144,211.0980708040224,242.25712020060473,388.72724526028395,1.43317440117017
15.83,25.442,0.0671,0.0231,257.82439365273035,313.87317488158476,823.4602935854089,268.78395754881547,210.09416061884255,242.26510603259538,388.06406955283444,1.424986347937794
15.84,25.654,0.0657,0.0315,257.01459667546015,312.8873350831689,826.1465536948358,268.59850862686267,208.67984057494093,242.1731668413357,387.0874232137679,1.4148241420180834
15.85,25.753,0.0652,0.0231,256.2081071667262,311.90552176818846,827.3937562156433,269.13661665412064,208.7042479718984,242.19641854394146,386.7759604231063,1.4075263401740417
15.86,25.558,0.0721,0.01,260.5941049949774,317.2449973851899,825.014557727865,271.1446501292032,215.26153781921008,244.00268398539183,391.90765268577803,1.4386363478484803
15.87,25.886,0.074,0.024,261.5243039576104,318.37741351361274,829.1288703038442,272.5765442796398,217.236529123924,245.02240240123498,393.3349359103061,1.4361235916861463
15.88,26.015,0.079,0.0215,264.09110447470664,321.50221414312114,830.7502374232793,274.8642600835618,222.2850112012896,246.575283774365,396.77025778156957,1.448352828476183
15.89,26.14,0.0773,0.0404,263.22417212383994,320.44681823771816,832.3703919872282,274.43094377533953,220.59644836661036,246.34353455159211,395.72683073280956,1.4399344532655556
15.9,26.223,0.074,0.0361,261.5237098972937,318.3766903097489,833.4201685831581,273.2437293854238,217.28260567238317,245.60811857150824,393.56058822160094,1.427674896414407
15.91,26.164,0.069,0.0329,258.90921505305397,315.1938270211092,832.7476176384356,271.0423332019862,212.18519566546064,244.1495924724205,390.05307254375265,1.4133045651916145
15.92,25.982,0.0619,0.0323,254.81762022211433,310.2127550530088,830.5807928900157,267.858407938731,205.02718848290212,241.75817568025576,384.6269507394711,1.3929214443882856
15.93,25.882,0.0667,0.0279,257.82637927493704,313.87559216079296,829.3992714446506,269.53294431759787,209.78042497662443,243.1688499527512,388.43011111125,1.4132236956810016
15.94,25.621,0.0781,0.0306,263.9824828205962,321.3699790859432,826.2529446311846,273.78994176337574,221.3611754632766,246.0579752445355,396.51310445850623,1.4565068077964836
15.95,25.413,0.0771,0.0463,263.5719041742184,320.870144212092,823.7747347464338,272.99570165603376,220.33858996613407,245.54939155473303,395.8883232472535,1.458961883743926
15.96,25.064,0.0816,0.0459,265.94848636465093,323.76337470479245,819.4861272623989,274.1166019716269,224.81880093506487,246.26035645539332,398.84097503092426,1.4821161627257287
15.97,24.994,0.0806,0.034,265.5120305412316,323.23203718062973,818.6324033988532,273.58517441620586,223.81717630843062,245.95222083739304,398.25701956483323,1.481176759906454
15.98,24.662,0.0865,0.0494,268.4620306317903,326.82334163870127,814.5518047453287,275.2338778495353,229.64720441254806,246.96566443777732,401.95532163394915,1.5077271226290754
15.99,24.334,0.0852,0.0529,267.9432223454434,326.19174894227893,810.4570857555492,274.0827726999146,228.3486748016966,246.22317481782838,401.1885632179882,1.5131315744023945
16.0,24.093,0.0834,0.049,267.1643443581371,325.2435496533843,807.4228104622514,272.9019105968127,226.54983931396265,245.47781399985595,400.11026185663013,1.5147151313942624
16.01,23.915,0.0809,0.0494,266.02562366378606,323.8572809820004,805.190617471464,271.5658850825652,224.04067115921163,244.63966651197174,398.5714907812954,1.5123548127900743
16.02,23.811,0.0739,0.0444,262.58847306808514,319.6729237350601,803.8885749766138,268.5369095412147,216.93247157838084,242.6987106392522,393.95925034695875,1.4936587219218627
16.03,23.798,0.0725,0.0444,261.9072967120739,318.84366556252473,803.7706051413707,267.93772302179946,215.4942762045553,242.3367186438451,393.0413807710916,1.4896365133769567
16.04,23.753,0.0664,0.0402,258.71692974119327,314.95974055449614,803.2286384509808,265.2681674874539,209.1508293185847,240.55148721050386,388.6320616423086,1.4708543486101837
16.05,24.184,0.0658,0.0334,258.3197722145136,314.4762444350601,808.7959095939176,265.8904396107362,208.59604930820433,241.03531851998048,388.2866098542368,1.456902610512936
16.06,24.122,0.0677,0.0277,259.40763772472405,315.8006024474902,808.038667472674,266.5869970262348,210.57285601353786,241.55801936135717,389.78018977049777,1.4651650743368245
16.07,24.276,0.0654,0.0304,258.1498594400301,314.26939410090625,810.061762198801,265.9149169100131,208.19785659244565,241.12858433371963,388.1121067086159,1.4532298136660877
16.08,24.205,0.0569,0.0286,253.36504266817832,308.44439976995625,809.2013786993109,261.98971548765206,199.1790689165813,238.29887605802628,381.2023918236719,1.425417066949052
16.09,23.545,0.0541,0.029,251.9306666979712,306.6982029366606,800.7529816178328,259.3503001060916,195.9904502636019,236.40093413491473,378.6919989322633,1.4335073489245846
16.1,22.964,0.0528,0.0311,251.33540799764114,305.9735401710414,793.2027352451602,257.5310520273187,194.4118923242942,235.1174579743926,377.4860124956988,1.4452132073178743
16.11,22.632,0.0495,0.0409,249.43359837315387,303.6582936716656,788.8781425011597,255.2641910918564,190.68033265134991,233.4117513848211,374.3506165243516,1.4421169372565041
16.12,22.242,0.0487,0.0302,249.05895434540838,303.2022052900624,783.6785178354629,254.03645815174127,189.6635276903472,232.55369249834072,373.56911301465,1.4505562542009567
16.13,21.876,0.0379,0.0434,242.18662428617438,294.8358904353427,778.8121377238073,247.85042486497468,177.37351980436011,227.25979536740013,361.6014058061157,1.4166769478589285
16.14,21.519,0.0382,0.0413,242.4859772532901,295.2003201344401,773.9760225947877,247.20160785122633,177.53005809720247,226.90948174678275,361.9849122122405,1.428630315196203
16.15,21.411,0.0353,0.0285,240.5825719826023,292.883131109255,772.5025252610768,245.45714471511653,174.17934818437885,225.30291306033243,358.33136983635427,1.4193814172809753
16.16,21.129,0.0316,0.0436,238.122847092706,289.8886834172073,768.6900443380786,242.88481184878663,169.82344095516086,222.85435003054758,353.23102659281125,1.4113513629553622
16.17,20.996,0.0227,0.0442,232.22125118505002,282.7041318774522,766.8874780962195,237.9868640854805,160.1199049050709,216.6591424851003,338.4001621410981,1.3766832896496457
16.18,21.034,0.0225,0.0454,232.16189602984838,282.6318734276415,767.4674771462402,237.96660035001287,159.94806551177794,216.59366447275372,338.0684710482218,1.3750980762591207
16.19,20.934,0.0285,0.0436,235.6374427426377,286.8629737736459,766.1140539530718,241.2329891128859,166.5362373096016,220.7716431463469,348.66097988190387,1.4004657184606564
16.2,20.054,0.0279,0.0465,235.76021335994608,287.01243365558656,753.7078576649524,238.35626814904109,164.8679414503118,219.06101290562648,347.64171840760747,1.4274249710179066
16.21,19.925,0.0349,0.0509,240.6574206546884,292.9742512317946,751.9115784171145,241.7785586295907,172.86737437134423,223.00026087531046,357.9461629581764,1.4639024939664742
16.22,19.942,0.0406,0.0381,244.52245323336965,297.67950828410216,752.1655081415985,244.8044114524521,179.54216528019128,225.88443943172246,365.1146787214871,1.4891096949840266
16.23,20.1,0.0401,0.0256,244.21975423935342,297.311005160952,754.44577983022,244.92372438783985,179.03651125107282,225.94752407894123,364.60511765762544,1.4819718572048004
16.24,20.295,0.0474,0.0325,248.92468290921738,303.0387444112212,757.298529385393,249.0762593277919,187.54858232995656,229.46389665336244,372.70385354989764,1.5068222507047495
16.25,20.623,0.0508,0.0348,251.02378767554148,305.5941763006592,762.0021889174756,251.4979068404108,191.52203655159428,231.36007260413143,376.17864957314544,1.510099521982958
16.26,20.814,0.0488,0.0121,249.82417714266,304.1337808693252,764.6723626061212,250.96648366989214,189.32642879350405,230.93586106950752,374.3033036570552,1.4962205959893198
16.27,21.847,0.0506,0.0169,250.8288596566644,305.3568726255045,779.0118352913973,254.1687126147705,191.6906536651526,233.2923382908975,376.26331103777073,1.4714727411579636
16.28,21.831,0.0504,0.0348,250.74442737447725,305.2540854993636,778.8900343913718,254.0516990416456,191.46693420245234,233.2308975300016,376.12606750537,1.4711690005033837
16.29,21.914,0.044,0.0454,246.74530426915572,300.38558780592876,780.0957985515238,251.1209160030614,184.33174553412178,230.78223516343124,369.6119277934542,1.442907281940341
16.3,22.038,0.0376,0.045,242.5431065996227,295.2698689038885,781.8247865374177,248.17450096153104,177.18657614389528,228.0149705113943,362.20722857558513,1.4124145152298777
16.31,22.661,0.0419,0.0486,245.288893857386,298.61256643507863,790.2491621543926,251.73260558055736,182.31154551595145,231.03829678385517,367.4747436941597,1.4126647833853028
16.32,23.487,0.0418,0.0509,244.81086972783484,298.03062401649464,801.1810374018397,253.67872800735876,182.75256026193838,232.22599064989262,367.51493703798883,1.3878383424644378
16.33,22.769,0.0431,0.0411,246.11484535245577,299.6180726029896,791.7612781138392,252.5744265119385,183.70183173617156,231.81798449852846,368.9535135986694,1.4147704786985515
16.34,23.284,0.0502,0.0592,250.5133728725797,304.97280175792315,798.6484344275632,257.1407556548498,191.74049556604257,235.5681629137604,376.4612101960139,1.4284019027647645
16.35,23.163,0.0483,0.0515,249.400114296912,303.61753044841464,797.0893049089037,255.97859136729966,189.6170605299755,234.67878092459176,374.6212050243799,1.4245753700697015
16.36,23.23,0.0634,0.0436,258.3385874328324,314.4991499182308,797.9964522759436,263.0702759863242,205.96463868161683,240.17847050471835,388.17476416186366,1.4787245883775642
16.37,23.578,0.0665,0.0448,260.00398201396933,316.52658679961485,802.5920698873215,265.1481869102266,209.29562742486277,241.689929580286,390.694625251853,1.4794946355097869
16.38,23.628,0.0645,0.0467,258.93373834677953,315.22368146564463,803.2950562407431,264.39392583531304,207.20720778453645,241.19262567191254,389.21296082474214,1.4713357557682938
16.39,23.362,0.0638,0.05,258.64244247567706,314.8690604051721,799.8867336830599,263.5429392409871,206.42058873120985,240.62255351000147,388.68868038430514,1.4766010447424367
16.4,23.238,0.064,0.0507,258.81597757931723,315.08032053134275,798.3129794603911,263.3770842511882,206.61037175915075,240.54147527316317,388.89155859444463,1.4809692277859037
16.41,23.051,0.062,0.0484,257.77732697970106,313.81587632311437,795.8958636042162,262.1098007543307,204.4531980252568,239.6700937484103,387.32635633020004,1.4795104511474848
16.42,22.835,0.0603,0.0496,256.89747792414784,312.74475573374525,793.0908465563173,260.90235419940313,202.59277722523984,238.83415970587615,385.9615671730096,1.4798649567238122
16.43,22.42,0.0592,0.0442,256.3837797224421,312.11938400992955,787.589057543336,259.52220803832233,201.31728573195045,237.88074770017943,385.04597180097113,1.488299845362316
16.44,21.528,0.0631,0.0472,258.7112676206881,314.95284753822904,775.5285146554854,259.30653523990617,205.32674345136545,237.78994941796176,388.19591244295356,1.5296298010014324
16.45,20.635,0.0741,0.0502,264.46135130239804,321.95294941161507,763.1385367433306,261.93255364693067,216.81462531810723,239.55757009281277,396.32746443657675,1.595799811167497
16.46,21.839,0.0753,0.0456,265.12261258178137,322.7579631430382,779.8769440839264,265.14638778886166,218.1970477602261,241.8849317464683,397.383812310552,1.5612693888008304
16.47,22.291,0.0752,0.0404,265.0899169329865,322.71815974450533,786.0345428541814,266.10091273939616,218.14740290926352,242.61373278809083,397.43646739400094,1.5471780155230561
16.48,22.843,0.0759,0.0275,265.4304502825461,323.13272208309957,793.4247705651878,267.5740051229163,218.9281742603963,243.69827000941706,398.04862950977287,1.5329833458163051
16.49,22.665,0.0779,0.0321,266.47468989294117,324.4039703044501,791.1176416323298,268.0018242902006,220.94549339913846,243.99110755846766,399.43496911227,1.5446669612946633
16.5,22.806,0.0896,0.0325,272.00336046294757,331.13452578097963,793.0422103568196,272.8061731612156,232.60990135137794,247.10355732022526,406.8485739087843,1.5754732133382034
16.51,22.752,0.096,0.0363,274.8528654354195,334.60348835616287,792.3822181437787,275.023887960543,238.80267075039322,248.47965826726306,410.5697707081269,1.5950616229292696
16.52,22.885,0.0931,0.0363,273.63461237271036,333.12039767112566,794.195493501672,274.2721770478145,236.01485934566676,248.09771847969432,409.0161265824828,1.5831800538342986
16.53,23.242,0.0886,0.0398,271.6494467655144,330.70367432323496,798.9611262157474,273.38496442411093,231.6552666618593,247.6726544545152,406.4991062649918,1.5599506328573307
16.54,23.375,0.0819,0.0265,268.54008486401074,326.91836418227393,800.717089543878,271.1119047267802,225.04262187730066,246.3051488163785,402.4434908206038,1.5365315011383804
16.55,23.537,0.0846,0.0356,269.84600009441806,328.5081740279872,802.9036918118728,272.5033447072822,227.73955258538,247.25641386533226,404.22647489951345,1.5399356307845316
16.56,23.761,0.096,0.0309,275.03472248584455,334.8248795479847,805.849219370537,277.197647705488,238.83073823073576,250.2474303412563,411.01595297502195,1.5658958971265278
16.57,23.86,0.0959,0.0331,275.0241076261379,334.8119571100809,807.1837523266393,277.3749241698613,238.73808439593992,250.41766864691175,411.0356873133355,1.5628723602644998
16.58,23.873,0.0956,0.0256,274.93058257032163,334.69810052039156,807.3805263649033,277.2962966512831,238.45144654128904,250.4141894557648,410.9326779253024,1.5618355648336326
16.59,24.413,0.0973,0.0313,275.67050832877334,335.5988797045937,814.3703609858042,279.0303793642493,240.08801190943637,251.63203498765574,412.00639480484296,1.551187739444574
16.6,24.637,0.095,0.0077,274.67357427680525,334.38522085871944,817.2049175071398,278.6580976440523,237.90624229663044,251.50555242554842,410.81748569104684,1.5389410298528183
16.61,24.471,0.0925,0.0388,273.61217682969374,333.09308483614893,815.2250239425019,277.4278138330534,235.50352371836354,250.7472576122005,409.43759767559425,1.5366200715518947
16.62,24.392,0.0888,0.0367,271.9700595042786,331.0939854834696,814.2621532941395,275.9010397948316,231.9202928421901,249.82457071256238,407.3227992604855,1.5285359131578333
16.63,24.612,0.0901,0.0298,272.5761540450331,331.8318397069968,817.0901451565672,276.8366198250025,233.1951118982914,250.49160788853646,408.1823337510069,1.5262381321909932
16.64,25.006,0.0819,0.0417,268.6445943030303,327.04559306455866,822.139941432682,274.5176088336578,225.198097597735,249.1261858802892,403.25891786815356,1.4916389236695962
16.65,25.089,0.077,0.0181,266.21345509588815,324.0859453341247,823.1707641735894,272.73894815602137,220.32403294003504,248.01349584408763,400.10827053106703,1.4747263894020763
16.66,25.799,0.0752,0.0211,265.1210857509197,322.756104392424,832.0484364222074,273.4138043058177,218.60585796312895,248.565223349484,399.0227985266396,1.450324541941918
16.67,26.239,0.075,0.0038,264.9117458560456,322.5012558247512,837.4476006642275,274.18141224396896,218.46379653706526,249.15775718226334,398.9951680424064,1.4384605571495408
16.68,26.725,0.071,0.0185,262.64140131461426,319.73735812213914,843.4246594416079,273.4703924382282,214.51032540376815,248.72470109473173,396.2763293565882,1.4134847677469633
16.69,26.55,0.0725,0.0275,263.55152706925537,320.8453373017022,841.3826303491403,273.77162243127555,215.99960494335633,248.96255413684617,397.39575800748224,1.4227411411207485
16.7,26.492,0.0636,0.0423,258.2424741583353,314.3821424536256,840.7658949695867,270.3635927607779,207.35066482108613,246.23425283180035,390.73966224836016,1.3924837889461403
16.71,26.584,0.0618,0.0465,257.37394409630326,313.32480150854315,841.9397494563393,269.58444633951325,205.35320923353436,245.81175459025488,389.3529678147741,1.3851369207938806
16.72,26.596,0.0654,0.049,259.2157928785725,315.5670522000012,842.1407803023893,271.4420779861044,209.3101260192329,247.02676485124388,392.29003890090974,1.395611971954392
16.73,26.347,0.0882,0.0419,271.693031535603,330.75673404334276,839.1537048842115,279.6136637756881,231.47531041445538,252.93496892525394,407.8763790868079,1.4753508273394813
16.74,26.65,0.13,0.0417,289.13246013433013,351.98734277222803,842.8754167738527,294.3597387658801,269.6590703445212,261.6854259180982,429.0744755854639,1.5715764254430666
16.75,26.65,0.1544,0.0442,298.1168326659074,362.92483976719166,842.9312901379578,300.6068801180726,289.1213805182595,265.49238251971036,438.84364189756735,1.62505736135845
16.76,26.634,0.162,0.0369,300.58590681648155,365.9306691678906,842.7701513637882,302.57497436058594,295.1961992018062,266.57448946269193,441.65816350364213,1.6401533150007346
16.77,27.094,0.1837,0.0356,307.1605700674728,373.9346070386626,848.3464579182861,308.9569258771577,312.0706962157365,270.08023609974975,449.0596894703546,1.6669958753087002
16.78,26.38,0.1724,0.0481,303.82077620007925,369.8687710261835,839.8180685537749,304.6870961648642,303.3302091516013,267.6739757638054,445.3478887942216,1.6660860680585723
16.79,26.115,0.1715,0.0188,303.55902144947436,369.5501130689253,836.5641455591534,303.8832535243445,302.603002772856,267.2132586136347,445.0787953582206,1.67183114798037
16.8,25.957,0.1627,0.0519,300.91541299466144,366.3318071239357,834.7578621412774,301.33079755813776,295.67425313213806,265.8591536168888,442.08814478626357,1.6599131393013764
16.81,26.094,0.1568,0.0448,299.1169807653503,364.14241136651344,836.4693717978345,300.08550154514944,290.97154615602,265.29021087434165,440.05379975028103,1.6451902130775011
16.82,26.131,0.1632,0.0507,301.1720848631983,366.64427722476313,836.9858063048522,301.8354229185416,296.0654321011842,266.2708899191471,442.4195461915541,1.6564054569950157
16.83,26.239,0.1637,0.0227,301.3786109322982,366.89570026540656,838.2860575631479,302.1843977543396,296.459572040195,266.5407748430128,442.6755901563196,1.654712749534786
16.84,26.289,0.176,0.0246,305.120638812848,371.45121246781497,838.949766992015,305.3787819048185,306.05292476035913,268.26618932849715,446.9379970446871,1.6757261942161694
16.85,26.065,0.1643,0.0154,301.62937699890864,367.2009806943236,836.2389617113831,301.9658733537637,296.90433577254856,266.4543578088128,442.9974658546097,1.6607733602925319
16.86,25.645,0.1521,0.0113,297.77948827561187,362.5141596398753,831.1050171320155,297.8697553478411,287.1127370578625,264.17842193824157,438.5894073264703,1.6489954161925429
16.87,25.529,0.1726,0.0475,304.122575604953,370.2361789973341,829.8056408085016,302.90220692727814,303.34092916373356,266.8351690616387,445.9100126901231,1.690522424835095
16.88,25.953,0.1574,0.0313,299.58917414247384,364.71725547779425,835.050779627023,299.9495450048066,291.38822483750783,265.4738596796682,440.71779442919194,1.6510501119100314
16.89,26.733,0.1296,0.0181,289.5833785359953,352.53628691338554,844.5655684689447,294.462816977799,269.2688676838465,262.3855712837785,429.881603252339,1.5703602927883349
16.9,27.547,0.122,0.0056,286.6500752509996,348.9653090012169,854.3174301547276,293.6725777658105,262.62691536916805,262.24601246996184,426.6762009468864,1.5328228136091349
16.91,28.705,0.1156,-0.0306,283.8862610200241,345.6006655895946,867.8286422855141,293.75955674679506,256.9565983320568,262.67160848618397,423.8903135096193,1.4898605059114545
16.92,27.181,0.111,0.0129,282.3725014915934,343.75782790280937,850.0806461885885,289.40496912050344,252.8124487893711,259.7820574012064,421.5514598206416,1.5162405384917381
16.93,26.413,0.1198,0.0554,286.0563890144962,348.24256053938666,840.9774361470081,290.81013371531634,260.68619293771656,260.3982891759835,425.7266166759136,1.5568109477364933
16.94,26.455,0.1146,0.0429,284.0366967299088,345.78380471467153,841.5066317266572,289.2131526750881,256.04772282408106,259.5429230166983,423.34594561201453,1.543639623528191
16.95,24.794,0.0924,0.0458,274.8334299168992,334.5798277249208,820.9804823799542,278.2371328127185,235.42535424551676,252.61764599826174,411.52404071711123,1.531138199940255
16.96,22.769,0.0913,0.0581,274.5226704835966,334.2015118930741,794.7793000391151,273.58588871611795,234.24088504108903,249.3301584863337,410.68613521309027,1.5865022160112654
16.97,22.063,0.0843,0.0532,271.36843938348323,330.36157837989265,785.3110450211052,269.4294647550836,227.3257542254792,246.60436596814512,406.4152203332367,1.5879350636102283
16.98,21.963,0.0894,0.0465,274.2951518072637,333.92453263492973,783.9775598866038,270.40055160751996,231.5618010904479,247.68808363368808,409.5777780965888,1.6097996566047514
16.99,21.91,0.0863,0.0367,272.9185706536355,332.24869470877366,783.2735359942119,269.1550266261751,228.54998740055441,246.91813085814732,407.75644788534106,1.6025525208181965
17.0,21.453,0.0846,0.04,272.16903953025246,331.3362220368291,777.0484136450983,267.46379057037194,226.80295402484052,245.8038268454067,406.70029849794537,1.6122250398100004
17.01,20.838,0.0824,0.0484,271.1576268400021,330.10493702261124,768.5340842206427,265.18487913255694,224.5140596984539,244.28165272329554,405.2826563170835,1.6258178714535143
17.02,20.083,0.084,0.0486,271.8564323665411,330.9556567940501,757.8253766566971,263.92353352406616,225.9403972961907,243.41485407579526,406.2466210410848,1.6565360389124777
17.03,19.623,0.0763,0.0496,268.20979356956565,326.5162704325148,751.1969796423272,259.8744224649134,218.12863520021472,240.71505323687416,401.1914927665974,1.6485030751075724
17.04,19.42,0.068,0.0596,264.0702760810731,321.47685783782805,748.2932788950538,256.07355772691045,209.50291248657305,238.10718321081896,395.25808729806437,1.6277355281528016
17.05,19.238,0.0674,0.0536,263.7759677773831,321.1185694681185,745.6337799247999,255.36366298926484,208.8189897306281,237.6484584582248,394.834046109248,1.6322998673357356
17.06,18.944,0.0649,0.0559,262.4654092310649,319.52310688999205,741.3125263426012,253.5765069584392,206.08295822754093,236.41782900784375,392.9122328428366,1.634120302622161
17.07,19.006,0.0583,0.044,258.9015480725961,315.1844933057692,742.2454156095868,250.90841256571028,198.97909980438774,234.47119470790764,387.53911194721616,1.6074903846685666
17.08,18.617,0.0607,0.0577,260.2320921714477,316.80428612176235,736.4918745832838,250.95070050725823,201.45949576049253,234.59627277292438,389.57497117578026,1.6308542058810314
17.09,17.578,0.0616,0.0531,260.54413261685266,317.18416144660324,720.5487202537971,248.54959694826644,202.08561207036948,232.98658610533676,390.21302694037627,1.6740027117852563
17.1,17.619,0.0621,0.0427,260.8580101059873,317.56627317250627,721.1991397349392,248.8716417994731,202.6417728506723,233.25912668852365,390.6878817917978,1.6744769894733835
17.11,17.677,0.0761,0.0567,267.9052052941713,326.1454673146433,722.1901601575039,254.68067001162106,217.4339976416749,237.3794313229701,401.2202429504739,1.7214366645135728
17.12,17.838,0.0766,0.0392,268.2355968362166,326.54768310495933,724.6818037754529,255.30590976721805,217.98270082474266,237.85741966703094,401.64827714032896,1.7170225608173162
17.13,17.876,0.0945,0.0536,276.0652245446708,336.0794037935123,725.3574265402826,261.84080380792733,235.6811602092451,242.15315947425577,412.83195280629815,1.7701583033598807
17.14,17.901,0.113,0.0615,283.1085659575566,344.6539063831124,725.8109269818749,267.83513089987326,252.8341057922933,245.8627139360195,422.6063144703458,1.8184249508671728
17.15,18.186,0.1137,0.0529,283.5761540696972,345.22314408484885,730.2164178374738,268.84016594947485,253.4980339074789,246.58889986568252,423.0575933247191,1.8092370836575016
17.16,18.596,0.1159,0.0582,284.6387372298678,346.5167235841869,736.5167670458842,270.6377593643834,255.51733639697116,247.81578525667564,424.24543647162585,1.7990375160935113
17.17,19.205,0.1157,0.0627,284.934172233084,346.87638358810227,745.689741850678,272.22520479151984,255.41820385186978,248.97302427492684,424.31388407709403,1.7759609575403004
17.18,19.739,0.1239,0.055,288.102891597473,350.733954988228,753.5590280357279,276.06154186633904,262.6937803561304,251.42357708845046,428.2578088954675,1.7763347222619796
17.19,20.527,0.1285,0.0463,290.06532855564774,353.12300867644075,764.924940447278,279.4219420223112,266.7534116345067,253.65203199349133,430.4801866843154,1.7594624327005395
17.2,21.005,0.1285,0.0519,290.29432485936303,353.4017867853116,771.7380209769528,280.6340951044221,266.8033177218958,254.53538030677123,430.6168769931321,1.7433453534915748
17.21,21.573,0.1613,0.0548,300.86563834597206,366.27121189944427,779.6932046264669,290.8076980821166,293.81852574935266,260.4244020772303,443.6859960290246,1.7920931471637769
17.22,22.154,0.1677,0.0586,303.0203084958324,368.89428860362204,787.7004577535993,293.8366238813412,298.8910757703741,262.3109328424959,446.0892788499788,1.7853430928106109
17.23,24.047,0.1798,0.0484,307.23046420555426,374.01969555458777,812.7699321980241,301.29129550459766,308.38484440158226,267.00871966080507,450.4871845082566,1.7492798952001192
17.24,24.562,0.172,0.0542,305.2259731595719,371.57944558556574,819.4349551551852,300.61226794887926,302.44710144356185,266.8836812902027,448.03333938930706,1.7207381390202452
17.25,24.865,0.1717,0.0611,305.2589783218336,371.61962578310175,823.3448600355811,301.23139716808316,302.23423172535735,267.3596511585198,448.0380419330799,1.7116556278752983
17.26,24.969,0.1779,0.0513,307.1100224972699,373.8730708662416,824.6806143736482,302.96405573693517,306.99505892950816,268.35242995182966,450.18883229972755,1.719852097199199
17.27,25.6,0.1736,0.0509,306.0581170528702,372.5924903252333,832.6239878476084,303.33719493713863,303.7492225003069,268.8154801964069,448.90780487151153,1.6948492646963482
17.28,27.459,0.1607,0.0348,302.3219025469719,368.04405527457453,855.2238221371333,304.05389859208464,293.84311111000903,269.8515389972882,444.71999079879475,1.6221423351250537
17.29,28.501,0.1578,0.0415,300.84338754722387,366.24412397053345,867.5408233576961,306.1840449263246,292.62675207975354,270.93653116646726,443.85566097993114,1.5874765859116815
17.3,28.12,0.1647,0.0296,303.6716727605684,369.68725379547465,863.1150514010848,306.4456791968619,297.034347760634,271.41785499769446,446.35283829250795,1.6131537098186894
17.31,28.319,0.1806,0.0648,308.5901966471144,375.67502200518277,865.5744547765447,310.83864980272716,309.31239594269346,273.8238045620059,451.8222324835597,1.636514479578236
17.32,28.834,0.1707,0.0654,305.060195151243,371.37762887977414,871.6025723505251,310.2694011385261,302.87916742396834,273.29760308184416,448.64829842456527,1.6033111801041473
17.33,28.539,0.17,0.0644,305.4536766027014,371.8566497772017,868.2341605782954,308.6655982976743,301.17945841924706,272.8439097187446,448.44005619108566,1.6126211567652902
17.34,26.845,0.1687,0.0632,305.05365029899514,371.3696612335593,848.2290276110048,304.83361871553535,300.0098360738982,270.3213536656718,447.85530807649803,1.653410622882839
17.35,25.201,0.1531,0.0644,300.0436814419422,365.2705687119297,828.0572407387151,297.2651373569391,287.5228579279639,265.7664642134489,442.0992620144557,1.6685549865571867
17.36,25.056,0.1484,0.0594,298.5405992517867,363.4407295239143,826.2694592534176,295.69212252821626,283.70524972583013,264.90182468521067,440.3562744315803,1.663440626609275
17.37,24.815,0.1468,0.0627,298.0273564014165,362.8159121408549,823.2812109945995,294.7293939853,282.37216592711087,264.3378123083985,439.768767464575,1.667116838342396
17.38,24.653,0.1212,0.0654,288.99230306342315,351.81671677286295,821.278647274056,287.04860158955574,260.8306305363808,259.96305068688935,428.9903516713733,1.616215908428447
17.39,24.462,0.1373,0.065,294.8628630976456,358.96348551017724,818.88908515114,291.3290214323867,274.49412409640814,262.4161768199062,436.04123398432057,1.6576955204487362
17.4,24.508,0.195,0.0652,312.1999832477956,380.06954482340336,819.5238220908908,305.86429500850636,319.6004151149828,270.2861052765202,456.4614368028538,1.7632923820630355
17.41,24.35,0.364,0.0631,345.3764622172754,420.45830182972657,817.543735971003,335.481489391236,429.18779740029504,284.43769282261934,495.091097047341,1.9751565724413336
17.42,25.052,0.4006,0.0561,351.49939013380686,427.91230103246056,826.4930427879306,342.41423120485996,450.25402986385427,287.93040184876725,501.474430870369,1.9888543849468179
17.43,25.355,0.473,0.0617,361.3732706678886,439.93267733482094,830.3569343343581,352.4271196448217,489.5985415959613,292.4806450386931,512.5426540068538,2.0393548540067648
17.44,25.247,0.2889,0.0627,333.56888932466484,406.0838652648094,829.0542900654918,325.9357477962471,383.6980616394198,280.6260600759178,480.7779571754254,1.8712613155705575
17.45,25.708,0.2943,0.0473,334.94615425312577,407.760535612501,834.8111171175202,327.96311678164045,387.1875715278262,281.8359430060463,482.0712581758158,1.8650190993228202
17.46,26.073,0.2161,0.0427,318.39176227226073,387.6073627662305,839.353732928344,314.03388321571254,334.95118419762207,275.3049194257742,463.2142178333155,1.7533474006711207
17.47,26.737,0.2139,0.05,318.10026965439926,387.25250218796435,847.5189735010227,315.0531857738193,333.45327617068057,276.1130740152517,462.7515649785219,1.732442895523892
17.48,27.563,0.287,0.0631,334.7561080482995,407.52917501532113,857.5029304007635,331.03253723376866,382.82828675380114,284.2205996306331,480.95650093946136,1.8079625771299086
17.49,28.991,0.4312,0.0629,359.7309346746146,437.9333117777917,874.2508384839257,356.19539430293474,468.2747977783559,296.1812943339231,507.3580583398343,1.9139193142254958
17.5,29.913,0.4405,0.0598,361.7934203016762,440.44416384551886,884.8078074371659,359.55688919158933,473.63880916305766,298.0943517247909,508.95890121257844,1.8998958111823945
17.51,31.362,0.4151,0.0682,359.09311482056773,437.1568354337346,901.0046895786841,359.37744581143426,460.0418455670202,298.7034155157443,505.2942933424338,1.8459678208893942
17.52,33.072,0.4049,0.0506,358.4518946099504,436.376219525157,919.4706723956333,361.5832692354935,454.7684878380327,300.42251321163195,503.9333510466793,1.8004347041910946
17.53,31.922,0.3988,0.0302,356.9626792304242,434.56326167182084,907.1342506216547,358.26542686667705,450.9430124224522,298.5663415174467,502.8807557204872,1.8198694506716424
17.54,31.523,0.3781,0.0213,353.4524532645874,430.2899431047151,902.8184398170189,354.382928687172,438.916232181282,296.7575445977398,499.4338261066802,1.8099921957249956
17.55,31.494,0.3638,0.025,351.0779582899892,427.39925357042165,902.5601447826995,352.1658799333266,430.52889598452595,295.81709835175224,497.0051662886405,1.797222387262606
17.56,33.786,0.3652,0.026,352.270196145259,428.85067356814136,927.1590884066112,357.1196774244686,431.8873510577391,298.96736727493203,497.5836585019743,1.74972438309007
17.57,36.783,0.4035,0.0388,359.8196102347516,438.0412646336107,957.828957641317,368.77764488985713,454.84901780732395,305.21268232014404,504.4666493848416,1.7259825692491384
17.58,22.599,0.3576,0.0559,343.251699221173,417.8716338344715,795.3244907545692,329.72042416076306,424.3725637394192,281.7435032555987,494.89317694365076,2.0236278431567345
17.59,24.799,0.2702,0.0675,330.2982800661397,402.10225399356136,824.1168817843428,321.51393636139835,371.23121806226504,279.0166565477465,477.5841669311609,1.8633539765283182
17.6,26.579,0.2366,0.0667,324.0857161326413,394.53913268321554,846.2644753875926,319.37181313703513,349.08146640287146,278.7707040120265,469.7188214247451,1.770879428370199
17.61,22.217,0.2162,0.0669,317.05450486955186,385.97939723249794,790.3277645926121,304.72302355939803,334.23249298985326,269.68366770571225,463.6962505367065,1.8681458424044501
17.62,24.064,0.203,0.0429,315.0096213905533,383.4899738667606,814.7785455206283,306.53732832771306,325.05962760917834,271.42297189572884,460.25218179917414,1.7919288095138186
17.63,22.175,0.2055,0.0692,314.5983018245854,382.9892370038431,789.8520467389303,302.39211667611505,326.57799850386914,268.5614727858406,460.7724652211254,1.8534979399170075
17.64,20.096,0.2078,0.0682,313.5182304352187,381.6743674863532,760.7590945608529,297.2966706986573,327.8799149762371,265.06769049005817,461.1697667325559,1.9267617933684644
17.65,21.507,0.1489,0.0661,298.97094012748477,363.9646227638945,780.7617351438258,287.47339310832984,283.42991869701984,260.4081717346966,441.8995593101434,1.7758972499124628
17.66,22.188,0.1316,0.0665,293.62365793269777,357.45488791806685,790.154435571567,284.4694192004997,269.2353886528941,258.9527281720243,435.0237244562694,1.7176291270416801
17.67,22.578,0.1321,0.0698,293.93314573502056,357.8316556774164,795.4816474509455,285.55122970393865,269.7029085372348,259.725879230265,435.356708714219,1.7065404069726369
17.68,23.043,0.1338,0.0694,294.6594011134363,358.7157926598355,801.7406468341331,287.1338477021485,271.1860531003563,260.80707456648315,436.20923002885854,1.6960034106908415
17.69,23.155,0.1343,0.0723,294.89348691008274,359.00076667314426,803.278764605173,287.5397814481316,271.6125921086857,261.1110905881303,436.4988965782518,1.6937733336413567
17.7,23.213,0.1326,0.0721,294.35542256913357,358.3457318232931,804.0907707046406,287.19700889670895,270.1880877821702,260.97013284493045,435.84700031901224,1.6884270241443529
17.71,23.856,0.13,0.0677,293.56785486998524,357.38695375476465,812.5562156979169,287.93841271662825,268.075853555384,261.60975821444947,434.876469832324,1.6635801420058327
17.72,24.313,0.1284,0.0702,293.0675389734276,356.7778735328684,818.5163542444352,288.51164745044383,266.7753856523875,262.0972019873783,434.2999049420888,1.6467475029403813
17.73,24.77,0.1237,0.0702,291.37957621741157,354.7229623516315,824.4024235704718,288.1440768509183,262.82026432384504,262.0299183524427,432.32084770405135,1.623088657378562
17.74,25.247,0.121,0.0705,290.37393514460354,353.4987036543,830.4749225913274,288.3747848098876,260.5548087836053,262.31089073051317,431.2046848693535,1.603527229506394
17.75,25.807,0.1051,0.0711,283.3674563049336,344.9690772407888,837.5082835751974,285.17396913285535,247.31190369711544,260.1226650948749,423.5085188603947,1.5462747486095882
17.76,26.21,0.0891,0.0682,276.1426429324965,336.17365226564795,842.5174830188271,280.3110179451545,232.39873339382436,257.19473072699043,414.61936496801457,1.492951607409523
17.77,26.189,0.0732,0.0696,268.1829675073167,326.48361261760294,842.3100637530671,274.1096185079529,216.87904902908306,253.04308373974575,404.21385469012245,1.4462162216050816
17.78,26.048,0.0724,0.0694,267.83925924582957,326.065185168836,840.6220724094713,273.5134270335958,216.05633281725213,252.65544577731896,403.6781416449841,1.4474531235351409
17.79,25.882,0.0753,0.0663,269.46425622791213,328.0434423644148,838.6116987066949,274.3635476995679,218.92066667728972,253.28671271623395,405.782955650416,1.461026643994217
17.8,25.662,0.0743,0.0573,269.04351131865315,327.5312311705343,835.90702332254,273.52757910435827,217.88960040633805,252.73447505274387,405.1103243928412,1.4638577844420628
17.81,25.953,0.0787,0.0567,271.27396321599605,330.24656391512565,839.558966332433,275.86007957483974,222.2947486517746,254.39660136415435,408.2436424598713,1.4698672482673882
17.82,25.218,0.0757,0.0627,269.97228009452266,328.6619062020276,830.4608337035185,273.2130161425823,219.21374622582434,252.56981942552116,406.15754609917064,1.4802908560668107
17.83,25.193,0.0747,0.0715,269.49472559227394,328.08053550363786,830.2146513165238,272.7709059682588,218.2139189259331,252.29451568938086,405.5105846188188,1.4778970127169482
17.84,24.853,0.0761,0.0709,270.3427322135489,329.11289139040736,825.9633555641849,272.6454627334649,219.5554588556676,252.22902893531705,406.50740494431204,1.4916345354720069
17.85,24.753,0.0745,0.0681,269.57504311496683,328.17831335735093,824.7315923959583,271.8050524219048,217.94164331296037,251.67763725886488,405.43140523840947,1.4894891689157386
17.86,24.728,0.0662,0.0715,265.15761587254576,322.80057584483836,824.4678450205591,268.33859532542533,209.52444858896118,249.2248224955387,399.30697882970435,1.4632587095308272
17.87,24.687,0.0655,0.0665,264.8159223180604,322.3846010828562,823.9786029979131,267.96137662986007,208.79789752000514,248.98427199604612,398.8071185903451,1.4621555809448645
17.88,24.678,0.0644,0.07,264.23799800650795,321.681041051401,823.9184549463325,267.4811520561002,207.6652583913734,248.66012821448444,397.9852649707382,1.4587584755705236
17.89,24.645,0.0634,0.0671,263.71882192014004,321.0490005984314,823.5358315585783,266.98892486192614,206.62646830807688,248.32809476466088,397.22865372131776,1.456363534420897
17.9,24.357,0.0664,0.0641,265.5115016427652,323.2313933042359,819.8858461290409,267.67729696689884,209.65355383893373,248.89991187976253,399.64505044597263,1.4746107227543712
17.91,24.069,0.0704,0.0612,267.78634979815405,326.00077366731796,816.20853998641,268.7489206296958,213.6847878642292,249.72204648599336,402.7171955485472,1.4960555486791647
17.92,23.782,0.0715,0.0582,268.46367561321375,326.82534422478193,812.5159094588115,268.59985272855454,214.74860544291357,249.65079646342716,403.5508757975552,1.5079178664547226
17.93,23.715,0.0714,0.0679,268.45894515284795,326.81958540346704,811.7113323350089,268.42618088040814,214.63564568383515,249.55910857388443,403.5259859869319,1.5095634978896593
17.94,23.79,0.0737,0.0704,269.6836751442572,328.31056104518274,812.7418234313423,269.5243565026184,216.9789761783489,250.36929251161087,405.2592391151516,1.514915592918899
17.95,23.665,0.0803,0.0796,273.0706789149682,332.4338699834396,811.1776703467324,271.87179203640767,223.5500901170689,252.00576060725763,409.8448394479737,1.539127851907191
17.96,23.761,0.0823,0.0615,274.07226144166884,333.6531878420316,812.4298226053616,272.84124432285006,225.53350103171465,252.7072423585773,411.22795965375485,1.5425984584019983
17.97,23.86,0.0849,0.0606,275.346624506162,335.2045863553277,813.7630564804278,274.0406734175506,228.08824629723767,253.55143335117268,412.9649376416759,1.5475647655586797
17.98,23.786,0.0833,0.0644,274.62535738581875,334.3265220349098,812.8532035725166,273.28527819414916,226.51714647997744,253.07728977498115,411.99332044475454,1.5450584849409046
17.99,23.649,0.0814,0.0627,273.75722930901173,333.26967046314473,811.1027356559822,272.27223060511943,224.63329984384418,252.42208665838325,410.7996140981814,1.543451584691533
18.0,23.603,0.0905,0.0594,278.0866332352163,338.54024915591555,810.5359539481916,275.57270166539126,233.46460571221823,254.62010284422686,416.55079898350607,1.5714607877731308
18.01,23.653,0.1029,0.0625,284.1868069529286,345.96654759486955,811.2438199879689,279.19990089737036,244.18199711745999,257.4664996453804,423.6288039520865,1.6076854980044846
18.02,23.865,0.1135,0.0513,288.55839159984396,351.28847673024484,814.0278324101116,283.0646247173581,253.68962546803286,259.9440956654736,429.15147849312723,1.628463215280987
18.03,23.765,0.148,0.0492,300.91296541448696,366.32882746111454,812.762866891409,292.7058972033112,282.69178132251307,265.6142698240226,444.26554937501544,1.70805573527522
18.04,23.574,0.1512,0.0433,301.9322059612194,367.5696420397453,810.2913723502726,293.0933372671479,285.22358661035634,265.8182350584204,445.5386016192584,1.7203078991061425
18.05,23.321,0.1559,0.0338,303.3697659214701,369.31971503483317,806.9787458529395,293.69680034552505,288.9142830138726,266.1217105116705,447.34214166211666,1.737318942087067
18.06,23.034,0.1423,0.0531,299.0013102798616,364.0015951233098,803.2670964371295,289.4636587701316,277.93875229195146,263.6832550987058,442.086767089361,1.718845500861753
18.07,22.835,0.1254,0.074,293.1706741787279,356.90342943497313,800.71006452148,284.27615357804797,263.80666679073096,260.6450198368107,434.9131060490424,1.688197672002891
18.08,22.902,0.1055,0.064,285.54880659602924,347.62463411690516,801.6233068824525,278.34105311100217,246.37199142424097,257.08143220902105,425.32101361961895,1.6379938107579397
18.09,22.922,0.1078,0.073,286.52637935553224,348.8147226936914,801.958443055819,279.1304149967324,248.4382602373769,257.6140011387106,426.5775742701717,1.643343016237794
18.1,23.034,0.1172,0.0665,290.26778787995664,353.3694808973385,803.4787443686753,282.31015969952256,256.75446453698,259.6298645639156,431.3149956551834,1.6632894330924684
18.11,23.192,0.1157,0.0648,289.74446372558094,352.73239062244636,805.6179862160465,282.222248451795,255.466015228863,259.64772524661436,430.6752978079331,1.6549830360462372
18.12,23.823,0.113,0.0644,288.7507233602439,351.52261974290565,813.9604967463085,282.8387523647141,253.1973336296629,260.1829302216006,429.50057512579536,1.6295923451043413
18.13,24.164,0.0882,0.0615,277.4619032207948,337.7797082687937,818.4264420871029,275.9848846806537,231.312188199653,255.44806436934027,415.9879640923271,1.5502012415571358
18.14,24.255,0.0996,0.05,283.22170527430404,344.7916412035006,819.6169217538335,279.4766390025887,241.24366503380722,258.2176336544071,422.6844114514031,1.582890416138108
18.15,24.292,0.1059,0.0483,285.9524153788845,348.1159839395116,820.1344743785097,281.6359260568882,246.95410186929595,259.6322290142975,426.13229170375325,1.5984670028459895
18.16,24.533,0.0972,0.0613,281.6170641872173,342.8381650974819,823.3101283690233,280.00493743366786,239.87506125604162,258.19773166415837,421.4992763110477,1.5650204954937383
18.17,25.031,0.0957,0.0515,280.93350637633336,342.0060077624928,829.6719641930154,280.5133580254125,238.51562594025424,258.65152567367363,420.7691034461075,1.5472725709076625
18.18,25.438,0.1087,0.0344,286.52013456539396,348.8071203404796,834.8001180528078,285.7904110343421,250.4938550633365,262.04840471397233,427.9050593646138,1.5700148369780322
18.19,25.87,0.125,0.0323,293.60713619351407,357.43477449645195,840.2266401829914,290.99276402809323,263.8622860813145,265.7893225184426,435.8634213197933,1.6008218243804555
18.2,26.38,0.1246,0.0244,293.44275067291255,357.23465299311096,846.5411558484577,291.9570660637193,263.59216497555707,266.5073778546619,435.80538826370065,1.5862948928313578
18.21,27.169,0.123,0.0654,292.1804030353562,355.6978819560859,856.2686092632106,293.8728985332859,263.2057034893495,267.39465285309643,435.22915616999046,1.5584734917334921
18.22,27.318,0.1259,0.0682,293.31843210120167,357.08330864494116,858.1119213192485,295.06497991412454,265.7104424552532,268.1643537241451,436.62797772372795,1.561298934454934
18.23,28.182,0.1259,0.0634,293.23452598976894,356.9811620745013,868.4105509824175,296.744381322061,265.7362948409144,269.4105467203563,436.78922753485506,1.5398192455198876
18.24,29.041,0.1286,0.0684,294.15596665807993,358.1029159315756,878.4829962176469,299.20540240064304,268.0698260801839,271.09617679614183,438.1538679440025,1.5250346849802279
18.25,29.851,0.1302,0.0694,294.63199465389675,358.6824282743091,887.8095084313768,301.19926336433196,269.4506498860428,272.4932141480194,439.00896080554816,1.5095376649802517
18.26,29.294,0.133,0.0719,295.86167077995907,360.1794252973415,881.5009845865122,301.0183340504223,271.79974958877096,272.2769353371535,440.2246193085848,1.5287378951086104
18.27,27.235,0.1363,0.0333,298.0037531837026,362.78717778885533,857.2642077505546,297.16318300843653,273.4725329476232,270.02416879003584,441.45253164461417,1.5903436613208806
18.28,26.65,0.1339,0.0702,297.22277872397734,361.83642627266806,850.3206166224539,295.2734942506802,271.40071647009734,268.82545580096314,440.42439478880766,1.6004434035112096
18.29,25.442,0.1344,0.0682,297.49308519678124,362.16549502216844,835.4337287830032,292.8176919394314,271.63377182447016,267.15896493332895,440.5475669457349,1.6344237311136114
18.3,24.259,0.1232,0.0623,293.4000298377291,357.1826450198442,820.4132097103216,286.947087619621,262.021731655859,263.4642004165312,435.4991709100344,1.643218877321829
18.31,23.333,0.1107,0.0705,288.56263031264086,351.29363690234544,808.3779946360607,281.0349534316785,250.9944926263668,259.7150990489557,429.41981404478963,1.6407786721780568
18.32,21.893,0.0803,0.0663,275.2083806644226,335.03628950451446,788.9873509396537,267.31479917226983,222.43976169739022,250.61464942244874,411.7287360838152,1.6011634298979547
18.33,20.731,0.0757,0.0657,272.9886817523701,332.33404735071144,772.7704245595404,262.76505755296625,217.56940667220084,247.47723921079918,408.4748417963319,1.62480066459144
18.34,20.502,0.0753,0.0606,272.81643333594985,332.1243536263737,769.5274047306576,262.04192216840744,217.09978114823588,247.01053547309024,408.21637821872775,1.6314159042134766
18.35,20.423,0.0695,0.0536,269.8923050198015,328.56454524149746,768.415372294994,259.58402859773037,211.20526747968393,245.27348521651734,404.02904776163757,1.614877390015586
18.36,20.212,0.087,0.0602,278.396221926282,338.9171397363433,765.434954759895,265.6064765094023,228.4843197325347,249.5526941549512,416.02416177960487,1.6781097967200502
18.37,20.058,0.0942,0.0652,281.5520273338416,342.7589897977202,763.2588551554335,267.69723861701215,235.27301550026553,250.96653332729767,420.38084397065285,1.7044502291939927
18.38,19.963,0.0905,0.0679,279.973180437475,340.83691531518696,761.9257172375015,266.1939081052579,231.75629112022798,250.00012292703028,418.23960425055617,1.6973118531726108
18.39,20.104,0.0901,0.0717,279.86609758137183,340.70655357732227,764.0277668383432,266.42219590322765,231.40798015158978,250.19946567059844,418.0781263406741,1.6912868077545613
18.4,20.149,0.0914,0.0725,280.4808807163412,341.4549852198936,764.7236087725975,266.9867330822941,232.64748203437918,250.61566618500558,418.92197848492174,1.6935901860801097
18.41,20.316,0.1015,0.0825,284.7976320630963,346.7101607724651,767.2069982593841,270.7814044343874,242.06996538747018,253.1443036189375,424.7534862387807,1.7158503819267634
18.42,20.523,0.1041,0.0802,285.9360323171064,348.0960393425643,770.2161824279735,272.1452236536469,244.47583469278396,254.08523646298488,426.24294897311535,1.7157181342934082
18.43,20.805,0.1057,0.0834,286.6828356171611,349.00519118610924,774.2895246728775,273.3724009779806,245.9765684549351,254.9460231256445,427.19076415855886,1.7103508218628956
18.44,21.113,0.103,0.0767,285.7034369470008,347.8128797615662,778.6678739425193,273.2828888333125,243.59574978604073,254.97643225046215,425.8609084137057,1.6930642152250663
18.45,22.163,0.1209,0.0817,292.87238146646087,356.54029048090894,793.2852243942204,281.376475130453,259.6022297366859,260.2415923814264,435.0407184885711,1.7033796466913045
18.46,22.628,0.121,0.0779,293.0341454112744,356.7372205006819,799.6304338966252,282.52753368750524,259.767151483411,261.0781153083742,435.21399712964234,1.6890632348916015
18.47,23.03,0.123,0.0792,293.8735496151851,357.7591038793558,805.0705240247045,284.07314461798666,261.54581568762865,262.1368469139713,436.25912059496983,1.6813721499363972
18.48,23.45,0.13,0.0767,296.51003076687266,360.96873310749714,810.6808314021883,287.07878513339574,267.53072902988254,264.069861715296,439.52850502123005,1.6845810426344172
18.49,23.815,0.143,0.0717,301.08988571780674,366.5442086999387,815.5055026722177,291.5156112323313,278.29178787704683,266.79989835237006,445.1200664421711,1.7016240876573454
18.5,23.894,0.1275,0.0767,295.7394150026223,360.03059217710546,816.5939763377276,287.39759820697384,265.49360968776847,264.43717236480325,438.6012491975228,1.6659537399422726
18.51,23.923,0.1214,0.0644,293.5156986134935,357.3234591816443,816.9838247672266,285.67696465326014,260.3117811756744,263.4489127719716,435.8782959475728,1.6513083908360848
18.52,23.433,0.108,0.0782,288.2738562992433,350.94208592951355,810.63388830055,280.4516114234466,248.5257866784954,260.16651789237216,429.29392084974114,1.6333660818085778
18.53,23.611,0.1028,0.0573,286.14382515350496,348.3490045347017,812.9675587315013,279.179839772642,243.89644663763147,259.42456010373326,426.63097909269004,1.6148448188379205
18.54,23.421,0.1018,0.0548,285.76357722025335,347.88609400726494,810.5001645712971,278.41871899410586,242.94948467135507,258.9515864140032,426.12185448244924,1.6180381428871902
18.55,23.728,0.1091,0.026,288.8370842013189,351.6277546798665,814.508284645716,281.457269357481,249.54440431989988,260.97234538975437,430.07571062136685,1.6279779554276017
18.56,24.126,0.1099,0.0288,289.19241113312927,352.06032659685303,819.7502702991476,282.61604294310933,250.32392697825443,261.79611308522885,430.5960818520466,1.6183392730555362
18.57,24.774,0.1111,0.0634,289.68227741229117,352.656685545398,828.2227281968425,284.4574751362896,251.49966655483672,263.07358451757597,431.34777889735506,1.6025326444844008
18.58,25.318,0.1035,0.0625,286.45352068155745,348.7260251775482,835.1621330191865,283.21006761716774,244.8479210607467,262.3894760306278,427.519514191557,1.5680335962361511
18.59,25.305,0.1,0.0609,284.3619340008707,346.1797457401904,835.0388236595626,282.7581125510464,242.48947037291148,261.6611263692925,425.6681617710763,1.5557246054802587
18.6,25.421,0.0886,0.0761,279.1865438179364,339.8792707348791,836.5810378065954,278.95704065443556,231.83358920097666,259.2550109074583,419.09389997703704,1.5214998770281167
18.61,26.442,0.0914,0.0663,280.3190729653485,341.258001870859,849.2740227654812,282.0308334885926,234.60739234937225,261.4425244254371,420.97234934618,1.502378308774233
18.62,26.961,0.0863,0.074,277.75918211610474,338.14161301091013,855.6645419122025,281.18161242330865,229.8509514263243,260.96787705782555,417.9587901938295,1.4747342848752465
18.63,27.393,0.0862,0.0752,277.60799380275176,337.9575576729152,860.9220142097187,281.98439539894025,229.81578662669423,261.57979902921664,418.00173583889233,1.463634822569239
18.64,27.742,0.0754,0.0644,271.96952229221836,331.09333148617884,865.113582131016,278.48761468570586,219.47162405190022,259.2002676498224,410.8847896144846,1.4231937102950738
18.65,28.597,0.072,0.0496,269.7887061219717,328.4384248441395,875.2104970623823,278.7239311998071,216.31704902666382,259.3792828286799,408.57472494371007,1.392229877090672
18.66,29.191,0.0736,0.0313,270.42271941669065,329.21026711597125,882.1131285418547,280.45834840780117,217.99882176175768,260.6621478161859,409.86172017773646,1.3834227659439535
18.67,29.73,0.0819,0.0507,274.6272216979579,334.3287916322966,888.3900158009177,284.70544487399394,226.07399190811535,263.7172717552667,415.7074593120145,1.3957412477185371
18.68,30.062,0.0812,0.0427,274.13861771229165,333.7339693888768,892.194643222066,285.0329229966924,225.46204902189072,263.99051130774353,415.33422506209763,1.386267783925504
18.69,30.058,0.0848,0.0321,276.04229066925,336.05148429300004,892.1725443433493,286.4032065103382,228.86978470070287,264.9770837400458,417.7392416925804,1.3968482035072414
18.7,30.432,0.0816,0.0327,274.23751808443126,333.8543698419163,896.4448356316592,285.85144368104784,225.90310819324333,264.6425448344207,415.74979922968566,1.379328613858375
18.71,30.71,0.0632,0.0504,263.8582035999803,321.2186826434543,899.6508446598558,278.92878693233,208.20422080700516,259.4670098741089,402.2476489901856,1.3168346891509084
18.72,30.789,0.0672,0.0479,266.6394246373266,324.60451694978894,900.5759725619986,280.29901537515246,211.73422342353993,260.92726462452373,405.5321282532045,1.3304937072997405
18.73,31.25,0.0679,0.0498,266.9944230821552,325.03668896958027,905.7538066309021,281.217374283403,212.36433243008307,261.7501381128484,406.178352669435,1.3237864780708208
18.74,31.611,0.059,0.0363,260.9029753357054,317.621013452163,909.7537292856553,278.7314467106111,204.3681352338983,259.18221128230124,398.9146861379343,1.284258352043644
18.75,32.063,0.0501,0.02,255.14187700303748,310.6075024384804,914.7128096329283,275.66982124112417,195.8997124293498,256.24966494761435,390.61814416982975,1.2454809604217505
18.76,31.872,0.0499,0.0117,255.17344155618505,310.6459288510079,912.6577407085033,275.2546400156531,195.63258133073046,255.98224158218858,390.4504811078153,1.2488147900650288
18.77,31.503,0.0503,-0.0063,255.69413659079157,311.27981845835495,908.6154361492889,274.7838278908522,195.87115125425953,255.76063943541826,390.87496791091706,1.2579085035742354
18.78,31.241,0.0592,-0.0144,261.39981855128667,318.22586606243595,905.7510435448944,278.184603748423,204.4605717274382,258.9693028014843,399.2707775040746,1.2933249402731954
18.79,31.171,0.0677,-0.01,267.08231452174914,325.14368724386856,905.0326340876493,281.0779870193053,212.22120193179663,261.82338492476714,406.34368349054165,1.325360263982846
18.8,31.108,0.075,0.0148,270.68935308121604,329.53486462061085,904.436129853652,284.50426256038645,219.75050727484216,264.02033086308995,411.8384673256529,1.345988410560703
18.81,31.465,0.0727,0.0459,269.59056316007354,328.1972073253069,908.5031409287094,283.867412288592,217.2983424443839,263.8107315779791,410.264103289165,1.333182634540033
18.82,30.548,0.0693,0.0563,267.99765764194507,326.25801799888967,898.3700335951647,281.13571457304573,214.03915022860394,261.68598032510465,407.68310323093436,1.3414828285951543
18.83,30.274,0.0856,0.0598,276.84936748984535,337.0340125963335,895.3394643822612,287.1783165769286,229.67127854928418,266.00854431549516,419.06210709977483,1.395461354780445
18.84,30.12,0.1192,0.0513,292.3777903054033,355.9381795022301,893.6253108562818,298.52184915586037,259.93017936088063,273.2601845483313,437.5368770599204,1.4847172055881575
18.85,30.066,0.147,0.0354,303.08006509487103,368.9670357676691,893.0240147464089,306.72574407075655,283.2020112870878,278.02548844538273,449.67893265654646,1.545571932991978
18.86,29.817,0.1356,0.0438,298.99831084562794,363.9979436381558,890.2581120658999,302.98813196812426,273.8208941091647,275.8790836245956,445.01699356492435,1.528109172225109
18.87,29.145,0.1565,0.0188,307.2096749624421,373.99438691079905,882.5303359327843,306.6518271031663,289.592315049378,278.30712582031697,453.3719893536089,1.5898030822295004
18.88,29.02,0.1411,0.0223,301.24063901288616,366.7277344504701,881.1370321470506,303.08107124270794,278.33184410365834,275.7944644813469,447.35338870722506,1.5587351188419123
18.89,28.018,0.1481,0.0411,304.53239879434506,370.73509418442006,869.4807381157706,302.1392000123468,282.77840657921695,275.5480386247265,450.1213711514495,1.6013991681424382
18.9,27.015,0.1414,0.06,302.30128051098484,368.0189501872859,857.5507802679566,298.2304240168142,277.23541371544405,273.0942910874092,447.35973440028516,1.6135984097836766
18.91,27.298,0.1422,0.024,302.60434770861275,368.38790155831117,860.9282513001209,299.03372048334626,277.9200597121156,273.67276118351907,447.7824084108653,1.6081688308255995
18.92,27.763,0.1396,0.0458,301.66332472213355,367.24230835738,866.5975042939078,299.29946124618846,275.88525969281613,273.95961552318863,446.8250961680193,1.5907837254715684
18.93,28.643,0.1379,0.0373,300.3191156163979,365.6058798808322,877.0119963799428,301.458017863403,275.65562970171175,274.95409501883944,446.2766375696947,1.5616967639875885
18.94,29.552,0.139,0.0502,300.6216356421999,365.97416512963474,887.6147503547538,303.51800125822206,276.60039795969607,276.4166471664831,446.9008245284775,1.542245138174176
18.95,30.382,0.142,0.0148,301.60410971114766,367.1702205179189,897.0203095384003,305.9208249178114,279.09730025247956,278.0544647129761,448.2948321703617,1.529365978715764
18.96,30.598,0.1475,0.0056,303.5894578080161,369.5871660271501,899.4772037847038,307.8816850341445,283.58024620817747,279.25850909058767,450.5987107589326,1.5356192077311943
18.97,31.299,0.1474,0.0263,303.4441158225771,369.41022795792,907.386958208464,309.1449176797967,283.52085951609706,280.1961855166957,450.6946350777612,1.519633706270388
18.98,28.942,0.1385,0.0213,300.6904764711315,366.05797135616007,880.6898601893095,302.2179372998792,276.1457513869645,275.6668919134049,446.86102544084713,1.556314530932035
18.99,28.784,0.1464,0.0529,304.23635139151764,370.37468865054325,878.9699537884164,303.26917720498915,281.4767940048597,276.7613482406257,450.13691474642167,1.579927722344374
19.0,29.137,0.1129,0.0069,290.6413760164001,353.8242838460523,883.0102454033515,294.7390265831119,254.34880035091527,271.37196372925956,435.2828141546187,1.4948727059429332
