Depth,Qc,Fs,u,andrus_2007_holocene Vs,andrus_2007_pleistocene Vs,andrus_2007_tertiary_age_cooper_marl Vs,robertson_2009 Vs,hegazy_2006 Vs,mcgann_2015 Vs,mcgann_2018 Vs,Ic
1.5,0.3055,0.0037,0.0143,68.08135123081652,82.8816449766462,120.8360602589235,72.97200667605478,67.69609248111475,52.33274930391119,141.96005242792475,3.0828595263765366
1.51,0.3339,0.0047,0.0141,70.36891414536606,85.66650417696738,125.04858873297549,76.18868055224223,73.3446003395138,54.16993330914199,146.7872742958795,3.074321681831953
1.52,0.342,0.0067,0.0141,72.31396544457535,88.0343927151352,126.2717450772891,80.16982799247636,83.55124356559188,56.08339663332329,153.99538315178438,3.1323637527403885
1.53,0.3339,0.0076,0.0143,72.58601703187651,88.36558595184967,125.21727122907376,81.44509523322574,88.00167049313686,56.580962800060334,156.7715368861855,3.1748415326580193
1.54,0.3258,0.0086,0.0151,72.8502372130684,88.68724530286588,124.16121266315317,82.7527250862211,92.73786225800113,57.06593145074446,159.54497652482618,3.2177750762376505
1.55,0.3217,0.0088,0.0157,72.83163935341958,88.66460443024992,123.66418513299111,83.03146787034761,93.84671605913152,57.173535590871865,160.2697502918151,3.231041418792243
1.56,0.342,0.0091,0.0169,74.01679036621445,90.10739696756542,126.67537898483536,84.2421340040675,94.88160719070447,57.9437577072073,161.30486015280565,3.199753684332073
1.57,0.3826,0.0101,0.0172,76.37222679176531,92.97488478997516,132.26074331764627,86.90556587247144,98.38144758954184,59.504782958936026,163.90660649891214,3.152990092423002
1.58,0.4882,0.011,0.0192,80.87440375558614,98.45579587636576,145.19596934400775,90.91463786968136,100.29707440457778,62.178202890250965,166.301693202051,3.0198627611814
1.59,0.545,0.0125,0.0208,83.52904426078223,101.68753214356097,151.5118656789621,94.08306980248534,105.06843973316934,63.95740743847425,169.49655032910067,2.9808191024694586
1.6,0.6506,0.0129,0.0167,86.78543883181501,105.65183857786177,162.0640581145088,96.77800638389611,105.29294807944872,65.89604486013218,170.6857628150142,2.879588812868569
1.61,0.6749,0.0175,0.0176,89.50900874952832,108.96748891246926,164.4567091120756,101.95971720649109,119.7150291743808,68.06095713398093,177.91723480753393,2.92930461412891
1.62,0.679,0.0182,0.0061,89.89768218241974,109.4406565699023,164.72420052319163,102.79397158985662,121.97896852787282,68.46020097695701,179.11508803601546,2.937404921961743
1.63,0.6506,0.0186,-0.0015,89.30506657171877,108.71921147861417,162.0165496861241,102.75805463593466,123.82607007759191,68.2798841992415,179.84502398447967,2.971064252352182
1.64,0.6222,0.018,-0.0003,88.35778472445816,107.56599879499255,159.396270961296,101.85670383618749,122.70869370902753,67.77319372060812,179.29812859297616,2.990884350152162
1.65,0.5775,0.0189,-0.0009,87.40230678541376,106.4028082605037,155.00132301533571,101.88188621232348,126.39206967743935,67.43543690753741,180.61703662571819,3.0501906372675855
1.66,0.5288,0.0198,0.0065,86.23154639854528,104.97753474605513,150.1200616997545,101.74856526949942,130.22262531516543,66.95531391954647,181.8720378869401,3.1160113812499706
1.67,0.5207,0.0185,0.0121,85.63239299528051,104.24813060295018,149.45071215346607,100.65983285542046,126.67535424155318,66.542155771164,180.52697101715322,3.1075442430550537
1.68,0.4719,0.0169,0.0169,83.44456349027092,101.58468598815591,144.15964203613578,98.23323391217147,122.87996095765553,65.22330423721246,178.55613024459242,3.1461553545931316
1.69,0.4638,0.015,0.0188,82.51967059329156,100.45872941792017,143.34482004146025,96.38996381927666,116.97951559061111,64.52641375307277,176.05071890724784,3.1275371758630235
1.7,0.4598,0.0155,0.0176,82.61931144477222,100.58003132407055,142.93031661033535,96.92398867048627,118.94723436528196,64.727686592046,177.055516933449,3.141537834125228
1.71,0.4516,0.0163,0.0259,82.73271630354074,100.71808941300613,142.23879743039285,97.6684730463317,121.94714919609127,64.93620129900572,178.45854139314196,3.1631747937790213
1.72,0.4516,0.0165,0.0269,82.87739065130441,100.89421470593581,142.3447311205442,98.01542912408739,122.80355752901819,65.10741685617201,179.005569786237,3.166128546519833
1.73,0.4435,0.0166,0.0247,82.64785949779427,100.61478547557564,141.40376591061118,98.0330874012904,123.53018549784946,65.07531707656501,179.38514821145077,3.1799038612911987
1.74,0.4516,0.0174,-0.0003,83.11105688292707,101.17867794443296,141.85729923484757,99.0014617530561,126.27173813663819,65.60556318842067,180.77372061974864,3.1874194667767792
1.75,0.4882,0.0171,-0.0017,84.43705540204661,102.79293701118719,146.19512464762818,99.73775354619343,124.56538204137986,66.35584092151792,180.73135290475392,3.133907847700993
1.76,0.4963,0.0159,0.0267,84.55056598853216,102.9311238121261,147.84236839939786,99.01106491721231,120.4446973650693,66.21760694322738,179.3100345210103,3.09849028665095
1.77,0.5125,0.0139,0.0341,84.40640729617552,102.75562627360497,149.89560321551193,97.47276714046652,113.4226844482606,65.89015614348672,176.4983503005949,3.0443016532581475
1.78,0.5491,0.0131,0.0261,85.2418827068347,103.77272677353791,153.76286484634537,97.46059417842068,110.13758594768528,66.32509933315994,175.48286050049276,2.9893530712241305
1.79,0.5694,0.0107,0.0192,84.66250633976863,103.06739902232704,155.8333261732358,95.09007322417975,101.18385088240775,65.66439297034466,171.21489844228307,2.9220366004661695
1.8,0.5775,0.0099,0.0153,84.48103102518495,102.84647255239908,156.67688424357107,94.25728742531098,98.07949021817463,65.47639905931904,169.7507724506287,2.8969975134878823
1.81,0.5613,0.0095,0.0223,83.8701140170226,102.10274749898404,155.22406284999062,93.45307259755394,96.71965928117649,65.08600453801196,169.0443060199101,2.904171035871116
1.82,0.5531,0.0098,0.0145,83.8199418973088,102.04166839672375,154.27977261196895,93.69592539969989,98.07524758632509,65.21585013227703,169.9471764473804,2.922033117338057
1.83,0.5572,0.0099,0.0121,84.04934284173433,102.32093911167658,154.7466382052138,93.95665059530918,98.48369952475905,65.43988788715939,170.41700896060084,2.920400219563044
1.84,0.5734,0.0097,0.0121,84.47157298941778,102.83495842189991,156.52721330266309,94.0843946575504,97.56901216170633,65.69875488044087,170.23606694031017,2.8982712073471877
1.85,0.5937,0.01,0.0114,85.29261022932242,103.83448201830555,158.6835316050786,94.95580909886115,98.5812673115207,66.29567831917169,171.19008156575424,2.883714604372385
1.86,0.5816,0.011,0.0094,85.56503292736551,104.16612704201019,157.48785066880708,96.03162812992556,102.6016408115808,66.72428484059701,173.53448845231733,2.9183651146735485
1.87,0.5734,0.0123,0.0121,86.07947191425299,104.79240059126451,156.77803180977125,97.48333307542387,107.54714458751835,67.30848586830238,176.29335111817696,2.9523185456864733
1.88,0.5491,0.0123,0.012,85.39493351325001,103.95904949439132,154.29624845414972,97.00318709395054,107.95097733027943,66.98933047388222,176.47483172123796,2.979636628715089
1.89,0.5247,0.0127,0.0137,84.87798024726543,103.32971508362748,151.7690378454778,96.96421337642794,109.8261486915622,66.82779114535754,177.388890534239,3.015428304299533
1.9,0.5085,0.0107,0.0145,83.40150292777403,101.53226443381187,150.06746808475657,94.24603154146205,102.63734536949798,65.68346808743793,173.67242188904717,2.995642204664148
1.91,0.4719,0.0104,0.0149,82.05002076588494,99.88698180194689,145.9555781420731,93.01548352923966,102.05057152821954,64.92220520031418,173.16575919342102,3.036242191804803
1.92,0.4476,0.0102,0.0182,81.14580917230275,98.78620247062943,143.21017437350181,92.19030103141468,101.67460486081208,64.41952972425293,172.8898809203434,3.0644740605896064
1.93,0.4232,0.01,0.0169,80.16095959833036,97.58725516318479,140.24058446199746,91.30334053410466,101.32233700148751,63.88888808909789,172.6005568290818,3.096031428805565
1.94,0.3786,0.0097,0.011,78.1886671049523,95.18620343211585,134.35751245058333,89.60675435925046,100.95319452309502,62.80392201616382,172.00158740962095,3.1622136717273497
1.95,0.3542,0.0089,0.0149,76.7713890723121,93.46082147933647,131.17759478732148,87.80230029985282,97.99971916343051,61.84984387669243,170.22512127880648,3.184354860914202
1.96,0.3339,0.0085,0.018,75.69432437331803,92.14961228056107,128.43319491925593,86.61198520580456,96.64564662507941,61.179728592938396,169.35567856901673,3.2110838663305397
1.97,0.3217,0.0083,0.029,75.15696683005555,91.49543788006763,127.02997919212874,86.01030023245082,95.98337742754292,60.818522913619866,169.0032282613594,3.2256412342035614
1.98,0.3217,0.0078,0.0369,74.99207715303196,91.2947026210824,127.3275477167016,85.35231122162759,93.65941339432466,60.590920545678856,167.85855675855848,3.2089717301358287
1.99,0.3136,0.0074,0.0502,74.53734389908966,90.74111431193523,126.58246959485581,84.57266398347369,91.89120873803854,60.18986410208803,166.894832542216,3.2085403649515354
2.0,0.3177,0.0061,0.0547,73.94486003927881,90.01982961303507,127.3891744173887,82.5860191986836,85.28709395040265,59.426070938231916,162.97768711405405,3.1573839534206742
2.01,0.3258,0.0054,0.0586,73.86286985247422,89.92001547257732,128.7568003307985,81.61011763396439,81.44243045705396,59.123476719166945,160.6480227742582,3.1152257072414313
2.02,0.3298,0.005,0.0669,73.8304159974594,89.88050643168971,129.64104717465375,81.03094744261749,79.18117597596915,58.9315831007588,159.26296886260408,3.0892926049495264
2.03,0.3298,0.0043,0.0716,73.27680310368194,89.2065429088302,129.8400419982115,79.58659406978283,75.12855271864186,58.278410358857286,156.36595694930088,3.0582199528643814
2.04,0.3258,0.0041,0.0835,73.05719997868125,88.93919997404676,129.6692738656935,79.10293026817544,73.96207041527923,58.025785089629274,155.58005731075554,3.052367930183222
2.05,0.3258,0.0045,0.0892,73.54895244138534,89.53785514603433,129.89684472249942,80.07328255946163,76.39079499324578,58.55540519012943,157.6692301269534,3.0684403470445094
2.06,0.3339,0.0047,0.0947,74.18676781105387,90.31432603084819,131.2776917238229,80.8398410172949,77.50082834977184,59.05515270190675,158.787256532121,3.060360187719602
2.07,0.338,0.005,0.1076,74.79489878469373,91.05465939006193,132.2850066667243,81.71590584400396,79.17648299870687,59.54373789158052,160.28037023786683,3.06088078521146
2.08,0.3461,0.0058,0.1145,75.91958269598285,92.42383980380522,133.6705374853764,83.61985871904106,83.4596398356288,60.56880201741501,163.63097198645346,3.074492888206713
2.09,0.3583,0.0062,0.1284,76.90637463737708,93.62515173245907,135.7824752725142,84.85229024526149,85.38931542838016,61.29125882371108,165.29857582713166,3.063055072012134
2.1,0.3623,0.0069,0.1353,77.69366082589595,94.58358709239506,136.57061709704146,86.26772567772262,88.8546057574094,62.01904887094361,167.8296637453313,3.0768463460417763
2.11,0.3583,0.0072,0.1421,77.84539671258355,94.76830904140607,136.28022101185445,86.7215291210057,90.38992940140315,62.22121439740233,168.94987216948851,3.0905382723106154
2.12,0.3542,0.0074,0.1541,77.96153563755651,94.90969555876444,136.11475920142385,87.03069663989623,91.41741933150054,62.341495641663634,169.74120898013405,3.0995136464759727
2.13,0.3501,0.0079,0.1586,78.20415377895837,95.20505677438412,135.74472006651052,87.75608546507945,93.86558661594432,62.657644637074924,171.37928971917032,3.119357799933162
2.14,0.3501,0.0081,0.1621,78.41054093102056,95.45631069863374,135.9027360017637,88.12127825909617,94.8267813866325,62.86961090109972,172.14107634222984,3.1239146621066105
2.15,0.3461,0.0082,0.167,78.39531189201567,95.43777099897561,135.55441275024765,88.21638799689565,95.38554698295432,62.911102321481756,172.6046845392839,3.1320040510320886
2.16,0.3461,0.0087,0.1692,78.76531062723149,95.88820424184703,135.67674335998154,89.00622910963875,97.69350246324993,63.30253384327279,174.1422490682587,3.144651765186638
2.17,0.3542,0.0091,0.1735,79.42876012629563,96.69588189288164,136.9528140040919,89.89449696526961,99.35593119959218,63.83308834239684,175.3976976802608,3.1398559643653496
2.18,0.3664,0.0103,0.1763,80.66824961537762,98.20482561872059,138.7153507110746,91.94500182537422,104.29051914975197,64.89090107919749,178.49717945447878,3.147309405797298
2.19,0.3948,0.011,0.1792,82.25088729115869,100.13151496314971,142.52104819961025,93.72603975133977,106.65357211015868,66.03515301874283,180.33762938892175,3.117576619744295
2.2,0.411,0.0117,0.1851,83.32470038368302,101.43876568448368,144.75674372055224,95.11342187724836,109.15151552652426,66.84423804609459,182.05360582684898,3.1065806093329544
2.21,0.4232,0.0129,0.188,84.42736483150954,102.78113979488118,146.38613727259215,96.90452703393629,113.53677639375395,67.75797151484495,184.6307784830605,3.1116067253344433
2.22,0.4435,0.0125,0.1814,84.99574849273596,103.47308512159161,148.7271974283733,96.99811274995626,111.74927659057424,68.12400354406176,184.1502753018829,3.078370652024059
2.23,0.4395,0.0134,0.1298,84.93241125925219,103.39597892430703,147.08100788478885,97.68243945835896,115.42242374612688,68.51447777527852,186.02118442038196,3.11458521175752
2.24,0.4313,0.014,0.102,84.71932938687026,103.1365749057551,145.46906275338563,98.00555965052979,117.95828859149597,68.6631369946779,187.26926962114382,3.1447365336581634
2.25,0.4232,0.0155,0.0804,84.88526521023903,103.33858373420404,143.99143111242583,99.24967116817999,123.6447220304543,69.14243480892074,189.95095927286468,3.1878470143499755
2.26,0.4192,0.016,0.1176,85.26609395320037,103.80220133433089,144.48455342176356,99.89079479531564,125.37093571293337,69.31553683403399,190.93726864036785,3.190802998465563
2.27,0.4151,0.0167,0.1014,85.27812084985169,103.81684277373249,143.62752264677925,100.40125774710326,128.02473005117554,69.54925335980377,192.20371106213895,3.2125592819042814
2.28,0.407,0.018,0.1047,85.47388128917962,104.05515983030563,142.74705700148144,101.43059421879447,132.66129168265257,69.8703507346096,194.27355885383946,3.242840586472891
2.29,0.3989,0.0182,0.111,85.30309869047113,103.84725057970398,141.93262248237335,101.45459019150324,133.59203216457826,69.81720095928901,194.73939065281564,3.2564583267490086
2.3,0.3907,0.0186,0.1218,85.22611487047817,103.75353114666908,141.21237746019324,101.67421386862513,135.16362632262693,69.81892971022761,195.47590024774541,3.2717174637624487
2.31,0.407,0.0188,0.1259,86.07314392592733,104.78469695330283,143.47123621536676,102.4219773945639,135.4088822035105,70.37828017606017,196.0221306200604,3.2480763364346417
2.32,0.407,0.0179,0.1245,85.81419737773064,104.4694576772373,143.49707437927043,101.66566834627628,132.53425534954,70.17652827765438,194.9889983090751,3.2363708366733404
2.33,0.407,0.0173,0.1216,85.63494862197238,104.25124180066204,143.48451509407528,101.15045945682897,130.61793886598045,70.06194514206581,194.33802976754922,3.2289501964933187
2.34,0.411,0.0166,0.1157,85.55359335821555,104.15220061000156,143.90315195360236,100.62652980206168,128.23999291837825,70.00386603405619,193.52088803406772,3.2146229590433646
2.35,0.407,0.016,0.1163,85.22361904776174,103.7504927537969,143.47105845375742,99.9820644974081,126.33853623429766,69.77474246580495,192.79089564676408,3.211638459983536
2.36,0.4029,0.0156,0.1208,84.99094759538654,103.46724055090536,143.12265985885938,99.54120030903972,125.08870539386236,69.60895404009153,192.34953897588875,3.2105411095247645
2.37,0.4029,0.0153,0.1286,84.99062762636953,103.46685102340639,143.38215636249976,99.3352868376079,124.05868887199952,69.57859558748322,192.0699541634361,3.203619381818158
2.38,0.411,0.0147,0.128,85.12922666912792,103.63558029285137,144.45628984849054,99.00355929799164,121.79009725628663,69.62845813787514,191.30547905247388,3.1819870903253533
2.39,0.411,0.0142,0.1245,84.94603331506785,103.41256229660435,144.4277110637962,98.50493375417204,120.05917827754136,69.50972885485542,190.64891526019954,3.174876157808743
2.4,0.4151,0.0139,0.1086,84.90682360543028,103.36482873704557,144.60383994873985,98.25675854956368,119.00277690303663,69.56659873096213,190.33534946378074,3.1685736250212257
2.41,0.4354,0.0128,0.1098,85.27381080692525,103.81159576495249,147.22503423434213,97.66143298104389,114.52297575451995,69.6493265440975,188.57110135123187,3.1190979406402803
2.42,0.4435,0.0129,0.0767,85.42565634449367,103.9964512019923,147.4672831355446,97.86206888902542,114.93322172233543,69.96005183526292,188.98560189325127,3.1190620248992666
2.43,0.4395,0.0127,0.079,85.24725657465761,103.77926887349624,147.09166900768327,97.58018023346894,114.30699417231459,69.85832278659116,188.78632051606078,3.1206267247630364
2.44,0.4354,0.0125,0.1502,85.58668719047907,104.19248875362669,148.39486737985726,97.67233904416203,113.4075818395529,69.75183847695212,188.57992449130847,3.1027619777236395
2.45,0.4516,0.0146,0.139,87.09532701788382,106.02909376090204,150.1403562453923,100.42169949565194,120.94927219031558,71.11019144809063,192.67697756196637,3.120822727650083
2.46,0.5004,0.0151,0.1553,89.20749294932838,108.6004261991824,156.2340498979502,102.3262820012265,121.75531579656968,72.45269772505053,193.86896362579796,3.0622988268619187
2.47,0.5328,0.0156,0.142,90.4576254586436,110.12232664530525,159.58177733501415,103.6017326844832,123.00183237923049,73.39089176640024,194.9821512011785,3.0352408889205327
2.48,0.5572,0.0156,0.1435,91.29429693163007,111.14088322111489,162.2940675144725,104.2189797319548,122.63942812332976,73.94866387643994,195.2462541790632,3.0077179303169905
2.49,0.5572,0.0159,0.1341,91.41345313972604,111.28594295270996,162.15952990907945,104.5331748396913,123.7541513998687,74.14857384551432,195.9297113135801,3.014568383073622
2.5,0.5653,0.0173,0.102,92.08720321258983,112.10616043271806,162.40199080755468,105.99806065147402,128.4360538310319,74.90850780100087,198.31311465326453,3.0335073724740518
2.51,0.5775,0.0172,0.0765,92.32161964334462,112.39153695711519,163.2157185087362,106.11603312768888,128.05222724712456,75.18643015084078,198.3953046993791,3.024499578112851
2.52,0.5694,0.0176,0.0443,92.06780057444809,112.0825398297629,161.73836548830232,106.21934329309458,129.69640186888512,75.26010838353353,199.16858057448022,3.046343548900376
2.53,0.5207,0.018,0.0537,90.70252465383588,110.42046479597413,156.66637813066023,105.52308226737324,132.01503121376345,74.51806292344324,199.8192943739498,3.106793421390158
2.54,0.4922,0.0185,0.0586,89.94820575656072,109.5021635297261,153.576236146027,105.32683195891262,134.3340092626314,74.16606568414272,200.64893471285063,3.148504791308308
2.55,0.4882,0.019,0.0594,90.03019939155261,109.6019818679771,153.18770641099184,105.72550580864038,136.12045598269128,74.32426475078533,201.53385520029553,3.160422035365662
2.56,0.4922,0.0195,0.0649,90.43889204645401,110.0995207522049,153.84221975962186,106.35387023193142,137.67802180861145,74.65343539728093,202.42810708494494,3.1605466441799432
2.57,0.4882,0.0199,0.0608,90.4432057943903,110.10477227143167,153.33901831325124,106.62556714732719,139.1463845688117,74.77253698756957,203.1511845932479,3.1721813362623332
2.58,0.4882,0.0205,0.0667,90.73301712159332,110.45758606107013,153.53607464084905,107.22220219329176,141.08727273702647,75.03808658818086,204.1376761136546,3.178403920555113
2.59,0.4922,0.0212,0.0841,91.28478504403904,111.12930353187363,154.46594309666463,108.06062165891706,143.1559240918365,75.41703003227214,205.24382775053505,3.177482458082842
2.6,0.5004,0.0214,0.0978,91.79935924463871,111.75574168912539,155.78521175438425,108.56808253452816,143.57774305919756,75.73671223617772,205.72011148706494,3.1661579638738533
2.61,0.5044,0.0208,0.0994,91.81239685820627,111.77161356651199,156.33777961450434,108.2356641064039,141.7008820752061,75.72560505413547,205.17222721186803,3.153676901257744
2.62,0.4963,0.0198,0.1023,91.257751848393,111.0963935545654,155.53621852473918,107.23983608889023,138.82486566889048,75.32098111638507,204.03513725005578,3.15081887191454
2.63,0.4922,0.0184,0.1041,90.68337158000938,110.3971480104462,155.1637519716514,105.9478802539736,134.48197704816258,74.8537896031419,202.2817604748576,3.1373147568901834
2.64,0.476,0.0184,0.1045,90.13950170676985,109.73504555606765,153.34050804659438,105.57210464502734,134.93382545559703,74.57255020349831,202.42593658529228,3.158454784753849
2.65,0.4719,0.0182,0.1016,89.94107141308054,109.49347824201108,152.84439937507713,105.31340757252909,134.46106146192304,74.49043285315467,202.3190288955814,3.1621462745992717
2.66,0.4679,0.0173,0.0965,89.47210624594223,108.9225641254949,152.3038266434681,104.38626847981318,131.64550351079953,74.16427969035234,201.16848044227854,3.156445491460645
2.67,0.4638,0.0166,0.102,89.14190370553342,108.52057842412765,152.0013464804194,103.67873344302804,129.39964627130914,73.8938938125705,200.2682041807792,3.150488148508048
2.68,0.4516,0.0164,0.1072,88.68726863094052,107.96710963766674,150.70917127293242,103.22202272189878,129.03773784501436,73.6132346461215,200.10260278500397,3.16306649541811
2.69,0.4476,0.0163,0.1125,88.58208504390345,107.83906005344768,150.4061186131902,103.08859722251788,128.8283510067491,73.55779450263091,200.11887713602374,3.1658912714429706
2.7,0.4395,0.0162,0.1151,88.29509927393309,107.4896860726142,149.52996182670248,102.821983806197,128.72839472003344,73.40282494607524,200.11960423801446,3.1753329925036713
2.71,0.4313,0.0162,0.1151,88.01754941458684,107.15179928732312,148.56603777621012,102.63250147144052,128.99631105384472,73.27929358280247,200.27895000866334,3.1873990242178123
2.72,0.4029,0.0161,0.1067,86.79169975171469,105.65946056730483,144.7815795421509,101.67587642040856,129.4834638760056,72.60105514422537,200.20342907962677,3.2316578704150096
2.73,0.3867,0.0163,0.1104,86.24692951170923,104.99626201425471,142.79483422057842,101.42921158521125,130.69006897661845,72.32101136152018,200.6503227106017,3.2598147887134847
2.74,0.3867,0.0156,0.1157,86.0758739530389,104.78802046456909,142.9879161612009,100.81172230020712,128.21489219551,72.13129044999518,199.69326347132068,3.247465181090229
2.75,0.3907,0.0152,0.1182,86.16018688606104,104.89066229607432,143.63742476130852,100.59137616310352,126.70390623559753,72.1557227068033,199.21876093495402,3.23401147215904
2.76,0.3948,0.015,0.1204,86.31967258406468,105.08481879799179,144.2884566600743,100.57140029053186,125.91723831974097,72.25774948579577,199.07412141877705,3.2237254344410244
2.77,0.407,0.015,0.1218,86.88724493502433,105.7757764426383,145.96800754984304,101.00128248701915,125.66427605177049,72.64811802679878,199.30123931754153,3.204372948326652
2.78,0.4232,0.0159,0.129,88.00803733709263,107.1402193668954,148.2729367227795,102.49738711505334,128.5377536335645,73.48535769805282,201.05790494003665,3.1922337923651947
2.79,0.4395,0.0164,0.1359,88.94683701335191,108.28310592929799,150.5301514928178,103.55563324302278,129.9357319481467,74.15047024073979,202.10879594643293,3.1744678377297273
2.8,0.4516,0.0169,0.0314,88.83480153437334,108.14671491141104,149.49240780732097,103.83701574962525,131.96300163421688,74.70108651344896,203.12397558182917,3.1947748200366153
2.81,0.4719,0.0174,0.0427,89.94681814633022,109.50047426509767,152.31807289486818,105.00915488514833,133.19054383139047,75.4324414410788,204.1457516185063,3.1703488747223116
2.82,0.4841,0.0184,0.06,90.94945331868925,110.72107360536083,154.25010159854932,106.42623553124187,136.24187939127015,76.13732360420907,205.85793710717547,3.163317669380266
2.83,0.4963,0.0191,0.0647,91.73064947251345,111.67209501001638,155.85279962913123,107.46743435957127,138.29831681172305,76.72332170901198,207.08305770548267,3.155653416082147
2.84,0.5085,0.0196,0.0686,92.42331660574983,112.51534195482589,157.4134745623151,108.3077877226397,139.67993250914546,77.2331011221531,208.00277921664497,3.1457845362602077
2.85,0.5207,0.0199,0.0718,93.03157199387118,113.25582677514754,158.93616981735684,108.95680687373681,140.41226319641748,77.67085942263066,208.63595447003948,3.133835546114667
2.86,0.5288,0.0202,0.0747,93.48570289537062,113.8086817856686,159.97166302354242,109.49236147473331,141.2386150617479,78.01636512935244,209.25141165680864,3.127240856490991
2.87,0.5288,0.0204,0.0782,93.62418413180195,113.97726763871542,160.10561743269992,109.73559154297666,141.93052302736325,78.15598889083827,209.70469496198325,3.1290903669559067
2.88,0.5288,0.0216,0.0839,94.10787780379687,114.56611210897012,160.28878363583146,110.83510524954096,145.72485965585014,78.60362304215346,211.45472751898433,3.1424845064379308
2.89,0.5288,0.0221,0.0869,94.33527600686779,114.84294470401296,160.4111349993725,111.3166036512088,147.3261968708288,78.82898784431933,212.27080256249312,3.147828066501035
2.9,0.5288,0.0222,0.089,94.42762739613462,114.95537248225085,160.5131256373861,111.46257059778081,147.70182045094526,78.9342944853936,212.58112069673413,3.1486791186272898
2.91,0.5328,0.0227,0.091,94.7854072686436,115.39093058791396,161.06036129465988,112.03442143823855,149.19430951642204,79.24200711555342,213.39518616914853,3.149328237922713
2.92,0.5288,0.0234,0.0937,94.92428147894535,115.55999484393347,160.72784059319915,112.55833233437896,151.47208362837586,79.43156881370253,214.41345500628967,3.1615309629984947
2.93,0.5247,0.0233,0.0896,94.76433647297459,115.3652791844908,160.22882252242397,112.4061611721052,151.38116068899578,79.38980882809116,214.46719660423284,3.1665790332835217
2.94,0.5288,0.0231,0.0886,94.88775213605832,115.51552433954927,160.7219721484309,112.4019329917046,150.76100663994268,79.49725692958282,214.4240744245591,3.1598161695320925
2.95,0.5491,0.0225,0.089,95.4559819640022,116.20728239095922,163.04038735090873,112.48782297042806,148.52367047248913,79.83058289496216,213.93501578950696,3.129088298432746
2.96,0.545,0.0219,0.0735,95.06120669928634,115.72668641652251,162.3006125536579,111.86809098708096,146.9438116487812,79.64066478207425,213.35539414243243,3.130752804711549
2.97,0.5369,0.022,0.0669,94.81088262250022,115.42194406217419,161.30551835828754,111.76513731826311,147.55821563485804,79.5737542971591,213.64035786812136,3.1433065005864953
2.98,0.5328,0.0223,0.0592,94.75248581380662,115.35085229506892,160.72543300915854,111.91951059935037,148.69860740579279,79.64976433861517,214.1867877644111,3.153789388392627
2.99,0.5247,0.0222,0.0572,94.46208442042241,114.99732016399251,159.81556561402482,111.66868909277879,148.6860503293792,79.51863262728058,214.21890478570893,3.163238167036575
3.0,0.5085,0.0219,0.0437,93.7217679026569,114.09606527279969,157.6916654188585,110.96938312228289,148.32792657640329,79.14441825580614,213.9713963644507,3.1837468459091487
3.01,0.476,0.0204,0.0461,92.06783212333578,112.08257823710443,153.93948038455855,108.8613544536056,144.51219359099483,78.00707863403699,212.0817469107751,3.208364764090145
3.02,0.476,0.0199,0.0506,91.98086448383687,111.9767045890188,154.09908235537762,108.50073986465421,142.93985680790652,77.91838809725333,211.57614670921228,3.201026624082438
3.03,0.4395,0.0192,0.0486,90.31352962078131,109.94690562529898,149.57036119593667,106.8359096773102,141.73058349564386,76.87036697107996,210.64531088215347,3.245128348796974
3.04,0.4395,0.0176,0.05,89.81066033925819,109.33471693474911,149.6547759140457,105.41562102462723,136.3454249804603,76.38715043753234,208.4497192747008,3.2230066561239283
3.05,0.4354,0.0166,0.057,89.37256635612205,108.80138512919206,149.35929851267534,104.4087333327216,132.97732669354866,75.98398785340362,207.02816871382046,3.2127132397477243
3.06,0.5044,0.0159,0.0635,91.81567512552522,111.7756045006394,157.98477898898227,105.74056538056517,128.894885300868,77.40409764218535,206.2668508222935,3.104812884591365
3.07,0.5897,0.0148,0.0696,94.2313815956105,114.71646455117799,167.6570246822176,106.74047870342483,123.43210628123313,78.76710725488738,204.75874440015852,2.986133822785178
3.08,0.8292,0.0141,0.0735,100.14870048645045,121.92015711393968,190.61322541777082,110.67379882216407,117.92319294706984,82.47209878226427,204.15482574926747,2.759873793223853
3.09,0.9429,0.014,0.0651,102.45543425975444,124.72835475100543,199.97249865786455,112.38472386280472,116.58494895894641,84.03843550449282,204.32755632475946,2.679767143185153
3.1,1.0403,0.0154,0.0476,105.02885650167877,127.86121661073938,207.32612455827257,115.37057514195648,120.47807813271712,85.99068962601676,207.19483799149836,2.642984605512334
3.11,1.1053,0.0162,0.0386,106.60632298369129,129.78161058884157,212.07562946432236,117.146060942508,122.56735290823337,87.18787680006263,208.82709112577885,2.618228518780557
3.12,1.1906,0.0143,0.0294,106.92743795376582,130.17253316110623,218.08436774058654,116.16214970362815,115.94868719730414,87.29632832759424,205.74780944550287,2.5447748662843894
3.13,1.1825,0.0159,0.0065,107.69656354180783,131.10885996393998,217.26739933430986,117.84545178501547,121.20070590891228,88.05995834334094,208.76266268647336,2.575594608359299
3.14,1.1662,0.0169,0.0049,108.01362619920212,131.4948492859852,216.16533051516078,118.7513749235522,124.49361206388423,88.40853194120709,210.572837060002,2.59865472921892
3.15,1.1134,0.0178,0.0067,107.64111613074098,131.04135876785858,212.4694074203241,119.04474812565859,127.74643669917437,88.27765587745127,212.0958372542476,2.6397481777337677
3.16,1.1175,0.017,0.0059,107.35010072606312,130.6870791447725,212.8227336350139,118.33708994522979,125.32279831498187,88.06548617950234,211.0065704471518,2.626772731043165
3.17,1.1175,0.0166,0.0019,107.17400066952109,130.47269646724308,212.83114447883966,117.96438220711364,124.14876831102157,87.96884984488611,210.5226518295458,2.621734329493629
3.18,1.2352,0.0164,-0.006,108.98187055071996,132.67358154000692,221.08843637139512,119.28098210227476,122.6956237156441,89.234906001776,210.51467352881198,2.5572857779305482
3.19,1.3327,0.0128,0.0143,108.29503756892768,131.8374370404337,227.94079048748733,116.39026744173933,110.61063192135339,88.45686136992475,204.11697054795482,2.4530506897577977
3.2,1.4382,0.0132,0.0261,110.00973549414459,133.92489538417604,234.87739343632143,118.1128257438685,111.45799464638117,89.73939353782743,205.21314380423982,2.4120924432350295
3.21,1.5316,0.0143,0.0755,112.03136739902183,136.38601248576572,241.23508708371745,120.53939760824372,114.53605142876509,91.238900832878,207.62004896236922,2.3871632314685076
3.22,1.7427,0.0163,0.0618,115.62709669143024,140.76342205913247,253.24484602200985,124.81183239213068,119.68544626501479,94.04796123826911,211.55180101824877,2.3386780849144486
3.23,1.7671,0.0175,-0.0423,116.43196167327521,141.7432576892046,253.51986547444034,126.1744638504631,123.19498087443068,94.87545780682319,213.70401037749318,2.353462781474434
3.24,1.6575,0.0186,0.0135,116.03843492481415,141.26418164759986,248.07819009429798,126.44654210478787,126.88705528356118,94.56277743999955,215.47072945045252,2.4029657940330305
3.25,1.5235,0.0197,0.0153,115.08421423402193,140.1025216762006,240.32475410987905,126.27105748645533,130.84677167597792,93.94883696994388,217.12002950407478,2.4684196247422094
3.26,1.2799,0.0197,0.0163,111.78726535285648,136.0888447773905,224.96510841421033,123.6502210703925,132.66856346311445,91.69937216806862,217.00888738574213,2.576719985112922
3.27,1.1581,0.0201,0.0241,110.10245746262649,134.0377743023279,216.7322893864337,122.59047702890962,134.93439532666017,90.61639985658508,217.58429495155676,2.6433948882096083
3.28,1.1134,0.0202,0.0178,109.40203547600564,133.18508666644166,213.48395204533935,122.13240491913061,135.73238310835717,90.21789514995639,217.8295202092149,2.6700997469435044
3.29,1.085,0.0178,0.0267,107.84505047820916,131.2896266691242,211.58964461474102,119.49814704359693,128.8608572758191,89.01947427537189,214.40114381297457,2.6549664347813655
3.3,1.0403,0.016,0.0302,106.17839898234276,129.26065963067813,208.34891956275754,117.05964461094503,123.65724737465088,87.77634543259914,211.54674801987466,2.6558964497741493
3.31,1.0322,0.0163,0.0365,106.25507290611712,129.35400179875128,207.88984731314258,117.33731863856768,124.74042269165184,87.88678373659391,212.20835506136154,2.6644641300246357
3.32,1.0119,0.016,0.0425,105.78780952565594,128.78515942253767,206.4839665840098,116.79330378658712,124.00750255490746,87.57416047130711,211.82699560009092,2.6719069716123864
3.33,1.02,0.0153,0.0484,105.6262465166274,128.58847402024207,207.26100578900497,116.21150444737913,121.70255442109202,87.42288481587569,210.7713968585109,2.6559077539972487
3.34,1.0485,0.0148,0.0529,105.92066248725546,128.94689346274578,209.56417471900207,116.11627623208199,119.86516799196856,87.60177737547922,210.06506893321068,2.6306674335844167
3.35,1.0891,0.014,0.0463,106.1775147790872,129.25958320932355,212.5628022505994,115.77985566597016,116.9504244488103,87.74990672227926,208.76949353466892,2.5953305380777785
3.36,1.1622,0.0117,0.0347,105.87523249488181,128.89158738507354,217.75891861262855,113.89105565248926,108.6141700154192,87.33735074728028,204.2070977556224,2.5171679017273925
3.37,1.2352,0.011,0.029,106.48366963013336,129.63229346277106,222.84327531505758,113.89176913913131,105.798658340464,87.7293066607179,202.81964830151762,2.4674339527652784
3.38,1.284,0.0119,0.0167,107.84023523707046,131.2837646364336,226.05230115454947,115.69716012233972,108.79620980407665,88.87107364903305,205.11629663162847,2.4615182940935085
3.39,1.2271,0.0131,0.0098,107.86099991599315,131.30904337599168,222.15190450119164,116.57161632124924,113.26846013404568,89.07289552811322,207.77976902885888,2.5109302033738814
3.4,1.1662,0.014,0.008,107.53043861743268,130.90662092557022,217.91871080771764,116.94182518562155,116.72827641602225,88.98420121260185,209.6595679654816,2.557503235343078
3.41,1.1053,0.0137,0.0045,106.38210410148032,129.50864847136737,213.51603289325791,115.82479106406724,116.1990432378384,88.21297965844738,209.1423772956478,2.5865642364527055
3.42,1.0525,0.0134,0.0027,105.32525337461603,128.22204758648908,209.5973929803461,114.78091979829445,115.61207066665567,87.50376945585991,208.62023371480552,2.6125203747576213
3.43,1.016,0.0147,0.001,105.4667245481822,128.39427336300443,206.82523239715482,115.83580882392079,120.38183442370236,87.80305382643269,211.24743030859133,2.6559804738656996
3.44,0.9957,0.0147,-0.0019,105.11711220245473,127.96865833342315,205.25058391878414,115.57843272264793,120.61780728090217,87.61912540984142,211.37150801108405,2.6691743858653716
3.45,0.9104,0.0169,0.0027,104.621248166241,127.36499776759776,198.47807350496555,116.72353283124234,128.78124056427927,87.57407762179217,215.25417156200638,2.7581447258637435
3.46,0.8617,0.0169,0.0086,103.63054588858522,126.15892542958201,194.51304382293765,115.98509985072657,129.38822274709523,86.95345689113083,215.3242360679082,2.7924980115230493
3.47,0.8211,0.0173,0.009,102.93277526044271,125.309465534452,191.02866829125333,115.74204384483063,131.25991536831663,86.58851171941312,216.0606293185515,2.8290883626000087
3.48,0.7643,0.0183,0.008,102.02912947945686,124.20937501846922,185.91457066059968,115.74144147029553,135.36217260200198,86.1688484358685,217.68780403039364,2.8892152603339474
3.49,0.7318,0.0207,0.0135,102.22476212037485,124.44753649436939,183.01721284332666,117.43218026435355,143.53473518727873,86.58074864001755,221.29277616336262,2.947113038394768
3.5,0.6993,0.022,0.0182,101.87717166609887,124.02438289785951,180.02335986423228,117.98042617237888,148.1772646023688,86.52096804297923,223.13845886729212,2.9913477179555454
3.51,0.6709,0.0232,0.0212,101.53117015977253,123.60316367276656,177.31978803581492,118.44873994369681,152.43909091430942,86.45446470901628,224.77766817682027,3.0315759089989576
3.52,0.6384,0.0245,0.0233,101.02196594663747,122.98326289155867,174.10175442615315,118.83285883364495,157.09808419356392,86.29603521340292,226.45625844380038,3.0779618328317278
3.53,0.6425,0.0251,0.0269,101.40137822725708,123.44515610274776,174.64814420467206,119.47122934843692,158.84004023098655,86.61753914303864,227.34353092633734,3.079471770018419
3.54,0.6465,0.0248,0.0404,101.55530898830013,123.6325500727132,175.38499664377392,119.44130023938628,157.8823036705851,86.67664397563992,227.1613841725559,3.069702617034568
3.55,0.7034,0.024,0.0445,103.0394908277414,125.43938013811999,181.18957403635855,120.11746814467175,154.3786226329941,87.56609415466397,226.4979562675835,3.0056847522089485
3.56,0.7724,0.0222,0.0472,104.3190337075533,126.99708451354316,187.80533903318684,120.05364740794003,147.81807771224612,88.2505672313834,224.52904250735585,2.9250463665885507
3.57,0.8942,0.0218,0.0496,107.12198548156469,130.40937362973094,198.58016484303224,121.94548117505605,144.838884288041,90.06541778094878,224.4009932005424,2.8265731996289407
3.58,0.9267,0.0218,0.0498,107.87313176529503,131.32381258383745,201.33630131110507,122.53619374365395,144.46978948706825,90.6000490627256,224.6191891331073,2.8039592871735817
3.59,0.947,0.0229,0.0508,108.78609056371074,132.43524068625658,203.06440240505614,123.88458750380732,147.48660073561982,91.3260810408743,226.25711932625043,2.8025144290121573
3.6,0.9064,0.0225,0.0527,107.80403626275536,131.2396963198761,199.81658428497326,122.93767918220995,146.93919946200182,90.68910843617675,225.82508516779396,2.8257911113112684
3.61,0.8982,0.0215,0.0508,107.26028072547864,130.57773305710444,199.15495763215748,121.96541320753418,144.16566249392068,90.29899912522896,224.63686930115568,2.820568363567851
3.62,0.8779,0.0204,0.0508,106.39895457868722,129.52916209579317,197.49698171749574,120.67324197477271,141.18107643942912,89.67971028408984,223.22685411228562,2.822182935689304
3.63,0.813,0.0205,0.0478,104.95744415017269,127.77427983499284,191.85279308032133,119.66463221695277,142.481932490186,88.79744580797514,223.39775453159086,2.8730175450011517
3.64,0.8414,0.0206,0.0498,105.72263218080397,128.7058130896744,194.44449294421713,120.32558448285569,142.43683593194152,89.34193370721901,223.751606765148,2.8520805276604753
3.65,0.9348,0.0203,0.0541,107.72721634673456,131.14617642211164,202.4576100435663,121.68772154358774,140.33020416679065,90.66525843423018,223.65450654679375,2.780948223685858
3.66,1.02,0.0201,0.0631,109.42941394610587,133.21841697786803,209.4369299453308,122.89462320422824,138.771228590759,91.8056188023184,223.6658082987843,2.7223355564252825
3.67,1.0891,0.0189,0.0727,110.22787014729799,134.1904506141019,214.88463938483164,122.80582138390102,134.45735908723498,92.27394230577154,222.14400918752335,2.6652086647130413
3.68,1.2028,0.0176,0.0833,111.55899982250754,135.81095630566136,223.29463780408344,123.0766598977063,129.50251207593908,93.12127645750085,220.40900379992624,2.5853273813464863
3.69,1.3449,0.0163,0.0833,112.99018810455036,137.5532724751048,232.95981573589034,123.4530070455471,124.49789405887118,94.100966284558,218.5516655701524,2.4985772326787745
3.7,1.4829,0.016,0.0669,114.62730494816479,139.54628428472236,241.5740274011488,124.65801369407454,122.80978619624705,95.35862263009015,218.331609914477,2.4357674191987124
3.71,1.6656,0.0155,0.0492,116.44730173687131,141.76193254923464,252.30659429939,125.95207030600484,120.40920761672409,96.78487274671478,217.7680180667539,2.3588758621512356
3.72,1.7387,0.0149,0.0433,116.85877500253721,142.26285652482792,256.45854632587003,125.99267316149768,118.29857175394511,97.13943447358854,216.86975884182607,2.324448895934847
3.73,1.7671,0.0148,0.0188,117.07367061990651,142.52446858075575,257.8391743711384,126.14618331657924,117.94530642000029,97.384581642973,216.8532049867182,2.314853552516785
3.74,1.7752,0.0148,0.0433,117.24662960456682,142.73502734469005,258.6291390137542,126.31888893985439,117.94500974375812,97.52129516542432,217.0074899766789,2.3104289470313164
3.75,1.8118,0.0144,0.028,117.34681142557747,142.85698782244216,260.54488279571405,126.20328719264216,116.62771482536951,97.65859661602724,216.41472444412722,2.2931785641260705
3.76,1.8483,0.014,0.04,117.48224784570671,143.02186694259947,262.73053359609366,126.12231575679732,115.29053869305262,97.78312343871103,215.80079538447805,2.2742923158535153
3.77,1.897,0.012,0.0357,116.45542089615351,141.77181674314343,265.36651239488054,124.06610076704672,108.80874851172528,96.97380966806088,211.70220294131357,2.227013321230441
3.78,1.9254,0.0113,0.0382,116.18054322945547,141.4371830619458,266.9678977971003,123.42748978668855,106.47816098085981,96.76918279355296,210.21845193272634,2.2060108352075614
3.79,1.9051,0.0102,0.0278,115.07374211310304,140.08977300725587,265.8524685983332,121.744468945275,102.86628234224565,95.87414357980451,207.56058659935363,2.193227994682869
3.8,1.897,0.0105,0.0194,115.29242432423678,140.35599482950565,265.40104239106506,122.13624283820444,103.95422136854967,96.11652708503253,208.47659849744431,2.2018998687103686
3.81,1.897,0.0113,0.0016,115.98399070492769,141.19790172773807,265.2800729274371,123.26710812115226,106.69970087545762,96.77477554390812,210.61615020611933,2.2173940298558206
3.82,1.8848,0.0115,-0.0027,116.071688557373,141.30466433071496,264.64970963772527,123.47458493714998,107.44333082116813,96.89638125951872,211.22701827688053,2.225088340712717
3.83,1.8361,0.0117,-0.008,115.81439390565258,140.99143605905533,262.0256448577282,123.35314771797394,108.288770588338,96.740333516658,211.8000411243932,2.24476176708615
3.84,1.6778,0.0127,-0.0113,115.04202221508564,140.0511574792347,253.17410139116646,123.23948558740958,112.16152918857222,96.21442740064846,214.0686727049092,2.3167462917126307
3.85,1.5682,0.014,-0.0166,114.77813928049052,139.7299086892928,246.7150948225526,123.81512254746623,116.91356294653097,96.12632552302478,216.83227944237785,2.3794877037819133
3.86,1.4382,0.0133,-0.0048,112.78349819399224,137.3016499752949,238.88654338842338,121.64862698242182,115.26759934238702,94.60078862897761,215.39465371368814,2.420952914687969
3.87,1.3164,0.0131,0.0094,111.09912460019929,135.25110820893826,231.1903301831095,120.08792636370764,115.2563217030444,93.35269123994081,214.9707483230771,2.4712644586505457
3.88,1.1946,0.0134,0.0188,109.57015778204813,133.38975729988468,222.97596049988715,119.0300284241881,117.04496993109699,92.29597935716141,215.59031762116953,2.535756282121013
3.89,1.0728,0.0145,0.04,108.35068363629132,131.90518007896335,214.40705974415584,118.82360318696317,121.71084616890688,91.54024248212839,217.7813490358452,2.6184697711275224
3.9,0.9673,0.0149,0.0404,106.66745542375077,129.85603268978355,206.21637944770967,117.77543406564641,124.04630282687847,90.4542662551294,218.52768683738236,2.689952842612827
3.91,0.8576,0.015,0.0467,104.50924561664505,127.22864683765485,197.18808308054517,116.15970106158001,125.55113613985516,89.0126116017175,218.66468357942483,2.7671233184287414
3.92,0.7237,0.0149,0.0541,101.33454746545647,123.36379691446875,185.1365037317965,113.62102996519815,126.87824069522392,86.87648564397219,218.34139398281664,2.873198890414078
3.93,0.6506,0.0148,0.06,99.36878129703415,120.97069027465027,178.03535777520986,112.03013255973846,127.62037431826313,85.56731388053419,218.11906014900086,2.9394736792568144
3.94,0.5491,0.0144,0.0633,96.1177849454762,117.01295558579713,167.19600205554823,109.19985042266865,127.91878475675146,83.37189394746264,217.21051444349538,3.043223981448709
3.95,0.4963,0.0138,0.0814,94.1769711367843,114.65022573173741,161.4862009527969,107.21182219619442,126.63661011585728,81.93490516828645,215.98898793081818,3.095306251630971
3.96,0.4719,0.0133,0.0957,93.18841323048741,113.4467639327673,158.8992401631701,106.03403374611383,125.16385203531631,81.1504939469262,215.01256522523244,3.1160515896908985
3.97,0.4557,0.0121,0.119,92.18853174722486,112.22951690966505,157.5015608646491,104.23895892643415,120.5509862673156,80.16827700514068,212.4663105886978,3.110225991944766
3.98,0.4476,0.0111,0.132,91.47639661100169,111.36256978730641,156.84804249640663,102.79102868086557,116.45692933435105,79.44659627553948,210.20292086942797,3.098279523113723
3.99,0.4476,0.01,0.1455,90.96648064171099,110.74180252034382,157.22779253823677,101.36069966912049,111.58912178558104,78.81637549553389,207.50209440925593,3.0707333474726046
4.0,0.4516,0.0077,0.1549,89.65012881417505,109.1392872520392,158.00497857318828,97.9299782583379,100.63227622534276,77.27763049590267,200.71041393026064,3.0050175779257087
4.01,0.4638,0.0072,0.1641,89.77978100757011,109.29712470486797,159.7849575898327,97.47953966180167,97.9605143970134,77.19731279234489,199.13121964211143,2.9716207128299437
4.02,0.4801,0.0074,0.1706,90.56460123627299,110.25255802676712,161.96479878826042,98.35539738638177,98.796855510044,77.81273209496304,200.01884955726078,2.9542022826240015
4.03,0.4801,0.0076,0.1721,90.76556899477517,110.49721442842196,162.04073915384848,98.74463980561025,99.82836222250228,78.03904024962024,200.83969524548905,2.9596432203711176
4.04,0.4801,0.0074,0.1567,90.53898877022687,110.22137763331968,161.7091817469076,98.33736132164935,98.9006095096699,77.92016094423194,200.27014809561894,2.958231508241179
4.05,0.4719,0.0077,0.1667,90.59879469539476,110.29418484656755,160.9969064340101,98.7201452024853,100.5129380262353,78.03751769038631,201.40774191369445,2.975053778753296
4.06,0.476,0.0078,0.1651,90.8361200419527,110.58310265976851,161.49539425318005,99.02706334023357,100.99596378622381,78.2721590583271,201.8847115666177,2.972986542510295
4.07,0.5044,0.0081,0.1549,91.96510085144895,111.95751408002482,164.68048508366263,100.28118009454498,102.16509926133291,79.22986876310236,203.0910238261472,2.947357131274648
4.08,0.5085,0.0084,0.1445,92.28640577030365,112.34866789428271,164.95763267394324,100.8632945304787,103.61379385836146,79.61637995503426,204.19242973552988,2.9528427875605248
4.09,0.5085,0.0081,0.1427,92.0853485059669,112.1039025290032,164.9553836007904,100.38620425094003,102.21876078758245,79.43045623092928,203.35523541660797,2.945664162301697
4.1,0.5044,0.0081,0.1167,91.81687931259881,111.77707046751159,163.89790374798454,100.16824006976813,102.37170826478612,79.39179166815318,203.46872290313368,2.9575666874792788
4.11,0.5166,0.0085,0.1157,92.53498955134074,112.65129162771916,165.3515276672265,101.18073136254962,104.17109606695186,80.03903690129496,204.9101820955273,2.9530543758054466
4.12,0.5125,0.0106,0.1112,93.79950887505952,114.19070645659419,164.80435250603364,104.26261041553411,113.8022063412402,81.48085042337262,210.9940693136215,3.0084439533173257
4.13,0.4841,0.0112,0.1192,93.27079575035148,113.54705569608008,161.63773264986494,104.38709966756288,116.89622145793727,81.2395829311906,212.5504266395605,3.056177450737625
4.14,0.4801,0.0111,0.151,93.32972361288691,113.6187939635145,161.96297787838262,104.35096648037992,116.468825623603,81.13672815089612,212.41964738546264,3.0511573457788717
4.15,0.4882,0.0113,0.1539,93.77977494572859,114.1666825426261,163.04881671545058,104.900284672533,117.21695785155454,81.50772740317613,213.06972485942657,3.0439699416857984
4.16,0.4922,0.011,0.1512,93.758359969338,114.14061213658539,163.5021638969634,104.61990203008136,115.9149585429066,81.47601013716748,212.46787046075053,3.0334693401716626
4.17,0.5004,0.011,0.1033,93.74475096701924,114.12404465550169,163.3758787640913,104.61510335999297,115.98317609255481,81.72462387950509,212.62296714352095,3.0354719387629787
4.18,0.5166,0.0125,0.0927,95.09732999887063,115.77066260732079,165.0875629566091,107.02103811131734,122.07164880765393,83.03144466574183,216.3679841932634,3.047131084090925
4.19,0.545,0.0127,0.0812,96.10716940833433,117.00003232318963,168.15791422611898,108.00566802276747,122.46084629314649,83.83977933047073,217.031974267669,3.018720020637694
4.2,0.6425,0.0126,0.0663,98.95492833019144,120.4668692715374,178.50138587102435,110.20301944958021,120.62227001632125,85.85105016441413,217.2042195685232,2.912798723108815
4.21,0.813,0.0112,0.0482,102.32101595255754,124.56471507267875,194.69618066926472,111.74003298387164,113.20907084535823,88.0048040132497,214.4056070374998,2.7381214215127887
4.22,1.3164,0.0116,0.0747,111.50540370072119,135.7457088530519,234.06025590348463,119.746591592333,111.41241541579711,94.66655025707422,216.28520591979077,2.441690900683839
4.23,1.6453,0.012,0.1192,115.92503713561467,141.12613216509612,255.23679635194753,123.99102314062478,111.48093145476555,98.09610928898346,217.72968490268306,2.309551848264214
4.24,2.1082,0.0121,0.0908,120.25373257569966,146.39584835302568,280.0333961427742,128.2398619186164,110.53639660760027,101.79818090080435,218.49543244339046,2.1642454877419626
4.25,2.437,0.0123,0.0461,122.79192382834061,149.4858203127625,295.5011274301477,130.99144841118155,110.53739136582448,104.15479441227244,219.3272281778232,2.0833161792036266
4.26,2.6969,0.0128,0.0341,124.86627886754286,152.0111220996174,307.0890120411518,133.4711780930925,111.65501095268047,106.10519710764592,220.76289463133318,2.0312714505952765
4.27,2.8999,0.0142,0.0292,127.20090052058445,154.85327019897238,315.7328654995321,136.5658730422852,115.4768853347576,108.21808886607924,224.0150141037222,2.008613995353566
4.28,3.245,0.0146,0.0235,129.28213980236822,157.3869528028831,329.59484818911903,139.1498210855645,116.08322156045725,110.31012959004526,225.1458203302153,1.9473468152866564
4.29,3.3871,0.0154,0.0147,130.5964793240926,158.987018307591,335.0386163652236,140.92835868411942,118.11844978817663,111.55791911168028,226.91848291221893,1.9327232565275536
4.3,3.6672,0.016,0.019,132.27224616482425,161.02708228761213,345.46524651993855,143.16511829715898,119.35026249045914,113.27346718866642,228.3173675228836,1.892896431567626
4.31,3.6956,0.0167,0.0135,132.9662363053826,161.871939850031,346.52407952706403,144.1466823721501,121.20440328605166,113.87662969384073,229.73994602664425,1.8970901673988327
4.32,3.7038,0.0173,0.0218,133.50366028975557,162.5261951353546,346.9562992317906,144.9151863430461,122.80515538681729,114.32083164075338,230.935728411094,1.9027035832779975
4.33,3.7078,0.0169,0.0235,133.25534264157457,162.22389538974295,347.1908272649206,144.5615743352369,121.80957251045587,114.19019166173581,230.37106253914075,1.8972651359077102
4.34,3.7159,0.0178,0.0247,134.008532369603,163.14082201516888,347.5679286767308,145.64185930785357,124.18281434629345,114.79264071374432,232.06932069725818,1.906574332342791
4.35,3.6916,0.019,0.0259,134.82762096175256,164.13797334474225,346.7866785971814,146.84701547515672,127.34953616411474,115.38073285216689,234.17088316076428,1.9241541821991126
4.36,3.655,0.0207,0.0288,135.8968772041617,165.4396765963708,345.57055864429844,148.4515438796017,131.74874713362465,116.11180826934738,236.91434007685186,1.9485325333427364
4.37,3.6144,0.0222,0.0292,136.7476818793535,166.47543880964776,344.1824225521312,149.76937285347833,135.59709745648988,116.67456063435151,239.1976527623814,1.9707795447425163
4.38,3.5698,0.0237,0.0294,137.5264653114291,167.42352298782674,342.63544804351653,151.01308044275711,139.40681857871664,117.17432433532154,241.35680885549263,1.9931361226570143
4.39,3.5129,0.0263,0.0296,138.82300569484784,169.0019199763365,340.62068152939725,153.11111397019897,145.796330602566,117.99270570606785,244.7571869786068,2.0271497994397554
4.4,3.3749,0.0279,0.03,139.060249806691,169.29073889510207,335.53321300230715,153.80273298954472,150.03126793023947,117.96478672090487,246.71238955880307,2.06578686213021
4.41,3.3059,0.0295,0.03,139.5693364504304,169.91049654835007,332.9754916590199,154.81108363728185,154.02206947196572,118.23463004499649,248.6121357643622,2.0920409748993327
4.42,3.2084,0.0311,0.0306,139.86379139508307,170.26896343749243,329.27481882654683,155.60586255160257,158.09969965929585,118.31774155833965,250.4130599050973,2.123506854810572
4.43,3.1069,0.033,0.0304,140.2000721105499,170.67834865632165,325.33491882147536,156.5475875240531,162.8583796080763,118.42675885605291,252.43521080934326,2.1582478755797765
4.44,2.9648,0.0347,0.0302,140.10364780967038,170.56096255090307,319.64958483616664,157.01800267816128,167.3577879334226,118.1965970128294,254.14597999069338,2.2000446712800943
4.45,2.8024,0.0363,0.027,139.70712343167085,170.0782372211645,312.9009417202125,157.19761660724475,171.7864480411018,117.75476601976597,255.67862517083574,2.2468079808543173
4.46,2.6157,0.0409,0.027,140.09922794448832,170.55558184546405,304.8514288128131,159.13460248263314,182.89664620189131,117.82531528807434,259.6902565399468,2.32118960458502
4.47,2.4086,0.0441,0.0259,139.48054763565952,169.80240581732465,295.47062619762795,159.7170586573861,191.16638935090978,117.23730636793184,262.2343831213201,2.3931514464027352
4.48,1.9376,0.0473,0.0249,135.65296060204133,165.14273464596337,272.00733815794746,157.68985350362487,202.00841011665128,114.35433157566844,264.35698846572365,2.549403697335368
4.49,1.7103,0.0474,0.0243,132.85919691914617,161.74163103200405,259.429950299794,155.5336146327542,204.74085775718166,112.40724887543244,264.33459110611955,2.6291633618119885
4.5,1.4951,0.0472,0.0245,129.7344411666008,157.93758055064444,246.53481174048304,153.0528558201591,207.07033222887958,110.28097637843764,264.07515355946634,2.7137231205805517
4.51,1.3124,0.0456,0.0249,126.34590923497505,153.81241124257832,234.65859017381786,149.87039654840794,206.23701942101437,107.98775673353497,262.788006326045,2.787727591979681
4.52,1.1622,0.0444,0.0253,123.28077116850547,150.08093881383274,224.10940460127273,147.09422346475074,206.04588305502372,105.94477423634962,261.7897533779684,2.858787391722051
4.53,1.0485,0.0431,0.0257,120.64047758452622,146.86666836377105,215.55867910677657,144.59911100067959,205.1863909453958,104.19253180397922,260.7275069942883,2.917458786307275
4.54,0.9591,0.0415,0.0267,118.26774075597875,143.97811918119152,208.4418953999403,142.17206951440855,203.24830924733644,102.60434267090355,259.42207667945314,2.9652022934927165
4.55,0.8089,0.0379,0.029,113.63357909891438,138.33653107693925,195.47337353537472,137.13102997062924,197.75884906477472,99.4280454136736,256.19942921112334,3.052300265027009
4.56,0.7805,0.0363,0.0335,112.5127664397958,136.97206349192533,192.96803496838092,135.58656861655135,194.38760051127707,98.62431454564094,254.84098872253617,3.0636293598579085
4.57,0.8292,0.0348,0.0459,113.54259439439734,138.22576708883156,197.71038577980943,135.7163483262802,189.34850967865884,99.20019871681188,253.70085714186746,3.0102149435242254
4.58,0.9348,0.0339,0.052,115.96253863267818,141.17178616152125,207.02323608531188,137.18052647268058,184.88715438933303,100.76935857876875,253.20250649268564,2.9238379595066046
4.59,1.0485,0.0317,0.0641,117.87057399536835,143.49461182044843,216.43929629284327,137.63282936092196,177.1856816996039,101.9416181429306,251.35543213045736,2.8300926729282607
4.6,1.154,0.029,0.0955,119.1645497199121,145.0698866155452,224.9273988540719,137.34149069028285,168.4547109748363,102.65997886447249,248.77661229484116,2.7418001633794944
4.61,1.1743,0.0264,0.122,118.69528959762918,144.49861342320077,226.83870378798423,135.6662264325507,161.08692768962518,102.18049234864297,245.92402886914402,2.7037590366027557
4.62,0.9388,0.0215,0.11,112.15811861815911,136.5403183177589,208.50127340918965,127.76645099089905,149.7976924167362,97.32652291100467,239.1818473076961,2.795605154233393
4.63,0.8861,0.0192,0.0804,109.90957884476012,133.80296555014277,203.590669711244,124.5701778600171,143.33324936756944,95.6755251218996,235.71774519828378,2.8089601706778904
4.64,0.8333,0.0182,0.0474,108.12555730060033,131.63111323551345,198.4044756046416,122.51120737355987,140.89151830430177,94.46939755132007,234.1057146276824,2.840771397986387
4.65,0.7399,0.0168,0.0465,105.1843811499902,128.05055096520547,189.7219336266452,119.21743777316037,137.49710371176667,92.30629726830307,231.60473794261716,2.8994500269275973
4.66,0.6993,0.0156,0.0592,103.62291011960225,126.14962971082015,186.02032940376867,117.11200670277212,133.82100886574938,91.05210647567537,229.41304018670112,2.916576717541323
4.67,0.6668,0.0138,0.0641,101.8579406257157,124.00097119652348,182.86533802938388,114.32163220488215,127.57309297387351,89.56807596130402,225.8285129660862,2.918055753082546
4.68,0.6831,0.013,0.0729,101.93795520742512,124.09838025251754,184.74572099479832,113.75533715526817,124.23061627460314,89.48890736420957,224.243454799881,2.8867421150374923
4.69,0.7724,0.0113,0.0833,103.21518005057727,125.65326267026798,193.6803202275599,113.39320363187785,116.35994025357,90.08628344879526,220.5142781719551,2.7737021744799204
4.7,0.7358,0.0112,0.1004,102.38512404210297,124.64275970342972,190.56802392345966,112.62824105210854,116.33965052235354,89.44571339276402,220.2991790837905,2.8000749760399315
4.71,0.6668,0.0105,0.0996,100.18570121020453,121.96520147329247,183.74784990683824,110.18873897665041,114.20673248205071,87.76709262421242,218.41689110495204,2.8493923177966054
4.72,0.61,0.0103,0.082,98.41269768552569,119.80676239977039,177.44386083228576,108.53413298657446,114.12081562009496,86.56188087761234,217.84488194096656,2.906815788237542
4.73,0.5531,0.0097,0.0694,96.2530852728863,117.17766902786157,170.85098295544134,106.15933818894383,112.2764976674138,84.97574892826998,216.11091222512948,2.961236801644538
4.74,0.614,0.0096,0.1049,98.23827637619407,119.59442341449711,178.44309444907555,107.73819377005556,110.96772097027109,86.24004208576049,216.1022964888128,2.8824655511954638
4.75,0.7237,0.0094,0.1408,101.1689300713142,123.16217573899121,190.37957201325545,110.01862889820757,108.88686600527234,88.20327133327554,215.88903895884894,2.766033096783043
4.76,1.2758,0.011,0.1774,112.61520198524944,137.09676763421672,235.4973896907209,121.23778694532432,111.83206607258494,97.01990450443596,221.39007874533257,2.4442878456822514
4.77,1.5844,0.0163,0.1949,120.35319110929119,146.5169283069632,255.5625335179243,131.63086329014476,128.52239517966137,103.47562055784135,233.50075741881025,2.3961467770637475
4.78,2.1203,0.0164,0.2078,125.74336268504425,153.07887631222778,285.1746021262062,136.7228764604121,126.48876305765273,108.02692916835005,234.31497958742167,2.2200901923001157
4.79,2.0797,0.0164,0.2053,125.43347950477876,152.70162722320893,283.14984623165424,136.43710103087224,126.6900313210097,107.78919655005485,234.40536403199292,2.2319407969476033
4.8,1.9051,0.0141,0.0469,121.9939808516091,148.51441147152414,272.35142585861473,131.9418337552495,120.32403832195038,105.17105567140766,229.81780092205827,2.262388611333265
4.81,1.7062,0.0132,0.0225,119.32502673758194,145.2652499414041,260.9444880319311,128.90893509205452,118.16914945024732,103.00874631459223,227.78970508594833,2.3178203949116365
4.82,1.5073,0.0134,0.0037,117.19181244028883,142.66829340556902,248.7245890839687,127.0917788099265,119.78502859970757,101.37137903398636,228.1460518995108,2.3993007639822617
4.83,1.3652,0.0138,0.0,115.64554554029033,140.78588152730998,239.49645921405448,125.99895571421638,121.97197172676454,100.23822180228613,228.97238783208152,2.468056293619601
4.84,1.3814,0.0149,0.0045,116.6427103466822,141.99982129161313,240.68727211530395,127.61452611060791,125.67699366187748,101.10794764024676,231.40791574928156,2.477307891430943
4.85,1.7224,0.0161,0.0114,121.63661668970738,148.07935944833943,261.97173827555616,132.8033272792876,127.75099117198741,105.10512002017126,234.25408386074878,2.356116045337614
4.86,2.7415,0.0172,0.0196,130.74565386934034,159.16862210180565,312.9456375909852,142.31983283934684,127.36106353569023,113.0633567132687,237.21303095226375,2.0845791534978546
4.87,3.3952,0.0186,0.0292,135.79033352608334,165.30997124914495,339.6912843303701,147.04265825953254,128.70648560419673,117.42621453144405,240.14285470991803,1.9799042930842095
4.88,3.8905,0.0188,0.0341,138.62568177761457,168.76169955535687,357.9064721526685,149.04281354272555,127.37983383447356,119.92629462445193,240.8443878702816,1.9087248860686676
4.89,4.2032,0.0188,0.0212,140.13178752774348,170.59521959899206,368.6037754319822,150.07578400084014,126.39391266255366,121.33785557623094,241.1070501079759,1.867954982119588
4.9,4.4224,0.0186,0.0035,140.77151220759245,171.3740148614169,375.7858179171096,150.84797952095806,125.58353436884549,122.19028076163784,240.98716674159698,1.8365906189738634
4.91,4.5848,0.019,-0.0019,141.76952601134755,172.58898818772747,381.0404314561006,151.79391307044446,126.14403164855962,123.11335417205545,241.84388566743402,1.8218721689987087
4.92,4.7025,0.0199,-0.0023,142.8932128920398,173.95695482509194,384.82322198510957,153.16371455454936,128.0648199950485,124.10928531419285,243.47426277667282,1.817156073427555
4.93,4.7675,0.0213,0.0023,144.1061903147392,175.4336229918564,386.95303005932413,154.90845238757413,131.3128982834101,125.12919041763406,245.7868963633135,1.8225475252709482
4.94,4.7919,0.0228,0.0059,145.18587877413728,176.74802633373235,387.80832446162293,156.60099026322683,134.86221172281486,126.00147311399219,248.10753898158885,1.8328433595135976
4.95,4.8122,0.025,0.0082,146.61550145589402,178.4884365550014,388.5268864624351,158.93924948426613,140.0081003653765,127.11727586724135,251.23284420269772,1.8486688682715509
4.96,4.8406,0.0259,0.01,147.5142113908062,179.58251821489452,389.48977649415417,159.5975403257846,141.63436860481576,127.6706571449314,252.53050251521498,1.8557931679164885
4.97,4.8568,0.0278,0.0116,148.6846819445099,181.00743888896858,390.074578005986,161.48487255299872,145.91593114529854,128.55679859287244,255.00150103060722,1.868674303837818
4.98,4.8812,0.0301,0.0131,150.0482407802622,182.66742355858008,390.90861633223335,163.69339657739818,150.97573348555238,129.57357167933563,257.7908630133867,1.8828183894025377
4.99,4.8609,0.0326,0.0143,151.27063431026755,184.15555481249964,390.3720025593884,165.87723182022629,156.55793617329525,130.42896210904286,260.6028644115223,1.9025141833113615
5.0,4.8041,0.0351,0.0155,152.27347435896468,185.37640356743526,388.70864510592895,167.88078591096172,162.22354762060291,131.08231674436303,263.22856774479436,1.9255571196463408
5.01,4.7066,0.0376,0.0161,153.0289787243728,186.29614801227993,385.75799291761143,169.69888658122971,168.04026999607802,131.5173809676942,265.6875192905915,1.9527413196095422
5.02,4.5483,0.0405,0.0165,153.5879026111508,186.97657709183576,380.83048182334835,171.58855755753544,175.01668139763663,131.75360105117736,268.33358453991696,1.9892555880308174
5.03,4.3412,0.0435,0.0165,153.81659042393562,187.25497964653033,374.1894916189038,173.31760868565917,182.54254491952634,131.72376685307336,270.8808923922636,2.0325489785613455
5.04,4.0732,0.0461,0.0155,153.39311725323455,186.73944709089423,365.26296527597214,174.50101264006003,189.83002068410076,131.2234449180066,272.94134407969665,2.0825563331491224
5.05,3.7809,0.0486,0.0143,152.74572275479952,185.9513146580168,355.08800912364416,175.0612041973353,196.7810521609872,130.4659989678734,274.8080139656675,2.1402951977030296
5.06,3.5048,0.0505,0.0131,151.92371186339443,184.95060574674105,345.016275963891,174.76188048115375,202.00012542936832,129.53178718920225,276.1647368948337,2.1981240758748255
5.07,3.2409,0.0518,0.0123,150.75448201723893,183.5271954992474,334.9186176219951,174.03224407417125,206.13974664372273,128.42076616145556,277.05664034339736,2.254131308015701
5.08,2.977,0.0524,0.0108,149.14573582429142,181.56872187305044,324.2856284396328,172.75327640096467,209.08255854526487,127.05056011860462,277.4356748438815,2.310661666926133
5.09,2.7172,0.0523,0.0104,147.1290995855198,179.11368645193718,313.2346613773429,170.9520717535927,210.79844312015362,125.43955882851533,277.31737061141257,2.3675877671695265
5.1,2.433,0.0516,0.01,144.4603842038367,175.86481555249685,300.3553724583689,168.44424422486773,211.70393757380631,123.38907851788949,276.7431772967133,2.433566736851205
5.11,2.1934,0.0508,0.0104,141.88698874502822,172.73198629829523,288.7628268955823,166.03481811185466,212.25395129908497,121.4692892169939,276.1066061625473,2.4948536927236127
5.12,2.0229,0.0497,0.0108,139.73879864994242,170.11679835645165,280.04018408547313,163.9072465618247,211.68657923672743,119.90927250371043,275.29327143440014,2.5401737520374676
5.13,1.9092,0.0484,0.0118,138.0683282922441,168.08318226881892,273.9902838653452,162.1105994218798,210.17524341496056,118.71763075787756,274.3643287988155,2.5696311606314537
5.14,1.893,0.0468,0.0141,137.45743735569758,167.3394889547623,273.17892614381725,161.06788945435832,206.96500218806693,118.30569857007994,273.28531781528426,2.5656616881565846
5.15,1.9539,0.0449,0.017,137.66552246482902,167.59280995718316,276.58294289714985,160.57814499740607,202.26383348800977,118.50225506359136,272.0142687600706,2.5339723105705425
5.16,2.0676,0.0418,0.022,138.00912835730645,168.01111278280786,282.720016610062,159.74583424391605,194.38908382473542,118.82812675863296,269.74133266943227,2.478349080707204
5.17,2.2218,0.0398,0.0286,138.95972745428946,169.16836385739586,290.70116476999317,159.845096037087,188.67915622181093,119.64209345644815,268.3016100919371,2.419375994464979
5.18,2.3396,0.0276,0.0335,135.07241866394745,164.43598793871863,296.58454145362396,151.58267063073595,158.78898611463845,116.99123949792862,256.05603324508104,2.2924829088495304
5.19,2.3802,0.0241,0.0347,133.6603778193318,162.7169816930996,298.60307430395113,148.8175086910885,149.5529598788564,116.03101730489816,251.7365361087461,2.248753940012722
5.2,2.4167,0.0223,0.0298,132.97259952628053,161.8796863798198,300.3498410301091,147.41857394666107,144.61577031362242,115.60061140051975,249.35844547133934,2.221228882808166
5.21,2.4817,0.0202,0.0231,132.22772846607097,160.97288682826033,303.39824889980935,145.8255496617116,138.62617990854378,115.15605280195363,246.34089905549038,2.1823580509992206
5.22,2.506,0.0183,0.0151,131.32805683274077,159.87763440507572,304.5112255497323,143.76824660760505,132.9305745744927,114.43712457465227,243.33327104314918,2.157009782705924
5.23,2.5182,0.0167,0.0055,130.4806984740151,158.84606770749667,305.0450178099978,141.81496076643208,127.9862541606301,113.71133315448537,240.58131344303362,2.137408285291247
5.24,2.5142,0.0138,-0.0027,128.5000287661035,156.43481762829992,304.8416093982489,137.91346935380017,118.87670536878875,111.95911564074709,234.7998477300061,2.103353270258595
5.25,2.502,0.0111,-0.0154,126.32107447591653,153.78217762285493,304.21492858941025,133.86379282701657,109.98005495382654,109.9353310546991,228.34913587272467,2.069006226226919
5.26,2.502,0.0096,-0.028,125.04333091413253,152.22666372155265,304.1549966330313,131.45794965336057,104.79169591809702,108.67602479461411,224.18767603561972,2.0464347387363424
5.27,2.4939,0.0091,-0.0201,124.57899561881301,151.6613859707289,303.9084379986894,130.60080188522443,103.04516919475199,108.20122824146794,222.73585167552105,2.039886706795817
5.28,2.4979,0.0094,-0.0201,124.93583194111017,152.0957954065689,304.1519265037975,131.146263718756,104.11504714034332,108.57515855232383,223.78697927947906,2.0443451291838017
5.29,2.4654,0.0104,-0.0183,125.61821644511672,152.92652436796817,302.7052669153591,132.62437053870826,107.73666617832578,109.34125425804862,226.83409925102174,2.067646300705014
5.3,2.433,0.0114,-0.016,126.2479384818181,153.69314249960465,301.255236719033,134.0406199739971,111.31404873050153,110.02568500589905,229.64480891077267,2.090270173302137
5.31,2.433,0.0126,-0.014,127.25365892444542,154.917497821064,301.3304084081787,135.86933625456876,115.38211880519147,111.00162043672199,232.7631852742429,2.1078448607383895
5.32,2.4005,0.0136,-0.0123,127.78298129318253,155.56189026996134,299.85670022218835,137.1597984700588,118.85351913648613,111.54970663438213,235.17420746141204,2.1291686006656336
5.33,2.3518,0.0149,-0.0105,128.33537390602262,156.23436823341888,297.5884622533763,138.7227386575052,123.34815285322087,112.12542520172727,238.05884218290902,2.1576636907127527
5.34,2.3396,0.0169,-0.0087,129.57975889185792,157.74927169443572,297.06986844490046,141.33416344630808,129.81014944109742,113.27792397382332,242.09432713338498,2.1848340162461275
5.35,2.3477,0.0176,-0.007,130.13939360724345,158.43056613055725,297.534197551595,142.28058115411724,131.94337842535774,113.77589493015725,243.4964670527827,2.1912016101750744
5.36,2.3761,0.0184,-0.005,130.93344901332526,159.39724227709164,298.9793216260137,143.43125219689242,134.21100180518079,114.4537516089273,245.04517923819913,2.1936837531876416
5.37,2.4127,0.0186,-0.0005,131.44276304212386,160.0172767469334,300.82934642229975,143.8729825239822,134.56373564693695,114.86844117158566,245.53333177263156,2.1875906586513563
5.38,2.4736,0.0189,0.0018,132.2149426139046,160.9573214430143,303.78533085110183,144.54601752997524,135.05378233848677,115.49443786338341,246.2058363784455,2.1773156635376076
5.39,2.5426,0.0191,0.0041,132.97386671193158,161.88122904061237,307.0720917564837,145.14583849481357,135.21437101996364,116.11419278686628,246.70906550958813,2.1643574131216043
5.4,2.6319,0.0192,0.0069,133.82033520839317,162.91171242760907,311.2291051559596,145.71904940916514,134.96989235542847,116.8035605103292,247.05550178200318,2.1463984602223993
5.41,2.709,0.0195,0.0092,134.66384231082728,163.938590639268,314.7571220506195,146.45667476341282,135.394015718372,117.50166812971896,247.72278255633663,2.1336987386682056
5.42,2.7618,0.0203,0.0116,135.59723748217456,165.0748978043864,317.16409383699323,147.6445067720205,137.38031724854542,118.28331192842045,249.17294333689821,2.131337544975095
5.43,2.7943,0.0216,0.0125,136.63936031104194,166.34356907431194,318.64946556323554,149.26832962793014,140.84330087071098,119.15579083472845,251.33068816327489,2.137855567203297
5.44,2.7578,0.0232,0.0135,137.2795357182837,167.1229130483454,317.1209723562418,150.8506430365862,145.4929697953248,119.69909265071871,253.76976619163736,2.1604932515236546
5.45,2.6603,0.0275,0.0135,138.65212851776377,168.79389558684284,312.85160807094223,154.78645159579122,157.7635701805979,120.83442302886922,259.4930957658806,2.2179200300609607
5.46,2.4979,0.0298,0.0139,138.3344532561005,168.40716048568754,305.4805937455569,156.12560450273713,165.0906838304454,120.6057835439146,262.21628714506966,2.2728720775457765
5.47,2.3233,0.0312,0.0145,137.5438122691198,167.4446410232763,297.20989976509134,155.96733480024514,169.64806987860797,119.8704934572263,263.7666146475875,2.32992543798137
5.48,2.1406,0.0327,0.0155,136.51932885677905,166.19744382564406,288.12920347188214,155.67985941013205,174.63686326878826,118.98806356154299,265.3434719121731,2.393548125303116
5.49,1.962,0.0348,0.0163,135.52508276999234,164.98705728520807,278.7709146872019,155.70858362066545,181.23059692420867,118.1731108992609,267.45014204632474,2.464910703897632
5.5,1.6047,0.0358,0.0172,131.5107962996234,160.10009984301982,258.2587061809761,152.77523186112,187.15321011122282,115.12977520221307,268.16137501193765,2.6007464740620403
5.51,1.4301,0.0392,0.0184,130.05018596117156,158.321965517948,247.22573828563603,153.0715112008822,197.67996855872255,114.14935808950983,271.23642404165327,2.6993505201051575
5.52,1.2596,0.0394,0.0194,127.24648129308446,154.90875983505936,235.6103904618361,150.93107318784973,200.6804074544069,112.1854604828368,271.28549428972235,2.783285754200505
5.53,1.1094,0.039,0.0202,124.2682271163749,151.28305909819554,224.54317811397496,148.40941950931966,202.24924945885655,110.1149959509404,270.79538891390973,2.863857449707483
5.54,0.9997,0.0385,0.0227,121.80692808612181,148.2866950613657,215.90005355200182,146.25743043124032,203.1229742199079,108.41466041540673,270.256816357872,2.9291018714501007
5.55,0.8942,0.0359,0.0269,118.6480219200295,144.44107016351418,207.04824704608265,142.58418596331796,198.57380654894467,106.12328951368724,267.7125772345117,2.98412667172607
5.56,0.8049,0.0327,0.0325,115.5011153440048,140.61005346226673,199.0827026854653,138.55308202589526,191.86970330509644,103.77265210443511,264.39751912180145,3.029114880107392
5.57,0.7318,0.0317,0.0423,113.25273030778041,137.8728890703414,192.25950184244584,136.25605493865416,190.8559240401554,102.1470884837389,263.26633507500816,3.0839565628146626
5.58,0.6749,0.0313,0.0563,111.54010339573337,135.78795196002324,186.7990398770511,134.6741796644527,191.2380682521276,100.9073469741473,262.7939382878851,3.1334380234384507
5.59,0.6465,0.0317,0.0635,110.82466624626178,134.91698499544913,183.9931654663422,134.3035702068228,193.27572766926437,100.44032112866819,263.26362318358383,3.1651248859953443
5.6,0.6019,0.0307,0.0759,109.18466774047104,132.92046507535605,179.44212715373774,132.45606028574343,191.69968767554877,99.19689654669797,262.148752402216,3.203359186360589
5.61,0.5978,0.0271,0.1006,108.20854950974672,131.7321472292569,179.56711116417708,129.75967163064757,180.68859105093824,98.1273342189706,258.03575039426255,3.1693339813077896
5.62,0.5937,0.0238,0.1202,107.17318084530804,130.47169842037502,179.57878713048132,127.02931467205741,170.1109341266017,97.02732566529043,253.81801527369012,3.135734584348001
5.63,0.5978,0.022,0.1551,106.9266845744949,130.1716160037329,180.83427430708986,125.74677546839452,163.83542116239795,96.5393322262338,251.3621263557081,3.103086612535865
5.64,0.61,0.0182,0.1755,105.95127428010763,128.9841599931745,182.64067923158305,122.45546609226248,150.11839725684388,95.35573880493423,245.38843448131564,3.0375070697456903
5.65,0.6181,0.0162,0.181,105.34324976750355,128.24395623869998,183.66353212492865,120.52612460203532,142.51649570261492,94.66501254597442,241.83480186698915,2.999220842021626
5.66,0.6059,0.0144,0.1806,104.10574532516387,126.73742909150384,182.370978326092,118.10847387690961,135.7571953280862,93.5213171720915,238.2315100280855,2.984287347236902
5.67,0.5613,0.0113,0.1482,100.82541021928523,122.74397765826029,176.71672292770597,112.66157901651324,123.59618302157584,90.69921124182058,230.81312993584172,2.985962613132603
5.68,0.5247,0.0104,0.1751,99.30091799275706,120.88807407813904,173.12057778249343,110.48415416056784,120.05144374789941,89.24987586627347,228.32399795030375,3.005624563764596
5.69,0.4963,0.0097,0.2033,98.12459034886605,119.45602303340215,170.42656305064605,108.75805504424217,117.15132578046104,88.07005400196242,226.27261288341654,3.019705855600193
5.7,0.4963,0.0094,0.2476,98.23148994202116,119.5861616685475,171.5251670824957,108.56334913244427,115.58589718289451,87.88359628202966,225.45051021872743,3.0012425582891913
5.71,0.5004,0.0097,0.2749,98.77418579880857,120.2468348855061,172.69660391450142,109.34882024487551,116.91867903076216,88.26050466928545,226.48735725152838,2.996092203295623
5.72,0.5085,0.0097,0.2845,99.11800104603259,120.66539257777882,173.91036890953345,109.66102614629742,116.79517358758956,88.50786623201164,226.61457010207187,2.9836176282796574
5.73,0.5125,0.0098,0.2988,99.42871196060571,121.04364934334609,174.74362270413974,110.03930363901036,117.20079913274787,88.7263241436749,227.0303921172764,2.977570048748674
5.74,0.5166,0.0093,0.3037,99.2586318397459,120.83659528316893,175.3648383119618,109.4009315290464,114.75640716582268,88.48581344567565,225.60285434375922,2.959929377811798
5.75,0.5207,0.0083,0.31,98.69015495940774,120.14453647232247,176.01531850529918,107.87291495117006,109.7595681281073,87.79657551591569,222.40196506508744,2.928904238525631
5.76,0.5207,0.0079,0.3237,98.47472116790848,119.88226924788859,176.36136518218143,107.2548590650902,107.7111902910215,87.47962912720155,221.07565156235123,2.91527484117622
5.77,0.5207,0.0077,0.3231,98.33094711413578,119.70723996503487,176.37784125440814,106.9082890889161,106.70519218217343,87.33574724833967,220.43663787011116,2.9101801413562627
5.78,0.5207,0.0084,0.3225,98.92469327112423,120.43006137354253,176.39426358085944,108.1908296841871,110.32638071231895,88.01112127788778,223.04195022077178,2.9290241771050827
5.79,0.5166,0.0088,0.3253,99.15449593437407,120.70982113749886,176.01600680173573,108.80979158923536,112.40565480808486,88.29350539982606,224.4799319269106,2.9435209001482563
5.8,0.5125,0.0092,0.3398,99.44324264937927,121.06133887750521,175.9072508437277,109.47331139392978,114.42246135205518,88.56071458081385,225.86617122529785,2.9548702128557363
5.81,0.5166,0.01,0.3435,100.18535440135747,121.9647792712178,176.49621066849582,110.92139241090948,118.22051046115773,89.32088586915954,228.44079320522587,2.9676679741326817
5.82,0.5207,0.0104,0.3441,100.61223459753991,122.4844595100486,177.01137327869841,111.68365951736332,120.06116707570088,89.75709560904421,229.72187518783673,2.9715782608114423
5.83,0.5369,0.0101,0.341,100.9042736978306,122.83998537127205,178.81440900047528,111.6680742046959,118.46306040665709,89.97813877860261,229.00074200882028,2.9468596161217127
5.84,0.545,0.0095,0.3372,100.7224098723408,122.61858593154533,179.6703854225904,110.93317741631502,115.5591257560978,89.75791382932088,227.30846464294936,2.9250361951568253
5.85,0.5491,0.0093,0.3357,100.71285744724621,122.60695689229973,180.12593122309067,110.73163354653366,114.58264012188039,89.73896295288225,226.7913016013685,2.916228602334915
5.86,0.5491,0.0093,0.3357,100.73967357564275,122.63960261382596,180.15639062398594,110.75779445870894,114.6159144120303,89.7815818449813,226.88932143377153,2.916402695232855
5.87,0.5572,0.0094,0.3335,101.0608001856518,123.03053935644569,181.0391278869814,111.1477817230801,115.02801677320362,90.09370072126423,227.3276687136204,2.910306124930508
5.88,0.5572,0.0094,0.327,101.05031841291851,123.01777893746602,180.92542023450724,111.14043332927804,115.07857022978665,90.13634239202807,227.42558581948998,2.911931245678859
5.89,0.5653,0.0096,0.3188,101.40828641036649,123.45356606479397,181.67080369042662,111.65955274462213,115.97961798611186,90.52458889586843,228.17131733179846,2.909531699359449
5.9,0.5531,0.0096,0.2953,100.94762601049379,122.89276209973158,179.82087712694607,111.2455469063069,116.24267239252514,90.28319534023935,228.23241291455324,2.9287161952634424
5.91,0.545,0.0094,0.3065,100.65744601000218,122.53949949043744,179.19140058233657,110.79045234658841,115.399080205795,89.97665649327938,227.68128988347885,2.9309994423784858
5.92,0.5328,0.0094,0.322,100.41515869163209,122.24454101589993,178.1890303366628,110.57179166245263,115.559461987273,89.7259605788125,227.7405385833587,2.9417982250205377
5.93,0.5328,0.0091,0.331,100.27367305692462,122.07229763451693,178.42381172422827,110.14917294345315,114.10950886388727,89.52672761981377,226.8791304643948,2.932754357226395
5.94,0.5328,0.0091,0.3382,100.34275821807935,122.15640130896617,178.6173343611736,110.21343247121244,114.12264461686999,89.56867246572143,226.97586621804868,2.931247706353894
5.95,0.5328,0.0092,0.3504,100.5158266873707,122.36709335853827,178.92405281957414,110.47144755794214,114.61008751565743,89.69189013506157,227.39532953994834,2.930967467050202
5.96,0.5328,0.0093,0.3549,100.64292957724405,122.52182731142754,179.05580450760988,110.68701865691916,115.11645625718928,89.81432598724498,227.81190601110114,2.932466272263222
5.97,0.5369,0.0094,0.3606,100.89675842827005,122.83083634745918,179.67765258590796,111.01756502433996,115.56092889743718,90.03532759218153,228.23859927358137,2.9289241775868495
5.98,0.5369,0.0095,0.3645,101.0191910674918,122.97988477781611,179.79531210910307,111.22789300122855,116.06464224060878,90.15637920482654,228.64959414195872,2.9305291236800537
5.99,0.541,0.0094,0.3643,101.09079549382854,123.06705538379127,180.2814712860683,111.19775246326127,115.56128661438873,90.21785509641282,228.44466606401446,2.923725551102221
6.0,0.541,0.0094,0.3661,101.12770294329589,123.11198619183847,180.3516319163668,111.23311781345731,115.58957310732075,90.2597006103585,228.5410942729029,2.923490269156004
6.01,0.545,0.0097,0.3674,101.49605679675898,123.56041696996746,180.85825124960903,111.85988018193127,117.00047159156544,90.63335913388315,229.58560608309784,2.92573258185655
6.02,0.545,0.0098,0.3688,101.60235513324268,123.68982364046936,180.91929931907498,112.05417104805943,117.50507102364614,90.75248132076696,229.9886434620022,2.9278565312530573
6.03,0.545,0.0098,0.3716,101.64503242328738,123.7417786022629,181.01157046959693,112.09516903073735,117.53118767117896,90.79436516642185,230.08523990806296,2.927396898554467
6.04,0.545,0.01,0.3731,101.82201202565795,123.95723203123578,181.07476177118966,112.44783402520623,118.5050957662966,90.9886430505475,230.78704952534358,2.9317105330329656
6.05,0.545,0.0101,0.3731,101.91856248592035,124.07477172198999,181.1044191301689,112.63201482655045,119.00891165052009,91.10570801175759,231.18251173041568,2.9340988249748663
6.06,0.545,0.0102,0.3733,102.01573650563988,124.19307052860508,181.13849908065367,112.81635739912807,119.5106764607038,91.22211203833326,231.57554017805091,2.9364248438415412
6.07,0.545,0.0104,0.3721,102.17274004721259,124.38420527486751,181.1412616326984,113.14729703837006,120.47954357793175,91.4111436834426,232.25772218404526,2.9412145867078676
6.08,0.541,0.0104,0.3696,102.06755384644273,124.2561525087129,180.66686930337903,113.05456620536422,120.58181475656225,91.35602430516568,232.34180279929984,2.946527611111824
6.09,0.541,0.0105,0.3688,102.15713498520905,124.36520780808058,180.67830356765728,113.23085146975934,121.08295368739095,91.47039370270922,232.72776516019582,2.949036753466306
6.1,0.5328,0.0105,0.37,101.94831987039349,124.11099810308774,179.81023743925275,113.04372072478469,121.2401332835118,91.3110792803212,232.79807656545316,2.9584236519490084
6.11,0.5288,0.0106,0.3678,101.9092786819588,124.06346969977594,179.33558413906053,113.10260829358874,121.80836722668666,91.32541082833613,233.16872653629545,2.9659419194133685
6.12,0.5247,0.0106,0.3637,101.78782925639966,123.9156182251822,178.80356118308507,112.9943638844584,121.92206751098469,91.26458817733358,233.25178157660844,2.9719459772093835
6.13,0.5207,0.0106,0.361,101.6768485108868,123.78051123064479,178.31211582705464,112.89535498417382,122.0306488082759,91.20545891906318,233.3349347935917,2.977555419114575
6.14,0.5125,0.0106,0.359,101.44052393411428,123.49281174587826,177.34825907846817,112.68130471305751,122.20695560893986,91.03846662944707,233.40376130538394,2.9881600193919673
6.15,0.5085,0.0106,0.3518,101.2989970898762,123.32051819637103,176.7441634402885,112.55344711723863,122.3332618196788,90.97695352582026,233.48633881817838,2.9950382490450798
6.16,0.5044,0.01,0.3476,100.76807388570957,122.67417690434208,176.194789878612,111.50721930132055,119.61461245623599,90.47339182391256,231.80575353243123,2.9882447563805794
6.17,0.4963,0.0078,0.3439,98.85836721620495,120.34931661103212,175.18123320935342,107.51662618476337,108.72474357065067,88.46024263779282,224.50328902267512,2.94529547271943
6.18,0.4841,0.008,0.3314,98.59479210615982,120.02844256402064,173.45400870887454,107.4778604197785,110.00778478896267,88.3689591907358,225.29422395988422,2.9697500081616304
6.19,0.476,0.0081,0.3288,98.42970056713516,119.82746155999062,172.43879377994526,107.42470479207545,110.68644035477044,88.28511380742265,225.72249056266142,2.9839784694185463
6.2,0.4679,0.0083,0.3263,98.33864736795151,119.71661418707141,171.41535293483307,107.54493475544714,111.89279268968386,88.28526660985273,226.50309327268542,3.0010243856022494
6.21,0.4557,0.0087,0.3194,98.22650678497806,119.58009521649504,169.76128240338173,107.84635227374648,114.2156681622289,88.33385132596425,227.9416343755587,3.030289469628594
6.22,0.4516,0.009,0.3037,98.2315842823608,119.58627651765664,168.88063653359671,108.15069279391224,115.90939244839386,88.50712723130844,229.02633749723645,3.0482682904868836
6.23,0.4435,0.0093,0.2974,98.15381187063298,119.49159705990103,167.72200391634877,108.37071992307554,117.63417631392825,88.55687170849498,230.0673697011983,3.0693707002729687
6.24,0.4395,0.0089,0.2929,97.72678464466819,118.97173782829171,167.122484796371,107.56266338298605,115.71679304308226,88.15858038396611,228.8337371125373,3.067042533342341
6.25,0.4232,0.0088,0.2812,97.03117661178274,118.12491065782247,164.73123832338865,106.78603949808213,115.57886207606549,87.63691972646444,228.52650884650166,3.0931291285154137
6.26,0.4598,0.0075,0.252,97.09792090383732,118.20616457858458,168.71786256691726,105.48851804784901,108.13601587572838,87.55994976700102,224.05468852569612,3.0125505080176542
6.27,0.4638,0.0071,0.2514,96.90870977377045,117.97582059415534,169.2335907909982,104.85969533661218,105.88888025517053,87.31005654491628,222.56807832796633,2.9956162036286633
6.28,0.4679,0.0068,0.2412,96.73399818374185,117.76312822368574,169.51906515677427,104.34665638484404,104.19244047899986,87.14668715394278,221.42611306179379,2.9838744249954026
6.29,0.4719,0.0057,0.2361,95.78882738270369,116.61248550937842,169.919042039282,102.10830275076191,97.69856468507962,86.02302534620054,216.505328678959,2.943933206213175
6.3,0.4922,0.0052,0.2139,95.7679405865563,116.5870581053729,171.91073986578704,101.45416646718415,94.47278372496547,85.9272998781138,214.0894157627941,2.9044880574490377
6.31,0.5044,0.0045,0.1786,95.12089342541267,115.7993485178937,172.5669160205058,99.87859406094793,89.93623513154552,85.23976323666422,210.2254765649635,2.8704436347083866
6.32,0.5125,0.0041,0.1688,94.81128760302133,115.42243708193901,173.34084686549002,99.00717267771377,87.22255150408203,84.81528936714976,207.8044350537902,2.845619340148958
6.33,0.5085,0.0038,0.1788,94.36488869847284,114.87899493727129,173.1252330457901,98.1175451526013,85.16512590744145,84.22402472586893,205.83219940240787,2.8348233875274693
6.34,0.5085,0.0028,0.1849,92.8679536677598,113.05663924770761,173.3004548566844,95.03878695598326,77.73624683344622,82.15209652900191,197.89983623042818,2.7822553458931303
6.35,0.4882,0.0027,0.1949,92.18211146520382,112.22170091416119,171.08276505655144,94.13923088865315,76.97206233742966,81.46108507789388,196.98557331453327,2.8002240414142876
6.36,0.4882,0.0023,0.1951,91.46771871985582,111.35200539808535,171.11437828738184,92.69895273182861,73.67751671534886,80.41931900627235,192.99881740403998,2.7757526448832346
6.37,0.4841,0.0015,0.198,89.64402748519016,109.13185954718803,170.70360755063956,89.25498356355676,66.42549466283366,77.55589457228365,182.62802186439882,2.7224355317083013
6.38,0.4841,0.0015,0.1988,89.67152186265038,109.16533096322655,170.75004257725976,89.27299928752862,66.43852167845593,77.58972240732736,182.70051452121822,2.7224101223292783
6.39,0.4801,0.0016,0.2133,89.90351177766979,109.44775346846757,170.63944687840294,89.70506716802696,67.40653537916191,77.94724785142024,184.30152334330006,2.7320386921182256
6.4,0.476,0.0015,0.2078,89.53069284266718,108.99388693889917,170.01535974309286,89.08688717337434,66.42638587180198,77.46880048511655,182.8224160439821,2.7308389428640036
6.41,0.4719,0.0017,0.2141,89.94502543379869,109.49829183245059,169.6846026800854,89.90746171183176,68.34297708315964,78.21427291486863,185.88300576398754,2.7506642269936656
6.42,0.4557,0.0015,0.2288,89.09235470978908,108.46025790756931,168.02719802941056,88.56058131942066,66.35923703149949,77.05093539990281,182.90779152824783,2.7524465975743833
6.43,0.4476,0.0015,0.2176,88.79841781817507,108.1024216916914,166.7208476204371,88.21014292865895,66.31390197629754,76.88546037804589,182.9555472043862,2.7667658749928683
6.44,0.4354,0.0019,0.2214,89.3880154132977,108.82019267705807,165.25194075672155,89.60148481217516,70.14212866132145,78.13121467609619,188.70074827318578,2.8149157276386103
6.45,0.4232,0.0016,0.2372,88.44470366953533,107.67181316291258,164.08047294484746,87.96220381971142,67.23138682977229,76.74320934821269,184.56544699452726,2.8047906969011747
6.46,0.4151,0.0017,0.2706,88.65665007969379,107.92983487962724,163.91632188795154,88.37709163314103,68.22378415992198,76.94913055021549,186.07210573509883,2.8152512004337913
6.47,0.4192,0.0021,0.2718,89.68372675926197,109.18018909823198,164.5190263553702,90.24825415139011,72.0160358900879,78.45526216064422,191.34316977008558,2.839089094996286
6.48,0.4963,0.0019,0.2367,91.3976856068167,111.26674769525512,173.4515695684877,91.79527732787629,70.38259200106282,79.75527175107251,189.17977632809666,2.7298789724582613
6.49,0.4841,0.0018,0.2412,90.87356614884392,110.62868922467958,172.09165594614427,91.02506723250967,69.44730885220186,79.14803160940981,187.89343623998218,2.7369364294964016
6.5,0.4557,0.002,0.2351,90.45184050236873,110.1152840898402,168.3946807999103,90.89321913393447,71.19751764597369,79.18501547173892,190.47367400574143,2.7907902157116866
6.51,0.407,0.0021,0.2359,89.15123182813767,108.53193439947195,162.01266594272025,89.59035675924493,72.05274002673777,78.2562682591717,191.59988869949603,2.869716220802624
6.52,0.4151,0.0022,0.2029,89.42378072554673,108.86373305718735,162.24150709199213,90.05975958901054,72.98178280143394,78.81588032796208,192.86511291566492,2.8746283880673853
6.53,0.4192,0.0023,0.1937,89.71561201053201,109.21900592586508,162.5730804032986,90.54737318038997,73.89480841518049,79.2530092151585,194.0721988098642,2.8781415636175076
6.54,0.4516,0.0023,0.2692,91.23362599239837,111.06702294726759,168.84466387824943,92.22603281984117,73.91505268624235,80.14130568827181,194.25433687035988,2.808329843332885
6.55,0.4557,0.0025,0.2586,91.69560602864838,111.62943342618065,169.12260401635376,93.05468461105923,75.63592145317345,80.83728246177448,196.46049332154712,2.818562900207563
6.56,0.411,0.0027,0.2625,90.69658878394755,110.41323851958832,163.39841238072032,92.2693207660536,77.3898180789524,80.18876135193128,198.36093448229568,2.8956770380890373
6.57,0.4476,0.0031,0.2682,92.58416905104983,112.71116232301719,168.38359962884678,94.95126253840705,80.53776571472156,82.15087386923447,202.16101094131983,2.862496797909905
6.58,0.5044,0.0035,0.2684,94.91945868560369,115.55412361725666,175.4630858910846,98.01522648538902,83.38292207285707,84.45821146754783,205.6365399681148,2.807453192660607
6.59,0.476,0.0041,0.2741,94.99428044766466,115.6452109797657,172.16420774982674,98.93927873315774,87.791698877846,84.89936257420507,209.90073441548088,2.870899254536672
6.6,0.476,0.0051,0.2543,96.1307706043232,117.02876421395868,171.6982144662143,101.43050278580951,94.50549061309684,86.48778264402914,216.02438899345574,2.917428797793117
6.61,0.476,0.0051,0.2488,96.12091478174372,117.01676582125323,171.58690382516332,101.41361667930958,94.5373789876199,86.52419243778398,216.10715152131138,2.9191416659563756
6.62,0.4841,0.0051,0.2551,96.43195064109736,117.3954181717707,172.77330665063053,101.72333110402515,94.47708300348366,86.77114346373331,216.2168167893842,2.906598970303877
6.63,0.4963,0.0049,0.26,96.61934735043363,117.62355329618008,174.41272260968978,101.65041226487607,93.10714919270801,86.83044648339501,215.2170509663294,2.8816666865817697
6.64,0.5247,0.0051,0.262,97.7185893001472,118.96176088713572,177.88359690875706,103.01052866789423,94.18451279890397,87.856938773219,216.5108895036527,2.8530708662814095
6.65,0.5694,0.0048,0.2659,98.63796105396085,120.08099606569147,183.14085959428053,103.54559275470503,92.0190255473896,88.48820343211071,215.02308165042552,2.788781357026943
6.66,0.6019,0.0045,0.2241,98.91144129455935,120.41392853250704,185.8492977781004,103.42848617248634,90.00630668157706,88.75887781976186,213.39529626507,2.7509878692587333
6.67,0.6222,0.0046,0.2037,99.47802869928316,121.1036871121708,187.64412149875773,104.12166948477231,90.59173510674698,89.38396708726157,214.13970081157657,2.738171645021148
6.68,0.6384,0.0047,0.1906,99.96996258532306,121.70256314734982,189.13130824905926,104.73703971287162,91.1812977748319,89.91314241154528,214.86150293188882,2.7283940993717604
6.69,0.6668,0.0045,0.1772,100.35808259489124,122.17505707204153,191.87483670849628,104.86808528713522,89.84289237586202,90.18997935613798,213.80002781309318,2.6955376062127385
6.7,0.679,0.0038,0.1772,99.7409767074352,121.42379773079068,193.16999954189544,103.16020115255303,85.19604463668365,89.20268034636014,209.25911505598793,2.656930563117631
6.71,0.6709,0.0035,0.1798,99.15628286027297,120.7119965255497,192.4129256150742,102.0691508210634,83.1534250820648,88.47958018262995,207.09359462588858,2.6515432672442683
6.72,0.6587,0.0031,0.1749,98.24683814080214,119.60484643228088,191.06261369631713,100.48167657942962,80.33269288126571,87.3978049189755,203.9010632360539,2.6458387808769936
6.73,0.6425,0.0024,0.1735,96.68372401059261,117.70192488246057,189.34363846467554,97.59068467126986,75.00099173250472,85.28983513762826,197.26647732480822,2.626400498201464
6.74,0.6181,0.0022,0.1763,95.6978489454819,116.50172915102145,186.79659407515592,96.28933223383328,73.40890841869202,84.24008877116297,195.06506304970358,2.637143396197434
6.75,0.5694,0.0024,0.1782,94.72033234525829,115.31170894205356,181.4203277517718,95.99155724162182,75.18006640371695,83.88840161648423,197.23825907968555,2.6953137915138012
6.76,0.541,0.0025,0.1884,94.22728544082779,114.71147792796427,178.38550895603237,95.6036165007271,75.97822897982148,83.58963548474752,198.28694897602222,2.7315901741162287
6.77,0.5247,0.0031,0.2002,94.91934082505085,115.55398013484451,176.7574698812469,97.26234278247344,80.72031533009232,84.75624091067667,203.9402985149646,2.7822720089205175
6.78,0.5125,0.0035,0.2186,95.33112658975564,116.05528454405037,175.75969629844454,98.27971767285916,83.74555700136466,85.35977129825511,207.22466601731497,2.813411399120844
6.79,0.4882,0.0038,0.2357,95.18537360514398,115.87784612800138,173.23474586500217,98.54632020968765,86.02493401513716,85.38031217773684,209.45479132697847,2.8550558219312263
6.8,0.4801,0.0045,0.282,96.17887424115195,117.0873251631415,173.403304763626,100.53814412633162,90.89709716350617,86.4139197085411,214.16277804826268,2.884464229165019
6.81,0.4801,0.0047,0.298,96.54657997884833,117.53496693077187,173.82295956530686,101.17526074515261,92.22788010754924,86.761810884193,215.45697142249645,2.888530085154655
6.82,0.4963,0.0045,0.3065,96.84866080939476,117.90271750708928,176.02862704631303,101.21696802091152,90.79438831748926,86.89878283022789,214.37460473074313,2.857199145034068
6.83,0.5085,0.0045,0.321,97.3061110812403,118.4596134902056,177.8603677411297,101.68144585369204,90.71932039681393,87.23872608722674,214.49262948820066,2.838389044206431
6.84,0.5166,0.0047,0.327,97.84512568148998,119.11580517746606,178.98411411235634,102.48922850849068,91.99500648421454,87.78933825112412,215.8137013513932,2.8352157955204262
6.85,0.5247,0.0049,0.3298,98.35714101645442,119.73912819394452,180.02286423186192,103.26207786311403,93.24764067861759,88.32695724241975,217.09124149314312,2.832742046429546
6.86,0.545,0.0051,0.329,99.1758998673688,120.73587809940551,182.36977765142694,104.3378344252983,94.39659461299111,89.14261051460188,218.36509237112796,2.8168372764247147
6.87,0.5491,0.0055,0.3049,99.64227102657075,121.30363429321658,182.3139171323336,105.29379697383182,96.88580358853093,89.83626902862393,220.61263415111978,2.8322505440981374
6.88,0.5491,0.0058,0.287,99.89799961196191,121.61495604934493,181.9306936163847,105.90519609958415,98.74141304948795,90.26964617835796,222.2228382437838,2.846907770547046
6.89,0.5328,0.006,0.2888,99.68709308562256,121.35820027814921,180.11501305981392,105.92679158666829,100.0921009544942,90.16844240377416,223.23662925738986,2.87270441381275
6.9,0.5247,0.0063,0.3267,100.00445127727662,121.7445493810324,180.08026780341666,106.58795680874057,101.87998223231274,90.37125825543792,224.71403013852134,2.8832652331976485
6.91,0.5247,0.0069,0.3347,100.65968214735126,122.54222174460155,180.29249750551224,107.9106484103819,105.31233041737606,91.09287055563257,227.4706795656813,2.9000106924643885
6.92,0.5288,0.007,0.339,100.91985288870201,122.85895134276768,180.89428932830523,108.27464800562556,105.84271245515889,91.34071836782,227.99309765518825,2.8971640148538915
6.93,0.5288,0.0071,0.3378,101.02988408482396,122.99290236413353,180.89234627988785,108.48992510667732,106.42711089901265,91.48503813954038,228.49737004697224,2.9005636953131013
6.94,0.5288,0.0071,0.3363,101.04510790715452,123.01143571305768,180.88339956815244,108.50243237325654,106.45691615890985,91.52171866335092,228.5807447995395,2.901106416262637
6.95,0.5328,0.0071,0.3341,101.17076649065629,123.1644113799294,181.3211738697756,108.62370262117419,106.44356693770702,91.65777041052102,228.67678169716729,2.8970125422810455
6.96,0.541,0.0073,0.3269,101.57071337840614,123.65130324327704,182.12526926608345,109.23111358117602,107.49485480400163,92.10843327139104,229.6135560560656,2.8949131763591764
6.97,0.5369,0.0074,0.3196,101.5266970539263,123.59771815260594,181.5113349467957,109.29321171697755,108.13130291710313,92.14831924291433,230.09065638642267,2.9045377270653474
6.98,0.5369,0.0073,0.3012,101.35466455535494,123.38828728477995,181.1115442951925,109.01460388188096,107.65415904366505,92.08101080740197,229.7673737863471,2.9062998668424487
6.99,0.5207,0.0073,0.3033,100.92028089917464,122.85947239899521,179.29353869820528,108.58342265380276,107.86812596120899,91.71215248110954,229.79850594779558,2.9258237965294955
7.0,0.5166,0.0071,0.3161,100.71682045829985,122.61178142749549,179.13731374409863,108.16198547014436,106.80335532399246,91.43316534010606,229.03955300358086,2.922144361814501
7.01,0.5085,0.0068,0.3147,100.21387318407628,121.99949778931025,178.1690315903681,107.32696249041358,105.23603652787259,90.9351043723754,227.81332654294175,2.923962594674493
7.02,0.5085,0.0068,0.3106,100.2133087562821,121.99881065982169,178.09645558620306,107.32272976701765,105.27123487224372,90.97114852505342,227.89550355811633,2.92519664019903
7.03,0.5044,0.0065,0.3067,99.80381091235549,121.50029154547624,177.5381049878076,106.57070625442189,103.62596989170545,90.56133649892843,226.63069184695186,2.9223801267260257
7.04,0.5004,0.0059,0.3061,99.09763088726024,120.64059412362116,177.06800959785113,105.15652766523246,100.13899175026408,89.76880224248474,223.86249909685503,2.9083468248347972
7.05,0.4922,0.0058,0.3057,98.76984978493107,120.2415562599161,176.0909530617171,104.69787085522847,99.63792103823603,89.46379417835838,223.4184780775021,2.9159391902770575
7.06,0.4882,0.0059,0.308,98.79253749503842,120.26917608091634,175.68441088276558,104.83404677759701,100.30648074683134,89.52087665587797,223.98231540276544,2.924228926223508
7.07,0.4841,0.006,0.309,98.80216829719959,120.28090053572123,175.23186221573772,104.9560102568148,100.97745792793556,89.57227932113463,224.53862004621163,2.9330079678380416
7.08,0.4841,0.006,0.307,98.81350757845308,120.2947048781168,175.20731780768568,104.96205483277282,101.00556375337949,89.6074821348001,224.61892879360664,2.9337446321906446
7.09,0.4841,0.0061,0.3053,98.9289876697265,120.43528933705835,175.190071971452,105.19171140977528,101.63614353865154,89.76571709338916,225.1825076046481,2.937733760138085
7.1,0.4963,0.0061,0.3063,99.32492795028101,120.91730359164646,176.7263564039291,105.59144542483331,101.52569613921088,90.12332286833116,225.3043121290789,2.9214656777127943
7.11,0.5004,0.0058,0.3057,99.15289267514912,120.7078693436598,177.23189018963853,105.05794428770977,99.6966104810696,89.88842829468157,223.92539634597762,2.9063923176255897
7.12,0.5085,0.005,0.2972,98.46141341621532,119.86606850669692,178.02558038339836,103.36252066993518,94.65286379075424,89.02821571953727,219.75048762653546,2.8695049006256728
7.13,0.5207,0.0047,0.2827,98.38309345697677,119.77072246936302,179.15847928124592,102.89353510896257,92.65551386773335,88.90976159172179,218.10562991107236,2.8463610468332186
7.14,0.5207,0.0045,0.2639,98.04552204531237,119.35976596820636,178.73658541860138,102.27517122965214,91.37383834243796,88.62396488245028,216.95305893501677,2.843149670901631
7.15,0.5247,0.0043,0.2623,97.92664218973842,119.21504266576852,179.19868083597075,101.82755739302233,89.98644234419812,88.42192747487358,215.7632251084772,2.8309758822121665
7.16,0.5207,0.0042,0.2612,97.70265552665215,118.94236324983741,178.72176074874355,101.43122584831131,89.33209905413047,88.18646732827006,215.168110380826,2.8323280639142943
7.17,0.5085,0.0022,0.2478,94.2509772799058,114.74032016684185,176.958672030676,94.03641513745379,73.68634075699428,83.3257302921421,197.85526130756844,2.7534876322404624
7.18,0.5004,0.0024,0.228,94.26234264636405,114.75415626513883,175.51218051107546,94.55085733073247,75.49498493276994,83.76828861796656,200.152790454431,2.779506838816795
7.19,0.4963,0.0023,0.2425,94.07444754994582,114.5254144086297,175.3888918965204,94.1088459371862,74.62367091304563,83.40633547885292,199.10643252644695,2.7755512825949338
7.2,0.4841,0.0026,0.2563,94.32498596581439,114.83041769751318,174.2456763877105,95.06703249795547,77.2822352478889,83.99040913383816,202.3391549413344,2.8042811983848233
7.21,0.4801,0.003,0.2786,95.0137748409527,115.66894328463808,174.32680513336035,96.5804518299104,80.61760202254527,84.9252152703356,206.19825949839603,2.825158198282349
7.22,0.476,0.0031,0.2845,95.10089939494583,115.7750079590645,173.98716033484092,96.86272077674087,81.45493720591443,85.08433046554813,207.1385720573065,2.8341658195220645
7.23,0.4719,0.0034,0.2921,95.48472788757748,116.2422774283552,173.68869896029565,97.83666154653783,83.86617288097173,85.66539396803397,209.7009962262918,2.8521639742642577
7.24,0.4719,0.0035,0.2965,95.68458590825419,116.48558284483119,173.82252395139426,98.1927470304633,84.63559751255701,85.90475208558242,210.56633991850626,2.8561216000209857
7.25,0.4719,0.0038,0.2947,96.10889216427644,117.00212959129307,173.8012620079919,99.15860426721831,86.93085577825066,86.52631814873543,212.90390563416716,2.8703160325834136
7.26,0.4963,0.0039,0.2555,96.81272876183353,117.85897414484083,175.8767811629494,99.88322541753264,87.47146239473517,87.37833029879184,213.77830385356697,2.854596612390602
7.27,0.5004,0.0036,0.2621,96.61757523380165,117.62139593680202,176.56403704697763,99.05435975780794,85.16579425293027,86.93590673465079,211.65193069938684,2.8356283359939627
7.28,0.5044,0.0036,0.2721,96.83973666982116,117.89185333717359,177.3177616175055,99.19811395359851,85.10277001922944,87.06890149966561,211.7380236342599,2.8289894672462403
7.29,0.5004,0.0038,0.2794,97.05971313170447,118.15965076903154,177.03350750562913,99.77732327753861,86.62651871927666,87.39363544939673,213.29301618773127,2.8411075582303003
7.3,0.5004,0.0047,0.2847,98.23280913891932,119.58776764738005,177.18633982584146,102.48092334516382,93.03134785359005,88.98307131913946,219.3451866344113,2.8758726842211653
7.31,0.5085,0.0045,0.2776,98.24611196731708,119.60396239499471,178.01871967845042,102.06808219489929,91.55268045006287,88.90156173456349,218.21019211207764,2.8609630422630494
7.32,0.5207,0.0043,0.2786,98.42871788306074,119.82626524894351,179.5280290583679,101.77361995780875,89.9926557144706,88.90340536371949,217.03746399967554,2.8393912182973278
7.33,0.5166,0.0041,0.2702,98.02905683829506,119.3397213683592,178.8623820951484,101.0395585007711,88.64478499787784,88.4854822042885,215.75968775569282,2.8385907574488414
7.34,0.5207,0.0041,0.2714,98.19644157307707,119.5434940889634,179.4050271551332,101.13911573288168,88.59338411861346,88.61984762477691,215.8467470864344,2.834063173034785
7.35,0.5369,0.004,0.2667,98.57218512932552,120.00092102700498,181.23360886567795,101.18580723441208,87.70787471079441,88.86307404280518,215.27790691660846,2.8133304660255445
7.36,0.541,0.0047,0.259,99.54011358632914,121.17926871379201,181.55791488173898,103.2845859222215,92.53374031493686,90.19332213015817,219.92683472462195,2.8377859569525894
7.37,0.5369,0.0046,0.2231,99.10478510744257,120.64930360906052,180.2545898917647,102.74546236478986,92.00311127617613,89.96784849840931,219.37582100665927,2.8472525107596143
7.38,0.5328,0.0042,0.2002,98.37999276229314,119.76694771061774,179.24607992202064,101.38044374973697,89.32972729244135,89.22620664606384,216.8587738597133,2.8423613455531767
7.39,0.5247,0.0038,0.2369,97.87080801002374,119.14707062089846,179.1792176297778,100.13422573883558,86.45286679987714,88.32633467212722,214.10460474381713,2.827339660629765
7.4,0.5207,0.0038,0.2476,97.84315571762134,119.11340696058251,178.98041339324993,100.08790387572589,86.47270893300262,88.26222894927858,214.16573900527348,2.8299328676572637
7.41,0.5247,0.0035,0.2592,97.65362944206386,118.8826793207734,179.75964527913976,99.2796995290477,84.18747858100765,87.7914305294523,211.97270878473225,2.8099575649414033
7.42,0.5288,0.0038,0.2614,98.23864518023686,119.59487239333183,180.32314089423832,100.34859374219464,86.36756125742113,88.52503670256075,214.3365163211249,2.8183115612563796
7.43,0.5288,0.004,0.2302,98.34106790837112,119.71956093193006,179.60490435897054,100.81518284103856,87.87989966303593,88.93601395697847,215.8440497803055,2.8342395059412633
7.44,0.5207,0.0042,0.2316,98.38100590502324,119.76818110176742,178.69140072419873,101.22909042425795,89.3999053259427,89.13194864504933,217.26654786108773,2.8518514805872126
7.45,0.5247,0.0045,0.2586,99.07365082205772,120.61140100076591,179.841177328779,102.32601961137513,91.38226064012659,89.77617516421864,219.31092218843818,2.8529606234381903
7.46,0.5207,0.0046,0.2649,99.13612793432243,120.68746009395775,179.53797614275967,102.54572993426231,92.10768765153216,89.87454986938774,220.00064037015406,2.8603095119023183
7.47,0.5247,0.0042,0.2474,98.69773210598623,120.1537608246789,179.62155474181603,101.39646974709306,89.31675133314322,89.33010298345164,217.50017829156496,2.8448512105225188
7.48,0.5125,0.0038,0.2459,97.81636604061073,119.0807934407435,178.1412080924471,99.87149445544293,86.57181443040014,88.32434449548953,214.72393721745206,2.843473582596775
7.49,0.5166,0.0038,0.269,98.11918812192305,119.44944640929762,179.21634985573934,100.08549225928151,86.48353830369629,88.45859573004752,214.80919392837677,2.8336387817392157
7.5,0.5207,0.0038,0.2721,98.29548193533502,119.66406496475567,179.80516095685712,100.19978144184908,86.43768513384997,88.5922035357627,214.89428740955086,2.8285928822930537
7.51,0.5369,0.0041,0.2784,99.25612382257519,120.83354204487415,181.89512352939582,101.53316871156974,88.41498265978294,89.58007789962467,217.14996916756772,2.8216137625733175
7.52,0.5491,0.0045,0.2839,100.18803514896184,121.96804279004051,183.4681180391191,103.00364248141213,91.03670514478185,90.60096621327502,219.90439870360836,2.822890910563049
7.53,0.5572,0.0043,0.2635,100.09180813154906,121.85089685579885,183.956379239751,102.52153587992021,89.62937708278976,90.48369094894265,218.7057825180228,2.8113448531686265
7.54,0.5613,0.0038,0.2474,99.49413563622828,121.12329555714747,184.08191009416296,101.04081756171468,86.1135078955565,89.68776089789453,215.30326548927496,2.790695940597423
7.55,0.5694,0.0034,0.2331,99.11159992255008,120.65759990571314,184.7078354144817,99.88276361877736,83.15630697875655,89.0799450211304,212.30620269536962,2.768171399779905
7.56,0.5613,0.0031,0.2384,98.48085227589031,119.8897332054317,183.92271426333906,98.70609228955759,80.93739954170915,88.24985263048171,209.81997607983683,2.762082213516802
7.57,0.5491,0.0032,0.2508,98.37622640208296,119.76236257644882,182.8196550374977,98.81862823443312,81.76633337076936,88.23557772774954,210.72396566540226,2.777658505969342
7.58,0.545,0.0036,0.2559,98.89930564496107,120.3991546982135,182.48399138848225,100.06716960227551,84.79082179924676,89.03895741505372,214.0349638447493,2.799596678558968
7.59,0.541,0.0035,0.2161,98.42485480892525,119.82156237608292,181.10042967349202,99.45640010908924,84.15001852750386,88.76936036873934,213.31207003761017,2.80892065322235
7.6,0.5369,0.0033,0.2172,98.04389403042558,119.35778403703983,180.66358129469924,98.69805832070017,82.66997436182123,88.2724760685136,211.7452211750151,2.8045835033110924
7.61,0.5247,0.0032,0.219,97.55880477223705,118.76724059228859,179.26993973823488,98.0629228848077,81.98984633930358,87.78845361483103,210.9341574856335,2.8138831068985684
7.62,0.5044,0.0037,0.2343,97.76309612509252,119.01594310880829,177.19647172721406,99.28291042486237,85.9618954678089,88.3815592763391,214.96171725279754,2.857703110492443
7.63,0.5085,0.0037,0.2772,98.19597543660674,119.5429266184778,178.76572285940938,99.59725524917644,85.82944978042913,88.51691827284826,215.04593658364303,2.842928477977923
7.64,0.5166,0.0036,0.2878,98.40461513904944,119.79692277797324,180.0197587265197,99.53056509192558,84.99086152932206,88.54929709805604,214.37742140851637,2.826968781139955
7.65,0.5247,0.0032,0.2778,98.03716060444934,119.34958682280791,180.7713829269412,98.35342749863356,81.90957267284308,87.91649051573293,211.21411486927695,2.8020404104938277
7.66,0.5247,0.0029,0.278,97.59698252275803,118.81371785379238,180.79952387685267,97.30052001554715,79.55489306109793,87.23276692741685,208.5973158192705,2.787670122694636
7.67,0.5247,0.0031,0.2869,97.99661513225986,119.30022711753377,181.03455386913262,98.05211495120734,81.12374893722526,87.74879232066934,210.48315483285205,2.7959807805835393
7.68,0.5247,0.0031,0.2935,98.06551373039028,119.38410367177949,181.21464281296386,98.08416098621234,81.11657517932808,87.78058200955114,210.55255030353905,2.7948973076358605
7.69,0.5288,0.0031,0.2833,98.1567444027389,119.49516709898649,181.4821857419954,98.13442628654924,81.10463738239469,87.91082067646143,210.63401022002313,2.7929863352361015
7.7,0.5207,0.0028,0.2584,97.30625926147201,118.45979388353115,179.94566724583956,96.73426690366796,78.80072514994247,87.00915929171842,207.9099150792556,2.7931745871141542
7.71,0.5085,0.0029,0.2543,97.09499299361588,118.20260016614107,178.39383963002214,96.76338312652744,79.68948170127936,86.99691888926954,208.89247996995792,2.8139381520427658
7.72,0.4963,0.0031,0.2655,97.12562374184505,118.23988977268093,177.19641507980722,97.21482441617536,81.36462489147527,87.20585184385382,210.74266135960565,2.8364014282667034
7.73,0.4882,0.004,0.2876,98.3012081297297,119.67103598401877,176.7647293915555,100.06828122004109,88.25849600546266,88.89161184658326,217.88763740785606,2.8819379629715467
7.74,0.4841,0.0039,0.3006,98.15192788274288,119.48930350942612,176.60157222874764,99.72025874198103,87.54394928437176,88.62919900895896,217.22916707764693,2.8800651592070508
7.75,0.4882,0.0041,0.3088,98.62563664690407,120.0659924397093,177.33346593176066,100.47640212042532,88.93412515821774,89.1379898368746,218.73113728118656,2.881676929444662
7.76,0.4963,0.0045,0.3029,99.37096193465962,120.97334496393346,178.20529409249934,101.8213156506987,91.67852492946321,90.07477703879113,221.4934589321654,2.889364166833571
7.77,0.5004,0.0048,0.2994,99.8605250714708,121.56933486961663,178.64291182959138,102.74412404908635,93.69161440480285,90.6983904970291,223.4459986997688,2.8968205890383643
7.78,0.5166,0.0045,0.3035,100.07976940282433,121.83624101213398,180.71979587546204,102.31367791425751,91.40966775832322,90.66110822254302,221.70350689231992,2.8659002207003583
7.79,0.5125,0.0038,0.2651,98.84919965923834,120.33815610689885,179.3249360543254,99.93601647961717,86.57325345849479,89.32709118324009,216.94134800433557,2.8521446139624094
7.8,0.5125,0.0041,0.2757,99.33913449625962,120.93459851718562,179.6042464670611,100.90827184015292,88.72552000433504,89.92430705899824,219.16607292532763,2.8625057750942062
7.81,0.5166,0.0037,0.2835,99.01455810703662,120.53946204334893,180.30912523570188,99.81196016114964,85.76191433734755,89.29554399916222,216.3435907868425,2.8395268951311055
7.82,0.6587,0.0041,0.2423,103.41857273147436,125.90087115136009,195.38291167557512,104.02719438591122,87.49018602603869,93.29994419911702,219.71578248960338,2.719076201005429
7.83,0.5816,0.0041,0.2398,101.29792953032992,123.31921855866253,186.92093689485426,102.36763481294142,88.10171982213383,91.67492561785377,219.58446065619202,2.7947538286391396
7.84,0.5734,0.0038,0.2449,100.71550469263316,122.6101796258143,186.12722075100282,101.29701081314595,86.06129010918261,90.94475013908146,217.4734147209332,2.790486199995502
7.85,0.5288,0.0037,0.262,99.3756382744548,120.97903789933629,181.34593695102797,100.00375873814707,85.69381424874808,89.72351910113656,216.66080847731672,2.8320666232319485
7.86,0.5125,0.0034,0.2735,98.54542485692055,119.96834330407718,179.68731582773495,98.68205873227907,83.57470501354946,88.72662420437571,214.31158754594549,2.8354348669614184
7.87,0.5044,0.0031,0.2786,97.90175940864708,119.18475058443993,178.84970305474485,97.47895613692968,81.30511042961729,87.87825618780849,211.79656802416568,2.8300018242813216
7.88,0.5207,0.0031,0.2878,98.49060276888086,119.90160337081149,181.06332519816772,97.94251203787476,81.1806893781985,88.31281804603722,211.91449165192302,2.809131877109564
7.89,0.5125,0.0029,0.2712,97.84713518992426,119.11825153555998,179.69939393119708,96.93928250320924,79.67002190034893,87.65570377217571,210.12789581270218,2.812943360242509
7.9,0.4476,0.0028,0.2408,95.4069341046141,116.14757195344325,170.76628909141124,94.62487886990247,79.36352632462155,85.74334896791562,209.028998685476,2.89887157722682
7.91,0.4395,0.0027,0.2729,95.21366640052626,115.91228953107547,170.56636060555752,94.19356256619896,78.5186978409558,85.29040103832055,208.0815579160401,2.89619068457015
7.92,0.4273,0.0031,0.2867,95.53403723064827,116.30230619383268,169.3352218488539,95.42710603646803,82.03523122995247,85.95516545808147,211.8759534807881,2.9307636325808915
7.93,0.4516,0.003,0.2927,96.29586715385527,117.22975131773687,172.7065227288187,95.76816901456134,80.91786698183562,86.43734120640995,211.12847658214156,2.8909670859731875
7.94,0.4638,0.0028,0.292,96.40557149323848,117.3633044265512,174.2766749708183,95.3693480944534,79.15396892019027,86.304544837142,209.35133473150864,2.8649424994509407
7.95,0.4922,0.0031,0.2833,97.77398845584395,119.02920333754916,177.64542285116002,97.1726885656465,81.39897820792181,87.81552399630445,212.30073956605588,2.846999958944781
7.96,0.5328,0.004,0.2465,100.12413500557714,121.8902513111374,181.70330591244596,100.93956077908521,87.86849563968399,90.75444019498897,219.65198665429688,2.8481576212778337
7.97,0.5694,0.004,0.2441,101.23866170163389,123.24706641938039,185.95350621005417,101.8016863897381,87.52575646827529,91.6588344298341,219.8298172271983,2.80826077628876
7.98,0.545,0.004,0.2649,100.6659516133863,122.54985413803551,183.62674767357072,101.32308346739504,87.71376961999782,91.11433344771595,219.82830937734485,2.830890894277473
7.99,0.5369,0.0039,0.2723,100.36149819656568,122.17921519581908,182.87019438288576,100.85896808034845,87.06616792704706,90.75881988276524,219.15112311091607,2.8346586302778216
8.0,0.5247,0.0042,0.2674,100.377393577793,122.19856609470452,181.32486039599402,101.43857758219315,89.33504420494856,91.0486946443615,221.30502322711814,2.8624771269563403
8.01,0.5207,0.0044,0.2557,100.45749024459018,122.29607508037066,180.58507013314733,101.8654254849958,90.81044375154659,91.33197430676158,222.70521045721952,2.878207339027321
8.02,0.5247,0.0043,0.279,100.63437284034902,122.51141041433793,181.64734912732175,101.78550687545604,90.01058157250141,91.29003476177397,222.12329728509752,2.8645665058112617
8.03,0.5328,0.0041,0.2745,100.63219899287985,122.508763991332,182.52723086879027,101.36832169780217,88.52760417033632,91.16225341157077,220.84687835611945,2.8487633949256943
8.04,0.5369,0.0049,0.2753,101.76575921429821,123.88875034784131,183.05406741143705,103.73604046055209,93.93991048303891,92.6552280631892,226.10816077431852,2.874474570176255
8.05,0.541,0.0055,0.2727,102.56571840663624,124.86261371242674,183.4987551010671,105.3809373312616,97.76958838561167,93.6827406065967,229.61429514958905,2.891209775798552
8.06,0.541,0.0051,0.2643,102.11040876375998,124.30832371240345,183.32337231804686,104.31073037108885,95.22742528561963,93.12959095019329,227.4428578266248,2.880175919349626
8.07,0.5369,0.005,0.2402,101.75135259383234,123.8712118533611,182.28895562870207,103.83375395353963,94.69745197649529,92.90686937947983,226.9164974591325,2.887454253026388
8.08,0.541,0.0048,0.2565,101.7807639709086,123.90701700806264,183.18420282783444,103.46797547711412,93.27512774759268,92.72601804673485,225.79891477460058,2.872285631222344
8.09,0.5491,0.005,0.2696,102.36907497338477,124.6232217067293,184.4662722913523,104.25575464526156,94.45421105435197,93.27211618439198,227.0964015247305,2.8676440067728723
8.1,0.5572,0.0045,0.2755,102.08877574613929,124.28198786486523,185.56826885380775,103.10383026235228,91.02994446100294,92.68701511868245,224.1014023312371,2.8397098039970685
8.11,0.5613,0.0044,0.2788,102.13533909201323,124.33867367723349,186.14075953878321,102.93176972984605,90.30617519330495,92.64378258573518,223.52953917335478,2.831141874272169
8.12,0.5775,0.0045,0.2518,102.60678780824526,124.91261124482033,187.40147068009895,103.46216615693517,90.86961446544532,93.22975096473344,224.30065526195645,2.8236978062283824
8.13,0.5856,0.0047,0.2516,103.11521287341407,125.5315634980693,188.33978278218046,104.1970524030631,92.11044182923666,93.78678978158673,225.66574118665844,2.822929399047822
8.14,0.5816,0.0049,0.267,103.35559893050635,125.8242073936599,188.2585595794726,104.71467355294614,93.42226489250562,94.05103853519388,226.9506551569698,2.831448053036285
8.15,0.5856,0.0045,0.262,102.99021937369153,125.37939749840707,188.62074455657412,103.69050953377493,90.7716094874751,93.51275040308617,224.53316858539043,2.814252796560143
8.16,0.5694,0.0037,0.2537,101.44307199913148,123.4959137380731,186.60864551170084,100.91792807358382,85.4082624999826,91.66605578372992,218.91407180306263,2.8017121539676952
8.17,0.5613,0.0038,0.2345,101.26015387535404,123.27323080477883,185.25036260992505,100.94312502674137,86.22176508414073,91.71105287442617,219.71911778931678,2.8193479575605176
8.18,0.5491,0.004,0.2467,101.26885501459884,123.28382349603338,184.13137828881187,101.31476196956793,87.73152980917178,91.84257014020464,221.22161616225574,2.8389669620840916
8.19,0.5491,0.0044,0.2555,101.86601704764504,124.01080336235049,184.3603513732122,102.52563986817722,90.4919367278452,92.6034416506494,224.0489181375135,2.853222376466798
8.2,0.5531,0.0044,0.2604,102.04586615588096,124.2297501028116,184.96554152288576,102.64243511386478,90.43824217763262,92.7317323270769,224.1301362186077,2.8480611896360672
8.21,0.5572,0.0038,0.2751,101.49522773438014,123.5594076766367,185.80696726090156,101.03603799724625,86.1931346023223,91.73875854072122,219.97884827533,2.816600889106378
8.22,0.5734,0.0037,0.2786,101.87740739110761,124.02466986743535,187.7724427621457,101.12514159917238,85.34878645842008,91.94557615406575,219.33156439793058,2.7946099200347163
8.23,0.6019,0.0034,0.2869,102.32254494892567,124.56657645956169,191.18448179235625,100.86514248944033,83.0007409474586,91.97360993751326,217.07842057826474,2.75117090724131
8.24,0.61,0.0031,0.2706,102.01990553176164,124.19814586475331,191.7424763127856,99.98161559066372,80.7778917442417,91.47788282568405,214.57434769515652,2.7331248211364856
8.25,0.6222,0.0029,0.2198,101.77829786496966,123.90401479213698,191.99030562031464,99.33957061236185,79.26902322517613,91.26346960188043,212.81852367991647,2.7219606973986643
8.26,0.6181,0.003,0.2231,101.876036449936,124.02300089557426,191.63395662968094,99.6081880363119,80.03868092604512,91.46433884078336,213.8135898392052,2.730494113595368
8.27,0.614,0.0029,0.2078,101.54129079783073,123.61548444953306,190.86326655213128,99.09607393150173,79.309108442114,91.15062144693326,212.9280294889719,2.733038762253219
8.28,0.5897,0.003,0.2141,101.08428544390122,123.05913010561889,188.29497223116476,98.90361263556514,80.16752274694171,90.90802091156691,213.86999736155457,2.7615707545212445
8.29,0.5328,0.0031,0.2212,99.63359449033655,121.29307155345319,181.82806287831426,97.8713571334286,81.24288738935753,89.86369051978376,214.6879391177689,2.8279311900362574
8.3,0.5166,0.0031,0.2663,99.44127420402674,121.05894250924995,180.9820594292729,97.6828176879918,81.29119849976595,89.49500304288715,214.7043658393024,2.8368262050650577
8.31,0.5004,0.0034,0.2959,99.60378282630651,121.25677909289489,179.74930006053435,98.42927605656624,83.69459870343822,89.80103643392954,217.31315732202128,2.863936628791515
8.32,0.4963,0.0031,0.3116,99.14822144156159,120.70218262450977,179.65282763719745,97.3826912815377,81.37132947189062,89.03941622348286,214.77141813678912,2.8512306723445233
8.33,0.4922,0.0028,0.3123,98.5673800757217,119.99507139653076,179.18657283292623,96.20340283710344,78.9864625285214,88.21443192761402,211.9997421702144,2.8411990139754133
8.34,0.4922,0.0031,0.3123,99.0788985504694,120.61778953970189,179.20785720772426,97.2747499858699,81.40333100192366,88.99249798585183,214.88872759439442,2.8569041884969253
8.35,0.4922,0.0033,0.3196,99.45819882003502,121.07954638960786,179.4091901323086,97.99778032238345,82.95909948225382,89.48530279076631,216.70807472564545,2.865167286004722
8.36,0.4963,0.0033,0.3176,99.60292600881294,121.25573601072881,179.8855450257299,98.0936154494012,82.92920736989454,89.62207622965995,216.7870139665964,2.861043278773681
8.37,0.5004,0.0029,0.3151,99.11677707563778,120.6639025268634,180.34790249503538,96.79710315945691,79.75165816307072,88.80066651717983,213.2534098101103,2.8373842346037605
8.38,0.5004,0.0023,0.2918,97.94573468518774,119.23828570370682,179.79788472499143,94.38519603090775,74.75415832819323,87.13743302202363,206.9855648346619,2.810283730757572
8.39,0.4963,0.0022,0.2965,97.68370029120388,118.91928731103081,179.42996027790332,93.88684712937754,73.88516553310524,86.74249430567932,205.84247147224758,2.8084768733781598
8.4,0.4922,0.0022,0.3188,97.7221762013482,118.96612754946739,179.4955293951076,93.89559117427707,73.88550992806651,86.66763363543107,205.89187621922858,2.808446822290945
8.41,0.4882,0.0021,0.3188,97.4284355997062,118.60853029529451,179.02218825694794,93.36297297158413,73.00183439301323,86.26078199544189,204.6997320601619,2.807505507964176
8.42,0.4801,0.002,0.3143,96.97151417374862,118.05227812456354,177.92237322159835,92.6740719964768,72.10627189360508,85.73375385619755,203.44146221145812,2.8125758054242547
8.43,0.4719,0.0021,0.3025,96.86549580361019,117.92321228265588,176.61322302655933,92.79438182469188,73.0431238208115,85.89670150973532,204.771320039692,2.832745830025647
8.44,0.4638,0.0022,0.3002,96.81373055438975,117.86019371838754,175.54365710286075,92.96228880377929,73.97756196214216,86.04264113237066,206.048847835369,2.850571321964202
8.45,0.4516,0.0028,0.3225,97.65691735778435,118.88668200078095,174.56874939712804,95.10252231684362,79.25722815985985,87.47474217092304,212.63278425191055,2.8959524876544926
8.46,0.4516,0.0029,0.3294,97.89348668288609,119.17467944003523,174.76737443331248,95.50834467601251,80.0827571223457,87.75874099809006,213.66893044837457,2.899822959390832
8.47,0.4598,0.0031,0.3302,98.51237247051507,119.92810561627923,175.86114339959832,96.46020911447435,81.64972402906791,88.5038906728518,215.6226051002391,2.899267640316261
8.48,0.4719,0.0028,0.3441,98.53941386466438,119.96102557437405,177.76653662048693,95.79625828491872,79.08885931980514,88.11713804720253,212.89278334253794,2.864840867952298
8.49,0.476,0.0035,0.3533,99.83900448389366,121.54313589343577,178.53082878906994,98.38380168424369,84.59485562745687,89.90569648015821,219.23835674863597,2.892112433338498
8.5,0.5004,0.0036,0.3531,100.77911142138916,122.68761390429985,181.55015752675942,99.34699860514868,85.12054028666316,90.79691301140943,220.18970861503703,2.866870666292699
8.51,0.5166,0.0035,0.3433,101.10166840427263,123.08029197041886,183.28783306620696,99.38811313351005,84.25529087442666,91.03116950058657,219.5018184345457,2.845949130646619
8.52,0.545,0.0031,0.3178,101.21556456941055,123.21894817145632,186.06332267940238,98.6466501512486,81.0833054300631,90.84565222398838,216.21575036046184,2.8012423912581474
8.53,0.5653,0.0031,0.3069,101.77002122352036,123.89393888080741,188.18231863622316,99.09165565670077,80.99071139743198,91.35511069246944,216.3384655379984,2.7820439926194864
8.54,0.5897,0.0035,0.259,102.83625903084783,125.19196751581474,189.8920600149385,100.76241671296445,83.86904102725545,92.87346334787628,219.91259980563612,2.7852328354721028
8.55,0.5775,0.0031,0.2651,101.93585811164601,124.09582726635168,188.66570587997526,99.18325542626697,80.97453895503999,91.69610952397458,216.50089066906796,2.7787660805118004
8.56,0.5734,0.0031,0.2616,101.82564994163147,123.96166079850788,188.13752609941614,99.0660736539035,80.99932574362143,91.6318505278602,216.55350880171673,2.784231066784473
8.57,0.5694,0.0033,0.2565,102.02113157258667,124.19963843619247,187.58118730175823,99.61361447202965,82.53097849416538,92.04564877618986,218.37393741531406,2.799399040693049
8.58,0.5531,0.0035,0.2645,101.91859516654581,124.07481150709926,185.89304279463644,99.90169901731876,84.10793192003914,92.14009666351102,220.06837270491755,2.8250454448335196
8.59,0.5491,0.0036,0.2776,102.05151135287613,124.23662251654487,185.75263960576865,100.18467614354844,84.85138158722376,92.28919078773137,220.9290228131406,2.831431877102939
8.6,0.541,0.0033,0.2867,101.4473564526423,123.50112959452106,185.03455890216836,99.05486231275624,82.67299870972846,91.45879090023148,218.48435077745324,2.8253602470578265
8.61,0.5328,0.003,0.3035,100.8586108036921,122.78439576101648,184.48258720870209,97.9094717101146,80.40173025202611,90.56804858914495,215.83302173371362,2.816834164203291
8.62,0.541,0.0031,0.3067,101.30953675253777,123.33334909004599,185.5487798367944,98.47980865959647,81.12914179997803,91.04419696648458,216.84318302064463,2.81213395948182
8.63,0.5288,0.003,0.3172,100.87589569795969,122.8054382409944,184.37522205758575,97.87444974871453,80.41070213437114,90.5281940398366,215.94771177781172,2.819068551504768
8.64,0.5288,0.0037,0.3169,101.96117454523142,124.12664727245566,184.3892253724935,100.17955652303475,85.68251005191337,92.14745707311494,221.98126046011262,2.852017411645186
8.65,0.5328,0.0038,0.319,102.26276458626374,124.49380036588629,184.93493035000677,100.5989957067517,86.36839615884374,92.48165361457681,222.82980147700025,2.851619592121783
8.66,0.5369,0.0036,0.3229,102.15327021979707,124.36050287627471,185.53255211173615,100.09712466666761,84.88197296512817,92.19886074429567,221.34632630967718,2.8377941185651654
8.67,0.5328,0.0032,0.3288,101.49385296139629,123.5577340399607,185.20912538199585,98.71746097870192,81.92144267787481,91.23045218081833,218.03421945614016,2.8232166403689734
8.68,0.5369,0.0031,0.3412,101.55853900611162,123.63648226830979,186.00548197001413,98.54392451029833,81.1205504757604,91.12005587210123,217.21183137097472,2.8114026037192614
8.69,0.5491,0.0034,0.2841,102.07347977447873,124.26336668197412,186.11824560023447,99.56307568233365,83.38072461627826,92.14841698163424,219.93656543065435,2.8250177065333206
8.7,0.541,0.0032,0.298,101.6372739934486,123.73233355724179,185.5134292715052,98.76558566262574,81.91233539902325,91.5191609013398,218.24951298352312,2.8221019252144597
8.71,0.5491,0.0032,0.3023,101.92926890188835,124.08780561969017,186.5870238346868,98.99071630096493,81.86098569828347,91.7445186014143,218.33696369476704,2.8124549031365316
8.72,0.61,0.0039,0.3172,104.80514305576551,127.5888698070189,193.8494920394733,102.71670917564327,86.49946696239992,94.71685396188826,224.26436238771,2.7766505883906536
8.73,0.5491,0.0042,0.2974,103.38314280980643,125.85773907280783,186.51472085739735,102.07846776685706,89.08017141251119,93.8986355974155,226.3248220121219,2.857571522295713
8.74,0.5491,0.0037,0.3174,102.84856011052852,125.20694274325211,187.00326056182783,100.67580885233049,85.52951115090353,92.94553942751784,222.690552454026,2.832881928530171
8.75,0.5734,0.0036,0.3282,103.4983949736078,125.99804605482689,190.07012575458447,101.00365524531504,84.62807636390046,93.34414379676701,222.03411344292343,2.800309626181602
8.76,0.5328,0.004,0.3427,102.98612932096303,125.37441830378108,185.72703878693608,101.30758133726783,87.75856684897985,93.20306424647087,225.0389373239231,2.8589953901970544
8.77,0.6019,0.0037,0.3584,104.66555053025273,127.41893108030767,193.9746514545792,102.11236620500767,85.12311392538278,94.27226866165446,223.03517270389193,2.770191750040581
8.78,0.7521,0.0035,0.2898,107.87535971707656,131.32652487296278,208.16268214042228,104.33497911067411,83.17791977829972,96.92830782374891,221.85905206708702,2.6431529242820093
8.79,0.748,0.0044,0.2463,108.87767178199998,132.54673086504346,206.92332172892196,106.69905399736507,89.03169411811575,98.74045690668694,228.61496759062123,2.6881602145769055
8.8,0.7034,0.004,0.252,107.28731815824672,130.6106481926482,202.5624679677658,104.71986113241493,86.70986840212743,97.12971749120015,225.7620644785891,2.7097212227723153
8.81,0.7602,0.0043,0.2435,109.08151758812336,132.79489097684583,208.11903062163483,106.64571011538699,88.35003805969774,98.84452527831868,228.09114517279573,2.6759949233886813
8.82,0.6384,0.0038,0.2461,105.33308960371635,128.2315873436547,195.61937600466737,102.72851199165136,85.73780109811491,95.43628000003869,224.22955875420072,2.7626203629377866
8.83,0.6262,0.0031,0.2884,104.1963522081881,126.84773312301161,195.23414952544636,100.42164954654446,80.79069835090296,93.60619679926201,218.40396087980588,2.735981560694182
8.84,0.6303,0.0038,0.3063,105.49501666357004,128.4287159382592,196.09076246975724,102.81479861735535,85.71723059604146,95.32095908897661,224.33689060410956,2.7595879628024584
8.85,0.6181,0.0037,0.3198,105.12210129478805,127.97473201104634,195.0791982069967,102.29964577603643,85.08390125804317,94.87269869222852,223.59210351097235,2.764986499802085
8.86,0.61,0.0029,0.3353,103.76407915118162,126.32148766230806,194.5534178307499,99.58286722255102,79.32926593474338,92.82627599215381,216.6624588553849,2.7341254099983416
8.87,0.679,0.0032,0.3504,106.16658655533448,129.24627928475502,202.23557947258598,102.17315614058387,81.31139938569282,95.07301901515008,219.6897348721834,2.683105089773368
8.88,0.7399,0.0028,0.3002,106.77269903382027,129.98415534552035,207.39781084321154,101.8852236547106,78.38621594024977,95.22514881408763,216.10790849242397,2.623769478424681
8.89,0.744,0.0028,0.2908,106.85274899372456,130.0816074706212,207.64062592880606,101.93071748061917,78.3865217162189,95.33077680154128,216.17829375391324,2.6223750860558823
8.9,0.6343,0.0028,0.3055,104.1942535643029,126.84517825219484,196.63762183410824,99.65421849774258,78.53542660264345,93.19504017772802,215.98468234186342,2.713283422365745
8.91,0.6709,0.0028,0.3014,105.1541670132713,128.01376853789552,200.46498645329729,100.45012576610861,78.47035556017262,93.98026458380915,216.13575937022955,2.681380704109939
8.92,0.6465,0.0026,0.3031,104.20450501612876,126.85765828050458,197.9410387754405,99.20754123753099,76.99942197728703,92.93598550534122,214.06556226665214,2.6931822061971813
8.93,0.6019,0.0028,0.2955,103.34363389856031,125.80964126781257,192.927707728161,98.85187153207346,78.6234290983478,92.58063401672634,216.08479016609942,2.7474879939850974
8.94,0.5694,0.0026,0.3202,102.24798973270927,124.47581358764609,189.83542622214736,97.45400674176214,77.1296780976863,91.30878329277276,213.9857100311105,2.7656994227305445
8.95,0.5207,0.0031,0.3586,101.92720184220902,124.08528919921098,185.0624820941335,98.18061574075028,81.21881561765069,91.49476765140375,218.85211681412866,2.836845836222957
8.96,0.5288,0.0033,0.3774,102.6206685593273,124.9295095504854,186.48969793491878,99.15783223679495,82.67110639430138,92.20406644042457,220.72567354380678,2.8331541779952403
8.97,0.545,0.0035,0.3608,103.32879388267548,125.791575161518,188.0190060348437,100.13015583997158,84.06990880957416,93.08782137048298,222.53300032059536,2.82821165060971
8.98,0.5328,0.0036,0.37,103.19940980005855,125.63406410441911,186.8276358446162,100.18495539310884,84.87083046186862,93.03085220147062,223.37500173419457,2.844682511395094
8.99,0.545,0.0038,0.3682,103.86151274577647,126.44010247311918,188.232615451474,101.09866858804911,86.21871927099733,93.78343858197024,225.0516280870138,2.8403943121787214
9.0,0.5328,0.0041,0.3618,103.9010080978946,126.48818377134997,186.67569743794422,101.66029166503917,88.44105942294571,94.09868359816093,227.31159370888,2.8683885420594843
9.01,0.5207,0.0044,0.3663,103.97917721047659,126.58334616927586,185.3686796207891,102.24238570681625,90.62196899681786,94.3683796860263,229.43344359316782,2.893639320908629
9.02,0.5207,0.0045,0.3657,104.12899184273488,126.76572919985117,185.37472872056398,102.51808760334616,91.30296226385322,94.57372396159788,230.16929329558758,2.898027649889326
9.03,0.5207,0.0044,0.3506,103.94002848847812,126.53568685553859,185.03433409979883,102.15898933342898,90.65730678573807,94.42656706411697,229.56218631922022,2.898218844291068
9.04,0.5166,0.0043,0.361,103.77947922805865,126.34023558198444,184.8126639042259,101.82108473686576,89.99355818418317,94.16830695884192,228.92783974608307,2.8971695041296033
9.05,0.5125,0.0044,0.3674,103.8481910270396,126.42388472856994,184.4942301936201,102.0314229729809,90.71194879878304,94.26893863261014,229.66373769181365,2.904871013551472
9.06,0.5125,0.0045,0.3698,103.96605614788625,126.56737270177456,184.5721245043106,102.42235710598041,91.49410763167737,94.47393783043185,230.4000403706781,2.90701848936875
9.07,0.5125,0.0046,0.3747,104.15441365842715,126.79667749721565,184.7100545337233,102.70923356943933,92.14551176947515,94.67546919439611,231.1237906781388,2.9102517335258637
9.08,0.5085,0.0048,0.381,104.36318786636225,127.05083740252796,184.40058443222512,103.13271857081632,93.46481868664554,94.9324325635192,232.4574069846192,2.9221228180660397
9.09,0.5085,0.0051,0.381,104.76337657365704,127.53802365488684,184.42067981406925,103.87330207412055,95.37996712571464,95.44052178430424,234.36194512113815,2.9339722612359536
9.1,0.5085,0.0051,0.3802,104.78866495360501,127.56880950873654,184.42147365169902,103.86364296979012,95.37870390021615,95.469698830079,234.42714778836725,2.9346579717774226
9.11,0.5125,0.0051,0.3776,104.91734599669546,127.72546469162926,184.86021464373385,103.96612432035536,95.34957231704891,95.60666598776227,234.50589383696305,2.9306270124944964
9.12,0.5125,0.0048,0.369,104.52752940231505,127.25090535934007,184.67352581329675,103.16356002908124,93.44441805377622,95.15581384084255,232.72955816086684,2.921959393783134
9.13,0.5166,0.0048,0.3757,104.71039506095704,127.47352442203467,185.34632251344578,103.32593012248653,93.40508676985387,95.29408749100924,232.80782075620908,2.915443240362769
9.14,0.5207,0.0044,0.3765,104.41010020302899,127.10794807325269,185.87504937980464,102.26786661901542,90.60525497313796,94.74494516293166,230.2664889260319,2.8968300614762894
9.15,0.5247,0.0045,0.3767,104.6863323277818,127.44423065990827,186.37552418722237,102.64775946116154,91.23903025903846,95.05538365467699,231.01717080054024,2.896315780213635
9.16,0.5247,0.0045,0.3669,104.6552154362644,127.40634922675666,186.16286287007435,102.59633107135386,91.2608540827504,95.08425248247356,231.08102162171056,2.8990470689958876
9.17,0.5247,0.005,0.3716,105.28208303299026,128.16949238798816,186.29470096798534,104.02819810211082,94.62290699108519,95.94850271726861,234.33256146129264,2.9156761709648276
9.18,0.5207,0.0054,0.3767,105.70748496700571,128.6873730033113,185.96019069098216,104.89693604648559,97.13720615645587,96.48623978860272,236.74067993743506,2.934494307708751
9.19,0.5247,0.0056,0.3706,106.0458350806627,129.0992774895024,186.31111861605117,105.44183337905933,98.33160459430036,96.91395889030719,237.94159319148764,2.9384310272964016
9.2,0.5247,0.0056,0.3698,106.07135220272701,129.1303418120155,186.31215938707365,105.43224867649822,98.33016583032024,96.94326411754888,238.00707172511065,2.9391118866996804
9.21,0.5288,0.0056,0.3749,106.24544455745561,129.34228033081553,186.9393498379719,105.58148402269278,98.28429069180815,97.08129809377714,238.0862101929927,2.9331281722818536
9.22,0.5288,0.0057,0.3743,106.38512160980054,129.51232195975717,186.94523932482375,105.80204355166315,98.8846343130311,97.25335679938162,238.7001909242409,2.9371760762907373
9.23,0.5288,0.0058,0.3531,106.40708677376799,129.53906215936973,186.4625633630185,105.89617719493347,99.51732618243878,97.42319936721394,239.30610691874722,2.9463892304220196
9.24,0.5369,0.0055,0.3569,106.34676236708547,129.4656237512345,187.53072330412004,105.47035132787234,97.63348185762219,97.23651483540678,237.75142298703452,2.9254736977144766
9.25,0.5328,0.0055,0.3608,106.28400930088542,129.38922871412137,187.1591085588394,105.36665962574703,97.657418483361,97.1584493998959,237.80300518738838,2.930088289244989
9.26,0.5288,0.0055,0.36,106.19724661566511,129.2836045755923,186.68639568588657,105.23703348203814,97.68855732268447,97.0822311656392,237.85475690099497,2.935796433169052
9.27,0.5247,0.0055,0.3629,106.12794072141483,129.19923218259197,186.28772178626892,105.12584922607552,97.71489476672498,97.00258002767319,237.90601345140627,2.940739903282541
9.28,0.5247,0.0055,0.3714,106.20575483155774,129.29396240363553,186.50999427812962,105.17262533885726,97.69812126485112,97.03165901596194,237.97091742683946,2.9390526304649236
9.29,0.5247,0.0055,0.3737,106.24856228377678,129.34607582372826,186.58459013564791,105.18181460584363,97.69163012399424,97.06071538908913,238.03576917837793,2.9389437036955632
9.3,0.5207,0.0055,0.381,106.20673657928351,129.29515757477995,186.30202151993606,105.10007117887768,97.70996295328382,96.98281755258176,238.08708571316564,2.9426524084740846
9.31,0.5166,0.0055,0.3841,106.13800694487652,129.21148671550185,185.90613552884543,104.98920609054821,97.73640094854049,96.90142672420698,238.13789856816976,2.947590121984972
9.32,0.5166,0.0056,0.3857,106.29101545639065,129.39775794691036,185.96418765901942,105.22537293911122,98.33914375581656,97.07542190856492,238.76120789195858,2.9511296693873073
9.33,0.5166,0.0056,0.3918,106.35548504902478,129.47624266837798,186.12982224691544,105.25783832685809,98.32587485825002,97.10436667317578,238.82599586696634,2.950038007540817
9.34,0.5166,0.0054,0.3898,106.14401912022045,129.21880588548575,186.10174521825124,104.7760140048947,97.10661202312758,96.84053287611954,237.76397152721333,2.944035836006256
9.35,0.5166,0.0054,0.3906,106.17823776735169,129.2604633689499,186.1405931532595,104.77615968390235,97.10270013008392,96.86934579800986,237.82835080399065,2.9443049221384845
9.36,0.5125,0.0054,0.387,106.07115311719024,129.1300994470142,185.58249479476683,104.62345441704068,97.13972510018431,96.78701772750937,237.8786518680319,2.951004326595397
9.37,0.5125,0.0054,0.3884,106.10877080783784,129.17589489649825,185.63576250198548,104.62729861091545,97.13480738467219,96.81575321872229,237.94292462273478,2.951116706691829
9.38,0.5125,0.0052,0.3908,105.91607413009979,128.94130763664324,185.713032500517,104.1620479567805,95.88907976177165,96.54158103029893,236.8422852312176,2.94377693866464
9.39,0.5125,0.0053,0.3906,106.06326616254097,129.1204979370064,185.7278190496219,104.39506164812182,96.50873972513887,96.72298079342963,237.49351098763884,2.9479223315656404
9.4,0.5125,0.0053,0.3841,106.05588485417205,129.11151199638337,185.5911063253683,104.35017990162943,96.51668523601087,96.75160556175976,237.5574747502852,2.9500849425807414
9.41,0.5085,0.0053,0.3855,105.97940843203604,129.01841026508737,185.16220035004494,104.23003049308079,96.54441217081455,96.67107172582678,237.6076101799994,2.9554208914978997
9.42,0.5044,0.0054,0.3857,106.00945184635364,129.05498485643054,184.690176304905,104.33456642087496,97.19475090630426,96.73692255442955,238.2354347308888,2.9648330315951132
9.43,0.5044,0.0054,0.3888,106.05681801203959,129.11264801465688,184.78477783871116,104.34913123183863,97.18688252511866,96.76546030885525,238.29939405304725,2.964489257980312
9.44,0.5044,0.0052,0.3927,105.87339974660483,128.88935621325805,184.89871501845562,103.89366010435336,95.93527930562554,96.49124858667422,237.19669869193888,2.956726631312473
9.45,0.5004,0.0051,0.3935,105.67269521210514,128.64502025821497,184.45182779501573,103.52649971607367,95.33479521413176,96.25379949567265,236.64812829535867,2.958613450403379
9.46,0.5004,0.0051,0.3821,105.63651313034542,128.60097250650747,184.19336130613397,103.44960599661698,95.35049727935208,96.28210461780242,236.71145985868608,2.962134209333254
9.47,0.5004,0.0051,0.3753,105.6266603738537,128.5889778464306,184.04659379219117,103.40161767188042,95.35899182071614,96.31038814531622,236.77474143256697,2.9644350729666047
9.48,0.5004,0.0051,0.3814,105.69108496121407,128.66740777886932,184.21479435354175,103.43550332906338,95.34688827165871,96.33865011746619,236.8379731091842,2.9632727355487805
9.49,0.5044,0.0051,0.3874,105.86954517033709,128.88466368562777,184.86686551367512,103.59482892717996,95.30351733273841,96.47743885002119,236.9151130174921,2.956815642636557
9.5,0.5044,0.0051,0.3876,105.89996799998637,128.92170017389645,184.89099669188917,103.5912999327591,95.30084511730408,96.50569020044338,236.97824889476263,2.9572357630682475
9.51,0.5044,0.0051,0.3935,105.96295779166971,128.99838339855444,185.0533984988247,103.62356749247111,95.2892978807776,96.5339200879908,237.0413351467965,2.956146494502375
9.52,0.5085,0.0052,0.3884,106.20041819376844,129.28746562719638,185.44547934830422,103.95666233560867,95.89013339081043,96.8306996876763,237.71790331768784,2.9562346754726847
9.53,0.5125,0.0054,0.3859,106.56541991840598,129.73181555284208,185.8869979081745,104.53535183330455,97.0983955108776,97.2725382720675,238.96438703825137,2.9593136156122704
9.54,0.5166,0.0053,0.3802,106.56160260018937,129.72716838283924,186.26222579410492,104.38619897936984,96.45530206063034,97.26159833717601,238.46173519824498,2.9523658407606153
9.55,0.5207,0.0051,0.3814,106.47345127509243,129.61985372619947,186.80148427073433,104.03490800536647,95.1748012551348,97.090267157461,237.34903995083172,2.939962261701968
9.56,0.5247,0.0052,0.3653,106.64556756188355,129.82938659707563,186.91404684382238,104.29548942223211,95.79062685933273,97.3824256187201,238.02544112979203,2.943089817546185
9.57,0.5247,0.0053,0.3635,106.78400141693078,129.99791476843748,186.89038019614753,104.51832745329388,96.41027018823219,97.56486144543436,238.6787092673485,2.947629135049905
9.58,0.5247,0.0054,0.3718,106.97778445595954,130.23382455508118,187.1079328572785,104.80017333989905,97.00918311502134,97.74472066963905,239.32262616908275,2.9495285881445157
9.59,0.5247,0.0053,0.3767,106.9169778973339,130.159799179363,187.24413863780103,104.58959061141853,96.38472062704405,97.62150218371596,238.80480881969038,2.945186455618416
9.6,0.5247,0.0054,0.3616,106.97892945559897,130.2352184676857,186.902864109407,104.7282864075581,97.02059074270015,97.80140663582397,239.44893403751314,2.9530866709541526
9.61,0.5247,0.0055,0.3735,107.19156314639064,130.49407687386687,187.20643017928998,105.02946535658688,97.60862339048761,97.97882372081969,240.08402532591538,2.9540097397199805
9.62,0.5207,0.0055,0.3769,107.12711371791004,130.4156167000644,186.82888532671626,104.92298255828702,97.63362951690202,97.89921454939066,240.1336080919788,2.958754003662265
9.63,0.5207,0.0056,0.3835,107.30838240052668,130.6362916180325,187.00605477857314,105.18919006784712,98.22584781252723,98.07405863862692,240.7600349167859,2.960987150621193
9.64,0.5288,0.0057,0.3837,107.68067635030354,131.08951903515214,187.99467252354887,105.66021897779427,98.75428216001077,98.46521187612996,241.40559583945807,2.9544647963855493
9.65,0.5288,0.0059,0.39,107.96813756752687,131.43947182133707,188.16331896586672,106.14208219888424,99.92739099686867,98.77592408989398,242.55391223489448,2.9600303637233267
9.66,0.5288,0.006,0.3959,108.14016400776848,131.64889531380513,188.32232087727152,106.39361137821639,100.50110398018565,98.94229647521227,243.14816011794747,2.9622909326068245
9.67,0.5328,0.0061,0.4014,108.42109293952772,131.99089575246853,188.94357311847097,106.76026554573056,101.03420508493133,99.21423915140821,243.74858717490906,2.9595850006554896
9.68,0.5328,0.0064,0.3994,108.75615848479818,132.39880163366735,188.9158025082258,107.38588546321392,102.75934926993597,99.63899933525906,245.33877508829121,2.97003750207327
9.69,0.5369,0.0065,0.4021,109.01961818127297,132.7195351772019,189.48042884655527,107.72918243494638,103.27773978632536,99.90616576990617,245.9119414641356,2.967795649337797
9.7,0.5369,0.0069,0.401,109.44469395132049,133.2370187233467,189.47397778964006,108.53796014877994,105.51018069179396,100.43139377862369,247.89319054614677,2.980528396195562
9.71,0.545,0.0071,0.4039,109.913519913835,133.80776337336434,190.50708745690474,109.18804159229109,106.50957669955653,100.9160650878186,248.90816322781518,2.9760527499885554
9.72,0.5491,0.0074,0.4092,110.3731308782069,134.3672897647736,191.12511159952786,109.91911651214406,108.06674215021866,101.40166480977966,250.32998001059107,2.978669408268834
9.73,0.5531,0.0074,0.4067,110.5011755424079,134.52317022554007,191.54892370119248,110.01553659058756,108.02417678787127,101.53672517500712,250.40856222648813,2.9749053669893066
9.74,0.5531,0.0074,0.4098,110.54868273777447,134.58100507207328,191.63989621824052,110.02844877462996,108.01355998341779,101.56572491085971,250.47364862082514,2.9746334486810233
9.75,0.5531,0.0077,0.4063,110.83630270074275,134.93115111394772,191.57863792383566,110.57386337539447,109.60544414353117,101.93036120088594,251.83637798795954,2.9841294282909594
9.76,0.5613,0.0077,0.4031,111.0775159980233,135.2248020845501,192.46713904594085,110.78625717965045,109.51508432606141,102.17571573211167,251.92913578101806,2.9755272419959087
9.77,0.5653,0.008,0.4078,111.51490127827479,135.757271121378,193.05117413797848,111.47881234672873,111.01276030681294,102.63444886574753,253.26293927774674,2.978056182125232
9.78,0.5653,0.0085,0.4129,112.00731440955714,136.3567305855478,193.18696780873117,112.40208134964978,113.54059477930481,103.1815314196261,255.33291919384888,2.990020891015308
9.79,0.5653,0.0087,0.4169,112.22823261556991,136.6256744885199,193.29761381632522,112.76988156374853,114.52672323362034,103.41027265496811,256.1722859816461,2.9944706887205355
9.8,0.5613,0.0088,0.4192,112.24250793892837,136.64305314304323,192.91346884065214,112.83705405375781,115.06461822955784,103.43197558223986,256.6059623948892,3.0015781971672335
9.81,0.5613,0.009,0.409,112.37895860723438,136.80916700011142,192.69967167515972,113.11589921286561,116.0750583187657,103.65446667191229,257.42314021760086,3.009287797653461
9.82,0.5613,0.0091,0.4043,112.46359740204525,136.91220553292467,192.6114546193617,113.25294438041792,116.57391688883025,103.77896575195187,257.85964838795604,3.0132642546952395
9.83,0.5613,0.009,0.4076,112.43247098114945,136.87431249879063,192.70646904272658,113.09714144375629,116.06911518990374,103.71317158211757,257.55581813880053,3.010593212633693
9.84,0.5613,0.009,0.4104,112.478963069988,136.93091156346364,192.7899867937453,113.10785749939996,116.05680635556661,103.74249170361126,257.6220814937153,3.010406332051988
9.85,0.5613,0.009,0.4106,112.51075405971122,136.9696136379093,192.81395352504208,113.10365036446261,116.05145356303221,103.77179031964941,257.68829456412385,3.0108423780113047
9.86,0.5653,0.0092,0.4114,112.81931881878917,137.345257692439,193.308635886068,113.55484798810369,116.96943148836476,104.09698928577384,258.50556505688996,3.011064650370353
9.87,0.5653,0.0092,0.4133,112.86073433799798,137.39567658538886,193.3713644084449,113.56031676877825,116.95935343322635,104.12632840736146,258.5718704809529,3.0110963910223956
9.88,0.5613,0.0093,0.4153,112.86903659630326,137.40578368245616,192.97960122945148,113.6188692111035,117.48945329754152,104.14260202488751,258.9882666551861,3.018198952708352
9.89,0.5572,0.0094,0.4174,112.87371134489165,137.41147468073765,192.57713038022604,113.67315144251015,118.02005782638366,104.15439568504885,259.4009249661677,3.025416570954434
9.9,0.5572,0.0094,0.4176,112.90555536252161,137.45024131089588,192.6009920597931,113.66882850413779,118.0144437395562,104.18366197336495,259.46725829654827,3.0258548389987765
9.91,0.5572,0.0097,0.408,113.11271179289258,137.70243174786924,192.39954415837653,114.09797269143517,119.47880047034846,104.48500129076743,260.5956714103903,3.035469710737872
9.92,0.5613,0.0096,0.4057,113.17099088724994,137.77338021056514,192.83685988088314,114.03551999086497,118.9425447140602,104.53474551097206,260.32538063747546,3.029303993468216
9.93,0.5613,0.0094,0.4153,113.10119195929569,137.68840760262086,193.07606662945545,113.7573836287311,117.94831542258142,104.38147079449473,259.68004608692866,3.022931156469902
9.94,0.5613,0.0094,0.4204,113.16077047873392,137.76093797411087,193.21201349922796,113.78125693596633,117.9290989552923,104.41068278403505,259.74618340270405,3.022192234965445
9.95,0.5613,0.0093,0.4231,113.12808020696103,137.72114112151777,193.29299393504724,113.62566736808715,117.43303772089382,104.347202486093,259.4512822935113,3.0197278481350858
9.96,0.5613,0.0092,0.4182,113.0516755482037,137.62812675433494,193.20012562844704,113.42532493286836,116.95585638949322,104.28273068999275,259.15275428497597,3.019064324930182
9.97,0.5653,0.0091,0.4123,113.08180763714437,137.66480929739316,193.54161880251908,113.33285230112182,116.42542196629012,104.32386932911866,258.86413011464816,3.01383412838731
9.98,0.5694,0.0092,0.4216,113.35986159546046,138.00330976838666,194.2392233073339,113.6651879149187,116.8280101462787,104.55639909538192,259.31180556337836,3.009586668661868
9.99,0.5694,0.0094,0.4257,113.57195197041968,138.2615067465979,194.35152872282347,114.01557835195574,117.77841852411987,104.77236692741084,260.1037023973263,3.013713988877224
10.0,0.5734,0.0093,0.4247,113.62983792230898,138.3319766010718,194.80107320781596,113.95187345459709,117.24068983481048,104.81412542323744,259.82152387514355,3.007438362349291
10.01,0.5734,0.0093,0.4188,113.62746651453637,138.32908966987037,194.68688398513908,113.9133031601484,117.25146017018805,104.84325323720287,259.88723418300674,3.009298207613774
10.02,0.5734,0.0094,0.4204,113.74602816325053,138.47342559004414,194.74234240526496,114.0826493826136,117.72374217328209,104.9654975203553,260.3145821352393,3.011697263665577
10.03,0.5734,0.0095,0.4231,113.87012884903038,138.62450468577612,194.82266442450504,114.25703488796897,118.19080500895383,105.08686805646254,260.7387307219431,3.013819607358678
10.04,0.5734,0.0097,0.428,114.08313782556489,138.88381996155726,194.9526838025187,114.60495263221475,119.12473386049633,105.29791123034421,261.5118042824956,3.017647053642731
10.05,0.5775,0.01,0.4296,114.46565859139218,139.34949741560789,195.4704092945676,115.20426674605001,120.47066102978502,105.70206566821422,262.62934694009584,3.019578286315847
10.06,0.5775,0.0099,0.429,114.41752870628125,139.29090451199457,195.47614755665225,115.03635433065975,119.99826728915407,105.64313222092339,262.3524380971915,3.018014502804998
10.07,0.5775,0.0099,0.4284,114.44485317669334,139.32416908467016,195.48186442057136,115.02757028369993,119.99464576867217,105.67231537983645,262.4183929061663,3.01863356797845
10.08,0.5775,0.0099,0.4265,114.46488768688154,139.34855892316014,195.45827421965166,115.01148693815982,119.99466804505245,105.70147762246971,262.48429880751036,3.019555068856411
10.09,0.5775,0.01,0.427,114.57382496605307,139.48117821954287,195.4887281176914,115.16791648967528,120.45659315958254,105.81885392439897,262.89341331939323,3.0221012773843983
10.1,0.5775,0.0101,0.4298,114.69508970713606,139.6288048608613,195.5709748944434,115.33620092350816,120.90996779710638,105.93545232779522,263.2996769654145,3.0240950007038783
10.11,0.5775,0.0094,0.4278,114.1773552566259,138.99851944284893,195.5450818527876,114.19149934389644,117.6040558346205,105.33476785607591,260.91791743209257,3.009511431060015
10.12,0.5775,0.009,0.4229,113.85942408304919,138.61147279675555,195.45375671517272,113.48978519870943,115.67872183575389,104.98412190725725,259.51199480921076,3.0018430959597935
10.13,0.5816,0.009,0.4225,114.00084951840599,138.7836428919725,195.92540404253867,113.5970032839407,115.62320288170875,105.11998503612395,259.5904383872105,2.9976584668983897
10.14,0.5775,0.009,0.4263,113.93888131979054,138.70820334583198,195.56863851464104,113.4984463018877,115.66078846988758,105.04175982692401,259.6416551383038,3.0019988207459223
10.15,0.5775,0.0091,0.4237,114.03610088777948,138.82655760251416,195.52908896192096,113.64758946302841,116.14907627191923,105.1669562387283,260.07974448448783,3.0054264349406417
10.16,0.5775,0.0094,0.419,114.28008721169687,139.12358443163097,195.44207508601679,114.11561488534272,117.60314451732204,105.47933230976498,261.2437861094134,3.013928211991853
10.17,0.5816,0.0094,0.4172,114.41450177953519,139.287219557695,195.88265139213902,114.21531265914415,117.54861991017127,105.61572219340641,261.3224962079903,3.0100504980076246
10.18,0.5816,0.0094,0.4141,114.4276653335312,139.30324475386408,195.83192479396092,114.19266206489918,117.5519345271295,105.6445823256021,261.3874817777169,3.011244185942027
10.19,0.5816,0.0094,0.4245,114.51574741375327,139.4104751123953,196.08494705340775,114.24559219239461,117.51961468968867,105.67342199646913,261.4524196790497,3.0093069238867254
10.2,0.5856,0.0092,0.3851,114.27904122152485,139.12231105229114,195.6671068976044,113.79970607832036,116.60451069775894,105.61792093032632,260.80040670671565,3.009687756983677
10.21,0.5856,0.009,0.4037,114.25011628337774,139.08709808411203,196.1050279202999,113.56220886255336,115.58296826191965,105.45414658382423,260.1207768085455,3.0011657692807696
10.22,0.5856,0.009,0.4114,114.3227688646379,139.17554470477657,196.2970597314681,113.60000441791104,115.55903382748649,105.48284971123063,260.1852102028449,2.9998578879958733
10.23,0.5897,0.0091,0.4121,114.5511702459496,139.45359856028648,196.79122302111108,113.88149604813374,115.98603416420768,105.71450172867003,260.63716439939117,2.9978024070596296
10.24,0.5856,0.0091,0.4155,114.48734028912052,139.37589252588586,196.42710388842087,113.78134036358588,116.02447065569409,105.63703434457467,260.68813996551313,3.002198834402949
10.25,0.5856,0.0089,0.4163,114.35805237061291,139.21849853813745,196.46404013570134,113.44181640729848,115.04604496701513,105.47098014457646,260.00029583395417,2.9977730329513035
10.26,0.5856,0.0089,0.4147,114.37938121458075,139.2444640873157,196.4470930584637,113.42777393198374,115.04549800781056,105.49957586318125,260.06444814501486,2.9986100240957416
10.27,0.5897,0.0091,0.4178,114.70314652903497,139.6386131657817,196.9947538667318,113.8924852036251,115.95324962359733,105.82925145013292,260.89462332432527,2.998369566039819
10.28,0.5897,0.0094,0.419,114.98105862626129,139.9769409363181,197.0405603444865,114.39330791464573,117.38509745706773,106.14325537067705,262.06154960359646,3.005474398298345
10.29,0.5897,0.0094,0.4084,114.952897441336,139.94265775466994,196.82234558579586,114.32925271266248,117.40776908425003,106.17194940627182,262.1260218765004,3.008375165400664
10.3,0.5897,0.0094,0.4151,115.02007111025175,140.0244343950891,196.99125872126982,114.36124469618383,117.38557071389911,106.20062331569387,262.19044736289175,3.007307085767045
10.31,0.5897,0.0097,0.4227,115.32743367347187,140.39861490683532,197.18010997022398,114.88720790491692,118.78173482606486,106.50663613310284,263.3280926977515,3.0127755508392178
10.32,0.5897,0.0099,0.4272,115.53634227721403,140.65293842443447,197.2995473954874,115.22748173546606,119.70183216408104,106.71596167827866,264.0924371685813,3.0166188867694306
10.33,0.5937,0.01,0.4116,115.66701244201812,140.81201514680467,197.41667372967294,115.40526333255669,120.15033175025927,106.93783008828035,264.5157479772467,3.018259058945313
10.34,0.5937,0.01,0.3984,115.62425482530212,140.75996239601997,197.140696743881,115.32666175305799,120.18138874282127,106.96659904598725,264.58050915907086,3.021755470299472
10.35,0.5978,0.0099,0.3959,115.6782288046898,140.8256698491876,197.56154655415372,115.2624464066465,119.66155951097187,107.01213100517832,264.31313930843345,3.0159320211180023
10.36,0.6019,0.0099,0.3965,115.824743281253,141.0040352989167,198.05001530473683,115.37344882130456,119.5997468014761,107.14627116439964,264.39109831789415,3.011607667071025
10.37,0.5978,0.01,0.4051,115.86568737252638,141.05388027959734,197.80429511711836,115.46134044829132,120.09152277815609,107.15892999329614,264.7879970807461,3.0169496999421797
10.38,0.6019,0.0097,0.402,115.761298976197,140.92679875363115,198.20996376472496,115.07256212342283,118.64038068556958,107.0222917627919,263.8192561198695,3.0069077046860015
10.39,0.6019,0.0093,0.4037,115.48456175818745,140.58990127083692,198.2665882571465,114.42267384314378,116.73922162291899,106.67742778493037,262.4428542656743,2.997987166155634
10.4,0.5978,0.0089,0.4041,115.07838456738001,140.0954246907235,197.83860225784622,113.6350624631006,114.85871803455893,106.21271564790537,260.9975345228567,2.9936850830939705
10.41,0.5937,0.0086,0.4096,114.77435835525814,139.72530582379252,197.5228432711865,113.03053525184183,113.4221479818717,105.83422948457579,259.8866582594459,2.990356745610997
10.42,0.6019,0.0085,0.4082,114.93285492877828,139.91825817416486,198.42303095999077,113.06833220827647,112.83347813975182,105.96887534302353,259.58119582755637,2.979416903170048
10.43,0.5978,0.0084,0.409,114.76979158609652,139.7197462787262,198.00414701522558,112.77942070748131,112.37856647793058,105.78889788188684,259.23193784830687,2.981850721606356
10.44,0.6059,0.0082,0.409,114.84142246463281,139.80694908737908,198.9212267980157,112.63940570598369,111.28849657865297,105.81051996035552,258.50952485795744,2.9682315158992414
10.45,0.6019,0.0091,0.4104,115.53802956683677,140.65499251614912,198.52830970155088,114.09529139961512,115.73806994350761,106.65570548926846,262.08371611471875,2.9946171608644114
10.46,0.6019,0.0077,0.4023,114.30401064732604,139.15270861413606,198.36733976720598,111.56935263990604,108.80291922887811,105.21505024990303,256.5154606850421,2.9622205868308176
10.47,0.5897,0.008,0.4221,114.38665160884847,139.2533150020764,197.46752769894923,111.8909491435211,110.41604886389503,105.26654084056719,257.81645619262616,2.979822507225068
10.48,0.5937,0.0074,0.4308,114.0131639462761,138.7986343693796,198.12686353000248,110.9245769693326,107.2678156111123,104.71723041324864,255.29110295274072,2.95788835809858
10.49,0.5937,0.0073,0.4323,113.95418440844428,138.7268331928887,198.17896735218892,110.73603534530797,106.73838295090522,104.62678036388927,254.9014593622715,2.955262566474265
10.5,0.5937,0.0074,0.3933,113.87099866070348,138.62556358694337,197.32631546513528,110.70808840263612,107.33443845413095,104.77274826868401,255.4142759722856,2.9673011331883394
10.51,0.6019,0.0067,0.3869,113.38981427006999,138.03977389399824,198.11833680453933,109.51440994631938,103.54019678037687,104.14516014424136,252.22227989332734,2.9401049316588144
10.52,0.6303,0.0063,0.3649,113.61874686895993,138.3184744491686,200.78252362755026,109.3285203231444,101.16191479398262,104.33217868748972,250.35753050973818,2.90225808527808
10.53,0.6871,0.0056,0.3547,114.36012775593612,139.2210250941831,206.63607884839675,108.89174526437287,96.60375175327182,104.63654447178604,246.77009282272974,2.8292625620402934
10.54,0.8455,0.0056,0.3472,118.11411541791904,143.79109703051014,222.05295226879915,111.98473066015933,95.59313128924374,107.83791421013183,247.20856533212904,2.7015452224206524
10.55,0.7846,0.0053,0.3184,116.26562828777318,141.54076487207172,215.74827438643854,110.02710676176662,94.28818551753824,106.22488258345244,245.36854532658955,2.7433046505552743
10.56,0.6912,0.0054,0.3367,114.22231008582328,139.05324706100228,206.74635538862896,108.42308738988378,95.44471295519224,104.4931957078219,245.7938335136537,2.823624939214543
10.57,0.6993,0.0052,0.3531,114.29813855587486,139.14555998106505,207.9452458513752,108.18250298356917,94.19598002438447,104.36875312746577,244.6705352081304,2.8071534214126155
10.58,0.6831,0.0052,0.3584,113.94161844593732,138.71153549940198,206.39293170635864,107.853237259036,94.30116887940824,104.04443429969362,244.68663458840905,2.821358821122916
10.59,0.6749,0.0052,0.3502,113.71636215760635,138.4373104527382,205.38011225550085,107.63496693762784,94.37205221309627,103.8909350558327,244.72325460827952,2.830926151868657
10.6,0.61,0.0051,0.3765,112.03702776642196,136.39290336781804,198.95509827075182,106.0091515781098,94.24548119248841,102.25126142845924,243.9819527836308,2.8872491264878803
10.61,0.6587,0.0053,0.377,113.6096258802606,138.307370636839,204.27144962580934,107.63346665405902,95.04478112188903,103.74630081960588,245.40301791910832,2.8452942219554065
10.62,0.5856,0.0048,0.3859,111.06839461213734,135.21369778868896,196.46843614046168,104.7488483049133,92.63906338092697,101.19475776992334,242.10896264365456,2.9008351797600684
10.63,0.5734,0.0045,0.3972,110.43463307203805,134.44216200074197,195.35580747913596,103.70050179613456,90.79897061982457,100.37570678818389,240.10592937636096,2.9012479522776804
10.64,0.5734,0.0042,0.401,110.1127861966262,134.05034841328407,195.4608459708448,102.8360898817119,88.76424393877882,99.82864901876275,238.01864688022093,2.890151637349297
10.65,0.5694,0.0045,0.4069,110.43541514435509,134.4431140887801,195.15641292209986,103.63263708419242,90.80479164229945,100.32698641364492,240.20769852606244,2.9045021319272077
10.66,0.5734,0.0046,0.4106,110.72322435655404,134.7934905210223,195.71636773799483,104.02180842276357,91.41583895148247,100.63779972757331,240.96470428495815,2.903291480276386
10.67,0.5897,0.0049,0.4092,111.56487768372831,135.8181119627997,197.54820615863264,105.22219931442586,93.20160893281097,101.60256888742059,243.06001158824748,2.896675004165641
10.68,0.6181,0.0045,0.3851,111.76256955717535,136.05878033047435,200.18832412531978,104.67612121855099,90.4286322157048,101.59906915366884,240.5247344465723,2.858880898545002
10.69,0.61,0.004,0.3704,110.80534677798124,134.8934656427598,198.98620914058822,103.02335148100863,87.24154298600759,100.44587367100956,236.902887668364,2.851386406341443
10.7,0.5816,0.0042,0.3804,110.38675100412833,134.3838707876345,196.03514440964904,102.92544122968711,88.73551312321116,100.189478857703,238.38256004899196,2.8880279028430964
10.71,0.5653,0.0045,0.4031,110.47220958618153,134.48790732230796,194.70665041505694,103.46604702090436,90.81659465437097,100.37928744209658,240.5364974896935,2.9127860345643826
10.72,0.5856,0.0046,0.4004,111.15393191197809,135.31783015371246,196.9790599393851,104.28735965557271,91.35848656202799,101.10099439096994,241.3447200617653,2.894109787136081
10.73,0.614,0.0048,0.3808,112.14868833107202,136.5288379682616,199.73378987547107,105.33427461767788,92.3524418828604,102.17950956772577,242.82605924494305,2.876799492748383
10.74,0.6425,0.0048,0.3727,112.89485850146573,137.43721904526265,202.6890786875521,105.96959295997279,92.15626703472962,102.87592826421981,242.96485691569342,2.8498731105817647
10.75,0.614,0.0048,0.3967,112.28868763364105,136.6992719018239,200.12173530848017,105.4062904659202,92.32775646480732,102.23242067737272,242.9404903159683,2.8742796526311776
10.76,0.6019,0.005,0.3927,112.17234955760162,136.55764293968895,198.7094331605929,105.67716683292086,93.74809330283658,102.31225345820387,244.2546502281377,2.89409743434225
10.77,0.6059,0.005,0.3959,112.36645262913282,136.79394233111822,199.2442878168633,105.71234796148039,93.62985396268499,102.43633601387391,244.324037155317,2.890701744461475
10.78,0.6343,0.0052,0.3606,113.21419651951736,137.82597837158636,201.61120736125744,106.7177690605614,94.66748130381553,103.47717281483892,245.71389563779718,2.875794543547139
10.79,0.6303,0.0056,0.3345,113.4248059871195,138.08237250605853,200.6203546897834,107.52614181870035,97.192882122279,104.04763259014601,248.13914101687726,2.8977393825829134
10.8,0.6425,0.0055,0.3492,113.78031304080442,138.51516370184885,202.2920730128134,107.57736620052451,96.39722637985679,104.20617651868396,247.65173582484425,2.8804073318243884
10.81,0.6181,0.0055,0.3686,113.22407948259826,137.83800980490224,200.06423839536703,107.14485095398837,96.64148280484979,103.65348974152954,247.63877118177032,2.9011060988288078
10.82,0.5937,0.0053,0.3592,112.32757166550378,136.74660898409158,197.14437092535223,105.94853512203647,95.62068605336026,102.76413091518039,246.43336744544447,2.924206103861015
10.83,0.5937,0.0052,0.3751,112.31575613495413,136.73222485994415,197.52173730432344,105.79903742300469,95.00241823195212,102.62814202243777,245.88134821159534,2.917472200749973
10.84,0.5856,0.0052,0.3839,112.17719800006614,136.56354539138488,196.82225615634502,105.61492989102081,95.03761927042262,102.45161169114047,245.91376917339068,2.9252045410698386
10.85,0.5937,0.0051,0.3806,112.27524532322697,136.68290735001543,197.68189460920377,105.58380387092343,94.39094537564267,102.51543760236949,245.3759523698774,2.9135121535892843
10.86,0.5937,0.0049,0.3851,112.07119721555131,136.43450095806247,197.80135623804858,105.12095977551847,93.16883698278887,102.20177631750454,244.16004019114618,2.9056522612441893
10.87,0.5572,0.005,0.3708,111.18178773305269,135.35174158806416,193.30180770793527,104.21490114373425,94.003486166085,101.46815090929208,244.74420238367003,2.956449250245633
10.88,0.5653,0.005,0.4306,111.74760681571283,136.04056481912866,195.64310584133977,104.80353378183354,93.88151506381736,101.7052426256572,244.82729316102478,2.932580885231303
10.89,0.5694,0.0048,0.4306,111.62607804058445,135.8926167450593,196.13041352420518,104.42800542393734,92.62488018377097,101.49267774639495,243.60110786105386,2.920770367940015
10.9,0.5734,0.0046,0.4333,111.50708082227398,135.7477505662466,196.66607038137363,104.05253752295363,91.35094976686648,101.26262857839127,242.32586095149657,2.9082856057871784
10.91,0.5816,0.0046,0.4225,111.69198145089463,135.97284698369782,197.36951152530514,104.2212388986696,91.3217732454486,101.4957639915461,242.40755768910685,2.9017398735157203
10.92,0.5856,0.0043,0.4098,111.38693783639063,135.60148953995383,197.55257296441988,103.39915508001388,89.32389037317998,101.05461506076483,240.35946575826756,2.8899491837784117
10.93,0.5897,0.0044,0.3884,111.50505269393469,135.74528154044225,197.55012372058886,103.73491016019457,90.04690755542416,101.37519032539417,241.1471728194234,2.8932874172158587
10.94,0.5816,0.0045,0.3912,111.47449089385118,135.70807587077536,196.71235032689893,103.77394507698682,90.71297106756896,101.38814808017467,241.8839127538208,2.906325575568459
10.95,0.5816,0.005,0.3933,112.17308933374079,136.55854353672794,196.77796971059516,105.02929188717704,93.81829512718971,102.30464949804426,245.2764482258035,2.9251329133664643
10.96,0.5613,0.0051,0.3957,111.79933157111314,136.10353408657252,194.51780697978938,104.68707468699608,94.54264456893462,101.9759048926369,245.90082840286834,2.952808610349089
10.97,0.5572,0.0051,0.4182,111.83767889469758,136.15021778484922,194.5817747131354,104.69451481988551,94.53817169845962,101.89413564747791,245.94422947411365,2.9527543046604436
10.98,0.5572,0.0048,0.4235,111.51124508404597,135.75282010231683,194.72222414577436,103.99081337950494,92.6810009946794,101.40839187760544,244.0697692264263,2.940835016667415
10.99,0.5572,0.0047,0.4323,111.45427651087272,135.68346705671462,194.94356991478654,103.78905910039936,92.04400929203366,101.2569643467029,243.45874296478976,2.9353407880280775
11.0,0.5572,0.0044,0.4382,111.10649498917967,135.26008085639265,195.09757909920637,103.05187602538456,90.12925400299025,100.72961201189676,241.4356706656844,2.92261795551038
11.01,0.5694,0.0053,0.4357,112.61329512481383,137.0944462389038,196.4599692699557,105.60962613815761,95.63773364755072,102.64308806277995,247.44455371753875,2.942732746650899
11.02,0.5694,0.0063,0.4433,113.82576137174861,138.57049210473744,196.65126685434572,107.86366089738463,101.38810012616997,104.15249703586531,253.12559386800783,2.974143406969587
11.03,0.5816,0.0071,0.448,115.03108476813279,140.03784232642252,198.1598989467788,109.85423460291628,105.61347492971807,105.53929085133446,257.18945960912345,2.982672001465549
11.04,0.5937,0.0082,0.4296,116.31592839059243,141.60199977985167,199.1237030871105,112.13768082308641,111.17477092088427,107.15277684962082,262.15076412699614,3.002592995631124
11.05,0.6262,0.0091,0.4541,118.11477154256384,143.7918957909473,203.25870901647062,114.70179278853165,115.1266468128379,108.94308091428663,265.88967269640915,2.983147276136035
11.06,0.7074,0.01,0.4633,120.98180637817435,147.28219906908183,211.96684076861976,118.22926069960894,118.36559951456827,111.77212719393093,269.4742823100353,2.9203151050609457
11.07,0.7399,0.0105,0.3692,121.73696789108406,148.20152612827627,213.36318742880485,119.3224372569554,120.42414141645125,112.98232025893037,271.3411071861523,2.918437921838001
11.08,0.7764,0.0105,0.3227,122.41794244389153,149.0305386273462,216.07922952390223,119.93799286779499,120.14108575561457,113.79702385715737,271.49982660820075,2.8944690619182576
11.09,0.8211,0.0104,0.3265,123.51540331554096,150.36657794935422,220.48859947868408,120.57076282680167,119.02924132637202,114.65568451989363,271.33655172653204,2.8566869691147354
11.1,0.8576,0.0104,0.33,124.41678211062194,151.46390865640933,223.99853928452214,121.25049799111214,118.5955006679153,115.40493626778176,271.4857947595085,2.828388652060901
11.11,0.8901,0.0106,0.3072,125.23748790224208,152.4630287505556,226.58344577051423,122.06173625689995,119.14405888282656,116.23740494304452,272.2958497039184,2.811971833235597
11.12,0.8658,0.0168,0.2831,128.55208743274963,156.49819339639086,223.92907893970317,129.93543344400268,143.70886444319189,120.31610276826987,289.10217786424874,2.932537797849285
11.13,0.8252,0.0177,0.2861,128.11560554492095,155.96682414164292,220.1883588613217,130.08237783799794,147.43807045877864,120.03552253991168,291.0329053460485,2.9778980008759155
11.14,0.7683,0.0185,0.2921,127.15633729005332,154.79901930963013,214.79091687917224,129.67697349164544,151.11137207538863,119.27340002681649,292.62199142061877,3.037681671818634
11.15,0.7115,0.0189,0.2986,125.90451064081915,153.2750564323016,209.1826538579475,128.73566947669534,153.50245737543707,118.20061933612429,293.3367160580949,3.0963454919234317
11.16,0.6506,0.0187,0.2592,123.89276875076202,150.82597934875375,201.86770008095692,126.68434583316616,154.20443218161716,116.61342390851193,292.80381405319963,3.167358226186467
11.17,0.6425,0.018,0.2418,123.2554311563733,150.050090103411,200.6077074783003,125.61338991811844,151.93242124710883,116.06411228862795,291.39419453770716,3.171867261868542
11.18,0.6506,0.0176,0.2114,123.1542971354368,149.92697042574918,200.84936204877425,125.23547854396102,150.42134144582772,116.08588598079557,290.6368665157306,3.16462381227491
11.19,0.6546,0.0167,0.2251,122.93618562520793,149.66144336981836,201.61131274365158,124.4295767753582,146.94626802091204,115.71205280414802,288.738789193262,3.1448815051046703
11.2,0.6628,0.0163,0.2582,123.18656471757791,149.96625269966006,203.25014194116685,124.38179954063415,145.14706307736353,115.71537961745122,287.92179037663493,3.1230399392566337
11.21,0.8982,0.0163,0.4127,129.92220094392778,158.1661576708686,229.41821341839034,130.37983265053867,140.9677157507231,120.92204236761178,288.6352205588828,2.885920713301735
11.22,0.9145,0.0164,0.4467,130.53794642055945,158.9157608598115,231.48800013707518,130.88598026583475,140.9724509304697,121.32724352727703,288.96843634229447,2.871469714514847
11.23,0.9104,0.0167,0.468,130.73879134760605,159.16026772752045,231.522512325311,131.24524485798784,142.03479787175547,121.46140659945301,289.70586913167875,2.8757675091735715
11.24,0.9064,0.0168,0.4931,130.847890018932,159.29308350130853,231.63274516012427,131.37829328888853,142.36861259180165,121.47463227813542,289.9866507313764,2.8767851487050007
11.25,0.9064,0.0167,0.4782,130.7561734350462,159.18142852962148,231.3905105322524,131.2071066507803,142.05256383813682,121.44447352435797,289.8268736071021,2.8779256882537174
11.26,0.9064,0.0167,0.4902,130.841750470545,159.28560926848957,231.62243381451188,131.2443703521221,142.01048024144077,121.47447417809431,289.892030822496,2.8766610414374973
11.27,0.9023,0.0166,0.5051,130.7920577663682,159.22511380253522,231.54408836148164,131.1037653554356,141.6656373594821,121.36464247095421,289.7211195176347,2.8765057001101644
11.28,0.9023,0.0167,0.4937,130.82623591710998,159.26672198604695,231.36326265727251,131.18203750758954,142.0498664352792,121.45510049486462,290.01248588879184,2.8798192034946286
11.29,0.9023,0.0168,0.4855,130.87461286021548,159.3256156559145,231.23868042551743,131.27037782100336,142.42383833295588,121.54523764879497,290.3027343310074,2.882686204704019
11.3,0.8982,0.0167,0.4912,130.78301309037104,159.21410289262565,230.99706330158097,131.0991048474025,142.10752631161174,121.43526271357071,290.1327159164269,2.8838297228761336
11.31,0.8982,0.0164,0.5056,130.71353954453986,159.12952640204853,231.27212960355155,130.7861646700397,140.988071463416,121.28251266886583,289.5145903487968,2.878203348735717
11.32,0.9064,0.0163,0.5163,130.92269747614284,159.3841534492174,232.20365756211075,130.83602310135365,140.47266420148122,121.40952667648088,289.3686360378952,2.8700825678551873
11.33,0.9145,0.0163,0.5138,131.12421585679647,159.62948017349134,232.8901524027053,130.9599520542173,140.35791399702694,121.59501295309234,289.45234384912015,2.8652603444219835
11.34,0.9226,0.0162,0.4937,131.18954415303867,159.70901027326448,233.2668984661202,130.90423324313988,139.93731181472356,121.71719495366568,289.3043139321203,2.8615166213294896
11.35,0.9307,0.0163,0.5084,131.5222440266462,160.11403620635193,234.24733739007877,131.20411095605738,140.13363409625967,121.96264729087636,289.61915949184123,2.855801627979733
11.36,0.9348,0.0164,0.5134,131.72229561290382,160.35757726788293,234.70917410900964,131.40523134022425,140.4123164627335,122.13173644471776,289.92354873573885,2.854124263803713
11.37,0.947,0.0166,0.5352,132.2286984683564,160.9740677006078,236.15385942702247,131.90992251310098,140.88455940606983,122.51312012449759,290.47328367748804,2.8462265707971572
11.38,0.9673,0.0167,0.5415,132.78138181176357,161.64689959692956,238.00826549081344,132.3694614892503,140.93821448869645,122.97919616192786,290.81047231007966,2.833969245822329
11.39,0.9754,0.0172,0.5461,133.28422392082172,162.2590552079569,238.7895116714457,133.0967289298819,142.54734140620195,123.45895470213257,292.01079593918763,2.835126251198051
11.4,0.9916,0.0181,0.5267,134.06586797858876,163.2106218869776,239.84285775862847,134.31769758027434,145.4442778320368,124.30744840337442,294.0544714559965,2.839099140234293
11.41,0.9997,0.0182,0.5226,134.30475134892265,163.5014364247754,240.47053728298738,134.54045611392124,145.67477443669776,124.54043921955451,294.3481696706877,2.8361703788660058
11.42,1.0038,0.0185,0.5066,134.5135166598542,163.75558549895294,240.5662521009195,134.8873227742509,146.6622310587548,124.81346756236303,295.04875988805514,2.8396641392742543
11.43,1.0079,0.0187,0.4543,134.51405995440044,163.75624690100923,240.05724313010694,135.00808455008163,147.41266103194795,125.02867838970846,295.5358357801059,2.8464454102707544
11.44,1.0119,0.019,0.4725,134.8630441603079,164.18109723863574,240.71434744150307,135.45326544955134,148.29408713457326,125.29583090034116,296.2221473928837,2.8456513949920974
11.45,1.016,0.0192,0.4651,135.0525180225453,164.41176107092474,240.95277813101438,135.70891320545368,148.9103177148089,125.50829916205508,296.7001164076804,2.8467790669641135
11.46,1.0322,0.0192,0.4523,135.37202029089437,164.80072035413227,242.10148907373886,135.9154030496882,148.7112384213339,125.82505930799206,296.80039591138234,2.838756324532078
11.47,1.0444,0.0192,0.4374,135.59646335907067,165.07395539365126,242.88006932734018,136.05293285511334,148.5766264293034,126.0687026066441,296.89171241976743,2.833524706000819
11.48,1.0403,0.0192,0.4602,135.63752157572367,165.12393930957666,242.93872930333086,136.0575471275166,148.5637159938083,126.02784439277266,296.94853460964737,2.833630944940258
11.49,1.0282,0.0195,0.4459,135.50774989934567,164.96595639920344,241.72845513732906,136.15103221943656,149.7480566644677,126.0082087778556,297.5874393072626,2.846673745455827
11.5,1.0241,0.0195,0.4451,135.44900555526698,164.8944415455424,241.39678246134582,136.0829159879204,149.80180486183622,125.96619066752886,297.6441436988692,2.8496947309021072
11.51,1.0241,0.0195,0.4561,135.5270840335922,164.98949360611223,241.5997132830931,136.1141741041389,149.76346930605504,125.99663207074065,297.70960415392466,2.8487218091287385
11.52,1.0282,0.0192,0.4596,135.50728199928955,164.96538678174383,242.01718573533492,135.86181019300452,148.70655723462585,125.93741900504236,297.18423451931216,2.842636923552442
11.53,1.02,0.0192,0.5255,135.64331671414445,165.1309942606976,242.4484786897965,135.93550571406448,148.63061979277697,125.82264112377526,297.23186818663277,2.8399686467899468
11.54,1.016,0.0189,0.5457,135.520649122954,164.98165980185706,242.4725808489047,135.60699134938605,147.63708493062256,125.61747558497842,296.6804117111337,2.836774575272728
11.55,1.0119,0.019,0.5504,135.53753770294722,165.00221981228356,242.23298604863894,135.66545129122923,148.00340827568473,125.62960009175562,296.9401911419634,2.8402858249764593
11.56,1.016,0.0189,0.5518,135.6087916620795,165.0889637625316,242.6145683867254,135.62081181638095,147.6075123779899,125.6779605610438,296.81041449394513,2.836797590019803
11.57,1.02,0.0182,0.5401,135.30516927273547,164.71933650593886,242.77187492228865,134.86894147838728,145.25682082007796,125.38594190365855,295.4309676342043,2.827697138522838
11.58,1.02,0.0182,0.5572,135.4072969989557,164.84366591177215,243.0735722624007,134.9187901284929,145.20594024847486,125.41605981315261,295.4955483759988,2.825997341519753
11.59,1.016,0.0181,0.521,135.1507881229619,164.53139423664928,242.16898391039672,134.63256678479362,145.01357243409979,125.31787842595178,295.339879180353,2.8320166261203448
11.6,1.016,0.0181,0.5298,135.2186270401299,164.61398074450597,242.33494810548942,134.65730402252115,144.98435243136194,125.3479280586332,295.4043286384165,2.8313172938442106
11.61,1.016,0.0179,0.5477,135.2161879843109,164.6110114591611,242.65073925501844,134.4844824559948,144.26078879530806,125.26238476557114,295.042252134486,2.8270261807870383
11.62,1.016,0.0178,0.5718,135.29270250063485,164.70415956599024,243.06787780316367,134.4426251624922,143.8566472331835,125.23412355898685,294.8916799300725,2.8232191348770943
11.63,1.0282,0.0179,0.5825,135.67350413746365,165.16774416734705,244.262032706532,134.77119491788764,144.00367969431656,125.53792894011762,295.1968313846543,2.816183769564408
11.64,1.0444,0.0179,0.5808,136.027362277691,165.59852799023253,245.5702315958783,135.0066467341119,143.79955076364675,125.85091614892359,295.2951868384587,2.807129035605669
11.65,1.0444,0.0182,0.5323,136.02449070531492,165.59503216299208,244.80495969968,135.19721736049365,144.9143784441655,126.05474080896904,295.99822704450366,2.8169579302340555
11.66,1.0566,0.0183,0.5473,136.41839560030422,166.0745685568921,246.0559615344408,135.5337151144548,145.04827795157792,126.35329965383039,296.2989202214716,2.8095621579586574
11.67,1.0606,0.0187,0.5397,136.7138666128578,166.4342723982617,246.276637757197,136.01143275272062,146.3276954856026,126.67934466238303,297.2057263490221,2.8133171329791846
11.68,1.0566,0.0187,0.557,136.7341372714317,166.45894972174298,246.25403744620684,136.00135309958367,146.32856553688083,126.64058672966907,297.2618265124664,2.8140101441843575
11.69,1.0525,0.0186,0.5594,136.63877803838096,166.3428602206377,245.98304795204612,135.83533917553066,146.04042483656426,126.54349193473794,297.11046774020815,2.81531365997776
11.7,1.0566,0.0185,0.5888,136.81800288514208,166.56104699060776,246.80720295094721,135.87080430227113,145.58058267767845,126.5878061575701,296.9751029862194,2.808634082331655
11.71,1.0525,0.0185,0.6003,136.81290450406894,166.55484026582306,246.683489687811,135.84218555613526,145.59720743865523,126.54700652077138,297.0307543128486,2.8100593893361925
11.72,1.0525,0.0185,0.5728,136.73300248816437,166.457568246461,246.26164843522753,135.75851188034363,145.66019168333335,126.57704002008035,297.09490873081404,2.8136577687384134
11.73,1.0566,0.0186,0.5837,136.94439144855616,166.71491132867706,246.78785102941322,135.96009183158102,145.90389716119242,126.73465066354468,297.37590293211497,2.8115582854220658
11.74,1.0566,0.0184,0.5471,136.72045784950623,166.44229651244237,246.21935300532195,135.62808545839147,145.33237728629973,126.65098173566622,297.02228814774344,2.813808880643155
11.75,1.0485,0.0185,0.5726,136.7443940850575,166.47143627746132,245.99790304855102,135.69189211197627,145.69325936286518,126.59759576237768,297.27875039586985,2.8171648335026354
11.76,1.0444,0.0179,0.5664,136.3418370774904,165.98136687694483,245.58650342268044,134.93976840658212,143.76812294746597,126.21026782046212,296.06244174941895,2.8133498001142563
11.77,1.0525,0.0175,0.5779,136.36079167971565,166.00444204487124,246.447689398633,134.6388339233946,142.29992234724733,126.14377417161754,295.2742604301467,2.8025766663293687
11.78,1.0566,0.0173,0.5925,136.41936141431037,166.0757443304648,247.0331974710388,134.5115353447956,141.54047973820826,126.12383497781363,294.9052104209673,2.796306563067864
11.79,1.0647,0.0174,0.604,136.71337299657907,166.4336714740963,247.88692165262637,134.77823229034362,141.74996854925155,126.35282985472159,295.2063071530197,2.791916784754492
11.8,1.0688,0.0175,0.6256,136.96692059514595,166.74233811582988,248.57886910088524,135.01447970062364,141.98193970724398,126.5127415843054,295.49809352967765,2.7887109185553913
11.81,1.0728,0.0175,0.6339,137.1089660823255,166.9152630567441,249.04925837913467,135.09528862832968,141.91204998395528,126.61062560705697,295.5696005728679,2.785848317769499
11.82,1.0728,0.0177,0.6464,137.30141175687214,167.14954474749655,249.2682876993386,135.357963436014,142.543194493977,126.75992242423828,296.0699568939017,2.7873006147691575
11.83,1.085,0.0176,0.6439,137.5042472100292,167.39647486438338,250.21325538040392,135.4117081902922,142.07351925427838,126.93664506937694,295.9400362575307,2.7798086795032515
11.84,1.0891,0.0172,0.647,137.39830356239602,167.26749998900385,250.60545758278008,135.01880897614853,140.68494614381765,126.79327352633071,295.12821805156267,2.7724768799886506
11.85,1.1216,0.0174,0.6373,138.12765425221733,168.15540517661242,253.00918627604435,135.6809430600353,141.01500655719883,127.48344298987773,295.69957581691455,2.758543690972096
11.86,1.1337,0.018,0.6211,138.66672309465537,168.8116628978413,253.71444318497763,136.4850381406058,142.88666000993325,128.0703857415394,297.0926404812368,2.761565576591086
11.87,1.154,0.0182,0.6168,139.17413108303776,169.4293769706547,255.22643763185738,136.97666112413464,143.32244578783505,128.54603475470253,297.62224666560905,2.753976656776063
11.88,1.1581,0.0182,0.6209,139.29667675294567,169.57856300358603,255.62282829311076,137.04294471037872,143.2651153317968,128.64181283780027,297.69347536132346,2.7517345746633803
11.89,1.1622,0.018,0.648,139.39109712685965,169.6935095457422,256.36749092291706,136.9477035120952,142.512141342991,128.6193889403407,297.33721461155505,2.7446577247429302
11.9,1.1662,0.0185,0.6567,139.80809832806835,170.2011631819963,256.8234229010403,137.58163494802196,144.06020566498876,129.00616025756165,298.4692414274354,2.7480654411288272
11.91,1.1865,0.0181,0.6799,140.06896967492787,170.51874569121654,258.71955633454127,137.4706345554571,142.51180425600646,129.12286965572068,297.7235762526935,2.730763278732529
11.92,1.2028,0.0189,0.6863,140.86380923804893,171.48637646371176,260.0495836457724,138.58632942778638,144.88112352645973,129.8723814376342,299.4960603043362,2.7317764137489267
11.93,1.2434,0.0207,0.6943,142.60740134897236,173.6090103378794,263.1697919373359,141.04013187402995,150.01445618806758,131.5144185796108,303.1978050393914,2.731628869353812
11.94,1.3124,0.0215,0.6984,144.25701378283378,175.61723417040636,268.1928333067372,142.72788127233503,151.68624466862985,132.98999018222605,304.88253017004496,2.707572306150291
11.95,1.3611,0.0228,0.7149,145.81120471293116,177.50929269400316,271.8443259408453,144.63882839759594,154.9564024970096,134.3738801308544,307.36623105779483,2.697835739668486
11.96,1.422,0.0205,0.7181,145.64145677320064,177.30264302824426,276.0634612620273,143.0442277704393,147.63070323412478,134.06647890321787,303.3089340825412,2.647698621141167
11.97,1.4301,0.0205,0.7235,145.81665951285942,177.51593332000277,276.70358015333153,143.14887891268427,147.54655424849517,134.20735889695507,303.38582729657827,2.644186071890544
11.98,1.4464,0.0209,0.6875,146.20643921777312,177.99044774337597,277.3362130968031,143.66507017130155,148.64655070961572,134.6736068640715,304.2387176143044,2.645027076356383
11.99,1.4058,0.0209,0.7188,145.69994302628828,177.37384368417705,275.04645962263214,143.27401834237295,148.9476748378407,134.15370992308652,304.238842511277,2.659814078385649
12.0,1.3286,0.0211,0.6982,144.51388508440903,175.92994705928055,269.46276968013956,142.5166633349482,150.30287530244607,133.20312844959471,304.5526952375891,2.698046960918636
12.01,1.2921,0.0214,0.6746,144.00150593986012,175.30618114417757,266.56946043134036,142.3122256966779,151.6073326776132,132.8561810426224,305.1135662969921,2.7206034891936017
12.02,1.2555,0.0219,0.6725,143.6393803699895,174.86533262433505,263.9280495514422,142.34240219101036,153.4832127185619,132.59212587950228,306.0303960751383,2.743855200111888
12.03,1.2393,0.0223,0.6953,143.66136184875117,174.8920926854362,263.1032338236613,142.58543163912412,154.7908957403335,132.57400606282044,306.78639565269697,2.7540178126024757
12.04,1.2434,0.0225,0.852,144.41763139860424,175.8127686591704,265.6890046717993,143.2334615683384,154.98043640531387,132.76606991782273,307.2147790927282,2.739319716606234
12.05,1.284,0.0228,0.6859,144.72460101064908,176.1864707955728,266.239826275765,143.61681091105174,155.76978734665477,133.55931339899809,307.88206415190876,2.7392111029355988
12.06,1.3327,0.0228,0.7708,145.87753204550268,177.5900390119163,270.8968191470295,144.4258329248427,155.06790301470087,134.30817013490005,308.03153080101896,2.7092991051402606
12.07,1.3855,0.0228,0.8246,146.9505917054748,178.8963725110128,275.28593848434286,145.17734281672728,154.42970441809197,135.09285398716418,308.18472771009317,2.681787518083421
12.08,1.4626,0.0217,0.8487,147.69647876044849,179.8044089257634,280.7770693994921,145.0205814973501,150.51639301007995,135.6240379706567,306.3969122956512,2.6369473267796213
12.09,1.4991,0.0205,0.8728,147.69541915554342,179.8031189719659,283.49437130329665,144.24921302963676,146.6841737692876,135.49632372105557,304.25852667674576,2.6082368437143133
12.1,1.6088,0.02,0.8629,148.93878656740782,181.31678364727907,290.3542013213122,144.92379272988396,144.5054167077138,136.63247706028667,303.50543233469614,2.561872563882508
12.11,1.7265,0.0198,0.8915,150.49380826025825,183.20985353422745,297.90451581011934,145.92740313530862,143.0953566532373,137.94535891688065,303.33095404821626,2.516832499548871
12.12,1.7915,0.0198,0.9139,151.40197779395788,184.315451227427,302.0342909548692,146.5817119427271,142.66424027273175,138.71326146809352,303.4772900967561,2.4942020628240464
12.13,1.9295,0.0199,0.9268,153.1739912224564,186.4726849664687,310.10098921572194,147.9492022922603,142.1423559034552,140.29428489526708,303.90631835171814,2.451803544447119
12.14,1.9945,0.0209,0.9221,154.53778196814469,188.13295196121965,313.6816929870786,149.5435114950575,144.58073148785004,141.57248705032464,305.98833625869617,2.443684307651618
12.15,2.1,0.0209,0.9313,155.74829540983023,189.60662049892377,319.52319481496744,150.43560241828604,144.01204794425865,142.6598452103807,306.168843481433,2.4136082566391686
12.16,2.1366,0.0221,0.9714,156.96485021935777,191.08764374530512,321.91734996330115,152.00970987343737,147.01936246858946,143.71233965858963,308.5026488517668,2.4137243794176633
12.17,2.1975,0.0223,1.0373,157.8845836311796,192.20731920317516,325.81443467163535,152.7940165111024,147.1683375265597,144.43607118732314,308.9926703775997,2.396272223268792
12.18,2.234,0.0218,1.0712,158.06164980204142,192.42287801987652,328.0685942857197,152.63406724457315,145.63029013983456,144.53986156457117,308.1847034333082,2.3804904860507117
12.19,2.299,0.0215,1.1542,158.71525783223626,193.21857475228765,332.2303212906852,152.95153823668286,144.4552080830759,145.0042920153022,307.75922602634716,2.357305923032194
12.2,2.3355,0.0212,1.1892,158.9797846540877,193.54060740497633,334.428202636369,152.97326470414728,143.46894113930998,145.1972643414205,307.2971026567116,2.3439789695312863
12.21,2.4208,0.0211,1.2411,159.83453571079272,194.58117390879116,339.15217095721056,153.56592936120106,142.80370335763052,145.92520245357989,307.25349630225156,2.3205550513651287
12.22,2.4695,0.0212,1.2565,160.39421907689623,195.26252757187368,341.6783885109614,154.03728759273952,142.85859515132753,146.4351023521807,307.5514219109168,2.309903613546708
12.23,2.5263,0.0209,1.2791,160.77441299021186,195.7253723359101,344.62767444701535,154.16121598317076,141.8373534459471,146.77508771526027,307.09733996287724,2.2934051196055156
12.24,2.5466,0.0203,1.2987,160.62938869920515,195.54882102511934,345.7986568952028,153.71400939649624,140.17481922982586,146.62282204735965,306.0180535636086,2.2822979771515097
12.25,2.5466,0.0196,1.2989,160.2021518001819,195.0287065393519,345.8284985687822,152.98589022656992,138.32273762064318,146.22958766887052,304.6881645164368,2.2753759968618734
12.26,2.5507,0.0193,1.2417,159.97257485968618,194.74922156831363,345.5106088863619,152.62267494965585,137.5488802940858,146.10947538625064,304.1442245388457,2.274126897396105
12.27,2.5101,0.0182,1.1694,158.78211414144403,193.29996504175796,342.9260552446056,151.05372248531165,134.75616852679184,145.0968700123366,301.859204912163,2.2748175030201945
12.28,2.4898,0.0187,1.0523,158.7815108342088,193.29923058077594,340.85598445046475,151.30052356196492,136.27031847553818,145.28658140726816,302.968842774725,2.2904339506759
12.29,2.4817,0.0195,1.0776,159.3265290516001,193.96273101933923,340.7368016575167,152.14502870668449,138.4482403413344,145.7571995691846,304.6786523310418,2.2999232902961917
12.3,2.4654,0.0198,1.0788,159.4152077440105,194.0706876883606,339.9877284030123,152.35418476442103,139.3140422501273,145.83656925815734,305.33190689750427,2.3070321044390805
12.31,2.437,0.0215,1.1009,160.312450261497,195.16298292703982,338.8501732110981,153.93819458120507,143.90820153494477,146.62537981114846,308.6560354070817,2.3300661797978695
12.32,2.4492,0.0225,1.1589,161.17000638665832,196.20696429680143,340.0336973073022,155.1053479862436,146.40053866914528,147.31882316521794,310.56089619290583,2.3344445841349923
12.33,2.4533,0.0245,1.0875,162.2686512664783,197.54444502006052,339.5671732162489,156.9479888504581,151.5175611929997,148.43299078996313,314.08642014689843,2.3555175503087455
12.34,2.4695,0.0258,1.1744,163.33003955304,198.8365698906574,341.21916858449816,158.3836153950818,154.57664500579978,149.2463000527087,316.2848278928569,2.3593528494555827
12.35,2.4695,0.0294,1.1451,165.16554302259902,201.07109585359882,340.9638812427376,161.47321643501604,163.24504878331499,150.9071322251918,321.7673364289602,2.3904231196950856
12.36,2.4736,0.0307,1.0893,165.76071476141243,201.79565275302383,340.65013869065933,162.4988368481897,166.31461217152292,151.52032285631498,323.6525666344752,2.402329873854084
12.37,2.4857,0.0342,1.0533,167.43517921483624,203.83413121806154,340.91420784380836,165.29126838298825,174.23996432047852,153.02605449470713,328.30613899349385,2.4267723882127763
12.38,2.5101,0.0353,1.0113,168.10127153632698,204.64502621813722,341.712901926318,166.23793509637198,176.57603133256802,153.6791572246519,329.7512904489841,2.430855410196463
12.39,2.5101,0.0371,1.0107,168.8889685196019,205.60396167603707,341.7344423497562,167.5632069768587,180.50920131931883,154.34948618460407,331.95798348012863,2.4431265377345204
12.4,2.4939,0.0377,1.0299,169.04752043184288,205.796981395287,341.1659527839497,167.9095297302903,181.88371115794095,154.44575093529514,332.70300398404135,2.4502156792325342
12.41,2.4817,0.0381,1.057,169.17735416730673,205.95503985585168,340.865624611839,168.14896335354751,182.78508011228166,154.50660423996595,333.2156631219768,2.454682138880684
12.42,2.4654,0.0383,1.0859,169.18840969411195,205.96849875804935,340.3835120310096,168.21758012545524,183.280084532946,154.46173518600068,333.4942316616936,2.458753687675008
12.43,2.437,0.0381,1.0929,168.87311716647662,205.58466437658024,339.09772858740484,167.8817446756476,183.02813204731135,154.17173716913703,333.3066116986758,2.464234549858565
12.44,2.4127,0.0385,1.0601,168.75333318656075,205.4388404010305,337.61386092631795,167.9402897050231,184.09789875666684,154.11737666389996,333.80261228475234,2.474544824740043
12.45,2.4086,0.0386,1.1344,168.938991979712,205.66485980138853,338.1687973347537,168.092503633164,184.22998875531542,154.14724358433384,333.97888431175727,2.4728738474933643
12.46,2.4045,0.0384,1.1285,168.84207980393862,205.54687976131657,337.93669310174454,167.9147095258189,183.82967683570098,154.0773849715991,333.8170098646411,2.4731959216157904
12.47,2.4005,0.0375,1.1904,168.60419146772458,205.25727656940384,338.37445781760505,167.33854716830533,181.820315037479,153.77181433471623,332.8528390544005,2.4657065886826324
12.48,2.368,0.0354,1.1003,167.260622422651,203.62162729714038,335.91143973237496,165.4342827591806,177.5504648799845,152.77198199448657,330.4021723842663,2.4644529022018293
12.49,2.3396,0.0343,1.1194,166.57687477014414,202.78923885061027,334.71568818150934,164.42778408484168,175.25290956922186,152.1416020527051,329.0864008163986,2.463301500232982
12.5,2.3152,0.0317,1.1328,165.24101163007867,201.16297068009578,333.655922565058,162.2512323617054,169.46663095418555,150.95498918213383,325.7719202526127,2.450397599458558
12.51,2.3152,0.0308,1.1116,164.81870470138543,200.6488578973388,333.46959724959487,161.50097984647854,167.3993255377204,150.62803498722002,324.62009679274854,2.445033371652908
12.52,2.3112,0.0286,1.0383,163.6120393451755,199.17987398543104,332.5570202918106,159.54413885880865,162.30697553120854,149.7003484875736,321.5685983405002,2.432914048411899
12.53,2.303,0.0281,1.092,163.42496022799227,198.95212549494713,332.7113804661324,159.14183382923338,161.08841010569373,149.43804329046142,320.8885147536607,2.4285398022372835
12.54,2.2909,0.027,1.1433,162.8844456103698,198.29410769958062,332.6448818784067,158.1801983092085,158.4287560191825,148.86363297556696,319.27900905613717,2.4202366406272375
12.55,2.2584,0.0265,1.1842,162.41457748385355,197.72209432816956,331.4408154876709,157.5575234936259,157.33366407223147,148.3602344300202,318.534669459672,2.422476302873701
12.56,2.2462,0.0254,1.2147,161.80657855209125,196.98192171558938,331.15717441413767,156.52865931639997,154.63757965262948,147.75654048320757,316.83506174386247,2.414831906833431
12.57,2.234,0.0237,1.2536,160.86124476702952,195.831080585949,330.9584949251304,154.92416771212254,150.36411346098146,146.82672748734407,314.0451430504692,2.400954456512259
12.58,2.2584,0.0231,1.2439,160.7758064938207,195.7270687750861,332.1242620101817,154.5292626431231,148.7159964811994,146.77637588299677,313.08815791556356,2.3899638835472317
12.59,2.299,0.0237,1.2102,161.4852779487971,196.59077315505735,333.856851365628,155.36237882956544,150.08950853326635,147.49955177123715,314.23817111567064,2.3873596766122556
12.6,2.3315,0.0247,1.2913,162.55261229179652,197.89013670305667,336.3141750297945,156.66570330533793,152.37656481424713,148.33860213172804,316.02730626647235,2.3847108102983947
12.61,2.3883,0.0248,1.3078,163.2137756460715,198.69503122130445,339.3011291598214,157.20530651253915,152.33952074670663,148.93641816788306,316.3131510378059,2.371409419045501
12.62,2.4248,0.0247,1.3436,163.5982799980988,199.16312347594638,341.45269638881774,157.43425106984,151.889289967781,149.24490152027766,316.245954023371,2.3605126436922217
12.63,2.502,0.0245,1.3784,164.28151058891297,199.99488245606796,345.51657729607444,157.85216305294063,151.02152045241849,149.8518508725549,316.04849029658186,2.339682279331302
12.64,2.5669,0.0241,1.3876,164.67058354707282,200.46853649208865,348.69194502982384,157.94816710286474,149.7531593581353,150.23316367290678,315.4958179846966,2.3215099898842126
12.65,2.7172,0.0237,1.3553,165.67529151037445,201.69165923002106,355.3531225944305,158.54520353436357,148.2056223440665,151.29222609226568,315.0057223750957,2.287394966352962
12.66,2.7781,0.025,1.3928,167.02395497244976,203.3335104012432,358.4665980242293,160.20443843513132,151.109021395717,152.48358985898994,317.31559616841037,2.2850636266706266
12.67,2.9648,0.0263,1.4029,169.26566390392608,206.06254736130134,366.7935409531706,162.56873376710766,153.48291114970274,154.6013873920257,319.6312640098374,2.2590795819279412
12.68,3.0704,0.0274,1.3631,170.64133807295713,207.73728113229564,370.999433774319,164.13103607173304,155.6697113760314,155.9460382238276,321.4857611173276,2.249903374573272
12.69,3.1963,0.0287,1.3757,172.31179818162695,209.77088474285023,376.40964601977265,166.0044855493425,158.14563666422436,157.4902224376588,323.58962158113854,2.2369997755731212
12.7,3.3708,0.0303,1.3016,174.30506551516203,212.1974710619364,382.96177771335243,168.24643492983313,161.10425185569764,159.4514766353589,326.0730175950448,2.22145372314423
12.71,3.452,0.0316,1.3767,175.6614721226608,213.84874867106532,386.83715768918285,169.83354198076222,163.5679413078698,160.592961588584,327.9817088226938,2.2149435172335683
12.72,3.5332,0.0329,1.3504,176.85728423069475,215.3045199330197,389.85943296246944,171.27634964415697,166.05408809536488,161.7069639913392,329.82753280304905,2.211837327878942
12.73,3.6956,0.0344,1.3211,178.63650460837667,217.4705273493281,395.9436517217482,173.26210809104998,168.60954347651648,163.39588086627137,331.9210592392053,2.197286011309367
12.74,3.8215,0.0372,1.3127,180.78787120950295,220.0895823420036,400.6743127806611,175.98373831546783,173.8380714762545,165.29193523428913,335.46462749870625,2.1964986524276413
12.75,4.0408,0.0389,1.3808,182.99472446463744,222.77618630477602,409.28597788529095,178.35786268144238,176.33942048835738,167.28105949608857,337.6254210173665,2.1728485719808663
12.76,4.1463,0.0399,1.4914,184.21334468837546,224.25972396845708,413.89855199125833,179.67573045685634,177.82036578574852,168.29383411567974,338.87313606743834,2.161044744279356
12.77,4.2844,0.0405,1.5157,185.30523187831483,225.58897793881806,418.9669441867275,180.76381226599958,178.46841252626646,169.33620435768555,339.68095006274734,2.145244532718901
12.78,4.5483,0.0404,1.6171,186.75554042349867,227.35457095034621,428.73067022500766,181.9695246435258,177.33577909906313,170.80214657485243,339.78931836938256,2.1078405575073575
12.79,4.6863,0.0417,1.7044,188.15180174048996,229.05436733624865,433.939786125579,183.538683167544,179.2771716732229,172.02780956141666,341.33422226911443,2.096186904818692
12.8,4.9746,0.0417,1.7711,189.56918678426135,230.7798795634486,443.74165688144274,184.7925022604379,178.3660015393107,173.55081719710068,341.55258398734486,2.060616007504526
12.81,5.0964,0.0421,1.8378,190.3799439627347,231.76688830245965,448.04185380265403,185.61315382219908,178.71169505238788,174.33229201926355,342.1055404025271,2.0477290744776573
12.82,5.2222,0.0464,1.8843,192.95359496474174,234.90002865272908,452.2767296609577,188.98546987618687,186.02053536026705,176.40162863629604,346.58908311315395,2.056016045439611
12.83,5.4455,0.0487,2.0241,195.03235696209032,237.43069543210996,459.96036166048253,191.40506179072386,189.27904974667996,178.2211226491769,348.9526846290679,2.040921027509716
12.84,5.5308,0.0542,2.0966,197.76600479814604,240.75861453687347,462.9777461941434,195.11156395493416,198.27969443109754,180.25291875739768,353.9510822072335,2.0569642867685918
12.85,5.677,0.0563,2.1818,199.29241016582293,242.61684715839314,467.825306588452,196.9368196361791,201.22757291148187,181.5424574769561,355.8433202677725,2.0499872834386683
12.86,5.7622,0.0596,2.1124,200.88721875763648,244.55835327016615,469.93889516796577,199.06610427842364,206.34614702256602,182.83400434665964,358.59818562090857,2.0574016268149617
12.87,5.8597,0.0668,2.156,203.9612549273777,248.3006581724598,473.0422275265084,203.31458513043034,217.32481615318954,185.05940454708963,364.0712171623866,2.0763560571089648
12.88,6.0952,0.07,2.3121,206.14644161883902,250.96088544902142,480.6424103977676,205.8977582084467,221.29767288843917,186.87699266826812,366.4714317144154,2.06309945337175
12.89,6.2088,0.0799,2.2176,209.76032706708284,255.36039816862262,483.3192886338277,211.02948713516577,235.6241434484666,189.4840336677151,372.95212118818125,2.0895518981470165
12.9,6.5052,0.0849,2.2252,212.46227937107187,258.6497314082614,491.5137343574272,214.33905126022304,241.6866063457887,191.76556963237394,376.11017329023997,2.079033477286239
12.91,6.623,0.0884,2.269,214.00928379975838,260.53304114753195,494.951625069176,216.3248685803065,246.13203593562,192.94909285238552,378.2149524328334,2.0791037352993
12.92,6.7245,0.0931,2.2686,215.77084360887721,262.6775487412419,497.68751393051673,218.6993259292866,252.24165008105973,194.24715424497538,380.8880206883751,2.0847670282343755
12.93,6.8706,0.0933,2.276,216.41116944469667,263.45707584571767,501.61006060734275,219.27677869827667,251.96255368085818,194.92593277804383,381.12949235553106,2.0729791942757285
12.94,6.8991,0.0938,2.3572,216.75693970113392,263.8780135492065,502.81656995830946,219.6447536613603,252.47448247731575,195.17064562217908,381.48069076997854,2.0709245248728205
12.95,6.9234,0.0953,2.3993,217.33799883949428,264.5853898915583,503.7066054727553,220.39374701848024,254.38372054898642,195.56877993436976,382.35295206950957,2.0728139178053504
12.96,6.9072,0.0977,2.4389,218.01329568843423,265.4074904033113,503.5298055031652,221.3770166493958,257.6417507489221,195.94886612266058,383.6594935004055,2.080666856028445
12.97,6.9275,0.1013,2.4936,219.1386406724209,266.7774756012081,504.3798332309353,222.9582617049404,262.32130925038445,196.6634897198873,385.5520917048139,2.08841013443568
12.98,6.9072,0.1028,2.5212,219.52391411821773,267.24650414391726,504.0345870773961,223.52361264849526,264.3551363038827,196.86255101122947,386.35647277469116,2.0940232700301586
12.99,6.83,0.1037,2.6225,219.59148110326322,267.3287596039726,502.59013797788333,223.70697163536246,265.75366246847,196.72854734915146,386.8377264585974,2.101518738866035
13.0,6.7935,0.1053,2.692,219.96262655544572,267.78058885010785,502.0378485658231,224.2752262391799,267.9375048751194,196.86889571704552,387.66858073024196,2.108001484222345
13.01,6.757,0.1005,2.8322,218.72602892126702,266.2751656432816,501.85468578297764,222.34386251547335,261.61667839763805,195.99782812038293,385.3839985731238,2.0958393621954707
13.02,6.8138,0.0995,2.8205,218.70448277899223,266.24893555703403,503.31532702007365,222.1268848678779,260.0704017488585,196.1133070900941,384.981992896282,2.0886809591129665
13.03,6.8544,0.1038,2.8748,220.07348459661648,267.91554646544614,504.69184289511117,224.03411622550706,265.56164910106867,197.01366536728733,387.1974802754339,2.0964807916346664
13.04,6.8788,0.1055,2.9324,220.6897119359555,268.6657362698589,505.6609830122613,224.8328872345271,267.6442611937513,197.42255759418046,388.1015700238294,2.0983111474208807
13.05,6.8747,0.105,2.9696,220.61792190220996,268.57833970703825,505.7857760482825,224.65779183970557,266.96831467845175,197.36984371681942,387.9354801411991,2.0969378192150945
13.06,6.8422,0.0766,3.0511,212.30610019426987,258.45960023650247,505.4047323198904,212.31799187798333,228.11384245140258,192.18044920917134,372.411915406421,2.0121536371166147
13.07,6.8422,0.0779,3.066,212.7888227277262,259.04726245114495,505.5202278801885,212.95968901997273,229.97016557120787,192.4900278978512,373.29983436070216,2.016611565561039
13.08,6.7894,0.0793,3.04,213.0958774844217,259.42106824190466,504.0524572848423,213.44844421636296,232.1518165939833,192.60083756655297,374.21619735597767,2.026435620166194
13.09,6.7488,0.0781,2.9229,212.53427104523763,258.73737344637624,502.4196050875621,212.6917904822686,230.63831321081466,192.23200908073395,373.53078188547136,2.027990829680437
13.1,6.7245,0.079,2.7708,212.68292178479953,258.9183395641038,501.02207126124546,212.95169957764918,232.10069773416086,192.3558201941433,374.1498703454025,2.0359291298212745
13.11,6.7854,0.0806,2.7299,213.4182422811228,259.81351234223644,502.44319409269764,213.87985234812936,234.2079950330127,192.96744439345014,375.223862933109,2.0370591669284526
13.12,6.6473,0.0807,2.8065,213.06814875127873,259.38731152329586,499.24975024556693,213.53957010334358,234.74999447308375,192.45750563061742,375.2996421018694,2.048111615239876
13.13,6.5499,0.0818,2.9313,213.19930071410926,259.5469747823939,497.3647812129358,213.81916630256424,236.55181738283991,192.30551243999878,375.9921667615991,2.0582657633892483
13.14,6.4484,0.0838,2.9464,213.49931736638914,259.91221244603895,494.76887197366136,214.41090546113278,239.71534923599717,192.29928597597925,377.20379181776764,2.0736717386422088
13.15,6.4849,0.0841,2.7527,213.62489445183877,260.0650888978907,494.74596912576504,214.5495588111965,240.14195870987854,192.55345817451814,377.4674738046579,2.0750806377207547
13.16,6.4484,0.0851,2.8442,213.9014484008381,260.40176327058555,494.29386879418814,214.94711116771686,241.6079928710202,192.62657259218523,378.10488014989613,2.0801439722407054
13.17,6.4037,0.0849,2.8769,213.7418407635926,260.20745832089534,493.302421700443,214.73929194400878,241.45732465214653,192.43677389357677,378.04242944324716,2.0831414559907158
13.18,6.3185,0.0822,2.7848,212.5768919439325,258.7892597578309,490.5285055787271,213.17858495563388,238.00062752762128,191.5918727127894,376.4924175081429,2.083939558754072
13.19,6.2454,0.079,2.7796,211.346008924097,257.29079347281373,488.5378230171193,211.46008489065355,233.672767193537,190.68195766740416,374.59360290161897,2.0802442028958943
13.2,6.1967,0.0761,2.8026,210.2965630432816,256.0132071831254,487.36189460159375,209.95152766063745,229.61381998696382,189.91681146501537,372.8266536926589,2.074544253256714
13.21,6.1926,0.0738,2.8283,209.58969860112677,255.1526765578935,487.42708872772295,208.85971259894734,226.2353803131895,189.45549250742764,371.4115077462936,2.0665489802431964
13.22,6.152,0.0709,2.8493,208.52040570191596,253.85092868059334,486.4589983208053,207.31965765952154,222.0538298327899,188.68707672006957,369.5336953134595,2.0595917571260838
13.23,6.1317,0.0685,2.8516,207.65828914560288,252.80139548160352,485.94639173390334,206.05613072385313,218.51617403464306,188.09854081260468,367.94446053074967,2.052672186326149
13.24,6.1195,0.0641,2.8861,206.09778689851245,250.9016536155804,485.8358972354812,203.7706308832978,211.83041390325215,187.05055216391972,364.8468973951373,2.0362530492185313
13.25,6.1033,0.0631,2.9525,205.7569130496046,250.48667675604042,485.791272217231,203.24147207816083,210.29747261715343,186.77450467337135,364.1642997722537,2.032735827073958
13.26,6.0992,0.0642,3.0259,206.2443394696071,251.08006544126084,486.12074492443753,203.87328755915414,211.9618987073081,187.0637447163856,365.051250033074,2.036414036031056
13.27,6.2088,0.0654,3.0886,207.16205274349724,252.1972816007793,489.5214559028372,204.93438938511426,213.4338288132817,187.8719734046575,366.0492007558077,2.030204796299518
13.28,6.2779,0.0659,3.1321,207.6587816871024,252.80199509734206,491.68181947664374,205.47097193739305,213.96408673741706,188.33006225106038,366.51166270040125,2.025369353368761
13.29,6.3509,0.0661,3.0806,207.98994486223467,253.2051502670683,493.4194913942477,205.79808048643224,214.083665860427,188.7307945938465,366.75728267025545,2.020775795959968
13.3,6.42,0.0681,3.1405,209.03345419517703,254.47550945499813,495.6421025930801,207.110553825589,216.85677748659333,189.53299855594676,368.2808224305636,2.021531420975638
13.31,6.5012,0.0695,3.1739,209.8726889817351,255.49718658646012,498.0308714704377,208.1241576724325,218.68550753693563,190.23706152884964,369.3609513474153,2.0193580034105025
13.32,6.5905,0.072,3.1407,211.0692497112601,256.953869213708,500.26397216165236,209.65560597446301,222.129272507858,191.2109852081569,371.1697246547998,2.02166838786005
13.33,6.7773,0.0727,3.0948,211.94035659623785,258.0143471606374,504.96838165371327,210.58940761598967,222.62890243588797,192.17643245895889,371.78432584015445,2.00934542094939
13.34,6.8503,0.0732,3.0964,212.3921972664016,258.56441406344544,506.91240740146156,211.08195823547078,223.1430635552564,192.62282348513722,372.2158578287718,2.0052521731704585
13.35,6.9072,0.074,3.1754,212.9424670874728,259.23430775866257,508.82918159208185,211.7161110604105,224.09137674073,193.06668518294313,372.8356860195617,2.0023270773705337
13.36,6.9924,0.0746,3.2621,213.51344698342857,259.92941371895654,511.4986438657563,212.34321789572564,224.6623903716266,193.577788084995,373.3318747938569,1.9963005406731802
13.37,7.0899,0.0773,3.3413,214.82622150779244,261.5275740094865,514.4204171635452,214.0039263246341,228.19349503851905,194.57786241022436,375.1708372439981,1.9967901770410919
13.38,7.3051,0.0792,3.4053,216.19632839964694,263.1955302256572,520.18236658586,215.61221237057106,230.22458885158085,195.85243725746602,376.5115118780795,1.9854888902624779
13.39,7.3781,0.0799,3.4537,216.71665656254518,263.82897320657673,522.2716728585324,216.20231287609917,230.97159115432774,196.3171404275656,377.0414633218644,1.9816670901962963
13.4,7.435,0.0797,3.3987,216.82670104383425,263.96294040118954,523.4432793459862,216.2602899424397,230.56462435952855,196.53434592358735,377.0112679243222,1.9777043974150248
13.41,7.4878,0.0794,3.3845,216.91318040954636,264.06821962901296,524.7107596558326,216.28291340046522,230.00843860721318,196.71393905753231,376.91734462949785,1.9731163761271706
13.42,7.5406,0.0805,3.3579,217.46012139898278,264.7340608335443,525.9130930529129,216.95026939403365,231.4095604999061,197.17894137471677,377.68297646643606,1.9734095206686675
13.43,7.638,0.0854,3.3466,219.37435678281142,267.0644343442922,528.27122664604,219.47941459730893,237.8813230439111,198.55600584979712,380.7032280098053,1.982348895340949
13.44,7.7314,0.0862,3.3921,219.96558563073705,267.7841912026364,530.7908155105442,220.1522780474022,238.6789307552931,199.09900762457156,381.2710454051101,1.9774756544084104
13.45,7.7517,0.0864,3.3423,220.1017142283301,267.9499129736193,531.0791235781265,220.28509848648346,238.92012156488104,199.2537118168088,381.4651057678132,1.9775647382908004
13.46,7.7436,0.0871,3.4668,220.41451443423162,268.33071322428196,531.5227545514632,220.65842713275632,239.81856863013823,199.39838465532935,381.9343271482322,1.9787374668120896
13.47,7.7436,0.0874,3.5403,220.59414296016973,268.5493914297719,531.9154377470927,220.84756501782155,240.1810830593347,199.4964825356686,382.17688904758313,1.9788132164171428
13.48,7.7436,0.0863,3.5841,220.3129644869845,268.20708720154636,532.1650714352503,220.39892547843576,238.67034611447173,199.32799040640555,381.6197820092922,1.9749620246723711
13.49,7.772,0.0837,3.6116,219.61011193146834,267.35144061222235,533.0177446462094,219.34338577979165,235.0456386575718,198.96838739220794,380.18679710320197,1.9644507716657407
13.5,7.841,0.0832,3.6296,219.6870583920083,267.44511456418405,534.7926565137301,219.34037098487445,234.16936999892226,199.1637688919819,379.9868609656432,1.9577777324841275
13.51,7.8532,0.0834,3.6746,219.85331630376945,267.64751550024107,535.337057686447,219.50638634544526,234.38618658341142,199.28908399008057,380.18107167544355,1.9571089755291375
13.52,7.7476,0.0835,3.7405,219.67707615398328,267.4329622744145,533.1680629265555,219.29765598990556,234.769270541139,198.96166020043992,380.27339097320464,1.964375934430764
13.53,7.7233,0.0831,3.6442,219.46822264668103,267.17870583074216,532.1610772814423,219.00224679133166,234.3401301307402,198.83329690168364,380.0983396657351,1.9665043623074152
13.54,7.7233,0.0831,3.6529,219.5158348102406,267.23666846464073,532.2418527176003,219.0208805720199,234.33548007848592,198.87414014961158,380.16939535289777,1.9665992336234412
13.55,7.6299,0.0817,3.5713,218.78999086305637,266.35303235502516,529.631131178813,218.0714211194929,232.71077392058513,198.2869312703278,379.3673089558685,1.9703906026487525
13.56,7.5121,0.0817,3.5926,218.5097871490761,266.01191479017956,526.90497130189,217.7462617681499,233.0184634168356,197.88372787204491,379.39443671101753,1.979135668762029
13.57,7.3619,0.0818,3.6508,218.18106719326016,265.61173397440365,523.5369411512181,217.38601678957556,233.53818958058727,197.3695234312806,379.46883301637155,1.990254717209761
13.58,7.029,0.0828,3.6779,217.54313502670763,264.83512090207887,515.3775464816844,216.83580349605333,235.8577334609044,196.29676718029785,380.00941194361405,2.019488257439363
13.59,6.9275,0.083,3.3819,217.1299155594626,264.3320711158675,511.3138371353074,216.4235935558268,236.61227542408608,195.9653712531759,380.15849208991943,2.0334164054378383
13.6,6.8341,0.0819,3.1077,216.33017305910943,263.35847155022014,507.51975000426836,215.45337860998117,235.53023241451598,195.40618900829918,379.53221782389613,2.042344288769308
13.61,6.7164,0.0818,3.0437,215.894904981087,262.8285799769755,504.1444514414799,214.98639472382538,235.79090054385017,194.93802855377518,379.493726664383,2.0532791582651093
13.62,6.5824,0.0809,2.9022,215.08243197295585,261.8394824018593,499.88424771291096,214.03943995894957,235.0347243277057,194.23438780059521,378.9622192708239,2.0645417385175753
13.63,6.4403,0.0818,2.7325,214.76516616136269,261.45324576165893,495.1910161799315,213.85136836422538,236.86777582600283,193.8423531352736,379.51683150065116,2.083329719589974
13.64,6.2129,0.0825,2.6336,214.07712692115896,260.6156327735848,488.4596587765188,213.29832984236094,238.68312601324797,193.01732123381126,379.9069011101344,2.1084427830483867
13.65,6.0667,0.0861,2.5395,214.52384784559285,261.1594669424609,483.8910292762076,214.29522667465957,244.31930831642856,193.0790371790158,382.02569504807,2.1358667173230015
13.66,5.9246,0.0914,2.4022,215.34044212512615,262.1535817175449,479.1200184789893,215.928291018283,252.3018177595727,193.4169597994545,385.00774373264204,2.168976749654555
13.67,5.7622,0.0935,2.4251,215.24388280232847,262.0360312376173,474.6098998823054,216.1946171518389,255.8073194127115,193.04722049620045,386.13845328023405,2.191244898225358
13.68,5.6323,0.0973,2.3215,215.57268922085564,262.436317312346,470.2397935022252,217.14337326770152,261.6102385334629,193.09093077180907,388.1497243217892,2.2180189077779415
13.69,5.5105,0.1005,2.2106,215.7131212640293,262.6072780605574,465.9998860391979,217.82528285926023,266.55903142614005,193.04087155305925,389.79496881431857,2.24247564213146
13.7,5.1248,0.0995,2.1635,213.45070895459753,259.8530369882057,453.9652882968324,215.7422738221282,267.042432475728,190.91450819376035,389.1514639974774,2.283405536846121
13.71,4.9665,0.0976,2.0082,211.98153208384667,258.06447384120463,448.0255325914124,214.147741871455,265.3575323357658,189.78847390624608,388.15883973959785,2.3002326552280468
13.72,4.8609,0.0954,1.9555,210.8228052198449,256.6538498328547,444.3298104459691,212.7421160959121,262.8806026513293,188.88261379218585,387.01993688992326,2.307983930137086
13.73,4.7472,0.0908,1.9341,209.03206348436777,254.47381641575208,440.5219185151221,210.32538905728583,257.00166833387436,187.50737844678846,384.5450269939245,2.3088792178733066
13.74,4.5848,0.0865,1.9117,206.97820021196122,251.97346112760496,435.0274724430778,207.73415960522644,251.67226728821703,185.85772145912983,382.099319018677,2.3167108089283674
13.75,4.463,0.0823,1.7754,205.00093899709995,249.56636051820863,430.0244905570858,205.20109261227194,246.2782170095522,184.4125321465791,379.6291526635245,2.3226779447064563
13.76,4.3087,0.0763,1.7336,202.37799631952223,246.37321291072274,424.4503195158438,201.7092748607947,238.10258989830277,182.3682141396591,375.8829022226948,2.3242017916351227
13.77,3.992,0.0749,1.7413,199.9588933483755,243.42821798932673,413.2651919190931,199.42466674186193,237.5773608790786,180.13366529098727,374.836167272396,2.364230294312913
13.78,3.8702,0.0727,1.7057,198.4876333642409,241.63711887820634,408.56163373585514,197.70276721579518,234.84258498453656,178.92460718766924,373.36921620767595,2.375756827596573
13.79,3.7606,0.0707,1.7057,197.1780716537625,240.04286983936305,404.49582140012564,196.14956151315295,232.28055534279974,177.8097325649496,372.0068538515438,2.385431852392164
13.8,3.655,0.0716,1.6194,196.56931346028227,239.30177290816974,399.8526910933692,195.87309763882584,234.3842930872669,177.30368945455564,372.60889974857014,2.408640580647753
13.81,3.5657,0.0746,1.6896,196.85768599443213,239.65283512365653,396.9749700660673,196.82286759197436,239.53820973922132,177.3118820912664,374.60250325267054,2.432311872907227
13.82,3.5332,0.0769,1.7275,197.3111680533335,240.2049002388408,396.03336256207933,197.71562675433074,243.2592100380321,177.56083108917025,376.12756230297845,2.4449887832903534
13.83,3.4723,0.0776,1.7151,197.02782851154717,239.85996514449224,393.57687974989165,197.6440989728166,244.72574279475091,177.28573594854316,376.59136553740524,2.458379182290372
13.84,3.4561,0.0784,1.5984,196.95127235138028,239.7667663408108,392.04180281591766,197.75540674990822,246.20011523385094,177.3529090664699,377.1497402790342,2.4682017468821975
13.85,3.4196,0.0784,1.4413,196.430410084281,239.13267314608123,389.36058981046585,197.33135050618205,246.6268579849311,177.11752613532832,377.1890300795945,2.4802265817620777
13.86,3.4114,0.0799,1.3489,196.62085182009838,239.3645152592502,388.3157150158691,197.81830078056922,249.10313779239266,177.3706202045702,378.1818095480366,2.4903968661319102
13.87,3.4317,0.0804,1.2213,196.73865363961116,239.5079261699614,388.1329907784638,198.00162546345362,249.88872293243875,177.64977940837431,378.5743238272082,2.493320524950579
13.88,3.4236,0.0816,1.1756,196.92433626891554,239.73397458824502,387.46426450266136,198.40711006221983,251.82655460464528,177.84347359901508,379.3666812403834,2.500742808209823
13.89,3.4074,0.0813,1.1972,196.7879686196953,239.56796179788992,387.01077596878235,198.20179317944658,251.42967255951808,177.70329955168052,379.240862479473,2.5021214321163554
13.9,3.3708,0.0797,1.2392,196.1916764447882,238.84204088930738,385.89233523591247,197.329027038041,249.14444824690128,177.17013986921563,378.30084010510404,2.5019632161404557
13.91,3.3668,0.0805,1.1886,196.30464774690628,238.97957117014678,385.3438748104943,197.5827726395138,250.45490171955564,177.3222025394336,378.85793860197117,2.507540656501581
13.92,3.3587,0.0825,1.2215,196.81372443437357,239.59931670271567,385.3092053010559,198.42683834417258,253.5087292331386,177.6576295062321,380.130889807314,2.514885491621034
13.93,3.3587,0.0863,1.2695,197.82949400195685,240.8359057415127,385.72848016421364,200.07522528216725,259.16766221509715,178.3584889159507,382.4322056821062,2.5259612227116235
13.94,3.3627,0.0878,1.2444,198.20256345057246,241.29007724417517,385.7142752298362,200.68062623268122,261.3970190158114,178.68002673244808,383.3628423501935,2.5312474307991826
13.95,3.3465,0.0879,1.1414,197.93703958201857,240.9668307955009,384.23545710612575,200.47590707811005,261.79278334353353,178.60828845145954,383.4754412386699,2.538518534720782
13.96,3.3546,0.0882,1.1245,198.08526773348154,241.14728245815147,384.4564512277281,200.6274847517709,262.182706991163,178.75661775411473,383.72175649789193,2.5389041551589155
13.97,3.4196,0.0868,1.1392,198.40262864227267,241.5336348688537,387.2552126610018,200.50464994462152,259.58019441297495,179.04904358467817,383.0482016269603,2.5224910549499735
13.98,3.4358,0.0853,0.993,197.9790396274498,241.01796128559107,386.75315282599547,199.80054824060414,257.40280816224674,178.94748552713048,382.26369208157496,2.5202480582134545
13.99,3.4967,0.0838,0.9383,198.09333002026045,241.15709741596928,388.8030046261649,199.4993069644846,254.77473041807957,179.1724395663659,381.50165960753395,2.506731460892123
14.0,3.4967,0.082,0.9634,197.74042388916865,240.72747256072708,389.0328031652277,198.77071037379932,251.99381520230662,178.88534894357414,380.49505872889216,2.500117335461365
14.01,3.4967,0.0786,0.955,196.92230379785528,239.73150027564992,388.9926187356786,197.29291394375278,246.78012384685906,178.29308586285327,378.4744849032443,2.489027018157723
14.02,3.4967,0.0765,0.9093,196.34827653304967,239.032684475017,388.6514945387088,196.3078134576216,243.56798595876705,177.9280731767986,377.2124874194554,2.4834997173090114
14.03,3.5048,0.0573,0.9281,190.91502340748815,232.41828936563778,389.1571512111015,187.0192085004335,212.14654728826255,173.80337108742407,363.3757615952142,2.4046596394613684
14.04,3.5495,0.0582,0.9836,191.6758151796024,233.34447065342903,391.42208701456155,187.84589926431727,213.38491999056677,174.38075782672612,364.2125099371975,2.399289222250212
14.05,3.6023,0.0602,1.134,192.9863999071543,234.93996510436173,394.73555925800287,189.40451993840574,216.3275983554601,175.2773717206822,365.92164564589365,2.3942496460346727
14.06,3.6753,0.0597,1.1869,193.48265128362448,235.5440972148472,398.03301223635384,189.64300361336313,215.05100207180624,175.6975777161262,365.6451955069063,2.3784212910547073
14.07,3.7525,0.0609,1.2285,194.5263350764076,236.81466878867013,401.36242556905876,190.77193573612965,216.61882240540902,176.55051889183517,366.71475404082463,2.3699631586391154
14.08,3.8337,0.0622,1.2236,195.54900756047587,238.05966137797063,404.4482300669433,191.9065554897264,218.36279403812594,177.44140718415912,367.8474512243438,2.3629793266190324
14.09,3.9271,0.0626,1.2612,196.4141975206208,239.1129361120601,408.27114180327675,192.68390972566107,218.51999893586796,178.18744928104772,368.28584953175096,2.3492131635219753
14.1,4.0164,0.0633,1.3355,197.3785286730818,240.28690447157786,412.15746962687126,193.6197177638797,219.15848050051397,178.9656846791772,368.9462212917248,2.336589123997044
14.11,4.0976,0.0642,1.3598,198.27042575154152,241.37269221926795,415.330410009193,194.54594765339533,220.20524586873577,179.7281057048972,369.74504467439925,2.3278007700466485
14.12,4.3656,0.0679,1.5904,201.451855649385,245.24573731229478,426.5218689652341,198.02950940591091,224.654894572617,182.256651698668,372.68964777644305,2.298403145258585
14.13,4.4792,0.0733,1.6231,203.85689369742755,248.17360971860745,430.6986947725956,201.21909465458427,232.43987354113182,184.1339371525628,376.5547431514688,2.302882708683081
14.14,4.601,0.0829,1.6299,207.34917909414418,252.4250875928712,434.9143217074891,206.14397831008847,246.12922801247663,186.78134846750467,382.77243198731117,2.3203691479474426
14.15,4.8081,0.0854,1.4809,209.11057335586543,254.56939365061882,440.85849632417404,208.08627188247252,248.8919290916202,188.47046382548567,384.44769529743684,2.306182051388905
14.16,4.9015,0.0876,1.5712,210.3763782900514,256.1103735704974,444.54251398538804,209.5514304593543,251.49841728029267,189.42994154927095,385.844866889187,2.2996541160069577
14.17,5.0883,0.0918,1.5974,212.58850128555514,258.80339286937146,450.7567421020118,212.18915014465904,256.49741221715277,191.23221438182884,388.37790446374544,2.2898168382101525
14.18,5.2222,0.095,1.6758,214.2612011059337,260.83972308548454,455.51121906121904,214.1682304794905,260.2174220533982,192.53326623358848,390.25639317962344,2.282228342600734
14.19,5.3725,0.0982,1.6803,215.9090701309089,262.84582450719347,460.23830251978995,216.11618300058856,263.8728745996172,193.89186476526513,392.0930103471238,2.274660670222124
14.2,5.6201,0.0987,1.5587,217.22307382119064,264.4454811736234,467.06600640720757,217.29302888747455,263.5574348841717,195.2744614058283,392.5527664323349,2.2518913428760494
14.21,5.7947,0.0999,1.7334,218.59584064148822,266.11667556355087,473.33407121780806,218.6545159295444,264.26531067878534,196.3719125754628,393.32902872333403,2.233448453277146
14.22,5.9165,0.1051,1.7705,220.54284866732712,268.4869462037026,477.14731886918895,221.18968735139268,270.55810547928536,197.8309686014428,396.0636508507069,2.2348087859437986
14.23,6.1682,0.108,1.8773,222.5579238694337,270.9400812323541,485.01386592247457,223.39007504005335,273.1797645607146,199.5105074789871,397.66086773497994,2.2157075796876367
14.24,6.2291,0.1103,1.7693,223.33016549971643,271.8802014779157,486.1583460487331,224.40274880194661,275.9509802340724,200.18180975402456,398.8516073388149,2.2181664578731963
14.25,6.2332,0.116,1.9416,224.87869146932292,273.7653635278714,487.2780667163559,226.62130484958968,282.9834536156173,201.07902064493123,401.5460115633879,2.229177119959941
14.26,6.1804,0.1171,1.9125,224.9002550957565,273.79161489918187,485.65937421969994,226.78084031058705,284.5887310192806,201.02943935621317,402.0850394700266,2.237800986438611
14.27,6.014,0.1169,1.8687,224.06727044821722,272.7775466326123,480.6998291718471,225.99966470594669,285.06796642396296,200.25152171654528,401.98580400875744,2.2547661640672554
14.28,5.8678,0.1175,1.9704,223.627185423182,272.2417909499607,477.0925729367728,225.6890685430807,286.35446970372607,199.66679702332988,402.2514625145816,2.269170426737643
14.29,5.8597,0.117,1.8088,223.3569821607747,271.9128478478996,475.9467949585406,225.34689181217445,285.88747098990547,199.59527871214442,402.0956262569818,2.27231299264234
14.3,5.746,0.113,1.775,221.89629624998523,270.13462152172116,472.4379883014804,223.41799421973525,281.34137938796204,198.4976647196711,400.29418030489774,2.274993242039624
14.31,5.4131,0.1112,1.8057,219.8205776614279,267.6076597617383,462.63949096864934,221.33551990488945,280.5091591870577,196.57512919240656,399.35369388632915,2.3057774260797568
14.32,5.2466,0.1074,1.8576,218.14475803325095,265.5675315187403,457.85238138818266,219.24465261074036,276.292343426893,195.1667197743347,397.530991964232,2.3135963302283673
14.33,5.1451,0.1013,1.9463,216.29386817463077,263.3142742995505,455.2641722706926,216.5787586767218,268.6065429973705,193.713798851393,394.53322611529586,2.306822529226736
14.34,5.0395,0.0986,2.0084,215.1628494139635,261.93738189525993,452.3519635665839,215.11039794884815,265.39802576792107,192.74098040407978,393.1591222095288,2.3103101552485414
14.35,4.9705,0.0958,2.0813,214.20887860059912,260.7760261224685,450.6494484378518,213.76396071834196,261.83495390325106,191.9365127800798,391.7185724607057,2.308893167399116
14.36,4.9299,0.0911,2.0737,212.82280517471608,259.0886323866109,449.331114275708,211.68684713385107,255.54529929205836,190.94815675232303,389.2102057895717,2.30010636735401
14.37,4.8365,0.0902,2.2273,212.27564897392793,258.4225291856514,447.3416173630402,211.0256759489454,254.56239190845864,190.3029141704135,388.7216222066039,2.305154013443062
14.38,4.7472,0.0906,2.274,211.95892408051702,258.0369510545425,444.77314279826464,210.80768873993892,255.4718472800461,189.8993323793244,388.9601034363819,2.3164189200397467
14.39,4.7228,0.0927,2.2297,212.33667854860013,258.4968260591654,443.71521528364445,211.49713377931528,258.5308709233007,190.1564572216015,390.17422680230766,2.327182781021357
14.4,4.6944,0.091,2.2026,211.74711508267097,257.7790966223821,442.63434163845164,210.64926270363404,256.31299004815975,189.7363600220557,389.2875724468599,2.3264849757648105
14.41,4.6985,0.0882,2.0675,210.9304673405027,256.7849167623511,441.90894167619473,209.3937767504106,252.48076698255284,189.30515110470256,387.7797773356105,2.32092236050719
14.42,4.6254,0.0872,2.0035,210.19820888151926,255.89347168184955,439.0876305801918,208.55686901464728,251.45245734640363,188.73590688751193,387.22841106154067,2.3289019920064193
14.43,4.5442,0.0881,1.7542,209.67017380565974,255.25064637210752,434.7079719968038,208.2694506010514,253.33666056388293,188.45199286116,387.7628424810528,2.3489969362248386
14.44,4.4549,0.0883,1.6781,209.1014904250593,254.5583361696374,431.16815718182215,207.8130552116932,254.11791640192226,187.98574044125112,387.88818177598307,2.363785341093591
14.45,4.3209,0.0918,1.4518,208.82951403489736,254.22723447726636,424.96127876888477,208.27318392370643,259.9687953190401,187.80178425209544,389.83346532750863,2.399501649473004
14.46,4.2316,0.0943,1.3047,208.64471213863155,254.00225825572537,420.776947957969,208.60412061727467,264.1035191360776,187.6919915700459,391.20553218958366,2.4241795002928765
14.47,4.1423,0.0964,1.3761,208.63471289883472,253.99008526814666,418.10747615719765,208.99310872086477,267.4367741903315,187.49481038035154,392.3339544328647,2.441567180840209
14.48,3.9393,0.0973,1.2761,207.2144916722614,252.26112029666606,409.94355869893997,208.02970432554898,269.9956181356614,186.32245292206784,392.73080864754496,2.4780989810241967
14.49,3.8784,0.098,1.2964,206.96658864622538,251.95932530844829,407.84041338686734,207.949862404524,271.30158590553026,186.05124159375853,393.1203049265758,2.489282561457875
14.5,3.8053,0.0959,1.1085,205.6646034706266,250.37429987728456,403.66562436638185,206.46964606053086,269.0397799814408,185.24439394437206,392.02806303220797,2.501084432145982
14.51,3.7606,0.0928,0.9881,204.45394116376556,248.90045011241025,401.0452703735503,204.8421814054701,265.06603334054955,184.46113395966074,390.39095824169436,2.5033213166041843
14.52,3.7119,0.0887,0.8785,202.97406009226194,247.09885576449278,398.3239393549983,202.77420088115048,259.59710329561176,183.461130505792,388.13462944822095,2.5026653648857318
14.53,3.6429,0.0877,0.8107,202.09415437193934,246.0276661919262,395.0980376717531,201.8397422390967,258.64737259610007,182.82897901057788,387.5766571526199,2.513801167151812
14.54,3.5738,0.0898,0.6581,201.76531294686936,245.6273375005366,391.14081030126795,202.0185130997285,262.33884381410644,182.71887775605978,388.7833323094866,2.5380785331429285
14.55,3.5048,0.0911,0.7436,201.63977439311262,245.47450795683275,389.06537064079936,202.1772716908805,264.5543629993626,182.4589902204926,389.5219984533912,2.551651213149373
14.56,3.4602,0.0943,0.7989,202.07822399054635,246.00827268414338,387.72346546045964,203.18040359317183,269.3703266802833,182.6803053290832,391.3050495397436,2.5677328372316435
14.57,3.3993,0.0976,0.9283,202.49575525389906,246.51657161344235,386.31258455378133,204.17733605513712,274.2941289014834,182.7696164458263,393.07532353942787,2.5841679862779783
14.58,3.3993,0.0988,0.859,202.65394655596302,246.70915232899847,385.7675702574988,204.52153429693482,276.0648854495688,182.98998782662002,393.76861130945025,2.5904828601193035
14.59,3.4277,0.0986,0.78,202.76690393559738,246.84666566072724,386.3131709683909,204.53325588231243,275.66332056698974,183.2134623055184,393.75743196340625,2.587873755118902
14.6,3.448,0.0981,0.6151,202.58400736555828,246.6240089667666,385.8166243892912,204.2560974062271,275.0251643144397,183.32687249476186,393.5826962843726,2.589045125221899
14.61,3.4845,0.0986,0.5378,202.91927376958643,247.03215937167045,386.70961658718153,204.5858604407813,275.549195574344,183.71752856362772,393.9418303824045,2.586911798644411
14.62,3.3911,0.0979,0.3908,201.66153012259204,245.50099319272076,381.63097636421713,203.44867300111116,275.4512873675424,182.92674304505874,393.5661252124891,2.6080947576195292
14.63,3.3181,0.0977,0.3833,200.93848918727485,244.62076944537807,378.5049885783342,202.82584300955443,275.7137048651799,182.35810823199904,393.46621292520507,2.62213982635622
14.64,3.2612,0.096,0.4012,200.10337139664716,243.60410430896178,376.24832896534184,201.79437194832576,273.677524415269,181.6741366944184,392.58698798651744,2.6279075481485417
14.65,3.176,0.0943,0.438,199.0110081090438,242.2742707414446,372.90096075477425,200.564418357964,271.8200613605052,180.74901708339965,391.6671160362866,2.638740871056039
14.66,3.1191,0.0955,0.4953,198.83049876546207,242.0545202362147,370.93407530686346,200.6595009300537,273.89048091742376,180.50264307737777,392.32673589778364,2.6519277287282943
14.67,3.0866,0.0966,0.5195,198.80328902912473,242.02139533980403,369.7379046392135,200.8471233451694,275.6718834243932,180.43619774381034,392.94860854538905,2.6612148693391737
14.68,3.1029,0.0956,0.5171,198.8024787952385,242.02040896811644,370.46215939521073,200.59590015789706,274.07560712251416,180.45139000668394,392.50035604111565,2.65526202368001
14.69,3.0785,0.0956,0.5076,198.56611723650138,241.73266446182777,369.3233050001638,200.38536655196688,274.26377522729734,180.280488436057,392.5450502166452,2.661030941497692
14.7,3.0136,0.0956,0.5274,197.96039731163887,240.99526629242993,366.6282254633677,199.89659635320945,274.74401633231133,179.76220002297228,392.55074018249553,2.6742037334579374
14.71,2.8958,0.0911,0.5901,195.94452336377643,238.54115887764087,361.87603195756327,197.3442389761027,269.0441839520709,178.05281511342747,390.04996025834424,2.6837225263824807
14.72,2.8836,0.0895,0.5769,195.48568995641878,237.98257907737943,361.21861994016257,196.6032288602608,266.776603976411,177.71666246173967,389.20727107501546,2.6823136903939813
14.73,2.8796,0.0884,0.5942,195.28436992276565,237.73749381901908,361.2180575306148,196.16796752760254,265.118718658944,177.5323722765014,388.6448371707251,2.6792465021274605
14.74,2.8917,0.0876,0.5596,195.20686370030367,237.643138417761,361.48059494062306,195.89396809573378,263.855385175418,177.5391065821841,388.2645024648815,2.675832285792308
14.75,2.8836,0.0855,0.5619,194.7070514389005,237.03467131692236,361.15333189013785,194.99825287656458,260.7412201318666,177.1437501954567,387.10007065499764,2.671019526979615
14.76,2.8511,0.0833,0.5845,193.9551316616804,236.1192907185675,359.8853020965455,193.8811479758415,257.6125613805549,176.5058720986003,385.8242726792778,2.670296208648543
14.77,2.843,0.0822,0.589,193.66706863816816,235.76860529863953,359.57566050351164,193.37085260688696,255.96788647742105,176.2722018324662,385.215989760891,2.6685081024299757
14.78,2.8187,0.0813,0.6158,193.293528929086,235.31386130497427,358.7192854000576,192.84140269718827,254.7176125487615,175.92674447613356,384.7064959931489,2.670031047282147
14.79,2.7862,0.0786,0.6375,192.403003142086,234.22974295558296,357.4276354732124,191.4823331661724,250.74471040245493,175.17447160214905,383.05375618778714,2.6673904026930644
14.8,2.7537,0.0782,0.6443,192.00253972014923,233.74222226800777,355.98737332142565,191.04864346006332,250.34938019099334,174.83755895503418,382.8319983052651,2.673471782671503
14.81,2.7293,0.0779,0.609,191.61798496503866,233.27406865309055,354.52189254913964,190.65118904689697,250.11361728276813,174.59070629743425,382.68094182924904,2.680064098521825
14.82,2.7172,0.0763,0.6283,191.18741193852657,232.749892794728,354.1538073813362,189.8989463213819,247.64369720989131,174.21144038432706,381.7025319339263,2.6765693106698927
14.83,2.636,0.0761,0.6844,190.38292572543625,231.77051827444413,350.82133513198073,189.2044226821249,247.87944224217458,173.44673458514964,381.5517659914925,2.6928915288168023
14.84,2.6157,0.0743,0.6818,189.75421516740602,231.00513150814646,349.8361022195224,188.24474085649933,245.16623823319185,172.9422804139636,380.4093903000981,2.6916682699317582
14.85,2.5751,0.073,0.6577,188.95223135482414,230.02880338848158,347.64238488144423,187.2731142609517,243.43474224115127,172.33279223157245,379.5582156801176,2.698330570533121
14.86,2.5385,0.0697,0.6709,187.7842231908138,228.60688040620812,345.99271495431157,185.50154174794721,238.32831373972942,171.35093744868936,377.3068122128081,2.6944965496400526
14.87,2.5101,0.0688,0.66,187.2347510929421,227.93795785227735,344.49803741173633,184.8149422130448,237.0779168198193,170.9210767385342,376.70262019173293,2.699025854007185
14.88,2.5142,0.0661,0.6935,186.708305759135,227.2970678806861,345.0582524944076,183.6674597937554,232.4832306070765,170.42595386441974,374.8154164225948,2.6857106403351985
14.89,2.5182,0.065,0.7251,186.57507494459415,227.1348738455929,345.59338259222466,183.24095689770738,230.53695708718098,170.25949825125585,374.06658766750616,2.6788557076236765
14.9,2.5223,0.0643,0.7428,186.5122064230217,227.05833825411335,345.9947605290623,182.97463893160617,229.2792988326451,170.17816911310467,373.60837554564415,2.6743014616914933
14.91,2.5304,0.0622,0.7216,186.0236942893237,226.46362783048107,346.2086856413234,181.99768698676348,225.6662006043104,169.81984946979205,372.0711093400638,2.664711507232559
14.92,2.5263,0.0618,0.8068,186.0951467806501,226.5506134720958,346.8705740290735,181.91458199541967,224.86820944766654,169.72093984752016,371.81778371066736,2.660024730492445
14.93,2.5426,0.0612,0.7772,186.08030338633895,226.5325432529344,347.40475303973307,181.7095840566272,223.74660086947495,169.77230915253293,371.4271356459549,2.6551133661470483
14.94,2.5791,0.0573,0.7907,185.43026610316977,225.74119351690237,349.34745260774406,180.09084726747088,216.68820365697135,169.22539670535386,368.3625086477282,2.6282329874185666
14.95,2.6075,0.0566,0.8031,185.59133027905384,225.93727164406556,350.87099400992344,179.99226234516604,215.23376198472454,169.35114606105407,367.86644310279695,2.6177468804076205
14.96,2.6116,0.058,0.8413,186.16861423067317,226.64005210690647,351.4619685456216,180.80933206294543,217.5889406254694,169.76489473577385,369.1035285854049,2.6216277463352733
14.97,2.6766,0.0582,0.8263,186.9243134670063,227.56003378592072,354.4594293867673,181.43141756199012,217.50387210158905,170.44729424267183,369.39837157881186,2.6080236693327956
14.98,2.6847,0.058,0.8563,187.04741607199722,227.70989782677924,355.15369046540843,181.4448529880832,217.0493968643608,170.5044116407191,369.3037452320934,2.604081974067661
14.99,2.6887,0.0579,0.8797,187.14257583478536,227.82574449452133,355.5891277104422,181.46389727897957,216.80475760487548,170.54818255943638,369.2873194719157,2.6018762393268746
15.0,2.6928,0.0589,0.905,187.5691388788335,228.34503863510167,356.04655285247674,182.046170253513,218.45854008430499,170.8599019088442,370.1769242443811,2.604539444233198
15.01,2.709,0.06,0.9346,188.15654445424417,229.06014107473203,357.11451854816886,182.77956283721358,220.18493391070288,171.30210746529676,371.14748306609533,2.604583479080642
15.02,2.7415,0.0609,0.9151,188.74868289296649,229.78100526100272,358.4813209437673,183.45979962352925,221.51379084917954,171.84053162821235,371.96203020536296,2.602236008668296
15.03,2.7496,0.062,0.8185,188.98112595400838,230.06397942227107,357.9789098574954,183.90675321221744,223.4343099730278,172.20102833046815,372.89957773497207,2.609855689368028
15.04,2.7496,0.0605,0.8639,188.67918269134634,229.6963963198999,358.428308349005,183.24008228268747,220.81849065947057,171.88311999963918,371.77677101405266,2.601539484380306
15.05,2.7618,0.06,0.8304,188.62448076976395,229.62980267623436,358.70944838075013,183.0340867195009,219.91648730449242,171.9060669617489,371.45052363236636,2.598360578386203
15.06,2.7862,0.0594,0.824,188.71921770662198,229.7451345993659,359.812513049865,182.91961273498188,218.72892844598817,172.01218382182063,371.05202157786204,2.5907160683224393
15.07,2.7862,0.0592,0.8658,188.77914362233724,229.81808788806273,360.22522695775433,182.88486844228854,218.31968368363553,171.99577479398394,370.9516618536658,2.588211078341443
15.08,2.7781,0.0601,0.8863,189.0379741037474,230.1331858654316,360.0628000401277,183.3022373477351,219.86582244392872,172.17086882726818,371.73436425043644,2.5933873955704887
15.09,2.7496,0.0618,0.9161,189.33202520623868,230.49116112063842,359.03485629671155,183.95669691145582,222.8754260552941,172.3456339493682,373.1188835765672,2.606204606350731
15.1,2.7253,0.0624,0.9009,189.25150741823708,230.39313946567992,357.77608231280783,184.02181741091306,224.0516241726999,172.29528660496922,373.6259098801098,2.615342259794695
15.11,2.709,0.0648,0.9046,189.78742064177266,231.04555556389715,357.066344752185,185.0407138213402,228.1486683522932,172.71838413501297,375.50973657432854,2.629335867902843
15.12,2.636,0.0642,0.918,188.90077603058992,229.96616212419644,353.74524053454064,184.15840595439576,227.62614714677528,171.9391465598595,375.0428655021787,2.643690909485613
15.13,2.6766,0.0643,0.9971,189.57092804248995,230.78199935607475,356.4559863447979,184.6817418320466,227.38095657757992,172.37194255301787,375.22394775883964,2.6310636092138986
15.14,2.709,0.0643,0.8939,189.73041723287866,230.97616010959143,357.0354191586588,184.77782570794986,227.28326772719967,172.70257930453116,375.32009272018337,2.6286044209598667
15.15,2.7375,0.065,0.8777,190.22400785141323,231.5770530365031,358.24863649978204,185.3178928800568,228.25397253154958,173.15033572525968,375.94066769883005,2.625943043679517
15.16,2.7415,0.0642,0.8485,190.0192100367364,231.3277339577661,358.1855764224544,184.92071109854774,226.9241872066329,173.040561760564,375.40263791484426,2.6233257842646047
15.17,2.7253,0.0635,0.8631,189.71934606412125,230.9626821650172,357.58387521264973,184.47318603182396,225.8328262142957,172.76735928817322,374.91408587136544,2.623742631031858
15.18,2.7131,0.0621,0.7975,189.09297190850245,230.20013971469865,356.4103992952677,183.5830624128966,223.6420071016518,172.36816320748892,373.8789966757958,2.623966007034816
15.19,2.6725,0.0621,0.7942,188.68549363400524,229.7040792066151,354.46921647625993,183.23141907157896,223.9062503337916,172.02582042406627,373.8995748249562,2.633985351233453
15.2,2.6603,0.0616,0.7806,188.41740865398089,229.3777148831072,353.77755962943206,182.85821904160608,223.148111461635,171.82863814876504,373.5563835507051,2.6356713296390657
15.21,2.6644,0.061,0.7753,188.3140154414672,229.25184488526443,353.9464270497911,182.588258145367,222.09509172634282,171.75857884162198,373.1476929472243,2.6326196054257176
15.22,2.6481,0.0602,0.8008,187.99795942881607,228.86708104377612,353.43166516990493,182.09581471447447,220.79434865528123,171.45026316646045,372.5528763315829,2.6320739863332645
15.23,2.6116,0.0597,0.7823,187.4503219007511,228.20039187917527,351.51323667960855,181.49859618679088,220.1969741898855,171.02075708008744,372.1727772481975,2.639867897086908
15.24,2.5913,0.0602,0.8397,187.53044977783188,228.29793885996926,351.10777312387927,181.66672058783482,221.09754489909503,170.97818426458548,372.6168815369297,2.644522434466164
15.25,2.5872,0.0599,0.912,187.59197410709945,228.37283804342542,351.63361066431605,181.6059497541373,220.49809662543467,170.89949766715822,372.43239923289235,2.640947707760137
15.26,2.5913,0.0592,0.9128,187.47002850285543,228.22438252521533,351.8629541721714,181.29230972081356,219.25411274866335,170.80289722987965,371.9297389006831,2.6370741272139195
15.27,2.5913,0.0586,0.9315,187.36936049285083,228.10183016520975,352.0669384645834,181.02174065501057,218.18191009539484,170.68962549564918,371.49908874404343,2.6337492953406
15.28,2.5832,0.0576,0.9679,187.098885051225,227.7725557145348,352.0500472328892,180.5069521735473,216.44440585887318,170.40013645947442,370.72157054090536,2.6296830231526407
15.29,2.5791,0.0576,1.0175,187.19536177379493,227.89000563766342,352.3545562110839,180.5549137875126,216.39167284653226,170.3921520987263,370.7785797811424,2.6285510973823336
15.3,2.571,0.0582,1.0451,187.3785126969607,228.1129719789087,352.2525206534085,180.83401684177497,217.43182451895072,170.49252688887205,371.33119120688616,2.632194549906405
15.31,2.571,0.0575,1.0572,187.2307265957629,227.933058464407,352.3924173619455,180.49805707102155,216.19067587549844,170.35232142808837,370.80881844386806,2.6286938361440635
15.32,2.5872,0.0567,1.0531,187.18979483525223,227.88322849508967,353.1580599224543,180.2195908412335,214.68724418749363,170.33922775893046,370.2124014152391,2.621564064514897
15.33,2.6035,0.0563,1.0362,187.23997693530575,227.94431974732873,353.8030098466009,180.12233238432637,213.89398246525735,170.4241084170731,369.9500906080172,2.6168749380636718
15.34,2.6157,0.0564,1.0301,187.42055185341786,228.16415008242174,354.35321627500554,180.26554869599113,213.98484952199536,170.59492248847312,370.1093064339666,2.614990544738682
15.35,2.6157,0.0559,1.0136,187.26610484813142,227.97612764120348,354.21770417830186,179.97701699941769,213.12019057103817,170.49976899458923,369.7420639879758,2.613720656705995
15.36,2.6035,0.0552,0.9523,186.8235327214276,227.43734418260752,353.06298854328276,179.40155968562493,212.03482536300743,170.23772866371016,369.1849080894999,2.616577053139837
15.37,2.5751,0.0553,1.0076,186.70162265073344,227.28893192263203,352.2470366101711,179.30216238326486,212.3067761000742,170.0253565718119,369.3026187620448,2.6215327180830013
15.38,2.5507,0.055,0.9683,186.2933225275819,226.79187090314318,350.70061085995985,178.86297777645794,211.9714807848859,169.74646489886297,369.07628232126905,2.6282855104979017
15.39,2.5385,0.0549,0.9984,186.22828194249263,226.7126910604258,350.4212684770663,178.7543981433327,211.82133829832344,169.6343410379455,369.0365674212361,2.629613565556342
15.4,2.5548,0.055,1.0299,186.53767100772308,227.08933861809766,351.5459114081468,179.00182316413742,211.83968867211058,169.84707859226273,369.20203702990204,2.62481027708282
15.41,2.5669,0.0555,1.056,186.91155093622248,227.54449679192302,352.40941422458445,179.41043673609616,212.5943362378449,170.12109247014652,369.7102889386049,2.6232320866348164
15.42,2.5588,0.0555,1.0957,186.94295954574488,227.58273336003725,352.42429392671147,179.40688200397378,212.58182820116716,170.07435388949733,369.76232481761747,2.62354946723329
15.43,2.571,0.0549,1.1165,186.9663005418019,227.61114848567186,353.2383737942054,179.23347663068128,211.41290381338328,170.06805860011872,369.3137649540437,2.6170132090108593
15.44,2.5832,0.0549,1.1091,187.1136310549618,227.79050737125783,353.7781219704679,179.32365920019467,211.3331240760757,170.21468777044393,369.3872453457903,2.6147039317443217
15.45,2.6035,0.0548,1.1254,187.3649737174065,228.0964897429297,354.9330379534689,179.47090079001256,210.99946168806042,170.4115472579465,369.38160201741243,2.60885674428351
15.46,2.6278,0.0541,1.142,187.46699167956064,228.2206855229434,356.27581533635004,179.3348138443334,209.5892160382665,170.48835740559701,368.850506208952,2.5992223588849996
15.47,2.6887,0.054,1.0984,188.00556431332913,228.87633916405287,358.7712489451596,179.71683157206638,209.09266902643012,171.05623556443936,368.8846696611512,2.5868186800973736
15.48,2.709,0.054,1.168,188.3853803313372,229.33872388162789,360.40101638786837,179.9978162827377,208.882451870507,171.27237800534732,368.9655197841142,2.579221519125746
15.49,2.7456,0.0556,1.2054,189.36882950180822,230.53596635002742,362.477057491145,181.1975859588213,211.40551081677992,172.05095641918479,370.4660397302636,2.577111368238005
15.5,2.7862,0.0566,1.2409,190.18811058435912,231.53335201574154,364.70096956878126,182.09949687317155,212.84394305967984,172.70128474443925,371.4265137764424,2.571404975614478
15.51,2.8227,0.0566,1.2223,190.54210492646348,231.9643016496077,366.22436717395595,182.35990057882836,212.6456546627085,173.05628908879024,371.52290617141784,2.5644651720637897
15.52,2.8633,0.0571,1.2559,191.18884941584153,232.75164276711143,368.3960042020981,182.98956831695418,213.22351236993876,173.57027205002015,372.04790946016504,2.5567750455996814
15.53,2.9202,0.058,1.2913,192.11044097710692,233.8735803199563,371.29245584875264,183.94609279004462,214.38646041229805,174.32008342578723,372.92012926395967,2.547531063517986
15.54,2.9486,0.0586,1.3347,192.6772361951359,234.56359188973065,372.96493164007336,184.53416345730236,215.1836474572205,174.7436452811977,373.50696909135934,2.542744389018791
15.55,2.973,0.059,1.3357,193.06286037269368,235.0330474102358,374.07615327073194,184.9225673230027,215.70949623221688,175.08125711147167,373.9210794356652,2.539705074557915
15.56,2.9851,0.0593,1.3473,193.3222563712231,235.3488338432281,374.7350828999895,185.18192866939015,216.1213622099522,175.2887760857058,374.23981366855764,2.538337974311861
15.57,3.0014,0.0595,1.3228,193.52247191939648,235.59257451056965,375.25982698836907,185.36758887429934,216.38160147840762,175.50666101522893,374.4796106955525,2.537153346763263
15.58,3.0095,0.0598,1.3479,193.76877066083523,235.892416456669,375.8588658037462,185.61577954963383,216.7985902661559,175.67944848134414,374.79288108895844,2.5360649311769703
15.59,2.9973,0.0607,1.351,193.97094923086613,236.13854688975007,375.3751125983733,185.97472731996353,218.3419503873433,175.82590244879376,375.5710912024384,2.5426379953600025
15.6,2.9892,0.0631,1.3639,194.66923121223044,236.98862930184578,375.15655731452716,187.1029841201381,222.30369921610833,176.3554211430591,377.52281468191603,2.5543235900188166
15.61,2.9892,0.0643,1.3911,195.103309193776,237.5170720619882,375.419248143799,187.71760237736382,224.2107530986252,176.6628600188566,378.5098826800566,2.5584993045961846
15.62,2.9892,0.0634,1.3866,194.86740526562747,237.22988467119865,375.40354297765793,187.27921968231547,222.7398845995183,176.48771236781394,377.8781375781921,2.555189847870834
15.63,3.0014,0.0629,1.3742,194.84494672651346,237.2025438409729,375.8536842649682,187.1111810654476,221.8570292687672,176.5066453586077,377.5618952504419,2.5513592340221414
15.64,2.9973,0.0632,1.2756,194.74527157443424,237.08120017757213,374.83118888411224,187.07273176474726,222.4652973737361,176.57300472522047,377.8528276491565,2.557777439407228
15.65,3.0014,0.0638,1.2618,194.96670729360568,237.35077409656344,374.91389736547427,187.36908604704652,223.42037416216678,176.77773489169726,378.3822617499859,2.5602872039025377
15.66,2.9933,0.0629,1.1997,194.54536899925236,236.83784052082896,374.0325779460178,186.77828053055757,222.05551803591044,176.5320524669004,377.7375558047896,2.5610069672890936
15.67,2.9811,0.0626,1.1352,194.25422371505806,236.48340278354894,372.944277966322,186.43812440763426,221.6920837352491,176.38956780040678,377.55242256441534,2.565227040286197
15.68,2.9364,0.0628,1.156,193.95942762361094,236.12452058526551,371.16037068002004,186.2164462378602,222.2361584812951,176.08407030484994,377.727752384905,2.574880022222877
15.69,2.912,0.063,1.1558,193.81510137293827,235.94881906270749,370.0871640915514,186.1179948713346,222.69038185504732,175.9502240961371,377.92154178927154,2.58120088110307
15.7,2.8836,0.064,1.1414,193.83027700341876,235.9672937432924,368.69915588713957,186.3437848562261,224.49276142414726,175.96306036026118,378.7296296793848,2.5924044692629105
15.71,2.8755,0.0642,1.0891,193.73733128186487,235.8541424300964,367.8807702764443,186.28718907580404,224.91412324576623,175.96850134653587,378.9364331052919,2.597538460825741
15.72,2.8511,0.0642,1.0758,193.50114972701562,235.56661705897557,366.671186075492,186.06579629609655,225.06149130972477,175.7837923760545,378.97354500122935,2.6037317495673986
15.73,2.7862,0.0643,1.0441,192.83964143117095,234.7613026118603,363.4161234813827,185.52426573501845,225.64533786122982,175.25551287235857,379.04662986403565,2.6202921640346726
15.74,2.7578,0.0653,0.9461,192.65155212892492,234.53232433086512,361.202841513265,185.58630676877274,227.56239530737037,175.25239830168826,379.8401157709529,2.635642498142836
15.75,2.7659,0.0666,0.9669,193.16820067555958,235.1612877789421,361.7988666690818,186.28780675972493,229.57433472557727,175.6445308671377,380.8842165497237,2.6384171273518553
15.76,2.7578,0.0672,0.9281,193.19615641323722,235.19532085089747,361.0796158565336,186.42460711004333,230.62753729019892,175.7321159951136,381.3815217664523,2.644756548794265
15.77,2.7375,0.0678,0.9371,193.19309258805637,235.1915909767643,360.2336138483332,186.53587801868258,231.6962874315193,175.70579801072802,381.86288958308006,2.651713903232426
15.78,2.6644,0.0683,0.9404,192.57376248481935,234.43762389456268,356.8214728142931,186.12839469745026,232.9679412386263,175.1599466727843,382.212559044888,2.6710216680651864
15.79,2.6644,0.0702,0.9735,193.17095313831,235.16463860316003,357.15998262759916,187.02889981529262,235.93843176470307,175.59023200288945,383.63983419598424,2.6771852913775316
15.8,2.6684,0.0704,0.9735,193.29972447075662,235.3214037035298,357.3731773365258,187.1485288236436,236.20944406855227,175.70056501590446,383.84748639157266,2.677289959957462
15.81,2.6806,0.0712,0.8773,193.45853701461775,235.5147407134477,357.05960999605213,187.4332721123746,237.50599891041736,176.01194100668494,384.48626894579166,2.682330012578137
15.82,2.6847,0.072,0.8068,193.58189955293756,235.66492119488052,356.6038449075077,187.68848941909422,238.81842455438144,176.24500251032845,385.11111011736057,2.6880552131482287
15.83,2.6603,0.0727,0.7568,193.40299313613352,235.44712207877126,354.9733534795281,187.67826102000495,240.14460521581557,176.1857915429512,385.6313980204297,2.699280092146763
15.84,2.6522,0.0729,0.7418,193.35998544517324,235.39476488977616,354.45953189411733,187.65950360815384,240.51867010133103,176.17953123743223,385.8220820605885,2.703017212468946
15.85,2.6319,0.0733,0.7788,193.34444541219784,235.3758465887626,353.85705163673174,187.7090230065705,241.21929723729426,176.09554959087438,386.1363348380193,2.7079565968902424
15.86,2.5954,0.0737,0.772,193.03884471193004,235.00381095365398,352.03544299993075,187.52744543210392,242.10449420457314,175.85200672746547,386.4313444694414,2.7190882940431274
15.87,2.571,0.0746,0.7856,193.0352043855877,234.9993792520198,350.9945017363334,187.70163716467925,243.6522380082848,175.82079132158063,387.0762463183645,2.7281358947542356
15.88,2.5507,0.0744,0.7967,192.80814412064694,234.72295805991803,350.1259251861884,187.44346642682018,243.45625542288684,175.61182902255172,386.9801534356628,2.732241415772249
15.89,2.5304,0.0733,0.7747,192.2854943651664,234.0866887923765,348.92520592526944,186.74088091338754,241.90030800445442,175.2238176077541,386.27021207243325,2.734711650519293
15.9,2.4614,0.0723,0.7975,191.30316900238833,232.89081443769018,345.724167746148,185.69376324079488,240.79813811860944,174.35922842463822,385.56353620810137,2.7479210313564923
15.91,2.4492,0.0704,0.8401,190.82852122888096,232.3129823655942,345.56016133746425,184.83402795434037,237.78239892139683,173.88020989643405,384.27801263759966,2.7418799463969417
15.92,2.4167,0.0666,0.8029,189.42048098571954,230.5988464173977,343.55751135173284,182.7593594502767,231.92143271154015,172.77879090559455,381.5389221931986,2.7376456889326315
15.93,2.3883,0.0655,0.8082,188.83545452473504,229.88664029098183,342.1819992836859,181.9889996475906,230.30281329957626,172.27673607681314,380.74093614356815,2.740773628708387
15.94,2.3477,0.0637,0.7747,187.81344326895467,228.6424526752492,339.764404142171,180.68980490405502,227.65751193022524,171.48482020209926,379.376286425046,2.746462873332769
15.95,2.2706,0.0626,0.7985,186.6446718885323,227.21960055995234,335.9995820347155,179.44262881005088,226.34807372902088,170.4453725486944,378.4846871094039,2.7623661736129583
15.96,2.2624,0.0621,0.8614,186.59987681655136,227.16506742884513,336.251638614817,179.2484673074823,225.45298526023228,170.27291101997383,378.1401545342798,2.7592511947872653
15.97,2.2746,0.0594,0.8551,186.03521158253315,226.47764888308384,336.8488960232904,178.0679685186075,220.75851159176167,169.80684372950728,376.03583546478774,2.7445284639800582
15.98,2.299,0.0576,0.8904,185.95052905585615,226.3745571114771,338.5186073735134,177.499060376065,217.41149375956968,169.6636650916588,374.6234772942987,2.7277823950704776
15.99,2.299,0.0565,0.9316,185.7658560476267,226.14973779711076,338.9693217992199,177.02935258146715,215.4260725045923,169.42181460079493,373.7447521591043,2.7206642252102635
16.0,2.3274,0.0564,0.9548,186.16942264865938,226.64103626793315,340.7047865773394,177.3011635279301,215.00823730168392,169.72615475423478,373.7517546018463,2.7113607319041817
16.01,2.3396,0.0558,1.0155,186.31579827503438,226.81923268265058,341.98009700736577,177.23228811648437,213.78207409751607,169.73274856587918,373.3059019699689,2.7021871302644263
16.02,2.3355,0.053,1.0054,185.42575508272586,225.7357018398402,341.68655677741964,175.7278946140455,208.87190951896298,168.99567882737915,370.86960776990304,2.6906148744280385
16.03,2.3477,0.0505,1.0134,184.82803360359898,225.00804090872919,342.41662355127704,174.52698951670564,204.2828145528442,168.47484326081656,368.61972514479066,2.6745863065482487
16.04,2.3477,0.0477,1.0383,183.9901519745052,223.98801109939768,342.6930395983287,173.02823335130975,199.11720295114225,167.7081607375993,365.95408889724825,2.6588215532151525
16.05,2.3721,0.0387,1.0597,181.0160851955189,220.36740806410998,344.1784604492956,167.8863095928049,181.68375810805367,165.09694779632048,356.22414216927785,2.598918774875677
16.06,2.4127,0.0405,1.0729,182.23101958074426,221.8464586200365,346.3885998352105,169.4267380049793,185.01774878552092,166.15534977478194,358.4371824974143,2.599081370246086
16.07,2.4492,0.0421,1.1017,183.33422193939433,223.1894875783931,348.5279737137942,170.80011099564612,187.90185202778878,167.08026015318302,360.34394110661015,2.5980994392703693
16.08,2.4817,0.043,1.1388,184.13099292467217,224.159469647427,350.53136082441006,171.70449055831915,189.4151626869386,167.72087582564393,361.4283112654691,2.5935351037407868
16.09,2.5182,0.0463,1.1698,185.82386768516244,226.22036066019777,352.65313247755734,174.02870183469665,195.38075865095064,169.13777654896168,365.0161087733519,2.601790269078759
16.1,2.5832,0.0477,1.2096,187.11264903239785,227.78931186552785,356.21746583491455,175.46619484132674,197.5619272706037,170.2092658915664,366.55914660676206,2.591822836499524
16.11,2.7253,0.049,1.2497,189.11070009893172,230.22172185956907,363.35506330030813,177.46832043616575,199.14296616444207,171.9397612770828,368.0463232100597,2.563823344898094
16.12,2.8065,0.0518,1.2481,190.8934318614496,232.39200400524302,367.11961138923675,179.66729368412595,203.68960904927923,173.49638899525007,370.8535152825264,2.5602032486585746
16.13,2.8633,0.0531,1.1643,191.74641271054574,233.43041547370788,368.9722391424615,180.685876888978,205.74162012775972,174.3860936211339,372.16399311419315,2.5580706139929847
16.14,2.9608,0.0545,1.1641,193.16047360918478,235.1518809155293,373.3894124487717,182.19751086787718,207.6560256453473,175.63813645268593,373.5763039635084,2.544164588442095
16.15,2.9973,0.0561,1.1083,193.9504740944731,236.11362063674986,374.5413607651857,183.22465144177343,210.2359887735872,176.40173555109635,375.0769537891479,2.546628864854835
16.16,3.0054,0.0586,1.0439,194.73202638984438,237.06507560502794,374.351744111679,184.45199985097312,214.4330285851872,177.14053452977706,377.2754845481938,2.5593147205493127
16.17,2.9933,0.0588,1.0432,194.71225702633592,237.04100855380025,373.82942496366286,184.45384362221444,214.81549468596523,177.11818859513875,377.4904374963119,2.5630465339370807
16.18,2.9973,0.0598,1.048,195.10017757859546,237.51325966089885,374.07342413637446,184.9864754766577,216.43105474948047,177.43087727973375,378.38183391231945,2.5667088718247064
16.19,3.0217,0.0615,1.0945,195.96578231840888,238.56703934414998,375.5931851290647,186.07961156714998,219.0283609620155,178.08251285196425,379.84536655524096,2.567331084368926
16.2,3.0014,0.0632,1.1058,196.3328248085423,239.01387367996458,374.8160032528236,186.74981190709318,221.86660130852144,178.34344561784482,381.2347418676398,2.578615277942188
16.21,2.9973,0.0638,1.1334,196.55466841546996,239.28394415796345,374.9019887783994,187.04292780830497,222.81149181231262,178.47885380765896,381.75905766759627,2.581101115629004
16.22,2.9933,0.0642,1.1659,196.72773697170564,239.4946363133808,375.0359117533719,187.24896298198175,223.42620264860994,178.5677399457358,382.12520603206383,2.582509420973756
16.23,2.9851,0.0637,1.1717,196.54880496033348,239.27680603866685,374.74597243777504,186.95586548677537,222.64713966500435,178.41198442006478,381.7887814636788,2.58215952932218
16.24,2.9811,0.0629,1.2096,196.38195558769007,239.07368506327487,374.927965271377,186.60351100547896,221.32484432240497,178.2210360094694,381.21764140745574,2.578298726578203
16.25,2.9933,0.0635,1.1947,196.67857187567552,239.4347831529963,375.36019051460266,186.95914086248493,222.22915669779272,178.4969966396982,381.759411881827,2.5791599497719786
16.26,2.9973,0.064,1.1696,196.8477259004061,239.64070979179874,375.3377961934487,187.18477925222567,223.02378665941126,178.6781396617377,382.2121183017726,2.581729272681488
16.27,2.9851,0.0648,1.2091,197.07098518654726,239.9125037053619,375.16974834901606,187.52299644610704,224.3128213817191,178.78800056524142,382.8778590430562,2.5862152271692027
16.28,2.977,0.0644,1.2351,196.96134545337026,239.77902924758118,375.063731224827,187.3111176593554,223.6749464494303,178.65674843819858,382.62156601763155,2.5854282821366064
16.29,2.9689,0.0643,1.2565,196.9291683594102,239.73985713319504,374.9167008366057,187.2318485949738,223.52129002977273,178.59412044526735,382.59599843396774,2.586076906485429
16.3,2.9567,0.0638,1.2046,196.60113795875012,239.34051577586973,373.93299022687114,186.81465496953865,222.8269861753325,178.40307634832303,382.2556218250939,2.589017055854017
16.31,2.9486,0.0632,1.1511,196.2785288541864,238.9477742572704,373.1142898146395,186.378539965018,221.94856808580204,178.22319529044472,381.8378580030524,2.5907518125960465
16.32,2.9608,0.0623,1.1427,196.14850384386102,238.78948294035257,373.60816655134806,186.03365914875866,220.4237490484308,178.1473802432211,381.1973103427256,2.5849526111446806
16.33,2.9486,0.0619,1.05,195.7668576567961,238.32487019088222,372.2510519037524,185.59258704786544,219.9246016909386,177.97663456199177,380.92563649701,2.590065393185119
16.34,2.8593,0.0624,1.0957,195.15876013349566,237.58457755382082,368.6359027119658,185.17129217995804,221.1593099944198,177.33873848954715,381.2965214406186,2.6099269258325113
16.35,2.7984,0.0618,1.0959,194.4034589043304,236.66508040527177,365.85691589565187,184.37298285805352,220.50680868454788,176.67813773416663,380.81617112496576,2.6212085960784366
16.36,2.7456,0.0618,1.1208,193.94532419008908,236.10735118793457,363.6532355028011,183.96259383781793,220.76416617023386,176.2241360080043,380.8214020962013,2.6323681969907193
16.37,2.709,0.0624,1.0461,193.61134406268616,235.70076668500926,361.25116711180357,183.797310494934,222.03083961806308,176.05492294349676,381.3211153054882,2.647176631000259
16.38,2.6806,0.0618,1.1085,193.30335895311853,235.32582829075298,360.5188586239345,183.37057535609713,221.12682266951936,175.6768516895541,380.87159979787936,2.648608129782003
16.39,2.6603,0.0615,1.1128,193.04260410185617,235.0083876022597,359.61621497155903,183.05350658710782,220.73363035284268,175.44355352797584,380.66809808371784,2.6521801560069607
16.4,2.6522,0.0599,1.0745,192.44146888133415,234.27657081205896,358.8856210397012,182.1428483209939,218.16559130362612,175.01293255894768,379.4158087702862,2.649188873882849
16.41,2.6522,0.0598,1.0688,192.43224233761882,234.26533849797073,358.8527588799698,182.08137909409535,217.99158692790837,175.01831962215704,379.3919107044462,2.6492863505714137
16.42,2.64,0.0591,1.0826,192.15686693147165,233.93009887309594,358.4223898435555,181.6541689866717,216.8654147533765,174.76090533269584,378.8570773596027,2.64869271411811
16.43,2.5954,0.0586,1.1138,191.62769227428655,233.28588624695757,356.5975442290971,181.06333464231957,216.23748100347495,174.23924758869873,378.4494347055233,2.6559843232915483
16.44,2.5954,0.0576,1.1332,191.4022401126116,233.01142274578802,356.8065029075734,180.60235446189563,214.51756870249588,174.0199391453139,377.66170442259954,2.650758728694302
16.45,2.5832,0.0573,1.1597,191.26921051642762,232.84947367217276,356.49445222642055,180.3884995679577,214.03651891148158,173.8559402421137,377.4503209390035,2.651329349932683
16.46,2.5507,0.0571,1.1781,190.97011943542873,232.4853627909567,355.11723015613654,179.93326653767895,213.70324059312367,173.51821204864623,377.30145164011753,2.658386715155222
16.47,2.5304,0.0571,1.1995,190.8272115916034,232.31138802456067,354.3571964142479,179.78326922063906,213.7810581751456,173.34793891859738,377.3371196467281,2.662627471664383
16.48,2.5182,0.0572,1.2044,190.76626567636032,232.23719299730826,353.82953020357235,179.72614695158614,214.00080145917116,173.28173537874747,377.46742653518703,2.6661576306372483
16.49,2.4979,0.0579,1.2024,190.77855970125978,232.25215963631626,352.8342988388258,179.8765621469206,215.29104229492293,173.2839315911999,378.10015023598686,2.6748363987532384
16.5,2.4654,0.0583,1.2168,190.5969839205777,232.03111085983375,351.39259427004015,179.79195495723596,216.12743090433298,173.08547886415033,378.46007588465835,2.6844397424929847
16.51,2.4492,0.0582,1.2322,190.45135792233603,231.85382703588735,350.7624988560892,179.6154018778666,216.02244299724475,172.92572661500597,378.4151649659286,2.6876157807032794
16.52,2.4411,0.0572,1.2273,190.08432567621517,231.40700517104457,350.3316918958006,179.03396872032823,214.36913055825858,172.62385363893316,377.6121096527861,2.6856380805817994
16.53,2.437,0.0559,1.184,189.58057564428066,230.79374426260253,349.7160881763719,178.2618682749845,212.21260225661655,172.28205861943871,376.5382096470436,2.6831416377920534
16.54,2.4208,0.0551,1.181,189.17763263747452,230.303204949969,348.8959603960404,177.6952188826032,210.92241831162696,171.93977706519905,375.8722312485936,2.6839861125439257
16.55,2.4086,0.0544,1.167,188.82299118827225,229.87146753354887,348.1630584653142,177.19245714704397,209.78652926360115,171.66133645678815,375.29135860659613,2.684824761454412
16.56,2.3924,0.0534,1.168,188.36057379042032,229.30852461442473,347.37687899230264,176.52217394383968,208.12675534359246,171.25946621196084,374.4257884705866,2.6844495835493545
16.57,2.3802,0.0523,1.169,187.90748610810593,228.75693960986808,346.79035751469496,175.83156631817454,206.2541688646321,170.86671007084098,373.45691826693,2.682466360395997
16.58,2.3558,0.0513,1.1762,187.35493354265336,228.08426692149106,345.6442474493286,175.07988283471946,204.60571793400607,170.3687726463845,372.549274759786,2.6838347055792324
16.59,2.3518,0.051,1.2059,187.31189729889655,228.03187497256974,345.7637234020475,174.93589062636414,204.0479766788388,170.27272974741265,372.3174374408525,2.6820692044017096
16.6,2.3518,0.0506,1.2188,187.24302323675616,227.94802828822492,345.9157390978636,174.7441814552257,203.30755867457006,170.18999282335065,371.99322624127143,2.679613784712637
16.61,2.3436,0.0506,1.2164,187.1747744694512,227.86494283237536,345.49398127338304,174.6562536288442,203.3435659192053,170.13289661476165,372.0402927417238,2.6822121713108724
16.62,2.3355,0.0506,1.1853,187.04088914017615,227.70195199673617,344.7826863050954,174.51292626868758,203.4120250863453,170.07655125921588,372.08741526527507,2.6863400208175428
16.63,2.3274,0.05,1.1991,186.8144193502755,227.42624964381366,344.52963527843417,174.135871214446,202.35627776068856,169.8516644122758,371.55784953425666,2.68496966251745
16.64,2.3233,0.049,1.2098,186.49211896593192,227.03388395852582,344.44962944658005,173.57236273694883,200.55532908892155,169.55237724097313,370.6348182100781,2.6805584326373886
16.65,2.3274,0.0472,1.1528,185.8294755249426,226.22718759558234,344.095326395997,172.50595911728604,197.30978052810798,169.09765903826604,368.8967788304405,2.6731959609141436
16.66,2.3193,0.0471,1.1245,185.66769893803377,226.03024218543243,343.407482576981,172.31186024822884,197.18956032851892,169.0112466261149,368.8415928482743,2.67667207762077
16.67,2.3071,0.0471,1.1402,185.5939719876387,225.9404876371254,342.9601975921379,172.21913043623454,197.22702731068918,168.91111136758784,368.88319569772716,2.679425135983426
16.68,2.299,0.0463,1.1385,185.25062841425378,225.52250415648288,342.5439226761086,171.68369561575867,195.78857388637493,168.61381627902347,368.1088614843729,2.6776370462833037
16.69,2.2787,0.046,1.1192,184.89567943635552,225.0903923573024,341.3092687069576,171.2709411807002,195.35361519532418,168.3358183339446,367.8295464397231,2.6829356413490184
16.7,2.2787,0.0468,1.1369,185.24518892306872,225.5158821672141,341.51386994753824,171.75248692600863,196.79927652035997,168.60496436026162,368.7108081639003,2.686632785276383
16.71,2.2706,0.0466,1.1192,185.07060772923634,225.30334853993992,340.92726192903393,171.52045144472444,196.48300172514732,168.48667445749828,368.55169007210355,2.68905486646231
16.72,2.2746,0.0466,1.1027,185.10986851931665,225.35114428438553,340.984000904712,171.52375261529227,196.46670835361752,168.55741528259873,368.6122797128102,2.6891347761702664
16.73,2.2827,0.047,1.0848,185.3315224886506,225.62098389922681,341.2400286709739,171.7887643783023,197.1652744303724,168.79145217618708,369.08761417964024,2.690337070110116
16.74,2.2746,0.0475,1.107,185.48986324718143,225.81374656178608,341.06925468046285,172.0257400986689,198.08974974602154,168.88136624309558,369.6418640771487,2.6943480885018323
16.75,2.2787,0.0474,1.1346,185.60034605633516,225.94824737292976,341.59100629866447,172.06305976024242,197.8402299670634,168.92366401792682,369.60136972994275,2.6914010693575796
16.76,2.2787,0.0472,1.1544,185.60969832875705,225.9596327480521,341.81733099657475,171.9879846962551,197.43941135648976,168.89241074909998,369.4540449517909,2.689491196208351
16.77,2.2827,0.0467,1.1402,185.48262321604594,225.80493261083853,341.8978665546407,171.7172305883083,196.5027808728242,168.8138009076916,369.0033731162117,2.686716517898011
16.78,2.2949,0.0461,1.1536,185.47873612208423,225.80020049645037,342.69071296363444,171.52473164720507,195.30417013510592,168.79016822394524,368.45367498834725,2.6795704465062107
16.79,2.303,0.0456,1.0838,185.26623804260663,225.54150718230375,342.40695459125965,171.17995858045407,194.3985298325109,168.75098851854798,367.9967525793396,2.6786813612511895
16.8,2.3152,0.0454,1.107,185.42121229656846,225.73017149147466,343.2995472405815,171.22951518072085,193.92639475060878,168.84577005155117,367.8563180245147,2.6731981551426243
16.81,2.3233,0.0457,1.146,185.74098444229318,226.11945932105257,344.1402522705382,171.5533218194826,194.38658915379372,169.0510427932402,368.236362676691,2.6707988477087765
16.82,2.3396,0.046,1.1429,186.05702032434073,226.50419865571914,344.96660214941835,171.87354194459104,194.846304414753,169.3412420773478,368.6242460556597,2.668478241746526
16.83,2.3599,0.0458,1.1447,186.25181023044073,226.74133419358003,346.04443554372216,171.95820166627868,194.3587243968391,169.51874182534078,368.49445875839086,2.662071597163481
16.84,2.3842,0.0457,1.1707,186.57848758259942,227.13902836142537,347.5659044282977,172.18295820900042,194.01221023987276,169.76623387382762,368.4730636864542,2.653920310764853
16.85,2.3883,0.0463,1.1412,186.80221344485386,227.41139028069165,347.4950331338271,172.50198593440766,195.11214702475792,170.02023708151881,369.1585385136707,2.6579869670529606
16.86,2.4167,0.0469,1.1702,187.42523303148036,228.16984890788916,349.24363200357965,173.16291392919808,196.0219512253041,170.52012736333918,369.8648315293029,2.6525325946189344
16.87,2.4411,0.0474,1.1797,187.92140108948337,228.77387958719717,350.5838468970413,173.68782984760819,196.78468797083508,170.9455266376115,370.4581801420313,2.6486685385654
16.88,2.4411,0.0474,1.153,187.8938313720285,228.74031645290427,350.33709288198503,173.63411376359196,196.7999037995367,170.9736906509368,370.5137255930789,2.6503201390484588
16.89,2.433,0.0478,1.0463,187.73742228471397,228.54990539008656,348.8778102485555,173.57184820878024,197.66193614154986,171.03927409840674,370.9651694789227,2.6604248825074865
16.9,2.4289,0.0477,1.0541,187.70566571436865,228.51124521749227,348.7700950385892,173.48889953582145,197.48217054103546,170.9961529404175,370.9150986153424,2.660825529655832
16.91,2.4167,0.0481,0.984,187.5796788597046,228.35786991616212,347.4630008923737,173.45278351508645,198.32889791153386,171.01880289697866,371.3597205911921,2.6701732684691337
16.92,2.4248,0.0494,1.0012,188.1813475016897,229.09033608901353,348.0686520392639,174.2679207866398,200.5884700298869,171.50855679189232,372.7143820634485,2.6742425205556537
16.93,2.4167,0.0501,0.9823,188.31062705100945,229.24771988818543,347.4863936698197,174.52426593279714,201.88569656216544,171.65444874954477,373.44333986433156,2.681304502414475
16.94,2.4005,0.051,1.0082,188.51090481115344,229.49153629183897,346.9461648297739,174.8900280814319,203.52596634107357,171.7700811294284,374.34600495942215,2.689133579523496
16.95,2.3639,0.052,1.0084,188.43988051888095,229.405071936029,345.096088905378,175.04795157808306,205.47635085653147,171.69508707496877,375.3055442817221,2.704329508976019
16.96,2.3558,0.0526,1.0542,188.6738120946748,229.68985820221278,345.1707016100837,175.3646662927541,206.5063310551719,171.80189806791245,375.912239174425,2.707309299125287
16.97,2.3558,0.0519,1.0566,188.48859592959818,229.4643776534239,345.21550369235985,175.00275922645906,205.26377190698648,171.63908789473794,375.3140669869941,2.7039595587284166
16.98,2.3436,0.0517,1.0515,188.30090539649024,229.23588483050986,344.55540614249844,174.7623838652206,204.9732046259996,171.48393366958675,375.1672314113981,2.7068372843366664
16.99,2.3396,0.0518,1.0714,188.3638212512519,229.3124780450023,344.57445893292044,174.8099176191306,205.13490897899527,171.49732273988565,375.31264508083103,2.7076214188692425
17.0,2.3233,0.049,1.0834,187.31860522527037,228.04004114380743,343.87687306379195,173.18355119079484,200.22702334119063,170.5642700211342,372.6473198809756,2.6973046646956447
17.01,2.3233,0.0487,1.0574,187.1884575901538,227.88160054453508,343.62777747016537,172.96526504142915,199.7031840745001,170.50522340387326,372.40533235063003,2.697427532651683
17.02,2.3071,0.0488,1.0675,187.08627907630185,227.75720931028053,342.9121319110435,172.87256585678023,199.9476248948855,170.39034768179306,372.5407558525306,2.7021551786474363
17.03,2.2949,0.0492,1.0585,187.08454929846437,227.7551034937827,342.20321541801735,172.94204636222776,200.73034346298945,170.40352756910352,372.97710747257173,2.708437744883191
17.04,2.2746,0.0497,1.0554,187.030276073027,227.68903174107638,341.12921512283384,172.99158779193664,201.729917699764,170.35632959398964,373.4986097270091,2.717205497477323
17.05,2.2584,0.0494,1.056,186.769433545569,227.37148431634486,340.30429763557845,172.66166703960505,201.2700396819815,170.12332525818343,373.2404068458877,2.7204704920542127
17.06,2.2624,0.0499,1.0599,187.02140650102777,227.6782340012512,340.5755287116601,172.9728766709005,202.12402478166612,170.33673960873642,373.7897031572018,2.7219973052458397
17.07,2.2584,0.0494,1.0727,186.87151945557713,227.49576281548522,340.5195558174295,172.68729661758707,201.22367455109162,170.17877894808203,373.35112646967286,2.7200744243130672
17.08,2.2462,0.0489,1.0624,186.56553816783017,227.1232638564889,339.7878287513357,172.26747118821163,200.39229820435273,169.9302350217129,372.8980013208026,2.7217838819953726
17.09,2.2218,0.0492,0.9848,186.20746430806776,226.6873478532999,337.6892672202302,172.00643349062338,201.14697247200212,169.77695283053623,373.2197153940993,2.7351637889078364
17.1,2.2178,0.0493,1.0204,186.30933005437353,226.81135832706346,337.8751631218859,172.0880819040567,201.29483757256875,169.7891204547965,373.368518429705,2.735059365131693
17.11,2.2218,0.0488,1.0278,186.24349020501188,226.73120546697098,338.18657563100413,171.8734310393977,200.34911573314125,169.7171325224619,372.9341906931353,2.731107468980236
17.12,2.2137,0.0491,1.0471,186.32073339775874,226.82524065814107,337.98034494485796,171.98505606373737,200.9001523679617,169.74177308167776,373.2765260212997,2.7342020113835277
17.13,2.2137,0.0495,1.0612,186.51679809185654,227.06392811182536,338.15009393304314,172.2234696943483,201.5885730318727,169.8836970312105,373.72566467638734,2.7357611468699994
17.14,2.2015,0.0498,1.0626,186.4977997258417,227.0407996662421,337.5339278276916,172.25200481369097,202.18112561561102,169.8612661797126,374.0592727131834,2.7410800750858213
17.15,2.2097,0.0491,1.0078,186.26679439166233,226.75957578115415,337.4059404201149,171.8457851871455,200.92671520840685,169.7801882910806,373.43690877408767,2.738496890437164
17.16,2.1934,0.0487,1.0099,185.96958848779894,226.39775989819,336.57479619196,171.4581166809874,200.28329980716316,169.51163016813084,373.07458546947527,2.7413234241587916
17.17,2.1812,0.047,0.9768,185.2003000569981,225.4612348519977,335.5815276381408,170.32956400379265,197.2846106644443,168.90411784020287,371.3947054736345,2.73801369153496
17.18,2.1325,0.047,0.9788,184.62366264357675,224.7592414791369,332.97886551014136,169.8023734571241,197.54863955509327,168.38306297432732,371.38735704799785,2.7528239714729357
17.19,2.0919,0.0459,0.8738,183.49254953182557,223.38223421265724,329.60459800768905,168.50956464841613,195.86359263461324,167.61499255290036,370.2475591617329,2.7660579843636492
17.2,2.0879,0.0457,0.9032,183.4794423647559,223.36627766144198,329.72798543418,168.41452941051722,195.466948454437,167.53516273034882,370.08664232339015,2.7646297359489296
17.21,2.0676,0.046,0.9067,183.355660551926,223.21558675886646,328.6557269340631,168.355826329178,196.12763420363964,167.4175508595461,370.4292616645994,2.772767823979344
17.22,2.031,0.0461,0.9153,182.95881236137237,222.7324672225403,326.71793785377906,168.0089742221176,196.51025645705857,167.04460107331803,370.5393329568802,2.7847589308519454
17.23,1.9904,0.0458,0.9244,182.36826343590843,222.01353809588855,324.53862253366935,167.38922172556667,196.1753988436993,166.49621962277962,370.22402786922675,2.796002698692139
17.24,1.9823,0.0453,0.9451,182.17711482651507,221.7808354409749,324.33143624706497,167.06009801732174,195.2495519457138,166.27376214322928,369.739204289095,2.7947738699727838
17.25,1.9782,0.0451,0.932,182.04871753041078,221.62452568919576,323.9662262613017,166.86461743432426,194.9014034187485,166.18994881389665,369.5751377653853,2.796145333016073
17.26,1.966,0.0439,0.9202,181.4718361334478,220.92223529289296,323.1506016449888,166.01244561495574,192.7078787535567,165.69741918678227,368.3188799400049,2.794368218002455
17.27,1.966,0.0436,0.8598,181.23377339951017,220.63241979070804,322.4743169942931,165.69389004037544,192.19663385490384,165.6298076129583,368.0446240095306,2.7969463496461215
17.28,1.9579,0.0432,0.7992,180.8481253817989,220.16293524740735,321.3242708691429,165.21961109458488,191.54184088188538,165.43140801615345,367.64651875492353,2.801708840751306
17.29,1.9457,0.0421,0.8584,180.4868768106516,219.72315437818457,321.32180710083117,164.5741817325159,189.4128566994293,164.95564096970378,366.45252852128135,2.7955588821075885
17.3,1.9295,0.041,0.8713,179.935943539415,219.05245300450525,320.5490265747436,163.75963694952728,187.34085475783274,164.42193258862054,365.2242553427924,2.793782141923216
17.31,1.9214,0.0404,0.8832,179.66883629527806,218.7272789681646,320.2341325413719,163.3286298201836,186.18483350618087,164.1477833587108,364.566922924622,2.792306693653135
17.32,1.9254,0.0402,0.8832,179.67978236237943,218.74060461507062,320.48554492928685,163.25165157587264,185.75554409486094,164.1556811448213,364.39064017538624,2.789971381595598
17.33,1.9336,0.0412,0.8563,180.11204045586106,219.26683185930912,320.66804063930874,163.8760218618768,187.68782389327438,164.61791174537245,365.62134586914726,2.7954885309908053
17.34,1.9376,0.0408,0.8758,180.10480240711038,219.25802032169963,321.145599838248,163.72835139710946,186.8474091018834,164.56000752800716,365.2168040415766,2.7906145807230742
17.35,1.9417,0.0411,0.8658,180.27192483888004,219.46147371689744,321.2858366143081,163.92635022607038,187.40915679057858,164.73662954827637,365.623842255296,2.7920334354323666
17.36,1.9417,0.0413,0.9071,180.48637593048255,219.72254461102227,321.7829653128133,164.13788579561358,187.7383744164615,164.8294185044465,365.9079869499837,2.79074087852762
17.37,1.9498,0.0412,0.918,180.61934225565537,219.8844166590587,322.3956322211947,164.19585614341216,187.47180283081488,164.92147524901318,365.85725708494607,2.7869401195074794
17.38,1.9742,0.041,0.8545,180.73414749000042,220.024179553044,323.08830738994095,164.21069534066498,187.00300470100825,165.17679879129003,365.7127853869957,2.782066351741787
17.39,1.9985,0.0407,0.8374,180.93321344214803,220.26652071218024,324.30452457739415,164.27218333159377,186.28828485247143,165.3936534985174,365.4500566857798,2.773547853424117
17.4,1.9863,0.0405,0.7804,180.573582992472,219.82870972996594,322.9685196834366,163.87122279449903,186.01771369378758,165.20673120368588,365.2526706423074,2.780449358720745
17.41,1.9701,0.0409,0.8119,180.61620786212254,219.88060087562744,322.4159274385541,163.98745123493129,186.84337150457054,165.17306470070272,365.7506341136333,2.786536164428804
17.42,1.962,0.0407,0.8298,180.51154347589164,219.75318336195505,322.17301470441754,163.8100052841439,186.466405679019,165.03429462607514,365.5595915041032,2.787108421696157
17.43,1.9701,0.0412,0.8285,180.8293324115314,220.14005684882085,322.6442546674687,164.19440471557576,187.38408972648656,165.32604503422712,366.2046424488369,2.7878271871656453
17.44,1.9701,0.0418,0.8392,181.10425345037567,220.47474333089212,322.78603695242106,164.56717977249625,188.5223360719583,165.55095372453826,366.94683387906656,2.7910462942298118
17.45,1.962,0.0418,0.8584,181.07609339325734,220.44046152222631,322.5584974581728,164.51148222287438,188.5343605261326,165.47913449306134,366.9888662530933,2.7927645029969117
17.46,1.966,0.042,0.8816,181.2944100834978,220.7062383625191,323.0751471038938,164.7256585521579,188.8579040368248,165.61964087712195,367.27542817864884,2.791348992368148
17.47,1.9701,0.0422,0.8812,181.44980550398554,220.89541539615632,323.32492408874714,164.88450617597266,189.2071729748771,165.76105227955452,367.56122663904137,2.7914875425328103
17.48,1.9742,0.0421,0.9001,181.55010788594592,221.01752264376026,323.79620486295676,164.9144730533635,188.95688652784816,165.80441065696138,367.50673606705624,2.788532756254316
17.49,1.9863,0.0418,0.876,181.56993455390327,221.04165945692574,324.2321268106273,164.82029645333813,188.32514076884559,165.87826291614618,367.23496613040356,2.7845780052857396
17.5,1.9945,0.0418,0.7975,181.49880816247637,220.95507080649298,323.82022941443626,164.72689410145531,188.35518557432542,166.00307534640984,367.2992742827161,2.787358704439654
17.51,1.9945,0.0419,0.814,181.60872462868602,221.08888215666124,324.0279762507626,164.81916408753793,188.51669530284136,166.06237214428975,367.4664935590549,2.787144446738757
17.52,1.9904,0.0423,0.8466,181.81401049992274,221.3387953912103,324.1851030786488,165.07516898186398,189.2592167081997,166.17051509155746,367.96820107923617,2.789027896143895
17.53,1.9863,0.0425,0.7989,181.73059465016414,221.23724566106938,323.41972132426287,165.02419314632363,189.70809080688113,166.2125966166938,368.2414507977051,2.7950679238232823
17.54,1.9945,0.0432,0.8098,182.14734623896655,221.7445954213506,324.0346842747465,165.54396333244298,190.97148023436011,166.56329423930487,369.0888286329218,2.796030414665512
17.55,2.0066,0.0433,0.8084,182.37153404318647,222.01751970474876,324.7303318058191,165.73550501393328,191.08018958868678,166.76684567157957,369.2695553659194,2.792966910161891
17.56,2.0026,0.0437,0.8041,182.47521644087067,222.14374175410344,324.47039683271385,165.90020599825513,191.85342599640745,166.8726500921082,369.75907424854046,2.797208810903125
17.57,1.9904,0.0434,0.7767,182.16081633289792,221.7609937965714,323.47312772510674,165.51460985971346,191.3745641968817,166.65695115826253,369.46460127384864,2.8016481273418488
17.58,1.9863,0.0438,0.7981,182.33175115996033,221.9690883686474,323.5017154603712,165.73809403645683,192.11834593813924,166.76076455279167,369.9531213719539,2.8042120841132014
17.59,1.9742,0.0441,0.801,182.3072371053566,221.93924517173846,322.85538214510024,165.76371028934796,192.7398562250012,166.73487741138612,370.3180866805705,2.8101256974205224
17.6,1.962,0.0435,0.7761,181.8937825981673,221.43590924994282,321.8783109978204,165.21251554608696,191.69241568440518,166.4231007581415,369.6953911227105,2.8127500439569855
17.61,1.9295,0.0436,0.7584,181.45640091241822,220.9034445890309,319.79216002329235,164.82359281345703,192.08540121596428,166.08115303681024,369.813198971583,2.826054917905396
17.62,1.9214,0.0426,0.7926,181.12168452029383,220.49596376383596,319.73615634366274,164.23350460515914,190.16992436211362,165.68737685931836,368.7408637396829,2.8208615738131564
17.63,1.9133,0.0424,0.832,181.07796043757364,220.44273444574182,319.7411962811443,164.11041075592638,189.77404923361095,165.54805940938314,368.5567304244343,2.8200265482195945
17.64,1.9011,0.0423,0.858,180.97431458289924,220.3165568835295,319.3475838745622,163.9610843019682,189.6102104845351,165.38929405547614,368.4790329362601,2.8221575247088015
17.65,1.893,0.0416,0.8771,180.69603574790014,219.97778264961755,319.11342324607494,163.4975933313584,188.2715096092262,165.08487573742488,367.7216621306925,2.819705806595664
17.66,1.897,0.0402,0.897,180.33031691192397,219.53255971886398,319.60108223195857,162.7664060526418,185.48472039981203,164.6924519715916,366.147006189163,2.808544311005978
17.67,1.9295,0.0399,0.92,180.75824985297632,220.0535215601451,321.7885827683724,163.0333147425178,184.6767817208082,165.01916409051285,365.88901441544516,2.7941221029627465
17.68,1.9417,0.0396,0.9385,180.89090267598334,220.21501195337103,322.72927734960905,163.03899597639557,183.98905648545994,165.09154000022883,365.59958096964647,2.7870934315433793
17.69,1.9498,0.0395,0.9647,181.06190753186794,220.42319177792618,323.51822263583676,163.13290514475597,183.7091284053841,165.18183600382437,365.54297836723947,2.782232356718544
17.7,1.962,0.0392,0.9566,181.1190351592908,220.49273845478882,324.14563746435846,163.07194244411787,183.05111769390044,165.25164488164626,365.2499398903451,2.7770505038336277
17.71,1.9985,0.0392,0.9714,181.66902919073226,221.16229640610882,326.4202577108245,163.53017846717935,182.8346903216246,165.71687101098792,365.3519678147715,2.7642577581505843
17.72,2.0148,0.0397,0.9264,181.9839485185472,221.54567645736182,326.8532119256842,163.9131016391091,183.76569538854477,166.11151845950747,366.02871585281724,2.7653162806822933
17.73,2.0351,0.0396,0.9698,182.35141400121643,221.99302574061133,328.5095723924076,164.1824798449399,183.41114129799797,166.3427590148736,365.98810809608153,2.7555644221409987
17.74,2.0391,0.04,0.9684,182.58064072905898,222.27208436581094,328.73724164473236,164.4615786187224,184.1604273825495,166.55476228465233,366.5242080881215,2.7571593052226815
17.75,2.0635,0.0402,0.9566,182.96862966505557,222.74441872267636,329.9914801239701,164.8284715919371,184.42598069036225,166.93552715956204,366.84651681568937,2.751641226305145
17.76,2.0676,0.0405,0.9363,183.1116511705444,222.9185318597932,330.0121169437304,165.0035995237422,184.99486204659485,167.1124908820391,367.2589852779071,2.7537676912939943
17.77,2.0554,0.0409,0.9344,183.12904586456546,222.93970800903622,329.3259306516667,165.09290406915665,185.81882007069999,167.13254915588632,367.7647818600198,2.760524780663779
17.78,2.0391,0.0405,0.9398,182.81237392248957,222.5541943404221,328.48851417908867,164.6761275630167,185.113332506262,166.83100492647353,367.3258463640753,2.7632194520077538
17.79,2.031,0.0412,0.9426,183.00372331074655,222.78714142177841,328.0814933965706,164.9982436994597,186.4901283342395,166.99883230829855,368.18658584674637,2.7702455586229955
17.8,2.0188,0.0426,0.9466,183.39215593812685,223.26001592467617,327.4549749859896,165.67427800475522,189.21190770685627,167.34356433667105,369.8255861628559,2.782680721918101
17.81,1.9904,0.0429,0.9538,183.17026746456085,222.9898908264219,325.94004017209767,165.52405040064724,189.91525231757754,167.1259004320912,370.1769166593731,2.7936013554887453
17.82,1.9782,0.043,0.9542,183.07248730453605,222.87085410986998,325.2650667886401,165.4319751408072,190.15896416328127,167.03633552187378,370.3247191297345,2.798498856774629
17.83,1.9539,0.0433,0.9607,182.89597605700314,222.65597085200383,323.96118558319915,165.32163485800328,190.84281740264026,166.86157084674355,370.67828841263,2.8082635378662775
17.84,1.9336,0.0435,0.9573,182.70787924683432,222.42698343092874,322.76559828147185,165.17518790751026,191.32743637103073,166.70053569136405,370.9243710778075,2.8168433172406555
17.85,1.9133,0.0425,0.9651,182.12883598173678,221.72206119515783,321.6931685849539,164.3728649916777,189.52264759441124,166.15227486886295,369.82816344588184,2.8176311462668493
17.86,1.9011,0.0409,0.9657,181.41833453855224,220.8571029164984,321.00494329473247,163.2923778150425,186.5005674340185,165.49718703450037,368.022549977058,2.812364520936775
17.87,1.8889,0.0407,0.9692,181.21564021155328,220.6103446053692,320.348190450835,163.02788829420354,186.16403579548611,165.30229216623795,367.8226650570739,2.8154120108382417
17.88,1.8767,0.0403,0.9673,180.92383933077218,220.2551087505053,319.62536054840865,162.63079170934066,185.44279139433505,165.03846278218793,367.3850795245615,2.8176113988566587
17.89,1.8605,0.0399,0.9605,180.5606536316257,219.81296963850087,318.6045898556985,162.16920526617082,184.74585604983795,164.72173997467982,366.93733936719076,2.8215876170925482
17.9,1.8442,0.0394,0.9464,180.1359452666123,219.29593336804976,317.4851717296616,161.62493997436766,183.85697453670568,164.36657536835634,366.36422639374604,2.82552711922932
17.91,1.8321,0.0389,0.9517,179.8225696642697,218.91443263476313,316.84314258411,161.17902810567614,182.91728778182684,164.0623371287086,365.79032189039754,2.8265804208364105
17.92,1.8158,0.0386,0.9626,179.53859057156066,218.56871895668257,316.0137559486549,160.81236004604182,182.38768656370158,163.77150063355796,365.4497958832436,2.830046802648696
17.93,1.7955,0.0379,0.9632,179.0148041841538,217.93106596331768,314.8143648942438,160.1212423922408,181.08854764178267,163.28372405795002,364.6024964759916,2.8331462529752964
17.94,1.7874,0.0376,0.9573,178.7961434029838,217.6648702297194,314.26956936925615,159.81158814431296,180.52490684549838,163.09512675613016,364.2652085793987,2.834876171301345
17.95,1.7833,0.0372,0.9647,178.63380276224322,217.46723814533956,314.1278869582221,159.52491658404682,179.72002671842083,162.92177009218412,363.8041968741267,2.833464825619076
17.96,1.7712,0.0363,0.9749,178.16809544323382,216.9002901048064,313.533369602878,158.826368804249,177.93325739805724,162.45675276865546,362.680577850645,2.831403722383061
17.97,1.763,0.0353,0.9825,177.70413523882547,216.33546898639625,313.14328576246385,158.09835238631706,175.9024536630562,161.9973170553203,361.40436842373174,2.8272707797543446
17.98,1.7509,0.0346,0.9809,177.2715410255692,215.80883255286687,312.4008028826244,157.47919099645944,174.50401100771407,161.59291140269448,360.49693206715614,2.8272872526099846
17.99,1.7387,0.0339,0.9671,176.79766159653872,215.23193585665584,311.49886040943863,156.82009513793687,173.10571797530872,161.18158107186716,359.57232888564266,2.8282202658344926
18.0,1.7346,0.0323,0.9443,176.02864249462507,214.2957386891088,310.9818889001576,155.63145565390082,169.74124182472553,160.50630390205797,357.3634253599101,2.8200028180494936
18.01,1.7062,0.0318,0.9531,175.45664481894295,213.5993936926262,309.34648652604204,154.932289963422,168.78827060564504,159.94269044726292,356.64592968775696,2.82676837170014
18.02,1.6981,0.032,0.9515,175.44812268391703,213.5890189195512,308.8381775589177,154.9513200785702,169.2528734156498,159.9410016905297,356.9742926845183,2.831855882124244
18.03,1.69,0.032,0.9552,175.368479438216,213.49206192478474,308.3947506146752,154.84727895523892,169.28039081846433,159.85556826830046,357.011769057326,2.8350238477434044
18.04,1.6818,0.0312,0.9603,174.94519252183582,212.9767561135393,307.9614507526467,154.1956426870811,167.57134695582508,159.43288932491942,355.8757748184635,2.831995353420576
18.05,1.6818,0.0306,0.9453,174.66514798585987,212.63583233061203,307.7899027164454,153.7318492104961,166.2631878272043,159.2006625698342,355.02832559535335,2.828774350186608
18.06,1.69,0.0304,0.935,174.6937086561203,212.67060184223342,308.19228394050987,153.6690679011221,165.78381985793789,159.250039707693,354.78828622418257,2.825056557777939
18.07,1.694,0.0301,0.9301,174.63102757198413,212.59429443545895,308.39851112892006,153.4927152306879,165.09821226247828,159.19768167814937,354.3869913360766,2.8217671108353013
18.08,1.6981,0.0298,0.9182,174.54817818642184,212.49343431390486,308.52315942817455,153.29752059839043,164.41673017286413,159.14523693035397,353.98169108472797,2.8189703848916143
18.09,1.6818,0.0294,0.9122,174.1392815679044,211.9956471261445,307.44077518428134,152.77022659080208,163.60044987078,158.7705974965745,353.38458072304695,2.8229195099828983
18.1,1.6737,0.0291,0.9149,173.91889225847186,211.7273470972701,306.98071115915377,152.44637136879723,162.95597309314408,158.54960399232974,352.95044824105804,2.8237558872575663
18.11,1.6656,0.0289,0.9313,173.7837226144912,211.56279274807625,306.69280854785524,152.23089308247594,162.52060674390174,158.37253039034675,352.67077010627065,2.8243156624480825
18.12,1.6534,0.0288,0.9108,173.5256304833876,211.24859363195011,305.67548711511233,151.93032418367537,162.36321668841188,158.18372547285335,352.54194680473614,2.8303220906473046
18.13,1.6453,0.0286,0.9116,173.34320738622287,211.02651333974958,305.1863811589623,151.67021956308238,161.94023194167374,158.00472973082992,352.2590811074869,2.832160219960064
18.14,1.6453,0.0284,0.9159,173.2902664792348,210.962063539938,305.25789507064843,151.53069047447812,161.4745208429392,157.936934370429,351.986969177805,2.8304227630355046
18.15,1.6372,0.0276,0.9225,172.8395398134475,210.4133528163709,304.8416463867707,150.8395942229545,159.67282107254854,157.47500462120024,350.7180163788174,2.8266844272316534
18.16,1.6209,0.0261,0.9472,171.96738093504828,209.3515941817979,304.13065493353747,149.53600357426575,156.23502930943778,156.54459804185097,348.20221222791855,2.8184635926227624
18.17,1.6047,0.0251,0.9439,171.24062963217855,208.46685346526087,303.06205769481556,148.51238689298538,153.93268900232613,155.8361199404235,346.46075728549334,2.8165871592454845
18.18,1.5966,0.0245,0.9443,170.83900165542107,207.97791505877348,302.56012720289306,147.9155580951832,152.51952417988636,155.43397311321516,345.40788627572704,2.814592542771068
18.19,1.5844,0.0241,0.9466,170.48259736670536,207.5440315768587,301.8150441158994,147.4219568230345,151.59243738006452,155.0740980721565,344.6979047693937,2.815979402581075
18.2,1.5722,0.0237,0.9577,170.14930307110615,207.1382819996075,301.1815911323871,146.94902142382,150.65073751528755,154.71018435107106,343.97688494992866,2.816608471627348
18.21,1.56,0.0231,0.9628,169.6868234963909,206.57526338691068,300.46720901307043,146.28812059378313,149.21250569198673,154.2317280070547,342.8600239256476,2.815749727388918
18.22,1.5479,0.0225,0.9731,169.23488109921783,206.02507264252606,299.8247980983352,145.634623746556,147.7526762608707,153.7462023747791,341.71679034909715,2.814312418288319
18.23,1.5397,0.0223,0.9879,169.07237073320948,205.82723393608114,299.4963291589139,145.38476510814013,147.26492356786434,153.53826203558077,341.3543503107547,2.8148088072276747
18.24,1.5479,0.0222,0.9936,169.18205769400197,205.96076588835024,300.12668455233717,145.42855394259146,146.97198934962765,153.62185373211574,341.2157132450465,2.81006783634748
18.25,1.5519,0.0203,0.9936,168.16470405606825,204.7222484160831,300.4053595537218,143.80572600419467,142.09588124323838,152.56518825262174,337.3231426626169,2.7885725606541274
18.26,1.556,0.0189,0.9762,167.33483420684263,203.71197207789538,300.46229085585964,142.51108566693728,138.39641742576592,151.7437278446701,334.2568811232036,2.772855241589236
18.27,1.556,0.0177,0.9677,166.55502830315436,202.7626431516662,300.36711916697266,141.32051842968932,135.14586165770334,150.94276513957254,331.46448581080944,2.7596448884681815
18.28,1.56,0.0166,0.9677,165.8854557658463,201.94751136711727,300.6455526657737,140.26361549905923,132.0764097326952,150.21943274969075,328.76297768768154,2.7445622325571546
18.29,1.56,0.0161,0.9603,165.53571899167284,201.5217448594278,300.564869007166,139.72005141333264,130.66154217979548,149.86137845414055,327.50377388236376,2.739016063857468
18.3,1.56,0.0156,0.9291,165.1105701535425,201.00417236083436,300.1717420085421,139.0994752402599,129.23946660100535,149.49219192954425,326.2084456800952,2.7353242148107157
18.31,1.556,0.015,0.9389,164.66093920618437,200.45679555535492,300.05393378032227,138.4185397510357,127.49795555835001,148.97388326829716,324.58813545416183,2.7283363722236293
18.32,1.5519,0.0146,0.9367,164.31769304286493,200.03893066087906,299.7714775328771,137.90987646254277,126.32644559763973,148.60614493654862,323.48799043829064,2.7249737849844826
18.33,1.5438,0.0147,0.95,164.34316794327242,200.06994358311425,299.42913369164563,137.94074540217582,126.62810215490575,148.6008988330635,323.80733791483647,2.728934965595909
18.34,1.5438,0.0153,0.9649,164.86314472972242,200.70295880140122,299.64180412872963,138.63668872388024,128.37485771661014,149.1177476129846,325.54066470661184,2.736164874895319
18.35,1.5479,0.0154,0.9758,165.0516668742716,200.93246402085242,300.07142157589914,138.8306443257303,128.64836989518395,149.27801364582396,325.86781749891196,2.735113696416865
18.36,1.556,0.0153,0.9846,165.14176620751772,201.04215016567375,300.7349260090919,138.85908857942326,128.33537688484213,149.33210853486727,325.64941298171897,2.729870645571386
18.37,1.5682,0.015,0.9866,165.117956928338,201.01316495623757,301.57511902136497,138.70688001951004,127.43560116749178,149.2772245074337,324.87568360774674,2.720783804218356
18.38,1.5763,0.0146,0.9649,164.88940741128008,200.73493076155836,301.83656275754436,138.31541326968892,126.25308686068034,149.0758035900578,323.7930835096004,2.713951857514029
18.39,1.5803,0.014,0.9562,164.47478650259464,200.23017487272392,302.00004752141217,137.6686073482934,124.46516230629427,148.63417074581588,322.0818485564946,2.7047739410991594
18.4,1.5844,0.0131,0.9593,163.82937386139145,199.444455135607,302.3234350834802,136.68517574847024,121.7304310983694,147.89423027264974,319.36177458092845,2.689837560688051
18.41,1.5844,0.0125,0.9221,163.24277494441307,198.73033471493767,301.8553154810113,135.8575685570364,119.87980532852508,147.34209592399694,317.4648635640981,2.683955898420029
18.42,1.5803,0.012,0.9167,162.75892782743892,198.14130344209957,301.53353728045107,135.16595097442993,118.30885255777243,146.8110944270733,315.82191700829,2.6784369476098986
18.43,1.5763,0.0117,0.9237,162.47935292487242,197.80095138680122,301.3798433135308,134.74996444137818,117.35257822746783,146.4715545208751,314.8214790483443,2.674903999270731
18.44,1.5722,0.0121,0.9422,162.85622115687482,198.25974749532588,301.36987547031663,135.243711601988,118.62310169906289,146.84787476279826,316.2376129276163,2.68177388944561
18.45,1.5641,0.0128,0.9595,163.4237871702815,198.95069742469056,301.0823911013138,136.03106278623866,120.81562867000709,147.44747229246232,318.5896704066458,2.6949035319252603
18.46,1.5641,0.0135,0.9755,164.07590771586888,199.74458330627516,301.30802788194814,136.90127141754246,122.95476535297784,148.12283913954673,320.8465117503916,2.70436429267349
18.47,1.5682,0.0142,0.9947,164.77293054985168,200.5931328432977,301.84298057820575,137.81251545941467,125.04299920785283,148.82413302774523,323.01250474815214,2.7114702942837727
18.48,1.5966,0.0146,1.0109,165.54571774484512,201.53391725459406,303.9124293888062,138.6975543791735,126.1714307551902,149.5762010663421,324.26858437108416,2.7043506552525516
18.49,1.6128,0.0149,1.0255,166.06258713803652,202.16314955934882,305.158760749156,139.28838052618323,127.01289518552768,150.0694665346987,325.19593232551773,2.701013211265045
18.5,1.6331,0.015,1.0286,166.44648891422347,202.6305082434025,306.51189630645973,139.67939640285852,127.26535952083296,150.44611527975712,325.5534941244165,2.6942763725355894
18.51,1.6615,0.0151,1.0288,166.92714035883674,203.2156491324969,308.330735611758,140.16743420701957,127.5050356866164,150.92595890544953,325.9209556377524,2.684704132264232
18.52,1.6818,0.015,1.0212,167.12273545701365,203.45376490419054,309.5282220185232,140.30483946230984,127.18521322874805,151.12944822423387,325.71331884276873,2.6763310667363323
18.53,1.7143,0.015,1.0367,167.6099510859965,204.0468969742566,311.7638345004522,140.76815519893248,127.12981991236329,151.569307681269,325.8039480136623,2.6630347802412153
18.54,1.7427,0.016,1.0459,168.78212556128707,205.47389198765384,313.6456763732384,142.22755246779377,129.9084221672543,152.76727972055244,328.63374980392996,2.665180922444581
18.55,1.7712,0.0162,1.0706,169.37997066963172,206.20170342389952,315.70441657506353,142.85926105337728,130.4067590901169,153.3054916295465,329.2493284235203,2.6557266490212426
18.56,1.8077,0.0169,1.0706,170.3734956658783,207.41121211498228,317.9261142510167,144.03474508888922,132.2621487035056,154.32038255240099,331.16008770846514,2.651611104518616
18.57,1.8483,0.0169,1.0869,170.9387907273877,208.0993974072546,320.56035755805107,144.57058047920154,132.18580340618144,154.83793242291688,331.2596623756377,2.6364440757845693
18.58,1.897,0.0163,1.1093,171.15981747411297,208.3684734467462,323.7053981436648,144.5887691503649,130.4722860444273,154.9764816497974,329.81500249457105,2.611084165192708
18.59,1.9539,0.0161,1.1355,171.7574230171829,209.0959932383096,327.31693527233836,145.10497496441013,129.84207010927898,155.50128313849783,329.40294844636446,2.5882832586829556
18.6,2.031,0.0212,1.1258,176.17024007977076,214.4681183579818,331.59840565430716,150.8760216609566,142.86235535622316,160.0068321087253,341.5444602894902,2.6223290507729637
18.61,2.1203,0.0238,1.1198,178.77441680788252,217.63842046177,336.5041697997652,154.08154639136023,148.861398275375,162.57898777931362,346.8773417279745,2.620824617540961
18.62,2.2097,0.0245,1.1198,180.19765969084807,219.37106397146724,341.3678553095435,155.61327239369174,150.2609332408123,163.9671906039628,348.3407408041179,2.601012374939514
18.63,2.2949,0.0252,1.1301,181.5615544088311,221.03145754118574,346.0110650840136,157.08311297272624,151.64339715581497,165.27349984786332,349.7641794789543,2.5827071435665654
18.64,2.3802,0.026,1.1357,182.93994918082865,222.709503350574,350.5137071641651,158.58750370071542,153.22820082090158,166.60073391515215,351.3306546282095,2.566285056200502
18.65,2.506,0.0266,1.1398,184.56937883905337,224.69315684754326,356.939951876411,160.28494632457992,154.26123681753447,168.18412066888925,352.5563762331829,2.538494088194095
18.66,2.5223,0.0272,1.0972,185.00786494546196,225.2269660205624,357.3465874150579,160.82188870129133,155.5418239443816,168.678297263365,353.6451069810395,2.5417917797178147
18.67,2.5142,0.0286,1.0815,185.68502762972156,226.05133798400885,356.805181773279,161.7728143856321,158.56039399409175,169.32921636735767,355.9998466036677,2.5563531252789833
18.68,2.4898,0.0306,1.0618,186.46443870546835,227.0001862501354,355.40479909616437,162.9562751214,162.8185510573785,170.06821536710075,359.1645845473894,2.5795644303276406
18.69,2.368,0.0307,1.0348,185.22080696410458,225.48619978238818,348.93698095339084,161.7660691929028,163.37016842699947,168.91517150313362,359.2322529728647,2.6145548699375327
18.7,2.3315,0.03,0.9926,184.41800480976906,224.50887542058842,346.61633183390074,160.8049267970163,162.02644758998997,168.2404240110032,358.164012741715,2.621860114283921
18.71,2.2827,0.0292,0.9977,183.52166302610053,223.41767672742674,344.11925762599674,159.72700227669273,160.46091827172333,167.37775766967732,356.90013788583286,2.6293236970414586
18.72,2.234,0.0274,1.0146,182.11517752725683,221.70543351144312,341.723618862258,157.9066238451971,156.69033668692327,166.0045993241967,353.9516348886225,2.6279367450713393
18.73,2.1528,0.0265,1.0369,180.7995105055677,220.10375191982155,337.5900441184069,156.3878336298491,154.90317993358912,164.68925436069202,352.3692515347283,2.643317049543326
18.74,2.1122,0.0255,1.0292,179.79866129702785,218.88532679638172,335.29241974263306,155.13838899893221,152.76255532259194,163.7391187082571,350.6095356253173,2.647665356376841
18.75,2.0757,0.0242,1.0202,178.6522259814603,217.48966641221256,333.1828741450377,153.66192790036044,149.8758421930119,162.64493838550604,348.23473876718157,2.648008395817492
18.76,2.0391,0.0213,1.0313,176.54510433143582,214.9244748382697,331.2719375776244,150.8062567928972,143.05752314100098,160.54293764183026,342.50495276312506,2.6308506283003563
18.77,1.966,0.0212,1.0276,175.64017687471193,213.82282402138844,327.0846021528136,149.86305061743005,142.96782239540707,159.66245147753583,342.2491642612904,2.6540390342049496
18.78,1.9376,0.0209,1.05,175.19164625353088,213.27678674342891,325.72073979314973,149.31178009401117,142.27675232070598,159.16346027862295,341.62489473456895,2.6591430471811983
18.79,1.9092,0.0205,1.0541,174.63104442284845,212.59431494955462,324.1335363775864,148.62130970216324,141.33876423141868,158.5943252912893,340.77641772708165,2.664497226914019
18.8,1.8402,0.0197,1.0531,173.28928917796344,210.96087378186854,320.0672962862069,147.04541947706275,139.46700957305498,157.25880301107776,338.9708105629448,2.680113110502068
18.81,1.8077,0.0195,1.0807,172.84579623918947,210.42096933466544,318.46898372877814,146.52157949930634,139.0098960839248,156.74618391980368,338.5223563547812,2.687772075627832
18.82,1.7833,0.0199,1.0939,172.85199857318938,210.42852000214359,317.1732846648416,146.61367811365432,140.0758917785527,156.72677511599858,339.4286365394265,2.700296803942709
18.83,1.763,0.021,1.106,173.3336010708271,211.01481869491994,316.1048607844028,147.3739058336952,142.88860906478757,157.19211103392595,341.8280218760112,2.7188953351449348
18.84,1.7509,0.0252,1.118,175.61921561242178,213.7973059629483,315.53024015654006,150.75115764762717,153.02945186251227,159.45428372472608,350.0559202409799,2.763892688721862
18.85,1.7184,0.0274,1.1019,176.28105742314315,214.60302642817427,313.3538790404507,151.96365875278988,158.19023972869994,160.15686913380353,353.8840760340284,2.7971456263179024
18.86,1.7103,0.0285,1.1285,176.80332412677222,215.23882937172272,313.1986088005629,152.73125125885704,160.65614804779742,160.59534264806115,355.7348138803331,2.8077757330873467
18.87,1.7103,0.0287,1.1355,176.94555601987835,215.41198124159104,313.3015484054593,152.89009250546144,161.0858974915454,160.71226403749975,356.10611199704124,2.809170340223041
18.88,1.7143,0.0285,1.1334,176.9276832883365,215.39022313362705,313.5390184228809,152.78821692466,160.6197126299946,160.69671630077752,355.83636833211307,2.8064120254285454
18.89,1.7346,0.0281,1.121,177.01038530245089,215.49090384646198,314.65202607965244,152.72797377560724,159.65235177411796,160.80429232305175,355.2616573186772,2.796556902083832
18.9,1.7387,0.0275,1.0908,176.71719764951757,215.1339797472388,314.5494264990001,152.25487214516366,158.30792748558815,160.59468517310725,354.3198672011773,2.7924756633453627
18.91,1.7468,0.0271,1.0879,176.64923469911125,215.0512422423963,315.02712960554237,152.05061566454532,157.37054179914517,160.530492303328,353.7050981393028,2.786464590466366
18.92,1.7509,0.025,1.0896,175.6529241868608,213.83834248835225,315.31544278631293,150.4867605407946,152.5262585846579,159.53668064938537,350.0685831996072,2.766331637274955
18.93,1.7549,0.0245,1.0741,175.42322281831096,213.55870603968293,315.3869941549618,150.09649444246628,151.34572100381428,159.34513942863768,349.2029623752404,2.7616201458356615
18.94,1.7509,0.0234,1.0786,174.8018578334185,212.8022617102486,315.21377075832453,149.1580650557153,148.73948936673548,158.70989542452492,347.164320360377,2.7525758012311394
18.95,1.7427,0.0228,1.0859,174.398262972058,212.31092883554888,314.81710890626687,148.5674573646074,147.30929739086196,158.2842984865805,346.0281765778168,2.7494961987934325
18.96,1.7387,0.0214,1.0558,173.47099955361927,211.18208641310173,314.21770884099664,147.23572116271902,143.9014010729984,157.42495323646548,343.229262092533,2.73934938929879
18.97,1.7265,0.0211,0.9854,172.96470890106048,210.56573257520407,312.6094732791943,146.62312706117527,143.21842465785957,157.1042640777156,342.62775609625027,2.7464825562776505
18.98,1.7143,0.0205,1.0163,172.54376124008567,210.0532745531478,312.2516775851001,146.0073163540625,141.7199117891251,156.5915208699157,341.3728205807358,2.742678928006289
18.99,1.6981,0.0202,1.0352,172.21659442306512,209.6549845150358,311.49379357981303,145.56847313544435,140.98474115380697,156.2092102017478,340.74067363352077,2.7444943761313443
19.0,1.6737,0.02,1.0348,171.7854884040686,209.1301597962574,309.9748715173764,145.0543913856063,140.53047261009698,155.77809566706756,340.30907475942763,2.7521388097241486
19.01,1.6575,0.0196,1.0241,171.3087640760764,208.54979974478866,308.83273481176354,144.43593226317392,139.5421172135448,155.32215760127005,339.43723136210303,2.755238780837122
19.02,1.6412,0.0195,1.028,171.0573949308966,208.24378513326545,307.86306006847747,144.12730501880935,139.31668699323896,155.05810621211918,339.23191947231095,2.760597263937931
19.03,1.625,0.0156,1.0237,168.16984641976953,204.72850868493683,306.789531624841,140.04454646467536,128.79225897490258,152.01765623601824,329.552250324059,2.720260647045097
19.04,1.6006,0.0154,1.0303,167.73100699632158,204.19426938682628,305.3213512406105,139.50827627656955,128.2568363017453,151.54659337891766,329.00680349890195,2.7272375387862873
19.05,1.5885,0.0167,1.0381,168.55833827512365,205.2014552914549,304.655525006026,140.70725822141551,131.92180947430873,152.425017697235,332.5168303489408,2.7487523675011785
19.06,1.5803,0.0169,1.0327,168.59501678170048,205.246107386418,304.0690683351382,140.77442941296795,132.48795370038383,152.4842817533739,333.06330892080683,2.7553870153787314
19.07,1.5763,0.0169,1.0128,168.50860973266867,205.1409161962923,303.56537006650933,140.65749549636257,132.4996733487427,152.4508710944851,333.10126349563876,2.758985658009099
19.08,1.5682,0.017,1.0146,168.49476505149693,205.12406180182236,303.0758571587102,140.6436979427821,132.78652994346504,152.43464341749788,333.3883453542694,2.7637552731902044
19.09,1.5641,0.0175,1.0148,168.8063679323638,205.50340443939942,302.82598207461297,141.0777301486873,134.15903813771638,152.76649674166845,334.68493108201756,2.771916632081987
19.1,1.5682,0.0178,1.0196,169.10642939609076,205.8686966561105,303.17265719165766,141.43991415496302,134.9564838520948,153.06213542234272,335.47624117911647,2.773684780067803
19.11,1.5682,0.0172,1.0286,168.74928240637828,205.43390901646052,303.30597083929825,140.87243826211963,133.31585732793187,152.64935157347267,334.02838829625443,2.7658489134480253
19.12,1.69,0.0164,0.9889,169.76534176669705,206.67085084641383,310.61618446375763,141.6418773428424,130.89966403599803,153.71603751356236,332.194358621315,2.70990849989918
19.13,1.7143,0.0157,0.9788,169.5656516483867,206.42774983281862,312.0276584854941,141.20989087786802,128.91598474298297,153.49801322962028,330.39452361064224,2.6925036036104815
19.14,1.7346,0.0141,1.0023,168.65875283751407,205.32369910653887,313.5977067351733,139.79833833813038,124.31778843744256,152.4149514611366,325.88143823616724,2.6614954506491957
19.15,1.7427,0.0137,1.0072,168.46863927366755,205.09225650707353,314.1752577438313,139.46199554695366,123.13776646350809,152.17545513668512,324.7186087004751,2.6526334479975535
19.16,1.763,0.0134,1.0076,168.49633870203394,205.1259775503022,315.44559919859006,139.38006883866765,122.23589725463435,152.17166922161258,323.8558221317423,2.6409681657431454
19.17,1.7671,0.012,1.02,167.3673907136292,203.75160608615727,315.86510403368175,137.7922881261884,118.01132601730262,150.85663498048024,319.29082887298114,2.617592543489828
19.18,1.7793,0.0116,1.029,167.19140891911584,203.5373673797932,316.73658996198316,137.47324386071122,116.77054131060785,150.6036957667689,317.9448790477177,2.606387597652003
19.19,1.7955,0.0117,1.0276,167.50227076673593,203.9158078899394,317.72092687682334,137.80035692237624,117.07689454670825,150.92972872872673,318.3631976169921,2.602497474354799
19.2,1.7955,0.0121,1.001,167.8324610249785,204.3177786391043,317.41435390594114,138.225596345846,118.30558834527292,151.3733594137564,319.79968854070955,2.6109472511422984
19.21,1.7833,0.0123,0.9897,167.8625808985452,204.35444631127243,316.55015380062446,138.28234704509018,118.91750808588331,151.4526475548321,320.50802191389465,2.619513566637322
19.22,1.7509,0.013,0.9858,168.0956848802241,204.63822507157718,314.5306894542141,138.68661395175982,121.04200089009457,151.77079015298887,322.82126212459355,2.6425762618732764
19.23,1.7346,0.0135,1.0107,168.40513663129596,205.0149489424473,313.84740820932996,139.11760810507158,122.53297707462019,152.0640216301621,324.42923265909917,2.6544153042691367
19.24,1.7306,0.014,1.0231,168.82643782034384,205.52783734650555,313.7694419444646,139.66429693412172,123.9979823417925,152.49506292878104,326.00400671792005,2.662414589836504
19.25,1.7306,0.0149,1.0288,169.58837716632624,206.455415680745,313.85618117296013,140.67140664057084,126.58492438664102,153.30783549093536,328.6984086754512,2.6747214288830996
19.26,1.7224,0.0156,1.0247,170.0379564656187,207.00272961031843,313.3129950846405,141.2985811571691,128.56778082993495,153.81011954679303,330.69785994908113,2.6877376971995104
19.27,1.7346,0.0165,1.0031,170.8344640680577,207.97239103937463,313.81784325867943,142.33343150339235,131.0435098889268,154.7073019804127,333.1791509220252,2.6965855460199486
19.28,1.7468,0.0166,1.0124,171.11422193701094,208.31296583636114,314.70301443628756,142.6173829770668,131.29154337420317,154.96355357355318,333.5020323918446,2.692781364657718
19.29,1.7712,0.0169,0.9992,171.6357264379724,208.9478408810099,316.0566263964237,143.20174120030137,132.06892269636367,155.5268276843166,334.357647455939,2.6886325180464183
19.3,1.7752,0.0172,1.0012,171.93211078888618,209.30865661255712,316.34218796760314,143.55596119843915,132.8660578260418,155.82718514201855,335.17288889005147,2.690933822504824
19.31,1.7874,0.0175,1.0169,172.36532426004035,209.83604692526654,317.294603818563,144.04813719411928,133.63909191769247,156.22746495246056,335.98822542790833,2.6891546409745373
19.32,1.8036,0.0181,1.0214,173.0253914993643,210.6396070427044,318.34928541672144,144.84916420637202,135.19188120220988,156.89146463012486,337.5306453027966,2.6902740328835857
19.33,1.8239,0.0184,0.963,173.36546138577992,211.0536051652973,318.88700991837806,145.2440990008384,135.95689285714002,157.38172643729246,338.32503782382156,2.6908853133276827
19.34,1.828,0.0202,0.9683,174.6402084186127,212.60547111831113,319.21481863093504,146.97533595881023,140.54556049227747,158.6797314583872,342.50549546936264,2.709396730165383
19.35,1.828,0.0206,0.9903,174.97478283514607,213.01277910365607,319.4963844093534,147.3862554605516,141.53168035700767,158.96103555889692,343.42460161342973,2.7123427353173115
19.36,1.8524,0.0212,1.0056,175.72289444273224,213.92352366941319,321.1600938637354,148.2600477050327,142.95074175868686,159.66774612054513,344.78765601331276,2.709027858222686
19.37,1.8727,0.0223,1.0014,176.66040046466813,215.06483534829164,322.3357812688105,149.44761864504534,145.5758872796273,160.61443840265815,347.1358333935263,2.7135804892332915
19.38,1.9011,0.022,0.9955,176.84924148014616,215.29472875843882,323.962652141277,149.52742427492163,144.78388990939146,160.80515568040263,346.60900780341024,2.7012648492911406
19.39,1.9498,0.0222,0.9953,177.59638650662538,216.20429661676135,326.8263456011413,150.2895754694406,145.15067079886308,161.5363703769608,347.1272871732817,2.6868035292087273
19.4,1.9742,0.0221,0.9727,177.80384048508398,216.4568492861892,327.9948197146751,150.44065672427976,144.8623724142572,161.78847741410834,347.00080567900375,2.679348569756771
19.41,2.0026,0.0215,0.9525,177.75429149477125,216.3965287762433,329.414113642349,150.21137267907562,143.36173161322628,161.77480333080354,345.8430183224938,2.66541631930806
19.42,2.0473,0.0216,0.9174,178.28770924951993,217.04590691245906,331.581659788475,150.73848948940852,143.52371166816,162.3756501935143,346.15335091568693,2.654343980096087
19.43,2.0594,0.0213,0.9336,178.30511515999592,217.0670967165168,332.467768412838,150.65297471810572,142.7657695502188,162.34818236616172,345.5846179176821,2.6465752904249973
19.44,2.0594,0.0202,0.9336,177.62461561808414,216.2386624915807,332.48470442936735,149.67264484362948,140.0748247217278,161.658375073959,343.2553134099976,2.635317714199475
19.45,2.0554,0.0196,0.9377,177.2165663482797,215.74190685877534,332.32172835519964,149.08634238460738,138.5871359556988,161.2322081990062,341.95199193524627,2.6301099037561104
19.46,2.0513,0.0189,0.9488,176.7457658680954,215.16875844811614,332.23220147851526,148.41104742189665,136.82710090416597,160.7230121615718,340.3783615087488,2.6232186896632776
19.47,2.0473,0.0192,0.9478,176.9287691833073,215.39154509272197,332.01110066760924,148.64083636404226,137.58642985140338,160.91098508375188,341.1153350913461,2.6281479875689464
19.48,2.0473,0.0192,0.9396,176.93589921516926,215.4002251315104,331.9349661427031,148.61945033562014,137.58504303653595,160.93395630211367,341.1596523122351,2.6289156090647574
19.49,2.027,0.0192,0.9422,176.73354982094352,215.15388673853994,330.82661523403095,148.38614070068007,137.6112645783598,160.72611826326462,341.1787927884168,2.635562828604462
19.5,2.0148,0.0186,0.94,176.20149418956441,214.50616683946976,330.12107809141264,147.67140247981817,136.1050777506796,160.18668687689194,339.8024541983325,2.633198382604618
19.51,2.0066,0.0189,0.9811,176.4342801785874,214.7895584782803,330.13897923202603,147.95242661824835,136.8643485508249,160.32824179060995,340.5438872250261,2.636818928582062
19.52,2.0066,0.0202,1.005,177.3850979554486,215.94707577185048,330.42921684240497,149.20251107847216,140.10673275517976,161.23886452940283,343.54611066032913,2.6497305645412674
19.53,2.0148,0.0199,1.0183,177.34101703974312,215.89341204838294,331.06600377046885,149.05594215321975,139.3410178217145,161.15628657825985,342.933284696665,2.6432002105979535
19.54,2.0107,0.0195,1.0255,177.06980527339277,215.56324120239123,330.931080164582,148.65594966246857,138.34400661520553,160.86061741646938,342.06838582169246,2.639955968410595
19.55,2.0148,0.0195,1.0276,177.1482390119482,215.6587257536761,331.20556844650497,148.7065272868527,138.33287040565202,160.93069809207495,342.1178247007522,2.638724491741929
19.56,2.0188,0.02,1.0461,177.59611615074968,216.2039674878692,331.6606587240638,149.2512502788268,139.56075989044743,161.33822985416532,343.2951472733061,2.6418922318059086
19.57,2.0229,0.0205,1.0474,177.99953865286827,216.6950905339266,331.92523165821825,149.74972084796659,140.7810376690011,161.73944878511747,344.44861823256815,2.6460477869814736
19.58,2.0188,0.0218,1.0412,178.78580041420344,217.65227876511722,331.6384762389699,150.82346795108072,143.9361864429951,162.54255185584387,347.2525150555152,2.6614410236892856
19.59,2.0188,0.0225,1.0259,179.20350649202297,218.16079051202794,331.481088757348,151.3803176800471,145.6038224681402,162.9926346527541,348.7272503410065,2.669663960350177
19.6,2.0148,0.0225,1.0465,179.23130489858886,218.194632050456,331.50466924930095,151.37877534549767,145.59847730285438,162.96920971194137,348.76716022218176,2.669870387081876
19.61,2.0188,0.0232,1.0478,179.72578275416703,218.7966050920294,331.76383252586453,152.01000843193617,147.23041913177602,163.45399188929534,350.2093324209093,2.675543971194697
19.62,2.0229,0.0237,1.0216,180.0312459814105,219.1684733686737,331.71572871198657,152.40384465274732,148.39125423315397,163.81458813321464,351.23201790925265,2.6809388523804465
19.63,2.031,0.0241,0.9998,180.3330617071493,219.5359012087035,331.9451467213622,152.76913476321576,149.3012392307125,164.1599872883523,352.05284653904994,2.6837304143666203
19.64,2.027,0.0254,0.9856,181.00756032346192,220.35702995899712,331.5727242020444,153.7158424122695,152.27406840888148,164.8539257589001,354.5060503033031,2.698138303832688
19.65,2.0229,0.0261,0.9881,181.37163703214208,220.80025377825993,331.3843057186654,154.21064383707886,153.84786183971792,165.20153982048896,355.80165050408203,2.705800161974595
19.66,2.027,0.0264,0.9848,181.6010317723247,221.07951694022137,331.597023354137,154.47700204344096,154.5006346711562,165.42993743763313,356.38187839610606,2.7075495128623004
19.67,2.0351,0.027,0.9908,182.05852452545125,221.6364646396798,332.14276115263874,155.0369193984438,155.79627402583097,165.85744699723668,357.48109733727637,2.7099394318844565
19.68,2.0391,0.0278,1.0126,182.60273176873835,222.2989778054206,332.6339077408259,155.7265233727641,157.51679213552288,166.33041257821725,358.891995958744,2.7142389866604892
19.69,2.0716,0.03,1.0179,184.13746580201183,224.16734967201444,334.5443495565827,157.6982982525393,162.12066371706754,167.79045285297545,362.55203602134526,2.721500988038542
19.7,2.0879,0.0328,0.9932,185.6192294743275,225.97123588179002,335.19830318841,159.7342868393511,167.86761712760904,169.25252595260216,366.8505394596722,2.739418230605626
19.71,2.1122,0.0344,0.9934,186.65908611752553,227.23714831698763,336.5737895547273,161.05757149985095,170.99576820987377,170.2303142259227,369.2080046074018,2.743449275421033
19.72,2.1488,0.0358,0.9716,187.68596289888222,228.48725918124794,338.3768532054373,162.31477816191682,173.63936302350035,171.24206593267945,371.2224627741319,2.7433008635228844
19.73,2.165,0.0392,0.9474,189.25278750860835,230.39469783656668,339.01961467337037,164.50595234914152,180.11729998507803,172.74752505330846,375.6959255694791,2.762438588778737
19.74,2.1812,0.0407,0.9556,190.08821420436394,231.41173903139958,340.0156518103949,165.58067565213392,182.84505945975113,173.49733836285213,377.60366749643237,2.7665615274369855
19.75,2.2137,0.0426,0.97,191.27293165208278,232.85400375036164,341.9610182474939,167.058929203545,186.18800009942905,174.5514961571498,379.94029749515624,2.767480574897504
19.76,2.3071,0.0445,0.9795,193.15215974859473,235.14175969394142,347.0869650640622,169.1730193500382,189.22534581987264,176.25524016718342,382.2674717593343,2.7504820114551416
19.77,2.3842,0.0449,0.9943,194.26249562319109,236.49347293258046,351.3042382961494,170.25786368601075,189.61977571769705,177.24805157101704,382.85454130886984,2.730148599666724
19.78,2.4736,0.0451,0.9848,195.35466189512695,237.82306665493718,355.8212233931268,171.28671329069735,189.6418945442999,178.28090411142756,383.229201816392,2.7074469323237724
19.79,2.6766,0.0453,0.9774,197.61591425665992,240.57589561680342,365.866428928196,173.4174072032764,189.29512204492573,180.4088859817574,383.7226413862884,2.656602836244902
19.8,2.7821,0.0427,0.9334,197.6026440366883,240.55974056640315,370.5424836105251,172.88871612609535,184.41974408483443,180.5535091368338,380.94302887777957,2.6184000528849283
19.81,2.8917,0.0408,0.8945,197.8258448019572,240.83146323716528,375.3653628046152,172.72533171961973,180.73465955142876,180.9016660435224,378.8522604655235,2.583453901070979
19.82,3.0988,0.0385,0.8561,198.64505429762102,241.8287617536256,384.5164019924314,173.09234736942767,176.07222547349787,181.86023548709855,376.24583928550356,2.525242219556742
19.83,3.2003,0.0332,0.7759,196.8454278036562,239.63791210879887,388.3439816419828,170.40039557200038,165.97925596134996,180.49927343843203,369.2060118439105,2.472217869119275
19.84,3.2896,0.0307,0.7329,196.19580271594248,238.84706417593,391.905152579426,169.32818052604864,160.97784915759286,180.0675672561695,365.5886001867192,2.437881255389518
19.85,3.383,0.0289,0.7085,195.89013144134998,238.47494262425215,395.75126110248436,168.73043883633866,157.26953323188695,179.9157790626491,362.8496588196726,2.406888722569063
19.86,3.3952,0.0271,0.6415,194.84832499048002,237.20665651014963,395.7195174777762,167.3708438206202,153.61646909513195,179.0758891448421,359.884312233958,2.3930456260671145
19.87,3.3749,0.0242,0.6125,192.8641576027515,234.79114838595834,394.6168703501789,164.87501564896857,147.56799860062333,177.27319674099155,354.6573331742234,2.3738085840784358
19.88,3.2653,0.0235,0.5983,191.59612258256834,233.24745357877887,389.74093849127365,163.40207705346907,146.15912646979797,176.0277484310295,353.2652773815719,2.390129326161745
19.89,3.18,0.0223,0.6131,190.18941172078294,231.5349360079097,386.1110080339408,161.7177151772498,143.59239136821606,174.62125357933175,350.8422991878609,2.3961535348095677
19.9,3.0866,0.0212,0.6304,188.75413897649642,229.7876474496478,382.07901040866625,160.0110147217263,141.1900150030079,173.16895069314498,348.51012533721166,2.404757004211819
19.91,2.977,0.0201,0.6538,187.15727547254582,227.84363970570797,377.2822223298006,158.12672599714008,138.7331157912358,171.53354310110015,346.05588166830006,2.4168029178711623
19.92,2.7496,0.0192,0.729,184.7366140753651,224.89674757000972,367.2363566823805,155.3889962022108,136.74991015898226,168.96201128367355,343.8426229487844,2.4565508906596842
19.93,2.6441,0.0176,0.7735,182.70544650620235,222.42402183363765,362.5248882962145,152.9522518405003,132.9038971930277,166.82702979544698,339.9199115542819,2.4627142141205587
19.94,2.5385,0.018,0.8129,182.13892355771426,221.73434172243478,357.6542971566708,152.38902341028896,133.9507444116499,166.1835935443623,340.854879938225,2.4922430324686844
19.95,2.3721,0.0179,0.8553,180.5626657250602,219.81541914355157,349.53482074813945,150.68639755776317,133.80964993760801,164.51590916590965,340.4804555072231,2.5336909143546498
19.96,2.3274,0.0166,0.9262,179.29319251982304,218.26997350239327,347.9437247684474,149.08029939973963,130.5145608437603,163.0650364614308,337.1547389120816,2.5271744256960287
19.97,2.2746,0.0163,0.9451,178.5881233918247,217.41162847700397,345.35197356299335,148.2520895528309,129.75926448580734,162.30384977565842,336.3418368534776,2.537670656381366
19.98,2.2056,0.0161,0.9626,177.77910310571653,216.4267342156549,341.832218210589,147.33269381001784,129.26796444469164,161.44246041896383,335.7684413627914,2.554537117990419
19.99,2.1731,0.0162,0.9906,177.59958450937498,216.2081898375,340.37924088207313,147.13542655730737,129.54470241729527,161.2029571963616,336.04445537636536,2.5640318807064375
20.0,2.1406,0.0166,0.9992,177.60595496567242,216.21594517560123,338.70138414018874,147.19480933118538,130.61308954921384,161.20193409448166,337.1167710971817,2.5785087238272575
20.01,2.1041,0.0169,1.001,177.46653578342543,216.04621747547446,336.71054651303115,147.0828928121709,131.42160835859232,161.0648113780353,337.9023651392681,2.5935362706271254
20.02,2.0554,0.0134,1.0087,174.12402784345065,211.9770773746356,334.0778187995191,142.8090430522585,121.91232264803105,157.48224900446345,327.8454968151194,2.5627004487452925
20.03,2.0432,0.0143,1.0171,174.80956558110387,212.81164505525692,333.4986509100035,143.6915047442285,124.44668464537705,158.22051170095784,330.6549441831935,2.578803448428395
20.04,2.031,0.0169,1.0395,176.81339962665444,215.2510951976663,333.07687419577985,146.31719632381842,131.4676528564569,160.3135435617463,337.942025612403,2.6149527919251483
20.05,2.0188,0.0182,1.0597,177.69348054191306,216.3224980510246,332.62905070226253,147.48484867240632,134.83175014590745,161.18513215183393,341.24135957729203,2.6332105548987186
20.06,2.0188,0.019,1.1083,178.38941298355073,217.16972015388785,333.19841175498965,148.3494173988656,136.8381250594839,161.78408785747538,343.1983086415726,2.639366527675425
20.07,2.0229,0.0202,1.1136,179.28213600016085,218.25651339150016,333.50780065145887,149.5005523666846,139.79814789818445,162.67861710179335,345.990464137408,2.6510303039855687
20.08,2.0351,0.0218,1.119,180.48619053236862,219.72231890897052,334.27632237031094,151.0509108921035,143.6280542348196,163.87562896533302,349.49571255844455,2.663567109648292
20.09,2.0554,0.0239,1.0811,181.92473095231648,221.4735855071679,335.01063744095467,152.937073545765,148.49308200865377,165.39041842042735,353.76986799326033,2.6801460444505985
20.1,2.0676,0.0239,1.0416,182.0014001953224,221.56692197691422,335.2692578073304,152.98433549774853,148.47893994185978,165.5543254707411,353.8299062243213,2.679007931443532
20.11,2.2421,0.024,0.8359,183.60203436820032,223.51552010041777,342.6589553395923,154.5850646148651,148.4484306875827,167.57847295386935,354.27892444605874,2.6387806407025085
20.12,2.2218,0.0242,0.8331,183.51450759686784,223.40896577010002,341.53939836626523,154.50982977573543,148.933950540621,167.4976006979297,354.6820808608847,2.647174395779664
20.13,2.1528,0.0236,0.9108,182.5852009615366,222.277635953175,338.61534418073563,153.4168536445803,147.6627925612617,166.4142910897572,353.4882790959765,2.658236953745202
20.14,2.1406,0.0229,0.9365,182.1118179895936,221.70134363950527,338.24050171699974,152.75903092015753,146.05813006505457,165.8860303796266,352.1367696793934,2.6539805222498947
20.15,2.1244,0.0224,0.9657,181.71505396107412,221.21832656130763,337.68128163820745,152.22048214205236,144.9072783721942,165.42414502400572,351.15199015911185,2.6525817385106567
20.16,2.1203,0.0226,0.9916,181.87613454170153,221.41442465946272,337.75797580854857,152.39728107254018,145.36726334708487,165.5230206798325,351.59710957065056,2.654445303642311
20.17,2.1285,0.0299,1.0126,186.04605778129311,226.49085295113946,338.46347430537213,158.09391742129247,161.40021262147138,169.53109908404866,364.68285590000244,2.7147879467352802
20.18,2.1528,0.0348,1.0064,188.62709363514887,229.63298355583342,339.7553095840467,161.61131186514464,171.2373112810417,171.98458147058267,372.02689569635754,2.7442012219590586
20.19,2.165,0.0389,0.9575,190.4035347331234,231.7956075011937,339.9053587936733,164.13290094544587,179.08785768742538,173.747063889759,377.5157548514151,2.7711317569525167
20.2,2.1812,0.0409,0.9667,191.4407027634172,233.05824684242097,340.9137383118068,165.4947433761769,182.72804753950246,174.68301883454225,380.0528805433653,2.7783078437719917
20.21,2.2015,0.0451,1.0054,193.37649517220748,235.41486368790478,342.46276509652336,168.1277297952715,190.17545818341804,176.36540600133836,384.987919004395,2.7946921793017108
20.22,2.3193,0.0464,1.0404,195.38381688129058,237.85855968157114,349.16912473591066,170.23402210447145,191.96088784689115,178.13832855324324,386.61025119566796,2.765012420849687
20.23,2.4248,0.0489,1.12,197.70483367501737,240.6841453434994,355.5017367732021,172.84941992829158,195.78120561387053,180.09043483251378,389.4336429609381,2.7445123871876804
20.24,2.5832,0.051,1.0791,200.13229763699522,243.63931886242898,363.0901649052908,175.47324759869173,198.73807034631747,182.39940844845287,391.8006086347638,2.7156341403594206
20.25,2.774,0.052,1.0155,202.3844023699404,246.38101158079704,371.7650145739009,177.73163826358848,199.75632598208276,184.6033542719194,393.0472027581876,2.6765100328846634
20.26,3.2003,0.0525,0.8948,206.43377644187072,251.31068436401654,390.22088638913874,181.62937988416886,199.31834458759434,188.61849244192248,394.00220701737084,2.589048261143728
20.27,3.4439,0.0547,0.7735,209.144369479664,254.61053675785183,399.7283025275285,184.54064548752,202.1865041085303,191.29842301609335,396.37502296016936,2.5556059696048723
20.28,3.6388,0.0565,0.6994,211.2833022259435,257.2144548837573,407.2742975860213,186.84061410537154,204.49273132739728,193.36626706309988,398.2587586325216,2.5300279188906822
20.29,3.8296,0.0597,0.6201,213.7910124146222,260.2673194612792,414.3967458194424,189.68761775843902,208.89202893361096,195.7141352475029,401.3230568911673,2.5130558750498366
20.3,4.0935,0.0607,0.5642,216.03922277919474,263.0042712094545,424.342891053228,191.9949936137971,209.73814257540226,197.90102033875547,402.4392067808216,2.474569906409468
20.31,4.2113,0.0586,0.4878,216.0543326789485,263.0226658700243,428.28519827594596,191.72755311182,206.35590127045901,198.15845788538013,400.73542509040396,2.4489191085345956
20.32,4.325,0.0591,0.4518,216.98835605376942,264.1597378045889,432.31953119528987,192.6932263216559,206.85295282330628,199.08767445356423,401.30735757191,2.4344842421588146
20.33,4.4183,0.0609,0.4145,218.22952357796868,265.67072435578797,435.53229854479827,194.11442210719565,209.31545450632103,200.2257819866573,402.9894240078538,2.4292500711616594
20.34,4.5401,0.063,0.4198,219.79457473371747,267.5760040236561,440.05712613187717,195.89304834093022,212.09507834355293,201.6053592002074,404.90123453898286,2.419807247596434
20.35,4.6173,0.0661,0.4247,221.38230004758526,269.50888701445166,442.9060978510382,197.79345353063428,216.35231757460244,202.93050517101082,407.53903584078415,2.4211720634965817
20.36,4.6863,0.0658,0.349,221.65461089129343,269.8403958676616,444.8588401942697,198.00621599802597,215.7949336410664,203.3154236651973,407.39344882801026,2.412346960415952
20.37,4.7919,0.0628,0.3588,221.3135141789678,269.42514769613473,448.69725166261605,197.3318109860758,211.2627428115563,203.20813732849857,405.04660535488205,2.384903990748987
20.38,4.8934,0.059,0.358,220.56194270105476,268.51019111432754,452.26785434706505,196.17640844157884,205.51993879780423,202.79686884338602,401.885459772882,2.3547403323780562
20.39,5.0598,0.055,0.3804,220.0012891831036,267.8276563968218,458.1741018518802,195.24032930670876,199.25699636685377,202.619443167605,398.3823140781448,2.313860483339077
20.4,5.1045,0.0498,0.3563,218.07720740464384,265.48529597087077,459.5522073768198,192.77932328939596,191.23447107452947,201.238145742616,393.3461068299752,2.283863876340149
20.41,5.1532,0.0475,0.322,217.30606448714533,264.5465132886987,460.9901525429424,191.7733585896033,187.5610976262987,200.75151695082045,391.0115396729665,2.2669396182038972
20.42,5.1776,0.0449,0.317,216.25522925511137,263.2672356149182,461.8012236536242,190.45069367817143,183.37537313067145,199.9789426367752,388.22225891782125,2.250406424983901
20.43,5.1857,0.0441,0.3047,215.9336985621883,262.8758069452727,462.01339192043196,190.0251995569972,182.07118193071642,199.7529012548772,387.3684478905998,2.245542050965643
20.44,5.137,0.0441,0.2916,215.70780903146533,262.6008109948274,460.30411793090724,189.732334999159,182.1321004935864,199.50881597592738,387.38936009923475,2.2523860441647594
20.45,5.0558,0.0436,0.2996,215.095444749811,261.8553240432482,457.61934470873655,188.9831319039898,181.415548259734,198.89033807251192,386.8178014329366,2.260291334483533
20.46,4.9421,0.0448,0.28,215.0778348278155,261.83388587734066,453.5931601597586,188.97938892854938,183.51929332242355,198.71420944335978,388.16821169036024,2.2828207230563686
20.47,4.8041,0.046,0.2731,214.8994574943605,261.61673086269974,448.7406099038206,188.81360774039288,185.6521672247987,198.3670875023243,389.4709023863042,2.3087016659583144
20.48,4.6376,0.0456,0.2786,213.8086116219913,260.2887445832938,442.8640640201776,187.56034325107612,185.24749512602537,197.24584570063482,388.9754870022677,2.3303994402038377
20.49,4.3087,0.0412,0.2978,209.85366620017336,255.47402841760234,430.9072939824581,182.90911105460603,178.42635326091937,193.55697108315186,383.7166738722745,2.3551110620689713
20.5,4.122,0.0398,0.3192,208.05410115222296,253.28325357661927,423.96299047552196,180.82555546061357,176.29352282932825,191.80116535784128,381.91795897221937,2.376321543108514
20.51,3.9271,0.0363,0.328,205.07484958667715,249.65633862725915,416.40105805360065,177.28506127067013,170.39828590922372,189.04399597638042,377.28632244307687,2.3872277956600914
20.52,3.7565,0.0349,0.3425,203.2280525456346,247.40806396859867,409.65109538722464,175.14936653076697,168.08691437406756,187.25199230313987,375.2851063129106,2.407844451092616
20.53,3.6023,0.034,0.399,201.75978906566047,245.6206127755867,403.7554238754782,173.47021007988207,166.6227851414972,185.74716906718976,373.9427434314202,2.42833543134495
20.54,3.4399,0.033,0.4743,200.15793469007843,243.67052918792157,397.5248567376407,171.64230886655204,164.95509720020723,184.08567735151485,372.4130729534805,2.449997501085667
20.55,3.3911,0.0288,0.5897,197.67707093567338,240.65034722603718,396.436525234976,168.49989670644192,156.83552680406183,181.667873713596,365.88675738936007,2.4242165420213095
20.56,3.3221,0.0274,0.6341,196.4247974014058,239.12584031475492,393.84704591163825,166.97777988365428,154.0831056480206,180.4076599536755,363.5135714396334,2.425308518428699
20.57,3.2369,0.0264,0.6725,195.25076667630898,237.69658551898485,390.4604721429375,165.5811079619634,152.1119551656109,179.20441240072358,361.73580547242017,2.433097746069205
20.58,3.0054,0.0253,0.7058,192.78809474766368,234.69855012759058,380.3188075115147,162.80192779557484,150.0417698047273,176.69838000931625,359.5866657372903,2.4721150814390196
20.59,2.8836,0.0238,0.763,190.93617503001795,232.44403916697837,375.185058215238,160.6144859055024,146.92709192535028,174.78365513985776,356.6755459272938,2.48404366660543
20.6,2.7212,0.022,0.7965,188.41532010124192,229.37517229716408,367.73328140136783,157.66764692531797,143.07360051760625,172.22631101189634,352.93955850333543,2.504399849096993
20.61,2.5791,0.022,0.8298,187.18581813906144,227.87838729972697,361.0471132368689,156.34489476764043,143.19797462812554,170.92437689829845,352.84283298228377,2.538729443575048
20.62,2.4654,0.0231,0.8688,186.88429433421985,227.51131484165896,355.678681054268,156.183989237892,145.80366617316338,170.53033667592393,355.0130443118694,2.5776284773830627
20.63,2.3152,0.0241,0.9071,186.04879276235448,226.4941824933011,348.2309839397544,155.47375724443256,148.23659479454142,169.6120756435444,356.8520784640317,2.627252255629867
20.64,2.2706,0.0258,0.998,186.7774163376711,227.38120249803438,346.83529067687954,156.5061442017574,152.02265072063972,170.12016860655865,360.0205658780065,2.650547480808162
20.65,2.2624,0.0281,1.0402,188.0644840627313,228.94806755462943,346.86479585781296,158.2137457244277,156.94104488421843,171.26405225638163,364.07441861312986,2.6702929732313523
20.66,2.2706,0.0295,1.0885,189.01729389592816,230.10800996026038,347.8372590750061,159.40519661151347,159.81615294954676,172.0693545953744,366.4375986288842,2.6765902224615328
20.67,2.2868,0.0306,1.1301,189.87064827559425,231.146876161593,349.159374387083,160.43478733512458,162.00840052534343,172.7930268567487,368.2501818651726,2.6782671398348916
20.68,2.3883,0.0316,1.1653,191.57018129762898,233.21587288407008,354.86244658023173,162.28312924812118,163.77665137665898,174.3651541054267,369.9569744338451,2.6553059822052654
20.69,2.433,0.0322,1.1987,192.43379649294175,234.2672305131465,357.5206287085774,163.2216419362913,164.84989527173107,175.12806149000673,370.9589678144944,2.645920455162263
20.7,2.4695,0.0312,1.2079,192.36227099603113,234.18015599516832,359.48832275341033,162.94196250540858,162.7768202826649,175.06854033062294,369.52655809574907,2.6284041300928487
20.71,2.4939,0.0301,1.2044,192.06843937957254,233.8224479403492,360.70281947717154,162.4239903532734,160.5141871978898,174.81854072884474,367.8780448750135,2.613957225291759
20.72,2.5304,0.0294,1.1954,192.07521149511314,233.83069225492036,362.46164969284047,162.2804132718823,159.0243677496235,174.86634956766216,366.8386743057953,2.599651302129102
20.73,2.5466,0.0284,1.1923,191.71768397896747,233.39544136569955,363.25657475568374,161.71842641992586,156.9427183688744,174.54853054746087,365.2539089737538,2.5878802732020967
20.74,2.5507,0.024,1.1758,189.19617260583527,230.32577534623425,363.31377689049697,158.37460221362343,147.5761319452987,172.18968842172214,357.39552515490556,2.55009901655798
20.75,2.5548,0.0222,1.1861,188.13309107919213,229.0315891398861,363.63779933439133,156.95464347543785,143.55346625537044,171.14158375418006,353.8389704931109,2.5318025688172376
20.76,2.5466,0.021,1.19,187.2865867333032,228.00106211010828,363.28566116525354,155.85333874257748,140.8144619286058,170.2980101011127,351.3264865168249,2.522054355660756
20.77,2.5304,0.0202,1.1855,186.59972007210075,227.16487660951398,362.4491119029703,154.9788329610569,138.9627567819912,169.61668632702728,349.58313038048533,2.5184597302875718
20.78,2.4736,0.0192,1.1772,185.36453564410084,225.66117382760103,359.5222314391886,153.48883772666295,136.62741396217652,168.3746593220514,347.2672881994353,2.5232475439681528
20.79,2.437,0.0185,1.1684,184.51340995096066,224.6250208098652,357.5859899651619,152.44869184165495,134.9550006196483,167.51890313248097,345.59861775356853,2.5259363244652207
20.8,2.4005,0.0182,1.1614,183.9513379974751,223.94075930127406,355.65587595408556,151.77421824474945,134.23784933226207,166.95091423182035,344.86831272566485,2.5329675801027856
20.81,2.3558,0.0179,1.1655,183.3238176488573,223.17682148556543,353.3965646946927,151.02888678295412,133.51657670035263,166.29232101447494,344.1179365202674,2.5417651401362744
20.82,2.303,0.0182,1.1894,183.09466064214388,222.89784773826213,350.89476678256773,150.80083064525473,134.2805742127866,166.00138705322001,344.8463506868694,2.5587810455538715
20.83,2.2218,0.0192,1.196,183.02112297802458,222.80832362542122,346.6556048885726,150.85633862762072,136.7826550717923,165.9025099820441,347.20255879722004,2.593115518783919
20.84,2.1894,0.02,1.246,183.3647150326901,223.22660960501406,345.4633050393074,151.32600945616562,138.73122935601734,166.1359785016483,349.05445273942195,2.608594578427943
20.85,2.1894,0.0215,1.2723,184.44327777464446,224.53964250826286,345.76418619123945,152.68811202094804,142.2700829099869,167.1585195185646,352.3943965499206,2.622803802989647
20.86,2.1853,0.0222,1.2855,184.90107327048744,225.09695876407167,345.701674113117,153.2592735277687,143.89045474160798,167.58073461904684,353.90324347803136,2.630451995998488
20.87,2.1975,0.0231,1.302,185.65518663455632,226.01500981598159,346.5545481198259,154.17187399412583,145.92267264299312,168.29166898464743,355.7941197300864,2.634816366579514
20.88,2.2137,0.0249,1.3156,186.96245156245027,227.6064627716786,347.58765982070673,155.8118975756093,149.90936691625168,169.54482891285147,359.34479983526035,2.6461900952992505
20.89,2.2259,0.0268,1.3333,188.23623555913096,229.15715633285512,348.44632238601906,157.42680501610545,153.9953895008283,170.74056363774739,362.855111863361,2.6584871479110217
20.9,2.234,0.0283,1.304,189.0973279907701,230.20544277137233,348.5824239511896,158.5426423553637,157.15421654963745,171.6266561159836,365.487238756949,2.6706118145199684
20.91,2.2503,0.0281,1.2602,189.1005135295833,230.20932081862318,349.0010190838731,158.47905314506954,156.71482413801004,171.72814914190533,365.2142599486466,2.6669993502743554
20.92,2.2584,0.0282,1.2586,189.26536361323772,230.41000787698508,349.4316601580506,158.63361902669297,156.9030009656205,171.8905379168759,365.43687715921357,2.665788673976263
20.93,2.2624,0.029,1.2328,189.6998714289124,230.93897391345857,349.38649471365466,159.1870705917039,158.56223129113226,172.35690812936105,366.8173958971276,2.6728613643001577
20.94,2.2624,0.0302,1.1972,190.26198795556073,231.62328968503047,349.023914066081,159.94016263274625,161.0319955160031,172.96088868144494,368.8005591785143,2.684675278263626
20.95,2.2584,0.0348,1.1842,192.4020220723875,234.22854860986305,348.68838312087547,162.8792272931422,170.14223202612027,174.98683835363008,375.7013386017255,2.7207382422112056
20.96,2.2381,0.0363,1.1859,192.86190034642627,234.78840042173636,347.63667224816646,163.5747599464582,173.05057742674725,175.39592310246792,377.7884865645515,2.737197488124237
20.97,2.2543,0.0409,1.189,194.9879897982956,237.3766832327077,348.5536256518565,166.4530195139313,181.4960323859102,177.34906682021267,383.7606800161522,2.7620082865266475
20.98,2.299,0.0435,1.2085,196.5903763836907,239.3274147279713,351.15130703958283,168.43428905170586,185.96370902969196,178.7870126057043,386.95060909669724,2.7635113850148905
20.99,2.3071,0.0481,1.2215,198.41316118716767,241.54645709742152,351.73208809041716,170.95482887266473,193.83387738865605,180.40014681074163,392.0978435648092,2.786362369190663
21.0,2.303,0.0497,1.1943,198.87705015123274,242.11119148845728,351.2456738857959,171.63993669811998,196.53574493622972,180.868398973758,393.8116346488402,2.7978612195253683
21.01,2.303,0.0512,1.1392,199.27371509323964,242.59408793959608,350.6797134661589,172.2408164565048,199.0451547684499,181.3393269145356,395.3844788666697,2.8090803519892313
21.02,2.3112,0.0521,1.0537,199.48829827336675,242.85531963714217,350.2246139604358,172.5644381637377,200.54015167814632,181.7187965711752,396.3392956201445,2.816509439019191
21.03,2.3112,0.0524,0.8255,199.00757581103784,242.27009229169826,347.80617216998843,172.25506640580087,201.32558970745532,181.82945699866883,396.6829702246131,2.8311928012310874
21.04,2.2827,0.0527,0.7675,198.57551160705245,241.74410108684646,345.66007732547433,172.02166439351797,202.1271520982304,181.61488971696883,396.9887757006655,2.8443123763494533
21.05,2.2868,0.0532,0.6883,198.5886368997557,241.7600797040504,345.03904978621165,172.15917414270993,203.05370799911532,181.82828009058565,397.5294771648662,2.850291934054025
21.06,2.2543,0.0533,0.7461,198.3528844518139,241.47307672394737,343.9137719690418,172.00202989603378,203.3760042091059,181.50612862081044,397.6322000181982,2.857112295032654
21.07,2.2381,0.0539,0.7737,198.405578339963,241.53722580517237,343.34534163529054,172.1963962193709,204.46302722290852,181.51021766311544,398.23784632197214,2.8632775289068526
21.08,2.2218,0.054,0.7946,198.19750639342888,241.283920826783,342.6960674165064,172.3185230710483,205.02641751848907,181.37108384511885,398.36009233487994,2.866097282254381
21.09,2.2218,0.054,0.8359,198.4339005989583,241.5717050769927,343.1658905586064,172.20068529768062,204.6407240161442,181.39499870703344,398.4078946360989,2.86535918214533
21.1,2.234,0.0539,0.8598,198.6706636844541,241.85993839846589,344.1117365219295,172.31320060192328,204.3260949265127,181.53408870071974,398.3758210150836,2.8601361748383267
21.11,2.2462,0.055,0.8654,199.20340023233106,242.50848723935954,344.8544154949171,172.9893447905063,206.05283186213845,182.0053809491746,399.4874555258302,2.8615112991425895
21.12,2.2746,0.0564,0.8797,200.06650596961794,243.55922465866533,346.5660813727238,173.9784606979713,208.11469585295941,182.73983216605623,400.88028306323866,2.8589819867736517
21.13,2.2827,0.0559,0.9244,200.187207200584,243.70616528766752,347.5009664793513,173.89294435850073,207.1424934747956,182.72236007787228,400.47497652269135,2.8521163699655467
21.14,2.2949,0.0552,0.9348,200.20902256424384,243.73272312168817,348.2841145136105,173.6792609495826,205.86049148608151,182.69553521534726,399.8830980280756,2.8451540963274358
21.15,2.3274,0.0548,0.9461,200.5923119305904,244.19933626332744,350.1558762526006,173.80437273989943,204.9199143872315,182.9794513312009,399.59458804515197,2.833821486554654
21.16,2.3518,0.0546,0.9521,200.90465120176833,244.5795753760658,351.5287250586679,173.9391913673938,204.3853354469713,183.22292936667367,399.48329619691714,2.826062331923182
21.17,2.3802,0.0543,0.9698,201.2553526206138,245.0065162337907,353.2258611355506,174.10382798861735,203.68008273974178,183.48008992807328,399.28045326462455,2.816020761643452
21.18,2.4167,0.0559,0.9667,202.21709463936733,246.1773326044472,355.11518073297896,175.24234291400342,206.0744675605052,184.35057376658386,400.88370684420937,2.8136783666822907
21.19,2.5791,0.0584,0.9474,204.86869756579063,249.40537094965816,363.2223137145559,178.11414388283316,209.38160049852354,186.78668452411844,403.41256608211097,2.7820070593333313
21.2,2.6603,0.0595,0.9803,206.21943965311837,251.0497526211876,367.5963128999363,179.52767963346207,210.74427060642674,187.93778714163847,404.5334332401131,2.764321260219671
21.21,2.6969,0.0576,1.0459,206.2036097109079,251.03048138719222,370.0448535260308,179.18807274896787,207.64276031639196,187.82600980824236,402.9191111631783,2.743330204064699
21.22,2.6847,0.0548,1.0628,205.2374043852335,249.85423142550167,369.63267786578996,177.80430922610168,203.29089205224813,186.95316191789462,400.35166378051497,2.732658965014558
21.23,2.6075,0.0525,1.0749,203.69252649613952,247.97351051703941,365.9758223288804,175.93498965917428,199.85697327831443,185.5322644467193,398.0878047140096,2.740805832818595
21.24,2.506,0.0504,1.0799,201.89296774429323,245.7827433408787,360.95884826857656,173.84186139321972,196.75803668424734,183.87461888678678,395.9116457116236,2.757048975383861
21.25,2.437,0.0484,1.0813,200.44574722055523,244.0209096598064,357.46685066186006,172.09236059925064,193.6585775635365,182.54627194488023,393.79862348625596,2.7656718700942204
21.26,2.3802,0.0464,1.0856,199.11521765192197,242.4011345327746,354.5853926925799,170.44539741139573,190.45486527991375,181.31500181271514,391.62241140503573,2.770828053369281
21.27,2.2543,0.0441,1.1171,196.88645415169208,239.68785722814687,348.2733828364554,167.8659237709901,186.86181114660815,179.1675167822746,388.9324986053798,2.793114432241889
21.28,2.2543,0.0415,1.1597,196.02666555713907,238.6411580695606,348.74660450963387,166.54952710344216,182.23787157833894,178.28943668057926,385.91807108765494,2.7754358458098936
21.29,2.1569,0.0357,1.2106,192.62533252115992,234.50040480836861,344.03741876070217,162.15506424228258,171.78725718228372,174.98210646184992,378.3601665131901,2.7649382815806067
21.3,2.1406,0.0332,1.26,191.45543640323575,233.07618344741746,343.7014075038851,160.51378950446968,166.9661772530665,173.76364926122693,374.8294527173788,2.7495446228279636
21.31,2.1447,0.0312,1.3195,190.7231002488758,232.1846437812401,344.59361202165906,159.39263924984834,162.95448590770806,172.9400725342601,371.8635216722192,2.7299479457986076
21.32,2.1488,0.03,1.338,190.24757102748939,231.60573864216101,345.03549684661147,158.6698696675033,160.50343930701573,172.4479167175156,370.02147547360283,2.7185023803202633
21.33,2.1366,0.0294,1.3569,189.8740745971054,231.1510473356066,344.59172603577457,158.1549230142899,159.2854089539746,172.0403246862462,369.0791796609987,2.716581924402147
21.34,2.1163,0.0279,1.3714,188.92221641804164,229.99226346544202,343.65435588729946,156.89209376815091,156.1966908633838,171.08114203167574,366.5926559451011,2.7099795853509594
21.35,2.1041,0.0261,1.3808,187.85393253496824,228.6917439556135,343.10280022356045,155.45243344148085,152.37890442354853,170.01731518843093,363.4556094740203,2.6980609241680615
21.36,2.0919,0.0241,1.3895,186.6149150030392,227.18337478630858,342.5419324251955,153.7962508497161,148.0080594981366,168.77661681531464,359.73532762822816,2.6834979636071967
21.37,2.0838,0.0224,1.3911,185.52146331517577,225.85221620977921,342.1277678910773,152.33743177037232,144.17428018213153,167.68311554256005,356.3625652809703,2.669892151036088
21.38,2.0676,0.0223,1.3895,185.29885212904554,225.58121128753373,341.2275215531963,152.0572623569181,143.9595636533551,167.45435504293263,356.1769315811834,2.6743271722066697
21.39,2.0594,0.0226,1.3862,185.41046909442042,225.7170928105988,340.75033402363226,152.19466057625328,144.6527216689169,167.56606980630477,356.82794779774946,2.6803133068646745
21.4,2.0513,0.0227,1.4014,185.4401728091214,225.7532538545826,340.4840236981444,152.2124944291191,144.88225674878234,167.55415428722026,357.0646179319639,2.683131867289801
21.41,2.0594,0.0229,1.4053,185.6893908126325,226.05664968494395,340.99457492512795,152.4767820591568,145.32124740191992,167.79316405477758,357.5247125789247,2.6824951815778357
21.42,2.0635,0.0212,1.3928,184.66227679748425,224.8062500143287,341.09937364683304,151.08439850700069,141.3923232176388,166.79174612769876,354.0045267132221,2.6652716981196916
21.43,2.0635,0.0205,1.38,184.19936954500187,224.24271075043708,340.97265571104856,150.45090472114939,139.74010516109198,166.349155779409,352.50431676105876,2.6590372145594245
21.44,2.0635,0.0202,1.3598,183.97903495164823,223.97447733244135,340.763346946361,150.13900243977537,139.0253834898602,166.16728344441609,351.87091969792164,2.657369895411907
21.45,2.0676,0.0205,1.3438,184.21475865532278,224.2614453195234,340.8292381841446,150.40749179632445,139.73394580399574,166.43986746429886,352.5926992847572,2.6604907023787767
21.46,2.0635,0.0199,1.3112,183.71830491204315,223.65706684944385,340.25229119961676,149.75417646392046,138.3067409218585,166.00406924407503,351.2699889061451,2.657700903992929
21.47,2.0676,0.0188,1.3071,183.01771158222573,222.80417062184003,340.4512193474577,148.80381175047688,135.63028276558185,165.29107806225466,348.7291372298278,2.6448076177174955
21.48,2.0676,0.0185,1.3108,182.83728071021898,222.5845156472231,340.50823396367446,148.53468376851404,134.88760754335868,165.09190726881377,348.04163843284846,2.6414180086536168
21.49,2.0716,0.0178,1.3147,182.4062880779633,222.05982896447708,340.79064264956696,147.9361748835379,133.14121215878643,164.6313186006781,346.3465233411697,2.632087207354454
21.5,2.0838,0.0161,1.3263,181.28962678365468,220.70041521488398,341.6145106167169,146.45386709423101,128.79950193978402,163.42463792109297,341.91140238490715,2.6072479806340247
21.51,2.1,0.0153,1.2979,180.7806783677553,220.08082583900648,342.2138724979585,145.76236259391482,126.69971962494242,162.9374158793797,339.7129385415601,2.594033787139809
21.52,2.1122,0.0152,1.2386,180.7262224340399,220.0145316588312,342.24845637333704,145.6608265977424,126.43222676908444,163.00571704889256,339.47793728168307,2.5928513283220145
21.53,2.1163,0.0157,1.2182,181.15939166710308,220.54186811647332,342.2653058220873,146.17119582408688,127.74633025428044,163.51095528988895,340.9542601920864,2.599492636613497
21.54,2.1163,0.0158,1.2281,181.28562108814404,220.69553871600144,342.39071322760617,146.29335948262022,128.004706364417,163.61826644110337,341.27589169502266,2.600369815214403
21.55,2.1122,0.015,1.2264,180.60742443969448,219.8699080135411,342.1604236587943,145.41789551043667,125.89248179877627,162.88968570579505,339.01336421002935,2.5916527527135274
21.56,2.1041,0.0143,1.2503,180.00314699311127,219.1342659046572,341.99198041222456,144.6373758822593,124.00917173100731,162.17601571940372,336.94364281598297,2.5835600225942543
21.57,2.0919,0.0151,1.2503,180.5734657297961,219.82856697540396,341.32953997516483,145.33493332905752,126.15189826348255,162.7950301291851,339.36171667611575,2.59821386362505
21.58,2.0879,0.015,1.2691,180.51210833062117,219.75387101119102,341.33183977255453,145.22585415815288,125.88289904400504,162.68139727096664,339.10366626120765,2.597197447007084
21.59,2.1041,0.0151,1.2513,180.754524757791,220.0489866616586,342.0501620135556,145.47632159177874,126.1470786659646,162.9733911349109,339.45590532347336,2.594801313026647
21.6,2.1163,0.0148,1.2495,180.65358770797593,219.92610677492723,342.7219558371799,145.29980120627144,125.3464246772502,162.85864219045567,338.62564788500697,2.5874215903798548
21.61,2.1285,0.0146,1.2553,180.64917289664493,219.92073222200253,343.47560589781915,145.2427626275774,124.81055398950055,162.83049438600153,338.0812050689471,2.5808880955192914
21.62,2.1325,0.0149,1.2674,180.9946546220467,220.34131867031775,343.8450548862042,145.63061364340527,125.61058620199022,163.17070378803976,339.02071749435817,2.583121828367967
21.63,2.1244,0.0151,1.2569,181.07881198162812,220.44377110806903,343.2985147812514,145.7179913234137,126.13779782911541,163.2828786046994,339.63904146843703,2.589075968092227
21.64,2.1082,0.015,1.2211,180.77199302023908,220.07025237246498,342.0207841711634,145.3382915800214,125.86715539432126,163.0340117518916,339.36625222067585,2.5951866171865565
21.65,2.1,0.015,1.1941,180.65089968662812,219.9228344011125,341.27970419724807,145.17552892326876,125.86301222123727,162.96347329133158,339.3961337671083,2.5996376809804045
21.66,2.0838,0.0152,1.1904,180.65845939161227,219.93203752022364,340.3488844548684,145.17929848202786,126.3906846283698,162.98181856782804,340.00127443402175,2.6077913217785187
21.67,2.0716,0.0159,1.2338,181.2121992278373,220.60615558171494,340.16723411558587,145.84793091117055,128.22993785605476,163.4747235527215,342.02224223207287,2.618112687299167
21.68,2.0838,0.0156,1.2402,181.14157189122747,220.52017447627694,340.9370056023936,145.70270608213656,127.44068238573496,163.37549362417064,341.23100492470604,2.6102669919650436
21.69,2.0879,0.0153,1.2376,180.95977286140908,220.29885391823714,341.15243550598296,145.43610677753006,126.64732828336399,163.17948690022908,340.41536941042307,2.6054993658790457
21.7,2.0919,0.0147,1.2481,180.54950525237516,219.79939769854366,341.5081346373845,144.8821264272467,125.04769364053115,162.70423612908297,338.69386060377053,2.5959255585234735
21.71,2.0838,0.0148,1.2549,180.58583914744642,219.84363026645653,341.14784579952055,144.90493757899716,125.311725419059,162.72573624356056,339.02228633614965,2.5995792930543753
21.72,2.0757,0.0152,1.1439,180.61519085403938,219.87936277883057,339.46526205024634,144.95645420443836,126.37216706126296,163.01575183786866,340.2295059077151,2.61463057084348
21.73,2.0554,0.016,1.1573,181.09196895646588,220.45978829482806,338.48683659903276,145.55386345260354,128.47514524164913,163.50064121190016,342.52075837329795,2.630766315986016
21.74,2.0594,0.0157,1.1591,180.92508405188215,220.25662406316087,338.74864065406814,145.30220756660572,127.68638996942991,163.31057511390466,341.7236645906929,2.6257766606254864
21.75,2.0432,0.0151,1.1692,180.30499574520155,219.50173395068015,337.9616417914761,144.51386168204965,126.09561464262393,162.61902429058614,340.0167032364149,2.6227896876099765
21.76,1.9945,0.015,1.195,179.76259281195985,218.84141733629897,335.4935831572513,143.87321748190158,125.82297403655393,161.98644376900853,339.70198953802173,2.6359257229781536
21.77,1.9904,0.0152,1.2174,179.95513373467486,219.07581498134334,335.53064802250054,144.0820718000137,126.35495290692184,162.13728496444952,340.32179488999515,2.6386623225798465
21.78,1.9904,0.0154,1.2341,180.17951170657665,219.34897077322375,335.73746175271856,144.32592689359228,126.8840474174277,162.33402034813568,340.9402303850664,2.6403959219646254
21.79,2.0026,0.0154,1.2443,180.36327752858315,219.5726856869708,336.5674839189611,144.4989602030097,126.88048413671663,162.49766296395444,340.99524697237996,2.635930254626941
21.8,2.0026,0.0152,1.2322,180.19752410612168,219.3708989118003,336.44452686287696,144.26131494363568,126.34569327309588,162.34215718761604,340.4557801507351,2.6343367020460944
21.81,1.9945,0.0152,1.2281,180.12191934876998,219.27885833763304,335.9494183388411,144.14852253913512,126.34234786955672,162.26812490769282,340.48507308592315,2.6374963828980778
21.82,1.9985,0.0153,1.2643,180.35343647650353,219.56070527574346,336.60761867519636,144.3873073732215,126.6055231156058,162.42401031691833,340.82002419777535,2.6353302371611633
21.83,2.0066,0.0156,1.273,180.73031662390068,220.01951588996604,337.1841575337763,144.81145274330243,127.39606787280938,162.80152156206884,341.7312996860183,2.6362204421350413
21.84,2.0188,0.0155,1.2725,180.80824699345462,220.11438764420564,337.8875908546593,144.8553142522239,127.12882953823328,162.8774722890337,341.5006093730307,2.6312136351250133
21.85,2.0391,0.015,1.2796,180.66147503787184,219.93570874175703,339.1325522179506,144.60308739134086,125.80040032624663,162.68969528986932,340.11256669654153,2.61790404837203
21.86,2.0554,0.0143,1.2888,180.2910796621351,219.48479263216447,340.169432330603,144.0832721477856,123.91920646265072,162.2521770162073,338.0651188998914,2.6029659498279307
21.87,2.0797,0.014,1.2927,180.3236243698027,219.52441227628157,341.58910669575727,144.05904521936074,123.10919434738955,162.26188290662827,337.2029359515337,2.591188344902606
21.88,2.1,0.0141,1.2911,180.64677304483808,219.91781066328113,342.7166834014555,144.4013188280987,123.38574004539524,162.6056913042363,337.5783873710628,2.586569430985252
21.89,2.1203,0.0139,1.3121,180.7525397859454,220.04657017419441,344.08803616596447,144.4713482943452,122.8490205297361,162.658808336883,337.01497375675694,2.576509642783874
21.9,2.1366,0.0137,1.3318,180.80913704064494,220.1154711799156,345.21725786924446,144.48770320516343,122.31016943811866,162.663172487795,336.43854185741156,2.5678096675380777
21.91,2.1569,0.014,1.3183,181.28067865886908,220.68952184557978,346.19660390205325,145.01487203719768,123.13141153458761,163.19864644640924,337.4498688179802,2.5668677314841832
21.92,2.2259,0.0147,1.3487,182.67599196788012,222.38816413481058,350.275746257323,146.61129499473728,125.02916217330622,164.6264632643112,339.71538048658573,2.5543598871402198
21.93,2.2827,0.0141,1.386,182.81034946525398,222.55172978378747,353.71002013721454,146.68568499392958,123.45816446340163,164.67526908131612,337.9819717679154,2.528268704334172
21.94,2.3477,0.0174,1.4134,186.25268253325098,226.74239612743597,357.41505561734965,150.77944366751248,131.92491584954257,168.27504922479346,347.4615707443233,2.550181091820093
21.95,2.4086,0.0199,1.4014,188.69416722006707,229.71463835486426,360.4471973349527,153.6854108556912,137.900613328004,170.81088403635783,353.6866346473533,2.5621720822779643
21.96,2.5588,0.0205,1.414,190.5768118649618,232.0065535747361,368.15101162718344,155.77329807052624,139.2237490410359,172.75252985838233,355.25500666989467,2.5288201617847554
21.97,2.6278,0.0216,1.4294,192.0168330590847,233.75962285453787,371.707492929704,157.42308029300236,141.67775160520205,174.19173006454133,357.78879092434505,2.5221095860369815
21.98,2.705,0.0214,1.4113,192.55472777213743,234.41445120086297,375.2825651431397,157.96499205460324,141.19477571747578,174.80665009208334,357.47410609068123,2.5025228934105606
21.99,2.7659,0.0215,1.4204,193.18951338146198,235.18723368177982,378.29020886629996,158.64261854086155,141.38971304609237,175.45804306918131,357.79093093142484,2.4889150656710655
22.0,2.7984,0.0247,1.3965,195.5658136809381,238.0801210028812,379.6169874517104,161.48964527963406,148.2982983000128,177.81163913417095,364.3765588229943,2.512482806458187
22.01,2.7984,0.0271,1.3862,197.0329072537435,239.86614796107904,379.53698011256967,163.27950477404116,153.26949905047957,179.20810852869707,368.8380917456687,2.53373521108455
22.02,2.7618,0.0277,1.3183,196.96316054841415,239.7812389285042,377.17646611643795,163.23882821239448,154.53189744622998,179.2167254011426,369.89607964598156,2.550703691281294
22.03,2.6969,0.0274,1.3156,196.22369628070294,238.88102155911662,374.0557560048405,162.38763525348205,153.9845008015565,178.4652593165894,369.3502490472755,2.564219564529405
22.04,2.6157,0.027,1.3261,195.2843952775276,237.7375246856858,370.221995713763,161.31298703570454,153.24273909679252,177.4869799848645,368.6037317970972,2.580704834837835
22.05,2.5588,0.0254,1.303,193.7850637604963,235.91225153451725,367.1982990164989,159.49777181394282,149.9645187024567,176.05316775865865,365.6705472642035,2.582864114292094
22.06,2.433,0.0248,1.2865,192.1897316118432,233.97010804920043,360.69836145451984,157.69592401766766,148.8061211319889,174.4552756919356,364.4417463738269,2.611888975033723
22.07,2.4086,0.0242,1.3028,191.639087674457,233.2997589080346,359.62914748737643,157.00356833154115,147.52767960272809,173.87040319063976,363.2978284276248,2.6124351743656637
22.08,2.3964,0.0234,1.2505,190.94114592208902,232.45009068776056,358.4758682474924,156.12781030608625,145.7970771138079,173.28103014578673,361.7414876252724,2.611469763032082
22.09,2.3315,0.0223,1.2579,189.62300409986025,230.84539629548206,355.1856321141244,154.54805680731891,143.39968579526328,171.9305435200282,359.4524150328338,2.6189180553760725
22.1,2.2909,0.0227,1.3374,189.64972316315797,230.87792385080104,353.9002235853615,154.5976312101711,144.31063504357945,171.77102384488805,360.27855106114316,2.6300837638087997
22.11,2.2909,0.0229,1.3695,189.86837952284242,231.1441142017212,354.2550718518126,154.82706315253603,144.7463143052572,171.9177511467452,360.73091664441984,2.630390096560762
22.12,2.3112,0.0241,1.4057,190.9234364427466,232.42853132160457,355.7192832646904,156.07795642455798,147.35787291590222,172.88929596693842,363.1993015525526,2.634045629877601
22.13,2.3396,0.0302,1.4156,194.68016332673432,237.00193796298092,357.3219939502246,160.83018048874663,159.99906294607666,176.48980553239343,374.08698921348275,2.6772200877431174
22.14,2.4533,0.032,1.4129,196.8004542868907,239.58316174056262,363.15080181296855,163.24481747778276,163.34615524420246,178.5783243251267,377.0885490094933,2.659929942640011
22.15,2.5345,0.0327,1.379,197.9298599992682,240.9580904338917,366.9094324610802,164.47582725359322,164.5676668629499,179.7627379396146,378.2851736522726,2.6455765709164596
22.16,2.6481,0.0315,1.3746,198.45200104189217,241.59374039882528,372.479607294951,164.8316352242387,162.0878736253905,180.36345338389629,376.61619394215614,2.6082610176047516
22.17,2.7578,0.0315,1.1894,199.16256203496542,242.4587711730014,376.0065465234315,165.54412085827494,161.98359096879372,181.44353568731177,376.7723398450041,2.590644604515623
22.18,2.9242,0.0342,1.0941,201.90390510790718,245.79605839223484,382.9835797397335,168.6988628529228,166.87710685681725,184.25713620834276,381.03061491027523,2.575490307952409
22.19,2.973,0.0394,0.9904,204.62699941199637,249.1111297189521,384.3032657717207,172.1030665607806,176.1956448530496,186.902799463169,388.1983669031483,2.6034010983448166
22.2,3.0542,0.0401,0.9159,205.56399754020515,250.25182309242368,387.37026642719474,173.11834881076342,177.2956848050664,187.9274275380396,389.21006953196155,2.5929722979742045
22.21,3.1963,0.0384,0.905,206.0378355899276,250.82866941382494,393.6998615712703,173.38741311839868,174.09509229358912,188.50681640849695,387.19879016338103,2.552165339059731
22.22,3.245,0.0395,0.7765,206.7653054747925,251.7142849258344,394.7395099774707,174.2316159286906,175.97473937245843,189.38481153169957,388.7108046016133,2.5543709532994066
22.23,3.1678,0.0403,0.7412,206.4300617019161,251.3061620718979,390.99131234587463,173.93928156850993,177.48673199569538,189.0673029890051,389.7002665579177,2.5775347132506297
22.24,3.0582,0.0399,0.7767,205.3716823469956,250.0177002485164,386.3469366504261,172.76924092521782,176.95578534516255,187.97891142245808,389.1381227398557,2.5979820385291723
22.25,3.0136,0.0435,0.7965,206.56441447370355,251.46972196798694,384.4902778419291,174.39097528538193,183.18326026930322,188.95504986844932,393.53474874749895,2.6288219804692288
22.26,3.0095,0.0487,0.6742,208.36368632925146,253.66013987908877,383.18156984851527,176.8236419473558,191.79863568793508,190.72073306102618,399.39557050437634,2.664191239555217
22.27,3.0704,0.0539,0.6994,210.9025936224472,256.75098354037056,386.2487141271238,179.97486994499278,199.83987381516548,192.91321761351176,404.8039601247713,2.675484633060744
22.28,3.0379,0.0561,0.8199,211.60132507303322,257.6016131323883,385.87948070926404,180.90880950289315,203.2203661594192,193.2825926812434,406.92888015276384,2.6880902408781995
22.29,3.1557,0.0557,0.8845,212.73922556015654,258.98688329062537,391.8405953731147,181.95117875420038,202.2833511535467,194.2532016313305,406.7111571119284,2.6573243600978045
22.3,3.2328,0.0558,0.8814,213.50573203374958,259.92002160630386,395.269169654012,182.69190550422616,202.24598625902385,194.98291824237597,406.9248527672115,2.6415744647030897
22.31,3.3302,0.0584,0.8487,215.23761689407087,262.0284031753906,399.278530670283,184.6859014954018,205.92476047811476,196.58423890368465,409.47755096223585,2.6347288995470164
22.32,3.4764,0.06,0.9054,217.17695750653053,264.3893395731676,406.06876613521314,186.7667115042506,207.9140057208782,198.2732130339452,411.096148711969,2.6103527639610777
22.33,3.6632,0.0723,0.9024,222.6193859362707,271.0149046180687,413.8631657265073,193.46204400606382,224.75536895894246,202.9146005689655,421.3947782041984,2.6249375565918083
22.34,3.9474,0.0743,0.8176,225.41175564448915,274.4143112193781,424.646250448021,196.39810433071244,226.78911679768063,205.60033557592513,423.1740669526525,2.584550986730408
22.35,4.0245,0.071,0.6567,224.8063670109266,273.6773163611281,426.4317143428775,195.43794099699855,222.24142435400668,205.42341122362788,420.79001274127165,2.5646837357826824
22.36,4.0083,0.0651,0.6556,222.8490962017994,271.2945518978428,425.8061669274434,192.8670544751664,214.137638515789,203.85645924371482,416.1055943685001,2.5444146625524993
22.37,3.9393,0.0652,0.6301,222.34584586072776,270.6818993087121,422.8968732209215,192.3309970950643,214.41766201801696,203.39855399634453,416.18223471919765,2.557894121334878
22.38,3.9108,0.0763,0.4563,225.23350791108834,274.19731397871624,420.3894745444334,196.28154652642763,229.63706681054384,205.8802608585909,424.8007859863649,2.6118659886758757
22.39,3.8865,0.092,0.3874,229.0348031962112,278.8249778040832,418.8754652637356,201.55672983653963,249.68259622814574,208.941014694278,435.2899024474176,2.6711156173049915
22.4,3.9068,0.0944,0.4467,229.9160433368168,279.89779188829874,420.18897347409427,202.61300713248446,252.49989378694926,209.57124693107906,436.8158012561404,2.6728534171943
22.41,3.9839,0.0973,0.4804,231.3450743397968,281.63748180497004,423.5536856083443,204.2417410315848,255.7377752195144,210.7164488342731,438.650366665803,2.6668211260185872
22.42,4.2072,0.099,0.5033,233.6576558018276,284.4527983674423,432.4582647876086,206.60299874047786,257.115946887795,212.70968183142918,439.8662988174708,2.633183305165275
22.43,4.2722,0.0937,0.5481,233.00221268139686,283.6548676121353,435.29881220719847,205.43072810081426,250.56073955318166,212.23478906515479,436.83007394022354,2.605644024479206
22.44,4.4305,0.0969,0.4963,234.9489735629146,286.0248373809395,440.8748635058391,207.59834835458648,254.0103446709398,213.97165421031247,438.90889095194177,2.591821881102489
22.45,4.5929,0.1084,0.401,238.7346148696383,290.6334441891249,446.17261313448375,212.2860010484449,267.0016286524093,217.12204657477844,445.5236277290166,2.602139228476459
22.46,4.731,0.1194,0.4082,242.17847599290715,294.82597077397395,451.23561220682916,216.54411358453098,278.8740517852902,219.8337243741782,451.3065502934534,2.609697142366789
22.47,5.0233,0.1361,0.3618,247.6037220320816,301.4306181260124,461.21415280510394,223.1331878672842,295.8533163652182,224.1899469454875,459.30821009509816,2.60834620694068
22.48,5.1329,0.1429,0.2531,249.5386870646145,303.78622773083504,464.25634941728237,225.50058671566458,302.5598484485051,225.8276498890436,462.3545070889117,2.611140880798593
22.49,5.206,0.1518,0.2202,251.64316473127832,306.3482005424258,466.54380421584403,228.17819024279487,311.2725565816848,227.45372217023115,466.10155170332183,2.6206239745873767
22.5,5.2182,0.1586,0.1896,252.88624825687998,307.86151961707134,466.7706662786299,229.85129712413672,317.90170827044653,228.38770002458375,468.8252561848099,2.633342356592763
22.51,5.344,0.1645,0.1961,254.82048510058087,310.21624273114196,471.07127163202813,232.1075284797069,323.21694876463073,229.89670629949524,471.1926795887192,2.62793821541703
22.52,5.547,0.1746,0.1743,257.8918868087958,313.95534046288185,477.6581337507194,235.74918219268193,332.20163548259006,232.30891803777905,475.0412670895363,2.621069330052502
22.53,5.88,0.1829,0.0998,261.39958117235483,318.2255770793885,487.90026498337494,239.66560860221577,339.0013063983024,235.20118571967078,478.17791148606324,2.596931687605518
22.54,6.1804,0.1892,0.1614,264.43851027692295,321.92514294581923,497.6435296288081,242.99347115524415,343.89443374098107,237.59092726790317,480.51877911243537,2.5717206551346514
22.55,6.8097,0.1957,0.1941,269.29228865898716,327.83409054137564,516.53863510088,248.14599868134218,348.15789446826693,241.63788758706372,483.03409437912416,2.5149572846227404
22.56,7.163,0.1968,0.1396,271.3892627616665,330.3869285794201,526.2784481315741,250.28161831496823,348.3377471959847,243.54759609573856,483.62140163802337,2.483256201370822
22.57,7.3213,0.2012,0.0892,272.905578781434,332.23287851652833,530.4194397395567,252.0125766186921,351.85305673540455,244.79436684998475,485.1464183378859,2.476343562658767
22.58,7.5,0.2116,0.0976,275.4875267467966,335.37611951783936,535.3855525353367,255.13103589504775,360.4430993368809,246.70599306570185,488.4773165961147,2.475721033410681
22.59,7.7354,0.2207,0.0627,278.0584450980657,338.5059331628626,541.564522438704,258.1636731074222,367.6646044710299,248.70450301074243,491.3258766166595,2.4687105030982255
22.6,8.2226,0.233,0.0249,282.2587890681409,343.619395387302,554.1585461606472,263.02084682641555,376.90592335645533,252.06458408538631,495.0813061611761,2.4450376587688587
22.61,8.3404,0.2427,0.0033,284.2200405577366,346.00700589637495,557.0903346639326,265.43325204551076,384.57314608906665,253.46913424110113,497.8215028117621,2.44895143055053
22.62,8.4622,0.2535,0.0043,286.3296118806737,348.57517968082016,560.2135308742793,268.0386619650461,392.97819201682734,254.94971455595936,500.75684550286,2.453263652201262
22.63,8.5718,0.2532,0.012,286.85177901620324,349.21086141103007,563.0371899665406,268.5223678935962,392.4777738409908,255.42887373993037,500.7834430477159,2.4441713781260623
22.64,9.0509,0.2445,-0.0085,287.8044191390081,350.3705972127055,574.7794196001437,269.1499610250307,384.5691770765759,256.72267449575713,498.768780296323,2.396306509957485
22.65,9.2458,0.2417,-0.0193,288.25189090142874,350.9153454452176,579.4508790018147,269.4920664506332,381.9251358440523,257.2970184259471,498.15668813580965,2.3784379582615576
22.66,9.4082,0.2334,-0.0264,287.704066346613,350.2484285958767,583.3113810428472,268.59090483929765,374.8527161377825,257.227495570334,496.0181527508566,2.3556550778552166
22.67,9.7533,0.227,-0.0242,288.0908711684264,350.71932142243213,591.4344395847808,268.81206095879895,368.98149303928767,258.00095865518466,494.41549505674203,2.3224005825322163
22.68,9.9157,0.2273,-0.0091,288.79490200196136,351.5764024371704,595.2742431970055,269.57167123330424,368.93182799722746,258.6752697622519,494.6160066162313,2.311576954803489
22.69,10.1189,0.2272,-0.0074,289.5580640614466,352.50546929219587,599.9397295612999,270.3987135180893,368.49864530047876,259.45431614702517,494.7171338659337,2.2978217911761276
22.7,10.3058,0.2218,-0.0119,289.36558919598264,352.27115206467454,604.1556040280751,270.04724048686023,363.71274084065055,259.6519482117039,493.2943058348638,2.2779649895451897
22.71,10.5863,0.2198,-0.0395,289.9990053558625,353.0422673897457,610.2914460276446,270.73019876661925,361.6134133650644,260.4939545574332,492.8666096223361,2.2573977208588043
22.72,10.6351,0.2133,-0.0519,289.06956384390986,351.9107733751946,611.3375318489286,269.5300358260622,356.0730092543331,260.04970541404975,491.01839347625446,2.2450787823950025
22.73,10.6554,0.2042,-0.0644,287.54374198559003,350.05325111289227,611.7552229513285,267.61441597869305,348.29800376770623,259.21321431724976,488.3044417486792,2.230337100058079
22.74,10.5619,0.1969,-0.0703,285.93619925399094,348.0962425700759,609.6970274265315,265.6086131097073,342.117845653389,258.134956710235,486.02138216072035,2.2251316507609706
22.75,10.4806,0.1743,-0.0725,281.2792026388976,342.426855386484,607.9142660033854,259.9579621459145,322.186926270201,255.2830268978677,478.4048432231853,2.192670862613195
22.76,10.3221,0.1501,-0.077,275.5262627244556,335.42327636020684,604.3869889701335,253.09455667665918,299.85775581134584,251.61348270835092,469.1975225184598,2.157713176792634
22.77,10.1758,0.1425,-0.0766,273.3303642122329,332.75000860619656,601.123250898071,250.43654179497332,292.68172380116624,250.0467719488249,466.04144685442856,2.152013469694873
22.78,10.0945,0.134,-0.0778,271.0186033045805,329.9356909794893,599.3018895928548,247.6901969716045,284.3849139423173,248.5167516540607,462.3540837588745,2.139390045302673
22.79,10.0579,0.1375,-0.0744,271.8331355526877,330.9272954554459,598.511106030862,248.56579814911288,287.88590255264705,248.94930746645713,463.9455084217653,2.1496346823317327
22.8,10.0091,0.1513,-0.0748,275.02037007535216,334.8074070482548,597.4226115520821,252.20654847572487,301.3258179638902,250.78827345719242,469.7851186593677,2.1817622951247473
22.81,10.005,0.1609,-0.0748,277.18661906532503,337.44457973170006,597.3549080183527,254.71519160836144,310.3712744102871,252.0879376978341,473.6083436202712,2.200872602104029
22.82,9.9847,0.1778,-0.0746,280.67514604963407,341.6914821473806,596.9177458943644,258.8373642394656,325.8602656210304,254.14299855314925,479.84372503603083,2.2330923586990927
22.83,9.9604,0.2012,-0.0723,285.04623989245107,347.0128137821144,596.3979562102201,264.1229864527494,346.44674379254485,256.7056602052198,487.66393210145367,2.273474501741134
22.84,9.9441,0.1887,-0.0683,282.73196116592067,344.19543098459906,596.0685801759482,261.237698646585,335.5666271427505,255.3135333437634,483.66225926035503,2.254631478792621
22.85,9.9319,0.2025,-0.0652,285.25642028638686,347.2686855660362,595.8287829527955,264.2892924117058,347.5463884257148,256.79946925945154,488.17019248358537,2.2777298842380866
22.86,9.9198,0.2144,-0.0621,287.31271411294875,349.7719997896767,595.5910572396039,266.79541647191314,357.63283157572033,258.00557516357475,491.8575970340643,2.2967547700165927
22.87,9.8751,0.2201,-0.0609,288.1379441678164,350.77662768255914,594.5943904012457,267.7924749319343,362.43196577779196,258.43138591298407,493.57631096542184,2.3083444094206214
22.88,9.8101,0.2305,-0.0609,289.6076383071998,352.56582054789544,593.1201027799859,269.62269455271166,371.07451775673695,259.2085116094516,496.578294742533,2.327776581188341
22.89,9.8629,0.2351,-0.0464,290.57556076583575,353.7441609323218,594.4315954753293,270.7699346913062,374.7001146682888,259.8663151634638,497.93037140927106,2.330440907503305
22.9,9.936,0.2413,-0.0352,291.8516640133854,355.29767792933876,596.1894708434828,272.29995981003407,379.5531878023538,260.7370891267163,499.7006910055572,2.3338143426335884
22.91,10.1107,0.2449,-0.0219,293.1020826565333,356.8199267123014,600.2613483730547,273.74604066177886,382.1271729154229,261.7455840010578,500.7835172480269,2.326730465777031
22.92,9.7777,0.2485,-0.034,292.39483148203857,355.95892528248174,592.5972123885513,272.98092960103844,385.47896181082547,260.8336760279718,501.6655001038483,2.354608173363629
22.93,10.3587,0.1343,-0.0166,272.4020068118304,331.61983437961965,605.9220835155594,248.83100886645198,284.1433355298256,249.94497853578565,463.3456837975638,2.124405344128586
22.94,10.4034,0.1344,-0.0213,272.58121024002526,331.83799507481336,606.9251252271946,249.02472059546278,284.1797562689991,250.14577619117,463.4564078341764,2.1219327340849854
22.95,10.4563,0.1392,-0.0246,273.9782302814976,333.5387151253014,608.1142333406742,250.6059955941573,288.8335774387263,251.0891256417579,465.64428167868186,2.129108009539732
22.96,10.4766,0.1425,-0.0223,274.89017688867443,334.648910994908,608.6016237404936,251.61817763659195,292.00954429197833,251.6786482155409,467.1229501172712,2.1349176576719486
22.97,10.627,0.151,-0.0129,277.39164669842853,337.6941785893913,611.9936119506141,254.5322126475401,299.97350944106495,253.44212675703594,470.7560708610723,2.1426619229202433
22.98,10.6839,0.1513,-0.0158,277.6527859990533,338.01208730319536,613.2572876124718,254.82345766154845,300.1764529510284,253.70957282490986,470.94801728996083,2.139841276895775
22.99,10.8872,0.1565,-0.008,279.45887289996995,340.2108017912678,617.7507999820923,256.9745166044283,304.8217308456333,255.14454078027072,473.1394486686688,2.1373212728105453
23.0,10.9359,0.1592,-0.0107,280.2446906006523,341.16744942688103,618.820042232324,257.8631993022547,307.2668245412201,255.70221380169676,474.26057082645514,2.1396904023474317
23.01,10.9359,0.1614,-0.0274,280.77063870692587,341.8077340779967,618.774452041433,258.4242850055843,309.29232466468744,256.02459533874367,475.15974698692787,2.144250936158581
23.02,10.5538,0.1681,-0.0183,281.203836137065,342.33510486251396,610.4869995769081,258.70266910843,315.878984954016,255.60897441249796,477.60562109136606,2.1809454736298877
23.03,10.6961,0.1718,-0.0276,282.4396720765545,343.83960078884894,613.6050658798342,260.16077374726245,319.04910722920323,256.59661651202566,479.0594381602957,2.1788131610845616
23.04,10.7652,0.1807,-0.0291,284.52408028186557,346.37714121270596,615.1369930338317,262.58966955454423,326.91929078223654,257.94473065325764,482.29120795198685,2.190227195004976
23.05,10.7286,0.1915,-0.037,286.5847466866724,348.8857785750795,614.3286253846361,264.97540506320115,336.4310967082047,259.09471227067627,485.985666379104,2.2108977484458956
23.06,10.5985,0.2099,-0.0421,289.6096185978911,352.56823133656303,611.4739124850553,268.55109113107414,352.3038172031007,260.6483234751924,491.8261143951145,2.2483171641051234
23.07,10.5823,0.2172,-0.0462,290.86456945693635,354.0959975997486,611.1245497774431,270.03190432334424,358.39708386019595,261.3629054830673,494.06542874853636,2.2604430002989373
23.08,10.4928,0.225,-0.0485,291.9165502943494,355.3766699235558,609.1591517958135,271.2819714650991,364.9237650424049,261.84053914443814,496.3599562615754,2.2776890107207812
23.09,10.4359,0.2384,-0.0529,293.9183201082983,357.8136070883632,607.9004575825769,273.72535129115124,375.8379290377334,262.92652532198076,500.1415600171127,2.3001850938495245
23.1,10.3506,0.2511,-0.0534,295.59786460301655,359.8582699514984,606.0193629567013,275.8088877384655,386.01745841640644,263.78145912354466,503.55209117216845,2.322725083270216
23.11,10.0376,0.2805,-0.0562,298.5958662619742,363.50801110153384,598.9578831612743,279.77390633844766,409.1225410017046,265.0741266133297,510.7924569856897,2.37996210312388
23.12,9.8183,0.2956,-0.0578,299.6974349198533,364.849051206778,593.937255815865,281.3499967626014,420.7301042900183,265.4166322120382,514.2583129978486,2.412481589696208
23.13,9.5584,0.311,-0.0589,300.50319137740723,365.8299721116262,587.8943696249984,282.6505846917111,432.42295125503415,265.54200501748653,517.6186211807271,2.4477872486916437
23.14,9.327,0.3323,-0.0589,301.9370831263399,367.57557945815296,582.434503594538,284.8478787269699,448.08133924607984,266.09744131543323,522.0579565533664,2.4867405836352843
23.15,8.9738,0.348,-0.0578,301.958277316175,367.6013810805609,573.9274944655383,285.4130964239698,459.71453091562546,265.6700983732445,525.1078179174209,2.528742178767478
23.16,8.9088,0.3539,-0.0566,302.2823457146934,367.99589913093115,572.3642121343471,285.9230254472876,463.8799650914615,265.7946249508833,526.2859125622209,2.539533578374162
23.17,8.8844,0.3604,-0.0542,302.8609852659708,368.70032988900795,571.8003590245564,286.71402070014074,468.3559770610883,266.12326571874127,527.5794996028054,2.547683787711272
23.18,8.856,0.3661,-0.0519,303.32663062958676,369.2672025055839,571.1363272468977,287.3584920502205,472.25924309060235,266.3792243728658,528.7020284684999,2.555317280857882
23.19,9.1362,0.3693,-0.048,305.11408396251676,371.44323265002043,578.0243989833994,289.235243207685,473.8628417771396,267.8022119426647,529.4803170436305,2.5370865744989453
23.2,9.3148,0.3762,-0.035,306.7383867102896,373.4206446907874,582.4065266530043,291.0940928693765,478.1623103414437,268.99501480919594,530.8899971640642,2.5301149997651096
23.21,9.4041,0.3486,-0.026,304.37648395964845,370.54528482044157,584.602430025853,287.6059105693383,458.98828066001414,267.69876473347216,525.751685029964,2.4980538206504685
23.22,9.5706,0.2795,-0.0074,297.0025923368794,361.5683732796793,588.6495494444606,277.4530837969514,408.58426949775713,263.531448496804,510.98891774405564,2.412801941083738
23.23,10.005,0.2573,0.0082,295.7534194963196,360.0476411259543,598.8145515967686,275.4561948047985,390.8475774860857,263.4373002342859,505.7419563371897,2.3554815045166904
23.24,10.1839,0.2232,-0.0011,291.18242989407634,354.482958131919,602.8653743205706,269.60459218002393,363.3349865424352,261.0434000049555,496.5995297615004,2.297937176235861
23.25,10.253,0.2069,-0.004,288.66941740005853,351.42363857398436,604.4374236029067,266.46836302324624,349.6675141048342,259.6893047713742,491.80611512248913,2.2694664064475014
23.26,10.3302,0.1942,-0.0064,286.6451555051507,348.9593197454009,606.1871008042822,263.9800408257368,338.71800135596254,258.6376021955186,487.85281586712625,2.244630956133597
23.27,10.6595,0.1753,0.0,283.9743493509528,345.7079035576817,613.5524078531339,260.86094316245624,321.70356310937535,257.64114507100743,481.56636059851536,2.1914721600398894
23.28,10.8058,0.1435,-0.0011,277.19870864838543,337.459297484991,616.7770914758283,253.14204935902865,292.0946927844931,253.92437685115001,469.29535613510035,2.12153617316008
23.29,10.6107,0.1322,-0.0293,273.819179241693,333.34508777249584,612.4007384413101,249.16368474036216,281.27539858944704,251.57083586538528,464.30593068385326,2.1101385252398623
23.3,10.3424,0.124,-0.0458,270.935280129222,329.83425407035725,606.387077696135,245.69172295709004,273.32398017022336,249.3459051698389,460.4196181673241,2.1092292060617104
23.31,10.9522,0.1112,-0.0507,268.7157098578702,327.13216852262457,619.8204349824563,243.84669397450563,259.5487323933115,249.17786998316703,454.186146230406,2.038979642060221
23.32,10.5457,0.1122,-0.0501,268.1132425503614,326.39873006130955,610.9498754707738,242.7165296551664,260.9464185660327,248.0382310213916,454.63713581901965,2.067462303672288
23.33,10.5863,0.1143,-0.056,268.8712587565246,327.3215323992473,611.8480551268497,243.54474599043573,263.0954107809254,248.5874056423992,455.79683097956064,2.070399891271847
23.34,10.5335,0.1156,-0.0558,269.16173769424285,327.67515893212175,610.7060845492048,243.77099504803397,264.4846653851515,248.67139390155705,456.5000477521419,2.0772267794439965
23.35,10.4075,0.114,-0.0607,268.4105616327815,326.76068372686444,607.9060363882024,242.7883662710996,262.92673888487576,247.98337370402766,455.6824802544409,2.081668185907746
23.36,9.8832,0.1169,-0.0642,267.9105390605107,326.1519605954044,596.0152425958079,241.71775288598124,266.4340924313627,246.6874914103494,457.04768350103296,2.1244483609839757
23.37,10.0254,0.122,-0.0646,269.7632679780759,328.40745666896197,599.3044183931949,243.85687013620804,271.52481919744065,248.10268092394062,459.6903005858287,2.1272261393297285
23.38,9.4285,0.1308,-0.0658,270.368800800814,329.14462706186055,585.4156298663825,244.09670805102803,281.02416849830615,247.37441138657755,463.710892613301,2.1898920804630135
23.39,9.2783,0.1352,-0.0662,271.0186563605009,329.93575556930546,581.8531240747973,244.73101731252805,285.5457109648265,247.51113472525657,465.7047179282176,2.2108902285890504
23.4,9.5665,0.15,-0.0644,275.4906569469855,335.3799301963302,588.7350391667793,249.99158428471796,299.4946891435885,250.78632350505757,472.1943690392694,2.221091734484098
23.41,9.6315,0.1608,-0.0629,278.1281019251807,338.59073277848086,590.2939658067555,253.05858034655466,309.5002853653367,252.51378021432018,476.5569789030499,2.2376761950015274
23.42,9.5138,0.1708,-0.0625,279.8489778038264,340.6857121090061,587.5510034699508,255.03368941156126,318.7609299178642,253.36256671328135,480.3175785310139,2.2647674389001184
23.43,9.3595,0.1937,-0.0629,283.7042287214799,345.3790610522364,583.9103665703025,259.6567358675542,339.15205742085277,255.4504424075057,488.23202687872356,2.315235858765388
23.44,9.2417,0.2018,-0.0632,284.71951322762743,346.6150595814595,581.1112841615728,260.8897612595509,346.22348219887226,255.88378320264565,490.84610028717225,2.3369966037373557
23.45,9.0915,0.2087,-0.0636,285.33016595504995,347.35846290179995,577.5026696556921,261.6600259879107,352.2372345004627,256.0244347411933,492.9895540459209,2.3590721615979917
23.46,8.7017,0.2162,-0.0638,284.9452621910416,346.88988440648546,567.9252031110855,261.35942431961337,359.05027530123687,255.19080549945429,495.1503055872919,2.4006491193945627
23.47,8.446,0.2183,-0.0648,284.16813779975917,345.9438199301416,561.5004354670076,260.5243026496465,361.1592819653768,254.33122149207054,495.71695199015903,2.4245211817422794
23.48,8.182,0.2212,-0.0654,283.41513301499725,345.02711845304015,554.7398401974829,259.76253628420994,363.94914263851706,253.4783213397689,496.504968583819,2.4508837872582157
23.49,7.707,0.2264,-0.0664,281.8497300103006,343.1214104473225,542.2066839011316,258.2641185344328,369.000364464279,251.81960387969906,497.84029490341186,2.4999612049603273
23.5,7.5081,0.2305,-0.0668,281.41455636179705,342.5916338317529,536.8291386126588,257.94153282678474,372.66410643509937,251.27697944601886,498.96038688334124,2.5240681285703195
23.51,7.3822,0.2403,-0.0668,282.1068958512724,343.43448190589686,533.3887223810209,259.0375653247363,380.7553717805227,251.56335209519358,501.6597250106561,2.549368868590256
23.52,7.236,0.2429,-0.0664,281.6589711807148,342.88918230695714,529.3456448909095,258.6582458360467,383.06979581316875,251.09361735533562,502.3417370077656,2.5669549090574972
23.53,7.2482,0.2454,-0.0662,282.0947726751642,343.4197232567217,529.7104326203472,259.1674765843774,384.9874407549101,251.39778757069317,503.0712503075179,2.569276743787572
23.54,7.3213,0.2505,-0.066,283.2163310333476,344.7850986492928,531.7720457800361,260.48632705005934,388.82564631760016,252.22130087883954,504.50996298754234,2.5691137664902803
23.55,7.3578,0.2491,-0.0658,283.27951116107823,344.86201358739964,532.8085541245882,260.43926591871536,387.60684679419336,252.314392783318,504.2152486619293,2.564049100378926
23.56,7.366,0.2501,-0.0658,283.49224586103384,345.1209949612586,533.0581157584921,260.65301252067275,388.3323634400966,252.46859074018684,504.53627608847256,2.564772563810105
23.57,7.37,0.2368,-0.066,281.7795050486498,343.03591918966066,533.1901646515971,258.2703197575217,377.7146693782957,251.3754066370734,501.0206314094087,2.547046057177473
23.58,7.3538,0.2251,-0.066,280.0923916925997,340.9820420605561,532.763721917421,255.98144599951902,368.22163649316445,250.27061853529742,497.77644158864456,2.5326003489345332
23.59,7.37,0.2111,-0.066,278.1594332422415,338.62887525142446,533.2349382272766,253.33718624581724,356.5586253249226,249.04855839956693,493.69946227071136,2.5108990259112374
23.6,7.4878,0.1796,-0.0656,273.67468430675206,333.16918089517645,536.5052987627839,247.32386461939373,329.1126778896986,246.32120211596134,483.54459894658436,2.4494796604447124
23.61,7.5852,0.1751,-0.0646,273.38766713544857,332.8197686866331,539.1932426785047,246.81818583496093,324.89669439639,246.28984804072996,482.04989788694775,2.4328142639114843
23.62,7.6908,0.1782,-0.0642,274.4895712909787,334.1612172238001,542.0782404445057,248.07168568782825,327.47584887281994,247.16949539706727,483.25210961785314,2.428803892461629
23.63,7.8491,0.183,-0.064,276.1300185615826,336.1582834662745,546.3446357460658,249.96471454708995,331.45625942898397,248.47244769062277,485.04986229638087,2.4230662043044586
23.64,7.9222,0.1871,-0.064,277.22631202032807,337.4929015899646,548.3088859561178,251.24101407967157,334.9142566278052,249.29165463049782,486.53447290636774,2.4237099209446162
23.65,7.9953,0.1973,-0.0638,279.3393886341945,340.0653426851064,550.2632858417004,253.80885399084613,343.5982983558984,250.75328743462828,489.9892290310146,2.434109993129776
23.66,8.113,0.2035,-0.0638,280.95003894251573,342.0261343648018,553.3717754317724,255.7044579980233,348.65908382203713,251.95727326541927,492.0699015969926,2.433883989408981
23.67,8.1252,0.2102,-0.064,282.1188866214388,343.4490793652298,553.7121254189407,257.13444475267113,354.24070797772254,252.7199682887791,494.2047772693445,2.4432606793643106
23.68,8.0481,0.2179,-0.0642,282.9813634700459,344.4990511809255,551.7179517037569,258.26937447934506,360.7211530492454,253.15769314679793,496.5396066293735,2.4614761199153485
23.69,7.8857,0.2237,-0.0656,283.08271872730086,344.6224401897576,547.446922696426,258.53710649367014,365.71194478999854,252.99630752647198,498.21627641449857,2.484211187542175
23.7,7.7151,0.2363,-0.0662,284.04690323569133,345.79623002605905,542.9039049271736,259.98551344743555,376.1475663728513,253.38011952566163,501.750366402883,2.517135887635319
23.71,7.2563,0.2588,-0.067,284.4971922457026,346.3444079512901,530.3323833629383,261.369289222285,394.6423787052144,253.08582562564078,507.5421167655042,2.5893627426363497
23.72,6.9478,0.2674,-0.0683,283.71218479682176,345.3887467091743,521.6015598761153,260.94718114651175,401.8189913749628,252.22034429699326,509.5941374717366,2.6305507016249314
23.73,6.6514,0.2864,-0.0689,284.00224512414445,345.74186362939327,512.987236543089,262.1212507797824,416.7274758196147,252.1034772297181,514.0509092220842,2.683669276321692
23.74,6.217,0.2941,-0.0691,281.8171522689507,343.0817505882878,499.9132382815206,260.37927223806196,423.3693959259458,250.24314735001093,515.6241236979902,2.7400518848486866
23.75,6.0302,0.302,-0.0689,281.2673481928338,342.41242388692814,494.13000006871215,260.23123303886166,429.5625687324555,249.72421183730816,517.3423208364691,2.7704741692714125
23.76,5.8475,0.3143,-0.0685,280.99245182551994,342.0777674397634,488.3662423592447,260.93374882800936,439.53239820823376,249.47465408511812,519.9711560568315,2.804539333709162
23.77,5.8353,0.322,-0.0681,281.59903832896487,342.81622057439205,487.998742987154,262.09081437587474,445.4544304419525,249.9303929677651,521.6572760787762,2.8135507846161394
23.78,5.8922,0.3317,-0.0678,282.968109288211,344.48291565521345,489.83756559284325,263.9091098528737,452.2797185665151,250.92651134409886,523.7672243206227,2.8164889492880314
23.79,6.0546,0.3513,-0.0672,286.0514848179035,348.23659021309993,494.9876589768182,267.75315793411136,465.4920448481689,253.14366882974576,527.8531785811447,2.816530906580376
23.8,6.1236,0.3596,-0.0654,287.35606798779804,349.82477841992807,497.1716223712047,269.3416736306294,470.9529729757968,254.07868441569087,529.5587334238086,2.8164967066396636
23.81,6.2819,0.3653,-0.0642,289.19338432615746,352.061511353583,502.08108375134685,270.99078168632116,473.77746191776293,255.37710793872733,530.7991434501068,2.804797025075065
23.82,6.4403,0.3603,-0.0634,290.0981678398149,353.16298693542683,506.91572091203506,271.1475519285438,469.15251484810057,256.03140730223055,530.0029405724994,2.7839783817806367
23.83,6.5377,0.3519,-0.0629,290.1041038930026,353.17021343495975,509.86058581491113,270.6932683143342,463.1143846372377,256.113401528254,528.4948842046905,2.765788614826471
23.84,6.558,0.328,-0.063,288.0505480345449,350.6702323898807,510.4865412094486,267.530994559006,446.3832090374651,254.76606147608925,523.7523023260753,2.7404863880555634
23.85,6.6352,0.319,-0.0627,287.7471354629504,350.3008605635918,512.8012814275837,266.7507905475834,439.77086752907667,254.63681816017228,521.9619259530652,2.7232891772635632
23.86,6.6717,0.3149,-0.0623,287.6251621446911,350.1523713065805,513.9027582653521,266.3844875599155,436.7016034767468,254.59425143483523,521.1613166637283,2.715382461341541
23.87,6.7529,0.3104,-0.0617,287.75796256004446,350.31404137744545,516.3124598204133,266.24454662130455,433.2371869826758,254.7633221471691,520.2887895263326,2.702358755647028
23.88,6.9356,0.3085,-0.0595,288.8179058589652,351.6044071326533,521.6484948601251,267.12945232702657,431.4250320508705,255.64402405090766,520.0314780850844,2.6818018287222363
23.89,7.0533,0.3093,-0.0583,289.7049755632232,352.6843180769674,525.0469617181723,267.98040517355133,431.70020315184524,256.34918750825716,520.3264873551275,2.6710693848144818
23.9,7.3457,0.3125,-0.0572,291.9240431218794,355.3857916266358,533.2991011940715,270.24920103384505,433.3582313418301,258.1034265954565,521.2350031653184,2.646278818797308
23.91,7.4756,0.316,-0.055,293.128905209802,356.85258025541117,536.9220365491442,271.5414115691316,435.54832358054915,259.0251924213019,522.1132199431707,2.6379032059834087
23.92,7.6339,0.3197,-0.0542,294.5082489952075,358.53178138547,541.2701980417985,273.0161591163277,437.82061795415694,260.0893442812969,523.0403566019671,2.627353434869214
23.93,7.7557,0.2094,-0.054,281.13213204565307,342.2478129251429,544.581295410586,254.83874773965144,353.21721814335444,251.71574491763002,495.1564283395613,2.4795698355876308
23.94,7.7192,0.1902,-0.0546,277.8638825829911,338.26907444885876,543.6187164807548,250.65377860000396,336.9569665063789,249.573930331197,489.0390802298144,2.452871293685844
23.95,7.5649,0.1954,-0.0552,277.99542406421665,338.42921190426375,539.4548852908134,250.91918795155394,341.63603888639636,249.4360123308031,490.73540009464284,2.475608276381687
23.96,7.5203,0.1937,-0.0564,277.52210292363213,337.85299486355217,538.2516286452748,250.30988801845734,340.21743654897983,249.07192633314156,490.2085821089124,2.4772263244906827
23.97,7.4553,0.1959,-0.0566,277.5828293450624,337.92692268094555,536.4880752616139,250.40672085010252,342.17234665849986,249.02294938501737,490.9491207940556,2.4870331162065606
23.98,7.4228,0.2065,-0.057,279.1303790356212,339.810896217278,535.6120236930366,252.38786748349352,351.15771778225724,249.9861894690542,494.36009421430185,2.5068565498528597
23.99,7.3578,0.2101,-0.0566,279.37059076392984,340.1033278865233,533.8369612092196,252.73252118149,354.2337110000619,250.05716507081883,495.49209475646074,2.5186591604773354
24.0,7.2969,0.2232,-0.0564,281.0078935728114,342.09656608864,532.1652037162196,254.9127858317947,365.06896051952,251.04414375919112,499.4254486397616,2.5438544048630027
