Depth,Qc,Fs,u,andrus_2007_holocene Vs,andrus_2007_pleistocene Vs,andrus_2007_tertiary_age_cooper_marl Vs,robertson_2009 Vs,hegazy_2006 Vs,mcgann_2015 Vs,mcgann_2018 Vs,Ic
0.03,0.2482,0.0006,0.0004,36.48804610896942,44.420230045701906,75.51677366334232,22.80555933196315,16.077842652566535,14.719584177143446,41.58652467758872,2.908742642473883
0.04,0.3879,0.0013,0.0011,42.91798619154265,52.2479831897041,92.15684753219992,27.784700443235014,20.493804339006335,18.131070521186047,49.61923855229515,2.7540761495206403
0.05,0.384,0.0025,0.0077,45.37235526584374,55.23591075841846,93.96946905970194,31.070455159728837,25.451621150950082,20.337810725612652,57.15515655754837,2.848189067537396
0.06,0.5973,0.0051,0.0,52.905282547508094,64.40643092740116,113.10605805613463,37.40677842749127,32.909330065759605,24.190448329365605,65.88096762874056,2.719974457788933
0.07,0.9619,0.0074,-0.0002,60.57266903538628,73.74064056481808,137.77078579208555,43.426511461785246,38.22357639866296,27.89150956000635,72.1514136454076,2.5135732622574998
0.08,1.5321,0.0097,-0.0003,68.11341483026197,82.92067892379718,166.77185743423016,49.50082815995896,42.730703514134134,31.6563061632988,77.56985367472804,2.2946786488530657
0.09,1.9742,0.0097,-0.0004,71.91622207028375,87.55018338991066,185.88587598633282,52.86751514647285,43.726548572806486,33.926231391006965,80.06622086564155,2.1475852476501585
0.1,2.1798,0.0116,-0.0004,75.00827512805394,91.31442189502218,195.07999133023358,56.32980499121352,47.63888840556279,35.96663714263079,84.22549600100668,2.123927873052897
0.11,2.3001,0.0116,-0.0005,76.48721274705441,93.11486769206626,201.01183220579964,58.21877999712876,48.78729370933032,37.219156801131945,86.31545596716576,2.092696802576711
0.12,2.3311,0.0117,-0.0005,77.52011505378024,94.3723139785151,203.79043672406976,59.770491810624335,50.06899387016202,38.23124192965562,88.34393169587203,2.0865931316491872
0.13,2.3854,0.0117,-0.0006,78.54738969243336,95.62290919078845,207.22597877760828,61.25458999330212,51.11226789723912,39.22132998776675,90.16656780752679,2.0732440042654465
0.14,2.4048,0.015,-0.0006,81.09549931755006,98.72495569093053,209.39886679099715,64.56131221866553,56.961185550375355,40.91969256457765,94.89470858341119,2.1181349061064383
0.15,2.4203,0.0149,-0.0006,81.81863275830855,99.60529205359303,211.3521194417296,65.77025259728123,57.86885170667606,41.72754346806767,96.4863085041761,2.1129956668645153
0.16,2.4242,0.0154,-0.0006,82.74137445378956,100.72862976983077,212.83770900542882,67.2284476514517,59.606806343691034,42.60938387050845,98.49759153193605,2.118972354806063
0.17,2.4281,0.0168,-0.0006,84.05012696362998,102.3218936948539,214.25049580135226,69.15476656013647,62.61925831615397,43.657783158963504,101.1589963304096,2.1365663831104356
0.18,2.4746,0.0168,-0.0006,84.87639417435716,103.3277842122609,217.03341333023758,70.3901006195532,63.51750802374075,44.47838103874315,102.646901169037,2.1253546008617876
0.19,2.5192,0.0183,-0.0008,86.34897725002793,105.12049404351227,219.69100724173353,72.42806343851178,66.55537586529248,45.59073415580513,105.237955360733,2.1334016625309262
0.2,2.5638,0.0199,-0.001,87.81252496964673,106.90220431087428,222.29350286799104,74.46959405522604,69.6921730740397,46.6861739401972,107.79459543560775,2.1416525639500255
0.21,2.6453,0.0228,-0.0006,89.91961602983514,109.46735864501669,226.05875779374423,77.25853903963065,74.50469628545522,48.07726673980323,111.10640140681816,2.154107953519028
0.22,2.7267,0.025,-0.0011,91.66494171254642,111.59210295440434,229.7438802821954,79.61263989182532,78.2635242216358,49.291510681051044,113.80166371325875,2.157647051040789
0.23,2.7655,0.0277,-0.0011,93.32343511322924,113.61113839871386,232.0061028472954,81.99214234798366,82.70614363293875,50.433532653623715,116.64560849548839,2.1738848130533905
0.24,2.8314,0.0277,-0.0012,94.13019416514696,114.5932798532224,235.09065958615042,83.17691602021569,83.5166965393759,51.2071429895006,117.92893557623988,2.1597008983502834
0.25,2.8314,0.0312,-0.0013,95.78297201587093,116.60535723671244,236.04206698261754,85.68864157403289,89.00546230269829,52.30559581403501,121.01061940107238,2.189138033413273
0.26,2.8935,0.0339,-0.0014,97.39556869282221,118.56851840865312,238.93195340205963,87.99259766403483,93.23377190644058,53.41115515054517,123.5630179163599,2.196988161937193
0.27,2.9866,0.0391,-0.0014,99.81104422769866,121.50909732067663,242.74552120432256,91.34696252568743,100.35634160781746,54.86724034536073,127.11420231327591,2.214663767931251
0.28,3.0913,0.0423,-0.0015,101.62805401536491,123.72110923609641,246.84857383075436,93.85977147019047,104.88545650706725,56.065323496926,129.6408976964888,2.2144750154489383
0.29,3.2232,0.0462,-0.0016,103.69165953786457,126.23332465479164,251.69282623107654,96.66457976007938,110.0682457147307,57.37505502181183,132.3461254239027,2.21264814068073
0.3,3.3783,0.0462,-0.0014,104.8248849885649,127.6129034643399,257.11535334307564,98.0960000751751,110.63482315519356,58.31165375948251,133.5325850151187,2.183953415270446
0.31,3.3783,0.0506,-0.0016,106.34087709029394,129.45845906644482,257.95024697631527,100.55316361263912,116.69100035044093,59.291632688579156,136.24676455937976,2.20875138057944
0.32,3.5684,0.0569,-0.0026,109.0500350079336,132.7565643574844,264.2257385336672,104.19727796460111,124.14090424284844,60.88075414561538,139.51329588583948,2.2078196543347697
0.33,3.7662,0.065,-0.002,112.03854549094568,136.39475103245562,270.554388879019,108.2895546123869,133.2521805624495,62.570063175986014,143.11468650172793,2.212413634943745
0.34,3.9834,0.0739,-0.0028,115.0994749675138,140.1210999604516,277.22641188498056,112.50030827310383,142.8153064060733,64.28401809595954,146.68630786933213,2.2151264477251598
0.35,4.189,0.0837,-0.0035,118.11414041659741,143.7911274636838,283.41700720524693,116.74523191511355,153.00298978736868,65.95365136937265,150.23353863455557,2.2209422142053303
0.36,4.3984,0.0937,-0.0035,121.02628522601111,147.3363472316657,289.5548203746606,120.88642624021135,163.0723833740958,67.57075076440195,153.59985858927413,2.2248237460237683
0.37,4.604,0.1041,-0.0038,123.85186322925767,150.77618132257456,295.45204117979443,124.96531983683857,173.26775460666644,69.13815695720798,156.8521903565683,2.2288226457206166
0.38,4.604,0.1156,-0.0041,125.90883208419608,153.28031731989088,296.231710195549,128.52869086733224,184.98961256793515,70.26105206014378,160.07987080164494,2.2612419204813854
0.39,4.7436,0.128,-0.0039,128.51440922026126,156.45232426814417,300.4042759054892,132.5721954382829,196.73618658970102,71.67897262265338,163.32008477748104,2.2748148953620095
0.4,4.8794,0.1399,-0.0039,130.9316769307892,159.39508495922163,304.4234255258079,136.37185262550716,207.8377114970228,73.01601649764099,166.31489563906112,2.285676647185283
0.41,5.0112,0.1522,-0.0039,133.2873672382013,162.2628818552016,308.291935255011,140.12807423613935,219.10168183175026,74.31966806935935,169.23397089505062,2.2963286895449593
0.42,5.1199,0.1608,-0.0039,135.07098268192,164.4342397866852,311.572346076804,143.0405259029594,227.27094146809534,75.39395401128961,171.51714800137572,2.3009338782886952
0.43,5.2362,0.1728,-0.0022,137.19781336911595,167.02342497109768,314.99791828646556,146.5338134401604,238.0852342914467,76.59078495957453,174.19219057020692,2.3105607903052032
0.44,5.3914,0.1855,-0.0076,139.4776816580491,169.79891680110325,319.23516260241286,150.18583676162314,249.1597327634429,77.86373561853765,176.86935126191244,2.3160569859200986
0.45,5.4961,0.1928,-0.0096,140.98634812423688,171.63555423820142,322.2976890155612,152.71403098357447,256.0925083539018,78.82112903881895,178.79807530682362,2.31707260866979
0.46,5.6163,0.1998,-0.0123,142.50338117074625,173.48237707743024,325.6696925890508,155.21353783632404,262.69125810034404,79.78748362215708,180.65951165050737,2.315713767927213
0.47,5.7404,0.2055,-0.0166,143.89242090939027,175.17338197664904,329.0832414913365,157.48893755682658,268.23615205359323,80.70716265922005,182.34011435281593,2.311789251174461
0.48,5.7753,0.2055,-0.0164,144.4039613549908,175.79612686694534,330.5355519628729,158.54956958272183,269.7078944484625,81.25180238637314,183.32216499785412,2.3080912290960427
0.49,5.7715,0.2054,-0.0169,144.7506176292354,176.21814320080833,331.12557271131055,159.45681914448505,271.2399968139654,81.70784239360142,184.26843914272948,2.308363467317725
0.5,5.7249,0.2052,-0.0171,144.91595466718226,176.41942307309145,330.7611884706177,160.1962512187215,272.85249513548854,82.06553084951092,185.17813478827512,2.3130332120293233
0.51,5.6086,0.2036,-0.0144,144.6684952370508,176.11816811467054,328.83213838364827,160.46184099492464,273.63394174090126,82.22160128617386,185.8906917713604,2.3229733387120457
0.52,5.5387,0.1991,-0.0116,144.31828344550468,175.69182332496223,327.901534970948,160.361161481448,271.8267088240979,82.36456260179382,186.24691301660835,2.323194262391169
0.53,5.5038,0.193,-0.0061,143.9392582533367,175.2304013518882,327.75162534306224,160.06159333736332,268.4519135666859,82.51315478491861,186.38240189604838,2.3166594160544585
0.54,5.4457,0.193,-0.0061,144.03897495964154,175.3517956030419,327.0299595628054,160.7104407105785,270.1323188416157,82.81638695001264,187.25120635143702,2.323190593030224
0.55,5.3758,0.1856,-0.0037,143.35409941246138,174.51803406734427,326.02194007197545,159.98889569945646,265.6508099851176,82.81603410781324,187.1509048266057,2.318175485344992
0.56,5.2711,0.1756,-0.0039,142.22039016676607,173.1378662899761,324.15813347338764,158.59784891433551,258.9272797135652,82.61585651892337,186.63005413496884,2.3120796939688244
0.57,5.2091,0.1623,-0.0028,140.83948114732877,171.45675965761762,323.26699659059926,156.59531110416023,248.80851610473508,82.34197852441866,185.54170596851816,2.2936633980202887
0.58,5.1392,0.1489,-0.0026,139.3030119074662,169.58627536561107,322.15795831691554,154.35996554957123,238.1802307722871,81.99172432106943,184.26547682837568,2.2741502965014284
0.59,5.1276,0.1394,-0.002,138.37258924010033,168.45358690099172,322.4278945726825,152.9825528259736,230.48982621642523,81.90607759281,183.4817355961779,2.2544437038038194
0.6,5.1266,0.131,-0.0018,137.55099088970252,167.4533802135509,322.94168119896193,151.7676265897144,223.52452483749187,81.86397463097835,182.78057027772192,2.2348395390815408
0.61,5.1291,0.1265,-0.0018,137.22311876853976,167.0542315443093,323.5308279882661,151.39230276209597,220.13216948129983,82.00851705950745,182.71503128645787,2.2235257085147926
0.62,5.1315,0.1229,-0.0017,136.99840238054352,166.7806637676182,324.11044117979645,151.19201350543008,217.53236768614823,82.18843350411983,182.78157097634795,2.214179523428263
0.63,5.147,0.1221,-0.0016,137.21441941043184,167.04364102139527,324.99895160482174,151.6970607777503,217.6088471426283,82.54593593765667,183.3713370195361,2.2102951199549095
0.64,5.1819,0.1219,-0.0012,137.58589046895025,167.49586665785247,326.3492948635076,152.4044633703671,218.18771366012643,82.97754534956685,184.07338099715423,2.205635900280917
0.65,5.2944,0.1223,-0.0012,138.32553187181688,168.39629967003796,329.5434078545253,153.50567152545972,219.04409277752308,83.61683868093584,184.90494165648047,2.1934679839762303
0.66,5.3564,0.1226,-0.0011,138.85752759593447,169.04394663852895,331.51349733765227,154.4099783281534,219.9971222420193,84.13049773600828,185.69567655706055,2.187091824596906
0.67,5.4108,0.1273,-0.0011,140.0015718407362,170.43669615393975,333.29149806462175,156.3763755687984,225.38657421057314,84.87055241656068,187.33136943735457,2.192732182070541
0.68,5.4844,0.1304,-0.001,140.96913488776087,171.61459899379585,335.50833349361983,157.99471334411786,229.07952573710594,85.5574701480175,188.6427647013677,2.1920396762574526
0.69,5.5387,0.1378,-0.0008,142.45284878446097,173.4208593897786,337.26141300253323,160.56313720718936,237.0702482069394,86.42239241097343,190.7182230464047,2.203523571060098
0.7,5.6008,0.1517,-0.0006,144.75866326323572,176.22793788567827,339.1846627865426,164.56890320511508,251.1876907592204,87.60419246396941,193.83613228738756,2.2274901618378826
0.71,5.6939,0.162,-0.0006,146.6272842479878,178.50278082363732,341.8071667227978,167.75171452257428,261.5060470129573,88.64135913832212,196.2253454443459,2.238643063111932
0.72,6.0081,0.1739,-0.0006,149.43022449395622,181.91505590568585,349.3765193198952,171.90929728179668,272.1900784116825,90.20679903985764,198.82293366519184,2.228807529692233
0.73,6.5278,0.1901,-0.0006,153.30961562911654,186.63779293979405,361.11900993381647,177.44628620618107,285.69923926696754,92.32164172104854,201.96559290331228,2.207282012115078
0.74,7.1212,0.2075,-0.0006,157.3540537051506,191.56145668453115,373.8263864358825,183.22652410281174,299.6981959400588,94.52450284604028,205.11462492020482,2.1831726043599047
0.75,7.61,0.2181,-0.0008,160.18993849428136,195.01383816695122,383.9370667478059,187.27130162374692,308.0738698312377,96.18617730339611,207.2515265123352,2.159308527803602
0.76,8.0017,0.221,-0.0006,161.85225007015305,197.03752182453417,391.88366360433514,189.56615026238563,310.26002721650144,97.34794913378633,208.38196959246923,2.1330782314050554
0.77,8.2732,0.2216,-0.0012,162.89705769051497,198.30946153627912,397.42268021053815,191.08421250500066,310.9521755553353,98.19503329185011,209.19763054751786,2.113611545433681
0.78,8.3547,0.2219,-0.0012,163.40061781100556,198.9224912481807,399.4236527152851,192.0344199531874,312.0401136430723,98.6981977578383,209.93382927323572,2.10808964694467
0.79,8.4128,0.2195,-0.0012,163.5460831577069,199.09957949633886,400.9878685672767,192.41109228643424,310.8887109734726,99.05779607898131,210.32478705240075,2.100182391419905
0.8,8.4361,0.2171,-0.0012,163.5960410407944,199.1603977887932,401.9119451121527,192.68308125841645,309.82228418189226,99.35369247925962,210.69816237833547,2.09478492939582
0.81,8.4671,0.2101,-0.001,163.13583210176296,198.60014342823317,402.9714681161064,192.06952212133638,304.69369322147514,99.47909274459751,210.46849167607218,2.081486641830051
0.82,8.3508,0.2011,-0.001,162.04988439551954,197.278120133676,401.33522253879755,190.62659674009947,298.16158836899245,99.25905124162443,209.90317948076438,2.075248817715978
0.83,8.087,0.1874,-0.0009,159.97577441664578,194.75311668113397,396.92036194498627,187.74015435037887,287.67055924758466,98.5559390245261,208.57592875864958,2.071370002401898
0.84,7.7612,0.1742,-0.0008,157.7060354747066,191.9899562300776,391.1979612331268,184.62919908693507,277.4717057544382,97.70667156518547,207.16870344579516,2.0724319694835382
0.85,7.4199,0.1628,-0.0008,155.52731578421267,189.3376018242589,384.9855980977161,181.71046671903764,268.67312135358753,96.85028858448082,205.90114479669467,2.077859186640438
0.86,7.1174,0.1493,-0.0008,153.0441072725576,186.31456537528754,379.351600593608,178.22874081552007,257.3353973283044,95.89360249596356,204.13751171799208,2.0753452635326552
0.87,6.8032,0.1368,-0.0008,150.53591460058763,183.26111342680232,373.29185050900725,174.7414721703726,246.57226470864742,94.88772356260225,202.35381515724552,2.0750639938378415
0.88,6.5588,0.1361,-0.0008,149.95007953128402,182.54792290765013,368.52776072940907,174.3739142122935,247.46743962086347,94.64919882024846,202.749563649483,2.0959535744917788
0.89,6.361,0.1369,-0.0008,149.6924020652135,182.2342286011295,364.6495649289375,174.5033420105465,249.77262257439054,94.57522605332882,203.43888329739903,2.11668159154108
0.9,6.2447,0.1377,-0.0007,149.6595092707311,182.1941851991509,362.48934935086436,174.86306931993002,251.79037978808253,94.66347111410573,204.14150312267282,2.1299113145231314
0.91,6.1244,0.1426,-0.0007,150.19214014287596,182.84260539132725,360.1995140828879,176.23559259103234,258.1017411732517,94.96430661616759,205.61606154507007,2.1530784036842188
0.92,5.9848,0.1498,-0.0006,150.92693443344962,183.73713757115604,357.42765366588395,178.0655065392845,266.86038274653816,95.32646052045351,207.47452492516592,2.1831079956545
0.93,5.7288,0.153,-0.0006,150.63373904810567,183.38020405856344,351.88453567426683,178.47162798271276,272.03999115161366,95.18020560436665,208.54774512111436,2.2168388435274946
0.94,5.3293,0.1534,0.0014,149.32108965601049,181.7821961029693,342.6725327400465,177.62876120766978,275.11618403335285,94.49555398091677,209.07194445061717,2.2621350556096145
0.95,5.3305,0.1535,0.0033,149.53761564669284,182.0457929611913,343.0700913302905,178.15411156911955,275.9820512727133,94.78215205923372,209.6505469399089,2.2621875453954385
0.96,5.3316,0.1532,0.0072,149.70275035219933,182.24682651572093,343.4712209348056,178.58133076321852,276.4249172967875,95.0458571992976,210.15356553864132,2.261366336098551
0.97,5.4241,0.1529,0.0262,150.2500415679156,182.91309408267986,346.1777230218004,179.35563341174705,276.39565377100905,95.5409099897843,210.67839550235556,2.249764424376797
0.98,5.6202,0.1512,0.0361,150.99900622040968,183.82487713789007,351.3033206084283,180.1510358351472,274.4221983224871,96.21565167013792,210.97444278090896,2.2241394537706096
0.99,6.1438,0.1473,0.0408,152.540554052959,185.70154406447185,363.83409272876725,181.47370747840458,268.7474294748658,97.52145519663287,210.9386931466424,2.160909066414305
1.0,6.5317,0.1415,0.0336,153.12227688020798,186.40972837590536,372.77385230899205,181.7076589778137,261.7878927272166,98.33188952579334,210.46955687320636,2.1105365997314736
1.01,6.6868,0.1341,0.004,152.61018604576788,185.78631344702177,376.3773034704037,180.6697079238091,254.00211604131013,98.49795039936673,209.56821763813954,2.0794961952413344
1.02,6.6713,0.1231,0.0013,150.93863179941008,183.75137784276012,376.3997370635296,178.00705455035924,242.6912459717996,98.0361837038917,207.7630457128362,2.053915893080754
1.03,6.6597,0.1101,0.0009,148.7537228296944,181.09148866223669,376.5114428156859,174.53047680067527,228.6736571467312,97.37161894484609,205.27378452756005,2.0201910678061425
1.04,6.648,0.0948,0.0005,145.82381385708206,177.52464295644774,376.61706079678686,169.93035480968044,211.28101659643485,96.40414092054947,201.809770066258,1.9755216672094968
1.05,6.6287,0.0808,0.0002,142.73840781396044,173.76849646916924,376.5543587803704,165.22399153010588,194.56387900881697,95.34749235292084,198.13568234397556,1.9296628476804858
1.06,6.6054,0.0715,0.0,140.4537151777995,170.9871315207994,376.4004184896087,161.86529199645895,183.08510781739594,94.58575364916126,195.47408020792565,1.8962751378322897
1.07,6.5201,0.0635,0.0,138.1652561761594,168.20118143184627,374.8844895640621,158.58452218585194,172.99875646199536,93.72799899856558,192.9211832587295,1.8705485217303786
1.08,6.4541,0.0598,-0.0001,137.0645646743676,166.86120916879534,373.77396650526305,157.09303840456934,168.44621847131168,93.36673343557679,191.85799587570972,1.8600522633218632
1.09,6.3688,0.0568,-0.0001,136.09864794775487,165.68531054509288,372.218614340508,155.8074078158869,164.8051822245951,93.02883820250369,191.00466279586092,1.8540256902367727
1.1,6.2253,0.0548,-0.0001,135.30946736239318,164.72456896291345,369.3260580841281,154.7917645399793,162.6493989557375,92.68359203113776,190.52429508423688,1.8582059308421526
1.11,6.0507,0.0548,0.0,135.09446618203273,164.4628283955181,365.66220543380706,154.63717798975645,163.43678772694216,92.53721116730291,190.92082538810934,1.8756534497904824
1.12,5.884,0.0549,0.0,134.907298628995,164.23497224399392,362.10197553350764,154.53726838409406,164.36373605162768,92.40975131809331,191.36032400290085,1.8932926658554654
1.13,5.7094,0.055,0.0002,134.67863321719685,163.95659696006572,358.27522894518364,154.39615507424597,165.3261706118639,92.25135658349247,191.79378093808262,1.9122728765666428
1.14,5.5232,0.0568,0.0002,134.9241539538488,164.25549176990287,354.07474252750575,155.01798474076998,168.84078696511378,92.28343559504951,192.98083363858225,1.941483063503302
1.15,5.2963,0.0619,0.0,135.95139430905564,165.5060452458069,348.7465844536262,156.9826285727736,177.2960791014203,92.60921386046482,195.52103632084774,1.9912305331659306
1.16,5.0694,0.0687,-0.0001,137.22575684662166,167.05744311762638,343.2554785573046,159.51273553691067,188.11107400697554,93.0504114647731,198.55859040511643,2.0478118486603307
1.17,4.9531,0.0699,-0.0001,137.28734117094916,167.13241533854682,340.5149366749662,159.94240685050787,190.6215135668238,93.09522373689373,199.40447561746586,2.067104475619917
1.18,4.8522,0.0698,-0.0002,137.05815729339466,166.85340887891525,338.1325289609357,159.87053631371424,191.26268492987847,93.02853739434967,199.76668118073476,2.079391959016196
1.19,4.8182,0.0698,-0.0001,137.08243303925792,166.88296196083573,337.50782773683034,160.08101993793926,191.79578646791762,93.1526668850057,200.18322855652858,2.08374386830526
1.2,4.802,0.0693,-0.0001,137.04394162590904,166.83610284893274,337.3532533464121,160.144516833593,191.54981780599473,93.2686859968388,200.4151070895649,2.083770919742756
1.21,4.8169,0.0675,0.0,136.7853132547166,166.52125091878543,338.03085100018745,159.76509754923828,189.31765878841034,93.321757229163,200.15499147436765,2.0743255644034195
1.22,4.8319,0.0463,0.0035,130.68832904048992,159.0988353536399,338.72625344436915,149.9219544772651,157.44803917093498,90.69473187405498,190.98391605329002,1.9681887641166322
1.23,4.9376,0.0431,0.0081,129.9845200338372,158.24202438901924,341.83673777810037,148.80937655443583,152.24691331100755,90.64405959333025,189.63557437934583,1.9360212985581167
1.24,5.2711,0.0428,0.0083,130.89222058497762,159.3470511469293,350.75833927234976,150.05957092238867,151.19999829164803,91.65426205763825,189.9438344654243,1.8943231878627453
1.25,5.4922,0.0427,0.0017,131.51748991335793,160.1082485901749,356.5580971380292,151.00708481089688,150.80438165833084,92.38634668566077,190.3302137771826,1.8688111360264708
1.26,5.6978,0.0426,0.0013,132.0722166169259,160.78356805538806,361.88233064086626,151.88684872241365,150.4628920251747,93.06441853066224,190.70803199835186,1.8458196971787597
1.27,6.105,0.0424,0.0009,132.94872381829813,161.8506203005369,371.8403308073033,153.285467633377,149.5526474407984,94.16409997779502,191.070540488956,1.8025659872092106
1.28,6.299,0.0421,0.0007,133.31059302694715,162.29115672845742,376.6018044413639,153.96070227726608,148.96269595053454,94.73985596565473,191.31770392021176,1.781720067993952
1.29,6.2602,0.0411,-0.0002,132.95454249805042,161.85770391067007,375.99963395277865,153.54507606795633,147.70096067626392,94.67151687753724,191.08787976658104,1.779400564329786
1.3,6.2214,0.0379,-0.0002,131.63023607629572,160.2455047885339,375.3945770971284,151.75419166348217,142.77441542999483,94.15448654374684,189.44593589103525,1.7628695658511098
1.31,6.2369,0.0354,-0.0002,130.63996362368655,159.03995571579233,376.0367357366377,150.47490758446312,138.7966030121911,93.85599504775129,188.14062666400247,1.7446309940181488
1.32,6.1555,0.0317,-0.0002,128.833082099864,156.840273860704,374.43612450285195,148.01948124678964,132.7823866610459,93.0206168175947,185.79893178656405,1.7262089672905054
1.33,6.0624,0.0316,-0.0002,128.75248145472108,156.74215133618216,372.540812540443,147.94525099376563,132.9929726418259,92.98725505690062,186.05661322625053,1.7346680971865016
1.34,5.8413,0.0316,-0.0002,128.49061644669428,156.4233591524974,367.5634180620032,147.54921918728252,133.59197423845507,92.68391163150407,186.35830877660314,1.7570856680573201
1.35,5.7327,0.0316,-0.0004,128.41038464506926,156.32568565486693,365.2055897914503,147.47840289708884,134.01405720925646,92.62503081902074,186.68326065459976,1.7684294835170824
1.36,5.5232,0.0315,-0.0006,128.0707385635926,155.91220346872146,360.31069553995314,147.00957298968785,134.43877489022927,92.29472631961083,186.9036070554601,1.7901726161018974
1.37,5.4224,0.0315,-0.0007,127.98002692657221,155.80177191060966,358.04349837652194,146.9417818902756,134.85835523025682,92.23791982296272,187.22483148894426,1.8013172655238257
1.38,5.2983,0.0314,-0.0008,127.78053355190342,155.55891041101287,355.1458814768011,146.71863609532113,135.1428873998391,92.09266318994571,187.46000701974287,1.8145696306396113
1.39,5.0655,0.0311,-0.0008,127.21577531951824,154.8713786498483,349.351462278541,145.97058585372,135.276069404509,91.60953185476035,187.5061668052078,1.8394588338685431
1.4,4.9414,0.0286,-0.0009,125.7891861974805,153.13466145780237,346.30199288630166,143.96959459430644,131.04397745746448,90.83102168540155,185.7771186549415,1.8346914721900343
1.41,4.6971,0.0275,-0.0009,124.71935757731983,151.8322613984763,339.8982985969831,142.50343293432334,129.60951308266584,90.05520973618734,185.0959778811057,1.856149666375609
1.42,4.5846,0.0255,-0.0009,123.47487652022609,150.3172409811448,337.00074761270116,140.76753079417963,126.08373680452533,89.35610433161843,183.5830414995236,1.853447638029858
1.43,4.4605,0.0246,-0.0009,122.75405991210063,149.43972511038336,333.7181086440712,139.8043641732256,124.70140794000956,88.91193984427478,183.015037444094,1.8618293063823128
1.44,4.2394,0.0237,-0.0008,121.72397851885245,148.18571297947256,327.52584047514176,138.4226825736128,123.46275774570874,88.16141285709907,182.3831882726337,1.8839867108600845
1.45,4.1075,0.0219,-0.0008,120.40292329074653,146.57747183221318,323.81672619694274,136.58295818046042,120.10149276684784,87.3554810321382,180.79402308962966,1.8854642314404342
1.46,3.8166,0.0208,-0.0009,118.90894341663986,144.75871372460506,315.0702014033626,134.58898743551424,118.42976601742087,86.23203014515937,179.8016482644665,1.9181604512534631
1.47,3.6653,0.0201,-0.0009,118.05692047589524,143.7214684054377,310.4487157731383,133.49036453121903,117.33888165556658,85.65033909508438,179.25898748962598,1.934934920256086
1.48,3.5218,0.018,-0.0009,116.32687787856318,141.6153295912943,305.9534240506471,131.06200093917622,112.95450428234058,84.5419601674392,176.95688052999455,1.9353016203822615
1.49,3.2309,0.017,-0.0008,114.61069410015347,139.52606238279554,296.2392305599949,128.84865648149304,111.25538409361896,83.25943366225808,175.83415355063886,1.974646063156715
1.5,3.0758,0.0155,-0.0006,113.0310104348432,137.6029692250265,290.91775625556306,126.69798701780044,107.98289273267449,82.1929729475362,173.96619097154323,1.9848922558705433
1.51,2.8159,0.0155,-0.0006,111.87398780898131,136.19441994136855,281.4551078152673,125.44841387878046,108.62143750581815,81.30473265445775,174.14508087217772,2.0372838102864916
1.52,2.6996,0.0154,-0.0008,111.28660391801242,135.47934390018904,277.13597458205254,124.84870779132953,108.76064769065974,80.91735470863605,174.2350372609941,2.0610646592167314
1.53,2.6065,0.0155,-0.0009,110.92559700260767,135.03985722056586,273.62197433052086,124.57647049599952,109.38523394644949,80.69969340298054,174.62589112883632,2.083340585814207
1.54,2.4474,0.0156,-0.0009,110.13260626226811,134.07447718884814,267.28931922234347,123.86360891897849,110.1859272562946,80.15884275184561,174.97867043198355,2.122299891186058
1.55,2.3815,0.0174,-0.0009,110.90448560769849,135.01415639198078,264.68614061963837,125.46671366955951,115.25167392761459,80.71646006968984,177.73533277223635,2.1621463502163696
1.56,2.3388,0.0188,-0.0009,111.50695813841315,135.74760121198122,263.0303821385353,126.73509126075761,119.14632060960935,81.17019085170111,179.80068751018126,2.1902247270252873
1.57,2.3233,0.0208,-0.0008,112.5559684832026,137.02465728389882,262.5299073794369,128.67660593492823,124.37990982520724,81.92120753944367,182.46508769428917,2.21727526739128
1.58,2.3175,0.0239,-0.0006,114.115008261086,138.92261875262645,262.4458952724911,131.5157811287442,132.061590500649,82.98782107673915,186.0856447886969,2.2514510530673926
1.59,2.3256,0.0255,-0.0004,114.98832855086039,139.9857912793083,262.9617753172963,133.07280479000806,135.9587638219384,83.62383900036835,187.9644899036315,2.2649626504360416
1.6,2.3336,0.0271,-0.0004,115.82849667337607,141.00860464584912,263.4704531873481,134.58379966537433,139.78680998423792,84.23555337466244,189.76298983232502,2.2777790609229878
1.61,2.3507,0.0291,-0.0002,116.8688218116104,142.27508742283007,264.37097052399105,136.41464734023106,144.3931991622667,84.97103973964121,191.84021388162247,2.2910007717585974
1.62,2.3854,0.0294,0.0,117.33948880408427,142.8480733267113,266.01965313536397,137.07315741030467,145.09542358893856,85.36987399824667,192.41820547761654,2.2846210778801574
1.63,2.4474,0.0296,0.0009,117.96430636053643,143.60872078674,268.8108593773281,137.838221809191,145.44223485260207,85.88092286746804,192.9245777684385,2.2705973396947803
1.64,2.5405,0.0297,0.0015,118.75030897590528,144.56559353588472,272.8416313035313,138.72274406921846,145.42900570007555,86.51503000753823,193.3614924323864,2.2485928078733717
1.65,2.6491,0.0297,-0.0006,119.56449104123415,145.556771702372,277.3899319790285,139.60927715230522,145.1467152646235,87.18530829136414,193.71910750561233,2.2231113269948617
1.66,2.6569,0.0295,-0.0006,119.6241032598635,145.62934309896428,277.86782670009563,139.70860313135148,144.8856892172973,87.31987973341995,193.8493460726301,2.219671651944745
1.67,2.7112,0.0294,-0.0006,120.0203259939773,146.11170121005932,280.19025171147746,140.16804069570875,144.63859450670753,87.69626446970913,194.08750226296632,2.2064958436404334
1.68,2.7461,0.0285,-0.0006,119.94613660750481,146.02138369609284,281.7291136611268,139.89709184828646,142.72515862577853,87.77707017151172,193.61514976938687,2.1910393330229345
1.69,2.7888,0.0278,-0.0003,119.9904369507287,146.07531454871318,283.5634035516355,139.8103702541763,141.20693969916022,87.9358865083874,193.30229207132976,2.17555120329305
1.7,2.9051,0.0268,0.0,120.3041732448358,146.4572543850175,288.1942625524974,139.9007066014315,138.7364923696409,88.33097159821737,192.7295235511925,2.1417832858002392
1.71,2.9672,0.0252,-0.0002,119.97682944339496,146.05874888761127,290.6995288893741,139.14723479596228,135.10932503576572,88.29272661553215,191.50724477848323,2.1142466161238294
1.72,3.134,0.0237,-0.0002,120.16908998662001,146.29280520110262,297.00822202298605,138.99311464915715,131.3431153441386,88.68233077265155,190.3429824889818,2.0667421593449817
1.73,3.2465,0.0215,-0.0002,119.60077871543702,145.6009480014016,301.20949655187883,137.8316294938718,126.1009861094621,88.55862206644184,188.27250165829363,2.023264840650412
1.74,3.3783,0.0206,-0.0002,119.75085171838154,145.78364557020362,305.99799385419817,137.86773837650054,123.82967587427274,88.89432488947014,187.55723455859496,1.9898669375814264
1.75,3.6692,0.0204,-0.0002,120.87862213538612,147.15658346916572,315.9866029371538,139.2971188811887,122.9011558268621,90.02849369858485,187.7059899404356,1.9382598507488165
1.76,3.8399,0.0204,-0.0002,121.58126661268946,148.01197674588283,321.7048971325947,140.28153931123262,122.73340243577655,90.76360063903749,188.04004632104645,1.9110943703048007
1.77,4.1773,0.0204,-0.0002,122.76330943480276,149.4509853988903,332.4094340501037,141.96773165299862,122.30020370938526,92.01585605323756,188.42717694928606,1.860858408943004
1.78,4.3053,0.0204,-0.0002,123.22795936004366,150.01664617744444,336.45173667292295,142.6995059395539,122.25474816057857,92.56149914150835,188.7380931803368,1.8429028243660182
1.79,4.4294,0.0204,-0.0002,123.66286142556392,150.54609217025174,340.3126802024141,143.4032206485183,122.22351751049392,93.08590712253248,189.04554453778707,1.8260134960608363
1.8,4.5536,0.0205,-0.0003,124.14521480968865,151.13330498570795,344.11596129672284,144.19035613440155,122.42387457868044,93.64018270323837,189.47134028113962,1.8106224488478107
1.81,4.5613,0.0205,-0.0003,124.25196354442532,151.2632599671265,344.52704354242695,144.4091744163535,122.57285456523037,93.80733562336304,189.73947418218077,1.8096402556189293
1.82,4.5584,0.0208,-0.0003,124.5225541359384,151.59267460027286,344.6312809062871,144.86539301230334,123.41002983686944,94.05587236872324,190.36243969824537,1.813102932529115
1.83,4.5599,0.021,-0.0004,124.7394675384762,151.85674309031887,344.86107431715465,145.24461462366722,124.01593398695871,94.27857145151978,190.86428018852166,1.8149580916044108
1.84,4.5613,0.0213,-0.0004,125.01807646629474,152.1959191763588,345.0876459135262,145.71505015747033,124.84487031785332,94.53691993110746,191.48081574506048,1.8178141731277573
1.85,4.6893,0.0213,-0.0004,125.43217695869046,152.70004151492753,348.94254755155464,146.41305270991467,124.80990533175499,95.05755185985437,191.7828421732914,1.8013508611051636
1.86,4.7708,0.0214,-0.0004,125.78176958420259,153.1256325372901,351.43445131048094,147.0122469345019,125.07078594376587,95.47373196834988,192.1860654773842,1.7921082281877687
1.87,4.9686,0.0217,-0.0004,126.5205250178145,154.02498697820897,357.12029781155246,148.23495820904418,125.60646907817896,96.28832869198287,192.85352400570034,1.7709032420628787
1.88,5.0694,0.0224,-0.0004,127.27175524005241,154.9395281183247,360.0608466121512,149.4375436618351,127.14758485312004,96.965677302303,193.94143835458772,1.7657171355025927
1.89,5.1548,0.0228,-0.0004,127.79158559794486,155.57236507575897,362.55637014736544,150.3016373235542,128.04985237180873,97.48578629171517,194.6733441833628,1.7595698411464105
1.9,5.3487,0.0232,-0.0004,128.52559068683078,156.46593648831572,367.8988489571586,151.54955183799964,128.79318237146006,98.29118553790153,195.42804678037575,1.7413118832188317
1.91,5.4379,0.0239,-0.0004,129.2189933617088,157.3100788751238,370.42309994135053,152.67322915454398,130.3125866000389,98.91319269009587,196.46948893813104,1.7378717510516302
1.92,5.6202,0.0245,-0.0004,130.01539276227723,158.2796085801636,375.3125672428881,154.02027169220895,131.47625548786385,99.73339535734105,197.41253271060629,1.723585191004395
1.93,5.7094,0.0255,-0.0004,130.86616504059035,159.3153313537622,377.77122750750215,155.3739372985759,133.58508441934381,100.43720480415267,198.7260258411871,1.7229392093545906
1.94,5.7753,0.0259,-0.0004,131.30705995245302,159.852072985595,379.62518625598904,156.12816528363484,134.47789507857885,100.8781988336506,199.405996443947,1.7195219957740915
1.95,5.8607,0.0268,-0.0004,132.07141715516528,160.7825947975925,381.9542379378255,157.36025861914774,136.3543828658915,101.52368188010271,200.57595170290685,1.7183317744409208
1.96,5.915,0.027,-0.0005,132.36644222409947,161.14175575107762,383.49592448898335,157.90028966177238,136.84786235243214,101.866101841386,201.0436201692014,1.7144838255058226
1.97,5.9693,0.0274,-0.0005,132.77555581266606,161.63980707628912,385.03092213620056,158.60346737039347,137.74362780348318,102.26939835766946,201.70149491050756,1.7123144952964555
1.98,6.0119,0.0283,-0.0006,133.4481407283057,162.45860610402434,386.27139497818246,159.67239524660542,139.65501877052424,102.79375047469777,202.82102449202858,1.715353605087148
1.99,6.0585,0.0285,-0.0006,133.7240864525543,162.79454002919655,387.6057026987904,160.1811699438632,140.15374697155178,103.11258575347497,203.27731579367796,1.712329911452342
2.0,6.105,0.0286,-0.0006,133.9416430730282,163.05939156716477,388.9324230108445,160.607522288271,140.4526475151534,103.40017619150322,203.639490870233,1.708548674010002
2.01,6.1438,0.0288,-0.0006,134.222737179228,163.40159308775586,390.0673898350604,161.05536485010168,140.92484770618586,103.69811011031823,204.09098215632292,1.7066303935822733
2.02,6.1865,0.0286,-0.0006,134.37561860575536,163.58770960700656,391.2929987961732,161.04164811760822,140.42839013704162,103.8847901787697,204.1728209826381,1.7024944698705116
2.03,6.202,0.0291,-0.0006,134.79787143402748,164.10175652838132,391.85874535682217,161.63809495773683,141.51102633506184,104.21480334627817,204.89297889470708,1.7053654100012288
2.04,6.1942,0.0293,-0.0006,135.01290740668975,164.3635394516223,391.8609987842069,161.91569536323587,142.0316887686729,104.3976912281929,205.32870546692195,1.708138386555171
2.05,6.171,0.0293,-0.0006,135.09059459784922,164.45811516259906,391.48915745079404,161.98217929576,142.17948666859633,104.48323423793951,205.57717981332817,1.710858466734731
2.06,6.1322,0.0293,-0.0006,135.12634600380144,164.5016386133235,390.735214911473,162.02209545988205,142.37938891723357,104.52969218829178,205.82082445030258,1.7149014698955303
2.07,5.9964,0.0293,-0.0006,134.89899486258938,164.22486331097838,387.5925938749598,161.89951748360176,142.91256922690138,104.33351458216968,206.03900022554296,1.7272840360652444
2.08,5.884,0.0292,-0.0008,134.67643789138944,163.9539243895176,384.983657722294,161.71674232078263,143.15925476390404,104.15954411815419,206.1698369943807,1.7372146566006528
2.09,5.7598,0.0292,-0.0009,134.45849656078863,163.68860450878617,382.0397369387861,161.60096046119983,143.67109602925072,103.97859225708433,206.38757644462177,1.7490920949805289
2.1,5.3875,0.0286,-0.001,133.41565067011572,162.4190529897061,372.5865332886586,160.06146310520637,143.35940426058121,102.94207936370424,205.97811868949177,1.7839929613907566
2.11,5.1625,0.028,-0.001,132.66217012886528,161.5017723307925,366.73617765029144,158.92203736739287,142.7005664408494,102.26671633789785,205.5932846867996,1.8048465668502527
2.12,4.6816,0.0275,-0.0011,131.24668563809777,159.77857382029293,353.4547483525853,156.8058512302747,142.77974552631946,100.81858221473728,205.20923259345676,1.8597167677991926
2.13,4.4333,0.0262,-0.0012,129.89669908715373,158.13511193218716,346.3332281246685,154.84360581333704,140.65165425466142,99.75968412707286,204.0820197103145,1.8814699988530326
2.14,3.9795,0.0256,-0.0012,128.1569518453083,156.0171587682014,332.4905459039912,152.4699051659132,140.526987970532,98.15944053085859,203.5468409561303,1.9413921940881258
2.15,3.7856,0.025,-0.0013,127.18708879961152,154.83645592996186,326.3558478769009,151.1860140244323,139.8034262310253,97.39039688897762,203.0846429952383,1.966155630354396
2.16,3.6149,0.0247,-0.0013,126.41931895555427,153.90177959806607,320.80100452210996,150.2367563760014,139.71485284692545,96.77332841290743,202.93505376844604,1.991315515447501
2.17,3.3512,0.0235,-0.0014,124.6960685810716,151.80390957695673,311.792906051639,147.93462600152566,137.75836494322817,95.4511382294551,201.74806254572124,2.0257286333341247
2.18,3.2387,0.023,-0.0014,123.9691839734973,150.91900657643149,307.89209197435133,147.01612874376082,137.02279636348683,94.93481807485688,201.36807124909814,2.041499150690808
2.19,3.0409,0.0225,-0.0015,122.78104916154268,149.472581587965,300.703572203813,145.57450491508797,136.5361715093893,94.02530349161428,200.93244072332078,2.0746693308298405
2.2,2.9517,0.0218,-0.0016,121.99284913288126,148.5130337269859,297.43611284775136,144.53452577981741,135.20788805099025,93.49612598707387,200.29521406949297,2.0855225878231187
2.21,2.878,0.0217,-0.0016,121.60421227648085,148.03991059745496,294.708962961076,144.14234671751768,135.33365601459317,93.23824852005717,200.36784989854752,2.099830982803231
2.22,2.8586,0.0215,-0.0016,121.45431406600538,147.85742581948483,294.0798361716754,143.98200899337706,135.03093840683874,93.19281496478534,200.34550032837527,2.101855018482296
2.23,2.8547,0.0211,-0.0016,121.27710967704972,147.64169873727795,294.0573014092988,143.72041272435007,134.16082689344626,93.14568205041795,200.0823374927774,2.098451331449756
2.24,2.8552,0.0198,-0.0016,120.5959267409496,146.81243255419952,294.2072683489045,142.57873373718846,130.9196794669241,92.77300925557276,198.66011801950626,2.084104630874682
2.25,2.8557,0.0129,-0.0016,115.96525569787428,141.17509389306437,294.3567275331209,134.9155993411526,111.8172472074191,89.64501015251687,188.1095601509568,1.9951612237801053
2.26,2.8586,0.0118,-0.0016,115.15460130861982,140.18821028875456,294.6002009684191,133.64050194147293,108.61981388695924,89.10709056820258,186.152720077661,1.9778102992790108
2.27,2.9478,0.0114,-0.0018,115.31975123206142,140.38926236946608,298.2077356272601,133.80050347263258,107.40985566216966,89.35602234584952,185.5693357832841,1.9535676941897682
2.28,3.0331,0.0102,-0.0018,114.72315935953887,139.66297661161255,301.6066586502408,132.81087013679806,103.75891487767623,89.00803507041444,183.14761006276422,1.9174878242109379
2.29,3.2542,0.0099,-0.0035,115.68807183516981,140.8376526689024,309.9465878053804,133.52464774100227,102.54253413868636,89.80112531297675,182.73544498228244,1.8760525936974592
2.3,3.3822,0.01,-0.0032,116.54809934572238,141.884642681749,314.68693268768584,134.26856009964533,102.66690484237094,90.48630589425338,183.22847737254654,1.8588880379335582
2.31,3.5839,0.01,-0.0029,117.64702118153559,143.22246056882594,321.8691682106496,135.1460443163774,102.3890705689034,91.35434341996461,183.50834558245919,1.8304821454580127
2.32,3.4986,0.0101,-0.0018,117.42810206989584,142.95595034596016,319.0641900255192,135.0287329325959,102.87304054251126,91.22270263713632,183.9140092505084,1.8447775744227166
2.33,3.8283,0.0106,-0.0014,119.27860496656999,145.20873648104174,330.37588454373616,137.38320875208254,104.14725565174686,92.89578619516455,185.397899767273,1.803809371140252
2.34,3.9407,0.0112,-0.0008,120.36100414432984,146.5264398278798,334.19377172412516,138.72301798720505,105.76527130813693,93.82260630817373,186.972163438431,1.7980038890540098
2.35,4.123,0.0115,-0.0006,121.48203653802265,147.89117491585367,340.16214183487585,139.834211022712,106.36764680858354,94.75526045048817,187.8811554937542,1.7801032059995268
2.36,4.1967,0.0118,-0.0006,122.12605217969025,148.67519395788378,342.6162531206023,140.56988294517637,107.14193503190428,95.31303694481048,188.73857500337687,1.7757406663261608
2.37,4.3053,0.0127,-0.0005,123.34823941186986,150.16307406662418,346.1219038614422,142.228111817322,109.50445177391154,96.36294503578439,190.79069761251063,1.7744559194839817
2.38,4.3402,0.0131,-0.0004,123.89140729426234,150.82432192344982,347.3363911919592,142.9493187843542,110.5861258061757,96.83695785033355,191.7770200797567,1.7757811932934144
2.39,4.3208,0.0139,-0.0004,124.50248726725792,151.56824536883573,346.8864510282713,144.02496161107914,112.85181422763569,97.36523301625517,193.4592604342249,1.7878355463250772
2.4,4.2782,0.0142,-0.0004,124.65684857025586,151.75616347683322,345.71884381807894,144.3610267029394,113.80624878584254,97.51200286462343,194.18783344991743,1.7969451209351508
2.41,4.1347,0.0148,-0.0004,124.5959596600997,151.6820378470779,341.38277130899996,144.77275694894317,115.82483488042057,97.48060587539382,195.3915489823738,1.8216889814647432
2.42,4.0455,0.0148,-0.0005,124.53414631681812,151.60678682047424,338.68858542142976,144.25564800697927,115.80223535250713,97.28686632965291,195.56478745910445,1.8369475018490056
2.43,3.9485,0.0148,-0.0005,124.23034644163499,151.23694349416434,335.70009194323717,143.99753645878857,116.08312818019321,97.05866599641544,195.7337710897798,1.850356018636376
2.44,3.7856,0.0149,-0.0006,123.68215356937279,150.56957825836687,330.47408838828915,143.6302627696203,116.82387177247783,96.63580195827174,196.04771883446702,1.874272875662355
2.45,3.7119,0.0148,-0.0006,123.38070479626442,150.20259714327844,328.13418210111917,143.30616788666543,116.7873572848034,96.41832429551333,196.05043494500467,1.8842021551424388
2.46,3.5994,0.0148,-0.0006,122.94993654742039,149.6781836229466,324.42967862274907,142.9641400665422,117.1457906864799,96.10071996918009,196.20788814704798,1.9011252027196344
2.47,3.5451,0.0147,-0.0006,122.72152236375925,149.40011418196778,322.68078068795575,142.69721038369042,117.06028009055117,95.94479458853131,196.21426998562853,1.908732277250686
2.48,3.3938,0.0143,-0.0006,121.78073963931729,148.2548134739515,317.47581124873665,141.65726227173806,116.39531363495637,95.23291999776873,195.64862215159548,1.9277301750195592
2.49,3.3046,0.014,-0.0006,121.2038463104102,147.55250855180373,314.3871477846515,140.96597937382614,115.8253991756714,94.80756442788561,195.2703545078418,1.93890970693937
2.5,3.1301,0.0136,-0.0006,120.05526519637976,146.15423589124492,308.0609199920077,139.7693370819565,115.21397839553572,93.94837171108699,194.6550908853756,1.963322037005995
2.51,3.0486,0.0133,-0.0006,119.47105344155018,145.44302158101763,305.0922789666576,139.06655046363113,114.60030872905809,93.52274984977774,194.24965832164204,1.9742201643300579
2.52,2.878,0.0123,-0.0006,117.80926520022402,143.41997502635968,298.57133905159975,136.94177944799907,112.06327905803698,92.25254824657661,192.39732457259575,1.9921545178104167
2.53,2.8043,0.0118,-0.0008,117.06802193204273,142.5175919172694,295.74147851890024,135.91843832980007,110.72832559111338,91.69343837519506,191.5172113014526,1.9997045889057106
2.54,2.7383,0.0103,-0.0008,115.57263673714388,140.69712298434908,293.17736225567677,133.34811248195285,106.00938827939362,90.4532870599956,188.31672141583576,1.9910907365478352
2.55,2.6375,0.0092,-0.0018,114.08125760143034,138.88153099304563,289.1111489600698,131.09955421609678,102.53329481500917,89.22408404454747,185.70502815918624,1.9940809503885433
2.56,2.5987,0.0066,-0.0022,111.52905523980125,135.7745020310624,287.58701270876,126.33857789007935,93.31121686150804,86.70728048820516,178.01408803607995,1.9567294194156724
2.57,2.5134,0.0059,-0.0049,110.31075904246796,134.29135883430885,284.03064725102524,124.54695640969304,90.78879808557431,85.58499314320679,175.56806920507432,1.9605925716254684
2.58,2.4552,0.0054,-0.0061,109.45377330333648,133.24807184754007,281.5973452863287,123.24789306248337,88.93102357859189,84.76358048556303,173.69902179333005,1.9627727552268022
2.59,2.3117,0.0052,-0.0063,108.23160932731872,131.76022005064888,275.293480142671,121.96105722658582,88.20441122664593,83.85897833988221,172.94106268584204,1.9889840434757189
2.6,2.2264,0.0052,-0.0057,107.63482091375515,131.03369502544106,271.47473263707803,121.43657215382362,88.25814665838061,83.49559254126994,173.06159847964716,2.00833808685523
2.61,2.0324,0.0054,-0.0051,106.27083493717464,129.37319035829958,262.2836117259131,120.55531851008065,89.23423684960096,82.75340814173626,173.96435072296882,2.059130710639975
2.62,1.9355,0.0055,-0.0016,105.57613949870719,128.5274741723392,257.5633789824016,120.11642199228791,89.7906930848056,82.38609200268114,174.4855236876323,2.0867179433819576
2.63,1.9275,0.0055,0.0027,105.59528691251916,128.55078406741464,257.29477999665977,120.10638973136653,89.82789499991475,82.42421430693902,174.64842274816988,2.089414661451723
2.64,1.9326,0.0055,0.0101,105.74433897212288,128.73223874867134,257.7229102852296,120.19722923572418,89.84854218086568,82.54262238678885,174.8196108501078,2.0885197256835597
2.65,1.9376,0.0054,0.0112,105.77342130881587,128.7676433324715,258.0843634502881,120.06171606827446,89.43949094171705,82.53437979837777,174.57333346885602,2.085645425854924
2.66,1.9742,0.005,0.0124,105.76835818807945,128.76147953331412,260.04225260787456,119.50273335387513,87.7089577180728,82.31628338228663,173.0241819254337,2.067556924510444
2.67,2.0828,0.0047,0.0126,106.50453238514068,129.6576915993017,265.510632579122,119.69156138145622,86.42229451389773,82.61469917715665,171.86910605621398,2.0345786096301874
2.68,2.3194,0.0046,0.0125,108.46379263927945,132.04287799564455,276.7400319809527,121.21213103125181,86.09613471483914,83.84212745230974,171.68808487787857,1.980246708004476
2.69,2.4474,0.0046,0.0125,109.54431873044012,133.3583010631445,282.5758455393242,122.13407395099165,86.19859829851109,84.58071857990846,171.91826398550657,1.9549050468801215
2.7,2.5987,0.0037,0.0125,109.75111330047264,133.61005097448842,289.22562163526175,121.39652474645956,83.03644824420078,83.87307731366734,167.35173042912194,1.907796961625026
2.71,2.6142,0.0033,0.0127,109.51663196182378,133.32459543178547,289.99051890967615,120.77955771184243,81.69146533586608,83.23705988287296,165.0426185072518,1.8974706832815265
2.72,2.6142,0.0027,0.013,108.98544021705908,132.6779272207676,290.0986947136353,119.7375569685479,79.7676374969373,81.94603775175838,160.94270067536905,1.8864188996239133
2.73,2.6065,0.0026,0.0138,108.91843047569972,132.5963501443301,289.88404322174324,119.5587720885183,79.47562128940542,81.73840140837038,160.30027505281683,1.8865657040195922
2.74,2.5405,0.002,0.0163,107.99187179254942,131.46836566049495,287.1851042966196,118.20081510485798,77.7109745069783,79.76389145196059,155.0389967131369,1.8887389216517774
2.75,2.4785,0.0018,0.0167,107.4412198596427,130.79800678565198,284.59660124373,117.4899153393516,77.06910927114416,78.86841895256163,153.0429578379467,1.8973978202106803
2.76,2.397,0.0016,0.0169,106.72793522280459,129.92966027124038,281.0920938287882,116.62223040902411,76.38139669840498,77.80449769986225,150.81859628845882,1.9100738318313852
2.77,2.2496,0.0016,0.0169,105.46187156909431,128.38836538846266,274.46672927843,115.23161541910763,75.55716479169706,77.17423284589965,150.8857805867494,1.936757304579112
2.78,2.1876,0.0016,0.0171,104.95510330159466,127.77143010628917,271.6550240321165,114.65661805096958,75.22864711372966,76.94131677408807,150.99217779469348,1.9490126648034558
2.79,2.0518,0.0016,0.0172,103.69878850304497,126.24200339501127,265.19038609211657,113.31309029586576,74.48037896693742,76.31065719344494,151.057751448103,1.9765269292062346
2.8,1.9665,0.0016,0.0174,102.90173381366486,125.27167594707028,261.02479153545073,112.45873715780345,74.02389574107151,75.92095164392418,151.14704827013153,1.9952054551787048
2.81,1.8462,0.0016,0.018,101.69054822239374,123.79718914030543,254.91230373616477,111.20100113735923,73.37508009468736,75.308548664008,151.21278591125142,2.022928743517817
2.82,1.8191,0.0017,0.0182,101.56817175197817,123.64820908936473,253.57024646335546,111.12693553720162,73.5794087113543,75.60206921621867,152.529581347024,2.0322158592385096
2.83,1.7454,0.0034,0.0192,102.98154781926871,125.36884082345756,249.7011080831375,114.51775006576229,80.85200873641595,79.68197282189062,167.01058820666174,2.099353779222903
2.84,1.726,0.0052,0.0198,105.00104043203747,127.82735356943694,248.73256845792594,118.68623033479702,89.27013022925073,82.49022212003514,176.6378752301745,2.1538277367126684
2.85,1.7173,0.0078,0.0204,107.57421380979265,130.9599124640954,248.34661852837462,124.06654199900457,100.64370408182133,85.33484315317497,186.35698047451461,2.2154836288902233
2.86,1.7467,0.0091,0.0206,109.09258516073102,132.80836454349864,250.0473874760713,126.72818155623646,105.8441982254814,86.729622063985,190.32163430523923,2.2322672300116118
2.87,1.7762,0.0097,0.021,109.98016399440868,133.888895297541,251.73975691637503,128.0318558374032,108.09210817840003,87.48586152037585,192.10136046085617,2.2348452387576794
2.88,1.8385,0.0096,0.0219,110.64615337930555,134.6996649835024,255.1663305444435,128.3446060726451,107.43745051243029,87.93063516264496,192.06062862532448,2.215283776526918
2.89,2.2651,0.0095,0.0221,114.60929439910512,139.52435839891058,276.3903503874208,131.02407798905452,105.53327068109104,90.62146218239455,192.26428841254943,2.1028552702048557
2.9,2.5017,0.0095,0.0221,116.56046084847699,141.89969146771114,287.16058876460283,132.46689263402487,104.9258089844637,92.01558648998443,192.57391438740146,2.051111314930086
2.91,2.8896,0.0095,0.0221,119.31981441246471,145.25890450213095,303.4936946042813,134.62281975792706,104.15580152776559,94.03548441110487,192.94740832995578,1.9763144641274124
2.92,2.9284,0.0095,0.0194,119.6522734990353,145.66363730317343,305.12497415676836,134.86880595851983,104.12198427995166,94.30616670353083,193.13400675789603,1.9701808865174768
2.93,2.6996,0.0133,0.0172,121.18731086483615,147.53237844414838,295.88321860483774,139.42759012756835,117.02702470684291,95.93869883601937,201.82250504618753,2.068645166820366
2.94,2.5444,0.0171,0.0163,122.58914683883722,149.23896136901925,289.3644430947999,143.6891409176926,129.43744306573385,97.22128427847791,208.61352244683815,2.148312779438425
2.95,2.1837,0.0252,0.0161,123.6256238357681,150.50075945223944,273.06100501045273,150.83902273074838,155.44739342183385,98.30789039512092,219.3394871878534,2.31540669142798
2.96,2.1335,0.0261,0.0161,123.60211704343294,150.47214248765752,270.7399346418577,151.48235416692046,158.43422935432767,98.35748651432121,220.49315403322584,2.3372507275517647
2.97,2.1125,0.0257,0.0161,123.31626765639884,150.124151929529,269.8103746071481,150.9932820657725,157.52791613253845,98.18367700063067,220.22262693361102,2.340246140422327
2.98,2.1491,0.0254,0.0165,123.65023517716352,150.53072108524256,271.6780953739079,150.93832355653956,156.34501886330764,98.42288629903722,220.1017787938438,2.3287237088303296
2.99,2.1856,0.0246,0.0169,123.75680913249133,150.66046329172858,273.5233181266671,150.3709979867877,153.77709527118418,98.49182969382869,219.4011769815823,2.3129200922964444
3.0,2.3893,0.0216,0.0175,124.31782063906232,151.3434338214672,283.0795311135869,148.36248115900923,143.67623072082387,98.78435568465186,216.04768820848344,2.2354777038864984
3.01,2.7733,0.0162,0.018,124.38184107448988,151.42137174285725,299.7441343023808,144.01909476248943,125.83009008741064,98.63716959359472,208.52215636113186,2.0961142871544105
3.02,3.5374,0.0152,0.0182,128.42640990177802,156.34519466303414,329.02090353643734,146.2542385586516,120.37939824147406,101.7099150647397,207.34875941100387,1.9531284785121719
3.03,3.7701,0.0155,0.0177,129.89296310403455,158.13056377882467,337.2258742045683,147.6289575920055,120.65113876770121,102.9084928880443,208.14830200096586,1.9229814256802509
3.04,3.8593,0.0158,0.0079,130.60995761504904,159.00342666179884,340.2973839078368,148.39679791045023,121.2891745749674,103.51479994912735,208.87783458801698,1.9146873990434166
3.05,3.8205,0.017,-0.0054,131.3125427204399,159.85874765966597,339.01147261249525,149.74191681954443,124.65220619797257,104.08921857859103,211.0345992864769,1.9341182012122444
3.06,3.7468,0.0196,-0.011,132.66710176616428,161.5077760631565,336.5700926411344,152.5046011583776,131.75549370418935,105.12663109323259,215.12240938596568,1.9719471176776848
3.07,3.6537,0.0226,-0.0132,133.98661144874913,163.1141356767381,333.44184157485466,155.43039864472152,139.8086152189055,106.08813807987005,219.28255603174287,2.0145248190010583
3.08,3.5257,0.0258,-0.0143,135.02718140130847,164.38091648854945,329.02560956848794,158.20202596421564,148.3731942681595,106.80773097452074,223.21494261447805,2.0624731271926846
3.09,3.4249,0.0276,-0.0144,135.39546162888152,164.8292576351601,325.5008705175718,159.56884497187275,153.30913879466954,107.05600456515805,225.31693029426705,2.09389735404181
3.1,3.2697,0.0301,-0.0143,135.647694977414,165.1363243203301,319.8838144335786,161.2719456726861,160.2521716609736,107.20783645778523,227.9792218086272,2.1398329073042555
3.11,3.165,0.0324,-0.0142,136.0102173219849,165.5776558702425,316.02970644432406,162.89025421221402,166.41956944758914,107.45688869837824,230.3041429879686,2.175636876940227
3.12,3.0719,0.0354,-0.014,136.6206843785888,166.3208331565429,312.5434786758903,165.03949490811536,174.1247948700103,107.88142876350638,233.10849694610587,2.2138490594156903
3.13,3.0099,0.0367,-0.0138,136.74470383795892,166.47181336795,310.21625326204367,165.85153326894687,177.61792949582824,107.9836317678168,234.35830400243148,2.2347417441324646
3.14,2.8896,0.0348,-0.0135,135.2483054915992,164.65011103325125,305.51467099691786,163.7939413592026,174.14493772432994,106.97344332147121,232.86191103528333,2.246335637825056
3.15,2.7888,0.0328,-0.0127,133.81206298743948,162.90164189775243,301.49625737434854,161.6729393398111,170.1703023717147,105.99998095554949,231.20222738899483,2.253603410763885
3.16,2.7573,0.0289,-0.0123,132.09858853988783,160.81567300508084,300.2870460904923,158.10288831508277,160.79148463101083,104.81297591685214,227.5919456839414,2.2319607194398903
3.17,2.7761,0.0252,-0.0117,130.70148608919772,159.11485263032768,301.1671016905922,154.7006600710194,151.18410876608016,103.82051959285607,223.76452655411882,2.1986180885024864
3.18,2.7949,0.0159,-0.0113,125.86526194819092,153.22727541518896,302.042504342723,144.44852994318168,125.29387295816313,100.1117993265318,210.93981138910482,2.102487887541235
3.19,2.8353,0.0123,-0.0113,123.72586576569833,150.62279310606755,303.7986088628964,139.85689973882972,114.19102268657998,98.28970140522887,204.19998010694636,2.049664407579087
3.2,2.9633,0.0116,-0.0152,124.10776045816003,151.087708383847,309.03646241465674,139.55407827028174,111.70054441929511,98.52245372654411,202.87726342424702,2.0169762796842448
3.21,3.0642,0.0115,-0.0154,124.74691409056413,151.86580845807808,313.11364366335135,139.96830146143213,111.19838526567153,99.01336179870856,202.85933358850014,1.998300759192003
3.22,3.0642,0.0121,-0.0153,125.30432613777016,152.54439703728542,313.21081875471344,140.87365647220622,113.08327846171112,99.51822117170286,204.36576048077262,2.007239084563515
3.23,2.9245,0.0127,-0.0152,124.96121382670847,152.12669509338426,307.7671140582847,141.05051873285157,115.3039807461303,99.33522210405454,205.74593304065687,2.041243651667964
3.24,2.8702,0.0187,-0.015,128.62931470786438,156.59220920957407,305.66445510214066,148.45313262061185,133.18949551010576,102.38858479038703,216.49885399739838,2.1233215304979565
3.25,2.684,0.0201,-0.014,128.149849090762,156.00851193657982,298.02330449293726,149.13936323596204,138.0550570280124,102.10131881409163,218.6022983728569,2.1760633986656717
3.26,2.682,0.021,-0.0135,128.70680976819557,156.68655102215115,298.0330361159745,150.16268830969886,140.58967490877453,102.54974402896072,220.02038052961782,2.1861954223592477
3.27,2.6811,0.0228,-0.0131,129.7126400500023,157.9110400608724,298.08839272182115,152.11954947995778,145.53310287579387,103.33507627439374,222.55706390576552,2.2043115130845585
3.28,2.8028,0.0227,-0.0127,130.6768018849171,159.08480229468168,303.285857368048,152.6740083442785,144.57218651641844,104.04810175297725,222.67495894120114,2.1789961328911014
3.29,2.9245,0.0226,-0.0125,131.59458504781927,160.20210353647562,308.34909912503434,153.20907196450878,143.66060559587024,104.73714156876578,222.78871917147518,2.154791475957548
3.3,3.1068,0.0225,-0.0121,132.87182638650555,161.7570060357459,315.6582187748495,154.0108908271344,142.49834513764895,105.70340125886831,222.93108408429737,2.1204977855391642
3.31,3.3279,0.0225,-0.0144,134.3503812468515,163.5569858657323,324.144693613773,155.05002759471404,141.50887296067242,106.84486946995155,223.2153337877623,2.082633665767389
3.32,3.5024,0.0226,-0.0166,135.51449410459418,164.9741667360277,330.62392094608083,155.9481323944119,141.05363104274508,107.76404334341586,223.5991221525017,2.0556289501449188
3.33,3.4792,0.0226,-0.0271,135.46283674828885,164.91127951965598,329.8107110927696,155.88318470457017,141.17909488770022,107.7510108707264,223.75831919982477,2.0603680694570548
3.34,3.454,0.024,-0.0313,136.1439490868685,165.74045975792689,328.9633342346003,157.23950991222515,144.83366730086402,108.26679729166902,225.672509434867,2.077633957855722
3.35,3.4414,0.0237,-0.0326,136.00489659721634,165.57117846617643,328.59182337287797,156.92365391881907,144.1599398845889,108.18679479277348,225.46815795144937,2.0778204954633406
3.36,3.4408,0.025,-0.0328,136.758190500181,166.48823191326383,328.6654786001706,158.2543697811651,147.41902468728213,108.75472152799318,227.209807370061,2.0897639140099864
3.37,3.4445,0.0276,-0.0329,138.13355325370586,168.16258656972886,328.89674148989764,160.78948331445847,153.75327456074868,109.7591058713997,230.3260368029039,2.110986381336067
3.38,3.4482,0.0286,-0.0329,138.711227580217,168.86584227156857,329.1284301219225,161.76333581473884,156.14094891037666,110.19156695009711,231.56954855754347,2.118826897579153
3.39,3.4559,0.029,-0.0327,139.0327353769204,169.25724306755532,329.50724254980247,162.1976076351845,157.06573122355005,110.44477658591735,232.16533308707983,2.121295178832682
3.4,3.5412,0.0292,-0.0325,139.7259643323161,170.1011739697761,332.6945572842266,162.77819419158178,157.11746339351566,110.98733011015614,232.5880542130677,2.1095950539498736
3.41,3.646,0.0285,-0.0319,140.10230761437035,170.5593310087987,336.5301539294641,162.6217059918181,154.98088385253845,111.32104215327738,232.07795471685273,2.088359795457513
3.42,3.9175,0.0278,-0.0296,141.32932818213595,172.05309517825248,346.0214624522164,163.11107922701314,152.1584487423866,112.33784676798842,231.6234096083514,2.0428302117160353
3.43,4.0338,0.0272,-0.0292,141.7146053401865,172.52212824022703,350.0193253503704,163.04886700792966,150.31812297193272,112.69941857475618,231.18806582432197,2.0222835697689785
3.44,4.0881,0.0271,-0.0288,142.02418329711134,172.89900575300513,351.9181334093051,163.20644996922957,149.89901097364586,112.9735091047762,231.27053676974904,2.0145923579842733
3.45,4.0532,0.0275,-0.0292,142.14543830870392,173.0466205497265,350.86419564077624,163.4873277075988,150.98055509215894,113.06262436700415,231.8669995496218,2.023208117918986
3.46,3.8709,0.0279,-0.0317,141.50580974310165,172.26794229594987,344.82418205638214,163.18718540787714,152.6719156346932,112.54107219731682,232.39370682719297,2.0531161189568277
3.47,3.7623,0.0346,-0.0329,143.98140072158628,175.28170522627894,341.17979784306516,168.56425125059653,168.33894014428176,114.19261701915792,239.11199376291904,2.1177492494075283
3.48,3.611,0.035,-0.0329,143.35495986693087,174.51908157713325,335.9587517116951,168.3050637640166,170.06206962311487,113.718954653302,239.57119176393738,2.144677509371899
3.49,3.6072,0.0353,-0.0329,143.54517640103703,174.75064953169726,335.91883257338526,168.56713864528908,170.75728431195267,113.873089650476,240.00945997802992,2.1479412551983423
3.5,3.4986,0.0354,-0.0329,143.01204334243852,174.1016179820991,332.10623272934123,168.22128095559742,171.61742303263873,113.4897888780281,240.217261936567,2.166913895280155
3.51,3.3744,0.0365,-0.0325,142.73453511080916,173.76378187402855,327.6392892371054,168.58441079106953,174.82163078880495,113.27754132025142,241.28436603877248,2.1956104918221784
3.52,3.1766,0.0389,-0.0321,142.35161290173676,173.29761570646212,320.24468578398546,169.56207600800886,181.45302717725158,112.9809194929384,243.35653895997424,2.246401352621067
3.53,3.0525,0.0466,-0.0321,144.04180267457068,175.35523803860778,315.4857216556167,174.50527925604533,198.9601525755836,114.12101852191046,249.24323360338443,2.3144679808727
3.54,2.8547,0.0483,-0.032,143.0289678365184,174.1222217140224,307.584935654732,174.66320930104536,204.31157501133154,113.45118856602042,250.46200634851868,2.363470958120402
3.55,2.8043,0.0485,-0.0319,142.7459004624657,173.77761795430607,305.5807235288397,174.55062810200087,205.20287899637103,113.28817833416161,250.74244469495886,2.3757286407165075
3.56,2.7345,0.0485,-0.0317,142.22379811799385,173.14201510016645,302.73208752789526,174.19407136838632,205.8768273269203,112.96604088873966,250.87415782024186,2.391303443473901
3.57,2.719,0.0482,-0.0313,142.09135300540936,172.9807775718027,302.16111043733906,173.93198062063996,205.37826912388334,112.9035031002084,250.83928674084953,2.393821284548204
3.58,2.6414,0.0478,-0.0306,141.36280141557683,172.0938452015718,298.91854474398014,173.2533313294813,205.29842308970197,112.44339268187164,250.69135665326385,2.4095041218672137
3.59,2.4513,0.047,-0.0302,139.39955733406896,169.70380892843178,290.57507431041165,171.6220514501913,205.5948798442751,111.17094386119346,250.18018323917366,2.4500712463266803
3.6,2.0867,0.0461,-0.0296,135.27488411996293,164.68246762430272,273.27713330095,168.6477487813576,208.02815454730944,108.53238265124641,249.4304168554967,2.541375655426449
3.61,1.951,0.0464,-0.0294,133.77378760377186,162.8550457785049,266.4030320336387,167.87114608358672,210.56968461987933,107.62740380376371,249.6918222001486,2.583872712594293
3.62,1.7299,0.0437,-0.0292,130.17738503725727,158.4768165670958,254.47586787492997,164.29211838012418,207.65103709105216,105.33526415445465,247.70625075607157,2.6413103397386495
3.63,1.598,0.0393,-0.0288,127.13497885899442,154.7730177413845,246.92858717361048,160.02075715393303,199.07824718138056,103.30503806053659,244.33947209229177,2.6628965673353937
3.64,1.3575,0.0373,-0.0273,122.72941765304232,149.4097258384863,232.04055121733842,156.21387188349965,198.2489907618421,100.54729176916936,242.56203549355217,2.7488620071013727
3.65,1.2606,0.0311,-0.0267,119.25149115886174,145.17572836730994,225.6118462555058,150.22001852830792,183.27440152891526,98.06577914760898,236.93159208795777,2.7496020176291003
3.66,1.3381,0.0294,-0.0255,120.1743984393646,146.2992676653134,230.9111106635145,149.59019452545843,177.0650405780852,98.52643010805903,235.47328275809747,2.700727514348749
3.67,1.2373,0.0286,-0.0245,118.17718970712109,143.86788312171262,224.1534438666038,147.7964785924848,176.49054666147254,97.27243138734686,234.65627326570532,2.7421898006098124
3.68,1.152,0.0278,-0.0222,116.3535210737176,141.64776478539537,218.18685426895857,146.09454981242482,175.69778430423133,96.12323792513483,233.82978231318282,2.779382140089335
3.69,1.1752,0.0282,-0.0222,117.01638504929305,142.45472962522632,219.9202124200785,146.7332443417553,176.40466577400002,96.58683285727388,234.45993341938504,2.771590824355069
3.7,1.1984,0.0249,-0.022,116.3929031834869,141.69570822337536,221.63663146854643,143.92412736274648,166.06848385464718,95.93588966632313,230.8885307018954,2.731045946542462
3.71,1.2884,0.0232,-0.0216,117.45163170820678,142.98459512303435,227.94047501813193,143.24523534487503,159.4147765545451,96.4465230601362,229.0546790797952,2.671797615719285
3.72,1.4855,0.0207,-0.0199,119.64160220020554,145.65064615677198,240.8017606534851,142.62119087758478,149.15403065613447,97.58969517160365,226.0763442126023,2.561800159000365
3.73,1.9044,0.0199,-0.0197,124.79670548918759,151.92642407379358,264.90109831760594,145.33130461531906,142.88226159225943,100.88877770676308,225.48787834209858,2.4079052421958873
3.74,2.8741,0.0199,-0.0214,133.67658831682107,162.73671621178218,310.14907542135865,151.59713455863647,137.3852840150162,107.1285443272259,226.3289374666843,2.171170009221069
3.75,3.2969,0.0199,-0.0294,136.57040292078807,166.25962094704636,326.89443474741097,153.81051160625742,135.77802083770578,109.34792653261864,226.7120211998444,2.0939787725528434
3.76,3.8011,0.0199,-0.0325,139.3865337526203,169.68795413362471,345.25706181163184,156.35415899733536,134.40834336636962,111.69449984785565,227.1038563758406,2.0125813655545604
3.77,4.2433,0.0199,-0.0328,141.60589547961672,172.38978580127255,360.1970418002203,158.2282104968952,133.2694111221824,113.56247835755816,227.44166428183692,1.951593219982579
3.78,4.4294,0.0203,-0.0329,142.7564076538898,173.7904093177789,366.2557908442781,159.423558262182,133.83149368791706,114.53978941147328,228.25621844429315,1.9319758238600384
3.79,4.6816,0.0207,-0.0329,144.12913221833753,175.4615522658022,374.19466858787723,160.835722938869,134.25339674204943,115.72890445230371,229.0828293217786,1.9053397159022767
3.8,4.7785,0.0226,-0.0329,145.7521634529035,177.43741637744773,377.23688573994644,163.16633309651414,138.4983769948564,117.00560116784592,231.90272944005136,1.9111319917870662
3.81,4.8794,0.0248,-0.0321,147.50235293879965,179.56808183853872,380.36749920760496,165.7091928639293,143.275268646585,118.3529862775545,234.91265011064363,1.9181308891706352
3.82,4.9143,0.0278,-0.0321,149.35255411381635,181.82050066029817,381.50475822645404,168.64335328186525,149.82245052913726,119.6899362674317,238.596696325293,1.93783713601403
3.83,4.8639,0.0279,-0.0317,149.29727906535186,181.7532092969501,380.1041396274998,168.59994137451707,150.2068174651887,119.63493523893284,238.8478179097919,1.94502491008017
3.84,4.7863,0.0308,-0.0306,150.52979640702702,183.25366519116332,377.8770070305588,170.9010114597165,156.70578156423932,120.42914437545465,242.06898417206398,1.975636510912132
3.85,4.604,0.0311,-0.0302,149.98971118571677,182.59617013913348,372.4043650782028,170.54261773817512,157.97936725811476,119.94067909638262,242.46405935207775,2.000562329436358
3.86,4.5225,0.0318,-0.0294,150.04901792909965,182.66836965281698,369.9687748603698,170.87163525830664,159.78254974915168,119.94028032651353,243.29415229042593,2.0162511113064165
3.87,4.4023,0.032,-0.0234,149.68583835210907,182.22623799387193,366.30658533117514,170.62991054873604,160.66700420229085,119.62412851816747,243.60340591078563,2.033585369500198
3.88,4.3286,0.0318,-0.0148,149.34309496078032,181.8089851696456,364.0949133485902,170.2231893715249,160.5254305294634,119.35717391402062,243.53348226692034,2.042331506282544
3.89,4.2278,0.0317,-0.0057,148.90650526266907,181.27748466759712,360.9786978676428,169.78873615727966,160.70709224534323,119.00691837464166,243.54989992052154,2.0555976028222402
3.9,4.1657,0.0313,-0.0037,148.50523232055002,180.78897847719134,359.047213916748,169.24149911535866,160.09306586618314,118.71320615433382,243.27952321487365,2.061904018542288
3.91,4.1559,0.0312,-0.0014,148.5007245976261,180.78349081450133,358.8296292653361,169.15335578255983,159.9246497131249,118.72592603824748,243.33170204352982,2.063127668439613
3.92,4.1538,0.0312,-0.0006,148.57933748729917,180.87919346279898,358.85609928682334,169.17924665589965,159.9452677466274,118.8016150623442,243.48809109141646,2.0640275658118656
3.93,4.1617,0.0311,-0.0002,148.66126700138338,180.97893374081454,359.2097649872246,169.16030340753437,159.7085520162606,118.88664058864737,243.54685453544877,2.0628455767141527
3.94,4.1696,0.0311,0.0,148.78907882538897,181.13453074395179,359.56179247272297,169.2257995141403,159.69065118371782,119.00315559981443,243.70691302603348,2.062374143798799
3.95,4.2239,0.0311,0.0,149.14626515774535,181.56936627899435,361.43405533101566,169.47699626442062,159.49523060995494,119.30913314223673,243.8866071550626,2.055539432265373
3.96,4.2859,0.0312,0.0001,149.58315148431743,182.10122789395166,363.5431517730724,169.8415432810742,159.4921704038632,119.67569791835841,244.17086724020078,2.048460643082593
3.97,4.4294,0.0312,0.0002,150.3495175274344,183.03419525078968,368.2381567921659,170.43557679084844,158.98322063173413,120.32893724190825,244.386270109542,2.0300963727079364
3.98,4.4721,0.0313,0.0002,150.68130842615685,183.43811460575617,369.6822352802948,170.71881135920847,159.0616003432209,120.61162089067246,244.66098601887032,2.025877701430748
3.99,4.5613,0.0316,0.0005,151.31438581199905,184.2088175102597,372.5760924714853,171.3445680570025,159.405945851079,121.1354005231613,245.15597061524798,2.017178742813016
4.0,4.6777,0.0324,0.0005,152.29077568960696,185.39746605691283,376.2729724688384,172.47804805691607,160.71164795154598,121.91310629398923,246.1557721326008,2.0087214037678116
4.01,4.7436,0.0333,0.0004,153.0810556176703,186.35954596933777,378.3820991693768,173.491223518483,162.3798650205277,122.52208836872624,247.21580446898204,2.00727259100651
4.02,4.9802,0.0344,0.0004,154.65847388654313,188.27988125318296,385.5782560624303,175.25814924969828,163.85921429735248,123.80282460825981,248.50845572030303,1.986944911496376
4.03,5.0888,0.0348,0.0004,155.3630979408683,189.13768444975273,388.8643281674185,175.9909771439586,164.33082475788564,124.3931077817685,249.0784690165038,1.9776350534362095
4.04,5.3332,0.0349,0.0005,156.4282229343523,190.43435835486366,395.9929272153011,176.93735423111383,163.78207127698013,125.35238640670791,249.41424641328828,1.9517725673737236
4.05,5.4961,0.0355,0.0007,157.38291351111343,191.59659036135548,400.66949745062385,177.98265994699068,164.50062555777922,126.1615856979047,250.17964182189374,1.9387422628628397
4.06,5.8568,0.0358,0.0005,158.831927542913,193.3606074435463,410.61649450840326,179.39936116942968,164.07986867882298,127.49802231613177,250.72770317855142,1.9045123598701266
4.07,6.0236,0.036,0.0009,159.5443907318477,194.22795393442328,415.14799806201285,180.1065181476206,164.03879749828786,128.16146356604455,251.11774416475424,1.8901026441556739
4.08,6.3067,0.0362,0.0009,160.5777375168071,195.48594132480866,422.5981938854055,181.14465695987997,163.71736451282274,129.15929701399278,251.54021449701563,1.8654179314802322
4.09,6.3804,0.0365,0.0009,161.0223408755797,196.02719758766224,424.5807562311393,181.6328728931425,164.12633161234814,129.55235407882006,251.98790694486758,1.8610710169935654
4.1,6.4735,0.0366,0.0007,161.4231509132648,196.51514024223542,427.0389796468524,182.02213268329086,164.1117397436005,129.94055075648677,252.26037789693163,1.8538686592273355
4.11,6.489,0.0375,0.0006,161.98021610752008,197.1933065656766,427.531892211958,182.7913351779416,165.7829677090402,130.33589669790243,253.2187827037274,1.8583450453692851
4.12,6.4735,0.0381,0.0006,162.30601537804873,197.58993176458108,427.2442774117236,183.2401347634356,166.96257050711276,130.5509570693577,253.89340945057495,1.8637580636907918
4.13,6.427,0.0387,0.0006,162.53982481931953,197.87456934525858,426.1716153214671,183.5951931106095,168.21745763276468,130.6727836258597,254.55217099533738,1.8719225408921967
4.14,6.2718,0.0387,0.0007,162.17750512179936,197.43348449610357,422.3122943941541,183.1855759007681,168.64438799950133,130.30119685376923,254.66189676400256,1.8865994855974357
4.15,6.2059,0.0388,0.0011,162.11564996933095,197.35818257135944,420.71415511155357,183.10672238771906,169.02788994251767,130.21832792385135,254.8829608820707,1.8938262321666877
4.16,6.1458,0.039,0.0011,162.11228937094685,197.3540914081092,419.25301198952747,183.11584825744748,169.58475054247714,130.1785483245647,255.19034985256323,1.9011595732083644
4.17,6.1368,0.0393,0.0012,162.30884584170133,197.59337754641902,419.11848709965113,183.35050389170314,170.18931495638657,130.3208403013858,255.59713379676947,1.9042716028374198
4.18,6.1869,0.0396,0.0013,162.68705300000377,198.05380365217852,420.522415336482,183.76236685786182,170.63021872698076,130.64285289291306,256.02043419630695,1.9018045906821186
4.19,6.2371,0.0397,0.0013,162.97500031172112,198.40434820557357,421.9223239433391,184.027700418599,170.69965943412603,130.90928272495793,256.27458630930374,1.898221540086783
4.2,6.3378,0.0394,0.0012,163.2328289496323,198.71822654737846,424.61127165200617,184.15151484710188,169.89829015921575,131.21589906984258,256.20681630768,1.8877605868077738
4.21,6.5821,0.0391,0.0011,163.8871247317113,199.51476054295293,430.89135152118916,184.6886048181057,168.74758164343544,131.93602672053427,256.1781005612575,1.8646526433521984
4.22,6.7605,0.0385,0.0011,164.18524386461618,199.877688183011,435.41794303041513,184.8011284369225,167.24400285174548,132.36247356960692,255.86774614281998,1.8462610948205953
4.23,7.098,0.0384,0.0011,165.0877201206957,200.97635492954262,443.7004647608503,185.707094847352,166.3266723501918,133.35322406660677,256.02674443753114,1.8180278113037691
4.24,7.2376,0.0383,0.0011,165.46644113578867,201.43740660009055,447.1183472635568,186.05678306026556,165.8736669722814,133.78660974243152,256.12982785723005,1.80671166349658
4.25,7.4393,0.0381,0.0011,165.92668081433922,201.99769838267383,451.94310898090623,186.49184198141768,165.12640690232894,134.34680326165022,256.1602502719569,1.7902030531909476
4.26,7.4626,0.0338,0.0009,163.91681716798004,199.55090785667136,452.5876996825148,183.34447619283466,157.30511005287545,133.16495947904366,252.35908392635943,1.763489469995786
4.27,7.482,0.0332,0.0008,163.73378542859476,199.32808660872405,453.1415074891527,182.97484535367693,156.19573054907116,133.10359409925266,251.92640521411153,1.75879218748533
4.28,7.513,0.0329,0.0007,163.73048149916093,199.32406443376112,453.9624558827401,182.8695425801836,155.61973434679498,133.16913485379973,251.7859630781426,1.7550502186509063
4.29,7.5091,0.0332,0.0008,163.9699534544235,199.61559550973294,453.97773692183256,183.14417321318138,156.20918781464533,133.34602285104185,252.23116835764444,1.757700656090974
4.3,7.5401,0.0334,0.0008,164.23027746415033,199.93251169548736,454.79756220148187,183.43172550449995,156.55495217487587,133.57811593583645,252.58462192845928,1.7570654682011977
4.31,7.5712,0.0336,0.0009,164.4902033182289,200.2489431700178,455.6184177071966,183.7188337515786,156.89955394945707,133.8099423581666,252.93703873314823,1.7564232024816597
4.32,7.738,0.0336,0.0012,164.92452593940433,200.77768375231835,459.5336349833927,184.2049635752828,156.65611137060978,134.31700554477334,253.12620148655105,1.7444066809416776
4.33,7.8931,0.0336,0.0017,165.3229372023779,201.26270615941658,463.1386527624632,184.6551869552524,156.4408226556716,134.7880136859826,253.31151452552908,1.7335049165791347
4.34,8.0483,0.0335,0.0013,165.6569249009554,201.66929987942396,466.70119682077075,185.02269401170003,156.05369283443454,135.21973650254537,253.39771401337117,1.722222238068187
4.35,8.3779,0.0333,0.0017,166.23720636639297,202.3757294895219,474.0212601789004,185.74055221142197,155.24928119624107,136.0229447526224,253.4232685960903,1.6985071014956894
4.36,8.5292,0.0331,0.0019,166.47706163234193,202.66772720459016,477.38251297027557,186.00706694449192,154.71827558922743,136.39284408595034,253.4055939798624,1.6875280831690027
4.37,8.7736,0.0332,0.0019,167.02131765411167,203.33029975283162,482.6716286647697,186.72487674961886,154.60791396331888,137.0704160592526,253.70499967227863,1.672461489908567
4.38,8.9054,0.0332,0.0021,167.31731509929656,203.69064446870888,485.53923851834753,187.09036601747246,154.4746272410489,137.4523536315378,253.87976733576772,1.6644048682815047
4.39,9.1226,0.0334,0.0017,167.84445219667592,204.33237658725764,490.138177247706,187.80532632848673,154.5916646504148,138.0864292720263,254.27004365075803,1.6523094226461894
4.4,9.1692,0.0335,0.0017,168.0568941481289,204.59100157163516,491.2036933092333,188.04389242800997,154.74399057687694,138.30953277879456,254.52494963084368,1.6504448134368546
4.41,9.239,0.0376,0.0018,170.43568955140702,207.48692641040856,492.7398093342111,191.31749844119508,161.72474844428163,139.8821623825711,258.5370345795644,1.6700649523924027
4.42,9.2584,0.0415,0.0019,172.50726584479443,210.00884537627147,493.2457531927426,194.18525050732086,168.26889237551703,141.1641382510781,262.02951203517586,1.6902767370217535
4.43,9.2894,0.0452,0.0021,174.39515206271727,212.30714164156888,493.9872439684107,196.8218884922195,174.32616734510805,142.32617326243695,265.1129873000216,1.7075679528771168
4.44,9.3088,0.0592,0.0023,180.38089761766466,219.59413623020046,494.492202320871,205.5870977499668,196.33018073251915,145.68461248526575,274.7383477405354,1.769791110086522
4.45,9.4135,0.0622,0.0023,181.7880741220693,221.30722067034523,496.7199753138928,207.5792147264313,200.65508843287216,146.61103858259455,276.689925573168,1.7757668000916211
4.46,9.5028,0.0651,0.0023,183.09807807415976,222.90200809028144,498.62544777308216,209.43568292125752,204.79471809382648,147.45882351274275,278.5114824484378,1.7819552617021925
4.47,9.5958,0.0652,0.0023,183.39241909666308,223.26033629158982,500.59483669300766,209.74379261306387,204.75097469760289,147.77656110218987,278.74503918037425,1.7770417800554197
4.48,9.7781,0.0652,0.0023,183.79925713900582,223.75561738661577,504.3180348039777,210.1892837713295,204.3618746367961,148.26966477841393,278.94152024974085,1.76636769530888
4.49,9.879,0.0653,0.0025,184.0982511398398,224.11961008328325,506.4121036345,210.51099042035096,204.308716355331,148.59998642699261,279.17573573311654,1.7611315564424077
4.5,9.6308,0.0738,0.0031,186.69918906859854,227.28596930090256,501.6266024210768,214.51016409207864,217.20947608650462,149.6604202159227,283.7585458780929,1.8076936002633242
4.51,9.5789,0.0741,0.0028,186.79697318554395,227.40501083457525,500.70118341032855,214.59539491787163,217.78675722726376,149.686717569118,284.0563637485926,1.8124271046090628
4.52,9.5801,0.0755,0.0026,187.34986327841162,228.0780944258924,500.834189098047,215.3530594786244,219.79359581672563,150.0144834720631,284.90824756589615,1.8176670979768856
4.53,9.5813,0.0769,0.0027,187.89670881475323,228.7438194266561,500.96812296399156,216.10265249822925,221.7889655044721,150.33847083930863,285.7495568425472,1.8228370629605595
4.54,9.5842,0.0792,0.0027,188.72240257169767,229.74901182641457,501.135423926261,217.28950432130642,225.03076200129985,150.80564037264162,287.00712163602543,1.8308330891819575
4.55,9.7044,0.079,0.0029,188.98430513321475,230.0678497273919,503.6373604348802,217.50582248608399,224.45260136713372,151.13725532326708,287.09903247918504,1.8231997309176358
4.56,9.6501,0.08,0.0029,189.28893088537777,230.43869846915558,502.6682987336342,217.91834004832023,226.0052156944711,151.26522558016336,287.7167158122155,1.8303197735673646
4.57,9.8441,0.081,0.0028,190.05953892038926,231.3768299900391,506.61408498254934,218.87924335042646,226.9043629622823,151.94839938597033,288.3839652271828,1.8221703543480228
4.58,9.8867,0.0816,0.0027,190.41940841315173,231.8149319812282,507.559850400662,219.30795993661127,227.6390217237346,152.22854778742564,288.82968195117815,1.822002167315816
4.59,10.1505,0.0837,0.0027,191.6377498314243,233.29813022956003,512.801625133708,220.93119500770823,229.85994632798744,153.222362139784,290.0017919206745,1.8134448272768389
4.6,10.294,0.0838,0.0027,192.016501829487,233.75921961850594,515.6699161422647,221.33374339429795,229.6507183277157,153.6405571428223,290.23670306933633,1.8058248502156562
4.61,10.6586,0.0838,0.0027,192.72365333368322,234.62009971057088,522.6839822291341,222.14970101007515,228.77731826958131,154.50578946399835,290.4710088994547,1.7854647379783646
4.62,10.7672,0.0828,0.0027,192.68041134836182,234.56745729365787,524.8244677206675,221.94746262524345,227.1872797861074,154.6705431068413,290.1988449863473,1.776682095717758
4.63,11.0581,0.0819,0.0027,192.93517065180677,234.8775990543735,530.3096408940588,222.1586565140912,225.3255702740208,155.21793317464355,290.0025984011964,1.7583163679906162
4.64,11.2443,0.0816,0.0027,193.20538651033087,235.20655749083758,533.8169838548542,222.4373613403887,224.53025644119262,155.63754577358338,290.0583853392795,1.747814499721243
4.65,11.4343,0.0815,0.0031,193.53528935316785,235.60817834298697,537.3605759441465,222.81563665815864,224.0071287083407,156.0910511748073,290.2061371984522,1.7379116605122333
4.66,11.636,0.0826,0.003,194.26270760913312,236.49373100242295,541.0765383202012,223.78877515167585,225.07376232453817,156.7523954706216,290.9080545264685,1.7314050481361252
4.67,11.6787,0.0837,0.003,194.7715595818988,237.11320296926814,541.9491260998587,224.4473504029236,226.4700524015253,157.1009955525353,291.57477895100317,1.733120939875427
4.68,11.6709,0.0855,0.003,195.4322927793909,237.91757381838895,541.9255848145411,225.332670723111,228.89226065059054,157.45714906023602,292.53923632249774,1.7395660730873754
4.69,11.6438,0.0876,0.003,196.15065243659325,238.79209861846135,541.5589960592557,226.30799986075726,231.73643789344405,157.81539121467176,293.6169475891258,1.7478305580433373
4.7,11.5042,0.0906,0.0031,196.96805203738964,239.78719378464825,539.1836168088807,227.45489682747962,235.99024996898285,158.0760200211189,295.0377019719414,1.764502274341364
4.71,11.4072,0.0923,0.0033,197.43016214044766,240.3497626057624,537.5562801917948,228.0752126603461,238.44136801769938,158.22064857836307,295.89211426648245,1.7750256930066761
4.72,11.1046,0.0938,0.0033,197.49898646327134,240.43354873789556,532.1757640736463,228.1739051153341,241.120531439383,157.91338918900124,296.6129933217756,1.7959829083917107
4.73,10.7207,0.0961,0.0035,197.61308340045517,240.5724493570759,525.1823671624816,228.4220363805188,245.07017227796754,157.52424034901458,297.6304189488214,1.8241858912341877
4.74,10.5306,0.1001,0.0035,198.47216725187573,241.6182905675009,521.7145812278619,229.77300622836054,250.7383371465361,157.7442288088378,299.3327661167413,1.8466099922015586
4.75,10.1001,0.1005,0.0035,197.8535658913144,240.86521065029578,513.5696488424352,229.023206224039,252.44147628841787,156.94277473281923,299.5551818716071,1.873332787735964
4.76,9.9449,0.1041,0.0033,198.57246212729012,241.74038867670103,510.6463835201997,230.20775990757755,257.5191898472682,157.14314003268493,301.05452024462767,1.892915400602804
4.77,9.6036,0.1046,0.0035,198.06328519342873,241.12052110504365,503.9854182480937,229.6457485988858,259.1804792315087,156.50836959551393,301.32421675963434,1.9158091580924337
4.78,9.4097,0.1048,0.0036,197.77196507631513,240.765870527688,500.1781548282604,229.29427318370242,260.03413095764313,156.16498962629265,301.51327692529117,1.9291395761384191
4.79,9.1071,0.1047,0.004,197.12907125374488,239.98321717847205,494.0758340209581,228.53592629014,260.8616015657135,155.50967204582713,301.5623518742638,1.9491087490120858
4.8,8.9016,0.1046,0.0048,196.69252647624742,239.45177136238817,489.89164834892847,228.00460422532888,261.3977167613788,155.07701025934637,301.6330817140656,1.9631191941410024
4.81,8.4284,0.1031,0.0054,195.18274274296488,237.6137737740442,479.8776813686457,226.1714495882694,261.0363738015052,153.76656877075445,301.10405222769486,1.9926248650962752
4.82,8.2189,0.1021,0.0051,194.45251812980536,236.72480467976308,475.38272901545054,225.217187220036,260.44707151528183,153.17475999189273,300.824791182645,2.0056413474721513
4.83,7.7884,0.0984,0.0051,192.38745556308672,234.21081546810558,465.8091212045461,222.48944127024063,257.06221042427137,151.61503351247703,299.4225187389875,2.028454815032019
4.84,7.6177,0.0961,0.0051,191.39195482136793,232.99890152166532,461.97753950487015,221.04882567594507,254.57475105085118,150.92233345095005,298.6105647769605,2.0358260473178964
4.85,7.2182,0.0926,0.0052,189.33501622577737,230.4948023618159,452.6623094056192,218.36825480554862,251.274689134779,149.3813917885974,297.2105473275543,2.0587523583515983
4.86,6.8691,0.0905,0.0054,187.70843721839756,228.51461922239704,444.26373063896386,216.37629346764572,249.70454625220296,148.1215045401437,296.3712730420718,2.0830321139959707
4.87,6.6907,0.0852,0.0048,185.8139402048735,226.20827503201988,439.9076014167834,213.46434143310765,242.894792901009,146.90793861435472,294.1509256859163,2.0830332475283524
4.88,6.4502,0.0828,0.0044,184.39471133250666,224.48051814392116,433.8857335746671,211.58977855416202,240.3817397774974,145.87255490501937,293.133029014117,2.0980267183259698
4.89,6.3688,0.0771,0.0044,182.6447512115035,222.35013190965643,431.8736550319032,208.66481408742845,232.32822932227728,144.8289877197938,290.5507442546455,2.0870739412109245
4.9,6.3028,0.0711,0.0044,180.7778718710873,220.07740923436717,430.2457358910028,205.51988536014724,223.55061406828986,143.7243449385599,287.6331648287936,2.0724493596428384
4.91,6.2253,0.0685,0.0044,179.80442448642535,218.89234285303954,428.30379879493944,203.95675744928263,219.84554977605382,143.10667007445565,286.3649977744619,2.070710095947167
4.92,6.1904,0.0644,0.0046,178.49700819369406,217.3007056271058,427.47219068378996,201.71655199743645,213.58354768046703,142.34071504114965,284.21095088188866,2.0586384874460335
4.93,6.1608,0.0617,0.005,177.60795209598828,216.21837646468137,426.77812738480986,200.18335383853852,209.41234489305643,141.81777881955142,282.7680988469711,2.0510749759613622
4.94,6.1615,0.0583,0.0046,176.56130847161094,214.94420161761334,426.88026382336074,198.32337260567616,203.95164942834143,141.23399830085484,280.8363147162287,2.037174760364688
4.95,6.1621,0.0573,0.0044,176.30433125484652,214.63135978850883,426.9806089450407,197.78514646269394,202.32954046279244,141.11261525631906,280.348969639934,2.03328440134886
4.96,6.1749,0.0547,0.004,175.5181308534463,213.67424625636943,427.40253003126475,196.35349101331605,198.03638244366942,140.69069884919435,278.8082583252655,2.02098329710668
4.97,6.3455,0.0544,0.004,176.0770891821289,214.3547172652004,431.9609201230603,196.79149200633702,197.03884235240406,141.25853242455665,278.80722637078475,2.0036977916029763
4.98,6.3959,0.0543,0.004,176.29215725748404,214.6165392699806,433.35439492669,196.93249327223987,196.734358215605,141.4769882123905,278.8986610532382,1.9989728784235794
4.99,6.3765,0.0538,0.0042,176.12857253513985,214.41739265147461,432.938820915011,196.6011516867281,195.97499950082482,141.3853997181202,278.6986074926656,1.9990174616011664
5.0,6.3843,0.0538,0.0046,176.2380968244966,214.55072656895243,433.2288482257135,196.65710027366802,195.95885178163033,141.48901602984375,278.84232847724235,1.9987673259239593
5.01,6.361,0.0538,0.005,176.2443030723134,214.55828200107717,432.71182465614567,196.60731504992114,196.03158966448257,141.4931113739332,278.9757692724835,2.00145775253592
5.02,6.3339,0.0539,0.0052,176.27369754962902,214.5940665821571,432.093064739153,196.6028709600884,196.27977972109935,141.50636566324997,279.1751140428128,2.0049794547039665
5.03,6.2718,0.0594,0.0054,178.0811363792825,216.79442689651782,430.55589606323184,199.5701003506225,205.39044238318283,142.52874946751083,282.8455795501604,2.0356456490966814
5.04,6.1399,0.0687,0.006,180.6486735644733,219.9201243393588,427.1617835950408,204.0829680342826,220.40701401441876,143.8984606847618,288.34435302763796,2.0863901151823017
5.05,6.0934,0.0723,0.0068,181.61244333863164,221.09340928181246,426.0109598898307,205.74438247925124,226.05956877925595,144.43122671463843,290.39451854761353,2.1049282002979375
5.06,5.787,0.0808,0.0093,182.7500889049196,222.47836910164128,417.7939357993736,208.66458125155998,239.9685417655631,144.7705122509616,294.6561220556687,2.1666115253349667
5.07,5.6474,0.084,0.0097,183.02304568001622,222.81066430610673,413.99912014025625,209.5867696800163,245.2593987552996,144.8076172883464,296.2420849232402,2.1926251306793776
5.08,5.2556,0.0899,0.0095,182.62038478502686,222.32046843394576,402.86408075900795,210.56368022500877,255.69051510233004,144.20476170269382,298.85783059642404,2.2559035324821166
5.09,4.9763,0.0915,0.0095,181.58361011889812,221.0583079708325,394.627077175399,210.02809282470568,259.46002444174303,143.3632577139148,299.5719904871895,2.294886483375493
5.1,4.4178,0.0922,0.0096,178.5115394754323,217.318395883135,377.1637917838835,207.675324548505,263.75297194057737,141.09274073237327,299.75370136082483,2.3708425373355007
5.11,3.7972,0.0923,0.0097,174.29138000645546,212.18081044264144,356.05129471172756,204.38294465584192,268.15455013903363,138.13804788567356,299.6087508930942,2.4652131738446257
5.12,3.5412,0.086,0.0098,171.10380169162565,208.30028032023995,346.7558221420143,200.25282928058297,260.5284996472028,136.03037935895918,296.8612881129429,2.489262392053846
5.13,3.0797,0.0796,0.0099,165.86939964300652,201.92796478279055,328.81868028794986,194.5064703029218,254.21507075090193,132.54136734223258,293.73324952444005,2.5551066256220234
5.14,2.8702,0.0772,0.011,163.4357592219843,198.96527209632873,320.1635644551464,191.9588089839086,252.1454228614611,130.941453387267,292.5581651424785,2.5911052295264265
5.15,2.5095,0.0754,0.0136,159.2939903370509,193.9231186711924,304.24630750969055,188.35676724346186,252.67295106415256,128.25154665042544,291.51587137893785,2.6690187670809644
5.16,2.2729,0.0712,0.0147,155.69021352746074,189.53591212038702,293.0306821523191,184.40633670830707,248.045161204036,125.9035126398822,289.28187487493096,2.7159985276600747
5.17,2.2243,0.0655,0.0173,153.97328251154792,187.44573523144965,290.70450486860574,181.26074448753124,238.46861698560136,124.7130975173495,286.2552514417619,2.7074062526999954
5.18,2.2018,0.062,0.0208,153.00257194749904,186.26400063173796,289.66808680543335,179.31974110861333,232.31467260085145,124.03093549552628,284.33653093425164,2.6994825149694197
5.19,2.2388,0.0587,0.0245,152.78663825001522,186.0011248261055,291.6052598246204,177.95658006581678,225.77988989494307,123.83217866698106,282.494608323468,2.6748909480697747
5.2,2.2758,0.0582,0.0369,153.21880759009858,186.5272440227287,293.6048374348216,178.03756445559293,224.40809011688353,124.10311134287598,282.3523337138905,2.6623573714103745
5.21,2.5017,0.058,0.0425,155.84725026892522,189.72708728390896,304.4884169616408,179.83668437940915,221.86860116181361,125.83721744770014,282.56103927445116,2.602697475924184
5.22,3.3551,0.0593,0.0453,164.1908223536968,199.88447938710917,340.59421629617844,186.54760286424917,217.7941744165435,131.58165663340353,284.1304134400506,2.4269498043332898
5.23,4.317,0.0606,0.0542,171.21375636900913,208.43413818835896,375.0678497039307,192.59036618957884,214.71312746196085,136.76429633288876,285.60280665648077,2.2777739667399657
5.24,5.4612,0.0669,0.0501,179.00497621945217,217.91910148455048,410.28922681134753,201.03375408083153,219.97343212360792,142.7157066708625,289.94251260538624,2.160161122579316
5.25,5.8878,0.0751,0.0328,183.25685175861463,223.09529779309608,422.2179514722207,206.77327395597007,230.8334989772759,145.73822078166214,294.63945569241884,2.1455238699939883
5.26,6.5239,0.0838,0.0204,188.19533931384134,229.10736959945902,439.0978027455985,213.16557731961774,241.07741218166828,149.3379426454357,299.2390209079953,2.1128767719060764
5.27,7.16,0.0917,0.0011,192.5760578162345,234.4404182110681,454.97152885721044,218.81855373074177,249.766155935412,152.56865024845786,303.1183380184491,2.0812567744155253
5.28,8.3857,0.0955,-0.0022,197.3525057376823,240.2552243763089,483.35683210506085,224.26336396868228,250.86120676937952,156.6895363963207,305.22546714721256,1.9960555828521314
5.29,10.4142,0.0993,-0.003,203.07122821211658,247.21714738866368,525.1573914649874,231.2541092676739,250.30590435784626,162.26446382340168,307.41699604630406,1.8746249534213124
5.3,11.2559,0.0992,-0.0055,204.61628474393262,249.09808577522236,541.0762940756962,233.21407098688644,248.25027104052975,164.16317239586317,307.7005563357825,1.827258567188584
5.31,11.8959,0.0993,-0.0185,205.7201779382504,250.44195575091354,552.6885313634623,234.70151869444808,247.02662486050835,165.57627172649737,308.013684317057,1.794266116928837
5.32,12.3924,0.0994,-0.0325,206.5298332485777,251.427623085225,561.4502615405911,235.8304089197655,246.16763000632085,166.65513802110524,308.2939331921087,1.7700809917760432
5.33,12.947,0.0996,-0.0376,207.3845474468215,252.46814471786965,571.0135227841463,237.08848417178348,245.3658946980118,167.8246961351555,308.6210219198216,1.7443108059686074
5.34,13.4125,0.1028,-0.0407,208.97129016289458,254.39983150265428,578.8725790582536,239.3884891953643,248.403997540515,169.21198604306468,310.1204249368416,1.7318220518463514
5.35,13.7693,0.1037,-0.0426,209.72327343076856,255.31528939397913,584.8131886753633,240.49441261350933,248.85628692102438,170.06428572157273,310.6793932901907,1.7185691916607575
5.36,14.258,0.1035,-0.044,210.2569999129916,255.96504337233762,592.7666389258851,241.37872264835423,247.78141073673277,170.98189397406802,310.8284239826469,1.6970965458578742
5.37,14.6459,0.1061,-0.044,211.49803684605985,257.4758709430294,598.9900645906403,243.20788872515573,250.22378784449162,172.0870400244207,312.0416376398005,1.6879013234590146
5.38,15.0105,0.1095,-0.044,212.92936466785926,259.2183569869591,604.757586748992,245.29056166542185,253.61590060294935,173.23975880603228,313.5283600419264,1.6819813729127853
5.39,15.0919,0.1095,-0.044,213.0936119423676,259.4183101907084,606.1203882768037,245.48387841187562,253.49807953201326,173.46425528271595,313.6882515226947,1.6790393178933396
5.4,15.0376,0.1185,-0.0439,215.70252116286554,262.59437358957547,605.3973084513035,248.9608975890744,263.9735950286603,174.6045751933555,317.0661529940979,1.7038222003776509
5.41,14.9251,0.1232,-0.0438,216.9613341124675,264.1268415282213,603.7730745517363,250.57914431502317,269.51907034395595,175.06988054215142,318.804940599719,1.7198835536899795
5.42,14.8398,0.1234,-0.0434,217.02023928445854,264.1985521723843,602.5631723097,250.54176351438053,269.91062976628973,175.03883809235595,319.0076613024343,1.7242372193262945
5.43,14.7351,0.1231,-0.0341,216.92597609188854,264.08379698142954,601.0719379177494,250.28337967672374,269.77001963677714,174.91475199392053,319.0387771538078,1.7281891340800923
5.44,14.6304,0.1228,-0.0197,216.83093104452632,263.96808996724945,599.5881800956433,250.02493601805088,269.62763963833646,174.78923209557811,319.06925669397503,1.7321306378402006
5.45,14.4791,0.121,-0.0051,216.28332165715767,263.3014350608876,597.3636359668399,249.11416482324444,267.86799813146126,174.40302847831745,318.58084234262265,1.7345540499003365
5.46,14.3162,0.1173,-0.0008,215.19778313827905,261.9799099074702,594.908077438423,247.4456223185685,263.9462355258242,173.7594005662425,317.4178612002135,1.733010303959881
5.47,14.0679,0.1136,0.0023,213.9967965634037,260.51783929457844,591.0617197949418,245.5847100393052,260.135333901162,172.94966155385865,316.2034679032639,1.7350469097024965
5.48,13.6801,0.1036,0.0017,210.7857215628534,256.6087045112998,584.8879129888857,240.87527507997774,249.07039441882065,171.02930587664252,312.5180210124544,1.7268838300542853
5.49,13.4125,0.1,0.0021,209.50020637394005,255.04372949870964,580.596840781841,238.89783435701975,245.22753520165526,170.12977850995142,311.18247495734636,1.7296456785849752
5.5,13.0401,0.0975,0.0025,208.401588073102,253.70628113247201,574.490185562369,237.13740228734216,242.85624172140442,169.17122204515152,310.2381448133654,1.740368200508032
5.51,12.6755,0.0945,0.0025,207.1283344525444,252.15623324657582,568.4028481962494,235.14551217481537,239.82873590994726,168.13022026505223,309.05742850897155,1.7496432684892507
5.52,12.3109,0.0883,0.0029,204.8020784563393,249.32426942510872,562.2033783825894,231.69850656688303,232.73631461837064,166.56868483855604,306.41736817172546,1.7496551603794528
5.53,11.9279,0.0854,0.0027,203.4516656881484,247.68028866383287,555.5558425434534,229.60449307690993,229.73001922295072,165.4366118994037,305.1583867867071,1.760517790398475
5.54,11.8655,0.0816,0.0027,202.19151419313826,246.14619119164658,554.5430416484534,227.7579212009074,224.95524998020642,164.77108863199817,303.48495295186115,1.752110988430571
5.55,11.9467,0.0703,0.0027,198.3344429780285,241.45062623412164,556.0888680602601,222.48273666300975,209.91076568787884,162.98673887650577,297.8116668032389,1.7100169671561276
5.56,12.0279,0.066,0.0027,196.84318104841722,239.63517692850792,557.6289841983994,220.48205659671117,203.97957132413154,162.37459998147375,295.52742785004665,1.690542047251077
5.57,12.1945,0.0629,0.0025,195.84866040531415,238.42445614559986,560.6658780875401,219.23340515018165,199.52136827296044,162.12918014134007,293.84839117116604,1.6707867871685993
5.58,12.435,0.0608,0.0025,195.28964848970807,237.74391990051416,564.9645094305225,218.6437547277686,196.33973516396958,162.20906505233603,292.7292040648549,1.6511271154868503
5.59,12.6057,0.0563,0.0025,193.55971017810742,235.63790804291338,568.0151954138441,216.53044202213246,189.8841609575582,161.57424887603622,289.9781198663506,1.6250742412542143
5.6,12.7492,0.0564,0.0025,193.80940612440585,235.941885716668,570.5774827444218,216.92845880401615,189.89515199374958,161.94211339422347,290.20051811058914,1.6190210125026445
5.61,12.9044,0.0566,0.0027,194.10986290878034,236.30765919329784,573.3226723615165,217.4049634707106,190.03583169083004,162.35269710788293,290.4911830004252,1.612903442524728
5.62,13.1254,0.0572,0.0027,194.63763218308577,236.95016091853918,577.155348624102,218.23731607492167,190.6661764992283,162.97335119595039,291.0573425953416,1.605470114886546
5.63,13.1952,0.0585,0.0029,195.35639860083552,237.825180905365,578.4282749570759,219.15253756542495,192.41969495311105,163.4831489680503,292.05168760392013,1.6078828138805032
5.64,13.2689,0.0574,0.003,195.00255015256283,237.39440888138085,579.7624051447569,218.72888912160357,190.84708939206394,163.43735664647863,291.474719576538,1.6004362429033097
5.65,13.234,0.0595,0.0031,195.99468381879092,238.60222377939766,579.2813464400754,219.87673971943877,193.80754408799407,163.94407375374212,292.9649956433232,1.6108145430083416
5.66,13.2457,0.0625,0.0031,197.38729294390765,240.2975740186702,579.5783756022491,221.582655134676,197.91786724851218,164.7166951247484,294.9783004936196,1.622357303783534
5.67,13.2573,0.0675,0.0035,199.55764878520694,242.93974634720846,579.8748040642749,224.2912718685127,204.65396109454372,165.87451216965357,298.07937531301525,1.6409070785128184
5.68,13.3426,0.0732,0.0033,201.96047323465842,245.86492393784502,581.3979439325362,227.39292374957205,212.0832577780816,167.23058431901504,301.3860206515399,1.657576985908936
5.69,13.5327,0.0754,0.0034,203.04920610467497,247.19033786656084,584.6503950608654,228.89780102540857,214.7112710933064,168.06613632651442,302.714816872639,1.6567953550066339
5.7,13.8779,0.0744,0.0034,203.04283536318985,247.1825821812746,590.4054519990436,229.13123586057765,212.99964636008707,168.57229794739962,302.3804933629619,1.6383719385398445
5.71,14.2929,0.0756,0.0035,203.9080072297158,248.23583488834967,597.1920550576808,230.56211910074475,214.04865525014623,169.5966624104034,303.21062445398184,1.6247681850057054
5.72,14.5606,0.0757,0.0037,204.22341794926837,248.61981315563105,601.5449018532335,231.16203902964014,213.87552119294895,170.15185654391556,303.4386808236271,1.6141108431911564
5.73,15.0337,0.0795,0.0037,206.07630101036906,250.87549688218843,609.0424775482679,233.91285216309316,218.12831265466912,171.71679193170914,305.58419534535403,1.607374267926676
5.74,15.4837,0.0813,0.004,207.11375893094558,252.13848913332507,616.0499494853376,235.63439169142723,219.8694676896157,172.85215887093267,306.67707205166533,1.5953546774690888
5.75,15.7978,0.0829,0.004,207.981703345509,253.19511711627186,620.9009944367657,236.9853282150806,221.49517747531794,173.7174404721903,307.63618994860326,1.588431586406964
5.76,15.9724,0.086,0.004,209.30622269986537,254.8075754607057,623.6206387974293,238.7699975547352,225.10308542223734,174.60792465426698,309.2689940235078,1.5915546182623705
5.77,16.112,0.0879,0.004,210.15772480810574,255.84418672291133,625.8044892270008,239.92445050683793,227.26234830079392,175.22872338795796,310.3049445157212,1.5922662654602882
5.78,16.081,0.0963,0.004,213.15192765409716,259.4893032310748,625.4514944318759,243.5937182057453,237.3237455187583,176.59720405402894,314.14173097116577,1.6181263293823156
5.79,15.8909,0.0996,0.004,214.20537445262377,260.77176020319416,622.7234054700267,244.7011256778265,241.4705890492033,176.87374528035423,315.6309953549831,1.6349135151819871
5.8,15.6272,0.1009,0.004,214.52484115730755,261.1606761915049,618.8614047917932,244.81393763974629,243.36823242754355,176.72283119535822,316.26243476431824,1.6491113993518305
5.81,15.2703,0.1009,0.0044,214.33812146785542,260.9333652652153,613.5297735613997,244.20231187138185,243.88315894356836,176.2202465740335,316.3462134859608,1.6637120328089814
5.82,15.216,0.1008,0.004,214.34964142802508,260.9473895645523,612.7986568511608,244.10309247307546,243.85965973547792,176.19959622133007,316.4347448402286,1.6659929748535391
5.83,15.2665,0.1004,0.0039,214.3490670048813,260.946690266812,613.6787337077767,244.07442546450122,243.3364776238223,176.30964249497788,316.41637778879374,1.6632117324702465
5.84,15.0493,0.1004,0.0037,214.2596296658598,260.8378100280033,610.4318708733794,243.71017183646308,243.6594870060648,176.03006114514147,316.5200378664594,1.6724120831404004
5.85,14.3395,0.1003,0.0035,213.6835802565183,260.1365324861962,599.370643318302,242.3407212106811,244.59155101443542,174.87834251705644,316.50287728367636,1.7023468243954647
5.86,14.0641,0.0995,0.0034,213.25159372077633,259.61063583398857,595.047451630385,241.50141144238688,244.07210671637552,174.35756536981384,316.26481686100925,1.7125029203159008
5.87,13.7383,0.096,0.0034,211.90428921338975,257.97043904238757,589.84340703479,239.41393649641435,240.39540639663772,173.33652227697684,314.87715984841424,1.7175957157111479
5.88,13.5211,0.0953,0.0034,211.5391226130492,257.5258883984947,586.3625530628798,238.70923975698003,239.89563911221694,172.91599258274923,314.67611880709154,1.725824149173531
5.89,13.5627,0.0947,0.0034,211.47692916544491,257.4501746361938,587.1497761515997,238.57927672055285,239.12040615358362,172.98353569030897,314.5602083520689,1.7225759329001948
5.9,13.6043,0.0936,0.0034,211.25148893104964,257.1757256551909,587.9357755961653,238.23424426093297,237.7398530714568,172.97365030841797,314.22474218315483,1.7178856843712322
5.91,13.739,0.0917,0.0035,210.852514325726,256.6900174400143,590.2519083619861,237.73085400379432,235.24873842947875,173.00606781692602,313.5452815729537,1.7066348709979886
5.92,14.0136,0.0882,0.0035,210.02260005611362,255.679687024834,594.8302762988142,236.790652230277,230.60353248819942,173.0215942201344,312.1422317649715,1.6843816691155773
5.93,14.3744,0.0878,0.0037,210.28471532386408,255.9987838725302,600.7353044652684,237.37021408268149,229.64542581535048,173.67207497317494,312.1497876826094,1.6678344228197046
5.94,14.7622,0.0882,0.004,210.82160430910233,256.6523878545594,606.9773225799439,238.34418898515378,229.6458043168119,174.486609371608,312.5290271635153,1.6529504353491993
5.95,15.1346,0.0885,0.004,211.28933134625774,257.22179468240074,612.8832670888681,239.22930879158832,229.5573598900591,175.24500468306292,312.8577790349648,1.6388146337399736
5.96,15.4449,0.0892,0.0042,211.83611724068032,257.88744707561085,617.756341022896,240.16374176533975,230.03827109035606,175.95500333249205,313.35851464391595,1.628709436874832
5.97,15.6466,0.0899,0.0044,212.30058673475625,258.4528881988337,620.9292339638296,240.88962792019274,230.65350959693444,176.4807003704647,313.840313512911,1.623105359092269
5.98,15.9142,0.0905,0.0044,212.76576218949307,259.0191887524264,625.0680235855706,241.68682925159382,231.0701572935444,177.0922668513904,314.2842937643255,1.6147322192974956
5.99,16.1004,0.0916,0.0044,213.3498669542582,259.73027281387954,627.9554414332945,242.55024738879516,232.17891119707886,177.64962039861638,314.938492526164,1.611088707022731
6.0,16.2672,0.0943,0.0045,214.47237638909837,261.0968060389024,630.5369439718547,244.06534887820658,235.19156601768069,178.4256901196675,316.28766610428687,1.612801979120028
6.01,16.4146,0.0944,0.0046,214.67817704956238,261.3473459733803,632.8178696593566,244.41603086865769,235.15427222177513,178.75605663358633,316.48567710067834,1.6078391141078743
6.02,16.4805,0.0945,0.0046,214.83523109170815,261.53854219860125,633.8914431849247,244.62081861712556,235.21451837919787,178.95763136414604,316.67179488697644,1.605976026955523
6.03,16.3796,0.0945,0.0046,214.86176067905575,261.5708390875461,632.5101159728353,244.48565933668053,235.3536725806982,178.88196211637938,316.7904018725282,1.6101077728444233
6.04,16.2517,0.0945,0.0048,214.87061104291493,261.58161344354863,630.7229868203685,244.30043209855305,235.52509607368674,178.76247494914196,316.90485093277795,1.6152908506909427
6.05,15.9336,0.0945,0.0047,214.75658000637438,261.4427930512384,626.0807427785805,243.76567693820485,235.9264756373487,178.33634451582637,316.99113964694425,1.6278654836955104
6.06,15.856,0.0947,0.0047,214.85839843621855,261.56674592235305,625.0164598030066,243.75146383785835,236.2750877803268,178.32414258610962,317.199328681428,1.631792679990628
6.07,15.7435,0.0949,0.0047,214.935296433915,261.66036087607046,623.4205799724826,243.6711396442714,236.6666690659828,178.2542775221362,317.4019944574299,1.6371078329883728
6.08,15.6737,0.095,0.0048,215.00555865976563,261.7458974988451,622.4650675019715,243.62595476386187,236.88832021794462,178.23737506351057,317.56724322040765,1.6404812117634195
6.09,15.5729,0.0947,0.0048,214.91780480302305,261.63906671672373,621.0339275973528,243.3508867202716,236.67698400526345,178.10646577088505,317.5535425440348,1.6439679689005842
6.1,15.5535,0.0943,0.0048,214.85245908239293,261.5595154046523,620.8391283421029,243.185142991137,236.2464488645996,178.0931595795104,317.50769262665085,1.6439405861067562
6.11,15.5341,0.0936,0.0048,214.684316822647,261.35482047974415,620.6438562522044,242.89018438414737,235.4606344887906,178.0321238431369,317.3288508825596,1.6430520753025728
6.12,15.3673,0.0924,0.0048,214.2388333814355,260.81249281218237,618.1898356599219,242.09834842517637,234.25975402817343,177.6460445631741,316.90277596569734,1.646630439947224
6.13,15.1579,0.0903,0.0046,213.44480207519828,259.84584600458925,615.057356253113,240.82529494300283,232.0280642411036,177.03777371578963,316.0555287868656,1.649348994296458
6.14,14.9135,0.0899,0.0045,213.205201466108,259.5541583065663,611.3486126107365,240.2162351350787,231.86520181376628,176.6388155544109,315.9654542719014,1.6585901010182824
6.15,14.6148,0.0898,0.0044,213.01589411613114,259.32369718485535,606.7396227734246,239.62242897150966,232.13386825619253,176.18836092674388,316.00252348366416,1.6711892498475038
6.16,14.1882,0.0894,0.0044,212.59568795549492,258.8121418588634,600.0091136530825,238.62472794227608,232.21150066866912,175.45259926240553,315.87977141311256,1.6887343208579306
6.17,13.8042,0.0878,0.0044,211.77543572377718,257.8135739245983,593.848857351604,237.16452937186747,230.78233755232833,174.57769794498782,315.2044006626788,1.7013175795721347
6.18,13.3504,0.0859,0.0044,210.75495292895855,256.57124704394954,586.4087121514183,235.3946696257767,229.06731048527323,173.5022965715724,314.3602377536384,1.7166298692703754
6.19,12.9199,0.0826,0.0044,209.23396339485262,254.71960761112493,579.2052066181315,233.0050110139855,225.5574277498489,172.2021166244181,312.81546347300053,1.7270189489296282
6.2,11.9657,0.0773,0.004,206.31771363574188,251.16939051307708,562.5654086044918,228.41093058691487,220.1416081124264,169.45121944129463,310.0808380104047,1.7577211454620236
6.21,11.4343,0.0744,0.004,204.65355195680976,249.14345455611627,552.9762865808451,225.7918808077866,217.12812613861263,167.88814143953388,308.5653549254969,1.7764064830014688
6.22,10.8719,0.0729,0.0037,203.37899757311894,247.59182313249264,542.5103262826676,223.69557364309435,215.97165048388754,166.46614390932598,307.75985008070785,1.8028503711560377
6.23,10.3522,0.0721,0.0037,202.342345576399,246.32981200605096,532.5389875859988,221.98222226679243,215.69719405170147,165.2185586484575,307.33219466021717,1.8308142929755116
6.24,9.8712,0.0614,0.0037,197.56923066369527,240.51906341667248,523.0314003026267,215.28689228535677,201.6866943658949,161.98932163699155,300.99666415895865,1.8202474509149782
6.25,9.4834,0.057,0.0037,195.18546203681794,237.6170842187349,515.1670123138701,211.85139186864475,195.9297045515078,160.1374493342724,298.13342211057756,1.8272313327565044
6.26,9.1847,0.0569,0.0037,194.67028322624094,236.9899100145542,508.9882180890652,210.9626999886139,196.2109665005321,159.4487658933528,298.1153490878208,1.846970720099609
6.27,8.8007,0.0569,0.0037,193.98534467675705,236.1560717803999,500.831535900003,209.84504873976775,196.77992484378763,158.5415123627969,298.1415227455434,1.8737859675669803
6.28,8.7037,0.0571,0.004,193.9389445142117,236.09958462599684,498.79574216331747,209.68542531297572,197.22881532469316,158.4049557355666,298.3733623153257,1.8818944992648612
6.29,8.5486,0.0574,0.0042,193.80091958823726,235.93155428133232,495.46061874361965,209.3957093519209,197.91693506462695,158.1340045275167,298.65716461963217,1.8947124531777573
6.3,8.4206,0.0613,0.0044,195.10122100569768,237.5145299199798,492.69207533949185,211.10939425170375,203.82541621838635,158.7241874834459,301.30775845793846,1.920748557492062
6.31,8.0909,0.0744,0.0037,198.9156134278731,242.1581380861064,485.30577951547843,216.55023045693915,222.90001562258723,160.44200572135662,309.0230264260747,1.9957785326011728
6.32,7.7612,0.0818,0.0036,200.3330024757332,243.88365518784912,477.72920696904356,218.79768009299684,233.65177534045208,160.81459190728313,312.8848819955758,2.047506378518207
6.33,7.5867,0.0867,0.0036,201.27428432059432,245.02956352072354,473.67175460630096,220.30926008221883,240.57115051504857,161.1355102666658,315.33325097814475,2.0779790746620814
6.34,7.2105,0.0921,0.0036,201.55265785001706,245.3684530348034,464.63155515643257,221.1716418120106,248.61145546583927,160.83449541752887,317.8271791724243,2.127020375159268
6.35,6.8924,0.0954,0.0035,201.31206730718318,245.0755602000491,456.76359021901715,221.2708681156633,253.77843232763513,160.33073443302544,319.3057491319622,2.1656902344593916
6.36,6.5705,0.1013,0.0039,201.5320542621143,245.3433704060522,448.5665778803368,222.24839431667547,262.3118679710406,160.09532774024808,321.8206160596388,2.213181930974647
6.37,6.2796,0.1078,0.0042,201.8114141459159,245.6834606993759,440.9448287970334,223.40968436739416,271.4663093430984,159.94775455978626,324.45327882136075,2.259951442942353
6.38,6.073,0.1125,0.0048,201.9253262553949,245.82213631091557,435.4171840408859,224.1608388477379,278.0330710557683,159.81358855607357,326.3070066631715,2.293841666303629
6.39,6.065,0.1178,0.006,203.03182687725402,247.1691805462223,435.27175370594244,225.95256394244223,284.52326519359053,160.46479167851345,328.39255922537507,2.308416295412919
6.4,6.0656,0.1188,0.0085,203.3100428041568,247.5078781963648,435.3686115387012,226.30015060239455,285.6948544028779,160.6495238976464,328.8839592161822,2.31121612263223
6.41,6.0662,0.119,0.0072,203.42710873490273,247.6503932424903,435.445587805538,226.37413948860365,285.89708326208415,160.743996348572,329.08608996046956,2.312126227802485
6.42,6.3261,0.1183,0.0079,204.58908188381497,249.06496924986172,442.55031167280765,227.32093469422242,284.025200496251,161.70888633884255,329.06564311104495,2.28422323145988
6.43,6.5821,0.1177,0.0085,205.68515189279464,250.39931534775002,449.3783747985507,228.24216068845683,282.34185064087853,162.6370186294167,329.0743020494334,2.258019254556154
6.44,6.9002,0.1147,0.0095,206.46654352070493,251.3505747208582,457.6269644150226,228.55180039996154,277.6082967757248,163.4661896901736,328.21520814142923,2.221062828312454
6.45,7.4858,0.1123,0.0037,208.2360885278479,253.50480342520618,472.1329852541404,230.02655144734473,272.8635259268785,165.17611498363792,327.64013360136863,2.1639270631078986
6.46,7.7186,0.1106,0.0009,208.7359310184222,254.11330732677484,477.7489787542901,230.30210713416085,270.1173366373144,165.76761444700503,327.19339957484107,2.140650507751644
6.47,7.9862,0.1105,-0.0103,209.6686914677396,255.24884178681344,484.03433244425617,231.2481113037088,269.24154917986607,166.64230660550123,327.3655326568882,2.1194204056028454
6.48,8.3275,0.108,-0.0101,210.21529022870823,255.91426636538395,491.91224808270437,231.553482653468,265.3132830106603,167.40327678359816,326.6217703647542,2.0868506837427665
6.49,8.7154,0.1068,-0.0099,211.1197495282541,257.0153472517876,500.62153303855047,232.43922424720867,262.89314477264713,168.42037785774207,326.38489592193866,2.0553141826167973
6.5,9.1614,0.1043,-0.0088,211.7501218088153,257.7827569846447,510.3415392605595,232.96352270297012,258.83550044057387,169.3744272022078,325.62842782012746,2.0174985956338625
6.51,9.6308,0.1019,-0.0051,212.3336824477848,258.49317863208586,520.2716965855147,233.51854515965132,254.91917047326055,170.34099335428664,324.8908579167667,1.979788572381092
6.52,10.5035,0.1019,-0.0028,214.2750450940411,260.85657663622396,537.8919743855555,236.08515971786042,253.19850378747566,172.55566177373393,325.22574180754646,1.925469980831113
6.53,10.8797,0.102,-0.0016,215.10020204633858,261.86111553467305,545.258927645245,237.18929503084277,252.62517985610594,173.5203192994998,325.4781042732776,1.903939056632619
6.54,11.2016,0.1022,-0.0002,215.81426736623447,262.7304124458507,551.4548613925862,238.1597002762635,252.29242861634611,174.35290590811184,325.7573434276932,1.8864778077763302
6.55,11.5274,0.1032,-0.0006,216.732401072515,263.8481404361052,557.6105488767846,239.4324686139071,252.91641240371948,175.29019962401742,326.3652998622374,1.8715070128699696
6.56,11.7912,0.1072,-0.0004,218.37286472264768,265.8452266188755,562.5367779304556,241.68257735711717,257.1510983929559,176.49305085727485,328.1642579910518,1.8682521619630732
6.57,11.9773,0.1126,0.0001,220.2368657257809,268.11444523138545,565.9990437099079,244.21484328314315,263.0539270714481,177.68974648418452,330.43317300736373,1.8726041955805084
6.58,12.0859,0.1156,0.0006,221.2961085752806,269.403958265559,568.0412275768456,245.61990274471185,266.2755505680172,178.38498539804667,331.7143728719777,1.8747428028576987
6.59,12.0976,0.117,0.0017,221.76585845580794,269.9758276853314,568.3404150079978,246.1843971065837,267.8321586852294,178.66360081214333,332.3639422204555,1.877917629396787
6.6,12.0317,0.1201,0.0017,222.54382958329606,270.9229229709691,567.2409393421342,247.1535187271401,271.4227800339753,178.98646630380776,333.6102470679099,1.8892178580495516
6.61,11.9696,0.1231,0.0023,223.28217825773498,271.8217822268078,566.2077050982582,248.0766477569518,274.86958468419306,179.2952214342635,334.79738782444997,1.8999470265833445
6.62,11.9075,0.1232,0.0029,223.28134151713135,271.820763586073,565.1704352581594,247.97464819715896,275.0844481858351,179.24836286837393,334.94792456676544,1.9038250254337057
6.63,11.7873,0.1231,0.0033,223.12695025325425,271.6328090039617,563.069875258083,247.64896648852283,275.18284275022114,179.04972850400316,335.01533821848113,1.9103617763836764
6.64,11.6709,0.1231,0.005,223.00052095440356,271.4788950749261,561.029059186932,247.3654092522696,275.38631245871784,178.8689648152303,335.11849622042524,1.9169824290451891
6.65,11.5429,0.1228,0.0042,222.7732585156469,271.2022277581788,558.7511996218756,246.94150736095696,275.2795694878936,178.6236893732652,335.1124399261316,1.923624905380595
6.66,11.4266,0.1214,0.0042,222.28973282552218,270.6135877875922,556.6768871066616,246.16110990735407,273.9234049596378,178.26819257284905,334.71544337045225,1.9270883173483575
6.67,11.2482,0.1181,0.0035,221.20402683675755,269.2918587577918,553.420618107593,244.5314879470005,270.5367168584034,177.53235030640664,333.6061840140735,1.92949379474299
6.68,11.0891,0.1177,0.0035,220.87802431112556,268.894986117892,550.4990289144622,243.97281703768186,270.37153552673243,177.19244188269613,333.55032888159747,1.9379028408247672
6.69,10.9495,0.1177,0.0034,220.68387930812557,268.65863567945723,547.9222586813509,243.6049071705998,270.6247724165512,176.94304943454728,333.6453074530737,1.9462924632287804
6.7,10.7866,0.1165,0.0034,220.13372680653268,267.98888480795284,544.8746466735499,242.73819494722417,269.56222332198973,176.48469495950175,333.2900869574293,1.9532172948620221
6.71,10.5927,0.1157,0.0034,219.61175245298605,267.3534377688526,541.1922240513454,241.91711873104327,269.01258495740785,175.9966143114339,333.0726244225103,1.9631063409218195
6.72,10.3871,0.1157,0.0034,219.2534454560711,266.91723794652137,537.2346990874778,241.3378163218452,269.4030288626014,175.57324288502738,333.14981471754663,1.975899758270634
6.73,10.2591,0.1158,0.0034,219.07682351993722,266.70221993731485,534.7749162068574,241.01414254460366,269.75956603910913,175.34506814635884,333.28202236690316,1.984383170627242
6.74,9.9992,0.116,0.0034,218.6161543734467,266.141405324196,529.6367685740406,240.32093026055787,270.50169514856475,174.79551460005337,333.4187282998999,2.001528522769821
6.75,9.8635,0.1165,0.0035,218.49834874168045,265.9979897724806,526.9573557700289,240.09949033814704,271.34135417542825,174.586152713965,333.69662174359144,2.011811184783095
6.76,9.7044,0.1184,0.004,218.65058320171656,266.1833186803506,523.7729990974309,240.28806500767118,273.83451087591317,174.48362967266024,334.48416244106295,2.0271609372747297
6.77,9.5493,0.1189,0.0035,218.45959879984417,265.9508159302451,520.6337412269388,239.98664399704114,274.7236634191935,174.21175996442534,334.7527235055964,2.0389989970459688
6.78,9.3825,0.1189,0.0033,218.10795457298724,265.5227273062454,517.2159069310259,239.46504658301325,275.07294252612087,173.84157433374787,334.8340890002764,2.0505853754203436
6.79,9.1343,0.1207,0.0032,217.9394084709882,265.31754074729,512.0206255793108,239.28230447328767,277.66817559738246,173.45888992047702,335.547301413605,2.072362006540917
6.8,8.8279,0.121,0.0031,217.22008599551933,264.44184382063224,505.46411879982395,238.35971741647836,278.7072516328393,172.71495858386587,335.69583523191426,2.095184101618008
6.81,8.3004,0.1211,0.0031,215.71383113345226,262.60814224942015,493.77888496687325,236.53820691719957,280.0991795008523,171.2710432547765,335.70363676013,2.1350618791614195
6.82,8.0832,0.1208,0.0029,215.01732982773765,261.7602276163763,488.8731030266427,235.647770423795,280.2902449561192,170.65280591277406,335.65414932061657,2.151651369801433
6.83,7.8621,0.1205,0.0029,214.2795027424142,260.8620033385912,483.79164021557125,234.72220814642787,280.5042663762779,170.00678584840364,335.60119215971815,2.169026712581605
6.84,7.6022,0.1204,0.0025,213.41358000168745,259.8078365237934,477.68662450368777,233.68856817649893,281.0715276028233,169.24298463261647,335.6057114569569,2.190659211546528
6.85,7.4509,0.1202,0.0023,212.8895562891826,259.169894612918,474.10025118860483,233.02807175421648,281.2358239239349,168.79902372776021,335.60729734584663,2.2034331858151766
6.86,7.416,0.1188,0.0024,212.53511828861173,258.7384048730926,473.31958376072885,232.4264474359177,279.6783434816218,168.58934820008312,335.2085982153431,2.20344825257123
6.87,7.4044,0.1162,0.0025,212.00380461956323,258.09158823251175,473.1053321232849,231.50687909109163,276.64381692268046,168.31020390381454,334.36501590721224,2.198461457241604
6.88,7.3268,0.1117,0.0027,210.79221301226596,256.61660714536725,471.274020832733,229.64742944669774,271.51597242506955,167.5727846754775,332.74911485272844,2.1942409974471366
6.89,6.9273,0.1035,-0.0004,207.45462813866286,252.55346034272,461.3395435846264,225.07359496249427,262.6898507991873,165.2433653161158,329.4516125405291,2.2088183947370137
6.9,6.6985,0.101,-0.0014,206.02318406648507,250.81083277659053,455.5187444542148,223.18543783843913,260.22251713503164,164.1788892567063,328.44494935472324,2.2238228085289977
6.91,6.4929,0.0982,-0.0123,204.5686787823574,249.04013069156554,450.1357894268976,221.2400702153117,257.29454805925553,163.12823921944113,327.29113433292815,2.236479494879764
6.92,6.2796,0.0963,-0.0124,203.2671871781072,247.45570612986964,444.48961392605247,219.57131551441958,255.4909189982992,162.1475923133806,326.49964340902096,2.2528181931965587
6.93,6.0818,0.0942,-0.0124,201.94867387275843,245.85055949727112,439.1490402598452,217.8640932983506,253.3749609391867,161.17159895706635,325.6069895096923,2.2675893477633546
6.94,5.8995,0.0906,-0.0123,200.2997516713661,243.84317594775004,434.1338166426321,215.6134224955937,249.24706948720896,160.01282246227237,324.00700495528423,2.276675767331089
6.95,5.7404,0.0885,-0.0103,199.09515986059705,242.3767163520312,429.69389515650226,214.0235659924261,246.95433656200194,159.1378772138323,323.0730324570247,2.2881035136158543
6.96,5.5737,0.0856,-0.0092,197.62253679318636,240.5839578351834,424.9486765612749,212.0447705133217,243.5962956057757,158.08956009253836,321.72361874602524,2.298230193456808
6.97,5.5155,0.0813,-0.0076,196.29726634587823,238.97058511672134,423.3166837380903,209.99645444840658,237.95691898087227,157.2397246410716,319.66651571725686,2.2912329662306545
6.98,5.4573,0.0786,-0.0047,195.36205286408529,237.83206435627775,421.6804051495291,208.57471167552973,234.4129820885662,156.62262884229938,318.3565167216778,2.289218966620313
6.99,5.4628,0.0766,-0.0065,194.91285696732385,237.28521717761166,421.8924247028462,207.74934830039163,231.61321471091074,156.37282029749133,317.40889571926607,2.282069588092987
7.0,5.4682,0.0754,-0.0107,194.67214460352568,236.99217603907476,422.0879214888623,207.25771637126178,229.91110846577456,156.252326370943,316.87493163977894,2.277705554591871
7.01,5.5121,0.0741,-0.0127,194.58788011474664,236.88959318316984,423.42834052869074,206.9121159782646,227.95300817898593,156.26870167481417,316.29223307781297,2.268378162602472
7.02,5.6124,0.074,-0.0131,195.10735151901818,237.52199315358737,426.4144442595546,207.37266384149603,227.52209341151303,156.71954915167808,316.39300121430307,2.256887872750282
7.03,5.7133,0.0706,-0.0138,194.6504437943351,236.96575766266884,429.3847544801826,206.34320998998075,222.45116613741786,156.5719374816267,314.6190590047076,2.2333702819863688
7.04,5.8258,0.0685,-0.014,194.58435400121542,236.8853005232188,432.6563757747815,205.9209811871891,219.16698149411008,156.68107475678778,313.54439649575824,2.2133332101635395
7.05,5.9576,0.0668,-0.0138,194.68888769019486,237.01255892719377,436.4337185956512,205.74930674223467,216.40561313377594,156.92101804201863,312.6857359041966,2.192843307734391
7.06,6.0779,0.067,-0.0142,195.32156000088764,237.78276869673277,439.8404975829986,206.4076875310692,216.40796744828668,157.4745042372916,312.9657738468893,2.181268900428921
7.07,6.233,0.0671,-0.0156,196.04718774214746,238.66614159913604,444.1516366222802,207.16522812140852,216.19740862168337,158.1287272871023,313.1969711561219,2.1659956942310736
7.08,6.458,0.0676,-0.0157,197.1480545830789,240.00632731853082,450.27459880291127,208.404495836261,216.41706051832608,159.09874807824846,313.6938219634398,2.1456937970471017
7.09,6.8924,0.0686,-0.0153,199.11034354346194,242.39520083551892,461.6840426518607,210.72417144974997,216.9335890992894,160.85617085816614,314.55698207329044,2.1083758221806987
7.1,7.1717,0.0698,-0.015,200.50963956547506,244.09869164492616,468.8129884531817,212.4308232402473,218.05644552956392,162.0754471622657,315.47207781708244,2.0879648996308173
7.11,7.4664,0.0701,-0.0135,201.61142964093153,245.44000130200362,476.15674232100446,213.73988574640586,217.91675731623178,163.1398985531687,315.8545445850314,2.0637861378009292
7.12,7.7767,0.0701,-0.0125,202.6031642358877,246.64733037412418,483.6954699650766,214.92959197581908,217.36297052961132,164.1634182456099,316.0621002527512,2.0382244101678704
7.13,8.0909,0.0701,-0.0123,203.5471950719022,247.79658530492443,491.14087548171955,216.09479165128872,216.83095138655636,165.16683694085404,316.2670337425132,2.013397412404327
7.14,8.312,0.0702,-0.0123,204.23375366010166,248.63239576012376,496.29550111808646,216.945014542052,216.60743301185815,165.89355089226774,316.5009723004994,1.9969978818326015
7.15,8.5137,0.071,-0.0127,205.08953771097774,249.67421982205988,500.9309094942532,218.04008766067454,217.36918187677625,166.68878727020845,317.1360736590891,1.9850738446221279
7.16,8.599,0.0731,-0.0131,206.0885187410932,250.89037064133086,502.9106478430597,219.3247982831665,220.04488321265492,167.3976242750253,318.47615687759435,1.9867077047842718
7.17,8.7813,0.0753,-0.0156,207.34198025824847,252.41632379265033,507.017803030169,220.9649450633475,222.66780782025788,168.38313869258667,319.86872845111486,1.981536676900831
7.18,8.7852,0.0786,-0.0175,208.50377017241905,253.8306767316406,507.16584949367655,222.46646760000917,226.96843179309948,169.05994675040915,321.7717652129525,1.9929886378429822
7.19,8.727,0.0828,-0.0182,209.75501812341997,255.35393510677216,505.94601962382103,224.1023920458601,232.4627209057148,169.6951886665221,324.05483771049757,2.0115249185439414
7.2,8.5758,0.0864,-0.0183,210.52284621411,256.28868234761217,502.64678214931814,225.10456041127446,237.28490505905054,169.93328245801882,325.9251663766945,2.034569600459616
7.21,8.4012,0.0857,-0.0183,209.91418971862038,255.5477092226683,498.7795669352477,224.2111137832753,236.70753310423558,169.3816602509386,325.6454466615374,2.045891322509507
7.22,8.1569,0.0851,-0.0179,209.1210545409446,254.58215335419345,493.2555168800043,223.09235193396472,236.38698313220138,168.63003777700263,325.39119377239683,2.0632387984450293
7.23,7.6604,0.0837,-0.0175,207.28369833812928,252.34537188989654,481.62616430927244,220.65294127159092,235.53781513995477,166.94625879802348,324.6530706365516,2.0993322575671938
7.24,7.3695,0.0804,-0.0162,205.44299288915533,250.10451308244998,474.6237753022198,218.1308181745907,231.81793871185062,165.52838270442098,322.9802306676018,2.113639935542006
7.25,7.0941,0.0798,-0.0146,204.39987251664917,248.8346274115729,467.8371456683935,216.77086115199654,231.57751658432787,164.58385895418687,322.68760745568056,2.1364094002156326
7.26,6.7993,0.0797,-0.0142,203.37662940340917,247.58894014328072,460.37481806861587,215.5006366001419,232.05710062547467,163.62666905841462,322.6461872298636,2.163704393694827
7.27,6.4929,0.08,-0.014,202.35125698783662,246.3406606808446,452.3961163772407,214.29817813395786,233.12291342990127,162.6567284482588,322.8060801169504,2.194751936140024
7.28,6.2757,0.0799,-0.014,201.5042837121677,245.30956278003023,446.6126053268748,213.28016737910366,233.4797362896854,161.9067973960902,322.7845772214862,2.2167130332009872
7.29,6.1244,0.0799,-0.0138,200.92848717236498,244.60859307940086,442.5278540982621,212.5841369788631,233.82625400375662,161.40040102122623,322.8383891297207,2.2328366457647832
7.3,6.1089,0.0796,-0.0135,200.84578710838304,244.50791474064025,442.16108245390893,212.39264434643803,233.4456006178599,161.35262568198198,322.78642667677224,2.233855475930495
7.31,6.1117,0.0789,-0.0103,200.73223272145609,244.36967461742483,442.3152739978639,212.12068386916818,232.4825935924677,161.30639194671352,322.5287706347498,2.2315158586310866
7.32,6.1144,0.0738,-0.0276,199.32361121575005,242.65483104526095,442.3589041603617,209.92107348696968,225.54730664297148,160.48540238484634,319.85077283925375,2.2140317942659293
7.33,6.1205,0.0664,-0.0366,197.11741778662963,239.96903034894044,442.5401127847282,206.57258730087892,215.18572202430136,159.16735248043895,315.5986482401,2.186089622947293
7.34,6.2214,0.062,-0.0409,196.12010397763015,238.75490919015843,445.35381212199286,204.91949312149387,208.65024022832313,158.69736940513596,312.9439430606051,2.1583289480278887
7.35,6.3571,0.0608,-0.0446,196.28927712475675,238.96085910839952,449.08594256190673,204.9429102313246,206.643245229021,158.99336556391665,312.307227149748,2.139956598200228
7.36,6.5278,0.06,-0.0449,196.70239369690424,239.46378363101388,453.7203268432449,205.30546375593536,205.16498485644456,159.4860985285532,311.9383564517386,2.1200043145230314
7.37,6.9894,0.058,-0.0448,197.6093018998699,240.567845791146,465.79680969729634,206.24905142647611,201.47945734554563,160.67105785255487,310.8304264260585,2.0681331169479362
7.38,7.257,0.0578,-0.0447,198.43550344408396,241.5736563667109,472.60235679280834,207.2408793373845,200.78224192844166,161.55727821051167,310.88390371918535,2.043662082545606
7.39,7.5246,0.0579,-0.0444,199.32794833494873,242.66011101645933,479.2583832170546,208.3564552832251,200.5429204034626,162.48636004631513,311.14368354722126,2.0213682938874067
7.4,7.7573,0.0579,-0.0442,200.04308926746597,243.53071736908902,484.9389155135208,209.2591034321053,200.22349586764454,163.26191506026078,311.3203084964289,2.002326550335097
7.41,7.9358,0.058,-0.0442,200.62505806473914,244.23920112229115,489.2415706872121,209.99296333007496,200.13162642365967,163.8826096970581,311.549007795572,1.9886333372496066
7.42,8.0172,0.0586,-0.0442,201.139514823151,244.8654963064447,491.2201186066271,210.62056173584497,200.88647805071335,164.3254696430209,312.0961430810831,1.9850572551388042
7.43,7.959,0.0604,-0.0442,201.7520959982751,245.61124730224796,489.91873773367234,211.3455060003464,203.52626557272185,164.62750784267678,313.4159398544838,1.9976228953894934
7.44,7.9319,0.0629,-0.0442,202.68828391973847,246.75095433707293,489.3453125807084,212.51515989558536,207.0834790265053,165.16325140960163,315.1720405450457,2.0103928045943174
7.45,7.9086,0.0637,-0.0407,202.98958916992135,247.11776072859993,488.87584344371226,212.84099113904068,208.23114510374205,165.32829372364645,315.7907143953947,2.0157983477425163
7.46,7.8776,0.0656,-0.0391,203.661423816784,247.93564638565013,488.21424684372204,213.66644826894705,210.90916000667465,165.70017263971687,317.0979927487218,2.026159218751047
7.47,7.8504,0.0666,-0.0331,204.01245874296544,248.36299325230576,487.660744089367,214.06318687169338,212.32231844623126,165.88752533013428,317.8218246625319,2.032536832716595
7.48,7.8,0.0671,-0.0327,204.11424228484793,248.48690365111926,486.5276758961697,214.12502469444948,213.0809751096125,165.89834715756365,318.22352880223906,2.0389547601535227
7.49,7.6992,0.0673,-0.0323,203.96200846239668,248.30157551943947,484.1801500080757,213.8482048310563,213.5051105967547,165.69033852189006,318.42364622406467,2.0484254919145455
7.5,7.5944,0.0673,-0.0319,203.72125109031867,248.00847958821407,481.7153284667409,213.45574065030334,213.66296159742146,165.4250078542643,318.4988474231864,2.057581691300219
7.51,7.3346,0.0668,-0.0313,202.82122855799994,246.91279998365212,475.41287043025864,212.2031125131433,213.38080840314962,164.55700650133412,318.2155405000396,2.078355005672926
7.52,7.2066,0.0664,-0.0271,202.3457082504988,246.33390569625942,472.305890838277,211.5102384361486,213.02758105410913,164.1192461230603,318.0328085361371,2.0884151975665217
7.53,7.0514,0.0655,-0.0216,201.59802433893853,245.42368180392518,468.4795684136341,210.45806154332516,212.0217543503172,163.48070611801387,317.5246829017107,2.0991607888831125
7.54,6.9079,0.0648,-0.0208,200.94006219094314,244.62268440636558,464.8773266904829,209.53277506572852,211.27302242050638,162.9122015670538,317.1397046410517,2.109969370928692
7.55,6.7683,0.0646,-0.0212,200.4528530471772,244.02956023134615,461.32240399529536,208.8512395342464,211.220754270397,162.4521400986008,317.0706993684044,2.1226890676325945
7.56,6.617,0.0644,-0.0218,199.9079299394213,243.36617557842598,457.41002982818094,208.1065951794014,211.19217855478024,161.94204250316812,316.99603116537054,2.1368313656088644
7.57,6.4464,0.0643,-0.0234,199.30486935380785,242.6320148655052,452.9169509426566,207.30828112645065,211.34466111556827,161.3725539077806,316.976734550446,2.1536675502187688
7.58,6.4376,0.0642,-0.0241,199.30272827656057,242.62940833668245,452.7360963281662,207.2300252988438,211.21048590841343,161.3791872178136,317.01526545007357,2.1545501772255737
7.59,6.4404,0.064,-0.0243,199.31080772247643,242.63924418388436,452.8694450414338,207.15640230205636,210.9133796696523,161.40664995918982,316.9934411113103,2.1538592760327067
7.6,6.4432,0.0614,-0.0243,198.4873747781004,241.63680407768746,453.00374462414794,205.9139997941181,207.18292454776505,160.92095772986616,315.3950220173781,2.143316518435427
7.61,6.4502,0.0589,-0.0243,197.6850359208675,240.66004372975175,453.2508171201066,204.70821253261357,203.54070719105104,160.45042253300343,313.8021417808641,2.132433262725983
7.62,6.5084,0.0566,-0.0245,197.11174825582046,239.96212831143362,454.8679666258605,203.80168866756546,200.06607248690375,160.18629585160332,312.30591415100207,2.1170212075123183
7.63,6.6287,0.0552,-0.0243,197.0681854290462,239.9090953049258,458.12429536107066,203.61185048126424,197.80699523928902,160.3342381301446,311.43621565414463,2.0993939735728544
7.64,6.9157,0.0545,-0.0253,197.819608328251,240.8238710083056,465.66290949922717,204.48340246775476,196.35924052438372,161.2037318044223,311.12055717398704,2.069454924223827
7.65,6.8808,0.0545,-0.0273,197.77010631673022,240.76360768993246,464.81356978254263,204.34723660067257,196.40523213141978,161.14491965829941,311.21188344407784,2.073109569965537
7.66,6.8808,0.0545,-0.0298,197.8334391589678,240.84070854135211,464.86141828067923,204.35788269544372,196.40352333942653,161.2034518980457,311.31475689997023,2.0735312523233675
7.67,6.7528,0.0545,-0.0323,197.47314897875466,240.40209440891874,461.5833108996158,203.82158065008517,196.57842950561454,160.826467769022,311.37426009439037,2.0859973700274184
7.68,6.5899,0.0551,-0.0352,197.2104000477059,240.08222614503325,457.33808438237327,203.43843218811944,197.69977802836468,160.46575934248924,311.86422284749085,2.1048248455733582
7.69,6.3533,0.0554,-0.0352,196.53671222832753,239.262084451877,451.04625814690775,202.54775291879218,198.4945546652355,159.75283141740826,312.1027419094305,2.1300722451130065
7.7,5.8141,0.0555,-0.0352,194.60756387259838,236.9135560188154,436.06105549846495,199.86594960662063,199.25568695164938,157.8061926335468,312.0736979215001,2.1893784526551534
7.71,5.5737,0.0555,-0.0352,193.62634348223517,235.71902684793847,429.1305170220603,198.66231981263377,199.65552125812428,156.90613855403015,312.07865345023276,2.217120449775386
7.72,5.3138,0.0554,-0.0348,192.45055050175822,234.28762669779263,421.4205343309305,197.25580448620727,199.9598845772293,155.86373976920092,311.99756195573525,2.2480328930704077
7.73,5.0151,0.0553,-0.0348,190.99111892399102,232.5109273857282,412.2503734697192,195.57074088707915,200.3654025791445,154.60309015810847,311.8929107484952,2.285585388488484
7.74,4.7475,0.055,-0.0346,189.51373539603472,230.71237352560752,403.74619351306126,193.87894880785387,200.43577498626559,153.37298479737495,311.6479029422034,2.3203321242138535
7.75,4.5419,0.055,-0.0343,188.39928583010033,229.35565231490475,397.01851131902987,192.64407089976612,200.86235323238955,152.4530120804388,311.64760505507684,2.349645902061873
7.76,4.3247,0.0538,-0.0343,186.73677209229928,227.33172254714697,389.6948453666802,190.6705808978077,199.4672772248934,151.15829075553506,310.7438491712226,2.3764920353034733
7.77,4.0842,0.052,-0.0341,184.63577106905205,224.7739821710199,381.30677440407084,188.1627083532014,197.16605323545386,149.54866892612287,309.34200753855566,2.4057448548025437
7.78,3.867,0.0457,-0.0341,180.98085026153208,220.32451336186517,373.4642830263077,183.2569404809653,187.3360716154159,146.84699925434708,304.1678222235499,2.4096188529059894
7.79,3.8663,0.045,-0.0339,180.77446430406917,220.0732608919103,373.4873103795652,182.85566330096665,186.14213192468915,146.70753970496185,303.656335055059,2.4063644585337745
7.8,3.8667,0.0436,-0.0337,180.30429156198656,219.50087668415756,373.5509392673107,182.05354947168354,183.7464205743814,146.37756894056764,302.50966387163044,2.398966348966003
7.81,3.867,0.0421,-0.0337,179.76408033707807,218.84322823644288,373.60941482600356,181.17391726734581,181.15899102903367,146.0064713490005,301.2338055131619,2.3905894288920804
7.82,3.8903,0.0407,-0.0333,179.40296913622265,218.4036146006189,374.5194096101648,180.4949995337294,178.66952814339206,145.77505090308006,300.0227669618925,2.378681917574761
7.83,3.9718,0.0404,-0.0333,179.86175566316993,218.96213732907643,377.5499835533173,180.86977981999064,177.98516189651482,146.1730899689193,299.87728155079543,2.3635836270169817
7.84,4.0726,0.0383,-0.0332,179.66025304214773,218.71682979044073,381.23651706011793,180.24106569082622,174.09675600817584,146.10487925040684,297.9549541315697,2.334744307489764
7.85,4.2627,0.0383,-0.0331,180.85624585489458,220.17282104074124,387.9985361263635,181.47524815039733,173.78567630548758,147.1199919805082,298.15169761434345,2.305305331187962
7.86,4.4799,0.0364,-0.0329,181.27249028029257,220.67955338470404,395.49685350305225,181.6052447295931,170.08916842372435,147.6044135822724,296.3904628800323,2.261438572844656
7.87,4.7475,0.0354,-0.0329,182.24286484147214,221.86087893744437,404.4230374855318,182.5352704252525,167.9607937914232,148.55149455125962,295.5409245210686,2.2178095010241754
7.88,5.0617,0.0346,-0.0326,183.39803638067386,223.26717472429863,414.5124092611218,183.77143288332462,166.18433009231356,149.69734901109197,294.8985075564087,2.1716333092108435
7.89,5.3526,0.0347,-0.0323,184.77017081128133,224.93759924851642,423.52144303718643,185.4019271811007,166.0773113933002,150.99616110948668,295.2258953491733,2.1366610626903624
7.9,5.721,0.0349,-0.0323,186.39902507991036,226.92055227119525,434.49487581888496,187.4180524150682,166.10247862915492,152.57684325701976,295.6868477718585,2.09559051195424
7.91,6.4619,0.0353,-0.0321,189.1397812213535,230.25712496512602,455.2644883278783,191.3415706158007,166.3983357824001,155.47768284012602,296.4870870113982,2.019536601491959
7.92,6.8963,0.0378,-0.0323,191.81819685205417,233.51780486337032,466.78921448900667,194.8902744399751,170.28740419649037,157.89048830102433,299.37595752423175,1.993540774501073
7.93,7.3346,0.0404,-0.0323,194.41384561433972,236.67772509571793,477.9762586202334,198.36698778971774,174.20001302223073,160.23582801165,302.21028114149016,1.9694773417439244
7.94,7.7302,0.0437,-0.0323,197.11032449248486,239.9603950343294,487.7336059127221,201.96232916218443,179.10861433586305,162.56511182909568,305.52696133079127,1.954099755007732
7.95,8.0521,0.0488,-0.0323,200.33261597727787,243.88318466799046,495.46217627927524,206.17248021974913,186.61187764116949,165.0857735304547,310.1351161825255,1.9539531288826906
7.96,8.44,0.0508,-0.0323,202.18725979813516,246.14101192816454,504.5170934489154,208.72699402197185,189.22664776617722,166.82135955600876,311.96651272302995,1.9336224075938808
7.97,9.1537,0.0526,-0.0319,204.54340681465595,249.00936481784203,520.4844640403345,212.21500510692957,191.2222637916627,169.33041560480933,313.66977532883186,1.890311659655828
7.98,9.4019,0.0573,-0.0317,207.11963113538155,252.14563790394277,525.9006358225038,215.56003901378406,197.64771716082242,171.2554931885062,317.34260570898255,1.8940143809726209
7.99,9.5958,0.059,-0.0321,208.25314065553044,253.52556253716753,530.0843943585229,217.08416791367745,199.8260155515521,172.23691403624358,318.70013899098984,1.8882851894776855
8.0,9.7859,0.0595,-0.0325,208.86167553428317,254.26638760695343,534.1386920109805,217.96335506485613,200.3419290127915,172.9052813636066,319.19727373705086,1.8779861572857743
8.01,9.9643,0.0623,-0.0329,210.38671606832983,256.12295869187983,537.9049468795849,219.95322071087799,203.98122728845232,174.07905032838093,321.25562031995827,1.8779504785440124
8.02,10.0496,0.0649,-0.0331,211.63287669212016,257.64002379910283,539.7263171421486,221.51153338945144,207.3783853555472,174.94600557603795,323.0900489443424,1.8828646222289567
8.03,10.166,0.0694,-0.0343,213.63490217857552,260.0772722173963,542.169578693043,224.03380977800816,213.17360740671447,176.27519176948132,326.0486679781435,1.892630660764989
8.04,10.166,0.0701,-0.035,213.94901076368959,260.4596652775352,542.2336723960475,224.36853348558736,214.08220519518989,176.48313718139457,326.5771456213128,1.8953721274912392
8.05,10.0264,0.0702,-0.035,213.77964432696933,260.2534800502236,539.4416496865595,223.98168365128035,214.3572223935433,176.21381021282946,326.70697831948775,1.9047876681380307
8.06,9.8984,0.0703,-0.0362,213.62424072726694,260.0642930592815,536.8599835782079,223.6257021025676,214.62262147694477,175.9695877483084,326.83901594026304,1.9135936002157259
8.07,9.7006,0.0691,-0.0363,212.8410024006338,259.11078553120643,532.7983868656477,222.4327239458803,213.27119834762078,175.26869036751063,326.16189032032617,1.9223267910134887
8.08,9.4989,0.0679,-0.0363,212.03435890932224,258.12878475917495,528.6007587062591,221.21109357713541,211.91287680152584,174.5453687297986,325.4712882289554,1.9315281814964231
8.09,9.2002,0.0677,-0.0362,211.37890394258554,257.33083958227803,522.2479454845695,220.11640060983092,211.97595973528942,173.7613484381325,325.3713865924458,1.9514958476259852
8.1,8.9287,0.0678,-0.0366,210.8581972374364,256.6969357673139,516.363116978945,219.22936707092006,212.41670564782285,173.0940853130602,325.4634009384529,1.9713351040317553
8.11,8.3741,0.0678,-0.0372,209.55632085680847,255.1120427822016,503.916644111712,217.23400701629234,213.08314999904945,171.56187248324744,325.4105538018561,2.012856799141794
8.12,8.1801,0.068,-0.0377,209.16586995302615,254.63671124716228,499.47971239150417,216.60565101402813,213.59581960769103,171.08419046576165,325.5802131790579,2.0289290936394058
8.13,7.9396,0.0703,-0.0379,209.35287827219187,254.86437354875534,493.87251201411783,216.74620188925516,216.9841578521555,170.88002086691407,327.0207916253803,2.057021387211461
8.14,7.7457,0.0714,-0.038,209.2076232104021,254.68754129961994,489.28469628968986,216.48449799194404,218.71504356458468,170.5505388741615,327.72347131704726,2.077261627664013
8.15,7.743,0.072,-0.0379,209.44959275644592,254.9821129208907,489.27940224228774,216.74800695692957,219.51015889327468,170.71872900180674,328.18126407286,2.079861111464092
8.16,7.7665,0.072,-0.0379,209.5687283760125,255.12714758818916,489.9061239014042,216.8467321295248,219.47292952184898,170.85147568445313,328.2904563715141,2.0780795476366656
8.17,7.7901,0.072,-0.0378,209.6878703020836,255.27218993297137,490.53472170429035,216.94574193370715,219.43572688522795,170.98434483995024,328.39956916718694,2.0762937653404285
8.18,7.9009,0.072,-0.0378,210.06318151349757,255.72909053817094,493.25046503107205,217.38884486026433,219.27498271481087,171.39070452165504,328.5355515211288,2.0673270335854306
8.19,8.1918,0.072,-0.0374,210.93525091475536,256.79074024405,500.17893026862174,218.52021089715555,218.87096129682027,172.34392123259042,328.7250606786714,2.0440944506606504
8.2,8.4051,0.072,-0.037,211.55738507939137,257.54812096621555,505.1815591883909,219.33019324182408,218.58537648421307,173.0417292999147,328.8891163246753,2.027637952401516
8.21,8.5176,0.0719,-0.0368,211.86405284832728,257.9214556414419,507.8182087165585,219.708273052344,218.30674916031674,173.41210150955837,328.9634725976007,2.0188514176642247
8.22,8.5292,0.0698,-0.037,211.20457111303574,257.11860831152177,508.1428698860265,218.8009641713424,215.53076610020895,173.07844445240363,327.8024925894357,2.0104464202241075
8.23,8.5951,0.07,-0.0378,211.48980738120346,257.4658524640738,509.69821140203965,219.1397812575515,215.71160893065925,173.37011968417286,328.04401284857573,2.006401265452596
8.24,8.537,0.0587,-0.0391,207.11076271824817,252.13484157004123,508.43370418301123,213.47652631946292,200.46220230232313,170.74598913488293,320.70368651922035,1.9663681975843261
8.25,8.44,0.0473,-0.0399,201.96246246766873,245.86734561281412,506.2744671740662,206.96646977784698,184.10468333999017,167.4938277697873,311.89577143262585,1.9220342258034815
8.26,8.2655,0.0459,-0.0402,200.9518996997437,244.6370952866445,502.3053550751371,205.5221327550833,182.1351835249589,166.63087843602943,310.7271116294956,1.928570342588635
8.27,8.0832,0.0459,-0.0403,200.57310630419707,244.17595550076166,498.0993788269703,204.84897042107804,182.27596517549858,166.152471711289,310.77094975373245,1.9429650213983702
8.28,7.866,0.0459,-0.0403,200.08947472449412,243.58718662112332,492.99758331442774,204.02828706379862,182.44928412594413,165.55765914651593,310.8033268853905,1.9605250564900982
8.29,7.4936,0.0459,-0.0403,199.16415287881108,242.46070785246567,483.9967216096866,202.57007054915707,182.76196805565922,164.4605992743369,310.7866895908929,1.9917085538196149
8.3,7.3152,0.0464,-0.0392,198.94417323814943,242.1929065507906,479.62023245347024,202.1434576851018,183.68837430924475,164.09339427915106,311.2641648219181,2.009832621532511
8.31,7.0107,0.0466,-0.0381,198.18286392582638,241.26609521404953,471.94708784936404,200.99459472699857,184.2836651369187,163.2046685868844,311.435143091649,2.0382764352193043
8.32,6.7062,0.0466,-0.0385,197.38946281578131,240.30021560182075,464.0540049410864,199.47387437461612,184.34728749686454,162.21863959950292,311.4275665349116,2.068451529153219
8.33,6.5782,0.0465,-0.0385,196.96542382071112,239.7839942165179,460.70139197114395,198.8472380066605,184.32012061779716,161.79427380019393,311.39082849040824,2.0805551970124907
8.34,6.4658,0.0463,-0.0385,196.538461403633,239.26421388268363,457.7292877857301,198.2251151851355,184.12348553876296,161.38932819061782,311.2711712379726,2.0908382288103446
8.35,6.2757,0.0465,-0.0385,195.9975607656742,238.6057261495164,452.58877296243105,197.46028231370718,184.6350482587473,160.80835578456168,311.4712872137879,2.1113340400217115
8.36,6.0895,0.0468,-0.0383,195.4802960930246,237.97601263498652,447.4593499113439,196.7470031982948,185.30867443064537,160.25121440884206,311.7567092413409,2.1325477184145885
8.37,5.7094,0.0473,-0.0383,194.21668399870552,236.43770225929367,436.6154974040748,195.14492596308384,186.5457161093253,158.96371465678797,312.13323541271427,2.177099611060156
8.38,5.5271,0.048,-0.0382,193.76454096398678,235.88726726050567,431.2811622322245,194.59390386251368,187.8783409166063,158.46826289736015,312.7492905255245,2.2019583620752794
8.39,5.3758,0.0478,-0.0381,193.04619991209694,235.01276511037892,426.77748640361256,193.68026581868148,187.7667324286169,157.83378461469374,312.60969090008587,2.219203536250497
8.4,5.2556,0.0477,-0.0378,192.48965648799285,234.33523398538262,423.15342134164524,192.97351625004913,187.77368520731312,157.3454184592932,312.5664851692321,2.2336197221675644
8.41,5.1199,0.0473,-0.0378,191.71878721144498,233.39678443132433,418.9895182406077,191.99947235465555,187.33062580308854,156.69611802754235,312.2580372727342,2.2488239320523893
8.42,4.9802,0.0457,-0.0376,190.41922207091423,231.81470512980863,414.62870851591504,190.30851307333754,184.96508775921228,155.67940602849347,310.8940760052211,2.2586871469584984
8.43,4.8871,0.0434,-0.0376,189.0336527941507,230.1279251407052,411.694588402448,188.44626294880933,181.34103363599172,154.64394239853792,308.8636331274107,2.2587234172879476
8.44,4.829,0.0437,-0.037,188.9037200208102,229.9697461122907,409.8670586149434,188.28369447617564,181.91267162297714,154.51705423563126,309.205723697022,2.268371014125267
8.45,4.7553,0.0432,-0.037,188.34971459864585,229.29530472878628,407.5103952040784,187.55681937701408,181.18801094472445,154.07875467738376,308.80086377679675,2.2758450338962026
8.46,4.7048,0.0425,-0.037,187.82782072940321,228.65995567057783,405.8968367871679,186.84402103455753,180.0925692180647,153.68411943772682,308.2136174875535,2.2790967261781168
8.47,4.6505,0.0411,-0.037,186.97819352998124,227.62562690606413,404.1454557912402,185.68191573260737,177.81454367144372,153.05172603892322,306.9397905783937,2.278877036272278
8.48,4.5652,0.04,-0.037,186.07552815214996,226.52672992435646,401.3400678227608,184.49438163409985,176.05762766803554,152.3509131657809,305.90861480703063,2.284726462474075
8.49,4.5031,0.0383,-0.0369,185.01669335140184,225.23771364518484,399.2897348330548,183.05818587189395,173.20541907939,151.55327590087623,304.2462453856021,2.283634513069052
8.5,4.3558,0.0369,-0.0368,183.5880903599072,223.498544785974,394.28772367541325,181.24457617032687,170.93634883900572,150.41295891240486,302.79261167192,2.296839762471496
8.51,4.1424,0.0331,-0.0368,180.57115073858773,219.82574872523725,386.8266561907765,177.3465007749445,164.3200870733914,148.03631196525592,298.52261571911924,2.3048099407541347
8.52,3.8709,0.0314,-0.0368,178.07740453650516,216.7898837835715,376.9650624003155,174.3204889000279,161.44313423695056,146.005801343273,296.42282067352403,2.3373119505285422
8.53,3.7584,0.0288,-0.0368,176.04692502675624,214.31799568474673,372.7773606293853,171.6527530627294,156.5315908266193,144.39483608686493,293.13380536002705,2.337461165204852
8.54,3.5839,0.0282,-0.0368,174.58287335803692,212.5356719141319,366.09824725840883,169.9315321511169,155.52289630471503,143.20594062954842,292.3164220701557,2.364057767718118
8.55,3.4908,0.0277,-0.0368,173.69667225819714,211.45681840128347,362.4705332244669,168.85442462261727,154.61666346751622,142.4988695324112,291.6669345422527,2.37753150277334
8.56,3.3163,0.0256,-0.0368,171.30975358410424,208.55100436325736,355.4658314714048,165.87844294482178,150.48213919112106,140.57354448954683,288.66867019474387,2.394053274670614
8.57,3.2348,0.0223,-0.0367,168.8187850921689,205.51852098177082,352.13741288317925,162.5218372196254,143.46769187450502,138.52042829824327,283.56746878816216,2.381107683244243
8.58,3.1417,0.0208,-0.0366,167.20973417513906,203.55967638712582,348.2634469358269,160.45401871991942,140.17237063738338,137.18867587254778,281.0342762077747,2.3859074865571883
8.59,3.0292,0.0187,-0.0366,164.98632546069157,200.8529179521463,343.47462931325055,157.58738129693066,135.35911550365185,135.31377195267967,277.17959861293895,2.3882779687367157
8.6,2.9594,0.0182,-0.0364,164.1161872821821,199.79361930004777,340.46333122858937,156.5097570530781,134.19054940132366,134.60080152992978,276.2384008228586,2.3982298231253667
8.61,2.8547,0.0182,-0.0362,163.27135628742573,198.76512939338787,335.8401146140796,155.58121277280594,134.22704354196802,133.94772218579726,276.24598884288537,2.42188445600594
8.62,2.6879,0.0181,-0.0362,161.7563352277839,196.92075592947606,328.22323069765645,153.94433050889626,134.05533907815348,132.77357593162375,276.00628105754043,2.460359094496732
8.63,2.5754,0.0187,-0.036,161.1230938120156,196.14985333636685,322.93111509631314,153.42751542256224,135.58030539891632,132.35894995778833,277.1725046324728,2.4952995873748867
8.64,2.4707,0.0193,-0.036,160.4977591935002,195.3885764094785,317.8743865887972,152.93686261892313,137.1119241521477,131.95807828559427,278.3088716392066,2.5294756575840736
8.65,2.3272,0.0208,-0.0359,159.91584778479358,194.68016252061827,310.7072998423998,152.7842997479564,140.85210895117373,131.6835759821485,280.98790971680074,2.5853432760662884
8.66,2.1682,0.0215,-0.0358,158.52637017172694,192.988624556885,302.43099361593784,151.62705431826296,142.72397666379723,130.74903557722416,282.13431884834796,2.640247781044065
8.67,2.0557,0.0215,-0.0358,157.17994238806494,191.34949508112257,296.3521021853413,150.30530924612418,142.89723412109578,129.79134299498423,282.1054581367552,2.676511993740409
8.68,1.8424,0.0215,-0.0356,154.36285450655154,187.9199967905845,284.19947639461134,147.61507705925916,143.28391099736822,127.80092111458802,281.9590812123104,2.7514593129623477
8.69,1.7338,0.0215,-0.0356,152.81160924015433,186.0315242923618,277.68693142554474,146.1336277455089,143.51037848824316,126.72828826421896,281.9144592775114,2.793550335912545
8.7,1.629,0.0214,-0.0355,151.1448086305638,184.00237572416464,271.15727617133234,144.5820018853836,143.56229679222352,125.58713543598373,281.69564500869154,2.8355603782801224
8.71,1.536,0.0213,-0.0354,149.42179691977873,181.90479625016542,265.1420050275115,143.4399669743874,144.00187999053736,124.51988538077643,281.4835321542846,2.872193497538958
8.72,1.439,0.021,-0.0354,147.56476209229854,179.64405819931994,258.61663565700246,141.7179424862889,143.64883339340875,123.24983927680165,280.91089554819325,2.914181868596208
8.73,1.3265,0.0205,-0.0353,145.1181399528109,176.66556168168285,250.68998589357017,139.6295585727292,143.08333495693972,121.60885455909417,279.94479345045585,2.9639558587969193
8.74,1.214,0.02,-0.0352,142.50072025168288,173.4791376977009,242.3304784370857,137.39996847620895,142.5689739182648,119.85909157618796,278.9454395595227,3.0192031761014464
8.75,1.1054,0.0172,-0.0352,138.66798139488932,168.8131947416044,233.78669264004864,132.79470080365397,135.43944690587398,116.81852681983781,273.41890200301697,3.0519064385604096
8.76,0.8649,0.0155,-0.035,131.52132223573938,160.1129140261175,212.7608589841375,126.17663111394833,132.35450115254193,111.82903689883057,269.3332444116297,3.2045462066316586
8.77,0.768,0.0138,-0.035,127.73449302489628,155.5028610737868,203.26637144299485,121.91895764787674,127.72155791299417,108.91148754921781,265.139606128554,3.268297654883797
8.78,0.671,0.0123,-0.0348,123.74628070067756,150.64764607039007,192.98094521878724,117.43697247670175,123.49562568741024,105.83259999315983,261.0172916557774,3.3479051875568313
8.79,0.5973,0.0107,-0.0348,120.21092343725789,146.34373288014004,184.52578583604637,113.02196903506508,118.25167734931328,102.90993548809489,256.184385882858,3.4120818139808082
8.8,0.5197,0.0098,-0.0347,116.71890280518689,142.0925773280536,174.88258726740455,108.94584937660181,115.64465376975397,100.16688341370565,253.0869962308692,3.5107444810396564
8.81,0.4616,0.0091,-0.0346,113.93749813684444,138.70651947094106,167.05743175218026,105.45788903289335,113.56029217914634,97.89845463077462,250.51261947021675,3.601166898425636
8.82,0.3801,0.0067,-0.0343,108.79950907150909,132.4515762609676,154.9517967431604,97.28487249038122,103.22538137004202,92.83838811738605,240.4607935691604,3.7281956096523152
8.83,0.353,0.0057,-0.0341,106.85253566379335,130.081347764618,150.5809918762556,93.6717082487019,98.07489202437375,90.65923899187632,235.39925144039358,3.775525642620086
8.84,0.3413,0.0053,-0.0339,106.03928885372729,129.09130816975497,148.64126796498704,92.04738703298285,95.87612937406738,89.70529430553584,233.1917867351586,3.7993715072362733
8.85,0.3103,0.0048,-0.0339,104.37510069372809,127.06533997497333,143.24236404935482,88.63725786067214,93.37236218243396,87.7864830942403,230.11077171026642,3.893904028991699
8.86,0.2909,0.0047,-0.0335,103.62724856102844,126.1549112916868,139.70730867982374,86.75097705135059,93.24573013232917,86.84955864218357,229.43776957412803,3.9742373618798563
8.87,0.2907,0.0047,-0.0333,103.6550787842443,126.18879156342786,139.69251746312335,86.7232409229063,93.2537402554709,86.86819470668098,229.50209059460187,3.9757785760420083
8.88,0.2908,0.0048,-0.0331,103.79123144385606,126.35454262730305,139.73399561704707,86.95018659031314,93.94404010546587,87.05169747498223,230.19728395673584,3.9800587547423634
8.89,0.2909,0.0048,-0.0327,103.83022185562106,126.4020092155387,139.78258369104506,86.95302676724792,93.94130938789007,87.0832504641082,230.26342772731383,3.9800227805849855
8.9,0.3142,0.007,-0.0327,106.55044626708117,129.7135867599249,144.06296014307992,93.27947361903576,106.79936502089784,90.8843430286058,242.04577040749487,3.9567368932594147
8.91,0.4616,0.0102,-0.0325,114.91912720433061,139.9015461617938,167.30021080847206,107.00482362117613,118.47845478531113,99.14068475507945,254.98369120406875,3.628248648872715
8.92,0.5585,0.015,-0.0323,121.39605915689408,147.78650679969715,180.11889017220003,116.85152472866199,135.1923552296007,105.24613707612234,268.5479854211675,3.5435817395859757
8.93,0.6167,0.0166,-0.0321,124.37821078042396,151.41695225442916,187.1703342958796,120.55930655465282,139.50672419582213,107.69465478286506,272.38662159340845,3.4840010476578542
8.94,0.7874,0.0166,-0.0319,130.25314959772533,158.56905168418734,205.67923890231924,125.44225735327431,136.76336530971471,111.58627077264956,272.9568798623184,3.2931496625712304
8.95,0.9735,0.0166,-0.0317,135.64504124018768,165.13309368370673,223.19710683767215,129.61863259604525,134.70523093675507,115.08374227778472,273.4630925530363,3.1381046594721904
8.96,1.2683,0.0166,-0.0311,142.64140668633507,173.6504081398862,247.10293914346946,134.83158511342438,132.49037742319308,119.58931765276549,274.0763588864361,2.9546291400773432
8.97,1.9199,0.0159,-0.0308,153.04595856985713,186.31681912852176,289.71820327556253,143.3271057788969,128.7725695220417,126.5325333071658,273.46020268977486,2.664860453806693
8.98,2.8392,0.0153,-0.0306,162.34034118422673,197.6317197025369,336.58790330122144,152.54305795705474,126.9846150371525,133.48063234484513,272.962008362229,2.39828972085492
8.99,3.964,0.0128,-0.0302,168.0765715719381,204.6149566962725,382.4831390297182,158.81299380436084,121.29224810596352,138.03610296427837,267.4388169621266,2.15518311375892
9.0,5.7831,0.0129,-0.0315,176.0220280386824,214.2876863079612,441.964073377801,170.15715148428265,123.49072930922547,145.89060580721218,268.5342973008581,1.9243933094117585
9.01,6.3494,0.0129,-0.0319,177.86936230629235,216.53661498157328,458.085507992658,173.063510814159,124.10777132058718,147.9121220763278,268.79551113350755,1.8690136535386856
9.02,6.7024,0.0133,-0.0321,179.276669574499,218.2498586124336,467.7111861194087,175.180041710997,125.3267728857789,149.4934263916094,270.04853604087333,1.8412564962296
9.03,6.873,0.0142,-0.0321,180.56464826868432,219.81783267492006,472.27946209374176,176.85954683268437,127.33703819499608,150.89957746403465,272.48407400311953,1.835378649731939
9.04,6.8575,0.0145,-0.0321,180.82149257240985,220.13051269684678,471.92366142589486,177.0814437312489,127.93307800281544,151.15902027554944,273.29761117435595,1.839764639883639
9.05,6.6636,0.016,-0.0321,181.60981734105005,221.0902124151914,466.82752557938124,177.6073658571123,130.81206587793872,151.81761726046201,276.8362066572962,1.8714088688676511
9.06,5.7055,0.0224,-0.0321,183.67456497917834,223.6038182355215,439.97277504005297,178.44394833287464,143.09948787225568,152.71311704701336,288.9628454866543,2.0263493703063022
9.07,5.0384,0.0308,-0.0321,186.2129949995565,226.69408086902536,419.5863185544643,181.31367347826415,159.22569101455804,154.06801916044398,300.98368687132955,2.170703993939091
9.08,4.4954,0.038,-0.032,187.12074405028136,227.79916666990778,401.723119471715,182.86462292224653,172.527811310019,154.27173669152623,309.1418690920703,2.2925968202199005
9.09,3.8166,0.0467,-0.0319,186.42408757902447,226.95106313968196,377.37922278004913,183.31917259987958,188.22311456823147,153.3251226089918,317.2429791074308,2.4508778099024386
9.1,3.2969,0.059,-0.0317,186.29861449101602,226.79831329341084,356.86298232971694,185.3403455956005,208.86809403598832,153.11554290137315,326.76984484860316,2.609243152712146
9.11,2.8314,0.0611,-0.0317,182.33259931841303,221.97012090937238,336.70290120959925,182.01375374632903,213.56345461039788,150.27735033475685,327.9805359420125,2.722012229356812
9.12,2.1759,0.0612,-0.0316,174.0536514651185,211.89140178362254,304.440557421089,175.40066973950616,217.47495108065573,144.74939670891035,327.5025323835464,2.8996655071885655
9.13,1.9665,0.0612,-0.0315,170.76569959784794,207.88867777129317,292.8972971337066,173.17199103892474,219.4785441146609,142.69902182231192,327.3481435022798,2.966800203223909
9.14,1.9541,0.0601,-0.0311,170.35257311238863,207.38574118029922,292.2242624494499,172.52117286809022,217.77780414539595,142.39796523946853,326.6523827648881,2.9665819821334303
9.15,2.0247,0.0589,-0.0308,171.27788319514607,208.51220562887352,296.2604131877421,172.73117112783362,215.07513592651978,142.93164596284464,325.9727899726623,2.9381245328308734
9.16,2.0953,0.0556,-0.03,171.65047773742683,208.96579898469355,300.216896536461,171.8849721000836,208.8861756211992,142.9965063585024,323.71010387491094,2.9010906942197523
9.17,2.238,0.0473,-0.0261,171.59908953377317,208.90323943241953,307.9615202216464,169.04532806160154,193.43013328490485,142.47866094220984,317.2196709060692,2.817514001447257
9.18,3.4869,0.0443,-0.0251,183.4004286506785,223.2700870529999,364.96364724765516,179.46918881940834,184.81968225587036,151.09527539702677,315.6497795898693,2.4998020073593405
9.19,4.538,0.0431,-0.0234,190.05370513759365,231.36972799359228,403.7115800541895,186.21652964223546,181.05122782636624,156.62808402014386,315.22555798495375,2.318347223987664
9.2,5.6124,0.0426,-0.0236,195.1663853563142,237.59386043377384,437.92578802282054,192.11200632136806,178.97806743092025,161.38725559400297,315.32980582021236,2.1764654282502605
9.21,6.3067,0.0424,-0.0243,197.8143364011585,240.81745301010602,457.93937704894597,195.47689384594784,178.03151314415365,164.1061584313622,315.4957688779803,2.0996831071600144
9.22,6.8071,0.0423,-0.0244,199.48458042924818,242.85079356604126,471.5526847148515,197.73575269094283,177.48940381458056,165.93798662826222,315.6638477233213,2.0498493281088273
9.23,7.5169,0.0423,-0.0235,201.58596849230034,245.40900512106128,489.8313289489714,200.79321013209992,177.02246232766868,168.37582228031667,315.98227416877063,1.985978498951488
9.24,7.8388,0.041,-0.0226,201.64921624269905,245.48600238241627,497.80277739314283,201.52770109629873,175.04643004854387,169.00814350485433,314.88655127326143,1.9505807432281979
9.25,8.1258,0.0396,-0.022,201.6402193143699,245.47504960010247,504.74831997081094,201.78498867468429,172.70686870040254,169.44729788734523,313.63678784257917,1.9200334199132096
9.26,8.3818,0.0365,-0.0197,200.54286691752034,244.1391423343726,510.8325761015773,200.78438421943082,167.69757362520298,169.10893534358547,310.48677285713546,1.8827777033535622
9.27,8.6378,0.0355,-0.0187,200.53288806792636,244.1269941696495,516.7993906321743,201.08319762457984,166.0235117901788,169.50284624895772,309.5209126789426,1.8580011757633637
9.28,8.8783,0.0354,-0.0183,200.9767181411226,244.66730904136665,522.3091180152151,201.89479563407278,165.80365242830507,170.1856448706742,309.55473974275907,1.840203237227521
9.29,9.111,0.0354,-0.0185,201.44008509819145,245.2314079456244,527.5542444121937,202.7265889249808,165.75128501643934,170.87202763177947,309.69838730549077,1.824026649852196
9.3,9.4523,0.0354,-0.0177,202.06111800267422,245.9874480032556,535.0809043460011,203.9144989827865,165.68165884704672,171.8306975069948,309.8670110046297,1.8009862434669635
9.31,9.5066,0.0363,-0.017,202.72282847918348,246.79300858335384,536.313375807034,204.69732739242417,167.08243964801946,172.3827148067862,310.97771819224914,1.802699619877757
9.32,9.7141,0.0386,-0.0214,204.42223631960647,248.86185291082526,540.7964777662621,206.87517514810222,170.58394135607526,173.85539137608814,313.6065392110405,1.8021405039461629
9.33,9.9217,0.04,-0.0214,205.5753765944859,250.26567585415677,545.2422740856766,208.44547552463095,172.65219683465818,174.95416924268574,315.19719736577866,1.7964901826147281
9.34,10.2591,0.0426,-0.0214,207.54933284267562,252.66875302586598,552.3135106171832,211.13163916795713,176.42187132255506,176.77261447862168,317.9530325522336,1.789038047568609
9.35,10.5228,0.0449,-0.0214,209.19661480905043,254.67413976753966,557.7553546545589,213.33670009361052,179.68809967065977,178.24887874770468,320.280788501989,1.7846181669301704
9.36,10.7013,0.0458,-0.0208,209.9583286600859,255.60144358619152,561.4138737636321,214.4235307776901,180.9191478821504,179.0289255690013,321.2350222984291,1.7784667047180025
9.37,10.8719,0.0464,-0.0206,210.5423120701491,256.3123799114859,564.8778124746408,215.30115490816533,181.7139235847482,179.68441346736918,321.9036267326045,1.7714487545603879
9.38,10.9766,0.0485,-0.0201,211.80401673820165,257.84836820302814,567.0122178503769,216.82391438126388,184.64999629547603,180.64841069700606,323.87167065238805,1.7754388713575568
9.39,10.996,0.0514,-0.0201,213.32033439975166,259.6943201388281,567.4548139410671,218.50059713343973,188.69376182616978,181.62122384682434,326.4182955672293,1.7877530926863103
9.4,10.9534,0.0532,-0.0197,214.17809200172508,260.7385467847088,566.6749390148525,219.35572592472172,191.20077613766958,182.09292840413158,327.96105649547843,1.7983935041978742
9.41,10.8952,0.0564,-0.0195,215.63941806456313,262.5175524264247,565.5827414655777,220.87768017649265,195.59387645798287,182.891606086133,330.53675122088237,1.8157740124828106
9.42,10.8254,0.059,-0.0195,216.7552875662957,263.87600225462086,564.2547091506644,222.00708989116504,199.1304508534723,183.4613648624218,332.552548653954,1.8309069008043621
9.43,10.7129,0.0594,-0.0194,216.8075595992398,263.93963777298757,562.0661253298744,221.87050791899952,199.73976758780555,183.34242186251086,332.90840782746295,1.8394321533236493
9.44,10.4259,0.0596,-0.0193,216.48711970602514,263.5495370334219,556.3224641107073,221.07922387150424,200.20274061294558,182.7316723650845,333.076294183707,1.8579166042320217
9.45,10.2397,0.0594,-0.0191,216.1361894721365,263.12231761825313,552.5632761983838,220.39110537570383,200.06630931152156,182.2608965500421,332.9755663965098,1.868879652795332
9.46,10.0846,0.0591,-0.0187,215.78474511890133,262.6944723186625,549.4089489968918,219.74481495256373,199.77445211962484,181.83780040003273,332.80792519018206,1.8776492353883791
9.47,9.8906,0.0586,-0.0187,215.26818138688617,262.0656121231658,545.4028975995086,218.86130103755931,199.2402284412176,181.25528530430785,332.4816167405507,1.8882774668742754
9.48,9.6385,0.0567,-0.0185,214.01828456875876,260.54399860544544,540.1053461252781,217.0539194199368,196.83466563514455,180.14213090759037,331.08517314737156,1.897090803560735
9.49,9.4368,0.0551,-0.0183,212.9687982041225,259.26636303110564,535.814700534276,215.54246816089847,194.77208496374163,179.22070315139624,329.8917981620113,1.9039857692858857
9.5,9.1226,0.0502,-0.0183,210.14957402546,255.8342640309948,528.980987891132,211.82818067440385,188.07553805746437,177.02739428787592,325.9268870322902,1.9038267161863462
9.51,8.9171,0.0481,-0.0181,208.77639047389408,254.16256231604498,524.4506870884143,209.93571306915382,185.16958442496136,175.8742473077651,324.1529221756263,1.9086660701003797
9.52,8.6921,0.0465,-0.0181,207.57133683434117,252.69554049398056,519.4077196787914,208.21783533049916,182.9581438179891,174.78793382398703,322.75524613230453,1.9174334115618443
9.53,8.4478,0.0448,-0.0179,206.24294890826894,251.0783725839796,513.8339674563745,206.3355877103252,180.5705521489819,173.58524483485445,321.2138804117248,1.927368298621833
9.54,8.2499,0.0431,-0.0179,204.98386268199025,249.5455719606838,509.2530428816214,204.5899079670963,178.11306733616055,172.4894332185679,319.63126941292757,1.93395976000802
9.55,8.2415,0.0413,-0.0175,204.0806449235725,248.4460025156535,509.1094203941403,203.48031085700745,175.36140655143092,171.90460725283248,317.9454113051327,1.9251856762223465
9.56,8.2547,0.0412,-0.0173,204.1003351398245,248.4699732136994,509.47456102557555,203.47635728428338,175.20281609926906,171.9596578714541,317.933162350998,1.9237770975698176
9.57,8.268,0.0412,-0.017,204.17243252203463,248.55774393986826,509.8422112813325,203.5337654865969,175.19845233287856,172.04952503316747,318.0210573749711,1.922901161303941
9.58,8.3624,0.0417,-0.0166,204.68665533087858,249.1837543158522,512.1136741014063,204.2033845984758,175.92402219433424,172.55374209591454,318.63110178050596,1.9184705307500307
9.59,8.6378,0.0423,-0.0164,205.6344288260475,250.3375655273622,518.5486855740093,205.6014507394616,176.7112170184817,173.61678071047336,319.3842487940846,1.9010583901042215
9.6,8.952,0.0428,-0.0162,206.5736034748299,251.4809085780538,525.7322520494432,207.05057597839104,177.32556468924076,174.73324776347997,320.04148426692757,1.8809622776678203
9.61,9.27,0.0473,-0.016,209.51223284762503,255.0583704231957,532.8475973692156,210.80250917022647,183.82497803960106,177.12827010345143,324.3972103298772,1.8813788063945418
9.62,9.3903,0.0498,-0.0156,210.99730009126407,256.86627837197364,535.5362424006711,212.62637421491263,187.36263868208124,178.26922307762717,326.6936486079846,1.8851707760880014
9.63,9.5571,0.0545,-0.015,213.5402578464715,259.962053030487,539.2094021069753,215.73707014470153,193.87615746551683,180.11662610134218,330.6763724345582,1.8953049059184786
9.64,9.7316,0.0583,-0.0146,215.5939166542094,262.4621594051245,543.0077965341444,218.29607093779944,198.9668950154249,181.65203204178337,333.7188363406485,1.9000703986983727
9.65,9.91,0.0639,-0.0138,218.32837654454036,265.79106709770133,546.8494660201422,221.66363179916982,206.3054725116667,183.5724878069551,337.8556781686834,1.9111265774087105
9.66,10.0729,0.0744,-0.0129,222.7458202951196,271.1688247071021,550.3269011399926,227.036970143319,219.61440902426818,186.39586297749318,344.7361232856662,1.939528933371987
9.67,10.2281,0.0771,-0.0125,224.07360938364522,272.78526359748116,553.6097407427458,228.73335800487166,222.81956464129183,187.41414725979197,346.4672629804367,1.939041971797787
9.68,10.7478,0.0779,-0.0119,225.36922901453622,274.3625396698702,564.2534028852683,230.76607582899456,223.32305214794897,188.97258342815977,347.15054801169396,1.9096112860274024
9.69,11.0154,0.0798,-0.0113,226.56364535196712,275.81661173282953,569.6409100403231,232.4251917088552,225.39369691725724,190.07723781160993,348.3941458901145,1.9000815723154711
9.7,11.2404,0.0808,-0.0103,227.34370881150627,276.766254205312,574.1210920227057,233.55058122260186,226.39975302963634,190.88336501808135,349.10194313817703,1.890343760464801
9.71,11.4692,0.0817,-0.01,228.07982862570424,277.6624000660747,578.6183795295632,234.63192161911732,227.27833598821968,191.6690409400142,349.7483167807501,1.8803012045477516
9.72,11.6593,0.0817,-0.01,228.4203097270991,278.0768987982076,582.3232918424608,235.20843797657443,227.1147955469256,192.17828439427004,349.8819707836901,1.8697533959922434
9.73,11.9192,0.0868,-0.0105,230.6618219166253,280.8056962463265,587.3069608157249,238.08998040101855,232.91006953262274,193.8161280471483,352.79636100921005,1.871663442997137
9.74,11.9967,0.089,-0.0161,231.5804486244432,281.9240244123656,588.8029650065466,239.20817387100325,235.39967926842357,194.45606026592614,354.05516122004167,1.8743782472259898
9.75,11.9812,0.0913,-0.0186,232.38037587231156,282.8978488880315,588.5630438884352,240.08168941720584,238.06473151897444,194.88760856288522,355.3203053152709,1.8823024536011028
9.76,11.8687,0.0924,-0.0196,232.61831474954707,283.1875136081443,586.5010937207618,240.18762196490025,239.42809990917974,194.87211553680186,355.94139555543114,1.8918830913301328
9.77,11.861,0.0947,-0.0201,233.40548243283828,284.1458047008466,586.4133217990203,241.06281216482333,242.0559441107216,195.30754815878544,357.1717280446711,1.8991801292981705
9.78,11.8144,0.096,-0.0203,233.79617857848663,284.6214347912011,585.59045259164,241.4282509661451,243.5715626272689,195.47346776405132,357.88755138374086,1.905651597133677
9.79,11.6903,0.0968,-0.0202,233.89344823801787,284.73985002889134,583.2916566556735,241.3657670306069,244.59360764085403,195.36643896828218,358.33850935245624,1.9149959054634758
9.8,11.4925,0.1005,-0.02,234.75102888368346,285.7838612497016,579.5597459883427,242.15192995016898,248.94308794150535,195.5501461932139,360.1377176919761,1.9366925953045657
9.81,11.3218,0.1027,-0.0197,235.1538325302922,286.27423090644265,576.3143599489881,242.43389656492604,251.56693269935272,195.53566505466543,361.2061586161655,1.9526827170532317
9.82,11.1046,0.1037,-0.0197,235.08663039570848,286.1924196121669,572.1219045634978,242.11544813083887,252.90598456845615,195.20317345143255,361.7028425044297,1.968249850833883
9.83,10.9068,0.1042,-0.0195,235.06136950177935,286.1616672195575,568.2640375654425,241.35258446680714,253.22653563864418,194.83148466136035,361.97415192643655,1.9831252811499465
9.84,10.4414,0.1042,-0.0193,234.14153971926333,285.0418744408423,558.9300109556291,239.80304193813998,253.72586950544633,193.66660468124633,361.95046041598005,2.0119989953280712
9.85,10.2668,0.1041,-0.0191,233.77659773924663,284.59759724777854,555.3964467495052,239.17295620493476,253.80388563101954,193.23605398797534,361.953129800954,2.0230069430479243
9.86,10.0846,0.1039,-0.0187,233.35393275200215,284.08304856765477,551.6661303519782,238.47182686839434,253.78250122352588,192.76205397483366,361.9076058031411,2.034433860191539
9.87,9.8441,0.1024,-0.0187,232.41085861159507,282.9349583097679,546.655975924214,237.09112961866362,252.38318662130294,191.91558062415862,361.2521927857093,2.046431046869065
9.88,9.7122,0.1001,-0.0185,231.48281550794547,281.80516670532495,543.9006360042938,235.79673042226418,249.94807070310137,191.23616192421358,360.2432423600019,2.049130100768588
9.89,9.5454,0.0971,-0.0183,230.25091656714767,280.3054636469624,540.3668543286357,234.10352053865967,246.7329621962848,190.33205786003603,358.86689216130054,2.0522382084481703
9.9,9.464,0.0968,-0.0181,230.00805606134625,280.00980737903024,538.6559837864647,233.69825980199326,246.47759010044444,190.10206003853014,358.79155231702543,2.057199017114485
9.91,9.3903,0.0933,-0.0179,228.8321258262483,278.57824013630227,537.1036497219749,232.13071668227644,242.53144368787378,189.36177623593977,357.14850105462267,2.052325106362065
9.92,9.2506,0.0934,-0.0175,228.55636793486045,278.24253487722143,534.0910116336435,231.65253008773746,242.80022664835664,189.02329288062015,357.24977147231965,2.062677215771258
9.93,9.0606,0.0936,-0.017,228.1676927307743,277.76936506355133,529.9271050781368,231.0132005246216,243.246653221328,188.54551731644224,357.3853427919709,2.0771332382881127
9.94,8.8744,0.0938,-0.0162,227.7703625704894,277.2856587814654,525.7946361681438,230.37475186908136,243.69361643057002,188.06851244382315,357.5206310800013,2.091601446202353
9.95,8.5408,0.0944,-0.0158,227.04238077113592,276.39942006920893,518.205432730624,229.2820510721094,244.7951992100692,187.185027031435,357.80667925975985,2.118864640185662
9.96,7.8931,0.0957,-0.0154,225.4215606566975,274.4262477559796,502.8727479337655,227.06428577441173,247.1590525468205,185.3332173399466,358.3253652404592,2.175055627643461
9.97,7.4742,0.0971,-0.0135,224.38144202900216,273.16001638313304,492.5597843619132,225.71861287577187,249.38145447469668,184.1567288482016,358.9488028565027,2.2154451586038957
9.98,6.9118,0.0991,-0.0133,222.76097738160567,271.1872768123895,478.101861582039,223.78429605271992,252.5774868087163,182.45314518340524,359.7844027592937,2.2733635478360976
9.99,6.3688,0.1032,-0.0127,221.42449582200936,269.56025578331577,463.43355418208887,222.44033394090184,258.2494797793521,180.97423087196273,361.5581960760737,2.3395735705831893
10.0,5.7676,0.107,-0.0123,219.31332869075754,266.99013927570485,446.2479741882814,220.38332993226794,263.7823303281868,178.99461919430132,363.08725985895865,2.416414542943267
10.01,4.6234,0.1078,-0.0121,212.41904911657207,258.5971032723486,410.127690041625,213.38022847545554,267.4421959765608,173.54028453731814,362.9365702182151,2.567516378961336
10.02,4.0687,0.1082,-0.0117,208.27874926560105,253.55673823638392,390.61656363025554,209.38421730362876,269.51238338383064,170.47532558619744,362.85975650818625,2.655403306199226
10.03,3.5063,0.1079,-0.0113,203.20746177897936,247.38299694832273,369.06501065995434,204.56695784911489,271.0622168717452,166.87010092953042,362.4211736239713,2.756308028054431
10.04,2.94,0.1076,-0.0109,196.8387376926959,239.62976762589068,345.0696513012415,199.74115281325751,274.46405592781935,162.6980056038216,361.9093057757341,2.8724782878058424
10.05,2.5444,0.1038,-0.0096,190.99635043849315,232.51729618599165,326.567106870101,194.91098059536563,273.22296196761107,158.9163802383126,359.92727372878846,2.9582525884330537
10.06,2.1488,0.0871,-0.0076,182.23957319038473,221.8568717100336,306.18781212134553,185.23776817831776,255.15429356704055,152.89658726874407,351.46141650365036,3.022768987463654
10.07,1.5631,0.0775,-0.0051,169.65575852101122,206.53744515601366,271.1710583651834,174.4366249809835,248.9866798682157,144.67921743635037,345.438655642325,3.2071877539461013
10.08,1.3459,0.0708,0.0013,163.62103303141194,199.19082282084932,256.21188713302803,168.49136761577557,242.11671403070662,140.5757643387278,341.10987182191116,3.2870667477158233
10.09,1.2063,0.0647,0.0105,159.1183727425502,193.70932333875678,245.8774245791023,163.5925468589698,234.61179249492136,137.38337770441598,336.9492906140325,3.3402833619346937
10.1,1.1132,0.0581,0.0145,155.4606789495726,189.25647872121883,238.5460342650472,158.97139780109075,224.94051680266352,134.6332483680488,332.15485276967627,3.3698016051404798
10.11,1.0395,0.0515,0.0206,152.15631693729742,185.23377714105774,232.52205935040575,154.4195726440497,214.24620195923802,132.02049943588182,326.9047558553866,3.3881108816099297
10.12,0.8456,0.0384,0.0248,143.38178277068184,174.55173554691703,215.05776929468504,143.0574745346463,191.6724989702053,125.10344047461409,314.26390671060955,3.4682356558289937
10.13,0.768,0.0329,0.027,139.43346429442403,169.7450869671249,207.40114620779303,137.64874248216992,180.82770396847116,121.8418610803431,307.8690877607873,3.5047089046726776
10.14,0.7098,0.0292,0.0285,136.4106022665757,166.06508102017912,201.34270384394222,133.507454416755,173.09256781414945,119.31271668108,303.02993667723695,3.538363567433562
10.15,0.6788,0.0264,0.0299,134.496160375449,163.73445610924225,198.01201547764185,130.55326257274876,166.53640510403645,117.5924212679033,299.0605062566004,3.5503851423174515
10.16,0.6555,0.0216,0.0315,132.0797793911551,160.79277491097145,195.46295925005734,126.01029908093948,153.6514630506484,115.10134628486644,291.3570217518156,3.5319297531534106
10.17,0.6322,0.0125,0.033,127.20605990797382,154.85955119231596,192.85539657695784,116.04874578215153,124.30652880770603,109.45097276188403,271.3542209199925,3.441208223652596
10.18,0.6322,0.0101,0.0342,125.76803532900549,153.10891257444146,192.90046955893925,112.8868875227321,114.97951537615748,107.56065199349685,264.0025033949181,3.3975965574429656
10.19,0.6113,0.0089,0.0355,124.24183449612391,151.25092895180302,190.5119725470537,110.43895106693112,110.17663214264076,105.95226607585282,259.69692503439484,3.400029418929709
10.2,0.6011,0.0083,0.0394,123.48903573242272,150.33447828294942,189.41124430097503,109.17426115379564,107.63622809678309,105.11398021218533,257.383058107453,3.3996301604275097
10.21,0.5987,0.0077,0.0412,122.96830598712651,149.70054641911057,189.18466366832666,108.11166249726372,104.93000667636392,104.42965486213848,254.94025210614157,3.3884312267495273
10.22,0.6038,0.0073,0.0431,122.84949316142684,149.55590471825877,189.85194569176508,107.6042006482527,103.01642536211334,104.12369637145147,253.25697364694213,3.371277713181754
10.23,0.609,0.0065,0.0447,122.35106094355791,148.94911767041833,190.52083614156257,106.33462013321645,99.1167989851617,103.28088434286288,249.5417377406103,3.3428481762634545
10.24,0.7253,0.0058,0.0474,125.4321907817146,152.7000583429569,203.57670995574244,108.49024881758406,95.11804108178728,104.94464432178057,246.25163030307863,3.1864915640071434
10.25,0.7719,0.0054,0.0509,126.42616261810716,153.91011101334786,208.50619250038844,108.92819051830206,93.01461143435273,105.2922798891327,244.14736071701554,3.1280969411645696
10.26,0.8068,0.0052,0.0521,127.22656160357445,154.88450977826454,212.0579868309332,109.39246626932152,91.96328683589122,105.66212847097624,243.09192903154522,3.089998175590428
10.27,0.7835,0.0048,0.0593,126.1586836282566,153.58448441700804,209.8845351714795,107.96695262457396,89.92371748703233,104.54879825496947,240.5826626344822,3.0974706300806374
10.28,0.7292,0.0047,0.0614,124.48921892343544,151.55209260244314,204.34839099286856,106.3111831371872,89.42564323499488,103.32036937607535,239.85667015670404,3.146415907385233
10.29,0.6788,0.0047,0.0637,122.98853241750227,149.725169899568,198.98933395614196,104.88445923574652,89.48069325439245,102.28789551030667,239.78855817351814,3.199753333084629
10.3,0.671,0.0046,0.0657,122.65999437110167,149.32521053873248,198.18930990219505,104.43034638339557,88.9390590847049,101.96321351340997,239.15740808770514,3.204914152887895
10.31,0.6703,0.0046,0.0692,122.68364472634886,149.35400227555513,198.2044735116198,104.4250989999091,88.93852070963509,101.97539578795686,239.21428362474649,3.2052399024360794
10.32,0.6708,0.0046,0.0709,122.73420575807803,149.41555483592109,198.31464632289754,104.44551647002545,88.93683889207753,102.01383602740891,239.27428411728656,3.204594909017842
10.33,0.6713,0.0046,0.0742,122.79426162541418,149.4886663265912,198.45838198852195,104.47498964025516,88.93476614643615,102.05225595405075,239.33424182067222,3.20360791514366
10.34,0.6749,0.0046,0.0754,122.93870383343452,149.66450901461593,198.9001161691071,104.58475397200884,88.92925997947708,102.15835955414319,239.4023127511799,3.1995906640986878
10.35,0.6826,0.0047,0.0764,123.33032744981845,150.14126819977898,199.78596527063897,105.04250306906486,89.46843192782727,102.53574880173593,240.15145152009896,3.1945583098877224
10.36,0.6982,0.005,0.0779,124.19981128617889,151.19977026143516,201.53217927471712,106.16830540407406,91.05876918443458,103.42736085473096,242.19062332173579,3.1875806896474894
10.37,0.7331,0.0054,0.0795,125.74317747413795,153.078650838081,205.29639381287524,108.00015312867527,93.067642648488,104.85194788170907,244.77393935583945,3.1638797109886814
10.38,0.7447,0.0062,0.0826,126.97658720267304,154.58019311629764,206.58732232043522,109.92709350857677,96.97948353807568,106.32968137141081,249.29941965028382,3.175204410981355
10.39,0.7486,0.0068,0.0843,127.71319486672422,155.4769328812295,207.0445867761749,111.15758383284084,99.78147202126995,107.25737390403962,252.38241765143678,3.187334111261141
10.4,0.7641,0.0075,0.0859,128.8469585656281,156.85716694946032,208.6888811639679,112.80150659762381,102.86513198304644,108.48178058482236,255.71868706412815,3.1895641609429197
10.41,0.7835,0.0078,0.0878,129.71414893810575,157.91287696812876,210.71191186438404,113.80828719312419,104.07794124429726,109.25833902167427,257.1360551713582,3.1780836396309162
10.42,0.8262,0.0083,0.0892,131.3944163365335,159.95841988795382,214.98468034318307,115.67440739060845,105.98788577062061,110.69520222449653,259.3862023446244,3.1506439620656996
10.43,0.8572,0.0116,0.0927,134.74390497394452,164.03605822914986,218.0545313030392,121.17202276462224,118.51446769791374,114.4497122849105,271.0628698366379,3.187094944684141
10.44,0.8882,0.0163,0.095,138.3561464204886,168.43356955537746,221.0362200860508,127.3513911336141,133.89635769857733,118.36237843558199,283.46167549177505,3.2306916878689207
10.45,0.9231,0.0239,0.0993,142.70315551825752,173.72558063092222,224.34556989187053,135.11753034784363,155.12210701074525,122.89522178469073,298.078563614747,3.2862416578263813
10.46,1.024,0.0313,0.104,148.0896090848456,180.28300236415984,233.33636991786926,142.73632568921184,171.9290772008493,127.60303529659153,309.0283016806113,3.2732935826619305
10.47,1.8346,0.0339,0.1077,166.04768896177345,202.14501264911553,290.69066350272465,156.50147910562623,169.55865268643697,139.73961278727174,313.67682462701964,2.8924075836766523
10.48,2.653,0.0365,0.1166,177.81188017060018,216.4666367294263,334.3538715208254,167.26844280657377,171.67037735527794,148.3087352500398,317.64709503092945,2.660349467279192
10.49,3.8244,0.0409,0.116,189.78134564381563,231.03815991421033,384.1427572287027,180.10820711736991,177.59210603595895,157.85398856123865,323.33368541398585,2.4411734162869005
10.5,4.988,0.0457,0.0987,198.8599192096574,242.09033642914812,424.8851461921626,190.6193018639705,184.06091338920496,165.57047732107833,328.75654659316666,2.291943601256424
10.51,5.7443,0.05,0.0431,204.23314171641778,248.63165078520427,448.07110228045434,197.18906516690686,189.904496338812,170.28172173437918,333.05019921334434,2.221914421409023
10.52,6.2912,0.0529,0.0013,207.68128447391885,252.829389794336,463.70909894232307,201.49983199672855,193.6684863591058,173.38145463761532,335.8068901162998,2.1766973843635755
10.53,6.3261,0.0554,-0.0025,208.85695382735486,254.26063944199723,464.71348607935045,202.93258943587261,197.23484177288626,174.23195601954697,337.9238227806878,2.184796604924703
10.54,6.2602,0.061,-0.0036,210.75615948597255,256.5727158959666,462.8956938975846,205.29746233043093,205.1697811692151,175.41171356518174,342.2362915395225,2.2163676492378666
10.55,6.1516,0.0643,-0.0036,211.51868746674626,257.5010108290824,459.8544017486592,206.25398077604092,209.81307374997297,175.78337648980823,344.6264179714944,2.2418042961982634
10.56,6.074,0.0667,-0.0035,212.04479144984123,258.141485243285,457.6729919935792,206.91712232028135,213.14381929723717,176.04318038375362,346.3225723198147,2.260020025073073
10.57,5.7288,0.0678,-0.0033,210.8646999179504,256.7048520740266,447.5988233054023,205.52599782599168,215.07310373600328,174.84930130518327,346.9926362811554,2.3035874819175195
10.58,5.5,0.0679,-0.0028,209.8097176810931,255.42052587263512,440.7272797472968,204.27243348655463,215.52577022344198,173.89306294163708,347.0374822596431,2.331441646416881
10.59,5.2401,0.0678,-0.0026,208.45704905876008,253.7737988541427,432.6932590131999,202.69716233844113,215.77329244583663,172.7093554148259,346.92964073077303,2.3637070463598207
10.6,4.9996,0.0676,-0.001,207.09501471473385,252.11567008750208,425.0456708751138,201.13453416412023,215.8745082180261,171.54778175575285,346.75867173731,2.394655708987586
10.61,4.4333,0.0647,-0.0002,202.746205664393,246.821467765348,406.01073210674724,196.15207082401193,212.84545703448632,168.03527475407876,344.5633528054487,2.464266554521277
10.62,4.1269,0.0634,0.0,200.27268792268606,243.8102287754439,395.0918095610875,193.3925251854818,211.5810381545878,166.0747836018256,343.55516244363685,2.5075884474326173
10.63,3.8864,0.0623,0.0002,198.18745501139566,241.27168436169907,386.17033743339783,191.08853672141288,210.48220337827945,164.44906858789875,342.7036807186989,2.543951037569175
10.64,3.4404,0.0615,0.0005,194.30454544718134,236.54466402265555,368.637718129399,187.0842361403743,210.28908921913137,161.45664262775412,341.9012262961859,2.623952290356052
10.65,3.1999,0.0614,0.0009,192.09496415672922,233.85473897340952,358.6096203134081,184.89034292989675,210.71523324596617,159.80068304016322,341.7268504032751,2.6735022298683826
10.66,2.9672,0.0613,0.0013,189.77316339297195,231.02819891318327,348.45091597520593,182.62354933616146,211.1720199078216,158.09258015251504,341.5447046376707,2.725400839646817
10.67,2.6957,0.0609,0.0017,186.716957399283,227.3076003121706,335.9448921763865,179.65134685107657,211.36115560036004,155.87894986261335,341.09281488716056,2.790531193250809
10.68,2.2147,0.0606,0.0021,180.08310416792546,219.23160507399623,311.6822613842819,174.92668753028605,214.29183969598296,151.50647904857993,340.45918390047797,2.9198640794505124
10.69,1.9975,0.0597,0.0035,176.4347642001602,214.79014772193418,299.6769361491014,172.21718147870217,214.83028358087898,149.1247030969592,339.61853176068246,2.985024048981748
10.7,1.7842,0.0577,0.0048,172.25478832457716,209.70148143861567,287.0704933223956,168.7940899429801,213.7333626865972,146.34300707992617,337.9149366321133,3.0526908449373678
10.71,1.6213,0.0546,0.0058,168.4460207329754,205.0647208923179,276.8044365594197,165.22140870612043,210.31629855496527,143.71649347566847,335.3393545719714,3.1042550547486485
10.72,1.6356,0.0509,0.007,167.89446615319082,204.39326314301493,277.7743482983648,163.58053254105312,203.63788987982397,143.09980829177883,332.3942928070946,3.0808007781994835
10.73,1.6499,0.0431,0.0101,166.17971939134586,202.30574534598628,278.7625210203506,159.59266061379833,189.1521963708564,141.35138128993418,325.38139487313873,3.0340088915773786
10.74,1.7173,0.0397,0.0116,166.48151221348172,202.67314530336907,283.0979958865031,158.46141148939603,181.9832980604677,141.23894788346692,322.09535819761425,2.987253247962472
10.75,1.8695,0.0361,0.0124,168.01250346285968,204.5369607373944,292.4562188744138,158.0273222970426,173.67420896668406,141.8897231851385,318.414474422066,2.908089044326317
10.76,2.0363,0.0288,0.0134,167.90602753630435,204.40733787028356,302.1882801296663,154.85998590935887,157.6661231182394,141.01471192937757,309.4672619749545,2.800123537102295
10.77,2.1255,0.0246,0.0134,167.0987237228862,203.4245332278615,307.20017114716927,152.96465828267202,148.60634096864908,140.07989326314913,303.3577569583845,2.733837971305355
10.78,2.1255,0.0208,0.0136,165.05388824879384,200.93516830287945,307.2304934777561,149.92070164482192,140.0161350057628,138.1781885740093,296.88191838103353,2.696815670110988
10.79,2.0208,0.0183,0.014,162.24730057758842,197.51845287706416,301.39817727043726,146.40870329549378,134.06425444674468,135.76148665117347,291.94006154686804,2.704657017558912
10.8,1.9432,0.0168,0.0149,160.29541693471577,195.14224670313226,296.9665340133509,143.9924850367954,130.30331169065627,134.07778221827616,288.69628922403245,2.7141446614015163
10.81,1.8385,0.015,0.0151,157.6715046319722,191.94791868240094,290.78760604568475,140.7838778671781,125.56019137208659,131.80130300019076,284.4242034905498,2.7297156699710303
10.82,1.7299,0.0137,0.0155,155.21450160838805,188.9567845667333,284.14372085004226,137.86331510691838,121.94008213167668,129.7047354965967,281.0310341352794,2.754290643315253
10.83,1.4855,0.0129,0.0159,150.6867306649586,183.44471559212352,268.14145802664086,133.4082176404998,119.83329037647331,126.29121527278815,278.59240656405694,2.8473765434515927
10.84,1.3692,0.0123,0.0169,148.05899430898316,180.2457322022404,259.97417694480595,131.04465350486666,118.3629899369541,124.35673753920967,276.7704266877288,2.892605740396694
10.85,1.28,0.0119,0.0177,146.02292751475719,177.76704219187832,253.41972238035652,129.12713794882754,117.32932274898317,122.85021578490108,275.51036233542777,2.9326444663992053
10.86,1.2063,0.0111,0.0184,143.90504164616712,175.18874635185563,247.79157955433413,126.87939534166809,114.91555505928153,121.13506840078905,272.9728523873598,2.960408481890081
10.87,1.1481,0.0104,0.019,142.1195288451541,173.01507859410066,243.19976770546222,124.92490323587177,112.68902807588434,119.6576536766733,270.63503292982233,2.9826827235458606
10.88,1.0162,0.0103,0.0196,138.95204933619243,169.15901658319078,232.18946822546548,122.32486977148977,112.86054396135842,117.50900502466357,270.11415979277643,3.066741422070822
10.89,0.9619,0.0101,0.021,137.45907428658765,167.34148174019367,227.4319537936353,120.94001250956003,112.38085476665141,116.42358191713029,269.3796281120285,3.1025411779136776
10.9,0.9192,0.0098,0.0219,136.1414977893133,165.7374755695988,223.57358925012258,119.59676159486611,111.46877577923061,115.40515163796614,268.29790613717546,3.1300184187468387
10.91,0.8921,0.0095,0.0227,135.2116169077545,164.60544667030982,221.0782990158103,118.55599616592554,110.45817613197214,114.64198906948563,267.2185150025325,3.1463014456015674
10.92,0.8533,0.0095,0.0233,134.16703191592745,163.33377798460734,217.40360561863113,117.65881874967047,110.67271220936048,113.93926854323546,267.19252524998757,3.1794433828628548
10.93,0.83,0.0095,0.0243,133.53671380549838,162.56643419799806,215.1666057076841,117.10089429942082,110.811043844912,113.51481157001622,267.1996610894168,3.200310509282541
10.94,0.799,0.0095,0.0264,132.67382957361758,161.5159664374475,212.13736948611682,116.33762777816814,111.00811345035268,112.92300690412674,267.18621807786457,3.2290683861811664
10.95,0.7796,0.0097,0.028,132.2811130931291,161.03787680902676,210.21739549735,116.13664557026722,111.93353836940322,112.74740259797753,267.92405313796115,3.2518690484091985
10.96,0.7714,0.0101,0.0301,132.3607585387977,161.13483648201463,209.43575784324844,116.50287163801255,113.56208992897956,112.98273886624118,269.3763558838243,3.267717987675914
10.97,0.7718,0.0107,0.0318,132.8250304760217,161.70003710124382,209.52908631842496,117.35232400488668,115.864882964275,113.56246387839933,271.46850960747634,3.278560537355078
10.98,0.7722,0.0113,0.0355,133.28353493222582,162.25821643923146,209.66144722605756,118.18211240423317,118.10990741582812,114.11529970014816,273.46487122376374,3.2885454521257875
10.99,0.7757,0.0117,0.0365,133.67914524747638,162.73982899692777,210.05922722666395,118.79603254534044,119.54982230771465,114.548792104592,274.7768038998139,3.2920960460855797
11.0,0.7951,0.0138,0.0379,135.5561254247557,165.02484834318088,212.07920637114896,121.86469044446875,126.75015399519665,116.5723861248188,280.85328435034285,3.3066668997750126
11.01,0.8145,0.0162,0.0392,137.4463859132971,167.32603502488345,214.06754868606603,124.99407104058014,134.3869246636394,118.57489825075962,286.886091032804,3.3218540832025205
11.02,0.8882,0.018,0.04,140.52547968025553,171.0744970020502,221.24015515238625,128.57589624841003,139.02803997789175,121.14834200875879,291.0959104579266,3.278634930216896
11.03,0.9386,0.0189,0.0416,142.40433130938538,173.36179463751265,225.96288205934889,130.56844741046214,141.08803301123802,122.64146915192943,293.1350505182152,3.2479387978818814
11.04,0.9735,0.0193,0.0425,143.5763218406561,174.78856571905962,229.14588534856068,131.68777820002123,141.84895073867986,123.53353228656587,294.08106820779943,3.225624236335563
11.05,1.0317,0.0194,0.0431,145.19357752750912,176.75739872914153,234.27462199431787,132.95972742074585,141.5299971905328,124.65559439040786,294.47262788667535,3.184482982457341
11.06,1.2877,0.0189,0.0427,151.02163332596552,183.8524231794363,254.83922809156027,136.9791811117493,138.06419871137092,128.45215486765267,294.02378623046684,3.022317720229831
11.07,1.3847,0.0184,0.0398,152.80576000090818,186.02440347936647,261.94817510916147,137.96143115138094,136.0976545057281,129.5465825064008,293.22530899308595,2.967396421064887
11.08,1.4545,0.0174,0.0394,153.66942284684205,187.0758191178947,266.90769592682847,137.96538462901879,132.98185504954048,129.8961384271006,291.27539416481176,2.922903783546855
11.09,1.5243,0.0174,0.0394,154.99364974524613,188.68792142899528,271.72978678275797,138.96350138955663,132.69386600127666,130.80866855671746,291.442954014723,2.891176403708966
11.1,1.5825,0.0167,0.0394,155.69834500676902,189.54581131258837,275.6529013374753,138.9695439370085,130.47130175682045,131.1017756105619,290.03790121759494,2.858690820172592
11.11,1.5903,0.0168,0.039,155.92289824062522,189.8191804668481,276.1882907652672,139.17104158957474,130.71239471858522,131.2925206366602,290.3397937507932,2.8568586662506994
11.12,1.4506,0.0161,0.0385,152.95930982244047,186.21133369688405,266.71867701108033,136.5482243334982,129.35448357570144,129.14106585703414,288.6071480565871,2.910184978462371
11.13,1.3381,0.0158,0.0382,150.57630111694337,183.31027962062672,258.6797533741851,134.5788846586568,129.02900335214557,127.48126698249463,287.7958112795791,2.9614435073900194
11.14,1.2451,0.0158,0.0382,148.63449648778345,180.94634355034506,251.7197380025414,133.1136623107726,129.52991449627817,126.1972391532192,287.70780343318535,3.0112263191536117
11.15,1.1791,0.0159,0.0387,147.2466286480963,179.25676531072594,246.5967053987355,132.11605884986486,130.22332388224316,125.30819941115631,287.8931938552133,3.0506449218525296
11.16,1.1403,0.0159,0.0392,146.37716509250353,178.19828793869996,243.5137494164626,131.43734789116266,130.47528709917512,124.73696827196187,287.887205672699,3.0743767847412924
11.17,1.1015,0.0196,0.0402,147.36343854719686,179.3989686661527,240.37268235728288,134.42223667501307,141.40499140704705,126.32218447578096,295.8156747683023,3.1429575706420403
11.18,1.0705,0.0203,0.0412,146.94338282474445,178.8875964822976,237.82085049220575,134.48532658259154,143.6165395261314,126.2023076681301,297.17273276525196,3.1712126479894325
11.19,1.095,0.0196,0.042,147.26612247598624,179.2804969272876,239.90448570510833,134.30084632605522,141.45480713665748,126.27735428655133,295.93662803810537,3.1474986647062346
11.2,1.1195,0.0197,0.0431,147.9468373645177,180.1091933133259,241.96484163831656,134.84445302878902,141.5079081760882,126.76536177190606,296.2479152841187,3.132864433598833
11.21,1.1878,0.0198,0.0447,149.65151498696562,182.18445302761035,247.5074389861124,136.14451195807405,141.20310358839998,127.9364902516005,296.63988951186366,3.0919738932335954
11.22,1.3304,0.0208,0.0466,153.32390820091288,186.6551925924157,258.43676308383556,139.37464894775866,142.7879277320428,130.60762615387256,298.86403134204994,3.0233907378054736
11.23,1.7221,0.0234,0.0484,161.9469667738091,197.15282911594153,285.0944708018278,147.12372960719026,147.06456158368854,136.91805346142422,304.1240232469891,2.8721140688788442
11.24,2.2341,0.023,0.048,169.1144410312714,205.87844995111303,314.77647730626774,152.95518402253794,144.72437367836278,141.9793042211387,304.09663197396657,2.6918213525614134
11.25,2.6957,0.0238,0.0468,174.59126198604318,212.54588415692214,338.1195824611908,158.6511438216596,146.163460790693,146.32240008258094,305.9449700882828,2.5703326904484833
11.26,3.1185,0.0253,0.0394,179.30148533750193,218.2800691065241,357.380373118494,163.82082328831964,149.09164707987105,150.22170490691238,308.7875875382435,2.4852915177050763
11.27,3.0719,0.0286,0.0307,180.71017178804655,219.99499174196973,355.29413586541546,165.78952723772028,155.72877992904563,151.46687700134044,313.78407795632677,2.5233513943453154
11.28,2.94,0.0291,0.0188,179.7957496004163,218.88178212224594,349.3269358928404,164.88514479047825,156.81141363958554,150.76651161096837,314.46029422415586,2.557956013552946
11.29,2.8663,0.029,0.0254,179.1020954183493,218.03733355277308,346.04773647369984,164.11635572632647,156.67350516144168,150.2104300089857,314.3310205694105,2.5744671012435654
11.3,2.7926,0.029,0.0166,178.41048581241955,217.19537403251076,342.57898555300613,163.37192363248406,156.73722409256948,149.68487595343998,314.3408375292183,2.592964305310729
11.31,2.5522,0.0276,0.0131,175.2812427626305,213.38586075450672,331.0086025162299,159.8948818654507,154.1625628250944,147.187726937247,312.18723692673626,2.64410676923479
11.32,2.4591,0.0239,0.0116,172.35945209583505,209.82889820362527,326.3617678195806,156.13354976985795,146.49127070944536,144.69913228009335,306.38420495844775,2.6377079139801207
11.33,2.4087,0.0214,0.0101,170.40294105901262,207.4470586805371,323.8062515110934,153.56536678230077,140.9957352389719,142.9864196849331,302.0361357118592,2.6281615182825875
11.34,2.4087,0.0197,0.0103,169.39068170693693,206.21474294757542,323.83648403907176,152.11959840453153,137.09077851029207,142.04228810410737,298.8702313024635,2.610716683703385
11.35,2.3854,0.0196,0.0089,169.10160347199923,205.86282161808603,322.6516506048961,151.7649361348384,136.85792434773734,141.8184522623078,298.71769581036517,2.6166292235501096
11.36,2.2341,0.0194,0.008,167.28841724561408,203.65546447292152,314.6993441608744,149.8293870884164,136.4179112262726,140.40136120731995,298.24148797274086,2.660037497089425
11.37,2.0712,0.0192,0.0075,165.20512090940002,201.11927762883482,305.75569718839506,147.63802670233028,135.98738371703,138.79352554115826,297.73943217617847,2.7108650241127648
11.38,1.8579,0.0179,0.0076,161.57564027214525,196.70077946174206,293.3572727551068,143.61614159868643,132.8675761359574,135.87870202324413,294.86648110857914,2.7727041841824516
11.39,1.6523,0.0171,0.0077,157.8875455085509,192.21092496693154,280.5407738125462,140.12662439240478,131.23468129107243,133.1296828728101,292.9298369312757,2.843778010010978
11.4,1.4817,0.0157,0.0081,153.99666004430696,187.4741948365476,269.14082952228546,136.40101423851237,128.0375854784089,130.16269237778806,289.5257955906907,2.900224119428794
11.41,1.2179,0.0157,0.0093,148.60418990627298,180.90944858154973,249.78065352932745,132.38167775120607,129.36164861704376,126.57005770306803,289.17017933358994,3.0353408753843607
11.42,1.1171,0.0157,0.0124,146.31003011216083,178.1165583974132,241.75361751918757,130.62507303484972,130.00675335163842,125.03567026055798,289.0494289374487,3.096517035370331
11.43,1.0434,0.0154,0.0155,144.3693257347032,175.75396176398652,235.61652267108974,128.91622247207223,129.62433259595332,123.64478813922778,288.2436055260713,3.1417180272836536
11.44,0.9697,0.0152,0.0169,142.37821781243284,173.3300042933965,229.177225896266,127.2044298104325,129.59585044737258,122.24442457248794,287.6618855114753,3.192929971045766
11.45,0.8921,0.0134,0.0184,139.2585608718759,169.53216106141412,222.06081783685582,123.45677189426434,124.41573491105515,119.5569965113218,282.8747789041782,3.2297056674691067
11.46,0.8708,0.0126,0.0194,138.20299928229346,168.2471295610529,220.06563149038067,121.99829490519843,121.86463359761451,118.56326611111149,280.63189625780467,3.235749292903081
11.47,0.8686,0.0109,0.0219,137.0663493244911,166.86338178633704,219.91869372082078,119.76600758194691,115.81121626683311,117.13128487529372,275.449514716669,3.208943492983097
11.48,0.8664,0.0102,0.025,136.54930854680458,166.23394083958817,219.78249673408803,118.76025580909482,113.21020670009815,116.47344955835123,273.13804204565906,3.1978524545016795
11.49,0.8688,0.0098,0.0264,136.3530270977046,165.9949895102491,220.0581574662827,118.24946933908721,111.66814474241677,116.16171311344942,271.78664905283364,3.188212365822269
11.5,0.8649,0.0097,0.0276,136.20051049293008,165.80931712182795,219.72336936449233,118.01463874499647,111.30377713776718,116.01575369279567,271.4752127272292,3.1897381368667683
11.51,0.8611,0.0097,0.0289,136.12642667730915,165.71912812889812,219.3990910226416,117.92689667668297,111.3238738237018,115.97023408205163,271.5260703199202,3.19311264677883
11.52,0.8184,0.0097,0.0301,134.94283403857136,164.27823274260865,215.2461042132702,116.88971174703136,111.59088121274648,115.15179588393214,271.48354008891494,3.2318915268455104
11.53,0.7796,0.0098,0.033,133.91644428691217,163.02871478406698,211.39194030459183,116.04911818848025,112.25245137376557,114.4742161182079,271.8077349889864,3.27121282843941
11.54,0.7793,0.0098,0.035,133.94397835987283,163.0622345250626,211.41830476692186,116.04700065805821,112.2509451826554,114.4954624382363,271.86658347076394,3.271420435586224
11.55,0.7795,0.0099,0.0369,134.05884894265813,163.20207697367078,211.4940738211665,116.20115759147204,112.6380390250673,114.62381449726439,272.28581191174817,3.2730995624500316
11.56,0.7796,0.0102,0.0385,134.31169462196056,163.50988910499547,211.5536908355356,116.63289973559927,113.80075118424153,114.93795312538946,273.4046906914617,3.2787539344659677
11.57,0.8106,0.012,0.0404,136.47700827637948,166.1459231190707,214.75391192054298,119.83551892765823,120.22654529906058,117.18302114204528,279.38418983976686,3.280369916279889
11.58,0.8262,0.0139,0.0427,138.11487479169247,168.1398475724952,216.3705663099167,122.52524543294993,126.65482249803529,118.97598209389854,284.87633629611423,3.2953525218188324
11.59,0.8378,0.0159,0.0437,139.56700013993975,169.90765234427448,217.55210419413663,125.01428260015109,133.03955984002226,120.58164124834866,289.99180789910747,3.3127754347314307
11.6,0.8814,0.016,0.0447,140.92113328622204,171.5561622614877,221.8052029159284,126.16268686302624,132.86800781550545,121.55813301492377,290.40059708512723,3.2752735447709282
11.61,0.9251,0.0161,0.0462,142.2377252887661,173.15896991675874,225.95012050087675,127.26151383504569,132.727634391799,122.50079237428797,290.8033914613135,3.240039494308185
11.62,1.0278,0.016,0.048,144.95113624887054,176.46225282471195,235.1870717902313,129.30791645259146,131.49791446869287,124.33744117774393,290.8577413496723,3.160901288091184
11.63,1.2489,0.0166,0.054,150.5662023023498,183.2979854115563,253.31835263644737,133.92188466987145,131.70963468127397,128.29742468266605,292.7384570230991,3.0292263203871177
11.64,1.536,0.0178,0.0534,157.04150679728323,191.18096479669265,274.0099849405293,139.37774964907072,133.52782268223822,132.97743352813094,295.9237042947328,2.9020965786873543
11.65,1.8191,0.0195,0.0534,162.88659502686073,198.29672438052614,292.21167686441,144.53389332028323,136.74310307791316,137.32469706116618,299.8939142103112,2.8082564269621972
11.66,1.9549,0.022,0.0451,166.25504412072866,202.39744501653922,300.2490869931038,148.43579706362448,142.4737327284904,140.18548136651253,304.8623259904416,2.784929758990314
11.67,1.8269,0.0229,0.0447,164.78900137415758,200.6126973250614,292.63608107437096,147.65021060172162,145.00491083517056,139.32106759847306,306.3684109660516,2.8394479949943756
11.68,1.8111,0.0237,0.0451,164.94194015278364,200.79888366425834,291.7005776811726,148.14256410595715,146.96053755830923,139.5772881073491,307.78599435743655,2.8526172154154255
11.69,1.8815,0.0237,0.0455,166.11240068380712,202.22379213680867,295.9907406553795,148.9417053475901,146.6140163976293,140.37926942756542,307.93953026672534,2.827565534803783
11.7,1.9519,0.0252,0.0464,167.94991524219415,204.4607663818016,300.1899616019717,150.94671285060514,149.70691737503833,141.87818586040487,310.5576521242842,2.8164752733157665
11.71,2.0984,0.0321,0.049,173.11859591341974,210.7530732859023,308.6215385038854,157.63323850526933,163.67903401478588,146.30813336159883,320.7246038132001,2.821574439174066
11.72,2.7345,0.0328,0.0488,181.00808167105342,220.35766464302156,341.3627507268624,165.2316933892429,163.8636969714851,152.30271653930387,322.32570223460317,2.6427447225790304
11.73,2.9672,0.0342,0.0493,183.95424345642775,223.94429638173816,352.17882375472664,168.42039135109954,166.18176970141695,154.6766577607492,324.3477672936245,2.596420662873505
11.74,3.2426,0.0378,0.0437,188.04004487475729,228.91831549970456,364.27219795264915,173.1337806012229,172.28194644309215,158.01052637221665,328.8821696993991,2.5597799350651056
11.75,3.6382,0.0361,0.0425,190.5059695449887,231.92031075042104,380.63049475265234,175.46844696666471,168.91044158245623,160.0770652760833,327.26972573931215,2.4704030927413627
11.76,4.2433,0.0385,0.0412,195.7922801871535,238.35581935827383,403.64750699254074,181.48249738465898,172.5264596270391,164.57870365718267,330.4667050572936,2.38167468568209
11.77,4.9919,0.0412,0.0416,201.32497033232917,245.0912682306616,429.48723487875185,188.01840986561572,176.42361236696473,169.465163463623,333.86431807364613,2.2887044358375777
11.78,6.233,0.0458,0.0359,208.99196466596862,254.42500046291835,467.4578854988776,197.6038488088796,182.81499086918544,176.55679424260578,339.1195168186193,2.1660270895792872
11.79,6.5278,0.0461,-0.01,210.2306364880051,255.93294876800624,475.5715405213663,199.22016725604792,183.10372456534088,177.87391442939096,339.5964510577806,2.1379416366856407
11.8,6.7605,0.0482,-0.0154,212.04629363843262,258.14331399461366,481.9919229339263,201.49472184395336,186.08735926421068,179.47785681321812,341.7305940000568,2.125587455276036
11.81,6.9079,0.0521,-0.016,214.31465730457836,260.904800196878,486.0190087615383,204.24107785810324,191.63935383173035,181.24525920090608,345.33376554705103,2.1302979116365517
11.82,7.0049,0.0574,-0.0157,216.89600572771622,264.047311320698,488.65839091546746,207.33259340053786,198.99396557806463,183.11884815142164,349.82149973911,2.145192130669696
11.83,6.9816,0.061,-0.0154,218.27124095837215,265.72151073193135,488.07896847797844,208.924034168578,203.9103323363468,184.0006990570557,352.6655526221481,2.162975124474428
11.84,6.9389,0.0622,-0.0117,218.61832920918235,266.14405295030895,486.99559543747534,209.27586132605063,205.55128329531485,184.1789737476441,353.61936241908904,2.1721691969712316
11.85,6.9389,0.0627,-0.0092,218.84775441676706,266.4233532030208,487.0490396773665,209.50721419046212,206.2138657204315,184.34466811541603,354.0632316661037,2.174354729822662
11.86,6.9353,0.0629,-0.0092,218.9491175172855,266.54675176017366,486.9931397118523,209.5815239392823,206.47808296820378,184.42286582733973,354.28408902051336,2.175698617719678
11.87,6.9498,0.0631,-0.0091,219.11565102285388,266.7494882017352,487.4231097051162,209.7431579277912,206.72673370129348,184.57019534399106,354.5113949008173,2.175291981927587
11.88,6.9642,0.0633,-0.009,219.2816066389427,266.9515211256694,487.84993468234074,209.90404136570922,206.97506187045735,184.71695435892775,354.73827050763913,2.1748956122360377
11.89,6.9933,0.0636,-0.0082,219.5377746596287,267.2633778465045,488.67258624774865,210.181189652988,207.34329244361584,184.9437034869441,355.04290442099744,2.1734822342359315
11.9,7.0631,0.0639,-0.0078,219.9372328947115,267.7496748283445,490.5733070036977,210.65182201605353,207.67686106003626,185.32404918767332,355.36185957285414,2.168211219804352
11.91,7.1096,0.064,-0.0076,220.17735138124218,268.0419929858601,491.8467112362517,210.91905397191059,207.7650098117518,185.56665300480722,355.5269129917479,2.1643926091126287
11.92,7.1251,0.0639,-0.0078,220.23330909643173,268.110115421743,492.29603669496237,210.94814493383987,207.614594649171,185.64407464781215,355.5358613969266,2.16271243011225
11.93,7.0359,0.0638,-0.0078,219.92172421265462,267.7307946936665,489.9727392326732,210.47900288961662,207.54991004116243,185.32670891218987,355.5057597412939,2.170927162784359
11.94,6.9389,0.0635,-0.0078,219.50139947260033,267.21909501012215,487.42114354790914,209.8771271313253,207.22702036912182,184.92732841131,355.3268165946162,2.1791974483019785
11.95,6.8769,0.0629,-0.0078,219.09087531814583,266.7193264742645,485.79275519964574,209.3048238054664,206.47481165323435,184.58595565553875,354.940147465331,2.1829525867386645
11.96,6.8662,0.0619,-0.0077,218.71465469340797,266.2613187571923,485.5445348133939,208.7976926014041,205.14128113925608,184.34212247209004,354.27232700871923,2.1800623854681844
11.97,6.8901,0.062,-0.0074,218.8787791445974,266.4611224369012,486.2313609487228,208.96088996799062,205.250181911545,184.50195938582075,354.4307257196171,2.178319011182428
11.98,6.914,0.0613,-0.0068,218.73833990441534,266.2901529271143,486.91840907399023,208.75695197541276,204.28642932988078,184.46291520821313,353.99178977871173,2.1732613475452762
11.99,6.9661,0.0611,-0.0061,218.88754845791655,266.47179812268104,488.36093238856404,208.91808292893086,203.9712401741371,184.65517945048896,353.9357974542082,2.167561650328222
12.0,7.0786,0.061,-0.0061,219.28293613807224,266.95313964634886,491.39985735695984,209.41145403821614,203.7452409423771,185.09939840636625,353.9770452568936,2.1565904535797444
12.01,7.1639,0.0609,-0.0047,219.57688088153705,267.31098542100165,493.7016100193606,209.77106092853916,203.54176226798936,185.43663785347837,354.0075225404497,2.148304946120913
12.02,7.1833,0.0608,-0.0047,219.64274764885118,267.39117105077537,494.2526868875813,209.8169611342533,203.38827281462935,185.52648597002826,354.0135202807113,2.146252708060434
12.03,7.1717,0.0608,-0.0045,219.64259553150683,267.3909858644431,493.9892720411257,209.76364826453536,203.39184132461514,185.52619983666872,354.0837760740834,2.147506370640291
12.04,7.16,0.0602,-0.0039,219.4074708808121,267.1047471592495,493.7248412405959,209.43080379570372,202.5887721874806,185.3727831357409,353.697635745647,2.146246087372982
12.05,7.1678,0.06,-0.0039,219.39414568827226,267.08852518572274,493.9708532963832,209.37513056836383,202.30882733889612,185.39343123994965,353.6217722123166,2.1448491305561297
12.06,7.1523,0.0598,-0.0037,219.30183876366843,266.97615153837893,493.6040274727441,209.20971775649588,202.04534797469114,185.32702614731102,353.53684063273727,2.1456239461969
12.07,7.098,0.0599,-0.0036,219.1949145069512,266.84598287802754,492.20988839501206,209.00073178097466,202.21454194174595,185.1920988087297,353.66785466813656,2.1513226845220386
12.08,6.9661,0.058,-0.0033,218.0229116825655,265.4191968309493,488.7368810843943,207.4745240187301,199.7227663635485,184.2415046199158,352.2138687837204,2.1559105053099374
12.09,6.97,0.0575,-0.003,217.87445028878392,265.23846122112826,488.8829705570539,207.25575874778133,199.0306099587163,184.16635208553447,351.8927764787767,2.153528705327191
12.1,6.9608,0.0574,-0.0026,217.84081918905034,265.19751901275697,488.67838196522445,207.16492274941973,198.89510573391516,184.14704809468373,351.88331756919376,2.1541440548464585
12.11,6.9516,0.0573,-0.002,217.80720112871822,265.1565926784396,488.4745453861368,207.0741647372228,198.75947280927676,184.127618463977,351.8736547230281,2.1547563672893735
12.12,6.9545,0.0573,-0.0016,217.8560916370292,265.2161115581225,488.5943467956037,207.08947988971838,198.75278882827095,184.1809362076593,351.9482311455908,2.154645361357261
12.13,6.9467,0.0573,-0.0016,217.86726405196325,265.2297127589118,488.42480870716327,207.05279600026077,198.75349595078626,184.1934021401514,352.0187529688711,2.1555723999092002
12.14,6.9312,0.0569,-0.0014,217.6895802053878,265.0134019891678,488.04903216026935,206.78689674555127,198.2096211383522,184.0692954680112,351.7658378648845,2.155482904987433
12.15,6.9118,0.0562,-0.0014,217.3746577305553,264.630018106763,487.56648321057594,206.355842944312,197.25257165793627,183.84815247741702,351.2661084500614,2.154437011512772
12.16,6.8575,0.0561,-0.0013,217.18043386168293,264.393571657701,486.13976013968534,206.04439984896226,197.14595752341796,183.65432143664484,351.23739611833867,2.1594474955771745
12.17,6.5317,0.056,-0.0012,215.9769483443048,262.92845885393626,477.2229796930387,204.37415376777355,197.2278431849697,182.38620507964376,351.1024898712064,2.191813482057853
12.18,6.3843,0.056,-0.001,215.44119257167753,262.2762344350857,473.119416877254,203.61765906291583,197.3296731813058,181.82922540984114,351.11614625583854,2.2073175878797175
12.19,6.1981,0.0558,-0.0006,214.64612711236634,261.30832865853296,467.840101210112,202.5436648749592,197.18434237117603,181.04341248650212,350.9488731396947,2.226492092774534
12.2,6.0507,0.0556,-0.0004,213.98479460541975,260.50322821529363,463.59702339498233,201.6551054488461,197.01203622159414,180.40437814735634,350.7953897139554,2.2419685071803293
12.21,5.884,0.0537,-0.0002,212.54269005987757,258.7476226815901,458.71409953679307,199.81551673660104,194.44554031360875,179.20309536012402,349.21352315637483,2.252240801472022
12.22,5.6978,0.0497,0.0,210.1056671199333,255.78081214600576,453.15163618473457,196.7611003760039,188.78180729331007,177.27318004881892,345.70633209445685,2.2548737477772582
12.23,5.306,0.0503,0.0002,208.52483705470593,253.85632337094634,441.0226022924368,194.77368242124984,189.95367171759193,175.67865758266183,346.13519830407813,2.3060920858787797
12.24,4.9802,0.0441,0.0007,204.26114046741344,248.66573622119896,430.513143146824,189.49660772379752,180.7910802749013,172.23166379106263,340.17711759955415,2.316895489846667
12.25,4.6505,0.0411,0.0009,201.14547394522256,244.8727508898362,419.4302902657313,185.68022920548592,176.25264985147177,169.58540632056756,336.97456402224293,2.346500312798986
12.26,4.3364,0.0406,0.0007,199.083005907591,242.36192023532817,408.40627224737557,183.2327304271517,175.65132712961997,167.75383559763983,336.3341653092972,2.3912193242567095
12.27,3.6964,0.04,0.0013,194.4587720517085,236.732418149906,384.27454121347034,178.034563627723,175.17108872450638,163.77505773125452,335.3565498506169,2.4969485032497816
12.28,3.3783,0.0402,0.0018,192.03445095767253,233.7810707310796,371.3244120246857,175.45296199884365,175.80985524677249,161.77010749806558,335.4198001856696,2.560397037472741
12.29,3.068,0.0399,0.0028,189.1808488675792,230.3071203605312,357.94516422728736,172.4324170116012,175.64595617063594,159.47814225030157,334.92347443229545,2.6256633624077708
12.3,2.7112,0.0396,0.005,185.50408027360427,225.83105424612694,341.4835548151349,168.65352592265714,175.59454488951152,156.60131640662,334.35784563858675,2.710610434968299
12.31,2.4979,0.0389,0.0095,182.8757876852125,222.63139370373696,331.0338503373545,165.90297683704657,174.6904833175141,154.57034830205671,333.4498653082591,2.7641838285446694
12.32,2.2845,0.0368,0.0069,179.3930216084583,218.39150456681878,319.9390227963416,162.3252029711039,171.52518175752067,151.92837618791043,330.90210928993673,2.8131205764152227
12.33,2.0867,0.0362,0.0071,176.18842415900136,214.49025549791472,309.0933339276497,160.1648201700256,171.80078383559925,149.7892381752113,330.0422446067115,2.8679933240220237
12.34,1.5243,0.0342,0.0072,165.68977410696792,201.70929021717836,274.19863428559705,151.9128509820911,171.74068330209462,142.52457313516013,326.9193343192725,3.071136466078894
12.35,1.2644,0.0312,0.0083,159.03507548829987,193.60791798575636,255.3553978531396,145.91905440847606,167.9154329159445,137.71696230462982,322.66030359920876,3.1829347969287665
12.36,1.0434,0.0299,0.0217,153.10475767919485,186.3884006529329,237.5503439876461,140.96543742040208,167.70776194002156,133.5170063874092,320.48980520779736,3.3136919772867834
12.37,0.8727,0.0279,0.0256,147.56564574016025,179.64513394454292,222.03449635966496,135.71855427666407,165.6139037541914,129.4095434131856,317.2635918076545,3.4357111150145796
12.38,0.7292,0.0275,0.0303,142.83725138166682,173.88882776898572,207.5079565315882,131.50610031451916,167.53455972804292,125.9820569262815,316.31252865511425,3.5794597366658882
12.39,0.6848,0.027,0.0427,141.24452237220433,171.94985332268354,202.90683591116922,129.80846862350973,167.27612127665452,124.68551942617543,315.47667655466205,3.626690430064529
12.4,0.6648,0.0262,0.0816,140.57279579449755,171.13209922808397,201.50445603491602,128.80120174892707,165.48945209451298,123.87268870164007,314.24076480823055,3.6361946820786266
12.41,0.6953,0.0255,0.1094,141.62507788631794,172.41313829638707,205.50550429933776,129.43591863280952,162.73568683276648,124.42338554698517,313.3042701398456,3.5851627540039375
12.42,0.7257,0.0196,0.1127,140.50488464389556,171.04942478387287,208.87908402249641,125.51676975631453,145.5586788978951,122.51518109174216,302.9252054743665,3.4890031374836967
12.43,0.7874,0.0174,0.1186,141.54543095375095,172.31617681326205,215.4387164164923,125.18574668375267,137.95653868116065,122.7717718023135,298.5136531349572,3.396104492235018
12.44,1.0899,0.0163,0.1219,149.3069576145044,181.7649918785271,243.27686743941217,130.76843750320907,131.58239018706072,127.98914500214825,296.76341593375344,3.137292804023246
12.45,1.5631,0.0164,0.1217,159.29755800569419,193.92746191997554,278.5507029911153,138.31736211896478,129.36999513801473,134.909035054563,297.8535657485501,2.888805736310167
12.46,1.9587,0.0165,0.1096,165.62000751223286,201.62435697141393,303.16974135590607,143.500299012271,128.7861501760611,139.46537120717917,298.64778325458786,2.7386819541706733
12.47,2.0867,0.0192,0.0987,169.0501562168725,205.80019017706218,310.4217420031096,147.60336236519578,135.40514763076183,142.55581632585034,304.7945042609171,2.7268119007775886
12.48,1.9549,0.0208,0.0975,168.31609673459792,204.90655254646705,302.86066755345314,147.17819075046407,139.15810953318177,142.19576735930838,307.89639265260575,2.7907238284753864
12.49,1.6989,0.0225,0.0986,165.0480879410664,200.92810705868953,287.2410685738165,145.6829446351888,144.31960447426215,140.2934823715987,310.79714558651483,2.9003153252927603
12.5,1.439,0.0224,0.0997,160.15340981336038,194.96936846843874,269.82757594780145,142.1363644356933,145.59311824941247,136.95886443051214,310.29864630801103,3.0122812587438044
12.51,1.3868,0.0247,0.102,160.129571067635,194.9403473866861,266.14815270603,143.27831522841254,151.56069268940195,137.37230776578187,314.24426539922285,3.058983550664024
12.52,1.3808,0.0264,0.104,160.73669858103074,195.6794591421244,265.7623390189862,144.5255063562773,155.62129438480665,138.07777636469686,317.0291007796601,3.0767011763600904
12.53,1.437,0.0274,0.1273,162.42922303672356,197.73992369688088,270.1208600485994,146.17993111896666,157.42891408412342,139.33341835759597,318.72353209407737,3.0553092890233624
12.54,1.4933,0.0288,0.1642,164.2844761364822,199.9984926878914,274.5549439622629,148.11362883812717,160.07088889736895,140.7185307606262,320.951007879044,3.036952111974285
12.55,1.9665,0.0294,0.1625,172.9158793417469,210.50628789430056,304.4280403655639,154.32369563051577,158.27232535472356,146.69169814403094,322.533705599411,2.8573047892288983
12.56,2.6142,0.0294,0.1553,181.1448585912432,220.52417567629607,338.86663901941955,161.61406006298222,156.86665463228303,152.86447175213803,323.2790746577455,2.662659899351203
12.57,3.0913,0.0294,0.0818,185.64037633444383,225.9969798854099,360.4487027175816,166.26339204672738,156.58446371025727,156.63405266991103,323.7455280546143,2.5502255468467574
12.58,3.2038,0.0293,0.073,186.57658583547678,227.13671319101522,365.3361008221019,167.21549657118015,156.33836349649886,157.43267359444576,323.7529036652901,2.525423016462055
12.59,3.196,0.0294,0.0643,186.58077028918453,227.1418073085725,364.9544358394424,167.19460186602504,156.52721297869425,157.45671239241435,323.95561229557825,2.5284321992069185
12.6,3.2503,0.0295,0.0643,187.12141009925375,227.79997751213503,367.33067723439336,167.75117219058603,156.68824059919024,157.9185102542568,324.20417175877657,2.517823551178282
12.61,3.2232,0.0304,0.0626,187.38718227508528,228.1235262479299,366.176899661588,168.1044353348844,158.3888586331658,158.15702573785356,325.5184162450033,2.530708163688531
12.62,3.2115,0.033,0.063,188.60176745046425,229.60215167882606,365.70243842869047,169.67793149712006,163.17931366808216,159.18968452577457,329.0669175202652,2.5524012731356374
12.63,3.1223,0.0377,0.0635,189.96579003729818,231.2627009149717,361.8357047768267,171.68181882607715,171.55835370685818,160.3424935184259,334.80989977564633,2.60379363856207
12.64,2.909,0.0431,0.0647,190.10874763979544,231.43673625714226,352.26217131282,172.5638936826209,180.90066522190668,160.52556931609215,340.57715537528867,2.6863356642445297
12.65,2.5134,0.0438,0.0688,186.05880278566832,226.5063686086397,333.28122532302524,168.6441204776704,182.6625626912323,157.42692489371248,340.99045990812374,2.7936485577832753
12.66,2.4134,0.0434,0.074,184.62235000990745,224.75764349032212,328.2557819787605,167.52397582898095,182.52708185823477,156.4244588269814,340.5497804760136,2.8180862485826736
12.67,2.3644,0.043,0.0787,183.85573711662445,223.82437562023847,325.7808325321797,166.84799775393117,182.1024981306908,155.87749597944492,340.15642088539863,2.829380454648398
12.68,2.3814,0.0422,0.0878,183.8880140805145,223.86366931540894,326.7835734679704,166.5573319553881,180.56906098577804,155.8295323091954,339.4127125311671,2.8200287511494833
12.69,2.3985,0.04,0.0941,183.43404318468242,223.31100909439598,327.75936009572416,165.42321901792982,176.5165359819478,155.3325433697244,337.1435835002511,2.8028522232203414
12.7,2.5832,0.0375,0.0985,184.72615901705194,224.8840196729328,337.1800624208934,166.0757497709515,171.7436833520473,156.19625224924619,334.5770372334737,2.7351502486258292
12.71,3.1185,0.0356,0.1032,189.3446789074139,230.50656562641697,362.22706277180436,170.45216199669275,167.83200151723307,159.833873188411,332.8528485379297,2.5908943034516754
12.72,3.6576,0.0355,0.0731,193.7176730373237,235.83021065413323,384.64253542737566,175.07395424563813,167.27273084428714,163.54393661660313,333.1902868723214,2.4816981061453345
12.73,4.1541,0.0356,0.035,197.19358866612484,240.0617601152824,403.5012865715766,178.9371982789877,167.18183745599956,166.6445632379283,333.6925960606177,2.396848177410481
12.74,4.5187,0.0357,0.0025,199.45951318633905,242.82027692249974,416.47383738438685,181.5481569410317,167.19794391874058,168.75176786334416,334.08854781138865,2.3414857128903854
12.75,4.8367,0.036,0.0011,201.4001221528195,245.18275740343248,427.4583497799735,183.8535330630491,167.58731015982724,170.56811095008285,334.68698248015437,2.297604336398246
12.76,5.0423,0.0373,0.0011,203.152477451375,247.3160595060218,434.3437750046236,185.95531460441256,169.67081716016142,172.1371759039198,336.4043294251057,2.277845228033445
12.77,5.0772,0.0386,0.0011,204.00908492692275,248.35888599799293,435.52345808107214,186.94799300722815,171.77682801476547,172.83652813775583,337.99013268709245,2.281309906949014
12.78,4.9259,0.0414,0.0012,204.596797019587,249.07436158906242,430.55345767426877,187.6020260168389,176.33122119870455,173.12602345332277,341.07233871338593,2.3184488518019024
12.79,4.5613,0.0462,0.0015,204.6643769336015,249.15663278873228,418.12463987694395,187.77343870247287,184.04545325804693,172.82313624817832,345.8427818751386,2.3975641879098624
12.8,4.0881,0.0573,0.0025,205.6964184794258,250.41303119234448,401.03071020030467,189.6853969565225,200.9185089709778,173.22402506484198,355.44240417476306,2.5276168169201516
12.81,3.6847,0.0594,0.005,203.27091995090964,247.46025037502045,385.47755785816696,187.3317460812435,204.44018219629757,171.19956756730042,356.90554789994866,2.6093466093957356
12.82,3.262,0.0591,0.0079,199.44355744439238,242.80085254099944,368.0030849375538,183.39642196625383,204.67351878041734,168.18766636224257,356.41960090860306,2.693490556066684
12.83,2.591,0.0589,0.0132,191.85278582289,233.55991317569217,337.1031815859194,176.94499725051674,206.7636376754547,162.69106810855774,355.7261128191169,2.851113910383369
12.84,2.3272,0.0579,0.0231,187.90225230381705,228.75056802203815,323.6937789389347,174.05241602677052,207.11029249512984,160.00194955619946,354.723114670243,2.9180035574238588
12.85,2.1216,0.056,0.0406,184.30864794818672,224.3757453282273,312.68880373344194,171.09929507503384,205.71481730207574,157.48240688319555,353.0156833889413,2.971080285266327
12.86,2.0935,0.0524,0.0571,183.01257753708595,222.79792047993072,311.30722168451285,169.07359712493866,200.0048556935443,156.3496869761042,350.01386454657046,2.9629637508773095
12.87,2.0808,0.0479,0.0729,181.66080228751613,221.1522810456718,310.7823080548696,166.65471447775562,192.45139333602813,155.08638594146623,346.00442187133007,2.944549935015945
12.88,2.0915,0.0421,0.0746,180.1391635854479,219.29985132141485,311.4299931371202,163.56442072344527,182.1176855814588,153.58039491991386,340.3270971911884,2.9105845329652418
12.89,2.1022,0.0371,0.0768,178.6312758731922,217.46416193258182,312.08109275432855,160.78878383814808,172.92706707215146,152.12172065992968,334.857584085511,2.87700713624303
12.9,2.1992,0.0333,0.0777,178.78077482940103,217.64616066187952,317.5022524320261,159.18669894978905,164.86884290953148,151.77867406418,330.3615244166369,2.8239121699318
12.91,2.1798,0.0309,0.0781,177.57769075251008,216.18153656827315,316.46504824716453,157.34048431752797,160.17693644096153,150.6793955971122,327.2072969869057,2.8134489921961614
12.92,2.0169,0.0242,0.0783,172.22439675621587,209.66448300756716,307.3031332591715,150.58386662235355,146.64242881474172,146.0427579761294,316.8544663303642,2.8126816312746796
12.93,1.7764,0.0157,0.0782,163.77594230918888,199.37940802857779,292.8855981134684,139.98241895059076,126.58235892557393,138.3680288538442,299.30070421193693,2.810746030288512
12.94,1.5437,0.0153,0.0796,159.50855919613255,194.18433293442226,277.76232043706585,136.6012469129655,126.2289840473723,135.33745294427703,298.04674198242,2.8996573673330817
12.95,1.3614,0.0151,0.081,155.87075904146153,189.75570665917056,264.91437312244955,133.7656812302179,126.39689628882869,132.7938164979102,297.3188911879585,2.9831323337716933
12.96,1.2024,0.0153,0.0857,152.6123628320731,185.78896344774117,252.87244929205667,131.4201643393368,127.79971028545594,130.61060872168784,297.6124322516185,3.072640605065207
12.97,1.0356,0.0156,0.0906,148.8341957216267,181.1894556611108,239.14579053341677,128.66411192848025,129.81807150738874,128.065494869894,298.0932817381554,3.1845524540379437
12.98,1.0356,0.0162,0.0979,149.22454322007803,181.66466131139936,239.28434974912642,129.32071112155808,131.61283368307207,128.49481035146195,299.6178102095359,3.1915565915852495
12.99,1.0109,0.0167,0.1038,148.91076780419584,181.28267384858623,237.24366933078102,129.35442298102052,133.29800530270194,128.39987898459052,300.80901844204186,3.2152121216654144
13.0,1.033,0.0165,0.1081,149.41925499612924,181.9017017344182,239.26340550233792,129.61071342281824,132.50793558723942,128.69915297089773,300.44479092494436,3.1963236198251184
13.01,1.0551,0.0163,0.116,149.93311789176585,182.5272739551932,241.31524960188497,129.86810667168723,131.72191742711033,128.98902627899147,300.0742109738097,3.177408048936111
13.02,1.1015,0.0164,0.1267,151.20656576050712,184.0775583171391,245.4226156873305,130.89532719723996,131.64768550328458,129.8845470660556,300.46695790929965,3.1461685493642353
13.03,1.5864,0.0164,0.1456,161.40792439999146,196.4966036173809,281.675177327504,138.51932384236596,129.10143524152045,136.9190379483468,301.3376845150723,2.890839937417829
13.04,2.1372,0.0166,0.1508,169.7744414558364,206.68192872884433,315.1853525039888,145.81468839237658,128.86182962169377,143.09737549082558,302.53797223220204,2.6898731646215404
13.05,2.5754,0.0183,0.1436,175.8100240363309,214.02959447901154,338.12694754240596,152.49986734842548,133.17344194984278,148.21857079964218,306.8796620627527,2.580848050475547
13.06,2.6957,0.0252,0.1044,181.25197367432366,220.65457664700273,343.68023173134975,159.25441156557685,148.17747990839857,153.24382217498243,320.08286008837416,2.619688762029631
13.07,2.5134,0.0252,0.0928,179.3558654881847,218.3462710290944,334.59105972591374,157.23488475865813,148.2162451565979,151.73869797424507,319.9790062470668,2.669511016216247
13.08,2.1798,0.0257,0.0913,175.74094440748033,213.94549753954126,317.013458849175,153.58121184763007,149.3786428158505,148.9330976360094,320.52145376361176,2.7752401995086613
13.09,1.8579,0.0291,0.0918,172.35452196021757,209.8228962993953,298.4263180892756,152.59975822986314,158.0927652152154,147.08533671356278,325.4185756373122,2.909234916771184
13.1,1.5864,0.0296,0.0923,167.70077913338108,204.1574702493335,281.14784658408377,149.59483429219165,160.96858219256396,144.01107231846902,325.8219733263279,3.0206787067605028
13.11,1.3847,0.0321,0.0976,164.51503926255023,200.27917823266986,267.1719737622076,148.45063639769614,168.09408302272152,142.20226328683978,329.006836806516,3.1337931757779054
13.12,1.3663,0.0348,0.1298,165.1653753222657,201.07089169667128,266.29636202708764,150.02452091946446,173.92797639821165,142.91346211257706,332.5104956418674,3.1590582684481547
13.13,1.3596,0.035,0.1728,165.28885719865966,201.22121745923786,266.42392765520225,150.17082665942473,174.3234681200216,142.91054353674002,332.8103466024816,3.1598746221803773
13.14,1.3702,0.0337,0.1858,165.18311986481913,201.09249374847548,267.3966205605492,149.53357320804952,171.4616507388238,142.65188244461245,331.259598583897,3.1445812371132673
13.15,1.3808,0.0324,0.195,165.04322023887622,200.92218116037105,268.3117993096481,148.86077086292343,168.57515849959748,142.3748403926829,329.6520569341046,3.129457755594952
13.16,1.3731,0.0297,0.2004,163.97169711407795,199.61771822583404,267.84879492171405,146.8970780820913,162.76171367635425,141.26639341221443,325.9934167620345,3.1132210027569074
13.17,1.4118,0.0243,0.2076,162.69326763606708,198.0613692960817,270.7492055988411,143.40841390695508,150.02512281523258,139.51963349084647,317.7255159060924,3.0490984083783963
13.18,1.5941,0.0211,0.2113,164.7787079311755,200.6001661770832,283.3363780656066,143.21859658880643,141.1235974805399,140.35632608054814,312.28684390270183,2.9366557626838308
13.19,1.8579,0.0205,0.2156,169.01851720678067,205.76167312129823,300.0766770489419,145.88201467900458,138.46362420610225,143.17284760167047,311.53041662343026,2.8292892232768456
13.2,2.079,0.0211,0.2142,172.579424673234,210.09669090654575,312.9801797905234,149.04408457575775,139.38758965721607,145.8894429885738,313.02123631959836,2.7597311867454373
13.21,2.1953,0.0216,0.2049,174.32890454343598,212.2264924876612,319.3593644110017,150.9110993761215,140.49731005448243,147.3545620450296,314.16240332806757,2.7272609434753043
13.22,2.141,0.023,0.2006,174.48237144472387,212.4133217587943,316.3502686499151,151.294665285392,143.56907647623908,147.6224395472114,316.73969601758154,2.7593037594397276
13.23,1.9898,0.0263,0.2012,174.00023605588802,211.82637432890715,307.8080861157173,152.148447723081,151.20833080271663,147.7394045274804,322.1957689868351,2.837611585457646
13.24,1.8501,0.0275,0.2018,172.3203893020384,209.7813434981337,299.5586449854513,151.52452392087204,154.5232199555831,146.77206539087945,323.9574041557508,2.8953581882293054
13.25,1.7667,0.0286,0.2033,171.39740184389947,208.65770659257328,294.4740771476276,151.36991361299155,157.37854269990947,146.30651392803438,325.5644392593263,2.9347197815610957
13.26,1.7658,0.0309,0.2167,172.36381679339078,209.83421174847575,294.5986121675982,153.0335442424575,162.24066968595181,147.26890384796795,328.91617905556194,2.9514005758011574
13.27,1.7653,0.0319,0.2348,172.82214211220466,210.3921730061622,294.80355966442556,153.7570653217068,164.29187596307807,147.6836554120946,330.3431797006964,2.9576209621940923
13.28,1.8135,0.0323,0.2539,173.8978176084957,211.70169100164694,298.02254576761396,154.6388852559542,164.76326365664335,148.44214655188978,331.0077988215369,2.941318419018009
13.29,1.8618,0.0304,0.2539,174.0091414440979,211.83721567107574,300.9751453678798,153.87416539209522,160.53955202319378,148.2882127606753,328.5357584138215,2.9106141290399146
13.3,1.9781,0.0285,0.2611,175.15356779556075,213.23043035981308,307.95043008117034,153.79413329065324,155.901412459001,148.81970851162504,325.9990161377053,2.856386242537413
13.31,2.335,0.0242,0.2453,177.85489236890302,216.5189994056211,327.49249904996526,154.66707475114737,146.0343799908519,150.39358406618769,319.5936369239091,2.7089529249960624
13.32,2.6918,0.0225,0.1547,180.52345630525363,219.76768593683053,344.6254453948781,157.18424880057702,142.42412269641,152.6115165518549,316.97526112291894,2.5988210587166707
13.33,2.7888,0.0217,0.1283,180.94818420462332,220.2847459882371,349.05576344849754,157.50773706491702,140.72654017477774,152.96316590836128,315.62953619834326,2.5680173537706246
13.34,2.7112,0.0209,0.1212,179.71174633533664,218.77951727780112,345.3064136508443,156.03618011974166,138.96828848616943,151.90027126105574,314.08601035423925,2.5801376691179936
13.35,2.556,0.0209,0.1183,178.17693251025804,216.91104827335764,337.6811075983068,154.35077860032007,138.92145092424613,150.64770466167406,314.00855698840496,2.6214782883767214
13.36,2.3699,0.0209,0.1202,176.20025843951316,214.504662448103,328.1981568626101,152.21985389299454,138.87687686122885,149.04770152611485,313.8924058039475,2.67455797311733
13.37,2.1953,0.0209,0.1222,174.19090006014,212.05848702973566,318.8793610126573,150.08239208562762,138.8472171913665,147.44485215323695,313.7740861084422,2.7287654551573963
13.38,2.0324,0.0209,0.1261,172.16697309788876,209.59457594525588,309.78922001032026,147.95205518939045,138.83240498452642,145.8471970556762,313.65443827985774,2.7837733183995996
13.39,1.8424,0.0214,0.1341,169.53640811060723,206.39214900421752,298.64128658281754,146.28699658786923,140.70095330920057,144.11276533536082,314.45092237229034,2.8532528394051426
13.4,1.8424,0.0217,0.1448,169.75046741059163,206.6527429346333,298.7874926312873,146.57138816932368,141.40505269627573,144.30932658057932,315.08002832579655,2.8555675497313113
13.41,1.6407,0.022,0.1677,166.53710125821482,202.74081892304412,286.34586146069427,144.44053122795995,143.0552316035192,142.11120023579193,315.43174653351286,2.93445199399175
13.42,1.5747,0.0219,0.1928,165.39044862217668,201.3448939748238,282.31602698215255,143.5549821539359,143.1388706520755,141.24932174895372,315.20866002788927,2.9594310858349253
13.43,1.5553,0.0251,0.1944,166.5272556257885,202.72883293574256,281.05396675833214,145.95039879195386,150.84779471341508,142.63204670570437,320.87803931497524,2.996875399383764
13.44,1.4933,0.0291,0.202,166.99764058080407,203.30147548967452,276.94215786036716,148.1375789982151,160.2983121001728,143.57972433367794,327.0691236081292,3.0567599019114775
13.45,1.3924,0.0344,0.2177,166.85200695952105,203.1241823855039,270.06059073027143,150.30600084798115,172.4955000893996,144.15807915787502,334.151138057246,3.1421598939811415
13.46,1.2877,0.0425,0.2356,166.9758980103323,203.275006273448,262.62569107532727,153.51837513107682,189.88243526740072,145.09817399176274,343.32967722141126,3.2457895437240705
13.47,1.1714,0.0425,0.2642,164.2893584056641,200.00443631993892,254.07232386020638,151.58553161851054,191.4409713990986,143.16334841457467,343.15374005738136,3.310492421582367
13.48,1.1685,0.0424,0.29,164.34076153826672,200.06701404658557,254.2499806428085,151.562381485058,191.20908811149255,143.1138003158234,343.10678942564664,3.3089464332941234
13.49,1.168,0.0423,0.3013,164.38303978198954,200.11848321285683,254.39933327812992,151.53263728391508,190.98251522794604,143.1064356441835,343.0647555324444,3.3076185820188084
13.5,1.3946,0.0422,0.3174,169.79303021232784,206.70455851935563,271.67479030662497,155.27830130099835,187.7616796209819,146.8088697865243,343.47390285250145,3.1810922611542685
13.51,1.6213,0.0392,0.3303,173.64961253914205,211.3995283085208,287.30720978223576,156.76089199044702,179.67264178415851,149.1430707663028,340.6400724445314,3.0599580098467936
13.52,2.2845,0.0351,0.3324,183.13827908883195,222.95094845596935,326.2063483570965,161.50986163343728,167.3715055875137,155.2943879173489,336.6990089912252,2.8087808811479427
13.53,3.6537,0.0306,0.3099,194.13585090174874,236.339296749955,388.6494365217689,172.12755386870938,158.15757274839925,164.31114586827508,331.96026815971135,2.4549177993517786
13.54,4.0687,0.0266,0.2784,194.63542475273562,236.947473612026,404.50937415562754,172.5809355428998,150.74921084440075,164.9812553565657,326.2900738434487,2.352655553876507
13.55,4.4139,0.026,0.2179,196.26025622403898,238.9255293162214,416.7507362477708,174.5631095000646,149.6840947580208,166.64572361440418,325.5806746523929,2.295246401037991
13.56,4.6195,0.0264,0.0808,197.52223277740197,240.46184859857632,423.11923053455854,176.0924890045551,150.47345057123758,167.9889898156362,326.39836164056686,2.27198911710168
13.57,4.5691,0.0267,0.0437,197.4342677311044,240.35476071612712,421.1388166598442,175.91643688265114,151.01502371133367,167.91560975299527,326.912606091584,2.282951340766991
13.58,4.3751,0.0277,0.0112,196.95833420694808,239.77536338237158,414.03638871177077,175.22684925376905,152.82612697933024,167.41410659281402,328.4347325382487,2.321212566813449
13.59,4.0959,0.0302,0.0023,196.72400030729423,239.49008733061908,403.7078810211013,174.8753907140587,157.36765641388197,167.05970643904897,332.0447100542633,2.3855017524566704
13.6,3.7196,0.0351,-0.0015,196.68656292866186,239.44451139141444,389.1173141420684,175.00141353026044,166.07717723378204,166.86051844407487,338.42052630376025,2.4866079761832944
13.61,3.3395,0.0373,-0.0015,194.7047956672816,237.0319251601689,373.4456980150407,172.99446947338438,170.02581754870627,165.15523464471576,340.89705699936394,2.5764355833343613
13.62,2.9749,0.0376,-0.0015,191.53304878639693,233.1706680877876,357.33654800615784,169.66008190309933,170.7850157959132,162.569725179516,341.02379184930487,2.6601305429702697
13.63,2.7073,0.0375,-0.0012,188.76873908528944,229.805421495135,344.72546671711444,166.77595094593022,170.83294463876751,160.37530870118485,340.731308430738,2.7268705684828465
13.64,2.6084,0.0375,0.0027,187.7143768720349,228.52185010508597,339.92064406065225,165.67153729004562,170.9177420559187,159.55069369522,340.7006992599748,2.753602202862533
13.65,2.6295,0.0353,0.0097,187.07824954440832,227.7474342279754,341.0588124877148,164.66396360172882,167.0254162499811,158.9687421482955,338.11628563621383,2.7329467884005196
13.66,2.6506,0.0326,0.0147,186.15644357492428,226.6252356564296,342.17255663074,163.29028185479956,162.1275678549229,158.13636152116436,334.7185776632406,2.7081084812438236
13.67,2.7151,0.0304,0.0192,185.84329846480162,226.2440155223672,345.3928762633785,162.61885576255386,157.99832445011046,157.7993234870768,331.81252133076765,2.6745101296561744
13.68,3.0137,0.03,0.025,188.61311425221288,229.61596517660698,359.49541742354364,165.45105197601387,157.128870115896,160.0446735037018,331.5588627212884,2.5976229623311315
13.69,3.1572,0.0295,0.0239,189.67372249012772,230.90714042276417,365.9477968124672,166.50246833791434,156.15035021022226,160.92840632065452,331.01031333495223,2.561411271445766
13.7,3.1844,0.0292,0.0243,189.78406943179695,231.0414758300137,367.1771099550364,166.55653241583119,155.5767443247802,161.02336345625102,330.65282226016456,2.553273913156444
13.71,3.2038,0.0306,0.0246,190.70941444468892,232.16798280223,368.05785995634915,167.65846155673464,158.1712564527527,161.82474487905023,332.7483731668002,2.55991988203754
13.72,3.2348,0.0321,0.0254,191.76235468003264,233.4498230887354,369.44556026616436,168.90611846399636,160.8926739967861,162.72722341676487,334.9105826740644,2.564411840650186
13.73,3.3318,0.0351,0.0272,194.06377634544648,236.25155381184788,373.67428786686247,171.64069908618305,166.1625652476956,164.67075930656333,338.95976547570604,2.564821756248204
13.74,3.5257,0.0379,0.0287,196.97622525115517,239.797143784015,381.86350576062966,175.00486880570344,170.83792489667263,167.11233994625206,342.5650969076265,2.543715503009456
13.75,3.677,0.0381,0.0301,198.2882220953806,241.39435733350683,388.0714719657803,176.4142988513006,171.08566144603913,168.23402237886276,342.96929265282023,2.5158321442939777
13.76,3.7856,0.0381,0.0385,199.14980161392444,242.4432367473863,392.4951597120469,177.32660765546194,171.02505872399325,168.97479207755347,343.10627667667495,2.4954999209456554
13.77,3.9679,0.0381,0.0449,200.50019393206728,244.08719261295147,399.6725400766962,178.79848078690918,170.9366035157014,170.15745246082741,343.28880308722995,2.462890638234134
13.78,4.4605,0.0384,0.0462,203.86980441226152,248.18932711057926,417.94554474918544,182.658279471062,171.24016002711363,173.1967855314624,343.999890909126,2.3842999031553105
13.79,5.0578,0.0386,0.0486,207.31482805965368,252.3832689421871,438.5066393233494,186.80740237837426,171.39408585447487,176.47123019202397,344.61579636062817,2.2997777984128063
13.8,6.1942,0.0393,0.0476,212.7256263187396,258.97032769237865,473.7746156523792,193.88700778279323,172.30339053133596,182.00556322966892,346.0038143401498,2.166988549770062
13.81,6.6209,0.0398,0.0344,214.56360577130204,261.20786789549817,485.93314597916464,196.40913039016522,173.02889525882503,183.98991244411738,346.80738867015737,2.125537045346669
13.82,6.9506,0.0399,0.0301,215.74469267253315,262.645712818736,495.04264625491777,198.11842195686572,173.15304734250276,185.35786561841752,347.108885967694,2.0937746692389587
13.83,7.1639,0.0401,0.0163,216.54415126962704,263.6189667630242,500.75300850888,199.25946993606695,173.4418121536435,186.28114647879153,347.4758626855762,2.0750873763575965
13.84,7.2454,0.04,0.0147,216.77018477376032,263.89413798544734,502.9485834705463,199.59112734479746,173.28419867155745,186.58366355330838,347.45570474823984,2.06714763386152
13.85,7.1949,0.0404,0.0145,216.86777482053694,264.0129432597841,501.64195514827486,199.58279211771168,173.89039918110214,186.58729946676903,347.9510158657069,2.0742413875226733
13.86,7.0514,0.0412,0.0146,216.8825107822825,264.0308826914744,497.83376435892706,199.34966429922474,175.10606988377629,186.3872155995565,348.85080409135014,2.0923606962523467
13.87,6.7877,0.0419,0.0147,216.41981906551317,263.4676058188856,490.67645707136865,198.441532563658,176.18653197103103,185.66365815133028,349.5808794338565,2.1219872908647326
13.88,6.5045,0.043,0.0149,216.0172435439299,262.97751387956686,482.7917236201691,197.60442163210627,177.87952671392682,184.9621140507534,350.7138949504162,2.156877636564122
13.89,6.202,0.0441,0.0153,215.4436890479639,262.2792736236082,474.128160074829,196.59533700683505,179.58580890729593,184.12044843246483,351.8075660469995,2.1951710233320725
13.9,5.8878,0.0444,0.0161,214.3322461842792,260.92621274607905,464.8470223595984,195.0099248111995,180.11338620613083,182.8866324099927,352.04642507919317,2.232196690630312
13.91,5.5387,0.0462,0.0171,213.6271111880495,260.0677875332777,454.16307601094746,193.92513728852057,182.90872066488183,181.91930092059167,353.7742298129282,2.283522260280293
13.92,4.9376,0.0498,0.0177,212.10159783337423,258.2106408406295,434.7100377459144,191.95335087473313,188.48757550632658,180.08844831052215,357.003368725392,2.3809002423729684
13.93,4.6893,0.0554,0.0184,212.83591677227557,259.10459433146593,426.2667059050591,192.91686808540027,196.6711881657693,180.37946662993667,361.9110610524618,2.4436424671956862
13.94,4.4566,0.056,0.0186,211.60060836930364,257.6007406235001,418.0962452196159,191.51395973069538,197.69254275918522,179.2581899370886,362.347532093611,2.4819220803441158
13.95,4.2355,0.0563,0.0192,210.23208993951667,255.9347181872377,410.0875797820661,189.98257592966286,198.29744731444953,178.0639176804621,362.52855162575577,2.518920882655384
13.96,4.1919,0.0562,0.0196,209.9222938572488,255.55757513056378,408.5030420794,189.59711760096033,198.1859288668869,177.8079828311954,362.48273667365027,2.5258711731430923
13.97,4.2165,0.0561,0.0217,210.09899681404326,255.77269177361788,409.46015162329263,189.74185426179696,198.012137015518,177.96698561234328,362.48017904956214,2.5214604095329447
13.98,4.2411,0.0557,0.0268,210.17258426095987,255.86227649160332,410.43503002634446,189.7547573931554,197.41432861807007,178.0457878334641,362.22430360534156,2.5155941373538586
13.99,4.2937,0.0479,0.0303,207.64368095833947,252.78361160145678,412.42340642188515,186.45660499558184,186.0141837974699,176.17762846514245,355.28609323678,2.4688167001669155
14.0,4.7048,0.0418,0.0283,207.61395409749636,252.7474223795608,427.0809978161975,186.2147705632433,176.46206348344927,176.54075365968356,349.34929381688715,2.3725585007616856
14.01,5.1043,0.0396,0.0252,208.7638580697656,254.1473054762364,440.5831666507917,187.62852360584836,172.87853664777268,177.86034756380715,347.1744096042266,2.304164125429731
14.02,5.4961,0.0386,0.0136,210.17439539253357,255.86448134743216,453.1586275721042,189.46668715533653,171.2212356514165,179.4189799397143,346.2738986965805,2.248303620221718
14.03,5.7637,0.0371,-0.0012,210.58775297460303,256.3676992734298,461.4061952084562,190.14067177010034,168.8067057696673,180.09385190690074,344.6776668820574,2.2075063371332293
14.04,5.8723,0.0371,-0.0135,211.06347969820033,256.946844849983,464.6703492872475,190.74899969924044,168.79832035789022,180.61436943320822,344.7874288924451,2.195320686502074
14.05,5.8995,0.0371,-0.0168,211.2057851663369,257.12008628945364,465.50562158292917,190.89982423804395,168.79428246261372,180.7703776163819,344.86133590449924,2.192437704997088
14.06,5.7598,0.0372,-0.0168,210.71244830783763,256.51950228780237,461.29374100444795,190.16056400420246,168.957491907939,180.22352186717703,344.98295550405163,2.209438258383581
14.07,5.7133,0.0372,-0.0168,210.54804965207018,256.31936479382455,459.8991417906405,189.89085115709838,168.957095572907,180.0488609782256,345.0243197232644,2.215102266462714
14.08,5.6396,0.0372,-0.0165,210.26317732528386,255.97256370034557,457.6564824656589,189.45978740058828,168.95854634362314,179.74804705950072,345.05318992182384,2.2240716562721867
14.09,5.5543,0.0378,-0.015,210.2349416998304,255.9381898954457,455.03918606778,189.3110457084657,169.91938925213378,179.6277882466528,345.7947757678358,2.2382140545962073
14.1,5.434,0.0395,-0.0133,210.5859764377383,256.36553653289883,451.2888226422681,189.57491231517966,172.62056553426933,179.75274142642078,347.7840804583253,2.2634136016945425
14.11,5.2285,0.0423,-0.0125,210.98223161970117,256.8479341457232,444.7246557703458,189.86961924131788,177.01633890229857,179.81208939097695,350.8571475625279,2.306039070924664
14.12,4.9414,0.0458,-0.0109,211.08661625438393,256.97501109229347,435.2694092349938,189.8752454178284,182.43441103501038,179.5717871684262,354.4173189009893,2.3641596061820973
14.13,4.6777,0.0557,-0.0096,213.51670549385165,259.9333806012107,426.2801273093405,192.87125153147466,196.9334207834327,181.11231666391288,363.46712623732157,2.4512978801480987
14.14,4.317,0.0586,-0.0072,212.19966194124459,258.3300232328195,413.4517232915196,191.51006182315538,201.25033407010145,179.82268416528484,365.72150075359184,2.520509102451354
14.15,3.9252,0.0598,-0.0047,209.73296627857272,255.32708938261027,398.73622813875863,188.9034282333211,203.27428031296472,177.70940359159906,366.49399730753044,2.592734947065339
14.16,3.5141,0.0602,-0.0024,206.445151080624,251.32453175032484,382.2769193883281,185.4765399996518,204.27892197948555,175.03187652901545,366.5770963260963,2.672907951320818
14.17,3.1301,0.0602,0.0005,202.81270530218038,246.90242384613265,365.7945577091034,181.75973176893783,204.76962401441995,172.17319264547348,366.3287484049653,2.7556579198908926
14.18,2.525,0.0602,0.0023,195.23437607743108,237.67663174643786,337.0170377980845,176.49602941035965,208.11913377810768,166.9613559145781,365.81214492164304,2.900215346998013
14.19,2.3194,0.0602,0.0087,192.23848598210014,234.0294611956002,326.3482599285704,174.55031470959796,209.6634568717677,164.9641340895309,365.6475140907489,2.9573240009497113
14.2,2.1798,0.0597,0.0194,189.9687966247741,231.26636110842065,318.84187592265243,172.91747164349724,210.0276600465237,163.41497414908292,365.14861085492794,2.9970505166686108
14.21,2.1178,0.0592,0.026,188.87685498553202,229.93704085195205,315.4457968349069,172.03985245335102,209.77145584913376,162.6556338007755,364.73666903596614,3.0144952662266373
14.22,1.9936,0.058,0.0287,186.50228503016848,227.04626003672684,308.31545709783603,170.11404171905514,209.00508432097988,161.00386803918653,363.66902637274535,3.050989164184466
14.23,1.8579,0.0568,0.0313,183.8004345998641,223.7570508172259,300.19769711667027,167.9587985527919,208.40391378501928,159.13251012124135,362.55729172568743,3.0947299510840343
14.24,1.8065,0.0561,0.0336,182.7023774677428,222.42028561290428,297.0559032801402,166.997779383316,207.78580139267132,158.35879361257585,361.9624803971069,3.1113053600878193
14.25,1.8136,0.0554,0.0369,182.71030450879869,222.42993592375493,297.5596093711323,166.76205413916762,206.54622974276023,158.3141169306136,361.4468070731788,3.1054305467143757
14.26,1.8208,0.0485,0.0439,181.15013334798252,220.53059711928307,298.11210408664465,163.46392646331654,194.80189410922534,156.69580817039255,355.3238523481346,3.06985181879144
14.27,1.8462,0.0354,0.0451,177.64767182162677,216.2667309132848,299.7215985234833,156.29119988906174,170.51613368808927,152.9886096462313,341.169270917251,2.9864934334764586
14.28,2.1915,0.033,0.0458,182.38811834239803,222.03770928639764,319.9500194452626,158.48837420847107,163.70883323966063,155.932159723565,338.5589436713225,2.854536135835932
14.29,2.5638,0.0317,0.0464,186.81095778159573,227.4220355602035,339.66811421108065,161.4921665804152,160.00061107538076,158.99520170334742,337.24564957776226,2.738358242182699
14.3,3.1611,0.0317,0.0478,192.792874178903,234.70436856562105,367.90507849597157,167.7792465098022,159.8090649064103,163.89506090625267,337.82849614001026,2.5892320815686922
14.31,3.8399,0.0318,0.0511,198.247708970296,241.34503700731688,396.26053839310003,173.8333394551684,159.9014660532355,168.62779448782138,338.5135643677241,2.4540903443164495
14.32,4.3247,0.032,0.0534,201.5610053156174,245.37861516683859,414.672900309731,177.70386798919972,160.24293749545146,171.66236527930755,339.14772677188523,2.3736251192753937
14.33,4.5691,0.0378,0.018,206.00482466861158,250.78848220526626,423.24435028780687,182.93775404811865,169.949685056001,175.46952434820352,346.7741552605021,2.3752822160002274
14.34,4.6098,0.0402,0.0162,207.42531405312587,252.5177736298924,424.6968211564728,184.5843047198932,173.78357597341628,176.6279667214633,349.64500233557095,2.383929664238501
14.35,4.6505,0.0439,0.0161,209.38040367543587,254.89788273531323,426.15309435550637,186.8760532708969,179.52624550251753,178.1833648998896,353.7554760931478,2.3992091454685363
14.36,4.7514,0.047,0.0161,211.34344237176015,257.2876689743167,429.6890283558268,189.1813603523766,184.15741454972658,179.78489010443857,357.02697480851214,2.4012420095686346
14.37,4.9065,0.0484,0.0185,212.85908120836385,259.1327945145299,435.0360121075005,190.94721155540532,186.1493216638086,181.09401989112936,358.5402575427509,2.386393231655122
14.38,5.2052,0.0484,0.0208,214.5200444130349,261.15483667673817,445.00663623192196,192.91507984721494,186.01351271591705,182.67703203685912,358.76022482990385,2.345730737802735
14.39,5.7055,0.0485,0.0241,217.05455979915936,264.24033366854184,460.92329677635854,196.05613145652526,185.96639159163828,185.17467121853383,359.16345095494523,2.2832837766920364
14.4,6.3339,0.0486,0.0268,219.81541383059252,267.6013733589822,479.7256686232408,199.6774443868545,185.9141111842479,188.05031243272808,359.60071602213304,2.212503037126806
14.41,7.1174,0.0487,0.0132,222.71404499082388,271.13014172795954,501.52928862916116,203.76858511591695,185.86815990797427,191.30467856857052,360.0706193097566,2.1341695410149932
14.42,7.1174,0.0491,0.0002,222.92797071543802,271.3905730448811,501.497259030219,203.96140620166844,186.4287395422173,191.47152976254262,360.51699165806656,2.136536955405794
14.43,6.8691,0.0523,-0.0049,223.55673662481288,272.1560271954244,494.7479128544847,204.30979225137207,190.94882635810976,191.53276577833878,363.4564794275707,2.176288583908004
14.44,6.4425,0.0592,-0.0074,224.82351735478275,273.6981950406051,482.79535808480483,205.29944116064055,200.44808017869653,191.77148970072477,369.24878923154836,2.25134545005605
14.45,6.074,0.0647,-0.0083,225.32149001687324,274.30442262923697,472.07886718588,205.63412806456282,207.83551412467347,191.59603143369478,373.4406503029513,2.3149496093290516
14.46,5.7172,0.0716,-0.0083,225.970706604016,275.09477325706297,461.31576775657265,206.32201887926766,216.81830175157037,191.57410123371352,378.2894098647316,2.383751688322281
14.47,5.3603,0.0724,-0.0082,224.3423704681573,273.11245100471325,450.1235598615642,204.3773939526973,218.0883729253608,190.0157523491362,378.7218017309791,2.431665297829574
14.48,5.3465,0.0726,-0.0078,224.3627441244683,273.137253716744,449.71360227658687,204.3615916647999,218.33760011074037,190.02521867278534,378.91663954990975,2.4343812607775237
14.49,5.3801,0.0741,-0.0072,225.05200141630394,273.97634955028303,450.82588764168077,205.15224527834656,220.15716398126312,190.55640703630996,380.0093413640794,2.435711169110191
14.5,5.4137,0.075,-0.0043,225.5545648061983,274.58816585102403,451.9480583855461,205.71133555864952,221.22437171977222,190.955149815005,380.6901861074389,2.434763324615921
14.51,5.6008,0.0759,-0.0024,226.8936783575458,276.21839104396884,457.89557136054594,207.24300694793297,222.1561848801908,192.11861202028587,381.443388819741,2.414520084088966
14.52,6.0507,0.0759,-0.0004,229.2263864820737,279.05820963035063,471.6563769516363,209.97787061395812,221.7898387297718,194.30528759475501,381.7280746285217,2.361101478691777
14.53,6.5045,0.076,0.0019,231.3842833194705,281.68521447587716,484.91383160179527,212.60281610489216,221.57500729099198,196.39842294736258,382.0643410031048,2.3116374332861014
14.54,6.9933,0.076,-0.0125,233.4371587437293,284.1843671662792,498.48197870206064,215.20479569814177,221.24829339125375,198.49633255577672,382.3358001416284,2.2621967407016546
14.55,7.2143,0.0762,-0.0186,234.38596019602105,285.3394298038517,504.4471634729015,216.4078159349478,221.34490043466795,199.46925347371618,382.62106487457265,2.24180265603089
14.56,7.4587,0.0771,-0.0217,235.62020478240365,286.8419884307523,510.93060315459354,217.97169175360446,222.26587171545364,200.6622560519983,383.36667631311485,2.2223014761169235
14.57,7.7729,0.0774,-0.0218,236.85052383580384,288.3397681479351,519.0870047581163,219.6071912742769,222.43509573554132,201.96171117836067,383.74405613620667,2.1952165907274197
14.58,8.2926,0.0777,-0.022,238.65237092542705,290.53332112660684,532.1224177638325,222.12769837310617,222.50522140080903,203.95709731823897,384.1876966204488,2.15212069252875
14.59,8.9054,0.079,-0.0212,240.901917502651,293.2718995684447,546.8615405202751,225.3117801945043,223.71701732270162,206.38509842950037,385.2873067986845,2.108014865648883
14.6,9.6308,0.0803,-0.0224,243.23746495027183,296.11517472207004,563.5078597306938,228.79530504765023,224.88287168141707,209.0483228286909,386.396470109582,2.059188191434581
14.61,10.391,0.0831,-0.0271,245.96491237208338,299.4355454964494,580.1290337808978,232.8026284355075,227.74279630200334,211.99036648991375,388.4075448129757,2.0169032908805584
14.62,11.1279,0.0859,-0.0272,248.4506695112946,302.4616846224456,595.5605535765956,236.55015481045538,230.5721515288915,214.72278333445914,390.34984366510093,1.9794271593030464
14.63,11.6709,0.0859,-0.027,249.43889168498475,303.6647377034597,606.5456090577976,238.4377948826069,230.35582497698934,216.24207713410982,390.55504608703365,1.9472566588348144
14.64,11.989,0.0861,-0.0268,250.06378515671668,304.4254775820899,612.8533057403818,239.5869375203704,230.45445354718424,217.16420888493874,390.81844409689023,1.9298047497628212
14.65,11.9929,0.0863,-0.0257,250.18287065176764,304.5704512282389,612.9750036611973,239.679116753324,230.66906012690586,217.2574437420132,391.00482540284406,1.9303465753098865
14.66,11.795,0.0898,-0.0236,251.16717996302083,305.7687408245471,609.1386402800046,240.3276710203518,234.57493778436958,217.49511489120835,393.05030576130304,1.9524934286500715
14.67,11.3994,0.096,-0.0222,252.63759225756553,307.55880796573194,601.2948125981299,241.2018740855915,241.41726587835527,217.6731760251038,396.4448323965272,1.994086998033269
14.68,10.8991,0.1037,-0.0152,254.14220540969083,309.3905109335367,591.1374716972347,242.04814202886794,249.75991529898886,217.70156696864214,400.37723546531316,2.046226634301747
14.69,10.3755,0.1124,-0.0131,255.55221053794858,311.1070389157635,580.1685175007418,242.88709487798272,258.96867762363553,217.6550695592459,404.5147452990259,2.1028300618652573
14.7,9.6851,0.1178,-0.0109,255.26376985960644,310.7558937421296,565.1504259685756,241.78356407666425,264.8178329001997,216.3894549063131,406.85260333413595,2.1635829274731337
14.71,9.1149,0.1213,-0.0092,254.5157700641195,309.84528529544986,552.2432515404521,240.3952696408187,268.6775269153728,215.06952072789738,408.29102163473823,2.2138352064918223
14.72,8.5951,0.1206,-0.0074,252.67663317200618,307.6063360354858,540.0362859095733,237.8549911093581,268.352844423189,213.19654149034875,407.87683275902225,2.2526367333949686
14.73,8.6154,0.1199,-0.0072,252.61183932407081,307.52745656843405,540.5604903863841,237.74119892390982,267.62546133461734,213.2062065239926,407.64543425261735,2.249491209111274
14.74,8.6356,0.1176,-0.0065,252.14322466772535,306.95696916070915,541.0839071044593,237.15382915507723,265.29527325713667,212.97569967420424,406.69715578280164,2.242417853121213
14.75,8.7191,0.1127,-0.0059,251.19586311010818,305.8036594383926,543.1160098351013,236.05571455401017,260.265051230337,212.5590539839123,404.55142558674635,2.2236742556730245
14.76,8.8938,0.1077,-0.0043,250.44623936027185,304.8910740038092,547.2919146886896,235.28086014499507,254.99595887019754,212.40577160709708,402.29986954261074,2.197199300406851
14.77,9.1769,0.1054,-0.0045,250.69419284491565,305.1929304198973,553.9192212207681,235.77668065657755,252.41321873522116,213.02451995168656,401.3342743768914,2.169735723841096
14.78,9.0877,0.1067,-0.007,250.83453998191433,305.36378780406966,551.8820397167026,235.80540494723107,253.81007067418898,212.98172288324977,402.01413303031694,2.1801213838356084
14.79,8.3935,0.108,-0.0148,249.0108005267106,303.14358324990854,535.3784354813819,233.09534201376786,255.6107528817869,210.8098759663349,402.47969067812176,2.2384553354281658
14.8,7.8853,0.1107,-0.0241,247.92664234727445,301.82373850972544,522.7420732516118,231.4886718290564,258.76153922461094,209.3903468186406,403.65618837309563,2.2888908527831093
14.81,7.3191,0.1107,-0.0261,245.70126416993608,299.1145824677483,508.08771527139754,228.60695124879467,259.19882210377483,207.19453102459548,403.50262349794616,2.3405912738930903
14.82,6.7295,0.1107,-0.0261,243.10165080134487,295.949835758159,492.06724327727727,225.39362858307572,259.69542648216753,204.74221575739435,403.3207947911769,2.398995643808597
14.83,6.0934,0.1087,-0.0261,239.44806777347128,291.50199555031287,473.7701093627335,221.0484233000897,258.1987399392474,201.56815018722762,402.1390698309866,2.4630327196097466
14.84,5.8643,0.1038,-0.0261,237.06339379326315,288.598914183103,466.9103919295882,218.1423715973361,253.2204432949869,199.7303015266632,399.6897288912413,2.4767297954461194
14.85,5.8507,0.0927,-0.0238,234.22841428655806,285.1476347836359,466.5405406599403,214.54308625473615,241.07938036460195,197.83508893922215,393.9165717080193,2.446430110557925
14.86,5.8731,0.0841,-0.0193,232.01942627811542,282.4584319907492,467.2797313459709,211.7599455202734,231.24602733552786,196.3875827568994,389.03942294032004,2.4167627112626797
14.87,5.8956,0.0777,-0.0156,230.2757418492677,280.3356857295433,468.0156880243502,209.5885363805264,223.66976438085703,195.2455976461564,385.13329935019044,2.392543723743961
14.88,6.5705,0.0769,-0.0072,233.23893250427966,283.9430482660796,487.88682912837777,213.20999462266093,222.2483372508489,198.183501167844,384.98955720642454,2.31454998977789
14.89,7.6837,0.0767,-0.0024,237.51498929308352,289.1486826176669,518.009797933747,218.8897771471901,221.37879284437915,202.6948441056266,385.3707358032657,2.206025681717636
14.9,7.4587,0.0767,-0.0028,236.7613269744791,288.2311806645833,512.1937547176703,217.78566647466286,221.48563197141223,201.86689961190484,385.3514396855725,2.226640221964977
14.91,7.0049,0.0778,-0.011,235.44240797603626,286.62554014473983,500.0479764227818,215.88017609619735,223.02884291060462,200.32437376757298,385.9516670834789,2.274050920081257
14.92,6.489,0.0789,-0.0151,233.6536096748856,284.4478726476868,485.6518072956155,213.4857665104696,224.63554406175265,198.39766046689542,386.5034666828768,2.331018425595694
14.93,5.884,0.0781,-0.0151,230.55301109208287,280.6732308947096,467.8528928982241,209.64448964236195,224.08658648579427,195.4921617189026,385.7776816799514,2.396418969071715
14.94,5.2323,0.0773,-0.0149,226.75984177992325,276.05545955816746,447.357643382262,205.1611921250191,223.6146393293917,192.08697920565976,384.99236450122953,2.4757888355324122
14.95,4.6428,0.074,-0.0147,222.07250280429759,270.3491338487101,427.40829763574726,199.75317662885567,220.0768369097457,188.16143815949673,382.5412499068418,2.5481378337376266
14.96,4.1114,0.0668,-0.0131,216.11174516142898,263.09255932695703,408.04230540009326,192.84358041566642,211.42938063157834,183.36640637341952,377.20888403908884,2.606704176909127
14.97,3.6809,0.0588,-0.0103,210.1551067655213,255.84099954063464,391.19790391441893,185.90386800737517,201.1182679640462,178.60153219214504,370.7643620728488,2.6517567409911926
14.98,3.3706,0.059,-0.0082,207.4711223616291,252.57354026633112,378.29140695596556,183.08843603810428,201.66972822559032,176.43334307846666,370.74904336781134,2.7159731792134605
14.99,3.0991,0.0591,-0.0043,204.8195077816996,249.345487734243,366.40042443679675,180.46756139536734,202.19052345022834,174.36943599874965,370.66287024841716,2.77664081081093
15.0,2.5328,0.0591,0.0089,197.5258392354036,240.46623906918703,339.36156560494663,175.78515607747738,205.64905483767373,169.40705129704804,370.1722537494426,2.910677679147771
15.01,2.238,0.0594,0.0239,193.20542968131343,235.2066100468164,323.88278912098866,173.0874188849666,208.32820479930618,166.5159280635775,370.1393628155053,2.995322462120257
15.02,1.9859,0.0594,0.0309,188.99077053167647,230.07572064725832,309.5587813373381,170.34719776144797,210.5715683506507,163.7050969432053,369.8744827258729,3.0775637787571637
15.03,1.8896,0.0584,0.0503,187.09872119952308,227.77235624289767,303.99927171965135,168.7940620479221,209.9072246610803,162.338656955143,368.98540202592466,3.106937408509268
15.04,1.8907,0.0575,0.0635,186.98143170756205,227.62956903529292,304.2397930817244,168.42333485341862,208.42603710909444,162.1730970094122,368.3047205341874,3.1019700737738014
15.05,1.8918,0.0509,0.0845,185.45979995821327,225.77714777521618,304.57047109937224,165.32820729124927,197.5555506140056,160.5833736956582,362.575686746156,3.070469166071374
15.06,1.9238,0.0507,0.0968,186.05247074333562,226.4986600353651,306.67306237278626,165.63098602048058,196.90173891193137,160.94884125631458,362.49606072253977,3.057240685445458
15.07,2.3311,0.0506,0.11,192.7620070806369,234.66679122860145,329.9632856805913,169.94294889026816,193.51939315610375,165.46516254729252,362.97935629008253,2.925160578569958
15.08,2.9711,0.0507,0.1203,201.3702104830462,245.14634319675193,361.85192595958654,175.62166292206854,190.03758435630218,171.4072326611432,363.7859461682498,2.763892897232426
15.09,3.7972,0.0509,0.1267,208.98267042630312,254.41368573636902,397.2254522398625,183.6066624052479,189.72302791467084,177.66167306237915,364.6947189645926,2.5897523038925496
15.1,4.5613,0.0525,0.1108,215.01913761068934,261.76242839562184,425.79235241175377,190.37970293726022,191.6069914862666,182.91756030723252,366.72362460521526,2.46953418704764
15.11,5.1121,0.0538,0.108,218.8228779528347,266.39306881214657,444.6722982273625,194.82723202274133,193.18131875579186,186.3573722595059,368.26377087096375,2.3965982935029215
15.12,5.9072,0.0574,0.1087,224.2853493232873,273.0430339587845,469.8571024623357,201.45999456745835,197.7721234857956,191.33828158143217,371.8374507846317,2.313144275187769
15.13,6.4076,0.0617,0.1094,228.18423974505876,277.7895092548542,484.66577162193926,206.22813402083645,203.23378601187,194.79188046414666,375.63462835659425,2.275742184045463
15.14,6.9506,0.068,0.1114,232.7446589152767,283.34132389685857,499.95712769577665,211.81332792104124,210.98601683860508,198.72031489525835,380.70512693012506,2.245143308339129
15.15,7.5052,0.0724,0.1096,236.3896151796582,287.77866195784475,514.8162677098868,216.40387500605542,216.12025345692666,202.01471390945773,384.1031297688235,2.2091015301683132
15.16,8.0754,0.0717,0.102,238.03535591781406,289.7821724216867,529.3792353837597,218.83623532489304,215.03853060558814,204.0290057204586,383.8903166484188,2.156636906975183
15.17,8.599,0.0734,0.1008,240.2371179589273,292.46257838478107,542.2369765624103,221.8794536033579,216.86923256026142,206.32178767475466,385.3048803938899,2.120010085303626
15.18,9.1265,0.0748,0.0997,242.1995440984207,294.85161890242523,554.7144397882031,224.70083158218378,218.32924495506535,208.46301817837917,386.4870733418335,2.084504712842844
15.19,9.7549,0.0783,0.1003,245.05124529256662,298.32325513877674,569.0159941465731,228.64512210827564,222.172962746283,211.31055793697766,389.04796693406973,2.0513321182927706
15.2,10.4763,0.0814,0.0989,247.7870760044788,301.65383165762637,584.7397250419116,232.631323416022,225.45322378186168,214.22103214524114,391.2883290952358,2.0132330503764666
15.21,11.7873,0.0897,0.1016,253.24995114513467,308.30428835059877,611.6822713759287,240.44944849608558,234.17273912196373,219.69247513865784,396.67052433005045,1.9592544869313768
15.22,12.1441,0.1028,0.0972,258.342561767155,314.50398823827567,618.7027699727936,246.26825088965413,247.8536308155168,223.18917820912262,403.918803172934,1.9767222830790265
15.23,12.3613,0.1161,0.0947,262.8800937438236,320.0279402098722,622.9317322175702,251.3218158135264,261.14321132861244,226.07196411602024,410.4802765143513,1.9992910737554648
15.24,12.5863,0.1324,0.0941,267.92087935498535,326.16454877998217,627.271313598459,256.96962845665695,276.6966825460857,229.1868364891201,417.6761104451461,2.0253294253192897
15.25,12.8694,0.1341,0.0938,268.9316830226784,327.3950923754346,632.6564254329843,258.41078431475825,278.1413251108948,230.2076880283809,418.5077438842157,2.0140621883788876
15.26,13.3232,0.1359,0.0935,270.2397034241202,328.9874650380594,641.1162408710364,260.41991908858984,279.593166274633,231.65774742884375,419.4108729182596,1.994508399518956
15.27,13.9865,0.1655,0.0935,278.80282952884266,339.4121402959824,653.1528997741755,270.4767273784395,305.71571101588495,237.1741824959529,430.51968962426287,2.020809752043434
15.28,14.7971,0.1935,0.0657,286.3974334301618,348.6577450454144,667.2966206171985,279.7354473583782,328.74363940980356,242.27247033075128,439.613273598359,2.0312709661177872
15.29,15.6039,0.2121,0.0541,291.5654314508493,354.94922089668614,680.9637759365836,286.352504070145,343.20597015631444,246.0433062230207,445.13840107952825,2.0243901232982613
15.3,16.9459,0.2094,0.0529,293.0781858326974,356.79083492676205,702.7953289585836,289.7023995810293,340.4444531071204,248.76450498908596,444.74260320576707,1.9643240994672284
15.31,17.2329,0.2177,0.0531,295.20791575883,359.3835496194452,707.3622691252317,292.3280634749506,346.80311428942764,250.21813376256154,447.12517831329006,1.9654631723361622
15.32,17.7488,0.2338,0.0534,299.1170669263343,364.1425162581461,715.4204257170144,297.1735415473538,358.9216409501216,252.8216079965136,451.46476337941766,1.9685432247255645
15.33,18.6196,0.2548,0.165,304.2682501765661,370.41352195408047,728.9870132542878,303.85313344463754,374.1954648791976,256.44180447795907,456.77847077854375,1.9634465938630845
15.34,19.4903,0.2749,0.1757,309.0032925341492,376.17792134592077,741.8816863319979,310.05105574319333,388.38981109327267,259.8140566184711,461.54169923740847,1.9576370950563429
15.35,20.7005,0.2911,0.1448,313.2810672412773,381.3856470763376,759.089710783953,316.1748006988026,399.3843945909498,263.3738764750819,465.274145714819,1.936340414800637
15.36,21.0728,0.2977,0.0808,314.85290522416506,383.29918896854883,764.1503186397034,318.2834808508747,403.83658525849324,264.5904881730209,466.77063474225685,1.9323530104835434
15.37,20.8518,0.2978,0.031,314.65191434949105,383.05450442546737,760.9984230189648,317.71752622865165,403.95714209260143,264.24427024564136,466.8314606766838,1.9400409975116082
15.38,20.363,0.2972,0.0135,314.01177591978575,382.27520546756523,754.1373984853346,316.3448494225702,403.6828972867491,263.34674131472065,466.70395577845443,1.9556629126866742
15.39,20.0154,0.2967,0.0074,313.540869723509,381.7019283590544,749.2258992482036,315.3427739641291,403.4307697480543,262.70538253905835,466.61909053119444,1.9669351263890735
15.4,20.0379,0.2882,0.0046,312.1992164432541,380.0686113222224,749.5880975563847,313.86355539906896,397.4616814395424,262.162096217859,464.9394751699172,1.9566056743134124
15.41,20.0604,0.2677,0.0042,308.6981790465516,375.80647883928026,749.956607299982,310.08208509710744,382.8536870142805,260.6505658781031,460.5803698762912,1.931453588190206
15.42,20.1963,0.2357,0.0042,302.7890429103243,368.6127478908296,751.941566654039,303.99985412167996,359.207947573772,258.20833982005513,453.11752459323344,1.8852640322417273
15.43,20.813,0.2053,0.0043,296.8290710348701,361.35712995549403,760.6798996789455,298.79825565993076,335.50750807640696,256.420077895974,445.2281085276498,1.8205786090690415
15.44,21.3754,0.1895,0.0044,293.486140467151,357.2874753513143,768.5164475940119,296.34370442975217,322.6391011503217,255.7472592022871,440.7761473748834,1.7773070895450531
15.45,21.6895,0.1775,0.0044,290.31147347702654,353.42266336333665,772.8602854450528,294.592475668611,313.49324143483847,254.94314499482533,437.16229260536954,1.7450235072632319
15.46,21.5926,0.1682,0.0045,287.79690206074014,350.361445986988,771.5892134224882,291.91812299044807,305.65805267253506,253.68893759094843,434.1711798261134,1.7316593943835046
15.47,21.131,0.1554,0.0046,283.9819246760688,345.71712569260546,765.2955960281708,287.374095919734,294.7573494815704,251.28991047994072,429.7281908513458,1.7224001845179526
15.48,20.8789,0.1399,0.0048,279.2203691362395,339.9204493832481,761.8443166642151,282.29632894954386,281.0219419933918,248.72240912176161,423.9298003623153,1.6994205051759552
15.49,20.6733,0.1285,0.0048,275.47877900363034,335.3654700913761,759.0184057879758,278.3216226307141,270.60060333049097,246.66645306983895,419.30901846033254,1.6815113211334989
15.5,20.1807,0.1202,0.0048,272.48975914074333,331.7266633017745,752.1064723151432,274.55704708570465,262.9288346281986,244.49665537688006,415.67871219610095,1.6788140808948844
15.51,19.7812,0.1159,0.0049,270.85407199631777,329.7353919955173,746.4319737988872,272.24104621988977,258.9251435038224,243.10125858239394,413.72108638563446,1.6821240887377997
15.52,19.2343,0.1108,0.005,268.8251756527993,327.2654312294949,738.5280677631331,269.2735173397589,254.1269367939216,241.26233123233217,411.28956775848206,1.6885453192394222
15.53,18.4702,0.1095,0.005,268.02296738765267,326.2888298632294,727.2270250081705,267.0560053558468,253.08216843718293,239.66618879521585,410.60275501890703,1.7126791751601553
15.54,17.8768,0.1095,0.0048,267.7247023315587,325.9257245775498,718.2574884493058,265.64014502246084,253.27030060024555,238.5845438329652,410.57040582779456,1.7348031527111483
15.55,17.5851,0.1095,0.0048,267.57995296415606,325.7495079563639,713.8033712053118,264.93219955248406,253.3641108590653,238.06256114550192,410.5872435663381,1.7460195289211802
15.56,17.4403,0.1095,0.0048,267.87227140355657,326.1053738825906,711.5977832145226,264.05936963590204,252.74294474694128,237.82178291562477,410.6289050981997,1.754228902294382
15.57,17.4084,0.1106,0.0048,268.28191460798854,326.60406995755125,711.1455543086031,264.35306258282105,253.8259436300732,237.9989320342501,411.22409777741456,1.75841081199803
15.58,17.6969,0.1133,0.005,269.4556186468842,328.0329270483808,715.670580799369,265.9894503887385,256.38028516878876,239.08363704982364,412.63270665550584,1.7541602033270214
15.59,17.9854,0.1129,0.0054,269.192398737014,327.7124854189736,720.1518157958764,267.0919126146903,256.5703678811815,239.61341828453538,412.55935911521607,1.7398972720183241
15.6,18.7961,0.1136,0.006,269.9398901034249,328.6224749085173,732.4308501088782,269.2677721538152,256.9886904481201,241.3062765743665,413.0927407327672,1.7120341658539417
15.61,19.4826,0.1151,0.0064,270.84168691280337,329.72031450254326,742.5842182905352,271.3650191721015,258.2287385053461,242.86349330869206,413.97476579863195,1.6916671089179036
15.62,20.0683,0.1162,0.0066,271.5151803171624,330.54021951654556,751.0817055652042,273.05881421296056,259.1108318063926,244.13766246789825,414.64499813837017,1.6745122226506897
15.63,20.4522,0.1175,0.0068,272.1597151787802,331.32487065242805,756.5862823688469,274.3485707041353,260.24369107608146,245.07450057889503,415.3706209314415,1.6650036830863906
15.64,20.6345,0.1205,0.007,273.3263071571069,332.74506958256495,759.2037980631446,275.75061008499864,263.05111024773237,245.94562007400665,416.8290361808257,1.6662679350857201
15.65,20.7276,0.1205,0.0072,273.3986107230275,332.83309131499,760.5590638398261,275.9603509530247,263.02150349308545,246.14884013219003,416.9103364792246,1.6633589882883133
15.66,20.7548,0.1216,0.0075,273.83444701820764,333.3636746308615,760.9890603845208,276.38863123038436,264.05528403868726,246.4248438151546,417.47465275176614,1.665174008749221
15.67,20.9177,0.1231,0.0075,274.4534117172224,334.11719687314036,763.3132579600484,277.2394201118032,265.42207243578866,246.9974265252204,418.2322915479982,1.66351458580636
15.68,21.0573,0.1257,0.0077,275.43921516618195,335.3173054196998,765.3039650945583,278.3905871643871,267.82109601933354,247.7073207032285,419.4585721235076,1.665117620002901
15.69,21.1543,0.1293,0.0077,276.73665196399173,336.89679369529426,766.6970363438182,279.7567438649859,271.14461535303155,248.4969632335659,421.0833975750658,1.6702469418990207
15.7,21.1349,0.1294,0.0077,276.8041656783236,336.97898430404615,766.4767343910055,279.7534915369467,271.2411790193421,248.52409427689116,421.1907500116932,1.6712129466002297
15.71,21.2474,0.1293,0.0077,276.8502357201798,337.03506957239284,768.0810151377847,279.97094505654866,271.11112571452986,248.7422247515957,421.2328198193399,1.6675348741471407
15.72,21.2862,0.1294,0.0077,276.9378109818944,337.1416829344802,768.6648905447696,280.0928869469518,271.189610114739,248.86756954028644,421.3486731159789,1.6666515473953916
15.73,21.4452,0.1294,0.0063,277.0308135112821,337.25490340503904,770.8978849509036,280.4394325823409,271.138597974595,249.17845422322986,421.4396774589337,1.661765630095676
15.74,21.6857,0.1294,0.0058,277.1458974842733,337.39500563302835,774.2362599920502,280.95686110434093,271.06345766019444,249.6230345962209,421.5422322915452,1.6543722884587686
15.75,21.6857,0.1294,0.0057,277.1866052739669,337.4445629422206,774.2846841251242,280.9639631991787,271.0614708805011,249.6671129275378,421.60997364270844,1.654496484017988
15.76,21.5654,0.129,0.0056,277.05499645725786,337.2843435131835,772.6894352557521,280.58913078576364,270.7252150220733,249.44711119092543,421.4906502628141,1.657481539344434
15.77,21.5479,0.1289,0.0056,277.05627622490545,337.28590149118924,772.4983724028859,280.52724610138756,270.6357666662557,249.44588208709948,421.5132682200166,1.6579298011672827
15.78,21.5535,0.1289,0.0057,277.09864830352194,337.3374848912441,772.623799976702,280.5462459630167,270.63203912726004,249.49918113324273,421.58168675030174,1.657877691435528
15.79,21.5591,0.1289,0.0058,277.14100644450116,337.38905132374055,772.7491971325193,280.56523845420145,270.62831174005487,249.55246128117855,421.6500733344844,1.6578255887360205
15.8,21.6352,0.129,0.0062,277.238804969383,337.50811039750977,773.839520955859,280.76574528730373,270.69615728666633,249.7391393904969,421.77113224217226,1.65579303722783
15.81,21.6003,0.1296,0.006,277.47261580964187,337.7927496813031,773.4103863366674,280.88900879703704,271.2598480282473,249.82120954564115,422.0881611371141,1.6583420455649707
15.82,21.5228,0.1302,0.0064,277.69185474031144,338.0596492490748,772.3986334043384,280.9209327881955,271.8354489454517,249.83159393438072,422.39801972762973,1.6622191522592218
15.83,21.387,0.1305,0.0064,277.78900939072105,338.1779244756604,770.5816188876953,280.7319888045568,272.151216276294,249.69553186370499,422.57218048658336,1.6672781738475404
15.84,21.2978,0.1303,0.0065,277.7321908166503,338.10875403766124,769.4007530730963,280.4842074043519,271.99125909422906,249.55734235174586,422.54237243771576,1.6697802006572264
15.85,21.1427,0.1307,0.0066,277.8520274774342,338.25464214644165,767.3038549604626,280.2817731084724,272.40542689832347,249.40200314605505,422.75540958483595,1.6757223106935035
15.86,21.0147,0.1312,0.0066,278.0117295220896,338.4490620268917,765.5739142957577,280.1669169399671,272.90344108306664,249.30670348872496,423.01379540431265,1.6810498835608365
15.87,20.7315,0.1315,0.0067,278.03969237179246,338.48310375696474,761.6642856679114,279.6460602621542,273.2653853963745,248.9108745326641,423.16440867818335,1.6909978717253131
15.88,20.4135,0.1315,0.0067,277.94369805040884,338.3662411048455,757.2274895089313,278.94603001599614,273.3628680210916,248.40092863366866,423.1834439289022,1.7015662020232765
15.89,20.341,0.1315,0.0067,277.9514331051761,338.3756576932579,756.2462234389722,278.7898666377362,273.3828452769082,248.31714999597529,423.2397062460623,1.704096265387804
15.9,20.3266,0.1312,0.0068,277.8870108470026,338.297230596351,756.0890409689632,278.6704558227136,273.1074648828608,248.28818545176813,423.1791924816442,1.7040393333321238
15.91,20.3122,0.1307,0.007,277.75669318787595,338.1385830113272,755.9319871362735,278.4885894251199,272.6471290283607,248.22756641706434,423.0342581062729,1.7035389214254881
15.92,20.3165,0.1309,0.0072,277.8647735317531,338.2701590821342,756.0406781020063,278.5668793697856,272.8274184572315,248.31000909187432,423.1862870026184,1.7039625893763195
15.93,20.2855,0.1305,0.0072,277.7595085758567,338.14201044017346,755.6467962843593,278.37863554750675,272.46451780748214,248.23569124031008,423.0803817093891,1.704236066983161
15.94,20.2234,0.1302,0.0075,277.6726405120261,338.03625801464045,754.8100583178153,278.1514232284036,272.2035369556222,248.12200824699244,423.0113774416243,1.7057676941365272
15.95,20.1109,0.1292,0.0075,277.33075708574853,337.6200521043896,753.2501913283562,277.5904316819776,271.3094918937557,247.80737066219706,422.63720854962145,1.7074397489665427
15.96,19.9131,0.128,0.0077,276.87961738571903,337.0708385565275,750.4587858530414,276.77009743338084,270.2535477298307,247.30642021391606,422.1608927225907,1.711558747271428
15.97,19.7463,0.1275,0.0077,276.671957877626,336.81803567711,748.0978029192341,276.23685909272535,269.8371777514543,246.9698171926481,421.986752814326,1.7162464479591466
15.98,19.3895,0.1276,0.0078,276.5588043110067,336.68028350905166,742.9516950053277,275.44848457977866,270.04057146006414,246.3810854848309,422.03965569564946,1.7289296935665868
15.99,19.1839,0.1264,0.0079,276.08957255734157,336.1090448524158,739.9787133394904,274.59473316313176,268.982030876237,245.8530593521729,421.5550239318299,1.7335509044988902
16.0,18.8969,0.1262,0.0078,276.2649279310819,336.32252095957796,735.7756934391215,273.2934629995038,268.13167049372015,245.33038816402845,421.487905675974,1.7459721636841
16.01,18.575,0.1261,0.0079,276.084044493513,336.102315035581,731.0083029640527,272.47469182363614,268.110360829957,244.75057225056517,421.45750994187125,1.7575992816517485
16.02,18.2957,0.1259,0.0079,275.8843063734265,335.859155585041,726.8350812389642,271.72005641595837,267.98652529478755,244.22740628972574,421.38987722213636,1.7676159968747953
16.03,17.9854,0.1205,0.0079,273.9350104786963,333.48609971319553,722.1461405588572,269.2494572163155,262.9950088795914,242.7838318938061,419.00833430906187,1.76681788546131
16.04,17.7217,0.1191,0.0078,273.3292036253977,332.7485957178755,718.1274252077319,268.13592569362737,261.72678113634356,242.0750817361257,418.39253605138435,1.7736950487408505
16.05,17.5626,0.1174,0.0078,272.6855318162173,331.96499525452543,715.7021224428847,267.1865763801199,260.1422506126518,241.51445215456815,417.64929197337995,1.7758880677764428
16.06,17.4191,0.1175,0.0078,272.65901158347975,331.9327097538015,713.5067680803575,266.8509427026055,260.26585016511416,241.28811404332646,417.73598685097045,1.7818682585823196
16.07,17.326,0.1162,0.0078,272.19135522820415,331.36338897346593,712.0916093118904,266.19420070740296,259.04068741614884,240.9211358463378,417.18139920381265,1.7824990825998632
16.08,17.2291,0.1162,0.0079,272.16121746650225,331.3266995244375,710.6118302960067,265.9446290757406,259.0579583363566,240.7682771906231,417.22974695956594,1.7864649444098901
16.09,17.2019,0.1163,0.0081,272.2152042599349,331.39242257731206,710.2274188217635,265.9092138063264,259.1547957000821,240.7723013630309,417.3371663936659,1.7879237321688863
16.1,16.8839,0.1165,0.0081,272.0801879536604,331.22805490010836,705.2268424302983,265.1355341365739,259.415003929579,240.20196031738791,417.43837471879084,1.801297881744584
16.11,16.4999,0.1161,0.0077,271.67113629621304,330.73007896930284,699.0985177380503,263.9760836895646,259.1175491917554,239.38049816099755,417.24628387884616,1.81618595547583
16.12,15.9142,0.1158,0.0076,271.0837499461744,330.0149999344732,689.5556823218383,262.2658293564107,258.96656407727585,238.12781485207364,417.05989563586644,1.8403097986532133
16.13,15.3983,0.1147,0.0075,270.24718383442655,328.9965716245193,680.9717685817416,260.4509261018031,258.02991918457366,236.8536166823565,416.5065094347104,1.8602910389840226
16.14,15.026,0.1123,0.0075,269.0978579670095,327.59739230766377,674.6766925381401,258.59994288927805,255.79028411317066,235.64703061704705,415.3530060573776,1.8711907833193273
16.15,14.7041,0.1114,0.0075,268.47754949270126,326.84223416502766,669.1600367823538,257.35838826647824,254.98753889930262,234.79691840983241,414.9172816930204,1.883889995832977
16.16,14.417,0.1089,0.0076,267.34980622443186,325.4693293166997,664.1801218005245,255.68357835845168,252.59972390574177,233.73073216078015,413.6992344216369,1.8911364860997013
16.17,14.4198,0.1074,0.0078,266.88921899066077,324.9086144234131,664.2707391255966,255.20123807675432,251.1102371971269,233.50849997426408,413.0192040198442,1.887244746387177
16.18,14.4225,0.1073,0.0081,266.8977077421237,324.9189485556289,664.3599086691136,255.17858434417542,251.00419266256608,233.53687610655408,413.0343622979826,1.886995690034605
16.19,14.4364,0.1064,0.0079,266.6481478320262,324.6151364911624,664.6443864598687,254.92458841589337,250.10175073884193,233.44613319855725,412.6497778940347,1.8841187324691957
16.2,14.8902,0.1055,0.0079,266.88491242742805,324.903371650782,672.5894708465916,255.97920318582962,249.09510339030498,234.36385212291634,412.3531701739673,1.860686858832471
16.21,15.4216,0.1057,0.008,267.5312294350409,325.690192355702,681.7005832225943,257.5890543335436,249.17005714464187,235.62771062278853,412.6261657716191,1.837355714730851
16.22,15.9879,0.1043,0.0081,267.5839300915081,325.7543496766185,691.1983280801207,258.71078015881477,247.65600732861958,236.63311558265914,412.0857881940898,1.8091210675001703
16.23,16.4688,0.0983,0.0083,265.78015788953303,323.5584530829098,699.110199304184,257.94212723921635,241.5443607514723,236.5198718846241,409.07750333240597,1.7727031260397557
16.24,16.6589,0.0948,0.0085,264.5976141103115,322.11883456907486,702.2250956805159,257.19968143429196,237.94984217775087,236.23970964955697,407.2520567803917,1.7551616366258007
16.25,16.7404,0.074,0.0085,255.43987788381475,310.9702861194267,703.5782201921285,249.77674012225387,216.35130092395687,231.63467419302998,394.422469173979,1.6849599952132104
16.26,16.6201,0.0685,0.0085,252.79973886410383,307.7562038345612,701.6854214784349,247.0995353353434,210.1790671969622,229.9550195657018,390.5221894665991,1.6709454906703218
16.27,16.3447,0.0682,0.0083,252.55774862503657,307.46160702178366,697.2631640327423,246.26994785293698,209.85984317526217,229.3580286475692,390.31187485512373,1.6811753774791502
16.28,15.7901,0.0682,0.0081,252.2927269134722,307.1389718946618,688.1709429225646,244.8294173229972,209.9063092453516,228.2597158215756,390.27284611607604,1.7043934950223414
16.29,15.5961,0.0684,0.008,252.68361574390872,307.61483655780194,684.9704305045,243.9266891905374,209.6326545294168,227.94803170852836,390.4463807164496,1.7163117276387045
16.3,15.5612,0.0687,0.0079,252.84478903908865,307.8110475258471,684.4258201568753,243.9653640846172,209.9733521080907,227.9961903825857,390.72276351553853,1.7190367252830125
16.31,15.4953,0.072,0.0079,254.40240886147615,309.70728035310145,683.3587503528673,245.19512890973348,213.6931763295454,228.78493293908613,393.1617975463525,1.7336910510202903
16.32,15.3751,0.0726,0.0069,254.6399142649753,309.9964173660569,681.3672408965932,245.11738193355907,214.36819695526125,228.72495463463537,393.6245416989428,1.74119282727685
16.33,15.3363,0.0744,0.0066,255.47417471528976,311.01203878383103,680.7502611634922,245.76146062419912,216.3730184733993,229.14601118580734,394.93359103077677,1.7492191779028496
16.34,15.2975,0.077,0.0064,256.64818243117554,312.4412655683876,680.1324699518965,246.7194225776219,219.24335635602037,229.75552839913112,396.75509296627325,1.7598202601133712
16.35,15.313,0.0782,0.0062,257.2245417288072,313.14292036550444,680.436183647694,247.25036891682873,220.5547316166132,230.12330392131778,397.6180324273622,1.763235771365433
16.36,15.2665,0.0785,0.0062,257.35902022837803,313.3066333215037,679.6873417791552,247.24376579887473,220.88429413083742,230.13477422642646,397.868592612487,1.7664249560115437
16.37,15.1307,0.0784,0.006,257.2511277118565,313.1752859100862,677.4118920230504,246.82360867754446,220.78433695582171,229.8535883130641,397.83786556371757,1.772313129759603
16.38,14.6963,0.0784,0.0058,256.9394110695762,312.79580478035365,669.956071160124,245.5791733612356,220.8188373300107,228.93029766328067,397.81357495864796,1.7922823215925154
16.39,14.3201,0.0783,0.0056,256.6012540362561,312.38413534848564,663.3922387192122,244.43659860233265,220.74032032095246,228.0915674303999,397.7326652792256,1.8097604183484568
16.4,13.9632,0.0777,0.0054,256.04079714531974,311.701840002998,657.0665175255142,243.12883802224312,220.11029296822616,227.15755805525626,397.3222352945381,1.8251198742963508
16.41,13.0789,0.0775,0.0053,255.02560772583018,310.4659572314455,640.8879122567707,240.29496259212186,219.97281945974288,225.01750526407687,397.05811343294226,1.8692580712872369
16.42,12.7298,0.0774,0.0052,254.586371844564,309.9312352890345,634.3369558708965,239.12613099750232,219.89564864034972,224.15651544368234,396.973181249139,1.8875620310239996
16.43,12.2101,0.0774,0.0052,253.91554736625574,309.1145794023983,624.355061797811,237.39440922448566,219.95109757265715,222.85281954744102,396.91188738247934,1.9162343610343155
16.44,12.1577,0.0774,0.0051,253.8766082361328,309.0671752439878,623.3674158315818,237.2178655850347,219.9532617323322,222.75252295801008,396.9603588848041,1.919326499973774
16.45,12.1628,0.0773,0.0051,253.87996935172202,309.071267036879,623.5048201723831,237.1975982026831,219.83698877899124,222.7797310266436,396.9559456878376,1.9188471211541536
16.46,12.1679,0.0762,0.0051,253.47358160451958,308.57653412724125,623.6421901046111,236.7813637081887,218.6019336195867,222.56590209635726,396.2791698831216,1.9149735179378553
16.47,12.1907,0.073,0.0051,252.20367352558816,307.0305590746291,624.1258161336528,235.57241059322058,214.98293978367235,221.87203447347247,394.1411866370284,1.902755742446909
16.48,12.2721,0.0697,0.0052,250.92229343589014,305.4706180958663,625.7523450678146,234.4848758918093,211.19451772095195,221.2710347295391,391.8575237898175,1.8865555162316598
16.49,12.2838,0.0695,0.0054,250.88579675948526,305.4261873593734,626.0184874276863,234.4426580348599,210.96018982143312,221.28593869080885,391.7740517659924,1.885318327895566
16.5,12.1984,0.0692,0.0056,250.67585594500417,305.1706072373964,624.3907048424647,234.03143788567584,210.614959883487,221.02163062163746,391.59363742548254,1.8891299053492068
16.51,12.0743,0.0682,0.006,250.10063033621287,304.4703325832157,621.9955032471634,233.19107366345088,209.45786535738569,220.46707236139883,390.88365644398095,1.8925794598968864
16.52,11.8338,0.0683,0.0058,249.84422950605878,304.1581924421585,617.2701118686053,232.40995980999523,209.58211033760028,219.89300880178436,390.95980285982404,1.9068415256592908
16.53,11.8117,0.0678,0.0054,249.6269409250395,303.8936672130916,616.8649785971363,232.12344496785732,208.9970366544638,219.73676559176718,390.6409427557276,1.9064144678870394
16.54,11.812,0.0681,0.0044,249.7959737304051,304.09944628049317,616.9041076839733,232.25289914573207,209.3439499231347,219.85506680062596,390.92510026089343,1.9076654230177381
16.55,11.8123,0.0665,0.0042,249.11826666540676,303.2744115926691,616.9462493463701,231.57426328168347,207.46881332341587,219.45931863012973,389.7783724879394,1.901816625428437
16.56,11.8843,0.0661,0.004,249.07478262169684,303.2214744959788,618.4161914655814,231.65303527086206,206.99400363524973,219.57834928485488,389.5498253181452,1.8963018694404836
16.57,12.4893,0.0643,0.004,249.06475649216682,303.20926877307267,630.2950973630212,232.9131209860806,204.86477275077655,220.68482829079227,388.356124442356,1.8557238788152448
16.58,12.7337,0.0598,0.0039,247.20678784781936,300.94739390169315,635.0158080191927,231.69786679296917,199.50289304966734,220.0097785861651,384.8242738972138,1.8250184329019707
16.59,13.0013,0.0598,0.0039,247.52343733167365,301.3328802298636,640.1187513919778,232.56070517760926,199.51674292299546,220.70664694579253,384.9422204937776,1.8110460686417689
16.6,13.2651,0.0599,0.0039,247.8694729705473,301.7541410076228,645.0876713524899,233.44349153009267,199.65153098860472,221.4137634315626,385.1417917618961,1.797964073352419
16.61,13.3969,0.0601,0.004,248.12990557317244,302.07118939342735,647.5674423643713,233.95019160093756,199.89818691248854,221.8277036634152,385.3956298509421,1.7921966410766998
16.62,13.49,0.0611,0.004,248.75226828808363,302.82884835071053,649.3214267445065,234.69833713685733,201.09494556044763,222.39058006432697,386.30190434990124,1.7915975531929826
16.63,13.6025,0.062,0.004,249.33761327720745,303.5414422505134,651.4233333831552,235.45593730624813,202.1666805872202,222.9643743831727,387.1196288592796,1.789625349041352
16.64,13.7538,0.0674,0.004,252.1140967744221,306.9215091166878,654.2205343075144,238.30088895351534,208.4691798973599,224.91068455274927,391.4368072325048,1.8026834207997187
16.65,14.0253,0.0744,0.004,255.58782899968995,311.1504005213617,659.1629615893407,242.06238269436074,216.38808820220189,227.44002046246842,396.61504928308057,1.8143613210791913
16.66,14.1921,0.0759,0.004,256.438808554119,312.18637563110144,662.1858344185015,243.17718176439337,218.04207966213716,228.24341623882123,397.7407660347159,1.8115381881587014
16.67,14.4015,0.0754,0.004,256.4457424659705,312.1948169150945,665.9405857665602,243.60389564867873,217.47543805177676,228.63802206668848,397.5025823075649,1.799989684126181
16.68,14.8243,0.077,0.004,257.5429797122652,313.53058399754025,673.3818531794616,245.49416606989104,219.21389817650365,230.03151418350285,398.7349997973405,1.7857691402550875
16.69,15.2083,0.0794,0.004,258.9272172509355,315.2157427402693,680.0324487461194,247.55837609996962,221.80521995304423,231.50768005409145,400.46565048338795,1.7763658464128658
16.7,15.7358,0.0808,0.0041,259.9501036940104,316.460995801404,688.9885864649669,249.5966834552389,223.27984918239275,233.02372266437908,401.5387630757912,1.7577658602638797
16.71,16.4805,0.0835,0.0042,261.619787192631,318.4936539736377,701.3079147137569,252.68208190358547,226.1079331863971,235.2604854209499,403.45733906782556,1.734910890090666
16.72,18.478,0.0887,0.0054,264.4472815958965,321.93582107326534,732.6813729790498,260.2475812828742,231.92757828566585,240.41052786213154,407.04446147067455,1.6704766578648569
16.73,19.4632,0.0921,0.0056,266.2537489319708,324.1349986997906,747.4090656302756,263.8481681852765,235.2795602358051,243.01332924526824,409.2589312749198,1.6454187353851941
16.74,20.2544,0.0969,0.0056,268.5008751079834,326.87063056624066,758.9169648471861,267.4299218984513,240.01768320832898,245.48530713480585,412.1546648417215,1.6321069788166165
16.75,20.9604,0.1012,0.0058,270.44800914777346,329.2410546146807,768.9607540581525,270.55449303001916,244.18286319274625,247.6312561301263,414.655400563708,1.6207253105106143
16.76,21.0224,0.1075,0.006,272.9979723938243,332.3453576968296,769.8748149504634,272.93124828395827,250.34714684943026,249.0228229584165,417.9959081190641,1.635261412096973
16.77,20.9642,0.1099,0.0056,273.9464028161179,333.49996864570875,769.1043251597324,273.64220781574716,252.68178876494193,249.42139119564663,419.2521125607493,1.6433331053908888
16.78,20.7393,0.1132,0.0056,275.16635145698507,334.9851235128514,765.9873737014889,274.279073649048,255.89906290722422,249.68795353859647,420.8975833522544,1.6589565745018244
16.79,20.173,0.118,0.0054,276.75723855350674,336.92185563035605,757.9736973700237,274.61253074853664,260.5921764836381,249.5945358476933,423.1531168104504,1.689478847844781
16.8,19.8317,0.1184,0.0052,276.79620155611786,336.9692888509261,753.0932147169082,273.9670508755818,261.0499438380702,249.09317401437113,423.3496339384988,1.7021367304271655
16.81,19.4748,0.1183,0.0052,277.0318806893047,337.25620257828405,747.9312179243296,272.52914839778146,260.2949902810971,248.46630071835045,423.30997648247177,1.71703982116472
16.82,18.5633,0.1182,0.005,276.58109440696984,336.7074192780502,734.4037663241833,270.2603328160471,260.34244679558134,246.78061692758553,423.17699623084354,1.7497909034561145
16.83,18.2181,0.1162,0.0049,275.7255433970349,335.6658789181295,729.1994539412824,268.7522340447844,258.5092054069118,245.8067244914472,422.2440672313073,1.7579501053166688
16.84,17.8962,0.1149,0.0048,275.1141009509185,334.92151420111816,724.2930336149042,267.5126681418343,257.3247988700396,244.98813092175004,421.6346919747891,1.7671263138021582
16.85,17.6518,0.1133,0.0048,274.43563430296723,334.0955548036123,720.5410223564504,266.36462410151444,255.83593422174167,244.2594050303679,420.8871419373089,1.772731932948227
16.86,17.4269,0.1136,0.0048,274.4290756635255,334.08757037298756,717.0625260897015,265.8754670487051,256.15349560561566,243.902543373957,421.055100695508,1.7824135679011717
16.87,17.264,0.1131,0.0046,274.1795623568931,333.78381504317423,714.5360902755931,265.2855483325462,255.69731737798202,243.52389293782795,420.84760162068466,1.7877515900552052
16.88,17.105,0.112,0.0044,273.7194549740658,333.22368431625404,712.0563245097447,264.5075720878609,254.66449600262675,243.04247612865794,420.3474692453574,1.7914847661450584
16.89,16.9304,0.1117,0.0044,273.52418107511744,332.9859595697082,709.3127345795613,263.9438267345849,254.39938817140975,242.66959117704548,420.2319869477566,1.7979106386031718
16.9,16.6861,0.1098,0.0042,272.7087873979873,331.99330639754976,705.4262551607418,262.6631013433467,252.6023829502721,241.8574214577496,419.31347757463146,1.8032075581917375
16.91,16.5775,0.1078,0.004,271.9537120666257,331.0740842550226,703.7095535020727,261.7094611750579,250.67478854054949,241.30140150185312,418.3550039091986,1.802681734985669
16.92,16.5038,0.1041,0.0035,270.59913798877886,329.4250375515569,702.55243299211,260.270898816136,247.0604439203902,240.4881172725558,416.5083978015809,1.7961618763314275
16.93,16.465,0.102,0.0035,269.8346209691036,328.4943211797783,701.9621157985088,259.4525783671225,244.987372204094,240.0397476166161,415.461270608285,1.7922806000661768
16.94,16.1896,0.1031,0.0033,270.06400642627483,328.77357304068244,697.4938807285289,259.070416290144,246.1090886215241,239.71003768573308,416.05124016359537,1.8069615841512494
16.95,15.8095,0.1012,0.0031,269.08922995637454,327.58688864254293,691.2323594674687,257.3583085405808,244.2725110738084,238.56196002147107,415.0354095572475,1.818282226733588
16.96,15.2471,0.0992,0.0031,267.884220846163,326.11992103011147,681.7740217733245,255.05742718103767,242.34498667861524,236.96687500250107,413.9106470731693,1.8378167873218083
16.97,14.6265,0.0951,0.0029,265.78541183878843,323.56484919504686,671.076055275628,251.79356643917663,238.27122790382109,234.76782578080923,411.58047854883336,1.854976101170517
16.98,13.684,0.0937,0.0025,264.23493982422065,321.6773180468773,654.2539191979109,248.38965655270565,236.95417420810617,232.27879650049638,410.6464884834273,1.896910586895827
16.99,13.362,0.0908,0.0024,262.78791834828024,319.9157266848629,648.3672336223893,246.329463319972,233.98592157996504,230.9182188981903,408.9604306118833,1.90491819615179
17.0,13.0207,0.0879,0.0024,261.2817563646889,318.0821381830995,642.027928625112,244.17027927505103,230.97980876520845,229.47799341624918,407.2210133898712,1.9141289785298994
17.01,12.5824,0.0827,0.0024,258.7053375833127,314.94562836229375,633.7219412316239,240.78617700141743,225.46849274889894,227.23358573939856,403.9633013790078,1.921578139718692
17.02,11.5468,0.0794,0.0024,255.85253652103532,311.472653156043,613.3032239991815,235.92198380162398,221.95897916822622,223.7196637325539,401.6348637160548,1.970145744300783
17.03,11.19,0.0758,0.0025,253.84414304627566,309.0276524041617,606.0294617034482,233.22663629418608,217.9805121140598,221.89094086752218,399.18609112217695,1.9797680229825452
17.04,10.7788,0.0734,0.0027,252.16388935186185,306.982126167484,597.4597260075582,230.7382188277657,215.29140694016795,220.14523095211584,397.46882471390705,1.9973694765630896
17.05,10.3173,0.0708,0.0025,250.23976429792023,304.6397130583377,587.5893809105063,227.90936767084446,212.3306274621076,218.14410152484373,395.5402982986115,2.018401470632064
17.06,9.9217,0.0686,0.0025,248.54256904431531,302.5735623148187,578.9127373336905,225.43119891260412,209.78229078898835,216.38706245058404,393.8649378526391,2.037446086372324
17.07,9.6278,0.067,0.0025,247.26362728583902,301.0165897392823,572.3345880530809,223.56302328213928,207.9017569245187,215.06554905609238,392.62925941202735,2.052345898453345
17.08,9.6223,0.0632,0.0025,245.65986288953266,299.0641809089963,572.242853427364,221.93467603601962,203.35216498362837,214.04304858875568,389.7163887604068,2.038096471255832
17.09,9.6304,0.0588,0.0025,243.7364843704939,296.7226766249491,572.459980640052,220.03550202131433,197.96617680586414,212.82528196726395,386.13708852712915,2.01970926608608
17.1,9.6385,0.0565,0.0025,242.71202817549093,295.47551256146727,572.6770160828448,219.02488331337491,195.09562386999656,212.181797350121,384.1985659549745,2.009511213174132
17.11,10.2087,0.0543,0.0025,242.7877777239704,295.5677294030944,585.4226629846708,220.28856413041814,192.38416974575426,213.27573882156224,382.4391699604408,1.960622906893464
17.12,10.9999,0.0547,0.0027,244.34438102951282,297.4627247315808,602.3909782547099,223.48274110565004,192.9891900005411,215.74701446176533,383.07237640011925,1.9114462207648713
17.13,12.5979,0.0541,0.0029,246.12159479640687,299.6262893173649,634.4632667482487,228.76375849651993,192.47689943729097,219.83694363391479,382.9642367001846,1.8166225819349733
17.14,13.0052,0.054,0.0033,246.51336486243096,300.1032267890464,642.2603754965045,230.04478625917028,192.41872818224547,220.84845503362757,383.0188492143404,1.7947404711407533
17.15,13.1332,0.054,0.0035,246.66879240094434,300.29244292288877,644.7056168834646,230.45789279574618,192.43935732029536,221.1960116478464,383.1031384207873,1.78823524530885
17.16,13.1293,0.054,0.0033,246.6999168687914,300.33033357939826,644.6689694789584,230.4486349203773,192.43823336403875,221.22239829551913,383.1588000950671,1.788573202533636
17.17,13.0246,0.0541,0.0031,246.6897818003954,300.317995235264,642.7367203908997,230.16459202668165,192.5432622444343,221.03722055244083,383.28475090678893,1.7945652171922095
17.18,12.885,0.0551,0.0031,247.12030461091214,300.84210996111045,640.1333857230861,230.1939423654762,193.74734411056667,221.06602434296937,384.2244055399101,1.8062675263102401
17.19,12.8423,0.057,0.0027,248.1037233360274,302.0393153655986,639.3576189277301,230.9508144235483,196.05559535150562,221.6188487612118,385.968836075105,1.816621561650097
17.2,12.7919,0.0583,0.0027,248.75146244987144,302.8278673302783,638.434743009299,231.39082378732067,197.61961650189014,221.94423530698782,387.1477004402897,1.8247836070402832
17.21,12.7882,0.0622,0.0027,250.7203569263011,305.22478234506224,638.4009311671749,233.14303901164996,202.27039200151623,223.16704523183765,390.47699757482684,1.8407118103128912
17.22,12.7881,0.0642,0.0027,251.7173124785823,306.4384673652306,638.4357383529093,234.02480985111183,204.61914230432376,223.78991567922867,392.1444382724298,1.8485991937355333
17.23,12.8617,0.0665,0.0031,252.91848024103203,307.9007585542999,639.8750424984287,235.2617141546098,207.29467052138543,224.66648609550776,394.0175375100136,1.8535098927449896
17.24,12.9354,0.0727,0.0031,255.83658728048368,311.4532366892845,641.3099864110511,238.0886147370684,214.35393668742927,226.55770571840293,398.6853954343426,1.872184938107791
17.25,13.3737,0.0743,0.0032,257.07590701508525,312.9619737574951,649.5627586444087,240.1564510181127,216.1340175203219,228.09590646209423,399.972566734781,1.8550168073667002
17.26,13.9555,0.0764,0.0033,258.63559143034655,314.86072000216103,660.2533103964535,242.82695262317367,218.44150071820928,230.06748740381693,401.60982439447935,1.833091650715226
17.27,14.673,0.0763,0.0033,259.28641379325353,315.65302548743904,673.058183795862,244.96200947215488,218.31986298013004,231.7465906008965,401.74931665829007,1.7985261847688085
17.28,15.4914,0.0762,0.0035,259.9023851485561,316.4029036591118,687.1980824724329,247.2984008336692,218.2050425467782,233.5771209241783,401.90104773456324,1.7611779094151105
17.29,16.2827,0.0758,0.004,260.2438475940529,316.8185970710209,700.4421829557111,249.33919493250653,217.77261194115803,235.1938600372367,401.8330566483227,1.725928658262109
17.3,17.6674,0.0756,0.0044,260.40967739375867,317.02047682718444,722.6661551061962,253.39411123181262,218.10987033752852,237.96046511917163,401.99655421266016,1.6670155992514424
17.31,18.1057,0.0757,0.0044,260.6501167292401,317.31318558342275,729.5043304991815,254.51556367471917,218.1931727041861,238.86623923311546,402.1973560169287,1.65095692337253
17.32,18.2492,0.0758,0.0047,260.77970364060553,317.4709435624763,731.750207866113,254.91037337898058,218.29434580197048,239.2025425014118,402.34867185953004,1.646087346441734
17.33,18.1444,0.079,0.005,262.27311320106224,319.28900737520627,730.1847754625989,255.97731356252805,221.748455905651,239.86440667896318,404.55913213204815,1.6604306569370397
17.34,18.0669,0.082,0.0046,263.64073909188835,320.9539432422989,729.0323308341967,256.9997816346263,224.9519077505549,240.49788693203035,406.5705485686764,1.6728972751354918
17.35,17.8613,0.0865,0.0042,265.9835051858884,323.8060063132555,725.8923231377573,257.7050283263054,229.06966171911594,241.20754945514727,409.42916369154165,1.6974683027797521
17.36,17.2213,0.0866,0.003,265.77361292736083,323.55048530287405,715.8820149345695,256.0914771312183,229.19316575912728,240.00490896960915,409.4397926851242,1.722889866155212
17.37,16.9537,0.088,0.0019,266.2623546005518,324.14547516588914,711.6494262414586,255.91188961865288,230.6492947539124,239.82161399837858,410.3065161331953,1.7379866255294845
17.38,16.3952,0.0881,0.0019,266.0073680002751,323.83505669598713,702.641374349483,254.44380957152825,230.77592298238756,238.72827919833983,410.32513359372564,1.7613955789101796
17.39,15.825,0.0881,0.0017,265.6499017340984,323.3998803719459,693.2433265696238,252.8612827781439,230.80188131501345,237.55249858109391,410.27736846151896,1.7858342302901133
17.4,15.313,0.0881,0.0015,265.28329169853504,322.95357250256444,684.6267175360412,251.39885693227043,230.82663909724917,236.46790030712273,410.2371906434445,1.8085738982962893
17.41,14.898,0.0879,0.0014,264.8764010013291,322.4582273059659,677.517125447001,250.10974882766416,230.63909878661454,235.52737167861181,410.09223418560987,1.8270043098756719
17.42,14.5334,0.0877,0.0012,264.4862302501868,321.98323682631434,671.172266101849,248.94475957629223,230.4486758539699,234.68160828325543,409.9552024864906,1.8435916291212477
17.43,14.5041,0.088,0.0013,264.61322136807837,322.13783470896504,670.6935022256669,248.9679752090064,230.75922806031647,234.71737066921588,410.1906658899738,1.8460300909321776
17.44,14.4896,0.0882,0.0011,264.7148208967866,322.26152109174024,670.474693321193,248.99901281691348,230.9643185302356,234.76522043205858,410.36824637082594,1.8474655219116598
17.45,14.5581,0.0887,0.001,265.0178741784282,322.6304555215648,671.7215166876775,249.3914743865169,231.47591168810786,235.07242629224962,410.7438266733847,1.8458672294014953
17.46,14.6265,0.0898,0.001,265.5555798400564,323.28505371832955,672.9635248742055,250.00000748873651,232.6075733018118,235.5094169805904,411.4763803562614,1.846078427437153
17.47,15.2316,0.0894,0.001,265.9955163298008,323.82062857540967,683.504235794854,251.65561822746258,232.15198346113615,236.83812838760008,411.42062036631165,1.8171035009119398
17.48,15.7435,0.0909,0.0011,267.05338506247796,325.10846877171235,692.2290936545983,253.67989686326038,233.66162940350887,238.3349472237329,412.47211265958066,1.7989460606314933
17.49,16.2478,0.0923,0.0013,268.0256207638562,326.2920600603467,700.6571998468004,255.60680368914305,235.05785165458056,239.76155605583097,413.44874512058476,1.781491547299563
17.5,16.7869,0.0924,0.0017,268.4609135785529,326.8219817478036,709.4896158885267,257.1237661807765,235.12496812448666,240.95110739813836,413.6666599334798,1.7594714015203423
17.51,17.0894,0.0931,0.0017,268.9625177560661,327.4326303117327,714.3868631852183,258.1919818295227,235.8144061959781,241.761341321988,414.18730868048453,1.7493555984606624
17.52,17.3648,0.0963,0.0017,270.4390478410213,329.2301451977651,718.8034822303141,260.06851094885695,239.0117888823614,243.03774908747232,416.1202559195894,1.747609520986397
17.53,17.6208,0.1086,0.0017,275.3060202396998,335.15515507441717,722.8739768036785,264.945908580879,251.0308148355879,246.03152623401363,422.78059640489766,1.7707274433454403
17.54,17.7643,0.1145,0.0017,277.54765645750206,337.8841035134808,725.1580489866499,267.2411059296999,256.6226580416122,247.44223536934825,425.78524808427545,1.7801398461699978
17.55,17.8186,0.1174,0.0018,278.6316796460238,339.2037839168986,726.0452333042896,268.3059639403277,259.3326884771522,248.1047677036767,427.2432244301766,1.7852641041045054
17.56,17.7685,0.1216,0.0019,280.06467932940467,340.94830527057957,725.3059536089032,269.481915199784,263.2343486988822,248.76818314115008,429.2528993553858,1.7973847710109607
17.57,17.7631,0.122,0.0021,280.23369922667337,341.15406862377625,725.2632132384489,269.5928676409904,263.5978174420371,248.86449448105628,429.4970921870972,1.7986700861788643
17.58,17.7657,0.1224,0.0021,280.40803218015463,341.36630004540564,725.3446201402093,269.72466546772523,263.9597552575013,248.9767430166324,429.74222020089064,1.7996437206611064
17.59,17.7682,0.1233,0.0021,280.74815249263156,341.78035955624716,725.4244474486327,270.0084182916173,264.78084567225596,249.17261856192525,430.2140347631675,1.8017882283514106
17.6,18.1716,0.1243,0.0021,281.3987582211329,342.57240131268355,731.7132837831984,271.3789565903404,265.640292987503,250.1866111933172,430.7995257569368,1.788750637281504
17.61,18.9202,0.1255,0.0021,282.3016416718798,343.6715637744624,743.1263368856225,273.6715573670354,266.6375795855078,251.88578397149553,431.5288214385539,1.7637957705346432
17.62,19.9907,0.1317,0.0025,284.9662455085229,346.91542931472355,758.9587554410098,278.19291964305967,272.09678885343135,254.948414759831,434.48173805956105,1.7399451686673069
17.63,21.131,0.1362,0.0033,286.9764989847075,349.3626944161657,775.2588146933543,282.23940526587086,275.9507738801051,257.75147127207896,436.62542640654993,1.7116455500788312
17.64,22.2364,0.1396,0.0035,288.09339937484606,350.72239923894307,790.5517486519198,286.37287819194563,279.61330373909584,260.22391293750684,438.25540188628025,1.681275941399377
17.65,23.179,0.1458,0.0037,290.42425543673545,353.5599631403736,803.2343706454311,290.2179489718097,284.8459615373953,262.7715621782641,440.9367998514687,1.6658410831070545
17.66,23.7802,0.15,0.0031,291.960975932917,355.4307533096381,811.1737022977923,292.6932497166456,288.35050736034935,264.40632767488705,442.7150242516104,1.6569052084745612
17.67,24.1525,0.1515,0.0029,292.56237823500373,356.1628952426133,816.0468150091681,293.8957958853555,289.558005940227,265.2591498399114,443.4025273036621,1.6493866094396425
17.68,24.0672,0.152,0.0019,292.74176293350297,356.3812766146993,814.9878817148496,293.8681755185939,289.9999925269315,265.2382726470401,443.64437862771024,1.6529050585691047
17.69,23.8732,0.1569,0.0017,294.2626587182761,358.2328019179014,812.5171106167879,294.8507937423757,294.2125443106357,265.6696823669027,445.5150899396725,1.66803355628016
17.7,23.6095,0.1596,0.0016,295.0497945003928,359.19105417439124,809.1219733868961,295.0503038235391,296.5473977138097,265.66272215597667,446.53150852806664,1.6808653279594825
17.71,23.2216,0.1624,0.0015,295.79814353312884,360.1020877794612,804.0625287269775,294.99482597734425,298.98203764331294,265.4542550862827,447.5513139163725,1.6975480058885408
17.72,22.7058,0.1635,0.0015,296.41069034757925,360.84779694487906,797.2372885133117,293.4673498218031,299.00549299682325,264.7868485210993,447.93376106244455,1.7179042701389746
17.73,22.1356,0.164,0.0011,296.3654959392516,360.7927776651759,789.5724010708986,292.3027138125614,299.4841752105346,263.92713162634544,448.09122726071683,1.736511176362904
17.74,21.5499,0.1641,0.0011,296.16108145276814,360.54392524684823,781.5692392447031,290.9669279733536,299.63518156791486,262.96446042203587,448.10174029153745,1.7553338825639986
17.75,20.9487,0.1641,0.0009,295.88145642262185,360.2035121666701,773.2097957874585,289.5352261077771,299.70694920229,261.9362452202538,448.0718060580125,1.775003069715067
17.76,20.2893,0.164,0.0008,295.4947364066159,359.7327225819672,763.8629868329047,287.89784376680643,299.70564868231367,260.76029449903046,447.9941069264841,1.7970457414668337
17.77,19.0055,0.1638,0.0007,294.5468794635045,358.5788097816577,745.0672276846597,284.57544986241686,299.71515203336577,258.33163971372153,447.7702011190583,1.8420065281582065
17.78,19.0055,0.1608,0.0007,293.7652909682522,357.6273107439592,745.1087262566127,283.80545938119815,297.211003387364,257.9759451031199,446.7590743351774,1.836507282977494
17.79,17.7876,0.1569,0.0007,291.6715002955162,355.0783481858458,726.5355024026541,279.5274491028037,294.11539949747157,255.0470707499928,445.1804881621002,1.8750391095901258
17.8,17.7425,0.1536,0.0007,290.75730030746087,353.96540906995233,725.8716505616046,278.54067220070425,291.32295075611904,254.54418946674394,444.00676139149823,1.8705087724884906
17.81,17.7708,0.1483,0.0007,289.3253393413882,352.22215224169,726.3540928049736,277.20729596217706,286.78564755182055,253.90129336197663,442.0525582985411,1.8589844286166548
17.82,17.7991,0.1472,0.0009,289.07368413997796,351.9157893877993,726.8367216465211,276.98851339274233,285.8259542758207,253.8422040341887,441.6928450920397,1.855788668330901
17.83,17.8574,0.146,0.0013,288.8166115634505,351.60283146854846,727.7868304270621,276.8227242237699,284.7736503714231,253.82886516402638,441.2963865679062,1.8512105785886857
17.84,18.35,0.1416,0.0013,287.9546501299646,350.55348711473954,735.4322215843866,276.93371957509333,280.8814157666678,254.21866586779453,439.695258427207,1.823395954320375
17.85,18.9435,0.1405,0.0017,288.0857874502349,350.713132548112,744.4716595679436,278.17818353974116,279.83779392016424,255.26111105117175,439.4154805369642,1.7991882387700453
17.86,19.63,0.1404,0.0021,288.5251527493861,351.2480120427309,754.7072861675239,279.8955628407143,279.6595179691281,256.59775978326564,439.55284730395,1.774486290965551
17.87,20.2156,0.1404,0.0023,288.88439100244665,351.68534556819594,763.272409751249,281.3454642060739,279.5841469078224,257.726332738984,439.71073884019387,1.7542949539123045
17.88,21.4374,0.1407,0.0023,289.55823938075616,352.5056827243988,780.6185452858657,284.34507135288004,279.70412944607733,259.99990313746633,440.08609103509275,1.7145145682606469
17.89,21.9068,0.141,0.0024,289.85973411845873,352.87271979638456,787.1479806283099,285.5166381314185,279.90933781719633,260.8987821604655,440.34081348461933,1.7003151504849545
17.9,22.3877,0.1435,0.0024,290.42681156810374,353.56307495247415,793.7482892837303,287.98104679584145,282.8970682628673,262.13863782449766,441.48137808110073,1.6878845388736987
17.91,22.7329,0.1449,0.0025,291.0268184357232,354.29351809566305,798.4457824259908,289.14129860702667,284.0431856716865,262.96949299332374,442.1514713598687,1.6804060914665506
17.92,22.7756,0.1465,0.0025,291.5914974861337,354.9809534613801,799.062497991201,289.7002976179684,285.4185702675972,263.32128538525194,442.85182493118896,1.6824857234905648
17.93,22.729,0.1548,0.0026,294.6532070078396,358.7082520095439,798.4819298250845,291.25431366055926,291.58452472495713,264.49148818226905,446.09205397031593,1.7032467356803513
17.94,22.6204,0.1587,0.0026,295.84151830287743,360.15489184698123,797.0664033595048,292.0664527632887,294.85319068943636,264.8966013321544,447.5845995567601,1.7142025318302396
17.95,22.6241,0.1617,0.0027,296.7784172392749,361.2954644652043,797.1604358972312,292.87667906762016,297.3369594874454,265.35601802109227,448.7393890161501,1.7199031717640352
17.96,22.6278,0.1626,0.0027,297.08627184959494,361.6702439908113,797.2541910846535,293.12573294015846,298.07269404325666,265.5256520803888,449.1271209329053,1.721607190432842
17.97,22.6718,0.1671,0.0029,298.4568856197323,363.33881727619587,797.8905041915843,294.4047216022869,301.7599848379544,266.24362519676004,450.7938202182941,1.7287308945191033
17.98,22.9618,0.175,0.0029,300.8599217303278,366.26425254126866,801.8179557593627,297.0842131478555,308.1318382975081,267.7974073031384,453.61555284063735,1.7342936385108139
17.99,23.3884,0.1804,0.0031,302.571889381923,368.34838707364537,807.5209740350566,299.39798445647057,312.3997024659373,269.22797986492833,455.5373518918173,1.7311273823203075
18.0,23.7763,0.1805,0.0033,302.78967007926263,368.6135114008415,812.6561325757021,300.2901368741421,312.4268865751098,269.9205577786231,455.68969090494846,1.720063797127411
18.01,23.9237,0.1834,0.004,303.6833041945114,369.70141380201386,814.6234523462621,301.3356404511554,314.703924382159,270.5602937391439,456.71993437884237,1.720883973419963
18.02,24.0904,0.1839,0.0044,303.9218389340682,369.9918039197352,816.8329447393218,301.82863451348595,315.07175178160475,270.93397877046374,456.9692605729327,1.7170622066460075
18.03,24.234,0.1845,0.0044,304.1778865714431,370.3035140869742,818.7344068981375,302.2935770963079,315.5208421966754,271.2811068306937,457.247087861661,1.7141010490104243
18.04,24.3542,0.1855,0.0043,304.53414726316345,370.73722275515547,820.3280313642989,302.8039733629942,316.2874020468007,271.63814818040396,457.6494594654382,1.7125001141332274
18.05,24.3348,0.1859,0.0042,304.6780618441143,370.912423114574,820.123107086715,302.86215921781337,316.5944370415587,271.6973960762553,457.8391165046852,1.7138503955330595
18.06,23.9043,0.1854,0.004,304.42747885553354,370.6073655632582,814.5946009608107,301.7955372871218,316.23462883907746,270.98110685457965,457.6825270115871,1.725464272902285
18.07,23.1673,0.1849,0.0033,304.02946039465763,370.122821350018,804.9503817436276,300.02103918055366,315.9072377914415,269.7428947856528,457.4799285256425,1.7463921932340718
18.08,23.1673,0.184,0.0031,303.828564151078,369.878252010008,804.9939671465614,299.80414276956594,315.18575628854796,269.67514792412356,457.25383051187663,1.7449968771860631
18.09,22.3179,0.1808,0.0031,302.6038914615223,368.3873461270707,793.6330033781646,297.0653245572945,312.72962308619685,267.87938493205564,456.1498567831646,1.7654868675321085
18.1,21.7555,0.1756,0.0027,300.9405035174747,366.36235210823014,785.9751721513575,294.45709028889195,308.62489373172104,266.2918943834473,454.40032410335533,1.7742233187407865
18.11,21.0728,0.1689,0.0027,298.75418747052805,363.7007499641211,776.5031382288679,291.13516750157464,303.2711673775319,264.2581659131338,452.0646234215987,1.784434384221919
18.12,20.2312,0.1517,0.0023,293.36128976668977,357.135483194231,764.5481903584831,284.57411670595303,289.0817546570663,260.42023149064954,445.7244563978723,1.7801652776200538
18.13,19.3158,0.1466,0.0019,291.3055607838928,354.63285660647824,751.1842730039913,280.880480368042,284.82873966967253,257.99599299969407,443.65723677391674,1.8021421390401013
18.14,18.381,0.1438,0.0017,289.83162238339105,352.83849681456303,737.1236886047634,277.6669410697453,282.5121603663512,255.78915698361746,442.44569597150866,1.8309308127515864
18.15,17.5665,0.1422,0.0011,288.7145146125873,351.4785395283672,724.509149115029,275.01308671071223,281.2077448091517,253.92816077200138,441.71603074603195,1.8592031607114108
18.16,16.8722,0.1396,0.0009,287.33082988123664,349.794053768462,713.4722682887729,272.34328769439827,279.01246501156646,252.11009981014575,440.5875685033498,1.8818816188031873
18.17,16.2361,0.1396,0.0008,286.7027515183797,349.029436631071,703.1128892036477,270.494887358155,279.07512918145136,250.7571642356797,440.5236420384026,1.9087389797253551
18.18,15.7048,0.1392,0.0008,286.01140597275474,348.1877985755275,694.2711721058142,268.7936965897587,278.777191062332,249.5373995276684,440.3122286898686,1.9311789192448392
18.19,14.9794,0.1389,0.0008,285.0350720413361,346.9992181372787,681.8790393480778,266.4638153883379,278.5915531195441,247.83737236773578,440.0959570348464,1.9636175220679783
18.2,14.642,0.1356,0.0009,283.66986059294663,345.3372215914133,676.007806183066,264.4856464782361,275.71414600136524,246.570820906423,438.7094800845698,1.9725276258417765
18.21,14.2813,0.13,0.0009,281.57531805008546,342.7873437131475,669.6336985558673,261.7581885836286,270.74985118341493,244.8656358684639,436.29083376293903,1.9776671549594993
18.22,13.9632,0.1175,0.0011,277.3689468448799,337.66654398507114,663.9331884715313,257.084892387542,259.3222728819251,242.0701546116232,430.5824306555136,1.9642184967505556
18.23,13.5637,0.105,0.0012,272.760345310589,332.0560725520214,656.6477859274875,251.88851099659843,247.43532294776566,238.8568419631579,424.2999591526278,1.9527133267008179
18.24,13.2961,0.1004,0.0013,270.8351558920578,329.7123636946791,651.7042676505448,249.49791738485484,242.929954076946,237.3246889314989,421.8324454803156,1.9542534285314836
18.25,13.075,0.0957,0.0015,268.8893979236199,327.3436148635373,647.5789465035906,247.18129015118214,238.24097173173715,235.84799894177047,419.21757524605414,1.952848671179009
18.26,12.9082,0.0951,0.0015,268.46692793276327,326.8293035703205,644.4456309071434,246.4077929321475,237.6348798382488,235.3253317531169,418.8932134064083,1.9602093748164096
18.27,12.6677,0.0927,0.0013,267.2737484665588,325.3767372636368,639.8663200741398,244.7562229310903,235.19959972498188,234.22715100688262,417.5033233329928,1.9664690144359134
18.28,11.8726,0.0896,0.0009,264.8917211324659,322.4768779003933,624.2490557840055,240.84219220970004,232.02454896164136,231.43197919777197,415.51950247194907,2.0025606716700786
18.29,11.2021,0.087,0.0015,262.75650207587853,319.87748078802605,610.5751403524397,237.41586760463983,229.31653934465498,228.97731115709587,413.8111054323547,2.035315815849521
18.3,11.1869,0.084,0.0002,261.65055297937846,318.5311079748956,610.2864119617908,236.28874026801986,226.1404208180167,228.30141937304364,411.98048116632367,2.0269848927268104
18.31,11.1894,0.0786,0.0002,259.61051499294416,316.0475834696712,610.3715171263816,234.31571617973134,220.32567660017108,227.08760664473076,408.49430650382874,2.0093187386927696
18.32,11.1919,0.0756,-0.0001,258.44708293294485,314.63123139662855,610.4554168418302,233.18710043452333,217.03232400294533,226.39694529038934,406.4897704923402,1.9991098838653976
18.33,11.2831,0.0757,-0.0002,258.6836691147339,314.9192493570674,612.3835846478964,233.57072199330014,217.14219382094925,226.7209440238516,406.64018456855564,1.9939484111321937
18.34,11.6515,0.0759,-0.0003,259.4234387807146,315.81983851565263,619.9789399375763,235.02024253596608,217.37809102078015,227.85674518048035,406.93256201959895,1.9724157078812459
18.35,12.0782,0.0764,-0.0002,260.33376563351453,316.9280625103655,628.5902608454808,236.75909731339962,217.94600212963917,229.19952752985418,407.4446632825866,1.9492547942142258
18.36,12.3924,0.0774,-0.0003,261.24346545607,318.0355231639113,634.8211037641292,238.25373925910563,219.04889762295605,230.33201548385517,408.26788378023315,1.934938730146449
18.37,12.7531,0.0825,-0.0003,263.86012814288097,321.2210255652464,641.8516168650917,241.42080018023134,224.53343960818577,232.54902144811226,411.81289544783795,1.9318983442176187
18.38,13.4668,0.0834,-0.0003,265.1796781443016,322.82743426262806,655.3780020129811,244.15127745633671,225.50089656384742,234.62632123983212,412.6171850622002,1.8970773797580278
18.39,13.8585,0.0856,-0.0002,266.5591044619601,324.506735866734,662.6315146236643,246.23232518043707,227.8104454778238,236.1424162886321,414.1610207896962,1.884214295857325
18.4,14.0486,0.0916,-0.0002,269.1617933508634,327.67522668800757,666.1249368349664,248.9859125952861,233.98216077868275,237.97627423728943,417.9242394159042,1.8930522629756164
18.41,14.0136,0.1007,0.0,272.51324684289335,331.75525702613106,665.5269847280572,251.96658962497486,243.07770140013983,239.80452927212153,423.1522582967075,1.9208435175535652
18.42,13.7964,0.1025,0.0009,272.9047389005218,332.2318560528092,661.6062641188091,251.84920150316194,244.8445389872612,239.65400534900655,424.1372341873233,1.936776139253337
18.43,13.5249,0.1059,0.0009,273.73540585983403,333.2431027858849,656.6374829020851,252.04195717763176,248.15713574366038,239.6533675229592,425.9361804744003,1.9598963465357988
18.44,13.5242,0.1106,0.0019,275.3305268507653,335.18498920962736,656.6632876639542,253.51312686392217,252.6605935436708,240.55317952105148,428.40611334004376,1.9723093894640846
18.45,13.5265,0.1141,0.0007,276.49795301397234,336.60620366918374,656.7369641993353,254.59044187209892,255.9659027108302,241.2182849921194,430.20429623185294,1.9812034531924505
18.46,13.5288,0.116,0.0001,277.1388881310896,337.38647250741343,656.8127382359337,255.1694472658666,257.73987577785675,241.59146291563405,431.1885619760223,1.9859543483221331
18.47,13.6025,0.118,-0.0001,277.91230217179475,338.3280200352284,658.2118546402278,256.0139435410255,259.59017744088567,242.16028793002826,432.2244392534175,1.9872064120934634
18.48,13.6452,0.1183,-0.0002,278.10710968997284,338.56517701388003,659.0353478860425,256.24601403304615,259.85594918324495,242.35713506907422,432.4363780057951,1.9858910616448577
18.49,13.6529,0.1181,-0.0002,278.09371676398615,338.54887258224403,659.2126916110585,256.2118163445728,259.6599081293982,242.37923630227556,432.40224981826873,1.9851550320375269
18.5,13.4551,0.1179,-0.0002,277.76604804721984,338.14997153574586,655.5830132500391,255.4807603249007,259.47897952082707,241.87274155152747,432.3194358732771,1.9950149559688664
18.51,13.1409,0.1174,-0.0004,277.14731633306167,337.3967329272055,649.7262606649695,254.24878704004138,259.0270861839106,241.0023488837794,432.0641748936441,2.010469127311316
18.52,12.6755,0.1177,-0.0006,276.48242426645487,336.58729910698855,640.8715396935361,252.69077552847315,259.3320316105936,239.84100584954064,432.15128215273484,2.0365960020744804
18.53,12.276,0.1171,-0.0006,275.60648565784413,335.5209390617233,633.1129636702586,251.0598435693832,258.7930551915606,238.6720715377938,431.82089556442025,2.057717932320174
18.54,11.9618,0.1164,-0.0006,274.8244286431043,334.5688696524748,626.9067002479625,249.68200702694418,258.15217701371006,237.69996980438415,431.4605560740007,2.0743300719629567
18.55,11.9395,0.1108,-0.0006,273.1132228686809,332.485662622742,626.4934303450092,247.92933840863392,252.8477635905307,236.7010777361702,428.7564159533156,2.0616867077032004
18.56,11.9546,0.108,-0.0006,272.30053237354934,331.49630028084266,626.8294294716719,247.13008931651967,250.1521330448822,236.27714688634836,427.3944023788497,2.053685729876509
18.57,11.9696,0.1068,-0.0005,271.98312484516686,331.10989111585536,627.1635872764875,246.8140924417958,248.98333910946246,236.1361151204384,426.83617481063226,2.04979581516493
18.58,12.117,0.1063,-0.0002,272.1330630604846,331.2924245953725,630.1374461579561,247.20437433215608,248.48256632801088,236.49593853934718,426.6726136021696,2.04003750134067
18.59,12.5436,0.1062,-0.0004,272.89070709505256,332.21477385484667,638.5549645856381,248.72325603079946,248.35687569035636,237.69422186484604,426.78775686419954,2.0156839104057163
18.6,12.9897,0.1062,-0.0004,273.657103025169,333.147777595858,647.1709690838783,250.2980964191815,248.3293474109369,238.9290904434083,426.95622602139156,1.9913738440315942
18.61,13.5366,0.107,-0.0004,274.782120853698,334.51736451754545,657.482166348875,252.42125098010138,249.07059500519134,240.53791939999732,427.5615570000989,1.9647957355070147
18.62,14.0331,0.1077,-0.0004,275.7371551582707,335.6800149752861,666.6273453717778,254.28820632753812,249.71599777390338,241.95588946862628,428.0964158596497,1.9416109659758227
18.63,14.4791,0.1078,-0.001,276.3721733635048,336.4530806164407,674.6764121491482,255.7582782386828,249.78861497549138,243.10345972894726,428.30538448521094,1.9201813672596304
18.64,14.8553,0.1078,-0.0013,276.85021690430307,337.0350466661081,681.3549944939659,256.94368837881115,249.76932623990353,244.03946713870064,428.4448546581717,1.9024329978109225
18.65,15.0997,0.1077,-0.0014,277.12265264500985,337.3667075678381,685.65166081461,257.66902365513823,249.65955247371497,244.63121974924798,428.5030405768534,1.8909360007144966
18.66,15.3634,0.1074,-0.0014,277.3319708583671,337.6215297406208,690.238048103399,258.3790139755159,249.35915649934094,245.2216389792448,428.46067047026276,1.8782269967887375
18.67,15.2277,0.107,-0.0014,277.0879388907947,337.3244473453153,687.9391873606477,257.83890122044556,248.97339343637606,244.86918620353356,428.28281927391606,1.883501910779438
18.68,15.0337,0.1065,-0.001,276.7428232295263,336.9043065402929,684.6155069049864,257.0842039640073,248.49234787595486,244.35886401555044,428.03949254718776,1.891262547534719
18.69,14.8592,0.1061,-0.0012,276.44753674524713,336.54482734204004,681.6043934427163,256.41541576219134,248.10558390775932,243.90849548119607,427.85112151729106,1.898490519275626
18.7,14.673,0.1059,-0.001,276.20293057080465,336.2470459122839,678.3654952221873,255.7687111950178,247.91038008331583,243.464070324662,427.7641620158472,1.906895144030561
18.71,14.5179,0.1023,-0.0008,274.79022211167626,334.5272269185624,675.6537198685662,254.11518090599102,244.4252165410442,242.43100442121633,425.8693101051605,1.9048104112889919
18.72,14.4064,0.0983,-0.0009,273.2511483955748,332.6535719598302,673.702022055083,252.43971804007944,240.49980984357387,241.39750511014083,423.69993934722237,1.8993107616255671
18.73,14.4249,0.0979,-0.0009,273.16150115739424,332.5444361916104,674.068014040573,252.36489714033357,240.09855092233337,241.3962578523929,423.5366506035394,1.8974347193799688
18.74,14.4435,0.0975,-0.001,273.07124004129776,332.43455309375383,674.4352068989048,252.28994214172067,239.69691031264762,241.3948404896454,423.372491986647,1.8955524534892696
18.75,14.5256,0.0976,-0.001,273.2363669896512,332.63557720479275,675.9328087779004,252.58348124699444,239.7901128283372,241.64834167268705,423.50383337731023,1.892021187660084
18.76,14.929,0.0957,-0.001,272.98720061008834,332.3322442209771,683.0791443783875,253.19639694832856,237.90542457781444,242.2437969858442,422.5655049482878,1.8677011894070172
18.77,15.3518,0.0939,-0.001,272.7353583300155,332.02565361914935,690.4418636054406,253.86245754105272,236.11508253795293,242.87290906829796,421.6676875292283,1.843245929827287
18.78,15.8017,0.0933,-0.001,272.9225930703467,332.25359156390033,698.1392852194122,254.9885515597407,235.52243667683317,243.7915911431746,421.4632978210906,1.821567908170318
18.79,16.1469,0.0933,-0.001,273.22901791021303,332.62663049938976,703.963608543862,255.99202377009573,235.5277377311332,244.58762654971892,421.58747920473746,1.8066886473208572
18.8,16.4727,0.0934,-0.001,273.541232983553,333.0067184147602,709.3935171084565,256.95845697774945,235.63285392210778,245.35031814732866,421.76529860715846,1.7932389053773319
18.81,16.6318,0.0935,-0.001,273.7266081399448,333.2323925181937,712.0405759603207,257.44403393629796,235.73312323998718,245.7483012546769,421.9107398224894,1.7869866866464121
18.82,16.8994,0.095,-0.0012,274.54000835508776,334.2226188670634,716.4325141982506,258.7173524049749,237.22476310056416,246.67583188439426,422.8913823741108,1.7803317194993196
18.83,17.0274,0.0962,-0.0012,275.1362040616776,334.94842233595534,718.538392101877,259.49023614705965,238.40772394678615,247.23793277763386,423.6626159092343,1.7786201519137113
18.84,17.1127,0.0964,-0.0014,275.3055836007182,335.1546235139178,719.9485536413747,259.7965278622196,238.60231005493984,247.49508340092927,423.8496162619003,1.7758463548451826
18.85,16.9343,0.0963,-0.0015,275.1896338892323,335.01346734341325,717.109496077567,259.2709481751403,238.49516007221555,247.13704258361045,423.816463352905,1.7829736317017746
18.86,16.7287,0.0963,-0.0015,275.0898354069694,334.8919735389193,713.808492671325,258.69919681920067,238.48548552299644,246.73908506854326,423.83502199336954,1.79158991647422
18.87,16.3913,0.0959,-0.0015,274.73049188581103,334.45451186098734,708.3113553086381,257.6088073188287,238.07780173607762,245.96747626707776,423.59868597698375,1.8047516838593174
18.88,15.8328,0.0951,-0.0015,274.01863074388365,333.58789829690187,699.0296774981078,255.71894081876914,237.266243186993,244.608571643798,423.0858037629776,1.826718448342718
18.89,15.1734,0.0928,-0.0014,272.5778050113496,331.83384957903434,687.7982684967305,252.95623927849556,234.94802455679422,242.65694628416153,421.66513298928896,1.8498283619693252
18.9,14.5528,0.0922,-0.0016,271.76486598836146,330.84418468148357,676.9478161895523,250.83293255050214,234.31776133625982,241.1077530633763,421.2359379617963,1.8772995419722616
18.91,14.0059,0.0921,-0.0017,271.15254110486734,330.09874569288195,667.148936075935,249.05370666756716,234.19114989767317,239.79515519283976,421.1135014468088,1.9038541584303617
18.92,13.5521,0.092,-0.0018,270.5916988431802,329.41598120039333,658.8413948375799,247.5274801305101,234.06749070535156,238.67406914917214,421.0077283870758,1.9266922000444917
18.93,13.1487,0.0929,-0.0018,270.4224577848508,329.20994860764444,651.3136557482053,246.47357581018576,234.95539057017,237.8647699068487,421.5029673806465,1.9505965218278718
18.94,13.1491,0.0937,-0.0018,270.7541588086911,329.61375854971095,651.355279392846,246.74690535059094,235.75399745910156,238.07010860974373,422.02955546352365,1.9530541686171266
18.95,13.1495,0.0937,-0.0018,270.7903694018843,329.6578410109896,651.3968874901002,246.74800991263604,235.74720153194545,238.10608872826197,422.0860139564483,1.9531746578249527
18.96,13.1565,0.0939,-0.0018,270.90946703650235,329.802829435742,651.5633627353096,246.83952175263346,235.9414963926428,238.2014150084276,422.26104620945034,1.9535260818836035
18.97,13.7034,0.094,-0.0018,271.71430571393745,330.7826330430543,661.8145356998989,248.71568256163056,236.0530571263449,239.6588290529134,422.50313984482375,1.9254826594587438
18.98,14.4093,0.094,-0.0016,272.58750513975724,331.84565843100887,674.672111322593,251.00578574860162,236.07162888303063,241.43395898873754,422.7165722952487,1.8905469813160372
18.99,15.3673,0.094,-0.0012,273.58452299464466,333.0594192978283,691.5046963828654,253.9695353001083,236.10223806841634,243.7178987214019,422.9743332216174,1.8458066310058878
19.0,16.2555,0.0952,-0.001,274.8257832829374,334.5705187792281,706.545519462528,256.9996634336241,237.32141715403853,245.99271095886814,423.9050810698979,1.8102601456729828
19.01,18.2298,0.0964,-0.0008,276.52449822613335,336.6385195796406,738.2099353273774,262.8354838900883,238.57099760759243,250.38357699113587,425.01282122838563,1.7341336072719629
19.02,19.0521,0.0977,-0.0012,277.4263029816603,337.7363688472386,750.795009598529,265.4056979366338,239.86418112880193,252.29658090108356,425.94927707090875,1.707276137520427
19.03,19.6222,0.098,-0.0014,277.7711911422805,338.1562326949502,759.3380523084146,266.9375212291523,240.17232972032767,253.47156071295964,426.2687462776256,1.687791142859316
19.04,19.7812,0.0981,-0.0016,277.89422228147066,338.3060097339643,761.7217146388673,267.36682770243306,240.2718891820725,253.82485125696238,426.407399750079,1.6825999019280264
19.05,19.5912,0.0974,-0.0016,277.5874686997657,337.9325705910191,758.9579204394853,266.6588203352406,239.58373894033446,253.35869323267576,426.03678766717707,1.6874828877488908
19.06,19.2227,0.0966,-0.0018,277.1786633939274,337.43489456652037,753.511116260847,265.46503749644364,238.78855356582312,252.53080408075252,425.5769532465496,1.69855156536788
19.07,18.7844,0.0917,-0.002,275.0065028190008,334.7905251709575,746.9392718489963,262.6264441781092,233.95250508898445,250.64485007311174,422.6906046016114,1.7007490003351529
19.08,18.3229,0.0892,-0.0026,273.8018274448061,333.3239638458509,739.9117547014496,260.53981942669867,231.43180364319264,249.21263625595563,421.15277957425906,1.710798743542428
19.09,17.8109,0.0878,-0.0026,273.021810000609,332.37437739204574,731.9822304902949,258.6883059149466,229.98762106103737,247.90807924963184,420.2551244294216,1.7263962829729922
19.1,17.2911,0.0858,-0.0027,271.9456262461643,331.0642406475044,723.78399503084,256.5604518226868,227.9206918515678,246.4171904596445,418.96180518784524,1.7410065785600097
19.11,16.4999,0.082,-0.0026,269.8846290926392,328.5552006345173,710.9860087634053,252.95805763594893,223.9498074967316,243.87773489854195,416.4126092414825,1.7618013354085118
19.12,14.9523,0.0763,-0.0026,266.29910591894003,324.19021590131837,684.7682708232475,246.2537316355157,217.78793475318614,239.04460404078125,412.2847018000499,1.811688140027625
19.13,14.2115,0.0699,-0.0024,262.7608450615737,319.88276790104624,671.6395473578128,241.4187578661584,210.74206327833838,235.6168462665979,407.5165125988239,1.8249072721151534
19.14,13.5754,0.0699,-0.0018,262.17797200553537,319.1731833110865,660.0288677682736,239.37693936346184,210.63383536974885,234.10229189769217,407.4323106329176,1.8567977314674604
19.15,13.1099,0.0647,-0.0012,259.2582901505094,315.6187880093159,651.3255859591701,235.68741604320374,204.71625733155867,231.4728768286475,403.3074534633626,1.8619265181603533
19.16,12.691,0.0621,-0.0012,257.55127966076634,313.5406882826721,643.3287189013732,233.15796778223753,201.6438990354889,229.64329925630184,401.1193338579329,1.8745390387333578
19.17,12.3613,0.0581,0.0,255.19068062846932,310.66691554770176,636.9296193156765,230.26388962164648,196.88580105075147,227.5467445143165,397.6374882767916,1.8768379102950883
19.18,12.1325,0.0548,0.0,253.23375584810526,308.2845723368238,632.432789557491,227.9649939123073,192.87725368555394,225.8693822906153,394.6236932152483,1.8760499122103664
19.19,12.0481,0.0536,0.0005,252.5259540072912,307.42290053061544,630.7829911480194,227.11162866665615,191.3958989748616,225.2607971630066,393.52102798350904,1.8758251147208096
19.2,12.0531,0.0425,0.0013,246.19928087031803,299.72086366821327,630.9185548585784,221.66407903889595,177.45431041563347,221.00905478839326,381.87889568087365,1.8238901005753652
19.21,12.0581,0.0437,0.0019,246.97122172672965,300.6606177542796,631.0533270518569,222.3070923709783,179.00848849102243,221.5657098598842,383.31536603390515,1.8296957798819462
19.22,12.0704,0.0402,-0.0063,244.83913957009682,298.0650394766396,631.3005379702722,220.50674972287396,174.45324753670357,220.0999507452822,379.23070079248896,1.811556246928366
19.23,12.1402,0.0395,-0.0084,244.4960477218096,297.64736244394214,632.7173760865032,220.37804080900963,173.56586587253665,219.9936493973239,378.4316122368548,1.8041590618990544
19.24,12.245,0.039,-0.01,244.31186855301274,297.42314432540684,634.8252137547437,220.47777685600855,172.96041180330022,220.06514377987736,377.87915148647653,1.7958618916482754
19.25,12.4738,0.0386,-0.0125,244.30660430058023,297.4167356702716,639.3548106557372,221.05927518843492,172.55526701609895,220.49570641259297,377.47437231863455,1.7813792471886016
19.26,12.7143,0.0377,-0.014,243.96368071250535,296.99926347609346,644.0644520715836,221.39529271507587,171.49831893862066,220.70222685466607,376.421078469562,1.7638768489130159
19.27,12.7919,0.0346,-0.0131,241.94984865502585,294.54764184090106,645.6000418836186,219.92802502703813,167.40832756578087,219.35973050954973,372.31114895229086,1.743183612217669
19.28,12.8694,0.0335,-0.0267,241.27091735641662,293.7211167817246,647.0752805923717,219.55614173581222,165.97439041185078,218.99423959960203,370.8159362781357,1.7333080695593124
19.29,13.106,0.0335,-0.0267,241.48899598759115,293.9866038109805,651.6293198938873,220.35803346065862,166.1315625770856,219.6011473488657,370.9145869281923,1.7212632331776245
19.3,12.8345,0.0336,-0.0267,241.375965239274,293.8490011608553,646.4704812818741,219.50063455574016,166.08807933200552,219.0259054402199,371.0495121405403,1.7359324393890272
19.31,12.3536,0.0337,-0.0265,241.05531003457753,293.45863830296395,637.1376911471061,217.89837324705678,165.90686875303945,217.90984207308452,371.1366385509187,1.7621987903301886
19.32,11.8144,0.0342,-0.0251,240.89343363432187,293.2615713809136,626.4008446889688,216.26560594372265,166.23670593679785,216.80997049072553,371.77381450888134,1.7951397235880846
19.33,11.2792,0.0366,-0.0251,241.92688502187667,294.519686113589,615.432540771769,215.652655539245,169.18355774471448,216.61437968413054,374.9866572636481,1.8400512432763443
19.34,10.8021,0.0367,-0.0228,241.39074527490695,293.8669942477128,605.3912334898876,213.8882767416256,169.03193538119402,215.3501530661265,375.04880949943225,1.8701153104901824
19.35,10.2591,0.0367,-0.0189,240.61001462918824,292.916539548577,593.6225994419544,211.73793148795488,168.7008437148156,213.78742171889758,374.95473088292283,1.9054031750035496
19.36,9.9178,0.0366,-0.0185,240.01144477590208,292.18784581414167,586.0286341174266,210.28216577705504,168.35054099603727,212.73074012153344,374.7769084560887,1.9281251302750964
19.37,9.9077,0.0366,-0.0183,240.02503918962807,292.2043955351994,585.8313132925748,210.24109125311037,168.34305857092218,212.73006743028742,374.82304944205123,1.928957648568346
19.38,9.9246,0.0365,-0.0181,240.0206116755182,292.19900551802215,586.2437825552413,210.25635959574043,168.21297983999995,212.76449322436645,374.7434136364591,1.9273563688406317
19.39,9.9415,0.0365,-0.0173,240.0807340936581,292.272198027062,586.6584442351649,210.3280790980114,168.2223932557306,212.8471491732221,374.7970445983575,1.9263172429894797
19.4,10.0574,0.0324,-0.017,237.56217260649052,289.2061231731189,589.2939483497505,208.4459873661929,162.5020378575059,211.1348304881105,369.1159726976967,1.89449479944267
19.41,10.3599,0.0302,-0.0166,236.50353139507712,287.91734256792,596.0369594118288,208.35986000137385,159.5575555333352,210.83402468444265,365.8851215807661,1.861053748083395
19.42,10.6741,0.0295,-0.0162,236.4710646794452,287.877817870629,602.9131044750059,209.18830684656433,158.793988201034,211.3615754903927,364.8995459224967,1.8367080964111433
19.43,11.0077,0.0294,-0.0166,236.86622728695102,288.35888539280995,610.0742761202835,210.43072322926616,158.91830669743618,212.27086919314775,364.8690968170183,1.815581695099783
19.44,11.2675,0.029,-0.0164,236.9181699890506,288.4221199866703,615.568696953715,211.18167842767733,158.55527578395197,212.77352418263274,364.3302007192278,1.7976290587601804
19.45,11.5934,0.0278,-0.0168,236.4159317168271,287.81069948135473,622.3421890176048,211.66773855664147,157.10983171194968,212.93132156749175,362.45775750714586,1.7713140344973022
19.46,11.5934,0.0273,-0.0169,236.06485796437897,287.38330534793965,622.3734689983263,211.35911046451525,156.39450438228798,212.64118764467665,361.65060593860784,1.7683077311022581
19.47,11.7175,0.0271,-0.017,236.07451254776393,287.39505875379956,624.9421242372144,211.6975038675723,156.2172240606665,212.86793307732907,361.38051101752336,1.7601268074043777
19.48,11.5778,0.0268,-0.0173,235.72419047951038,286.96857971418655,622.1150393462867,210.99276938290419,155.6643673386102,212.33465942892593,360.8727726215221,1.766298355927302
19.49,11.1357,0.0268,-0.0176,235.24682296149643,286.3874366487783,612.9583862723301,209.31925274812897,155.27051533304575,211.17768535042424,360.81566433111414,1.792234470147329
19.5,10.7207,0.0264,-0.0177,234.44208822935337,285.4077595835606,604.1572196968905,207.44789616642586,154.30942355280538,209.79382613584593,360.0565151812807,1.8150108340462041
19.51,10.3793,0.0259,-0.0179,233.6131117084886,284.3985707755514,596.7613022389479,205.75964269655003,153.25122026007722,208.51697968550732,359.12319615075324,1.8333788809428784
19.52,10.0574,0.0256,-0.0179,232.93066818706487,283.5677699668616,589.6499822826102,204.24325459380518,152.49544415999836,207.40206320115865,358.54257898462606,1.85249402504931
19.53,9.8596,0.0251,-0.018,232.2582640539969,282.7491910222571,585.2205522468034,203.08820233539777,151.5462341505084,206.5007836840092,357.61816099263297,1.8624636173689948
19.54,9.8725,0.0251,-0.018,232.30855376548928,282.8104132797261,585.5427005946541,203.14428004523103,151.55913918785424,206.56906221734394,357.66794016384557,1.861721186544646
19.55,9.8853,0.0251,-0.018,232.35862460864092,282.8713690887803,585.8623639743578,203.1998933442972,151.57195303877705,206.63699646881133,357.71767126297675,1.8609866338380447
19.56,9.9144,0.025,-0.0179,232.35618382868435,282.8683977044853,586.5509299043179,203.25878573434892,151.44902695234376,206.68537684699064,357.58611537229956,1.858465904072306
19.57,10.0419,0.025,-0.0179,232.58557029036896,283.14765078827526,589.4518268688662,203.7954663805371,151.57541590786204,207.09546165081616,357.6661772959562,1.850077546172611
19.58,10.5345,0.0249,-0.0179,233.2565050100358,283.9644408817827,600.3683096889089,205.75319897240126,151.9112958186281,208.48878646955072,357.652795154631,1.8176931597152841
19.59,11.0775,0.0248,-0.0179,233.91255905837684,284.76311537541534,612.0410773032338,207.83928456389694,152.29715562803784,209.9628692427926,357.64491550882894,1.7839019449806919
19.6,11.7058,0.0248,-0.0179,234.6554958761315,285.6675601970297,625.1118270145953,210.23383953884684,152.91172568994065,211.66753817168228,357.8371515447368,1.7477153222525224
19.61,12.276,0.0245,-0.0181,235.00822812389282,286.0969733682174,636.6076897238506,212.13787942108908,153.03964260504839,212.93721504613407,357.44333088281786,1.7147767725091103
19.62,13.0207,0.0245,-0.0183,235.66321282255115,286.8943460448449,651.1282847758915,214.77213524461777,153.76839909266005,214.7812050886219,357.64527206445246,1.6765728399742563
19.63,13.1836,0.0246,-0.0187,235.894547870443,287.1759713205393,654.2605588705438,215.39861893657942,154.06678921035726,215.26933972224396,357.91376963714674,1.6692498554579265
19.64,13.044,0.0247,-0.0317,235.89838119219738,287.18063797310987,651.5903736907417,214.97517050968972,154.0696072870722,215.04242868197213,358.1205101585353,1.6770174093416985
19.65,12.7492,0.0253,-0.0333,236.1711933644946,287.51275713938475,645.9492149521025,214.32543149230375,154.62557285800628,214.79351197476586,359.2251404193827,1.695759669107977
19.66,12.1015,0.0292,-0.0333,238.62627552560608,290.5015528137813,633.2364950817908,214.42609238980444,159.52648868020947,215.76930464060663,365.8888415893537,1.7541684211014927
19.67,11.4615,0.0314,-0.0333,239.59355243263408,291.67910730929367,620.2526310344923,213.3955746983047,162.11234951910222,215.41273059046281,369.25934884197704,1.8038219051829105
19.68,11.0271,0.0322,-0.0333,239.6645989814891,291.7655987600737,611.1908479579508,212.21945479606686,162.91374647316357,214.6956600912509,370.41074917794225,1.8347489181561423
19.69,10.9699,0.0329,-0.0332,240.1127558452475,292.31118102899694,610.008199606597,212.41069879180031,163.85488564389848,214.94857777051791,371.4812413046278,1.842530824564605
19.7,10.9613,0.033,-0.0331,240.20194719668598,292.4197618046612,609.8564272156897,212.43741929827013,163.98859364961706,215.00879643563536,371.6734184491982,1.8437792128493968
19.71,11.0213,0.0339,-0.0329,240.9352217112785,293.312443822426,611.1617217110235,213.19265285341203,165.2861088153505,215.6894019058798,373.03875672279685,1.8454505107426558
19.72,11.0814,0.0356,-0.0327,242.20057580080012,294.8528748879306,612.4649561020638,214.39445702813458,167.67379944010264,216.7673762536182,375.4825026142639,1.8515808469658315
19.73,11.5235,0.0358,-0.0321,242.91707349529244,295.72513295079085,621.7250244955715,216.17906184345745,168.23148813480606,218.1240728982759,375.9130701960667,1.826227921736873
19.74,11.7446,0.0361,-0.0319,243.40533045712797,296.31953273041665,626.2897240730399,217.16566421593745,168.77855300455755,218.90421961092937,376.4222818922179,1.8151140384596345
19.75,11.8222,0.0362,-0.0317,243.59034666163657,296.5447698489489,627.9003202489826,217.5073000590171,168.96232115768166,219.1930822521553,376.624279021944,1.811322825241542
19.76,11.7601,0.0363,-0.0315,243.61976956806834,296.5805890393876,626.6698703064226,217.3380917081947,169.05810535457755,219.10789593171557,376.79293763178725,1.8155743554842494
19.77,11.4848,0.0373,-0.0313,243.99566766424715,297.03820411299654,621.0538199738905,216.87685343060303,170.23607931986953,218.88564725711382,378.10855551189394,1.8372816113171069
19.78,11.1822,0.0376,-0.0311,243.84308995120927,296.852457331907,614.7796403812911,215.9028990040842,170.45616483274827,218.22135434435157,378.47615902857194,1.8572589472515253
19.79,10.8603,0.0379,-0.0311,243.6318412488805,296.59528499863717,607.9848707923796,214.82817755696544,170.66603966975825,217.47935215441458,378.8339289218252,1.8790012780093766
19.8,10.4453,0.038,-0.0311,243.1119411033121,295.962363082293,599.0279944782452,213.24069005985325,170.54883994381527,216.34028455138838,378.9029014491677,1.9063942438579753
19.81,10.2979,0.0381,-0.0311,242.9734309783046,295.79374206054473,595.812602844094,212.69996417037876,170.59401175335134,215.97540083598201,379.040935035758,1.91684204729965
19.82,10.2885,0.038,-0.0311,242.92553622453076,295.7354354037766,595.634427945595,212.6078121311863,170.4504727146703,215.930193125218,378.9572775323298,1.9170547890947036
19.83,10.2859,0.0378,-0.0311,242.82462552062324,295.6125875903239,595.6066328933757,212.48847970805417,170.17434491763942,215.85804919214905,378.7450182036206,1.9162600885197265
19.84,10.3171,0.0375,-0.0308,242.71334916330886,295.4771207205499,596.3275420582025,212.4516704999608,169.78204076378682,215.83968675745695,378.40963753315026,1.9126493259501882
19.85,10.3483,0.0341,-0.0306,240.54778249681019,292.84077869176895,597.046794006826,210.6669620299936,165.08910454349413,214.26685547725924,373.81890814860407,1.891336187421788
19.86,10.5539,0.0321,-0.0306,239.50235025006268,291.5680785652937,601.583112527986,210.33156290754116,162.41651009647623,213.82941064325084,370.99445145198973,1.8662177787677894
19.87,10.7672,0.03,-0.0305,238.32509632140096,290.13489986953164,606.232046259587,209.92564082769528,159.5887804055434,213.27536532572842,367.8469330855607,1.8400093973810792
19.88,11.3141,0.0301,-0.0304,239.1228266788274,291.10604986987687,617.8523499564516,212.10645791796833,160.17227365927647,214.89181681698778,368.1879171159827,1.8074113102628035
19.89,11.702,0.0301,-0.0302,239.5937475429034,291.6793448348389,625.8960106902973,213.56461263175373,160.4824784047225,215.9676811883704,368.32663440829504,1.784923351068955
19.9,12.2101,0.0302,-0.0298,240.21549116156103,292.4362501097265,636.179398130622,215.47999285329072,161.02512269119572,217.3837730200173,368.64827711435095,1.7572117840785624
19.91,12.8617,0.0312,-0.0298,241.55708649102786,294.0694965977731,648.9785419494065,218.3649524384965,162.90127138005542,219.6410092685106,370.4023124880121,1.7284739316614122
19.92,13.4784,0.0315,-0.0296,242.2689264452854,294.9360843681735,660.7324012942669,220.6308436995409,163.76750118791998,221.33390936973254,371.0390784589255,1.6991064147488188
19.93,13.9283,0.032,-0.0296,242.95531929092715,295.77169304982436,669.108662797057,222.4005517071432,164.76419395156563,222.70482608584442,371.9370525948947,1.6801944900431958
19.94,14.2735,0.0345,-0.0294,244.9859936273871,298.243818328993,675.432333827867,224.9284793100301,168.28892987593048,224.9224418469627,375.7078136752407,1.6775914877736378
19.95,14.5993,0.0365,-0.029,246.59427591338988,300.20172719890945,681.3180751461289,227.0618706913256,171.08290872623382,226.74413884427346,378.58154436790625,1.6731109168440612
19.96,15.6582,0.0395,-0.029,249.1357265060642,303.2956670508608,699.8294871328897,231.88140273550027,175.4874461349116,230.58063751376247,382.73579691626827,1.6413534920521686
19.97,16.3564,0.0442,-0.0284,252.49675455860546,307.38735337569364,711.6308238146544,236.33027377279117,181.6072353359644,234.24158900873402,388.5452374258742,1.6343460898464244
19.98,17.0739,0.0488,-0.028,255.61800878226938,311.187141126241,723.4386525944726,240.60924368793843,187.39910752845202,237.67205779956691,393.75334110543145,1.625871039429163
19.99,17.8962,0.0525,-0.0278,257.5616881623806,313.5533595020286,736.5962130483335,245.12142235935374,192.5033413237069,240.77675700820393,397.70086160051517,1.606249540047435
20.0,18.6836,0.0545,-0.0273,258.9110111936543,315.1960136270574,748.8540655080257,248.05555624889254,195.0087966983844,243.06106263336386,399.8164859486559,1.585511113940285
