Depth,Qc,Fs,u,andrus_2007_holocene Vs,andrus_2007_pleistocene Vs,andrus_2007_tertiary_age_cooper_marl Vs,robertson_2009 Vs,hegazy_2006 Vs,mcgann_2015 Vs,mcgann_2018 Vs,Ic
0.03,0.0481,0.0001,0.0004,23.19958635498688,28.242974693027506,40.36765044101339,15.521671780868838,10.67354606061961,10.01581796674182,32.54762521162595,3.6013438302428566
0.04,0.0865,0.0002,0.0007,28.426250241989116,34.605869859812834,51.97036140104504,14.180975398357631,9.869083510023103,12.505651150389431,38.47235325941542,3.356225491528774
0.05,0.1288,0.0004,0.001,32.85349049881323,39.99555365072915,61.85668647055875,16.70474683031727,12.01421468224746,14.925550141329012,44.676623449672256,3.2116585539950244
0.06,0.1634,0.0007,0.0016,36.22905661324991,44.10493848569554,68.98698884985161,18.892640809180755,14.187372625805498,17.021401010160158,50.40490866708492,3.145610939626285
0.07,0.2095,0.0015,0.002,40.33429178273664,49.10261608333157,77.02235793147034,21.763368865317176,17.797229523845726,19.616483286031116,57.974656618868174,3.1115768651632907
0.08,0.2557,0.0016,0.0048,43.062138374311886,52.42347280351012,84.27991512442448,23.322065730268882,18.74129811159712,21.06357205930617,60.561179818226655,3.0090440240467995
0.09,0.3326,0.0017,0.0024,46.4352090300164,56.52981968871562,94.19479583350956,25.113754282161572,19.66259518279115,22.718586360326498,63.00916069440636,2.873170063386979
0.1,0.421,0.0019,0.0012,49.74620190989862,60.560593629441804,104.11508573199167,26.982093824479733,20.83494047105777,24.425923561792615,65.768420365389,2.7591119091280456
0.11,0.5363,0.002,0.0006,53.07574077030889,64.61394528559343,115.2688933115459,28.804129448162076,21.719413098060702,26.082258921533885,67.9459573051179,2.6334561333250495
0.12,0.644,0.0019,0.0003,55.56088534386706,67.63933867949034,124.67866770840016,30.17689205716791,22.08251700701349,27.317837870389827,69.09018159927155,2.528019003363621
0.13,0.7593,0.0019,0.0,57.98250859030112,70.58740176210571,133.8263591916412,31.62107659589073,22.705089563947546,28.602905641800007,70.58955609471369,2.4400991360687088
0.14,0.867,0.0017,0.0,59.79496474815625,72.79387012819022,141.81864221259337,32.70165754671509,22.854775569324143,29.487871642270335,70.9626539698074,2.3590607124797955
0.15,1.0784,0.0003,-0.0001,62.52196839982667,76.11370066065855,155.2012532937403,34.261193022672245,23.092795362185026,26.859168253904368,57.72702523191957,2.2328693287575914
0.2,1.709,0.0012,-0.0002,70.5660011654183,85.9064362013788,190.39209241766218,40.21844874676011,26.35684450980394,34.88117148191314,74.59954825421276,2.0086544444733065
0.21,1.8435,0.0018,-0.0002,72.39074209953405,88.12785994725884,196.9314791899814,41.676654018759365,27.629292483285635,36.96877136611972,79.65855459906126,1.9857810327723278
0.22,1.9896,0.0021,-0.0002,74.035523068319,90.13020199621444,203.6893805028905,43.020504317003315,28.65451603838222,38.35109787119602,82.27958048040641,1.9567566915845132
0.23,2.1434,0.0022,-0.0002,75.46514404631806,91.87061014334373,210.49061862539486,44.224285477830314,29.41258091612876,39.398356762434446,83.7610302178504,1.923152237379941
0.24,2.4856,0.0022,-0.0002,77.72902197505182,94.62663544788919,223.68472563333202,46.0533601556539,30.399372566477783,40.72674761780072,84.76066185489775,1.8523120722080415
0.25,2.6817,0.0022,-0.0002,79.08993546846862,96.28339970074441,231.20095940865184,47.27961966341953,31.113714140011556,41.64446580869595,85.68874092443616,1.8167081700704584
0.26,2.8739,0.0022,-0.0001,80.36514926964625,97.8358338934824,238.32013182323968,48.467030995037156,31.822815288941964,42.52275695806855,86.58758982559421,1.784697066883433
0.27,3.0469,0.0022,0.0,81.50096847808146,99.21857032114265,244.6145003117483,49.565931494439475,32.4950526025552,43.33448232837394,87.45613631513802,1.7580148454149318
0.28,3.2122,0.0023,-0.0001,82.59369534194391,100.54884650323606,250.50104917878954,50.64990695974452,33.19924567262522,44.27216264697368,88.81078219477766,1.7349260057483822
0.29,3.3852,0.0071,-0.0001,87.3332955868015,106.31879462741053,256.46079774440653,54.64838246144727,39.380740664327554,49.46284052938834,103.78365425415326,1.7943737922200975
0.3,3.5698,0.0075,-0.0001,88.5694031564373,107.82362123392369,262.595567555944,56.00310072443645,40.416904183345636,50.54385191499792,105.46757533677872,1.772623231423229
0.31,3.762,0.008,-0.0001,89.8550072471919,109.38870447484233,268.7801897858022,57.41457500573937,41.56534449086859,51.66936791635645,107.28377862081014,1.752582672207666
0.32,3.9389,0.0084,-0.0001,90.97412433502589,110.75110788611849,274.4009374014854,58.704346014730774,42.56652023572824,52.686420200942635,108.87415109460488,1.734022585221351
0.33,4.2541,0.0091,-0.0001,92.59173600233808,112.72037426371594,283.45230417538255,60.458215943052465,43.94632188768005,54.08955915942757,110.93595851530452,1.7027480051771073
0.34,4.3964,0.0088,0.0,93.00558367201477,113.22418881810495,287.8875575728943,61.20784547851214,44.06103088207805,54.64708748805869,111.31804949890339,1.6800469110713034
0.35,4.5348,0.0096,0.0,94.2330280725941,114.71846895794063,292.15363714713783,62.590266294187074,45.49606683305926,55.7367476984651,113.4390970972042,1.675032217846062
0.36,4.704,0.0106,0.0,95.63211176083894,116.4217012740648,297.0980583111612,64.13573150629979,47.15879025102097,56.93844445138122,115.76314279293386,1.6691194645335132
0.37,4.8923,0.0118,0.0,97.1622527738531,118.28448163773422,302.40524522150565,65.80998746254951,49.03543108310192,58.21487811317219,118.23929983509082,1.6635881091167106
0.38,5.0769,0.0127,0.0,98.42555954748353,119.8224203186756,307.5251203081582,67.28477888453868,50.53690620346075,59.32251726829562,120.21562503268865,1.6544584854247186
0.39,5.2576,0.0123,0.0,98.7455179646911,120.211934913537,312.46371313041124,68.01646613580104,50.52092785260465,59.89482688799494,120.53705967489631,1.6296300215357138
0.4,5.4306,0.0133,0.0,100.00834218093166,121.74928613330813,317.1459405939762,69.48873078350681,52.110731721059636,60.99416246278489,122.57997272267897,1.6238865459559086
0.41,5.5998,0.0142,0.0,101.1634982267968,123.15556305870916,321.67021942677144,70.88177576871321,53.5700093885039,62.022391794286456,124.43083988732974,1.6173178158317985
0.42,5.742,0.0143,0.0,101.72072720508999,123.8339287714139,325.54210692629675,71.78467392372728,54.115288690217774,62.70167114563744,125.32928970504855,1.6042474019473487
0.43,5.8843,0.0147,0.0,102.4653329999807,124.74040539128086,329.36704650477463,72.83536953969683,54.991697048804646,63.48124631024652,126.55353179797834,1.5949619583810497
0.44,6.2072,0.0159,0.0,103.92415074528206,126.51635742903905,336.92352791281763,74.60088429684333,56.72276706089045,64.80232900948735,128.64779212911967,1.577887787737766
0.45,6.3956,0.017,0.0,105.1242187417617,127.97730977257946,341.5529537133392,76.06429850128937,58.34366380234659,65.8544411509984,130.5402387769459,1.5725060475964328
0.46,6.5917,0.0179,0.0,106.17526376311352,129.25684284205124,346.2688282165669,77.42212647352558,59.728960787090784,66.83238076352961,132.1809783021876,1.5644121345768283
0.47,6.7762,0.018,0.0,106.69136472989686,129.8851396711788,350.68547208797725,78.34721216433387,60.23986669844877,67.53216307243937,133.02560327116458,1.549522458241758
0.48,6.9685,0.018,0.0,107.13392065026791,130.42390340032617,355.1938594010639,79.22123338936782,60.634494781445916,68.20285656548025,133.76375292180728,1.5334238588692914
0.49,7.1684,0.018,0.0,107.56483324311253,130.9484926437892,359.7858313884002,80.09377173163648,61.021876976692226,68.87486370874737,134.49152368387217,1.517177130663379
0.5,7.376,0.0179,0.0,107.91937932051975,131.38011395541537,364.4592436910724,80.91451806391856,61.29514842205784,69.51595550123145,135.11138169659992,1.499824107818367
0.51,7.5798,0.0179,0.0,108.31798050392504,131.86536756999573,368.99634034934365,81.76718634926962,61.67211286848491,70.17458436362979,135.81738716380855,1.4842255952279133
0.52,7.9604,0.0179,0.0,108.79559758653681,132.44681445317525,376.69062499698,82.86685988285966,62.018931979219545,71.05394220854804,136.53576046670437,1.4562401868261658
0.53,8.1603,0.0179,0.0,109.1516240015982,132.88023791498912,380.9942341203806,83.68847573226063,62.39099458824949,71.68676762135364,137.22052284694843,1.4421115494610743
0.54,8.3718,0.0197,0.0,110.65629856879303,134.71201564896543,385.4491862810343,85.41458248658725,64.64701775221475,72.90375514374021,139.62553348650772,1.4441147377896557
0.55,8.6217,0.0233,0.0,113.21224724650817,137.82360534357517,390.513227639655,88.02307301910591,68.72668484166624,74.61988420312838,143.40066756970043,1.458343336067768
0.56,8.8524,0.0239,0.0,113.90611882522451,138.66831856983853,395.1766545067932,89.15953495194881,69.69528634376306,75.4393449216334,144.5610536544239,1.4478997785118364
0.57,9.0792,0.0238,0.0,114.17192122643115,138.99190410174228,399.71379753282633,89.9550975765395,69.94612820836323,76.06165525021925,145.1578912403512,1.4323358462678084
0.58,9.3329,0.0247,0.0,115.01982832923854,140.02413883559475,404.6402400454767,91.23900467393291,71.20013680748394,76.9709850466961,146.53310916298838,1.423499817690042
0.59,9.579,0.0269,0.0,116.59099351868959,141.93686167492646,409.3756506996767,93.09100374618463,73.75197112789516,78.17974083832769,148.83836137310445,1.425322435392077
0.6,10.0936,0.0276,0.0,117.32545010045565,142.8309827309895,418.3366675307634,94.57789365723961,74.68802046062329,79.30890640267411,150.03070273817627,1.3998069537577649
0.61,10.3498,0.0282,0.0,117.93617322474621,143.57447175186496,423.05322856850614,95.69155256716454,75.61442766394838,80.1051420741454,151.1092618939894,1.3894715550583576
0.62,10.5944,0.0287,0.0,118.47638063926787,144.23211556084786,427.5326644458143,96.73788849939534,76.44157783052653,80.85705268164422,152.10555130820734,1.3793423404123182
0.63,10.8238,0.031,0.0,119.99682451814802,146.08309071774542,431.7289131384689,98.54165475917314,79.02299895711411,81.9913810422791,154.285227359228,1.3828344089554643
0.64,11.034,0.0318,0.0,120.67367140272086,146.9070782293993,435.5912707882589,99.66260860542747,80.14366824026665,82.75435456779157,155.43722650847627,1.3768950457850102
0.65,11.2175,0.0331,0.0,121.60631099096383,148.04246555421685,439.01774682481584,100.95786513442849,81.75237272551583,83.58695314305399,156.8822122394308,1.375780374522931
0.66,11.3933,0.0356,0.0,123.14491848607787,149.91555293957308,442.30140969962963,102.73358866699655,84.50538966225824,84.64063631900618,159.00547457514537,1.3826422645887229
0.67,11.7641,0.0367,0.0,123.93511057268319,150.87752591457084,448.41298891329194,104.12947900602903,85.81594115608756,85.60405855010416,160.28224002278975,1.370387861684713
0.68,11.7641,0.037,0.0,124.3163475126484,151.34164045018068,449.07115587279765,104.78769710423161,86.54269354185388,86.0154563340919,161.054501856139,1.372243812621661
0.69,12.0699,0.0373,0.0,124.6812655440108,151.78588848836097,454.15093743646634,105.76989705608027,87.11607721184438,86.74311862593018,161.85097899164504,1.3587450923375122
0.7,12.1885,0.0373,0.0,124.8960340535933,152.04734580437446,456.5002904835658,106.42080776336346,87.49093083186051,87.21350666049825,162.45300141592762,1.352909234748138
0.71,12.307,0.0373,0.0,125.10611908248576,152.3031014917218,458.8345044138075,107.06444323823904,87.8599860196677,87.68017216026796,163.0487193583596,1.3471361486775681
0.72,12.4102,0.0373,0.0,125.31332285575901,152.55534956353273,460.93826589940494,107.68489014520831,88.23055413288378,88.1276591350799,163.63680378873238,1.342155817233987
0.73,12.5172,0.0394,0.0,126.58669669431231,154.10554380177152,463.0843056352334,109.16788814938667,90.59880786550833,88.97926215247007,165.3927624766725,1.3495473550234975
0.74,12.6281,0.0414,0.0,127.78250503492822,155.56131047730392,465.2736024251672,110.60018879832353,92.86225256452694,89.79826447857604,167.0457097673527,1.355822649940363
0.75,12.7695,0.0433,0.0001,128.90348941964615,156.92598711956924,467.8785164070419,112.01188661674394,95.00702967753183,90.61547892465754,168.60846257581372,1.3597992060827278
0.76,12.9033,0.0446,0.0001,129.72236178110936,157.92287521178534,470.3615996146582,113.17002345238447,96.58578664460202,91.31028732467,169.83934715174573,1.3606535130049475
0.77,12.8893,0.0465,0.0002,130.82168693915497,159.26118409984085,470.77571733826943,114.39917761597923,98.80977101045983,91.94621658057143,171.32726806705242,1.3715071935624008
0.78,12.9392,0.0473,0.0002,131.3957727330522,159.96007115328095,472.0737669906281,115.26403693342426,99.96573722000298,92.45880298299306,172.27400614626302,1.3733919455471502
0.79,12.9892,0.0475,0.0004,131.6921673175726,160.32089934313186,473.36695189621287,115.89412840628974,100.5572312032994,92.87088628890943,172.92989928634125,1.372110891508894
0.8,13.255,0.0479,0.0003,132.05836540577022,160.76670571137242,477.63821827399585,116.82084514202758,101.20013629524296,93.533539323149,173.6963725823637,1.3619427377835105
0.81,13.4882,0.0492,0.0003,132.83035713894148,161.70652173436355,481.4226664708543,118.05216999421863,102.7025063217521,94.30248504429912,174.87333322741517,1.3580647932024008
0.82,13.7175,0.0493,0.0002,133.04919791807433,161.97293659591656,485.1214141027756,118.81534780583713,103.08300345091995,94.87066914877295,175.48524014208715,1.3483707807187544
0.83,13.9392,0.0501,0.0002,133.581191082433,162.6205804481793,488.68771100426227,119.8321760802689,104.1188779410069,95.53847709527558,176.41389031753687,1.3426973854821875
0.84,14.1686,0.0509,0.0002,134.10521495065697,163.25852254862588,492.3278016171794,120.8511929118209,105.14711284261534,96.20909286267889,177.33544367820917,1.3367956141663169
0.85,14.3826,0.0523,0.0002,134.89533251894568,164.220404805673,495.7356767444647,122.07627375050615,106.73892369417558,96.95283447514852,178.51551203870807,1.3345777094340396
0.86,14.5929,0.0536,0.0002,135.63191603749928,165.11711517608612,499.069750574544,123.25331336467603,108.23556947641228,97.6709611105417,179.63623087339036,1.332036026627791
0.87,14.7687,0.0541,0.0002,136.01380777837392,165.58202686062913,501.93208072538863,124.092360852881,109.01091140996962,98.23015626570248,180.39600002653694,1.327149269395577
0.88,14.8796,0.0541,0.0002,136.18375376101693,165.7889176221076,503.93838843926954,124.67673220678981,109.36086819112775,98.64896197862159,180.92837858820732,1.3226117363521246
0.89,14.9713,0.0549,0.0002,136.71053391119798,166.43021519624102,505.6878745358908,125.53777587622766,110.46060936570895,99.16767227329696,181.80120282910127,1.3226591902585845
0.9,14.9522,0.0559,0.0002,137.3451921823282,167.20284265674738,506.00073980575803,126.36171663173481,111.81421609598713,99.60702171396207,182.74245837769362,1.3281094919907395
0.91,14.9369,0.0571,0.0003,138.05932146830563,168.07221743967645,506.3567659646106,127.25862298580721,113.35153471240555,100.07500840216623,183.7593513768747,1.3342687646473494
0.92,14.849,0.0596,0.0003,139.3272997803625,169.61584321087608,505.76334488957946,128.55324350277257,116.14224380762107,100.65159847208362,185.2894315001679,1.349154715414827
0.93,14.7611,0.0594,0.0004,139.4448478375585,169.75894519354952,505.15820954571103,128.85646892546458,116.43673337954422,100.84014318457385,185.707591609006,1.351890433841794
0.94,14.6464,0.0611,0.0004,140.35329757443583,170.86488400366102,504.1887096408258,129.8172105068166,118.51327125992354,101.26375673451825,186.88432156424966,1.3641732457003983
0.95,14.482,0.0626,0.0004,141.16701337580892,171.85549454446306,502.54552391904855,130.6456579772041,120.44574760489618,101.60146383675085,187.96137877084922,1.3775925581656587
0.96,14.0348,0.0644,0.0004,142.09124564532485,172.9806468725694,497.0750091688348,131.272492408075,122.88556758368668,101.67740405777883,189.11190357998504,1.4044620646692352
0.97,13.7634,0.0693,0.0004,144.12872275249782,175.46105378564954,493.8874013705812,133.13137223541088,128.0779369501141,102.30520477227819,191.39689812129893,1.4366498981308695
0.98,13.4729,0.0712,0.0004,144.97627133994317,176.49285206601778,490.3767306529678,133.90772240532948,130.52658125937685,102.51251960361367,192.53973235238954,1.457303569480849
0.99,13.1632,0.0732,0.0004,145.81845485252686,177.51811895090228,486.52854997768264,134.67611609699628,133.1015499989031,102.6944279261614,193.69801723045285,1.4793914156168948
1.0,12.8307,0.0735,0.0004,146.03382043282764,177.78030313561626,482.2764113716707,134.8375782870347,134.14639630307693,102.63789172331397,194.2576640717675,1.4962521655566212
1.01,12.4331,0.0736,0.0004,146.14076932873078,177.91050179149835,476.98154588849906,134.83751211411584,135.0816217110446,102.46828344934124,194.73636836584717,1.5159570223658616
1.02,12.0203,0.0737,0.0004,146.21345489216532,177.9989885643752,471.3283040514398,134.79665577545094,136.046802719313,102.26246956940969,195.2080600675985,1.5370680828461
1.03,11.5424,0.0736,0.0004,146.15736162798385,177.93070111232817,464.5286511046604,134.58073705200837,136.9115712338464,101.93141930928388,195.5972211243887,1.5615840151434197
1.04,10.7053,0.0736,0.0004,145.87390468177878,177.58562309086113,451.7910782122786,133.8691099569921,138.32406351540968,101.10349836007461,195.96672626464442,1.607799693645467
1.05,10.3574,0.0704,0.0004,144.77821116643221,176.25173533304792,446.5480121439902,132.7183979490946,136.07670448379915,100.52014044329363,195.26209710661527,1.6154400192295757
1.06,10.0936,0.07,0.0004,144.630751082794,176.07221870948837,442.5838417427649,132.6014146937836,136.4291746297835,100.36415392871987,195.54865158011683,1.6296664226675088
1.07,9.999,0.0696,0.0004,144.59809407813586,176.03246235599147,441.40483173032146,132.72270340679378,136.5646758735641,100.44234093565979,195.85412860994717,1.633834053033694
1.08,9.9548,0.0688,0.0004,144.46875689079414,175.87500838879288,441.06446261177933,132.77496480728567,136.23035701477934,100.54168353069967,196.01436649859104,1.6332995156034804
1.09,9.9503,0.068,0.0004,144.36553063910355,175.74934164760433,441.3908522348213,132.87901929074008,135.83371699861158,100.69526249466767,196.1728067147641,1.6302952779112179
1.1,9.9511,0.067,0.0004,144.19440717596783,175.54101743161303,441.8036692618534,132.9130895126421,135.21711103601518,100.8283441697166,196.24837763985607,1.6260993945717548
1.11,9.9519,0.0668,0.0004,144.2900458271757,175.65744709395304,442.21325301732,133.22250296303164,135.399420175602,101.05842419388406,196.62191137349285,1.62522436897704
1.12,10.193,0.0668,0.0004,144.62242585252142,176.06208364654782,446.671879304509,133.95928852232748,135.47956710739604,101.66053038567844,197.10347914919362,1.6105596007404535
1.13,10.3612,0.0668,0.0004,144.89369573386713,176.39232524122957,449.8689724975262,134.58133381360852,135.65150716141451,102.15252944730545,197.57117202034357,1.6005370492221704
1.14,10.5027,0.0669,0.0002,145.1758592236713,176.7358286201216,452.59998092444056,135.19543683799927,135.9567927066928,102.61599906156688,198.07045773088728,1.592653203363103
1.15,10.6518,0.0674,0.0002,145.59652121253046,177.24793886742842,455.4373552265546,135.9602073971099,136.6579504020378,103.13819022604515,198.72157738511407,1.5861045712991664
1.16,10.8544,0.0676,0.0002,145.9370519303115,177.66249800211835,459.1205463786873,136.6902885189672,136.991349693432,103.69312383563677,199.26186015451583,1.5753931609575287
1.17,11.0608,0.0676,0.0002,146.20017034245564,177.98281606907645,462.82926372744754,137.3484152848416,137.11879936557412,104.22318241082318,199.7229026949712,1.5638558573406143
1.18,11.2404,0.0676,0.0002,146.44120519749882,178.27624980565074,466.0783138471079,137.9636227745959,137.2777122243375,104.71265496050798,200.1772684864115,1.5539924415137278
1.19,11.3972,0.068,0.0002,146.8077346801245,178.72245961058636,468.9429211772865,138.68777402797178,137.86781162321574,105.21969884059394,200.77960788998385,1.547159952661526
1.2,11.5042,0.068,0.0004,147.00633328255705,178.96423182224336,471.010515491568,139.19579531815899,138.10736244581392,105.60677346783362,201.21905582661134,1.5414395731749697
1.21,11.6877,0.068,0.0004,147.23117503157866,179.23795221235665,474.25589596473793,139.80423050092088,138.26057386750094,106.09218152909393,201.66559300245981,1.5317491013621585
1.22,11.7871,0.0681,0.0004,147.4552624759462,179.5107543185432,476.18045242359045,140.33192637029526,138.6068943691031,106.4779471722223,202.13723868402488,1.5269784890530496
1.23,11.8597,0.0681,0.0004,147.6312457824918,179.72499486564217,477.6845909269224,140.78449111061525,138.87879207319799,106.81426774286092,202.5643517697691,1.5232243857727432
1.24,11.9285,0.0682,0.0004,147.84033996105723,179.9795443004175,479.12518582155826,141.26609154061134,139.25438012215844,107.15723892672428,203.02716280763144,1.520098390479264
1.25,11.9706,0.0687,0.0004,148.18420593370325,180.39816374537787,480.15210080830957,141.85664093903185,140.06507162044517,107.5164479738824,203.6387498987535,1.5199910595687154
1.26,12.0088,0.0699,0.0004,148.77708057855497,181.11992418258865,481.11621400793547,142.69564057340148,141.59214563173168,107.959380616005,204.51437217159173,1.5229045061459852
1.27,12.0126,0.0701,0.0004,148.99681781579662,181.38743038444807,481.55108490843946,143.1220286528496,142.13802835980857,108.22748919729244,205.0004210556281,1.5235235678524814
1.28,11.9667,0.0715,0.0004,149.6236501543068,182.15053062263436,481.2208884143126,143.91457125418336,143.96108549398457,108.58201834698467,205.93049989847472,1.5314588174139936
1.29,11.917,0.0735,0.0004,150.4471536441831,183.15305661030985,480.82674694183515,144.91035619082967,146.39751574617773,109.00129330214327,207.07131503129983,1.5418508646366043
1.3,11.8368,0.0737,0.0004,150.62794911286377,183.3731554417472,479.9548357270733,145.21721505307275,147.04406105049418,109.15399039065207,207.53919642868232,1.5467796920646077
1.31,11.7336,0.0737,0.0004,150.72755316509608,183.49441254881262,478.715059994697,145.41729641190312,147.51392409203143,109.24891911949233,207.9284700893693,1.5521650498178572
1.32,11.6342,0.0737,0.0004,150.82584386670817,183.61407079425342,477.5212084633166,145.6183898375143,147.97843782761598,109.34608468454678,208.31578697751834,1.557397700718992
1.33,11.5119,0.0738,0.0004,150.94419439443232,183.7581496975698,475.9528972793072,145.81850999810624,148.57265507007386,109.42144014771574,208.73440364828605,1.5642824247817109
1.34,11.401,0.0738,0.0004,151.03019678375543,183.86284825848486,474.5479446150108,145.994456455664,149.0504889147666,109.49679795358709,209.11537941492398,1.5702359650412205
1.35,11.2749,0.0737,0.0004,151.070760495361,183.91223016826555,472.88400378870807,146.10788994408526,149.44360168594784,109.53543586952321,209.45493930851333,1.5766881638087409
1.36,11.034,0.0737,0.0004,151.07515848310504,183.9175842403018,469.34144411316964,146.08212196857679,150.08669123429186,109.4195665613501,209.8128565873704,1.589960527603082
1.37,10.8964,0.0736,0.0004,151.09719732374546,183.94441413325535,467.43585996180906,146.16569049964377,150.49610313908715,109.43235784037513,210.14548774205176,1.5972895150501805
1.38,10.7626,0.0729,0.0004,150.91574440005877,183.72351492181068,465.5699972724729,146.03252793468178,150.27108530461354,109.37213016181855,210.251900540673,1.602160359644218
1.39,10.625,0.0727,0.0004,150.89490613265298,183.6981465962732,463.6184612980079,146.06763276760722,150.57222636707402,109.36406913468596,210.54106111869024,1.6092896334830216
1.4,10.5447,0.0722,0.0004,150.80790512967062,183.59223233177292,462.6050418333642,146.07680622263172,150.47723643196386,109.39990206628251,210.7222706510203,1.6119933914534614
1.41,10.4568,0.0721,0.0004,150.84762253128682,183.6405839511318,461.4531935309804,146.21561029975646,150.8130603737862,109.47193401645119,211.05095732815167,1.6167501835820743
1.42,10.3727,0.072,0.0004,150.8874087922878,183.6890193993069,460.35392694204364,146.35652679104342,151.14235742482765,109.54712939203664,211.37787642891823,1.621325097233067
1.43,10.3077,0.072,0.0004,150.97228265758986,183.792344104892,459.56897662642245,146.5609703814801,151.55089109113032,109.66174024996194,211.74364971851435,1.6251966744534778
1.44,10.2351,0.0719,0.0004,151.0160285600507,183.8455999861487,458.64610978779984,146.71332306003092,151.8616027918096,109.74995597547363,212.0678840425043,1.62915313608324
1.45,10.1701,0.0718,0.0004,151.0635203341294,183.90341605894014,457.8448408887342,146.8746125676184,152.16002723796632,109.8477810885981,212.39106585879728,1.6326810686025446
1.46,10.0325,0.071,0.0004,150.81705617849516,183.6033727390376,455.77857922161513,146.65395511511394,151.80202603938062,109.74008193378917,212.42960477478331,1.637873137389814
1.47,9.9596,0.0701,0.0004,150.58366175945238,183.3192404028116,454.81785484108815,146.4946118564925,151.2343182255777,109.7168854341274,212.4327021944354,1.638745332128912
1.48,9.875,0.07,0.0004,150.6083213176637,183.34926073454713,453.642546817923,146.61049877643296,151.55083942142275,109.77591361565497,212.74447448832046,1.6435907780022603
1.49,9.7674,0.0699,0.0004,150.61067319149242,183.35212388529513,452.0492151760103,146.68385309447368,151.89990707086895,109.79520739695128,213.05036303479923,1.6499253371333853
1.5,9.6867,0.0698,0.0004,150.6328537092122,183.37912625469315,450.91733509129676,146.7986246611493,152.208981026534,109.85517378797682,213.35840211794377,1.6546265580281303
1.51,9.5944,0.0689,0.0004,150.37181615577876,183.06134140703503,449.5668303329083,146.58611611700633,151.64714591172088,109.78832921948016,213.3419959110181,1.656847674930971
1.52,9.5136,0.0682,0.0004,150.1848957049373,182.83378607557586,448.4097112723588,146.46270324370494,151.28159677903938,109.76303509630688,213.4017143749971,1.659171558878271
1.53,9.3829,0.068,0.0004,150.11876537300887,182.75327958453255,446.33607086247383,146.4385777596649,151.54509382799876,109.71773188510284,213.652579469543,1.6668495367160265
1.54,9.3329,0.0675,0.0004,150.02299270998805,182.63668677737675,445.71338021277063,146.43606334452477,151.34733491356093,109.76482485144656,213.79134089875066,1.6680644763650108
1.55,9.2676,0.0671,0.0004,149.9446876663744,182.54135889819491,444.8044503670129,146.44112942062674,151.28086318787797,109.79720699152563,213.9652081434885,1.6707163279523853
1.56,9.2061,0.0662,0.0004,149.69554008537878,182.23804879959158,443.9571369838401,146.25323467629437,150.6355447172117,109.76517485282976,213.92718551716302,1.6710269286711223
1.57,9.1407,0.0663,0.0004,149.7851861468146,182.34718313525255,443.02988389351026,146.44579757413348,151.13003941738737,109.86126384266,214.30404780386328,1.6758387898106173
1.58,9.1261,0.0658,0.0004,149.716678086942,182.26378201888593,443.03783231087044,146.49169961807078,150.85864314787273,109.9609072761158,214.43490275134104,1.674712073606462
1.59,9.1258,0.0641,0.0004,149.23855933207898,181.68172440427006,443.30907673200585,146.08043561403326,149.17554252310765,109.91436527813997,214.04780405322975,1.6674415222060686
1.6,9.1256,0.0637,0.0004,149.21332763504415,181.65100755570595,443.5806067808829,146.18244821268692,148.98191368983183,110.0485682748298,214.21317182556842,1.6657276830094343
1.61,9.1293,0.0617,0.0004,148.61142020074254,180.91825067916486,443.9230387938992,145.63376509905228,146.9087499672498,109.9542655807445,213.66383083735062,1.6566662803754395
1.62,9.133,0.0598,0.0004,148.02682512339766,180.20656971544062,444.2640104670006,145.10628032119317,144.92358290152478,109.86453786248723,213.1310613228887,1.6478446114230443
1.63,9.2138,0.0592,0.0004,147.98651657421954,180.1574984381803,446.0329881905491,145.2522541171729,144.34977412770627,110.10013795780065,213.19739220861894,1.6397075685216238
1.64,9.283,0.0587,0.0004,147.96865284488203,180.13575128942162,447.5806192775336,145.4154775251531,143.90797390883236,110.3286991633461,213.30404727505868,1.6328276156508297
1.65,9.3752,0.0586,0.0004,148.1193260381253,180.3191795246743,449.5440410073232,145.78731838686952,143.90844285368942,110.65704270513204,213.60063496927435,1.6263238897483694
1.66,9.479,0.0585,0.0003,148.27569775418598,180.50954509205252,451.70862904549045,146.1771883406285,143.89264894094842,111.00322885980623,213.89735141250532,1.6191309972409216
1.67,9.5598,0.0585,0.0003,148.44959408382033,180.72124497160738,453.4451575020504,146.56751067843692,144.0274442168803,111.32470860082732,214.2360766269449,1.6139457156582322
1.68,9.7251,0.0586,0.0004,148.72173233913867,181.0525437172123,456.6945961530464,147.14548903656498,144.1673497136682,111.8010937731478,214.63478610073642,1.6039231176602222
1.69,9.7828,0.0587,0.0003,148.91233932778212,181.28458700773476,457.99642324911554,147.53536147494677,144.45234842542587,112.09699910943611,215.0143632450017,1.6007765464592312
1.7,9.8058,0.0598,0.0003,149.46720788576724,181.96007916528188,458.67527341342935,148.2950165838318,145.97374203135377,112.49219160282234,215.85964618116094,1.6043965573159937
1.71,9.7943,0.0601,0.0002,149.68463945349924,182.22477846512953,458.73564201397306,148.65036511125913,146.58967652734538,112.7035232443989,216.31899465426633,1.6064926142181626
1.72,9.7366,0.0602,0.0002,149.790259407021,182.35335927811252,457.96569739846086,148.83896309091054,147.03074746727378,112.80592091935515,216.6757011412055,1.610577836835014
1.73,9.6444,0.0602,0.0002,149.82954916739234,182.40119029073853,456.5661782774239,148.92225999768937,147.40046657755954,112.83316732171575,216.97844874522346,1.6164190684380704
1.74,9.5175,0.0602,0.0002,149.83812610185106,182.41163177616653,454.5212238401239,148.940750142045,147.81975854572897,112.798758144149,217.27378421119155,1.6245470288941006
1.75,9.3791,0.0602,0.0002,149.83167198072059,182.40377458522505,452.24147841314687,148.93380290641645,148.25764772439544,112.74054171741932,217.5654444363328,1.6335360552253033
1.76,9.2368,0.0602,0.0002,149.81533975516007,182.38389187584704,449.86173428717746,148.91435282536207,148.70398026461405,112.67094975994455,217.85466477535107,1.6429186351227432
1.77,9.0715,0.0598,0.0002,149.61979411810648,182.14583631769486,447.01989815613837,148.67429771712239,148.70222079231007,112.49322835556283,217.94904535583572,1.6521755506674367
1.78,9.0138,0.048,0.0002,144.84849522234288,176.33729853154787,446.1804049090284,143.3916370628162,134.2544883991021,110.53106293637856,212.1014782901608,1.5976828388971787
1.79,8.9908,0.0473,0.0002,144.6204079389154,176.05962705607095,445.9924483132423,143.22477114638988,133.58460621379587,110.52776821850294,211.99305245285828,1.595474590199318
1.8,8.9851,0.0472,0.0002,144.67217395961646,176.1226465595331,446.13040478079364,143.38191079298255,133.66503686482497,110.66952987657308,212.23266552116527,1.5953303941788584
1.81,8.9916,0.0471,0.0002,144.7325081853422,176.19609692128617,446.4984906012674,143.56040255442,133.72875103563732,110.83214208201001,212.4729004331024,1.594358667687297
1.82,8.998,0.0471,0.0002,144.83724710197131,176.32360516761727,446.8635434174879,143.7871244491594,133.92140148441632,111.01340577373188,212.77040233944496,1.5939376924579842
1.83,9.0121,0.0473,0.0002,145.03739181834746,176.56725960494472,447.3735248059432,144.1264501844528,134.36404700013273,111.24683010593871,213.18544079327538,1.594082705644112
1.84,9.0408,0.0475,0.0002,145.24785408572302,176.82347453914107,448.1589480173118,144.49219177372981,134.787898275386,111.50556317799202,213.601729438208,1.5932410902208456
1.85,9.0307,0.0479,-0.0004,145.51821400815473,177.1526083577536,448.20579191167,144.88381575878154,135.5208721581209,111.73347217885173,214.12637161414366,1.5960987689595028
1.86,9.0472,0.0479,-0.0006,145.62892292954118,177.28738443596316,448.7571221830541,145.12671930382962,135.69902422259054,111.93046619749877,214.42151097598943,1.5950013560198342
1.87,9.0638,0.048,-0.0007,145.78397059613204,177.4761381170303,449.30954916080555,145.41846735582638,136.00657394029906,112.14644147916822,214.77371981239142,1.5944348123033247
1.88,9.1484,0.0482,-0.0008,146.03321041792717,177.77956050878092,451.14476611474356,145.88510647474786,136.35763401476433,112.50201736148705,215.1947938337625,1.5898572209675599
1.89,9.233,0.0484,-0.0008,146.2803593229593,178.08043743664612,452.971793267096,146.35042002828442,136.70858518364324,112.8562818377695,215.61453088672764,1.5853261671732615
1.9,9.3176,0.0489,-0.0008,146.65973407097488,178.54228495596942,454.79037180308626,146.9623374088997,137.4490791844293,113.26709036346612,216.2058387882417,1.58243087107525
1.91,9.4137,0.0494,-0.0008,147.04442503261095,179.01060438752637,456.8138798960305,147.59336384538145,138.17384295905683,113.69619399462852,216.7961309492409,1.5788181443827796
1.92,9.5329,0.0499,-0.0008,147.44130092356156,179.49375764607495,459.25231450119014,148.26399076249604,138.86850709722302,114.16324775699134,217.38736704299535,1.5737669858589596
1.93,9.679,0.0506,-0.0008,147.93968058396234,180.1004807109107,462.166040257207,149.0772875511705,139.78590261894317,114.71146819673258,218.09236770345777,1.5681212984519488
1.94,10.021,0.0507,-0.0008,148.27491394824202,180.50859089351204,468.57714339479315,149.9370686933357,139.69521700219116,115.47116766556995,218.48990188742476,1.5474642785876942
1.95,10.2504,0.0507,-0.0008,148.4846494961996,180.76392112580822,472.8867873995576,150.54169983406146,139.62148900274948,116.01383485088687,218.81093847432527,1.5336726753046206
1.96,10.4797,0.0508,-0.0009,148.726798830773,181.05871162007148,477.141415563566,151.18795485741015,139.68094838998323,116.56869470455655,219.1862999965415,1.5207068939298125
1.97,10.7206,0.0508,-0.001,148.91556693006814,181.28851626269164,481.54414519611294,151.79771330533333,139.6055001355557,117.11638840034362,219.50560511504244,1.5068650921496993
1.98,10.9882,0.0508,-0.001,149.0994519618917,181.5123763014334,486.344636468502,152.4432880202282,139.50704115806263,117.69848102349167,219.82707823704052,1.4918508782414763
1.99,11.2787,0.0513,-0.001,149.50663904079866,182.0080823105375,491.46186030769536,153.36185488207664,140.0220858978167,118.40335870882652,220.43043522618981,1.4784897182954444
2.0,11.573,0.0523,-0.001,150.13239036590554,182.76986653240675,496.5680911833261,154.52038923213942,141.1623835907051,119.19993517767026,221.30695562702658,1.4677969491691407
2.01,12.1617,0.0577,-0.001,152.77495989017555,185.98690769238763,506.31972997588156,158.1876972474536,147.39452645905737,121.20571467640816,224.5174863802453,1.463347256367823
2.02,12.3414,0.0592,-0.0011,153.55609552278327,186.93785541904052,509.4146051109288,159.36494799417034,149.2250313295165,121.889047447933,225.5753139730534,1.4612489485577185
2.03,12.3796,0.0594,-0.0012,153.744113932848,187.1667473965106,510.2654574700319,159.7340246885947,149.6330502279813,122.145015415049,225.96153680026825,1.4602738330464857
2.04,12.2649,0.0594,-0.0012,153.81900910866938,187.25792413229317,508.70164841353096,159.7845915317204,149.9648422533728,122.14815236942985,226.22705362302034,1.465976464567129
2.05,12.0699,0.0594,-0.0012,153.87442518440415,187.32538718101375,505.84153699773276,159.71130387639317,150.3866298076227,122.03235714682843,226.48024557957197,1.475789646615764
2.06,11.8329,0.0618,-0.0012,154.92287104729587,188.6017560575776,502.26588213100734,160.65547131240962,153.77745083651075,122.25034282515337,227.8964387927333,1.4986528060656252
2.07,11.6609,0.0627,-0.0012,155.33372328282414,189.1019239964816,499.70380120483014,161.00886426413754,155.28335409668918,122.30387105427086,228.58032740792197,1.511578001819789
2.08,11.5233,0.063,-0.0012,155.50120772749685,189.30581810303966,497.68039261587796,161.14349121965398,156.0270251558521,122.30712703096103,228.98114327059758,1.5201694482928536
2.09,11.5042,0.0628,-0.0012,155.50632209178033,189.31204428564564,497.60132405432176,161.24152767364026,156.01882939022528,122.40875080461844,229.16160590625773,1.5203252027485847
2.1,11.4966,0.0625,-0.0012,155.47423068179685,189.27297648218746,497.7108611088381,161.31170693402981,155.8727673182819,122.51092671962124,229.29461369876643,1.519429882839463
2.11,11.3704,0.0608,-0.0013,154.82004396783117,188.47657526518577,495.84947258653483,160.55753231137348,154.15420271670087,122.19798642074866,228.73015401276498,1.518688841907389
2.12,11.1105,0.0599,-0.0014,154.4356979159417,188.0086757237551,491.71862460685213,159.93618548017406,153.56795215238415,121.80111319860343,228.5212778026851,1.5288180052349851
2.13,10.69,0.0597,-0.0014,154.25139948523287,187.78431241680525,484.7502826688203,159.35155407166755,154.05706764627408,121.25119061194007,228.6287769768762,1.551553274276835
2.14,10.1892,0.058,-0.0014,153.3637966806318,186.70375248076917,476.1669737231162,157.9042298461899,152.77964743059445,120.28446696599971,227.9608753053072,1.5731398397592202
2.15,9.6636,0.0567,-0.0014,152.56856921774798,185.73564948247582,466.84534194582005,156.54682993633807,152.03864105724492,119.30073432163512,227.4691535924988,1.5994799783126656
2.16,8.7524,0.0556,-0.0014,151.43017475513744,184.34977796277602,449.719314884814,154.4647983233851,152.15180928403413,117.57188581732892,226.99067604836688,1.6548852056228693
2.17,8.4333,0.0545,-0.0014,150.7413469202731,183.51120494641944,443.58660343531733,153.48037495908014,151.39292131215518,116.90098913889581,226.60422097346077,1.6722847509087733
2.18,8.1757,0.0539,-0.0014,150.2940148468872,182.96662677012353,438.5603785987965,152.8390267130453,151.1994407964639,116.42176742345302,226.4897082646681,1.6883359312379538
2.19,7.9681,0.0527,-0.0014,149.64318719277458,182.17431484337774,434.46921993651324,151.9966702716451,150.11188166338653,115.92221095268332,226.0463619534423,1.6980878132295165
2.2,7.7912,0.0519,-0.0014,149.17792637546972,181.60791037013706,430.95318847112696,151.39977059458144,149.5040575512952,115.54768419705812,225.81995804948892,1.7077781319862282
2.21,7.6451,0.0511,-0.0014,148.7416105095719,181.07674322904407,428.0401251311846,150.85940438671415,148.83616842418925,115.22984729623154,225.59151099827534,1.7152588137202702
2.22,7.526,0.0498,-0.0014,148.12586803991948,180.32714370077156,425.67059862785,150.1188694478978,147.41672994647004,114.86804566830546,225.06784243622556,1.7180712122639634
2.23,7.4145,0.0492,-0.0014,147.80298843915506,179.93407288244964,423.4386952116275,149.7366030259761,146.94604703371954,114.64931589768787,224.94428040310572,1.7240280791470264
2.24,7.326,0.0468,-0.0014,146.7401921058128,178.64023386794605,421.6874990792505,148.47094802626333,143.87429415813895,114.11901476795914,223.7198297261259,1.7183132616587553
2.25,7.3205,0.0452,-0.0014,146.11387304275672,177.87775848683427,421.75247567960406,147.7870993522213,141.75668341978516,113.91867379644394,222.96029510605433,1.7097937143376467
2.26,7.3177,0.0434,-0.0014,145.3806938117294,176.98519246645319,421.87601719650934,146.98022325100888,139.31445750087778,113.66887433284742,222.03386935987731,1.6996453053546468
2.27,7.3165,0.0415,-0.0014,144.57658704927866,176.00627988607837,422.0340126105088,146.0947774457372,136.6859887147452,113.38371686268103,220.9919198595571,1.6884463007116424
2.28,7.327,0.0418,-0.0015,144.8117897240439,176.29261357709694,422.44863821965384,146.4532913823166,137.26921205527213,113.61370259635643,221.44742882063673,1.6894001233745686
2.29,7.3376,0.0412,-0.0016,144.62133362428764,176.06075397739366,422.8647369211266,146.30698104423445,136.52096427819635,113.63924424348899,221.27883199100646,1.6849071261594548
2.3,7.3837,0.0411,-0.0016,144.71200740862238,176.1711394539751,424.06057942605923,146.5228794895096,136.45723791754102,113.8566744845007,221.46319581064108,1.6805019437057365
2.31,7.4414,0.0411,-0.0016,144.8635378314589,176.35561127308043,425.5061880044763,146.82122259124245,136.52441001418592,114.12192645394171,221.7191819576167,1.675779859531425
2.32,7.499,0.0411,-0.0016,145.0131990137886,176.537807495047,426.94395058458275,147.1182618227107,136.59189577801885,114.38599042989556,221.97429087156158,1.6711028507601147
2.33,7.5567,0.0411,-0.0016,145.16126064004632,176.71805643136074,428.37829328689105,147.41447143748516,136.65939213365436,114.64931765998816,222.22857345073533,1.6664540597815207
2.34,7.6182,0.0415,-0.0016,145.50503452908623,177.13656377453978,429.88902597995485,147.94502027082603,137.31384906962379,115.0123731384763,222.763138206497,1.663957255304727
2.35,7.6144,0.0415,-0.0016,145.57867935228825,177.22621834191614,429.9885895902782,148.09955557757476,137.47155840251816,115.14052881483978,223.00278212303553,1.6642753069533205
2.36,7.6105,0.0416,-0.0016,145.69998363363268,177.373893119205,430.08520548378806,148.30991212311037,137.77713621532212,115.2910529706671,223.3114969105756,1.665203952643827
2.37,7.5798,0.0418,-0.0016,145.83688909756543,177.54056064051446,429.6014056371232,148.5147955789455,138.2705574095385,115.40542111781122,223.68325346263794,1.668880885760744
2.38,7.5336,0.0427,-0.0016,146.28481318389487,178.08585952821986,428.77790795674036,149.07589329511143,139.82447849202467,115.64319954708682,224.5324774042018,1.6779813270583213
2.39,7.476,0.0431,-0.0016,146.47695574297694,178.3197722088415,427.7000618082618,149.32719818274478,140.65771997925077,115.73972097856749,225.0306228459018,1.6850327824610403
2.4,7.3952,0.0437,-0.0017,146.72678165459803,178.62390810124978,426.10389937703417,149.6320977783956,141.82554022338522,115.82579679332774,225.655548098738,1.6951882115683623
2.41,7.2491,0.0441,-0.0018,146.78689960097253,178.69709516640134,423.04184072891667,149.66598391556983,142.8093282964398,115.71452390909971,226.1273983404408,1.709706084945038
2.42,7.2501,0.0445,-0.0018,147.04601336967528,179.01253801525687,423.23759939989094,150.0492020673957,143.55384650748204,115.93696072548126,226.6305172545397,1.7119491723672555
2.43,7.2511,0.0448,-0.0018,147.25897207700305,179.27179209374285,423.4327297767372,150.37686850337036,144.150300847587,116.13699992138909,227.0655627955101,1.71360443539312
2.44,7.2537,0.0448,-0.0018,147.33887459032832,179.36906471866058,423.66293902370563,150.54397165096177,144.30081107352075,116.27567004856779,227.30221313046675,1.7134007599945982
2.45,7.2686,0.0448,-0.0018,147.43593822700643,179.48722914592088,424.1668966508185,150.74027691232726,144.43011499330706,116.44235504876717,227.54099469365974,1.7121627796126409
2.46,7.2991,0.0448,-0.0018,147.55453922315488,179.631612967319,425.01731477207244,150.97368511466394,144.53278325466567,116.64460025562214,227.7826662933927,1.709620684563414
2.47,7.3914,0.0447,-0.0018,147.71179294791295,179.82305228441578,427.2340634691848,151.2994109439974,144.38465885028614,116.96602905250731,227.97154378680304,1.7013891439669495
2.48,7.5029,0.0447,-0.0018,147.93507134222938,180.09486946010531,429.8566470290287,151.72292507683986,144.354894403037,117.35022144564276,228.22998642982193,1.6922631911473818
2.49,7.6644,0.0444,-0.0019,148.07606514849294,180.2665140938175,433.5403462276472,152.09344303159116,143.80575247551377,117.77656488633859,228.29852980839587,1.6775611277761227
2.5,8.0719,0.044,-0.002,148.42511793009487,180.6914479148981,442.3804612299376,152.95277664076252,142.74837576361838,118.70150596272218,228.34896435551025,1.6436859874745011
2.51,8.3256,0.0439,-0.002,148.70458255806182,181.03166572285787,447.8182792095896,153.61125218523955,142.38600650533994,119.34150510221491,228.56444299879834,1.624267932297376
2.52,8.5909,0.0439,-0.002,149.0174428780444,181.41253915588013,453.39533855993346,154.3365799135272,142.1670556845641,120.0143828259314,228.8476019877108,1.6051775095555012
2.53,8.8601,0.044,-0.002,149.35775646602772,181.82683395864245,458.95102927284046,155.11228831019397,142.10070481210704,120.7043889538224,229.19711201358672,1.5869801640135897
2.54,9.0446,0.0441,-0.002,149.61658578238038,182.14193051768046,462.7594438447244,155.70443279106317,142.1533877114714,121.2188243595024,229.52869297202682,1.575020515815696
2.55,9.1753,0.0447,-0.002,150.07624848245536,182.7015198916848,465.48376869289405,156.46358124650112,142.99856442113855,121.738749651854,230.1854079362007,1.5696981867504518
2.56,9.3214,0.0477,-0.002,151.69405538697947,184.67102394936632,468.4829469258643,158.5637216724521,147.23694864458025,122.80918342197654,232.3945914162404,1.5765919140548377
2.57,9.6367,0.0484,-0.0021,152.30293044330193,185.41226314836757,474.65725838073115,159.72070928569346,147.96140947817,123.68216454026532,233.1222909340643,1.5600534982831795
2.58,9.7943,0.0486,-0.0022,152.56455558431,185.73076332002958,477.7911374958428,160.29492823750783,148.19200056732748,124.14781533572196,233.50461004747518,1.551230818057524
2.59,9.9558,0.0489,-0.0022,152.86972799363042,186.1022775574631,480.96978148334733,160.9264482459216,148.55923613477995,124.63808288120238,233.9486325346392,1.5428479810397189
2.6,10.1319,0.0487,-0.0022,152.93721214954056,186.1844321820494,484.3869462199926,161.31280114206848,148.21346722983063,125.04456105117073,234.08246925342988,1.5311141425061505
2.61,10.2504,0.049,-0.0022,153.21043148215045,186.5170470217484,486.7283374256281,161.85784411568744,148.63794813240406,125.45178231303177,234.51724096864706,1.525610155325469
2.62,10.3001,0.0494,-0.0022,153.49818215348623,186.8673521868528,487.81317261859334,162.3288604673514,149.285359647133,125.75755532756529,235.00089275647812,1.5247598369828737
2.63,10.2351,0.05,-0.0022,153.82697617559384,187.26762317028815,486.8184371166861,162.6952545819124,150.35164442666945,125.90219230467616,235.58592591813382,1.5317442609353733
2.64,9.9404,0.0504,-0.0022,153.93578735653,187.4000889557757,481.59622306955225,162.52238167840645,151.43829100328892,125.58900079587107,236.0055994965914,1.5516529221244635
2.65,9.7943,0.0516,-0.002,154.4760926162096,188.057851880603,479.0598321621836,163.04071445849897,153.4572523200592,125.69855093833621,236.92922066614383,1.566838812759965
2.66,9.6982,0.0522,-0.0018,154.76006966555164,188.40356307110636,477.4374588268911,163.3331497376562,154.57906675984583,125.77232617865066,237.49446323818324,1.5759068050248357
2.67,9.6098,0.0523,-0.0018,154.818915466441,188.47520143740647,475.9470436405774,163.3770753517177,154.99813123450295,125.75766358161246,237.76307576936372,1.5820217898667666
2.68,9.506,0.0523,-0.0012,154.81930996320162,188.47568169433242,474.15427631799344,163.33645818305376,155.30119188096478,125.69170589981755,237.96893207767238,1.5886690418104297
2.69,9.4137,0.0523,-0.0006,154.82478173354377,188.48234297996635,472.5667578155292,163.31591002330214,155.58927480244336,125.64525381518764,238.1760719032341,1.5946423424308398
2.7,9.3406,0.0524,-0.0008,154.88646040317684,188.55743005604137,471.33391091581285,163.38337118317395,155.99102116046515,125.65373831105997,238.44522418422838,1.5999301486846198
2.71,9.2907,0.0525,-0.0008,154.96424197003628,188.6521206591746,470.5426108406967,163.496185327409,156.35967946023243,125.70584824602263,238.71804761460342,1.603723133563557
2.72,9.1407,0.0528,-0.0008,155.04686799196062,188.75270885977815,467.7964501329434,163.50684646684448,157.16055827702348,125.59942046286487,239.08886262428325,1.615204330130169
2.73,9.0062,0.053,-0.0008,155.09019131389928,188.80545029518174,465.32393634255095,163.49216320668464,157.8031586293468,125.49890155115973,239.40233165951256,1.6252949991039547
2.74,8.8524,0.0531,-0.0006,155.06482753399618,188.7745726500823,462.44035125811956,163.38003696458017,158.33997378978572,125.33492716166974,239.6520714289952,1.636355104949222
2.75,8.6909,0.0531,-0.0004,154.97980900612177,188.67107183353954,459.36562951399117,163.1933819982371,158.7531701436923,125.12972253456762,239.8403746235542,1.6476454423547442
2.76,8.5102,0.0531,-0.0002,154.86475912654936,188.53101111058186,455.85798083351403,162.95761957531735,159.20382229127924,124.87765059681296,240.02340653595346,1.6605314284762187
2.77,8.3295,0.053,0.0002,154.694806350541,188.32411207891948,452.2994694924474,162.66143035284588,159.5186551885932,124.59804332788569,240.14612327445312,1.673192296264768
2.78,8.1488,0.0526,0.0004,154.38561503648842,187.947705261812,448.6866970458124,162.2002308488793,159.40802041854087,124.25148270410124,240.08958923735776,1.6846314794522146
2.79,8.0104,0.0526,0.0004,154.28603888267645,187.8264821180409,445.9187468413209,162.03557552684256,159.80366365652657,124.06915190271276,240.27733516089918,1.6951484919349993
2.8,7.8912,0.0393,0.0004,148.0295929295818,180.20993921862134,443.5293097502,154.42702671738053,140.16655504692065,120.96255086706438,231.526457829948,1.6296851679188553
2.81,7.7682,0.0363,0.0004,146.38053926893676,178.2023956317491,441.0312656871712,152.4089159126396,135.71926940113764,120.01528676975879,229.32884647247892,1.6199943686266682
2.82,7.3837,0.0363,0.0004,146.0225630205571,177.76659845980865,432.71355099495145,151.62102115136608,136.36279153270658,119.25889668617812,229.44884135607288,1.6507687644729945
2.83,7.1261,0.0363,0.0004,145.7662017780476,177.45450651240577,427.0330638782151,151.11310841619994,136.85444382794276,118.76743504667913,229.5940817229746,1.672322075948941
2.84,6.8647,0.0365,0.001,145.57549137217381,177.22233732264638,421.12995917834513,150.70125775514074,137.69722438044238,118.2998337481169,229.8996803244357,1.6963459502804537
2.85,6.6148,0.0373,0.0012,145.6690033395404,177.33617797857093,415.3520886952043,150.67495247868115,139.5322250809733,117.99699149701297,230.69037597171305,1.7241956975481585
2.86,6.3918,0.0376,0.0014,145.50932973632897,177.14179272248745,410.0897464276518,150.3831810575911,140.52946557400483,117.60828280395562,231.07682577064642,1.7470552871828813
2.87,6.1995,0.0378,0.0014,145.3228782996737,176.91480836482015,405.47249420899357,150.09620186517867,141.32784617753975,117.25737548445468,231.38822180066074,1.7669962252858713
2.88,5.9746,0.038,0.0006,145.04230237268197,176.5732376710911,399.92312328328177,149.69616774515464,142.2064796432649,116.79908627954542,231.68750233367564,1.7908746969820437
2.89,5.7497,0.0382,0.0006,144.72232862465606,176.18370441262476,394.239524123833,149.27302772342244,143.1095583254867,116.3181775407386,231.98319270048546,1.8156241278040721
2.9,5.7151,0.0381,0.0006,144.66076311266366,176.1087550936775,393.46611936332613,149.23327425387313,143.13640515264933,116.30346974958483,232.09654313486448,1.8186732398351322
2.91,5.6382,0.038,0.0006,144.50126897950335,175.91458832287364,391.5686839248518,149.06076640826515,143.2500816560976,116.16260459074275,232.1961362091906,1.8263087585808808
2.92,5.5767,0.0379,0.0006,144.3733354524572,175.75884315951313,390.0640684255874,148.93297560202615,143.33272287650198,116.06456252125079,232.29930261565542,1.8323684571149406
2.93,5.519,0.0374,0.0006,144.06094604024324,175.37854300551354,388.6489729786834,148.56387384553275,142.7279734886941,115.87326948157765,232.08140156846545,1.8354210842802048
2.94,5.4344,0.0352,0.0008,142.84858343019823,173.90262330632828,386.4938023996835,147.01193208835056,139.24016235227404,115.14451439781182,230.43173941000052,1.8298448716213283
2.95,5.3847,0.0336,0.0008,141.9832882395152,172.84922046549676,385.26926025770825,145.91909489584413,136.65514317189258,114.65731336930656,229.22365160844527,1.8240996498994158
2.96,5.3732,0.0318,0.001,141.07584297113436,171.74450448659837,385.08483409579526,144.78082331366764,133.58946931740834,114.20678933949156,227.78011514235723,1.812158609961941
2.97,5.3719,0.0309,0.0012,140.64841168201718,171.22415335202095,385.17892593013846,144.2694026712668,132.0810312626356,114.03786820482638,227.12486700758535,1.8054945669495668
2.98,5.3724,0.0302,0.0012,140.32539950280986,170.8309211338555,385.3208233081093,143.89414481327046,130.91767281648063,113.92912494546653,226.64211719345982,1.8000530337317049
2.99,5.3729,0.0295,0.0011,139.99557188798354,170.42939186363213,385.46179387844796,143.51116934829778,129.74386975957717,113.815052166459,226.14394964886137,1.794527328189804
3.0,5.519,0.0295,0.0011,140.37815955466573,170.89515076220178,389.56115079051267,144.09532276957546,129.60017329461968,114.36171404093106,226.38000326406984,1.778304984847332
3.01,5.6267,0.0295,0.0011,140.66475798493704,171.24405319905378,392.57700579440564,144.5500273588291,129.52680425805409,114.7865697144361,226.6030853113877,1.7666309296264973
3.02,5.692,0.0295,0.0011,140.8574397545209,171.47862230985152,394.4406267732971,144.86861802610665,129.52515130393977,115.08351678817505,226.81268211373808,1.759671184604115
3.03,5.7113,0.0295,0.0011,140.95538728616066,171.5978627831521,395.080252495886,145.04345434792683,129.59783928647002,115.24548957913463,227.00814575268666,1.7576429214859342
3.04,5.7036,0.0296,0.0011,141.05623236320798,171.7206307030358,395.0055313098787,145.20652064456348,129.8953567303341,115.36109135294704,227.29516499578585,1.7592615772551017
3.05,5.6497,0.0301,0.0011,141.28940384138448,172.0044916329898,393.7034263533219,145.5122452391288,130.99528515467188,115.46911926223041,227.96398860114826,1.7689231919268926
3.06,5.5998,0.031,0.0012,141.74588944629005,172.5602132389618,392.4992080886777,146.1091885360677,132.81380590755907,115.70929366622036,229.01333601792575,1.7812289249736901
3.07,5.5113,0.032,0.0014,142.1558412432173,173.05928499174283,390.2451619454903,146.64212625013354,134.87926170873627,115.85381063412295,230.12327262084173,1.798445709471988
3.08,5.4152,0.032,0.0016,141.99531307872832,172.863859400191,387.75768680760564,146.4477162288371,135.16497704972943,115.6652387300583,230.28270974573522,1.8091496506223932
3.09,5.3076,0.032,0.0018,141.79885653231864,172.62469490890967,384.9209959246459,146.2096921109911,135.47693132543253,115.4354146233269,230.43741484221258,1.8213663257572492
3.1,5.2076,0.0317,0.002,141.451779839545,172.20216676118523,382.257902693479,145.7814740392132,135.23264960952918,115.13307649713327,230.31121498567018,1.8306932646931804
3.11,5.1,0.0315,0.002,141.12933738316448,171.80962811863503,379.3424540175252,145.3893447877571,135.1858919968399,114.82992799088625,230.27379858799966,1.8418980759506567
3.12,5.0077,0.0308,0.0021,140.5706078077598,171.12943559205544,376.82560287231126,144.68930666587124,134.18441417811283,114.41696545399199,229.7575461703832,1.8476572081152822
3.13,4.8577,0.0296,0.0022,139.56992652109065,169.9112148952408,372.5922280490833,143.41011710695824,132.34385190232467,113.64291897620954,228.70727655838382,1.8567333232756902
3.14,4.8155,0.0288,0.0022,139.0677661513164,169.2998892276895,371.4698370441684,142.78276145523427,131.01194335805408,113.34286896278796,228.06336402288832,1.8556061939026447
3.15,4.7924,0.0287,0.0022,139.00370422061084,169.22190079030884,370.9049222217637,142.73327514144884,130.96649524920034,113.33185438984523,228.13560188143225,1.8577319341219871
3.16,4.7655,0.0286,0.0023,138.92814350600972,169.12991383340315,370.22506976506287,142.66899225855718,130.92780424464064,113.30702399463455,228.2055352842456,1.8603508523290617
3.17,4.7662,0.0284,0.0023,138.87420081360995,169.06424446874257,370.361670457782,142.62988853836407,130.64159982427245,113.34295364882654,228.18001676163695,1.8586419307065067
3.18,4.767,0.0284,0.0024,138.9322856374295,169.13495642817503,370.50151594189987,142.7392450002877,130.73833553985634,113.44498093504822,228.36219833135883,1.858559742064307
3.19,4.7698,0.0284,0.0023,138.9957703077467,169.21224211377861,370.69923796995135,142.8555109444366,130.83097955198744,113.55364503602868,228.54466280516294,1.8582281104507907
3.2,4.7758,0.0284,0.0022,139.06814541353936,169.30035093822184,370.991625422533,142.9832149583487,130.91708813690707,113.67306812481132,228.7278383051679,1.8574898473189831
3.21,4.8347,0.0284,0.0022,139.2879823001143,169.56797845231307,372.8478206664554,143.3025942062801,130.89943825586843,113.97270521606495,228.92922989828244,1.8500733902966584
3.22,4.8885,0.0285,0.0022,139.54690477702124,169.88318842419977,374.5424972636084,143.6763164761546,131.0848674383794,114.28656189148128,229.23293889291836,1.8442011163421062
3.23,4.8501,0.0287,0.0022,139.60967689899653,169.95960665964796,373.53062673469134,143.79297091850785,131.6404605295552,114.32163353721309,229.60809494708732,1.8506427622793726
3.24,4.7501,0.0288,0.0022,139.43918150376157,169.7520470480576,370.6833902394853,143.60881731937027,132.12941587674013,114.11010597467657,229.85622335756386,1.8641316829951882
3.25,4.6309,0.0288,0.0022,139.14392864871155,169.39260878973582,367.21444034227744,143.27109860885545,132.47242654206778,113.79070597604148,229.99224533540922,1.8795990281437371
3.26,4.5386,0.0288,0.0024,138.9162767753365,169.11546737867053,364.51349257984737,143.02583450153978,132.76573580411008,113.55823849739215,230.13679137659486,1.8918598794214316
3.27,4.4848,0.0287,0.0024,138.7465547095062,168.9088492115728,362.96704153122033,142.84840535437053,132.7847534907762,113.4272229292786,230.19075756672936,1.8983170168823296
3.28,4.4541,0.0287,0.0025,138.70263438679555,168.8553809926207,362.1260697014741,142.83265498902148,132.94888636997203,113.41131437300318,230.3569438865393,1.9025177630841164
3.29,4.3925,0.0286,0.0025,138.5015535479607,168.61058692795217,360.31349299013874,142.61975972060415,132.9862656579065,113.24711792929666,230.40609795725115,1.9101935219623458
3.3,4.2887,0.0282,0.0026,137.988745868533,167.9862993182141,357.14514562636316,142.00894697602763,132.52751939896893,112.82108459442107,230.12053563039663,1.9214483261227748
3.31,4.1734,0.0273,0.0026,137.14501128180888,166.95914416915866,353.5527160005836,140.95699020086587,131.08890973018774,112.17138098417101,229.28149669656807,1.930433879113503
3.32,3.9542,0.0263,0.0027,135.8343827089926,165.36359634138228,346.4456194424724,139.35857738204024,129.65804235067753,111.0521523916388,228.25493277494184,1.9545658890504118
3.33,3.8351,0.0255,0.0028,134.9710505209187,164.31258324285756,342.52498105312304,138.30402280630182,128.3755587742952,110.37329266183914,227.46171928558906,1.9660169725009287
3.34,3.7159,0.0231,0.0038,133.1376655778389,162.08063635563,338.526471836173,135.90068496932167,123.64634372138623,109.06574084247482,224.6754616010228,1.9625717133566274
3.35,3.6121,0.0207,0.0044,131.26373825592256,159.79933352894923,334.98659711264384,133.43396938268296,118.67146789226473,107.72666724335275,221.61525846569432,1.9553324705266582
3.36,3.5313,0.0209,0.0048,131.1039782806169,159.60484312422926,332.20568342413077,133.3214382470829,119.3678651632029,107.55110291469927,222.0226724759363,1.9711277854115818
3.37,3.5229,0.0203,0.0048,130.7308642033167,159.15061729099426,332.0013389768387,132.83094198141364,118.11042321459797,107.34325293851869,221.34599462522428,1.966210353894434
3.38,3.5222,0.0198,0.0049,130.4489839778803,158.80745875568036,332.0742584001289,132.4590913883761,117.05148629437805,107.20649422379743,220.79466681011536,1.960936069635824
3.39,3.5292,0.0197,0.005,130.4617541131815,158.8230050073514,332.42406743457985,132.48688553682902,116.88600487598276,107.28016155151212,220.817603815453,1.958669628909329
3.4,3.5363,0.0197,0.0048,130.5409261549642,158.91938836256514,332.7748931118719,132.6065015378846,116.94899323834684,107.39912157848667,220.9855080668949,1.9574936344194722
3.41,3.5659,0.0197,0.0048,130.714031263163,159.13012501602455,333.9329792192371,132.8327732124904,116.96773620267639,107.61593818348146,221.16340847564837,1.9524976391533615
3.42,3.6774,0.0197,0.0046,131.21554497280698,159.74066344515631,337.9792586972182,133.4392176485461,116.83197996973063,108.18216357152222,221.3777515119623,1.9339857245196972
3.43,3.812,0.0197,0.0045,131.7829365063812,160.43140096429016,342.7496648769298,134.13745837728436,116.66440254276274,108.83192265223413,221.60028192774135,1.9123898398568662
3.44,3.9427,0.0197,0.0045,132.3080155968501,161.0706276831219,347.2911448055795,134.80221600686687,116.5157924604608,109.45007521348747,221.8188883079749,1.8921626058834258
3.45,4.0273,0.0197,0.0045,132.65174272877542,161.4890781045962,350.21912151481524,135.25541612306438,116.45227316831748,109.87382447104478,222.01672873483474,1.8794469178429174
3.46,4.0427,0.0197,0.0045,132.7534933340921,161.61294840672082,350.83049309075784,135.40859897184063,116.50326405566206,110.0227189570593,222.18564011775226,1.8771827078823613
3.47,3.9927,0.0199,0.0046,132.768606625851,161.63134719668818,349.267410623042,135.4644213387058,117.10850058523647,110.00606356007941,222.61959375343412,1.8868170110830298
3.48,3.9312,0.0199,0.0046,132.60076955797075,161.4270238097035,347.3018693999664,135.28339600574182,117.28869182488708,109.8482843151313,222.7561432936981,1.8961673999284279
3.49,3.812,0.0199,0.005,132.2131810136092,160.95517688613293,343.342044722674,134.8406760818379,117.57372984026485,109.4495835626686,222.8671296623974,1.9146952734857212
3.5,3.8049,0.0199,0.0052,132.23521392803121,160.98199956455974,343.19626184886374,134.8946918224405,117.66224922650093,109.50727506168154,223.0254429496137,1.915837470473487
3.51,3.8014,0.0202,0.0054,132.47305869655867,161.2715497175497,343.17396088254486,135.2400296617219,118.42257810135757,109.71581643138188,223.61952278043591,1.9196277520137952
3.52,3.8031,0.0203,0.0054,132.5949963077396,161.4199955050743,343.32924631753116,135.4248959728345,118.72123749315544,109.85471200850738,223.9249848539365,1.920450332452288
3.53,3.8047,0.0203,0.0054,132.64941079787417,161.48623923219466,343.48085375453667,135.51791803479728,118.79446589058111,109.94804271738771,224.08645793148534,1.9202238202471429
3.54,3.8082,0.0204,0.0055,132.7778975048216,161.64265783195674,343.69841769138134,135.71069474729413,119.08956712055786,110.09400672002361,224.39172056248395,1.9207549062820746
3.55,3.8235,0.0205,0.0055,132.95068182534493,161.8530039612895,344.321244355325,135.9563753398271,119.36240280947843,110.28876491487438,224.70138161883253,1.9194229169578176
3.56,3.8158,0.0205,0.0056,132.9697219765681,161.87618327582206,344.1527863652481,136.0073772210473,119.45297455361252,110.34300825311992,224.85799833740776,1.920661629620862
3.57,3.7774,0.021,0.0056,133.20088346497855,162.15759726171302,342.9212552470342,136.37118496274118,120.72768983911699,110.48913589563278,225.706751618228,1.9320319552013612
3.58,3.7043,0.0211,0.0057,133.02616012450264,161.94489058635105,340.4666440591061,136.2112549285759,121.17595937354606,110.3078535971369,225.9733926103826,1.944902012797954
3.59,3.639,0.0211,0.0058,132.80887961906484,161.68037518842675,338.25616711778713,135.99204009195554,121.38786491340481,110.11105899910018,226.10316273130385,1.955680529896662
3.6,3.5198,0.0211,0.0058,132.35272008926952,161.12505054345857,334.073353586079,135.50853847314085,121.72046594522418,109.66901734671757,226.20658347240706,1.9758674082810044
3.61,3.4775,0.0211,0.006,132.2150469266684,160.9574484324659,332.627269379516,135.38726611271662,121.89095625150405,109.5627026943404,226.34513978471932,1.9832145469139457
3.62,3.4609,0.021,0.0064,132.12510480912445,160.84795368067324,332.11390914521667,135.3000054442067,121.77572401606567,109.52827059731658,226.35574995452228,1.9850785252171876
3.63,3.4599,0.0202,0.0064,131.6491795830175,160.2685664488909,332.1679659387016,134.6481678924559,120.0097728243541,109.25496422690817,225.37247798594007,1.9767453577765275
3.64,3.4605,0.0198,0.0066,131.43408037791522,160.00670654702725,332.2819126613293,134.36242724374006,119.15237902977185,109.15992116979209,224.944048758077,1.9723083506579708
3.65,3.461,0.0196,0.0066,131.34905519756816,159.9031976318221,332.3905116316536,134.25937794910885,118.7573710003464,109.15346422398343,224.8035842084972,1.9700511080614933
3.66,3.4621,0.0195,0.0067,131.33307477318667,159.8837432021403,332.52163640896873,134.2521729945701,118.59369406101223,109.19514794324319,224.81023654964028,1.9687798684900524
3.67,3.489,0.0195,0.0067,131.49614167070183,160.08225942520224,333.5959482569991,134.46542622309005,118.61167798540427,109.39986881358512,224.97836502056805,1.9641364238938641
3.68,3.5352,0.0195,0.0068,131.73989931954728,160.37900786727494,335.3669336590312,134.77178616717222,118.59162071124432,109.69024428975617,225.15521814629207,1.9562231330646478
3.69,3.6159,0.0195,0.0068,132.12167838548885,160.84378238233427,338.36078033082214,135.24080147739858,118.50649969255558,110.1303929402169,225.34749096490324,1.9426395102318132
3.7,3.6467,0.0197,0.0069,132.42929981460756,161.21827803517445,339.5501338860941,135.6565945926322,118.98456407726498,110.44147657272154,225.8153505853859,1.9397421500631902
3.71,3.6659,0.02,0.0069,132.75590829919037,161.61588836423178,340.3226106530803,136.10929581916426,119.71446975158943,110.74682082777069,226.42281764114193,1.9398593805866515
3.72,3.6697,0.02,0.007,132.8173428485103,161.69067825036035,340.54872402026746,136.20912316305686,119.78002701477028,110.84626164163909,226.57880648224912,1.939258880281934
3.73,3.6774,0.02,0.007,132.89422552316984,161.7842745499459,340.91199846703665,136.32708117427148,119.83791833964925,110.96250524646439,226.7362668098656,1.938022095749127
3.74,3.6928,0.02,0.007,133.00164511057173,161.91504622156558,341.54696870677856,136.4810525874792,119.88082175439682,111.11197096336821,226.89692125866097,1.9355287325622994
3.75,3.712,0.02,0.0071,133.1236986385699,162.06363312521552,342.31516815485026,136.65260898225512,119.91642654037871,111.27754927886919,227.05897057165743,1.9324250320361045
3.76,3.7351,0.02,0.0071,133.26026495169359,162.22988776727917,343.21753022741706,136.84184310586284,119.94477682635267,111.45949093614001,227.22243842757666,1.928711124206732
3.77,3.7697,0.02,0.0072,133.44043723968616,162.44922794396578,344.51941441611615,137.08387648831132,119.95171031334436,111.69002437241475,227.39069376191915,1.923175783372324
3.78,3.7697,0.0199,0.0072,133.4178137885136,162.42168635123394,344.6097771041489,137.07165118478733,119.79318877035878,111.72581372388787,227.39491613485797,1.922125849332677
3.79,3.7697,0.0198,0.0073,133.3948929364075,162.39378270519174,344.7006229907742,137.05894831749475,119.63384928270662,111.7611628515677,227.39798943662106,1.9210691470434083
3.8,3.7659,0.0179,0.0073,132.07986198984003,160.79287546589222,344.65779808200796,135.28886242938881,115.25484236753708,110.89438819913164,224.58323244474695,1.9004623693931448
3.81,3.762,0.0175,0.0074,131.815048246912,160.4704935179798,344.61181001346586,134.95054189810074,114.37392355493321,110.75094235442369,224.07160224832654,1.8964534776926987
3.82,3.7543,0.0174,0.0074,131.75625792526927,160.39892269163218,344.4316725596214,134.89175630977172,114.21271497884756,110.74629290828106,224.04987342899986,1.8965321881289408
3.83,3.7428,0.0173,0.0075,131.6827546720794,160.30944047035754,344.1181778669855,134.8144938455886,114.05629640619607,110.7248809804185,224.02510710222785,1.8972123226833897
3.84,3.7313,0.0173,0.0075,131.683502336145,160.31035067008958,343.8027982306014,134.8373983044523,114.14000340574513,110.7560845476232,224.16784345404616,1.8990800486621695
3.85,3.7197,0.0173,0.0076,131.68361114750624,160.31048313609455,343.48341085103647,134.8595765878389,114.22382511596933,110.78650761849036,224.3102254927374,1.9009667684923508
3.86,3.7082,0.0173,0.0076,131.68368898440986,160.31057789406418,343.1656484889365,134.88178266095895,114.30751561587431,110.81700635235309,224.45234349384333,1.9028468254282689
3.87,3.7005,0.0173,0.0076,131.69806827408271,160.32808311627463,342.98122284639913,134.92168845161194,114.38524978251962,110.86355395734452,224.59586175176773,1.9041180820993935
3.88,3.689,0.0172,0.0075,131.6227124260357,160.23634556213042,342.66065699116433,134.84175582905635,114.22658393385906,110.84005948137921,224.5680687429927,1.9048254364248824
3.89,3.6863,0.017,0.0075,131.505632354956,160.09381330168557,342.65217617180275,134.70102964542386,113.80993783222279,110.80009430519277,224.3717293695755,1.9029048833272624
3.9,3.6852,0.0163,0.0075,131.00962579003178,159.48997922264738,342.7002234478775,134.0481687017985,112.16212393143925,110.4881617193348,223.2930991339656,1.894619877868514
3.91,3.6919,0.0156,0.0075,130.52840734186003,158.90414806835136,343.0249542022293,133.41610614383876,110.48275398866514,110.19358006090341,222.16944099485497,1.884850761837482
3.92,3.6986,0.0157,0.0075,130.67633540858,159.08423441044525,343.3493387029195,133.62817382500305,110.78446332093836,110.35916386659012,222.500792243178,1.885057507434601
3.93,3.712,0.0156,0.0076,130.69025071143375,159.10117477913676,343.91124621393794,133.6593204772112,110.579908176121,110.43629826273434,222.46534496771133,1.881671813833279
3.94,3.7236,0.0154,0.0076,130.61618366753498,159.01100620395562,344.40786492134083,133.573871260763,110.12796782435085,110.44566326254186,222.24045605438894,1.8773152538623123
3.95,3.7466,0.0154,0.0078,130.74437321048183,159.16706303884743,345.3066858174401,133.75661427459164,110.16018239659816,110.6215681796976,222.39316242647342,1.873677477727219
3.96,3.7659,0.0154,0.0078,130.85799099388683,159.30538034038398,346.0714399721079,133.92113859886393,110.19721342748892,110.78128779249897,222.5439335769002,1.8706524327614298
3.97,3.8043,0.0154,0.0079,131.04010742812238,159.52708730380115,347.5021189857833,134.17542992002186,110.21119921658274,111.0210598006451,222.7026990632582,1.8646527174557805
3.98,3.8351,0.0154,0.008,131.19294935129838,159.71315573201542,348.6612413991063,134.3928946479255,110.23498452073834,111.22780853307229,222.8577871342481,1.859890693940733
3.99,3.862,0.0154,0.008,131.3305440455719,159.8806623163484,349.67990307652127,134.59128946295428,110.26382062749795,111.41751671711202,223.0108548859792,1.855770276007075
4.0,3.8966,0.0156,0.0081,131.65606217232815,160.27694525326905,350.960496154641,135.0388788160585,110.77848817402545,111.7579948815875,223.54152332888165,1.853008022555166
4.01,3.9273,0.0155,0.0082,131.72338255162785,160.3589004976339,352.1014768768353,135.14669004941047,110.55648589784444,111.90230612301312,223.5088369255033,1.8471271398750033
4.02,3.9504,0.0157,0.0082,132.00667242548982,160.70377512668327,352.9778717425413,135.53912021168006,111.08304125571621,112.19374666914607,224.03251049778524,1.846163137160924
4.03,3.9773,0.0159,0.0084,132.30139066988872,161.06256255464714,353.98215001615375,135.9475146652158,111.60298465068935,112.4991677406894,224.55385338555777,1.8446224050511795
4.04,4.0042,0.0159,0.0084,132.43390277086846,161.22388163410074,354.98149883442863,136.1430556716864,111.63236040327254,112.68602864169524,224.70590410670167,1.8406469191146821
4.05,4.035,0.0159,0.0086,132.5783390578896,161.39971711395253,356.11013572364993,136.3557467516289,111.65747633732354,112.88799260556138,224.85924319522218,1.8361198011045288
4.06,4.0696,0.0159,0.0086,132.73363751400274,161.58877610400333,357.3602890950221,136.5845070351086,111.67873042132489,113.10439213020501,225.013798344812,1.8310807172233015
4.07,4.1234,0.0159,0.0088,132.9486036050732,161.85047395400218,359.2457042077391,136.89774932520677,111.67910355833465,113.3960214168995,225.1757705429672,1.8233148379056214
4.08,4.1619,0.0159,0.0088,133.11194513029727,162.04932450644887,360.6104078841817,137.14133030291106,111.697540739885,113.62536883273759,225.33111254217812,1.8178334186169554
4.09,4.2003,0.016,0.009,133.35440644430986,162.34449480176855,361.9662831414021,137.48906242637221,111.95879464963843,113.91245871536678,225.6698937231617,1.8136251197308162
4.1,4.2234,0.0161,0.009,133.54828802897865,162.5805245570175,362.8128093265093,137.7687576709978,112.23616049569874,114.13888926686734,226.00150718939338,1.811606895466732
4.11,4.2541,0.0161,0.0091,133.6835097978782,162.74514236263434,363.9059803807655,137.975905998731,112.26381221490614,114.33539729919663,226.1529604118329,1.807338023500064
4.12,4.281,0.0161,0.0092,133.80617945136126,162.89447933209198,364.8713331236738,138.16598573235865,112.29585271356088,114.5165642064201,226.30260313947284,1.8036265461178163
4.13,4.331,0.016,0.0092,133.91417366190527,163.02595054492818,366.58066987128024,138.34924095568743,112.06376862560643,114.7261961466762,226.277550507535,1.795578561094253
4.14,4.3849,0.0159,0.0094,134.02969248497345,163.16658215561986,368.40549776351156,138.54720935867513,111.82973739661594,114.94817355355299,226.2522827165646,1.787084171749383
4.15,4.4579,0.0157,0.0095,134.1111286388858,163.2657218212523,370.8246455316418,138.7172250569009,111.34032371893666,115.17802610874271,226.04580049608367,1.7749518539502043
4.16,4.6463,0.0155,0.0096,134.48613278376487,163.72224860632247,376.8227389151853,139.35717657845828,110.75959783491275,115.82084884691143,225.8759969665621,1.748197702265649
4.17,4.7578,0.0156,0.0096,134.890874847063,164.2149780746854,380.3408025462527,139.98662438319042,110.96736338603066,116.35672209422513,226.24197369951017,1.7354854315266366
4.18,4.8885,0.0157,0.0098,135.3287614391028,164.74805740412518,384.3893919156654,140.68337574846797,111.16238401318128,116.95149820546938,226.61268112528535,1.7207820619517233
4.19,5.0538,0.0159,0.0098,135.91172466389514,165.45775176474194,389.3937390150405,141.6061104899838,111.56724035779672,117.71458668129782,227.17906247425884,1.703644468872631
4.2,5.2691,0.0162,0.01,136.65755858146278,166.36572349047643,395.74124127706233,142.80010386117,112.16651577873968,118.68638973457823,227.93951897172764,1.6826682455331072
4.21,5.5229,0.0166,0.01,137.52191574354595,167.41798438344725,403.00943056273996,144.2042180099885,112.96202591589538,119.81447547839859,228.88072171429957,1.6596441803491824
4.22,5.792,0.0177,0.0101,138.9437421421655,169.14890347741886,410.494782155662,146.31639974624406,115.27405801855625,121.36229406094462,231.01770303002067,1.6437160293954005
4.23,6.0458,0.0183,0.0101,139.87717273819356,170.28525376823566,417.3705599532877,147.8300008232,116.45923366498623,122.53304593530567,232.23371414633985,1.6248428878172214
4.24,6.3495,0.0194,0.0102,141.257223183525,171.96531517994353,425.35580525180586,149.91112316299646,118.61661588675139,124.08165192312487,234.227463047089,1.6074239638448264
4.25,6.4225,0.022,0.0102,143.3737238747651,174.54192471710533,427.3163544754469,152.627237533487,124.0288679831854,125.67254796580531,238.25066069318817,1.6252640142739898
4.26,6.4072,0.022,0.0104,143.39569028449588,174.56866643329934,427.0276870659887,152.6653803776162,124.11319878851374,125.71149942810399,238.38815792570153,1.626692314336322
4.27,6.3649,0.0243,0.0106,145.03567842649133,176.56517373659813,426.0487993016938,154.63080043756412,128.89464284977572,126.71501554061565,241.6211133127406,1.6513024033706118
4.28,6.3149,0.0257,0.0106,145.96570524040118,177.6973802926623,424.865987966279,155.74648863324487,131.83028624781244,127.24373625829011,243.51686660000126,1.6680739108491605
4.29,6.2495,0.0259,0.0108,146.04151453892618,177.78966987347536,423.27912248997654,155.79794087750713,132.38796037650297,127.21741008370154,243.88757454847058,1.676027254335444
4.3,6.1611,0.0259,0.0108,145.9421610572023,177.66871780876804,421.07973041686705,155.60787730974263,132.5795132196719,127.03889957909948,244.0055558787824,1.684605717330176
4.31,6.0996,0.0259,0.011,145.8832302512575,177.5969759580526,419.5672159574237,155.50024559342276,132.73720061478983,126.93745294576621,244.13087298842822,1.6906508152590591
4.32,6.1024,0.0259,0.011,145.93122856077295,177.65540868268013,419.737042728352,155.5968464789769,132.80896367327077,127.0276552546168,244.27488508609727,1.6903920067989187
4.33,6.1053,0.0259,0.0112,145.97937499483416,177.71402173284162,419.91035866648417,155.69375372641474,132.8804106322808,127.1180282728248,244.41868002917937,1.690119523409862
4.34,6.1166,0.0252,0.0112,145.57048426117368,177.21624170925492,420.3029426421739,155.2287971996617,131.52987700795444,126.94443420579482,243.69515891812947,1.683053007230248
4.35,6.1402,0.0237,0.0113,144.61371546678785,176.05147969869824,421.01790076527345,154.10280033947183,128.5218380821846,126.45040703742963,241.90640813030922,1.6676196799407548
4.36,6.188,0.0233,0.0114,144.44761020479032,175.84926459713606,422.3629814427663,153.99054275858634,127.71813668518365,126.49368727684194,241.5258277498533,1.659416597619179
4.37,6.2995,0.0234,0.0116,144.73136331279235,176.1947031633994,425.35057511130896,154.51563408721435,127.86995650261355,126.94530816831467,241.8323997151674,1.6496643129604174
4.38,6.4725,0.023,0.0116,144.91444127056235,176.41758067720636,429.8711215304071,154.55295840264455,126.70504859259634,127.3401662809661,241.47893804676067,1.632181457515886
4.39,6.6609,0.023,0.0118,145.4606330667658,177.08250982041056,434.7060475253852,154.89117137014821,126.26873515275084,127.94847371340845,241.669610026355,1.618188235904323
4.4,6.8185,0.023,0.0118,145.91469194671527,177.63527715252292,438.7041241116991,155.17864519475333,125.92567727599068,128.46128771097787,241.85061645036677,1.6068735547764434
4.41,6.9762,0.0231,0.0119,146.41802036877382,178.24802479676814,442.6513470155573,155.56496925467877,125.80844079031334,129.01276113100826,242.16705255788798,1.596568444297463
4.42,7.2491,0.0232,0.012,147.1612632581663,179.15284222733288,449.2867347411129,156.11931233969423,125.45468317142979,129.8558818015928,242.51082545187492,1.5785157950356918
4.43,7.3529,0.0245,0.012,148.253834705567,180.48292920677721,451.83375297447895,157.59927672099218,127.94661973760974,130.79432197948844,244.40117143897353,1.5811186963888972
4.44,7.4414,0.0258,0.0122,149.2919186627082,181.74668358938393,454.00510023995685,159.02560943421815,130.43213182882278,131.66580352808035,246.21156747501539,1.584540564389134
4.45,7.5375,0.0262,0.0124,149.7986218907382,182.3635396930726,456.3377612491713,159.59119938601873,131.05653001384903,132.16049240034124,246.86839201652947,1.5811395782400888
4.46,7.6221,0.027,0.0126,150.5075955246257,183.22663802997914,458.3897071150549,160.51342487231304,132.50549551161382,132.7867845861711,247.99682247978456,1.5811984795236802
4.47,7.6951,0.0288,0.0126,151.74955167024646,184.73858464203917,460.163288333402,162.32374329400633,135.9465268423624,133.76661753913078,250.24566777178222,1.588455949985774
4.48,7.7682,0.0299,0.0128,152.57730166918554,185.74628029292154,461.9308113186138,163.4654946445124,137.9659534536202,134.44973696036897,251.62785667950254,1.5909439771836598
4.49,7.8181,0.0309,0.0128,153.29263341754285,186.61711894309565,463.16392004161025,164.4721213052,139.8285243898148,135.02538847477345,252.86087185992207,1.5942138336472824
4.5,7.8912,0.032,0.013,154.0979620672419,187.59751903838145,464.9162097480589,165.58097136185378,141.80542624951417,135.68347235014633,254.17385577399077,1.596465135285973
4.51,7.9373,0.0325,0.013,154.5247643045812,188.11710437079452,466.0539277736451,166.1259425226118,142.68388192684472,136.05612670159846,254.84072744960883,1.5967986463365151
4.52,7.9642,0.0333,0.0132,155.06776326444685,188.77814658280488,466.7596932150552,166.89975771254564,144.1827732166193,136.48145694876064,255.7973151085722,1.6001204102995619
4.53,7.9604,0.0334,0.0132,155.18403241235242,188.91969163242902,466.77674701721196,167.0362212693554,144.42390889171244,136.58993684491332,256.0392576783616,1.6012857157768021
4.54,7.9258,0.0334,0.0134,155.18740744276286,188.92380036510264,466.1035781539611,167.049607665428,144.5584952504131,136.58799014932336,256.1738798472865,1.6038624336464908
4.55,7.8681,0.0334,0.0134,155.14374399619265,188.8706448649302,464.906127236492,167.0337419789633,144.75761334047172,136.52783689267287,256.3026617847499,1.607966884274166
4.56,7.8573,0.0334,0.0136,155.19363699971007,188.93138417356008,464.7642414733063,167.07558252087537,144.8266004080087,136.5841695061782,256.442453882747,1.6090068957599135
4.57,7.8572,0.0321,0.0136,154.58349851938587,188.18860689316543,464.86278541792154,166.01502365434231,142.36501797115648,136.2175323859909,255.2637764413548,1.6016038091753286
4.58,7.8577,0.0319,0.0137,154.54913524029985,188.1467733360172,464.97514015832456,165.89726040336825,142.0164114066247,136.23089081887707,255.19766503130785,1.6006917682153838
4.59,7.8581,0.0317,0.0138,154.51396626765182,188.10395893453267,465.0850416932263,165.7788013236163,141.6676582036616,136.24337574186924,255.12993524501167,1.5997808674777203
4.6,7.8643,0.0312,0.0138,154.32816423240286,187.87776515249044,465.32537744465617,165.4052557231266,140.72294865475342,136.16151718719414,254.7448826395186,1.5966536612572642
4.61,7.9143,0.0308,0.014,154.28009071528982,187.8192408707876,466.5540951467716,165.1739904655914,139.85982789726643,136.22216897421572,254.46961646530485,1.5912612274286284
4.62,7.9681,0.0301,0.014,154.0704349624973,187.5640077804315,467.86301983515426,164.68128517900374,138.41053335005228,136.17719964280926,253.86208637415265,1.5837698847808483
4.63,7.9912,0.0287,0.0142,153.39984707772496,186.74763992070865,468.4816703687826,163.51528333677152,135.67661099020933,135.77808025459183,252.43857591179912,1.5737725376831297
4.64,8.0142,0.0272,0.0142,152.64765732048707,185.83193065102776,469.0962915719157,162.23470388910718,132.73641083480933,135.31156155894476,250.82529246979018,1.562907888151076
4.65,8.045,0.0264,0.0144,152.30175227409538,185.41082885542048,469.8849385833325,161.5918568324705,131.14307713079933,135.1321295322864,249.99697618861234,1.555979089895646
4.66,8.0988,0.0265,0.0144,152.5284653789565,185.6868274178601,471.18259609539683,161.81307766166512,131.26793055694873,135.3851693262871,250.26819935255264,1.5535741425440621
4.67,8.341,0.0263,0.0146,152.9104777313071,186.1518859337652,476.6165445485865,162.01551200340774,130.4419499216528,135.95639875951758,250.21203068693086,1.5376406754832737
4.68,8.514,0.0263,0.0148,153.27470377243313,186.59529154904902,480.47015030433784,162.3056824059926,130.15682089549384,136.44000991332769,250.3855101190072,1.5275678362611589
4.69,8.7524,0.0262,0.0148,153.67367089165023,187.08099065070465,485.6664851990744,162.58998624392828,129.578189858679,137.02164943078603,250.44789940115248,1.5132810954712406
4.7,9.0062,0.0262,0.0149,153.7579821411248,187.1836304326737,491.1009916848588,163.42078560894143,129.60816855626948,137.66832335666453,250.63590664254144,1.4951320039057887
4.71,9.2484,0.0262,0.015,154.14967529130917,187.66047426768074,496.2078966856437,163.82923165121838,129.28558529422455,138.27709067712595,250.81996658962305,1.4817508054851039
4.72,9.4637,0.0262,0.0152,154.49153619445303,188.07665275846455,500.69376341130334,164.19453680927126,129.01724333288914,138.8179046336385,250.99732907715432,1.4702010911472485
4.73,9.6444,0.0263,0.0152,154.84297948930435,188.50449676958794,504.42897172672065,164.59507388237168,128.98927700841074,139.32247411200441,251.29133173046654,1.4614273899013617
4.74,9.9366,0.0267,0.0154,155.50037516663375,189.3048045506846,510.3189152877662,165.40899603985588,129.35826211966756,140.18026639672735,251.97514257213388,1.4489610074542778
4.75,10.0287,0.0282,0.0156,156.60384863174903,190.6481635516945,512.2277195653473,166.87891471149132,131.94201401623124,141.08750408582952,253.92463278220953,1.4539984292590262
4.76,10.1433,0.0331,0.0158,159.69153425128582,194.4070851754784,514.56305100993,171.13679868013244,140.40687548874195,143.29402912584175,259.42849739750375,1.477746953646952
4.77,10.2083,0.0342,0.016,160.4549352927618,195.33644296510136,515.927736966957,172.15403923738728,142.24087964279633,143.89953558630646,260.6841069270111,1.4809667206531907
4.78,10.2657,0.0348,0.016,160.92439249493734,195.9079560807933,517.1408599610237,172.7569289248536,143.2144372806591,144.30780117683148,261.4234792783777,1.4816939174340438
4.79,10.3307,0.0366,0.0161,162.0517676358208,197.28041277404273,518.496506391127,174.29686048350138,146.2208977140345,145.1291694324188,263.2944723538266,1.4885804128086393
4.8,10.3956,0.0389,0.0161,163.75545388758377,199.3544656022759,519.8453289939423,175.74852244712574,149.56520521929403,146.08143977751564,265.54120602414906,1.5012457639289176
4.81,10.5638,0.0408,0.0162,164.98574487750432,200.85221115522265,523.1495969920934,177.42076541550367,152.4557714428808,147.0852260555396,267.36499742403026,1.5027084025954118
4.82,10.6862,0.0409,0.0162,165.2546120751199,201.17952774362425,525.5642325366075,177.68125626976934,152.40408753404887,147.44447014487005,267.6134756674454,1.497480645566516
4.83,10.8238,0.0409,0.0164,165.48799340702985,201.4636441476885,528.2475023721229,177.8818260293929,152.15747921726387,147.8015012158655,267.7791876622301,1.491091609169866
4.84,10.8811,0.0409,0.0166,165.26262294596685,201.18928010813357,529.4228291748968,178.4679628217669,152.596740593686,147.99898997345716,267.92981281803645,1.4850452989768308
4.85,10.8505,0.0409,0.0166,165.66167898140228,201.67508745562017,528.9618409113502,178.0334696945499,152.19150674740104,148.0238940929787,268.0641726506565,1.490376066812401
4.86,10.6823,0.0409,0.0168,165.53575497292374,201.52178866268977,525.9233574560633,177.92524089798314,152.5905278426409,147.77585044409258,268.172895323675,1.4988190106944559
4.87,10.4721,0.0409,0.017,165.3509397423722,201.2967962081053,522.0540607622637,177.77051785613773,153.08839792401716,147.43777667767003,268.272936231111,1.5094966611998217
4.88,10.1128,0.0409,0.017,164.95845898930023,200.8189935521916,515.2447367228474,177.45331449713146,153.937608111947,146.78208496125043,268.342862925715,1.5280734530519637
4.89,10.1128,0.0409,0.0172,165.02951727482605,200.90549929109258,515.3499458691053,177.51275688143426,153.97998863268162,146.86564084055172,268.4818769518993,1.528367152456352
4.9,10.1057,0.0409,0.0172,165.09092710587947,200.9802590854185,515.3159594392934,177.5644072940813,154.03863922191582,146.93421248375114,268.6192827038563,1.529031013563827
4.91,10.1047,0.0408,0.0173,165.11123960764746,201.00498734844038,515.4008911789246,177.54731232599204,153.91286876819456,146.98555089494977,268.67216036819593,1.528877650871713
4.92,10.1049,0.0407,0.0173,165.13291864263564,201.03137921712167,515.5086121786377,177.53126958917358,153.78423214753494,147.0391787564609,268.72479271407894,1.5286617231556
4.93,10.1051,0.0399,0.0174,164.80674123008504,200.63429367140787,515.6165344367213,176.98602827412077,152.4614440767968,146.8804064222198,268.1699450340835,1.5249157882269573
4.94,10.2504,0.0391,0.0174,164.66405499732483,200.46058869239545,518.539237053226,176.59456195222455,150.82169979164007,147.01825468932893,267.6302094458896,1.5136632624548745
4.95,10.3803,0.039,0.0176,164.8473933761303,200.68378324050647,521.1439480510608,176.7186099426416,150.41941157219864,147.33660453514491,267.70299065410285,1.5068537504352704
4.96,10.4453,0.0389,0.0178,164.94668996809992,200.80466604812165,522.4928623220991,176.7720913639084,150.15731581934406,147.5204261090077,267.76270241792423,1.5033641416916463
4.97,10.4568,0.0389,0.0181,165.03054000804443,200.90674435761932,522.817841260548,176.84383316243725,150.1759276852929,147.62643881772988,267.9013616998167,1.5030702656384052
4.98,10.4568,0.0389,0.0181,165.10010952383874,200.991437681195,522.9218897709877,176.90291462249402,150.21825429553726,147.70895466184487,268.037635678779,1.5033541292264112
4.99,10.4644,0.0392,0.0183,165.3320636265166,201.27381658880282,523.1716426081504,177.198451109606,150.75217545945753,147.90109252518965,268.4431140840914,1.5047836641548324
5.0,10.4721,0.0402,0.0183,165.91686163115287,201.98574459444697,523.4223453201471,178.0212830047176,152.46550222406128,148.3088649191676,269.46154986163805,1.5097288137125413
5.01,10.518,0.0418,0.0185,166.8385084110069,203.10774936992146,524.4017189759851,179.32193744757365,155.0941987411531,148.96653571297182,270.97793077380413,1.5156390821641024
5.02,10.5065,0.0415,0.0185,166.74651275983013,202.99575466414103,524.2861857770208,179.14652267484558,154.65928207226048,148.93659122604623,270.8587301756709,1.5150295375356915
5.03,10.4224,0.0418,0.0187,166.8589924325797,203.13268643966225,522.7833889962176,179.33688302930443,155.38847407879317,148.93566481711315,271.2328788176364,1.5210208201085227
5.04,10.3115,0.0421,0.0187,166.9339053924582,203.22388482560132,520.7545607034219,179.4966652485715,156.1820294723778,148.87688452153705,271.60010609067467,1.5284213781983509
5.05,10.3033,0.0419,0.0189,166.8954891489056,203.17711722475465,520.6993264051758,179.3978630417163,155.90516236974224,148.88302485105604,271.56657938855017,1.5281476450537461
5.06,10.305,0.0423,0.0189,167.16272668617864,203.50244987882618,520.8341246846917,179.75263596882576,156.61524405480355,149.085988297455,272.03866761393334,1.5303098609080499
5.07,10.3067,0.0432,0.019,167.67028800921423,204.12035061991298,520.9691370424888,180.47185702542436,158.16257549927104,149.43227700166318,272.92086653077814,1.534882461411645
5.08,10.3122,0.0441,0.0191,168.1777433340414,204.7381223197026,521.1773230287948,181.18904826479883,159.6959303298416,149.78175988342613,273.7909515039427,1.5392073933619674
5.09,10.3803,0.0444,0.0191,168.47935904007886,205.10530665748732,522.5906527218074,181.53664561309407,160.0766693553033,150.0902148785546,274.1820970480741,1.5374346067923768
5.1,10.6326,0.0445,0.0192,168.9171302977244,205.6382455798384,527.5079197090871,181.93639678584034,159.7004032420008,150.72049001734152,274.44728795667777,1.5254591761891243
5.11,10.6518,0.0445,0.0193,169.01088683581142,205.7523839740313,527.9742195413739,182.01503971171783,159.69824703561636,150.84177236736375,274.5870016266044,1.5247883763642753
5.12,10.5906,0.0445,0.0195,169.00500492273673,205.74522338420124,526.9165215899521,182.00782143959682,159.87862709012725,150.79860169320455,274.7111387322332,1.5281299735845573
5.13,10.5952,0.0445,0.0195,169.08059291691595,205.83724355102814,527.1057156495721,182.0705484324088,159.90926205536485,150.8898581728638,274.84766896710687,1.5281865001035861
5.14,10.5998,0.0445,0.0197,169.15613738549692,205.92921073017018,527.2955011751372,182.13320853039014,159.93972802452768,150.981006288716,274.98400231425387,1.5282406799995685
5.15,10.614,0.0455,0.0199,169.71730409702815,206.61237020507775,527.6674136156857,182.91968183718976,161.59668681034321,151.37068163617036,275.9179604602065,1.5325043223553068
5.16,10.6436,0.0464,0.0199,170.2455066646819,207.2553994178736,528.3303032559138,183.64497227681727,163.0465722837407,151.75960339466306,276.76293186931287,1.5354768554537612
5.17,10.7703,0.0478,0.02,171.12004757195015,208.32005791367845,530.825207852529,184.81451511598144,165.0731378427402,152.476007848934,277.994993790338,1.5358312267382233
5.18,10.9537,0.0493,0.0201,172.09708767380073,209.50949803767048,534.3614436302003,186.0953583775513,167.1030527365587,153.32202685223834,279.2852722631588,1.5337881839749248
5.19,11.1028,0.05,0.0201,172.660955850682,210.19594625300417,537.2299287904898,186.78264010911886,167.91213843442753,153.88317604083917,279.9622003243051,1.5299140149016155
5.2,11.2099,0.0508,0.0203,173.2152624943299,210.87075434092336,539.306459860232,187.4897966198555,168.97478032389498,154.38179671229545,280.6971071300365,1.5285298423761657
5.21,11.2404,0.0507,0.0205,173.27668434166122,210.9455287637615,539.969741471413,187.5123329464683,168.78528378248026,154.49945260745318,280.7672958408876,1.5269251015224194
5.22,11.2557,0.0528,0.0205,174.29261807251285,212.1823176534939,540.3528551125044,188.98489058511842,172.11545792295468,155.1338175351299,282.3923705809121,1.535439053391801
5.23,11.2825,0.0548,0.0207,175.25754587592644,213.35701237069307,540.9470099168158,190.37819494478723,175.23587585936843,155.7494236195152,283.9029824102904,1.5427687192864683
5.24,11.3742,0.055,0.0207,175.52207188734155,213.67904403676363,542.7243312390377,190.65751306450406,175.3604803773611,156.06108713623385,284.1917949425147,1.5395158974522842
5.25,11.7068,0.0551,0.0209,176.01186089569816,214.27530891650213,548.8349261786303,191.1074881739888,174.7433925090082,156.81687412845986,284.4567276660302,1.5246790576068725
5.26,11.9476,0.055,0.0209,176.29678640805028,214.62217475762642,553.2229529718544,191.33536515463246,174.0616317388745,157.3368243409142,284.5693850049639,1.5135886548482742
5.27,12.2152,0.055,0.021,176.63884904345107,215.03859883550567,558.0275721733118,191.65066463954435,173.490352447452,157.9228456624022,284.7528339443759,1.5019427748606182
5.28,12.4637,0.0544,0.0211,176.68512936309034,215.09494009419694,562.4415822299328,191.55936535792716,172.06771327785245,158.32078271084094,284.5258847463971,1.488946154138243
5.29,12.651,0.0542,0.0211,176.83827023520757,215.28137246025273,565.7603256895811,191.66666963224125,171.40574931358628,158.69616060832797,284.55726081077745,1.4803864966229416
5.3,12.7083,0.0541,0.0213,176.91538738141466,215.37525420346134,566.844158411321,191.71733826371104,171.17758551701033,158.8585088962391,284.6344365170224,1.4778177455002126
5.31,12.5898,0.0541,0.0213,176.88021375475313,215.33243413622122,564.9253059102169,191.66855759950545,171.472543411678,158.72750310192706,284.750472276396,1.48312061004181
5.32,12.1349,0.0541,0.0215,176.52006079196946,214.89398705109326,557.1462469786418,191.29644034501473,172.50766695633956,157.97117295562245,284.8084765403479,1.5031906612300177
5.33,11.9476,0.0537,0.0215,176.22559277093222,214.53550424287403,553.9496103293329,190.91413713164806,172.35549421865608,157.6029237251536,284.6362921744221,1.5101948869110793
5.34,11.7756,0.0533,0.0219,175.94053749526677,214.18848042902042,550.9943633252599,190.54227170586736,172.16944730783746,157.25852911905156,284.4641261215931,1.5166198433743117
5.35,11.5807,0.0533,0.0219,175.80026290661016,214.0177113645689,547.5954222719689,190.40449283033337,172.66168129580436,156.96265841949517,284.56365935557614,1.5258947386815904
5.36,11.2557,0.053,0.0221,175.36968592209737,213.49353068777071,541.7764207361429,189.93144781749726,173.00407303516002,156.32850442081454,284.4293879884778,1.540274455953978
5.37,10.8276,0.0528,0.0221,174.82898196726464,212.83528239493089,533.9121668461514,189.40261788435092,173.7847912030377,155.48980800241017,284.34212053351234,1.560660376072258
5.38,10.4339,0.052,0.0223,174.03121798914734,211.86409146504892,526.5120620546355,188.49553228597046,173.5529948449391,154.5467560643333,283.83412648638694,1.5775526868908647
5.39,10.0707,0.0517,0.0223,173.45532678949422,211.1630065263408,519.5326974476321,187.93685125417085,174.07370964085183,153.7658189715431,283.67961253790673,1.5957219953787347
5.4,9.7559,0.0507,0.0225,172.6164743086599,210.14179481054248,513.3658366145826,186.94739916886624,173.33492610665715,152.89505723175455,283.02642759869406,1.608827263610644
5.41,9.4252,0.0508,0.0227,171.9254612815196,209.30056156011085,506.74418524095904,187.0824108903992,175.00274288868906,152.2408477228212,283.1592128239947,1.625447099444118
5.42,8.614,0.0496,0.0229,170.55724163439288,207.63490285926093,489.71761489545787,184.4483503457003,174.4462404417898,150.0597106607359,282.2244977690857,1.674858408021047
5.43,8.2141,0.0485,0.0231,169.08747170341744,205.8456177258995,480.99851334425193,183.60207025861314,174.40918153937045,148.835104897653,281.4351138854725,1.693104017022066
5.44,7.9066,0.0461,0.0233,167.46118652299864,203.86579228886794,474.13005344129164,181.51077809936695,171.22897049222703,147.47283207544322,279.6356396811651,1.7027247918652715
5.45,7.6221,0.0444,0.0233,166.13982909573343,202.25718324697982,467.6280099977238,179.90078747449266,169.16020125535422,146.3145734853373,278.32691697609005,1.7145595311205877
5.46,7.3837,0.0434,0.0235,165.19850504490992,201.11122353293382,462.0741535210038,178.84083549661148,168.18217781238695,145.4455664609434,277.5673548917409,1.7270745046248586
5.47,7.1992,0.0428,0.0235,164.5422720621567,200.31233120610383,457.7147940127378,178.14469066254483,167.74997283151447,144.8228410442549,277.1418695478828,1.738058444242026
5.48,7.0108,0.0413,0.0237,163.4515027304827,198.98443810667462,453.18754935280504,176.74603717541063,165.63619481836852,143.91736663198043,275.9328607232102,1.7449094205641043
5.49,6.9744,0.0402,0.0237,162.91770044765397,198.3345918493179,452.36952939476,175.88037828462143,163.70535358774282,143.5604079609292,275.0824578933909,1.742151804569306
5.5,6.9566,0.0388,0.0237,162.28104102365077,197.5595282027053,452.009877858494,174.7973663676367,161.11866676798124,143.1584068232871,273.93869228634253,1.7361782802229493
5.51,6.9501,0.0363,0.0238,161.11831567530368,196.14403647428273,451.9303691942218,172.82474184819665,156.34002191690482,142.42195044190672,271.7000416348697,1.7228125539335415
5.52,6.9631,0.0339,0.0239,159.999740399037,194.78229265969722,452.33456360968825,170.90305861957404,151.63266108404918,141.72518762843012,269.4219916936754,1.7078965848671193
5.53,6.9762,0.0323,0.0239,159.25367662302963,193.87404110629694,452.7403505007996,169.60722059746303,148.4595027080871,141.26687682957103,267.8602819025934,1.6973668670306388
5.54,7.1876,0.0314,0.024,159.33339157768066,193.9710853989156,458.01175346143333,169.24057222046036,146.12635414943676,141.61419240096282,267.05905075456286,1.6760821200275307
5.55,7.4644,0.0309,0.0241,159.793593778636,194.53133155660035,464.75011261809084,169.2516226393765,144.3909275776402,142.2686112938902,266.698544014541,1.6537069176382029
5.56,7.8412,0.0308,0.0241,160.26818017098412,195.10908890380676,473.65467875072494,170.25630671231514,143.7852049721409,143.31426115139055,266.80483869580695,1.62370456837186
5.57,8.3449,0.0309,0.0242,161.60202283176724,196.7328973604123,485.1344152679478,170.8484669753568,142.5472613266879,144.71607156962733,267.16172474584994,1.59456943804037
5.58,9.6213,0.0309,0.0243,163.66262692236023,199.24145886200378,512.3175260030715,172.80753012772465,140.22125502845415,147.78635745316282,267.5646530334515,1.5198942426393194
5.59,10.2122,0.031,0.0245,164.54117874728723,200.31100021408884,524.2039405687863,173.76802876899427,139.50169313940435,149.17447121724572,267.9164906626148,1.4895340682354758
5.6,10.6938,0.0326,0.0247,166.09079162770067,202.1974854598095,533.6039465319712,175.76863554303497,141.58157296214898,150.87113988434282,269.88900454560917,1.4748376722328491
5.61,11.0761,0.0349,0.0249,167.8704889698853,204.36407352855602,540.905047429542,178.1316946475143,144.92879595004274,152.57230867392,272.48533115194147,1.4692968832869104
5.62,11.3513,0.0353,0.0253,168.4342348706946,205.050372886063,546.0955069569573,178.83722949246956,145.2144814226757,153.33326588495663,273.06189033186183,1.4587644702756188
5.63,11.5271,0.0354,0.0253,168.72188170601473,205.40055164210492,549.4061989244882,179.18320073735723,145.15685842284103,153.78504932535378,273.3162993454469,1.4514538242840578
5.64,11.6609,0.0355,0.0257,168.63429266243017,205.2939215020889,551.9309469394278,179.8598268823739,145.5501811495623,154.15293057699378,273.56269399846184,1.4430455653160055
5.65,11.6609,0.0363,0.0259,169.47532258611008,206.31778401787315,552.0284741740146,180.14187516377092,146.51228418200677,154.51439992837823,274.47935929038385,1.4505872174385461
5.66,12.1617,0.0371,0.0261,170.0666632468354,207.03767699614744,561.0624298719407,181.80228066590433,147.53266575001305,155.81095970937506,275.4671897470252,1.4295235438210245
5.67,12.5669,0.0387,0.0261,171.31691715470734,208.55972523181762,568.2273440798506,183.52746956866963,149.56545567114225,157.17475006086403,277.17431515305464,1.420406967927962
5.68,13.0944,0.0421,0.0261,173.5820004388571,211.3172179255652,577.3200758808032,186.62660958159125,154.17235210250047,159.29509423867765,280.4355004297086,1.4152476633391098
5.69,13.7252,0.0463,0.0261,176.2233998312783,214.53283457720838,587.8881235569374,190.2616189815147,159.6845838930053,161.72789929298477,284.1491268669387,1.4095287298383035
5.7,14.3635,0.0487,0.0261,177.84504015363808,216.50700540442895,598.285765667709,192.58242015068575,162.35239082509568,163.55409293654307,286.2454452662415,1.3956775856858648
5.71,14.9407,0.0513,0.0262,179.47469081074908,218.49092794352063,607.4607228357089,194.9035563221015,165.33495259148592,165.27677064790154,288.39936064441855,1.3855328284973092
5.72,15.4874,0.0539,0.0263,181.0364437852333,220.39219243419709,615.9616693874804,197.13301122636207,168.29398620314,166.8985996252308,290.4646804666056,1.3768340513546036
5.73,15.4645,0.0566,0.0265,182.38605898487032,222.03520224245082,615.7207857093981,198.8354254160507,172.1831229145977,167.6227413077779,292.44223634618305,1.3886509082056826
5.74,15.4561,0.0562,0.0273,182.26381174547566,221.88637951623127,615.7017586914136,198.64307353375668,171.67417047107568,167.59221141761773,292.30047735974017,1.3876215956760025
5.75,15.4523,0.06,0.0279,184.0922318833508,224.1122822927749,615.751874733431,200.9931661042954,177.05581458065322,168.58038778496544,294.9265916196829,1.4027050069776343
5.76,15.4514,0.063,0.0283,185.50357246592654,225.8304360454758,615.8453281652955,202.81925710122476,181.27781737940268,169.3448163127345,296.93355450457926,1.4141991748892953
5.77,15.5038,0.0643,0.0287,186.16739410582218,226.63856673752267,616.7491280689741,203.68207397216807,183.03060269483666,169.79672306704967,297.86117953198686,1.417332127036642
5.78,15.5562,0.0674,0.0287,187.90048277395388,228.74841381176998,617.6501563141294,205.1337788375609,186.72174306180503,170.62656198221674,299.8288169286674,1.4293794440640912
5.79,15.8926,0.0698,0.0289,189.13736469225498,230.25418310361476,622.8239831984372,206.83816188761833,189.41858833482098,171.7333085690326,301.37517781455927,1.4260888615314544
5.8,15.8047,0.0719,0.0289,190.01022774638943,231.31679899560453,621.6124937450346,207.99876125726954,192.48457152313387,172.1014478938409,302.6584557360586,1.4364157041807937
5.81,15.6021,0.0728,0.0289,190.32482559131387,231.69978767638213,618.6630322408485,208.38877736145352,194.14988269997252,172.04182962387804,303.25149518474774,1.4467455080095317
5.82,15.4109,0.0737,0.0289,190.63547640127402,232.0779712711162,615.8617553935296,208.78323016916548,195.8037820484441,171.99405930073485,303.8407162494567,1.45675228769268
5.83,15.2542,0.0738,0.0289,190.64725848947327,232.09231468283704,613.567226190329,208.76555674807818,196.30638463134818,171.84244294425952,304.00330746470945,1.4629700946228337
5.84,15.0784,0.0738,0.029,190.60401111889783,232.03966570996258,610.9613481488773,208.6744809081491,196.71644753403905,171.63759873822542,304.10906201440633,1.4696215352822068
5.85,14.8796,0.0738,0.0291,190.54063237716286,231.96250898089394,607.9761187765251,208.5605987401614,197.1801054611313,171.39137886338122,304.2108446064308,1.477207025730104
5.86,14.6273,0.0737,0.0295,190.39454891719143,231.78466824701567,604.1222512186971,208.34081846193854,197.62822520926255,171.03177464898047,304.25017768322493,1.4865850436944212
5.87,14.2183,0.073,0.0297,189.88807914574008,231.16809635133578,597.7170296918481,207.64191430817993,197.60206132626428,170.28056303894942,303.940266285967,1.50021113557734
5.88,14.1303,0.0679,0.0297,187.88172570348664,228.72557911728808,596.4022334396542,204.7576243845935,190.6924238885397,169.18883890619557,301.2079357568735,1.486486255995149
5.89,14.0577,0.0631,0.0297,185.91472544149255,226.3309701026866,595.3304596609566,201.9591960538459,184.07158207108637,168.11712977877207,298.4676782718957,1.4723711123654482
5.9,14.0463,0.0615,0.0296,185.29194487326302,225.5728024544072,595.2457026347289,201.05510125321646,181.84528033826905,167.81865504544558,297.5987054889041,1.4671417020251043
5.91,14.0424,0.0599,0.0295,184.66253356005834,224.80656259485363,595.2820596752771,200.14678329129796,179.59472898871945,167.52403383040158,296.7071014233617,1.4615181161918316
5.92,14.0424,0.0599,0.0295,184.72943529366984,224.88800818359806,595.3817010447716,200.2043497079892,179.63560802088568,167.60278723423195,296.8340379759783,1.4617626679980338
5.93,14.0443,0.0598,0.0289,184.75370731307135,224.91755672895644,595.5100119850542,200.2030281199381,179.52904794461804,167.66145862565688,296.896615929432,1.461557611339074
5.94,14.0462,0.0575,0.0289,183.80113951988864,223.75790898073402,595.6401223216691,198.85812347849847,176.2452849004623,167.19810847524045,295.51292546345434,1.4528789447760222
5.95,14.0588,0.0571,0.0289,183.69558676230358,223.62940997150002,595.9433214956774,198.68106803247719,175.68375658113933,167.20100550827033,295.37250003048854,1.451068679372475
5.96,14.0845,0.0566,0.029,183.55216760493283,223.45481273643998,596.4585434741789,198.45430072230852,174.9535863464933,167.20097804411986,295.16433615768796,1.4483489553770585
5.97,14.2985,0.0567,0.0291,183.80087577713775,223.75758790260247,600.0028151082181,198.78463835528112,174.76157660058678,167.66712210779667,295.39028537910417,1.440732761513601
5.98,14.6005,0.0541,0.0293,182.84021246420025,222.5880847390264,604.9114619730618,197.51588399249746,170.54350054965494,167.59655143368693,293.7630175316923,1.4192494345398705
5.99,14.9446,0.0515,0.0295,181.4934790156381,220.94858314947248,610.4176628551274,196.68152631669648,166.76821390792276,167.55146064286257,292.06187233521024,1.3933466588921346
6.0,15.3498,0.0515,0.0297,181.72365185165103,221.22879355853172,616.7877684956693,197.15485783081775,166.24244396814234,168.27618691517768,292.24300284129583,1.3789026038829153
6.01,15.7091,0.0516,0.0299,181.96839240081707,221.52673857490777,622.3645752100772,197.63831193750596,165.9406698914937,168.94317014985154,292.4899698276647,1.366863555319079
6.02,15.9843,0.052,0.0299,182.32399974978057,221.9596518692981,626.60870388827,198.22140509520273,166.18360999043253,169.5531281554801,292.9445584024823,1.3592246371878935
6.03,16.3398,0.0546,0.0303,183.78656230659914,223.74016280803372,631.9992111889427,200.23992493222943,169.3884834016038,170.8600602521127,294.98036235927765,1.357878727178874
6.04,16.3742,0.066,0.0309,189.46103233290054,230.64821327483546,632.6124966469747,206.63633207619867,184.509344535118,173.7029890037976,302.47368490083613,1.4023187622326152
6.05,16.3781,0.0665,0.0311,189.74459156337514,230.9934158162828,632.77424078005,206.98657943292648,185.22481863037714,173.89774900768606,302.8978768135979,1.404158076463305
6.06,16.3819,0.066,0.0313,189.59783391277742,230.8147543285986,632.9343657568223,206.7656959877714,184.58449491178786,173.87446797404647,302.7278221451191,1.4025099245554777
6.07,16.6112,0.067,0.0315,190.18942300972043,231.53494975096402,636.407259977922,207.59563288757786,185.5993216653478,174.52041329002233,303.4779809716,1.398550226656135
6.08,17.0776,0.0684,0.0315,190.7068468306816,232.16485701126456,643.2770367477106,209.28018583449804,187.27961864298416,175.5990407039551,304.4840956898227,1.385696235599201
6.09,18.7099,0.0729,0.0315,193.1089622059572,235.0891713811653,666.2045846030603,213.2107226215752,190.72766622680618,178.94769404555018,307.3518545466793,1.350103577732453
6.1,19.6044,0.075,0.0316,194.20740852301444,236.42641037584366,678.3026875836963,215.12096042218062,192.15439754850524,180.6627072679679,308.7234253775434,1.3310350852141521
6.11,20.3607,0.0756,0.0317,194.60046638357983,236.90491559740153,688.2906915001564,216.09522936882715,191.89978506028874,181.8531122449952,309.25809833722616,1.3120114729638772
6.12,20.9664,0.0812,0.0319,197.06258313213354,239.90227511737996,696.1524173873203,219.5206456671413,198.05364664810205,183.79229705393112,312.34130868848007,1.3131535791234519
6.13,21.4487,0.0823,0.0321,197.60525575298882,240.56292004711685,702.3389619576482,220.50277608088876,198.77753382735688,184.68505863352863,313.07010669250593,1.3039222586160306
6.14,21.792,0.09,0.0323,200.78339715773023,244.4319617572368,706.7253695698781,224.6339737358235,207.66020070204428,186.57160150087088,316.89929863259607,1.3175500170359322
6.15,21.9927,0.0948,0.0325,202.71448614745827,246.78285270125355,709.3187172169901,227.14665893795615,213.1485200907392,187.71038844004127,319.20016327435917,1.3258819508448256
6.16,22.336,0.0964,0.0329,203.40931090226917,247.62872631580595,713.642608009283,228.21237150598756,214.57836075323178,188.47616331085385,320.0636325664963,1.3216761202097755
6.17,22.4479,0.1013,0.0339,205.30458245956595,249.93601342903682,715.123101832478,230.63365078668457,220.22603665592695,189.47503070353702,322.2773843038731,1.3320003269532221
6.18,22.5251,0.1019,0.0341,205.60076470915837,250.2965831241928,716.1765950255923,231.03087520132925,220.85722624472749,189.74707294127947,322.66526597083254,1.3318315041216497
6.19,22.6177,0.1129,0.0341,209.85854799427466,255.47997147129092,717.4143303114095,235.57496697354998,232.8262738486182,191.5675724487148,327.1377184869047,1.3593874574499738
6.2,22.7334,0.1145,0.0341,210.4814604872419,256.23829972359886,718.9284835027661,236.42126108592632,234.52163597550495,192.01857427109576,327.88298684557384,1.3605041043391652
6.21,22.907,0.1146,0.0341,210.61242171796397,256.3977307870866,721.1351498704753,236.64971728585178,234.3896794346619,192.3291154400002,328.07239973358634,1.356658023043745
6.22,22.9263,0.1146,0.0341,210.6867631466485,256.4882333959199,721.4820344247889,236.73425220663717,234.40858090756808,192.43850088440703,328.2080239808994,1.3563915294189839
6.23,23.0266,0.1147,0.0342,210.8055584024615,256.63285370734445,722.8009787964573,236.9148973427226,234.40420030157117,192.6594682544524,328.3892835505466,1.3543708658893314
6.24,23.1153,0.1147,0.0343,210.57353937506542,256.35039576094925,723.9781784984394,237.53629419332412,235.00830988997953,192.8521280757991,328.531909178831,1.350191476969506
6.25,23.2157,0.1148,0.0345,210.69009571998052,256.49229044171545,725.2928823658016,237.71752213804712,235.00581943713954,193.07241162769975,328.7128111284341,1.3481835074591804
6.26,23.3545,0.1179,0.0345,212.12310002212746,258.23681741824214,727.0608803044312,238.72430074331416,237.6557454485143,193.75213468859525,330.0014123741601,1.3544456980259472
6.27,23.4664,0.121,0.0349,213.22062360436655,259.5729330835767,728.5053228209681,240.18832373080883,241.0328316590825,194.38989118918056,331.2621721248021,1.3590185191082542
6.28,23.7558,0.1235,0.0349,214.13600170385894,260.68730642208914,732.038808526582,241.4985872173379,243.40727824671777,195.1505558076177,332.30811371610594,1.357895677754186
6.29,23.887,0.126,0.0351,215.02099808692907,261.764693323218,733.6961655115676,242.69591947433753,246.038771513511,195.7170808031173,333.3227340905806,1.3605060374309847
6.3,23.887,0.1275,0.0353,215.56547773699896,262.42753811460744,733.8120305633869,243.38756211278024,247.76872643132833,195.99595701667602,333.9701367107584,1.363988388258263
6.31,23.7828,0.1295,0.0357,216.24503094879168,263.25482028548555,732.7039238407257,244.21206779075422,250.23694478964924,196.21230754934197,334.77005162311315,1.3709994695443801
6.32,23.5976,0.1314,0.0357,216.87004717204115,264.01570960074577,730.6342815062366,244.9353152433267,252.7384713534042,196.31503163874987,335.5195229832905,1.3797112562467302
6.33,22.961,0.1321,0.0363,217.02492912734354,264.2042615463313,723.1580952047809,244.86575192977145,254.74011935337964,195.71569900339804,335.8177072726941,1.3969355409060802
6.34,22.5559,0.1323,0.0369,217.0593847085012,264.2462074712189,718.3727365648216,244.74020779677574,255.77830183326788,195.3248803207066,335.97366937255765,1.407683217973129
6.35,22.255,0.1322,0.0369,217.0215860871768,264.2001917583022,714.8094725371354,244.5602865534808,256.2919791480894,195.02069671017478,336.04122662237455,1.4153187807919192
6.36,21.9271,0.1322,0.0373,216.99873153475062,264.1723688249138,710.8809182518513,244.39768282366649,256.97903747980916,194.6894437714875,336.13811143797,1.4239725244138581
6.37,21.5992,0.132,0.0375,216.90871157368164,264.0627793070907,706.9129554211203,244.14998919107018,257.4493218569979,194.32793931890748,336.1680860844168,1.4323330930681348
6.38,21.2789,0.1317,0.0377,216.78407486104905,263.91104765692927,703.0010260032388,243.86292449275652,257.7992429748349,193.95825670026636,336.1648971305857,1.4404116191510399
6.39,20.924,0.1303,0.0379,216.3164192591046,263.3417277936926,698.6092084086054,243.10119457074148,256.9716579281141,193.40169969128127,335.78942703155525,1.4471978970486945
6.4,20.6076,0.1269,0.0379,215.26219725287322,262.0583270904544,694.6637778091226,241.54327855273021,253.76250811002944,192.63851348413442,334.73189993730256,1.448685592942987
6.41,20.0174,0.1208,0.0381,213.25928192394403,259.619995385671,687.1050925632458,238.6216152363794,247.93776100668993,191.1342931977078,332.6549230529743,1.4517564376148895
6.42,19.6273,0.1186,0.0381,212.49352456751427,258.68776903871304,682.0660769032233,237.44959808562828,246.2024999712599,190.38534299136722,331.9435965862638,1.4581062674869532
6.43,19.2336,0.1157,0.0385,211.49431154190145,257.4713357901409,676.9144477889658,235.95882793832422,243.63205160633285,189.522975325798,330.95772039064434,1.4630590780179322
6.44,18.7634,0.1124,0.0385,210.31397241156853,256.03440119669216,670.6503066321095,234.20786943366656,240.71660817781802,188.477086287245,329.7843222399442,1.4694630957955508
6.45,18.3238,0.1117,0.0386,209.94694450252547,255.58758461177013,664.7090355155033,233.59574700358593,240.84568930230017,187.81837348779413,329.58815154531106,1.481469054378734
6.46,17.8727,0.111,0.0387,209.555380002853,255.1108973947776,658.5137454653791,232.96299082903562,241.0156380720922,187.12837838457628,329.38724434572975,1.4941649573742775
6.47,17.3911,0.1105,0.0389,209.18732567614623,254.66283125791713,651.7814707959299,232.37948639929567,241.51661577061813,186.4040644259915,329.2562706078291,1.5087090340012468
6.48,16.5692,0.1099,0.0391,208.52826934037495,253.86050180567386,639.942194353051,231.42516802516832,242.72153900869895,185.1048955567722,329.0339895288963,1.5350179236047812
6.49,16.2557,0.1071,0.0391,207.50663594588187,252.61677419498662,635.3887698801708,229.94535169900504,240.0293134129138,184.28041945208133,328.0135140777985,1.53912885584617
6.5,16.0914,0.0936,0.0393,203.05970644209003,247.20312088602265,633.0261251673343,223.60662191947273,223.38747787447488,182.04264761059608,322.41964044146874,1.509306559218505
6.51,15.9805,0.0907,0.0393,202.0517904647545,245.97609273970113,631.4529071172209,222.15488099190927,219.93669557968153,181.4645328344103,321.2116302076477,1.5052800930459573
6.52,15.8276,0.0881,0.0393,201.10265391298995,244.8206221549443,629.2348753825343,220.78644311121812,216.9333368031868,180.85371096363934,320.1009305865701,1.503460260366634
6.53,15.7244,0.0876,0.0394,200.92377623361435,244.60285802353053,627.7607726885216,220.4922689736946,216.5380340323482,180.67505523501467,319.97273410930393,1.5059387682694867
6.54,15.5638,0.0872,0.0394,200.74011221436095,244.37926704356985,625.3997438902563,220.18909690369583,216.39478547172473,180.41637711759728,319.88194242116884,1.510815753969474
6.55,15.0019,0.087,0.0395,200.33020434922682,243.88024877297178,616.7745639153059,219.5756252150285,217.39717188943047,179.50562603350943,319.8230712802716,1.531301271385476
6.56,14.6044,0.0845,0.0397,199.1979990385642,242.5019118730347,610.5760768665452,217.96204547084994,215.0099203564224,178.45628702617117,318.6727869211645,1.5392869670365468
6.57,14.1953,0.082,0.0397,198.02741622993517,241.07685454079066,604.0798097485844,216.3045805128413,212.6176662559238,177.3602794272506,317.48664723407825,1.5479763595770573
6.58,13.7366,0.0814,0.0397,197.4693802731198,240.39750641945022,596.6414971800081,215.54153368357274,212.89985947130094,176.49038859760077,317.2286372637127,1.5649688690453611
6.59,13.3429,0.0814,0.0397,197.15589861750888,240.01587657783693,590.1430409159448,215.14401252604958,213.87531682069428,175.8271056781919,317.28225948712003,1.5817071039622908
6.6,12.8383,0.0791,0.0397,195.87514737589612,238.45670115326485,581.6083674045047,213.40936435258357,211.97730723931804,174.51178795166246,316.1333180590245,1.5965410318165631
6.61,12.7447,0.0769,0.0397,195.04301053322948,237.44366499697503,580.0728446051614,212.18673201736055,209.16961336944112,173.99356228286345,315.07981949722506,1.5938185366111481
6.62,12.7252,0.0774,0.0395,195.26899667831754,237.71877856490832,579.8199291114026,212.47382129382348,209.94684263358272,174.12196059769195,315.46244847520614,1.596575533038918
6.63,12.7194,0.0749,0.0393,194.4079709310931,236.67057330741773,579.8049644940037,211.18190776494313,206.48256663307362,173.70957942796744,314.237757911101,1.5888474973643119
6.64,12.7349,0.0719,0.039,193.3551224249188,235.3888446912055,580.1601161729343,209.61916320875966,202.23670545999974,173.22413629618117,312.6943270160716,1.5782624226480761
6.65,12.7504,0.0698,0.0387,192.62077065302483,234.49485122976938,580.5150294711165,208.5242126012232,199.2449163290991,172.90106527385672,311.6131042885982,1.5705456111598228
6.66,12.9186,0.0695,0.0387,192.73272615799965,234.6311448879996,583.5135838532159,208.60680682221007,198.47094341267425,173.2381042127022,311.5873045858916,1.5623375774520003
6.67,13.167,0.0695,0.0385,193.03123748294104,234.9945499792326,587.8584571835604,208.95028002739437,197.9576865627473,173.7863444083476,311.74953801830924,1.551827742416063
6.68,13.3735,0.0695,0.0383,193.28105801436087,235.29867932183063,591.4483707673837,209.24095140939974,197.54695608712015,174.24876559504452,311.9036367669616,1.5432849315330934
6.69,13.5187,0.0695,0.0383,193.470790517702,235.52965802155026,593.9797753313395,209.45806607966605,197.2731908470044,174.59252766509647,312.0466368840598,1.5374285115613286
6.7,13.9277,0.0713,0.0383,194.59177521355684,236.89433504259097,600.8663834885398,210.97086197940868,198.9738086124191,175.7889950020849,313.2730439442402,1.527054738704129
6.71,14.1036,0.075,0.0383,196.2455634494543,238.90764246020524,603.8415802601439,213.2223220730657,203.7469635927262,176.92136683138702,315.4885188131798,1.5326292637889023
6.72,14.3329,0.0755,0.0383,196.68312157995777,239.44032192342686,607.6607211502162,213.79371797380733,203.98428048506136,177.50401630958945,315.91784433281043,1.525379192967893
6.73,14.4591,0.0757,0.0384,196.92053948205083,239.72935241293146,609.7880380042765,214.08873643939177,204.0291336786938,177.84076198564665,316.1659356251184,1.5213045387884607
6.74,14.4782,0.0787,0.0385,198.1432357298527,241.21785219286417,610.1854625273578,215.7387505326884,208.0884157336556,178.52295847814065,317.88988722166465,1.5304800562986116
6.75,14.4018,0.0797,0.0387,198.5220358840194,241.67900020663234,609.0441421794993,216.22300788005035,209.63280542035528,178.6476584356465,318.51909701643643,1.5368935617316475
6.76,14.0271,0.0797,0.0387,198.27656464312338,241.38016565249802,603.0333448427602,215.85097216588113,210.4818910530662,178.04403239941146,318.5762630911369,1.552112391925965
6.77,13.8781,0.0798,0.0388,198.24782444033502,241.34517757953833,600.6679134116991,215.78016540077553,210.9809352510803,177.8620258757315,318.7221941699369,1.5587418538529583
6.78,13.8435,0.0809,0.0389,198.68354191660015,241.87561624629583,600.1837560021903,216.35493708590562,212.58331999398746,178.0733035004543,319.4032975068848,1.5638731092089968
6.79,13.8435,0.0819,0.0391,199.11026036765665,242.3950995780168,600.2719974635934,216.9142295431346,213.96809238881087,178.32802281814872,320.03312718889373,1.5672403068658831
6.8,13.8434,0.0829,0.0391,199.53382011096642,242.91073752639392,600.3578049870545,217.46986933012565,215.34950025393402,178.58060311012636,320.6577905373344,1.5705869211888879
6.81,13.8779,0.0831,0.0392,199.70160299379333,243.1149949489658,601.0163484087548,217.658023580232,215.56916258328488,178.75336482401732,320.8834391002754,1.5700275130750072
6.82,13.9125,0.0831,0.0393,199.79776440972066,243.2320610205295,601.6757164056559,217.74490647247492,215.51908270276124,178.89043069718662,321.0085009899522,1.5688502060766627
6.83,14.0768,0.0832,0.0395,200.04522792959023,243.53332095776202,604.4669852684971,218.03171538401946,215.30816578983533,179.2840202079881,321.2056345517925,1.5627041393063352
6.84,14.0348,0.0829,0.0395,199.96480021337433,243.43540895541227,603.8652555470371,217.8785885572729,215.03023014242643,179.2260536287478,321.16659266558173,1.5637258611271934
6.85,13.8513,0.0826,0.0397,199.75611966521694,243.18136307069892,600.9262501096983,217.56040194678536,215.07420778824996,178.90553743428305,321.10266211048304,1.5705462837954145
6.86,13.6258,0.0825,0.0399,199.57354778446404,242.9591016506519,597.2592153821654,217.2904158597921,215.49019184635958,178.5376172253972,321.1316042464568,1.579844328588124
6.87,13.3849,0.0824,0.0399,199.36633655522522,242.70684450201333,593.2912300615526,216.99676091286702,215.95145925779045,178.1338003425403,321.15693119381035,1.5899625704108404
6.88,13.0677,0.0824,0.0401,199.10300003005264,242.38626090615105,587.9690575863199,216.65408696052327,216.74590258346356,177.59144699180138,321.2181241344324,1.6039085687326686
6.89,12.7007,0.0824,0.0399,198.65653591961,241.8427393803948,581.6924474432672,216.41527623369666,217.93738114952745,176.9358790237804,321.26845203936136,1.6194977588751975
6.9,12.0298,0.0823,0.0389,198.14148809824067,241.2157246413365,569.8432148739628,215.07393779561468,218.92973938822698,175.611627253209,321.2066042761142,1.652963246383356
6.91,11.3589,0.0822,0.0379,197.0820445692759,239.92596730172718,557.5718095097421,214.4267581792714,221.0939465009324,174.21899526720048,321.1371332181747,1.6842823885127511
6.92,11.2175,0.0819,0.0376,196.835170396401,239.62542483040122,554.9902286165064,214.11346713391043,221.10424868199584,173.92215837638162,321.0722234049511,1.690784590549719
6.93,10.8391,0.0788,0.0375,195.26656117921368,237.71581360947752,547.845510614698,212.0112571291812,217.82248575482268,172.58075412926493,319.5012943477474,1.7007617618037458
6.94,10.4262,0.0775,0.0374,194.21277803445813,236.43294717238382,539.8598998326494,210.75269085959215,217.208836815839,171.45018123058733,318.8357823615146,1.7190246968114251
6.95,10.0096,0.0748,0.0373,192.62359162153786,234.49828545230696,531.5971366791218,208.71452159293872,214.5619028887589,170.01351224444497,317.38924222617976,1.7336019171208186
6.96,9.6098,0.0725,0.0373,191.1480872679403,232.70201928270995,523.464561713659,206.86725110191117,212.4226215663747,168.6483561736649,316.1228728631848,1.7492989754577266
6.97,9.2291,0.0689,0.0373,189.19376659471425,230.32284628921735,515.5233192822297,204.28325996374312,208.20915939675035,167.02892168791536,314.0568904466313,1.7598788556227387
6.98,8.6255,0.0715,0.0373,188.86734564096784,229.92546425856955,502.45602179712864,204.69051897402264,214.29001805972408,165.98543013293025,315.5293526496602,1.8083726527702013
6.99,8.4141,0.0666,0.0371,186.73624443697278,227.3310801841408,497.7895298612961,201.60427984037972,207.42642093280185,164.4871376627547,312.686540391989,1.80494475995691
7.0,8.1911,0.0566,0.037,182.52410648490417,222.203260068579,492.78173177950504,195.27933701981593,192.09527274266176,161.71865576933385,306.19241494640664,1.780588035087085
7.01,8.0334,0.053,0.0369,180.76004197285653,220.05570327130363,489.2077638153756,192.7311470682723,186.62519512755355,160.45300003026412,303.65366865067216,1.7762669011282155
7.02,7.895,0.0481,0.0369,178.40401143192642,217.1874921779974,486.0425020961931,189.25584923063607,178.72501295472804,158.83137253949826,299.9178474948696,1.7637711610710503
7.03,7.7528,0.0438,0.0367,176.17904462821906,214.47883693870148,482.74979722258166,186.0168791759005,171.63991984451866,157.25185966904778,296.3555606436267,1.7530667855021649
7.04,7.6605,0.0434,0.0367,175.83463604926015,214.05955692953412,480.61591481651715,185.57300913463735,171.20344077680784,156.92339471807065,296.0825453815371,1.758058752470867
7.05,7.4837,0.0429,0.0365,175.23672578158158,213.33166616888192,476.41812698567855,184.87575574329875,170.82233132553853,156.30796537160955,295.6919566680823,1.7689533605594867
7.06,7.4375,0.0403,0.0365,173.93148724344135,211.74268012245037,475.360265642069,182.9073149983462,166.27190020702062,155.42158502076617,293.3901711120887,1.7588797154752172
7.07,7.4106,0.0377,0.0364,172.61877390414787,210.14459431809308,474.76944294966574,180.91658025342048,161.59173088353108,154.54381815019252,290.95388301549815,1.746732066065378
7.08,7.3645,0.035,0.0364,171.14867127854697,208.35490416518763,473.706439574043,178.73615065924145,156.688528347713,153.5158942274648,288.2463891033488,1.734772579893213
7.09,7.2914,0.0338,0.0363,170.3804761162922,207.4197100546166,471.97196930532215,177.6410974553357,154.6084369530853,152.9122700176363,287.02334720577403,1.733373039860382
7.1,7.153,0.0337,0.0363,170.04902496774534,207.01620430855957,468.59832033805435,177.27872922656132,154.75680102508943,152.51312860092955,286.97444035405823,1.743743440029762
7.11,7.0146,0.0337,0.0362,169.761297469794,206.66592735453185,465.1817817537463,176.99166965231248,155.10347273946417,152.14415515864246,287.0351432888524,1.7549507523608237
7.12,6.8685,0.0337,0.0362,169.4421664083791,206.27741997541804,461.5246482757954,176.68078764274614,155.4777391053315,151.74299687392514,287.0925078330479,1.7670175923558415
7.13,6.5263,0.0326,0.0361,167.97614670755416,204.49270033963117,452.6739007684205,174.98400348250954,154.20928265357068,150.27468487789272,285.85002235762835,1.7890524396882634
7.14,6.3572,0.0322,0.0361,167.32870197745694,203.704506755165,448.2242498240195,174.2575997101897,153.8715602855296,149.61262719002542,285.43737172627954,1.8014979787016103
7.15,6.3332,0.031,0.036,166.6473393889658,202.87502186482794,447.63930576929914,173.21006055466168,151.54668289658787,149.1185474005984,284.1241934456718,1.796053787623419
7.16,6.3304,0.0311,0.036,166.7472575937731,202.9966614185064,447.6257118687495,173.31428035745358,151.77134885761998,149.20687737830303,284.34277082426917,1.797236912320865
7.17,6.3311,0.0301,0.0359,166.23636550020996,202.37470582634256,447.7059141606931,172.48483825574985,149.7683535225462,148.86279481667725,283.23746065911354,1.7907768862816873
7.18,6.3318,0.0282,0.0359,165.18306447507928,201.09242631748782,447.7865823133466,170.84624703050153,145.9095416559889,148.1190812820226,280.94604652538067,1.777917185456732
7.19,6.3687,0.028,0.0359,165.21916814837786,201.13637861541656,448.84236690018304,170.78908337260376,145.43288077562147,148.21285911284983,280.7971429380311,1.7735426688270624
7.2,6.5648,0.0276,0.0359,165.56590959811987,201.5584986411894,454.1289940582954,170.95711700891766,144.20870904218853,148.7413116000087,280.4338903178939,1.7541221136252698
7.21,6.7955,0.0274,0.0359,166.09305813215587,202.20024468262457,460.21706625568845,171.37966261268983,143.3539710372348,149.45037439097595,280.33891556975084,1.7338117605101255
7.22,7.2299,0.0272,0.0359,167.05939020158772,203.37664894106334,471.2938184269322,172.27430945139415,142.16664186900385,150.75628706430413,280.29877701141487,1.6983964209044133
7.23,7.4644,0.027,0.0359,167.50257968627974,203.9161839659058,477.135356843355,172.6711981559309,141.39209870405116,151.4163344133664,280.1942355350972,1.6796575226944117
7.24,7.7105,0.0268,0.0359,167.93989915799622,204.44857288799543,483.14491772473804,173.08381725271747,140.62818524481818,152.08984535131157,280.0886734579096,1.6606763220175051
7.25,7.9835,0.0268,0.0359,168.6317451361696,205.29082016577172,489.6703447797936,173.59330067496893,140.11383083660792,152.9124392513921,280.25864951313406,1.6429430390467843
7.26,8.2449,0.0268,0.0359,169.02958825686196,205.7751509213972,495.7963301927078,174.359564920379,139.92914998103393,153.68238367990241,280.4232482336853,1.6240839111561773
7.27,8.4833,0.0269,0.0359,169.4442372959915,206.27994105598967,501.28807788046856,175.1266009236419,139.95583176004894,154.4212854518835,280.7159809942864,1.6081880176168724
7.28,8.7562,0.027,0.0359,170.15945647047388,207.15064265970736,507.45195137878295,175.63607783316513,139.64408987443016,155.23405269359338,281.0149465711116,1.593348310796972
7.29,8.9754,0.0272,0.036,170.68323957095535,207.7882916515978,512.3337486259402,176.28911937846118,139.76874386968285,155.9426980533834,281.43387848908344,1.5814146498751585
7.3,9.5713,0.0337,0.036,175.61121140029738,213.78756170470987,525.131368941693,182.81641156672495,150.65599661066923,160.27828015595082,289.621975158907,1.586488871906975
7.31,9.8712,0.0342,0.0361,176.36497335433796,214.7051849531071,531.424769315986,183.78925174965653,151.11099858828203,161.25021173858474,290.3438178230711,1.5725207631739861
7.32,10.2275,0.0345,0.0361,177.0456531276693,215.5338385902061,538.7396853136328,184.6906834155723,151.14963850366513,162.2548527873938,290.8505139030962,1.5548376694246884
7.33,10.5677,0.0362,0.0361,178.487648894389,217.28931169751704,545.5850914960737,186.60954378490476,153.57731770584607,163.73545381092705,292.84689974548763,1.5463812109952948
7.34,10.8085,0.0372,0.0362,179.38286828371906,218.37914399757105,550.3725249400013,187.79885578567746,154.93341734932153,164.70190149121663,294.0365408487186,1.539511813696588
7.35,10.8849,0.0393,0.0362,180.69715563136236,219.97914598600636,551.9287879478674,189.50332708615218,158.3080701808303,165.68492854822713,296.2606590585034,1.5468737759532538
7.36,10.904,0.041,0.0363,181.6999895844702,221.19998732022458,552.3730347858813,190.79352442533218,161.07866549840992,166.37316437882205,298.00248049615027,1.5548203120062132
7.37,10.7664,0.042,0.0363,182.13270738290154,221.72677420527145,549.7755239683169,191.31426453924584,162.94585764002045,166.4644994894188,299.0120974344323,1.567183747403821
7.38,10.7663,0.0415,0.0363,181.9216599229584,221.46984686273197,549.847379710776,190.99681409541094,162.1572596720419,166.36158764510066,298.6493400953583,1.5649104078613563
7.39,10.7698,0.043,0.0364,182.77268249322205,222.50587433957466,549.9897230523645,192.09454933093605,164.61081428385108,166.92322185336246,300.1345789868152,1.5724271214612842
7.4,10.7732,0.0452,0.0364,183.96396799994602,223.95613495645605,550.1296418828529,193.65510924790092,168.17268243857046,167.68660467809158,302.19183647991815,1.583160969095588
7.41,10.7875,0.0454,0.0365,184.1377724926228,224.16772303449733,550.4822655871783,193.85109943302294,168.49238520873485,167.84310961893235,302.4716231518983,1.5835994079040934
7.42,10.8161,0.0454,0.0365,184.22725532076234,224.27665865136285,551.1125180275199,193.93395722733223,168.46681952294963,167.97007819144807,302.58077259524475,1.582338362703092
7.43,10.8314,0.0454,0.0366,184.30078564295977,224.3661738262119,551.4839020356317,193.99517146353162,168.46446504525014,168.06718678164677,302.68705796544396,1.5817716977136886
7.44,10.8391,0.0454,0.0366,184.3652144150342,224.4446088530851,551.7069874074117,194.043952414238,168.47532895555415,168.1472461475533,302.7916669055479,1.581602135240339
7.45,10.8161,0.045,0.0367,184.19010097497613,224.231427273884,551.3334891599435,193.7699011352436,167.89889231842295,168.03512964577308,302.54156028771075,1.5811182574908458
7.46,10.6976,0.0452,0.0367,184.20466746203803,224.24916038856804,549.0927063056798,193.74766682669028,168.44866287727604,167.89313641305446,302.7940900374608,1.5885231789821623
7.47,10.5674,0.0435,0.0367,183.23005874823772,223.06268021524593,546.6043915663464,192.39628337217755,165.95376465739315,167.12713634134545,301.36362788128,1.5874133936528052
7.48,10.5385,0.0423,0.0368,182.62328740495187,222.3240020582023,546.1059836690206,191.54409446091043,164.07379210438594,166.73580279213246,300.36523887394947,1.5832368401408863
7.49,10.526,0.042,0.0368,182.50428129288886,222.17912505221256,545.9308273428113,191.346821075197,163.62821969063933,166.67074784714248,300.186261332813,1.5826309960243048
7.5,10.5665,0.0418,0.0369,182.50211872941827,222.17649236624834,546.8043357666049,191.3094505527948,163.2589070744701,166.75872743182356,300.1098586155687,1.5796942748695015
7.51,10.6069,0.0418,0.0369,182.60512254701172,222.30188831810125,547.6737079209096,191.41306823822373,163.21717626739246,166.9122060606686,300.2195231490778,1.577777462506998
7.52,10.69,0.0417,0.0369,182.70495057508364,222.42341809140618,549.3800622887492,191.51788655241364,162.94487890737173,167.1284805506985,300.2444520749845,1.5731152041389185
7.53,10.8544,0.041,0.0369,182.57275621098577,222.26248582206966,552.6628060678449,191.33278146460958,161.57424667937326,167.32280051991683,299.718995804487,1.5612362224253757
7.54,10.8352,0.041,0.037,182.60514507108803,222.3019157387159,552.362374900038,191.336381090676,161.62749941815517,167.34187681652656,299.8157203160024,1.562453739948975
7.55,10.6365,0.0409,0.037,182.37541745233787,222.0222473332809,548.545429242034,190.965476825049,161.79451620193666,166.92413304954505,299.7800135676646,1.5725646020087294
7.56,10.4797,0.0409,0.0371,182.24070229723034,221.85824627488913,545.5162509724966,190.73217380945366,162.06499244004218,166.6288324123964,299.84746477261666,1.5811376376647095
7.57,10.1777,0.0409,0.0373,181.9119816362038,221.45806460059595,539.5324437669902,190.2403452792233,162.57870621556788,165.98966980286818,299.8828643186163,1.5978183548030669
7.58,9.8827,0.0408,0.0373,181.43287612493836,220.8748057173163,533.5784375312305,189.781940492007,163.05008375109176,165.31518362898112,299.82232330803146,1.6133259569379124
7.59,9.6367,0.0406,0.0373,181.12799372088713,220.50364452977567,528.5380907271182,189.0879320058062,163.02048340593984,164.70939741451852,299.6749066982692,1.6277255516455373
7.6,9.6008,0.04,0.0373,180.8045882114378,220.10993347479382,527.854454831645,188.62706502877225,162.10072391510195,164.47778539706403,299.1868271001139,1.6268739775176684
7.61,9.5937,0.0397,0.0373,180.68092972335586,219.9593927066941,527.7741189802755,188.43637002334742,161.6359161790001,164.4176258881334,298.99197837648995,1.6258838357072727
7.62,9.5911,0.0394,0.0374,180.56111136974255,219.81352688490398,527.788549943703,188.25585935165068,161.16514039111507,164.36772486513152,298.795944299911,1.6246006648032036
7.63,9.612,0.0376,0.0374,179.58315288801668,218.6229687332377,528.2958404182684,187.09993922291173,158.19514815631098,163.8420666721752,297.0884070826283,1.613146644041191
7.64,9.6328,0.0368,0.0375,179.18014919509594,218.13235554185593,528.8008986887006,186.62138842225679,156.86484206876167,163.66036367126318,296.36189314960177,1.6073852955893317
7.65,9.8981,0.0359,0.0375,179.20278208736912,218.15990862810153,534.3825830609527,186.3223167527689,154.7875763398313,164.02422928029165,295.5666712047666,1.588533514745901
7.66,10.2007,0.0359,0.0375,179.64453132599527,218.6976903099073,540.6305503836521,186.9108048001302,154.37774881552156,164.79687674953146,295.7302662341599,1.5719240950404305
7.67,10.3918,0.0337,0.0376,178.63199799706095,217.4650410399003,544.5452589734813,185.61066579076078,150.42023496194702,164.43251077946306,293.4461266269264,1.5494367750864835
7.68,10.4492,0.0354,0.0376,179.7580782933682,218.83592140062217,545.7618649167797,187.04794413657936,153.24318303253804,165.2964288459801,295.43897142933866,1.556159286325042
7.69,10.4683,0.0334,0.0377,178.64354259372652,217.47909533149314,546.2132150359798,185.58516176351247,149.8638994034174,164.60327403481892,293.31430467561773,1.5440873435259088
7.7,10.6594,0.0331,0.0377,178.7267595630653,217.58040294634037,550.068983998202,185.73091046386523,149.15455233839631,164.96867471317992,293.10604169179857,1.532556609346685
7.71,10.8276,0.033,0.0378,178.8972826010176,217.78799620993448,553.4378166370199,185.9876170803487,148.819154159223,165.3591512183268,293.1209527095021,1.5235292534249014
7.72,11.0646,0.0329,0.0378,179.12915979469662,218.0702814891959,558.1028289265812,186.36238250242818,148.41721473625134,165.89352502883412,293.14839681982994,1.5111970687845062
7.73,11.3628,0.0334,0.0379,179.77359503949265,218.85481135242586,563.8702273731312,187.29732563333485,148.9559896656954,166.7986653490383,293.87781335004087,1.4995311580088178
7.74,11.7833,0.0339,0.0379,180.50331049347002,219.7431606007461,571.8200290234909,188.42248450937416,149.36986830424138,167.94103433788698,294.62158021927365,1.4824410446696874
7.75,12.2458,0.0338,0.0381,180.86176802023795,220.17954367681142,580.3613963987216,189.14326494913752,148.78812778893337,168.89388813797754,294.6886180797622,1.4608583762557945
7.76,12.6854,0.0355,0.0381,182.26627619633723,221.88937971728012,588.3035635961658,191.1428829593877,151.10357731371178,170.50775439749225,296.7487564021106,1.4507271278114615
7.77,13.0294,0.0381,0.0383,184.09533195699524,224.11605629547248,594.4203442872312,193.59131018939726,154.8538281638092,172.23474058823996,299.6449485384995,1.4495529474230937
7.78,13.0524,0.0394,0.0387,184.91947040216405,225.11935527219973,594.8978569088483,194.5857751469602,156.86476555276147,172.82069659244877,301.05664052736864,1.4552998225486729
7.79,12.8077,0.0434,0.0389,187.05007036294262,227.71312913749537,590.6909046263137,197.02522520484425,163.3160493544959,173.801183266552,304.9212444276681,1.4855561600907832
7.8,12.5134,0.0465,0.0391,188.53199936470727,229.51721661790452,585.5469684373677,198.69996930063954,168.46397285950692,174.27727664356505,307.71534302542506,1.5133541379364541
7.81,12.2343,0.0491,0.0393,189.67860380986036,230.91308289896043,580.6007336042146,200.01470153695007,172.8533887581269,174.56049644940634,309.9482199281001,1.5381257751016832
7.82,12.0088,0.0494,0.0393,189.67522430630663,230.90896872072113,576.5649296458379,199.89762994205202,173.68440481701268,174.24349805071307,310.25148180085165,1.5502612445837958
7.83,11.7374,0.0494,0.0394,189.46433870394014,230.652238422188,571.6281081671101,199.5078261285159,174.14256408864784,173.7325859281119,310.29931486297943,1.5634944601594951
7.84,11.3819,0.0494,0.0394,189.14539987351293,230.26396506340708,565.0273896062079,198.97240467539348,174.75540907575683,173.02623248330792,310.32889277126327,1.5812477018994906
7.85,11.057,0.0489,0.0395,188.5871571345237,229.58436520724626,558.8862059258438,198.1466145766166,174.55867550915633,172.22174902900423,309.95228784049954,1.5957336902511658
7.86,10.43,0.0483,0.0397,187.59737035686462,228.3794073909656,546.6395327209038,196.66887799135253,174.71059724633665,170.66554151284313,309.421217354996,1.6268641990461448
7.87,10.2619,0.0467,0.0397,186.65388127613375,227.23081198833677,543.3281113083611,195.32284606045488,172.46422691093144,169.85130960390444,308.1311769060058,1.6290302628908322
7.88,10.1548,0.0454,0.0397,185.91263085207436,226.3284201677427,541.2246635420947,194.28657738223993,170.58359835848736,169.25769614275364,307.0771614780359,1.6290379464106601
7.89,10.0898,0.0443,0.0397,185.3097792047568,225.59451381448653,539.9674913275238,193.463148932127,168.9488012046087,168.816863645195,306.1832669012464,1.6274834377861698
7.9,10.0693,0.0438,0.0392,185.07182163031618,225.30482633255883,539.6140885555678,193.12247255103244,168.20024077783532,168.6678860696818,305.825178961492,1.626350043060805
7.91,10.068,0.043,0.0387,184.68534560567772,224.8343337808251,539.6530300825625,192.63019214953806,166.9503030677217,168.46612598505314,305.19055197271723,1.622445052750266
7.92,10.0781,0.0381,0.0387,181.93270317474426,221.4832908214278,539.9271392351523,189.40391408958985,159.06722661513498,166.8655652669663,300.52629364920733,1.5949827440766033
7.93,10.0882,0.0347,0.0387,180.21241008993587,219.3890209790524,540.2010954217078,186.6929189193104,153.1004181759821,165.65795122940548,296.9934865487588,1.577498672928856
7.94,10.1089,0.0323,0.0387,178.84351663573148,217.72254199132527,540.6913815219301,184.90576428101073,148.9872609994188,164.7817435102152,294.33742035118814,1.5627096457006022
7.95,10.1663,0.0315,0.0387,178.46885375770074,217.26643066154875,541.9287511523981,184.41690755716044,147.56521103554923,164.6308124407675,293.4850724310234,1.5550383335019013
7.96,10.1892,0.0314,0.0387,178.4842239533888,217.28514220412552,542.4618915605494,184.41348089657788,147.38898547742468,164.69825172429827,293.4619860964665,1.5534059992067242
7.97,10.193,0.0313,0.0387,178.47642294828623,217.27564532834847,542.606544048528,184.37326957381913,147.23402494199627,164.72097636932384,293.4343214442845,1.5528158125482148
7.98,10.2351,0.0313,0.0387,178.576674609442,217.3976908288859,543.5283820508578,184.48593674788958,147.20954320555975,164.87623734469176,293.53637879830404,1.5507386000363301
7.99,10.2007,0.0313,0.0387,178.58580864938565,217.4088105296869,542.8976563404332,184.45150455688218,147.26858720268228,164.85370954934325,293.62208366389183,1.5528224000983732
8.0,10.021,0.0313,0.0388,178.41665034824635,217.20287868482163,539.2941459460703,184.13442019240617,147.48935087116945,164.4895120744633,293.67638653100863,1.5629205151849734
8.01,9.7482,0.031,0.0388,177.92911142377574,216.60935303764006,533.7084951391541,183.38689998552434,147.29985942461312,163.76300583578126,293.3417259697417,1.5766946466920542
8.02,9.3483,0.0292,0.0389,176.29085109091076,214.61494915415224,525.3085805249971,181.13768881354588,144.59155701230267,162.02818768904217,291.0710836911647,1.5890639455351465
8.03,8.9177,0.0284,0.0389,175.1185114926395,213.18775312147417,516.0020835981375,179.65984600073682,143.7341716187335,160.61665549693276,290.01205034241997,1.6097298603459018
8.04,8.491,0.0274,0.0391,173.95643181560814,211.7730474276969,506.4991236371989,177.72865547577277,142.25605482237245,159.06783655062299,288.64989531709864,1.6320089907034503
8.05,8.0334,0.0267,0.0391,172.64935572098327,210.18182435597964,495.9639693465984,176.1748762290751,141.60547252859817,157.51975399852648,287.65295024250764,1.6575559116577459
8.06,7.5529,0.0266,0.0391,171.66969142578733,208.98918956182806,484.486462614947,174.94273025178947,142.07508354921737,156.13221403361095,287.47175172713,1.6915104653514916
8.07,6.8032,0.0264,0.0391,169.85305231171753,206.77762890122136,465.59775294421934,172.84242917785232,142.84378404382053,153.75615072867757,287.05779738205416,1.7489505922671003
8.08,6.5609,0.0259,0.0391,168.95015101019322,205.6784447080613,459.25587795345956,171.7488531701817,142.25232596788112,152.7653269816306,286.35800513171654,1.7659556047922096
8.09,6.3687,0.0254,0.039,168.15001676572817,204.70436823653864,454.13055054336246,170.7713038280216,141.57021982194166,151.91897603709592,285.6597754016502,1.7792321439857688
8.1,6.238,0.0241,0.039,166.9762071600396,203.27538262961343,450.6070821364766,169.2057815743227,139.09085377471348,150.85878517297365,283.7605494927627,1.7812273060557497
8.11,6.1419,0.0214,0.0389,164.8970849873908,200.74427737595403,448.0000666969365,166.33289890104064,133.48226285680016,149.09585107048278,279.4661823879739,1.7684674534651732
8.12,6.0573,0.0207,0.0389,164.19812117816744,199.89336491255168,445.6900669072575,165.39641872691587,132.0892764361898,148.4390361937337,278.3187344382932,1.7705455829409862
8.13,5.9727,0.0209,0.0388,164.13632296786847,199.81813230870947,443.3583882995103,165.35659068443957,132.66096285748347,148.30770602252346,278.72462756871613,1.7803197759676952
8.14,5.892,0.0193,0.0388,162.77358534949252,198.1591473819909,441.1170944967323,163.48837114343354,129.23537958409392,147.09248955758918,275.9117045796851,1.7742334622948195
8.15,5.8343,0.0184,0.0387,161.9661985569451,197.1762417214984,439.5169259781064,162.3788878431344,127.29293764043565,146.35309076251437,274.26934175086444,1.7718202876398212
8.16,5.7151,0.0173,0.0387,160.792992294377,195.74799061924156,436.1223170460923,160.82573655456747,124.92688092209343,145.22351551421633,272.123053378154,1.7732214551202918
8.17,5.7145,0.0164,0.0387,160.1220319421913,194.93116932092855,436.15773035336304,159.85552757610597,122.8587381187227,144.62802653526495,270.32317203690076,1.764896024120664
8.18,5.7145,0.0152,0.0387,159.1862436788319,193.79194882640405,436.2105526595905,158.52889600349974,120.07057798465982,143.76763393384857,267.748870001134,1.7532978971743054
8.19,5.7145,0.0153,0.0387,159.31242843884542,193.94556505598575,436.26331681580115,158.66259121821085,120.31867487317949,143.89476775956737,268.06005818064955,1.7545303981069573
8.2,5.7226,0.0138,0.0387,158.11243838485618,192.48470759895537,436.5518500069693,156.98460201674354,116.79169690644001,142.74519111032825,264.5727627510005,1.7386906103709612
8.21,5.7612,0.0115,0.0387,156.22835169152611,190.1910368418579,437.72565907369585,154.40381869320214,111.32534542032641,140.78520142442264,258.4681826749192,1.7107202814890095
8.22,5.8381,0.0115,0.0387,156.50611787961287,190.52918698387657,439.99849139144567,154.7040305765635,111.33967340192518,141.10201291780575,258.5731664741514,1.7039711463143679
8.23,5.9073,0.0115,0.0387,156.75672824944786,190.83427786889308,442.03409838054745,154.9744633421854,111.35565254893962,141.38942158797536,258.6752704144592,1.6980044449194793
8.24,5.9881,0.0116,0.0387,157.12922415966187,191.28775115089272,444.38445621260763,155.40403380884277,111.60732842609731,141.81599727772178,259.072202631615,1.6921750810547014
8.25,6.0804,0.0116,0.0387,157.43941476339432,191.66537449456703,447.0390094700705,155.7523337507164,111.62697958644539,142.17664554704058,259.1810475820701,1.6843769378702453
8.26,6.2995,0.0119,0.0387,158.36661117222292,192.79413534009748,453.17194043413974,156.88868496888918,112.3451049615228,143.254657121982,260.19064479031357,1.6692202039515516
8.27,6.4802,0.0132,0.0387,160.04169275223188,194.8333650896736,458.1431577396292,159.00726558057215,115.28409955328925,145.13117853911197,263.8572395732482,1.667782476297313
8.28,6.6186,0.0133,0.0388,160.52655119461267,195.42362754126762,461.9079274674442,159.59293247650183,115.50581273700536,145.71365981208825,264.23832842538286,1.6578211450737372
8.29,6.7378,0.0133,0.0388,160.86644612513496,195.83741267407734,465.1201243014441,159.9986828121657,115.51050700018597,146.13770318259026,264.3539469341334,1.648617996805365
8.3,6.8147,0.0133,0.0389,161.09690828194186,196.11797529975533,467.1948330646193,160.26634400708045,115.52090481509434,146.42578119925665,264.4567960094801,1.6428496291055323
8.31,6.8916,0.0132,0.0389,161.34871279035153,196.42451991868884,469.2554212279962,160.3074436014275,115.22558471585954,146.61980341842485,264.29989703726466,1.6374277756600149
8.32,7.0454,0.0131,0.0391,161.59347854603897,196.72249562126484,473.2815340412699,160.77931512642814,115.08736631483724,147.04289331124497,264.1622330959157,1.6242949516593108
8.33,7.2568,0.0131,0.0391,162.02239069376904,197.24464954024057,478.7078354287643,161.55070682321875,115.18872775664353,147.7195422186105,264.3003409276914,1.6080567102074137
8.34,7.9104,0.0131,0.0392,163.467433447215,199.0038320226965,494.78319402655086,163.482453176204,115.26447662856364,149.61532443550357,264.54935264534885,1.5640604131384006
8.35,8.3795,0.0131,0.0392,164.37805581964815,200.11241578044124,505.8418723215364,164.85596756469977,115.4008082051716,150.91193507313162,264.7424088511149,1.5346248084201126
8.36,8.8831,0.0213,0.0393,171.73667502957622,209.0707348186145,517.2972390951238,174.11849679120672,131.06419680257662,158.50390658900628,282.21927361548626,1.569703335545681
8.37,9.3483,0.0239,0.0393,174.34165729456873,212.24201757599673,527.5364484023713,177.55492638529384,135.61506635794746,161.26050905852392,286.67145120613463,1.5607126341076032
8.38,9.8212,0.0261,0.0395,176.54605046351188,214.92562665123185,537.6315715077741,180.50973551260577,139.25236828110144,163.65622085515596,290.1655008102944,1.5486746651757717
8.39,10.1701,0.0284,0.0397,178.5671563130669,217.3861033376467,544.9083877130155,183.17569609971213,143.03324510910033,165.69290127721337,293.53312783258895,1.5443598733075292
8.4,10.4186,0.0349,0.0399,182.99558067934524,222.77722865311597,550.0183763557196,188.7992472491368,153.91491266074962,169.19460991339974,301.64873582979044,1.5696604354594912
8.41,10.8314,0.037,0.0401,184.75267972370517,224.91630575059762,558.303647082141,191.1712150392142,156.92725437553634,171.02769181782818,304.12773845716566,1.5594876794757588
8.42,11.0226,0.0386,0.0403,185.9323015078206,226.35236705299903,562.1122136136768,192.71530785459814,159.3262109521527,172.119562530119,305.93767796777934,1.558306526146949
8.43,11.1984,0.0428,0.0405,188.50390965792235,229.48302045312286,565.5849186538835,196.01369542224236,165.85781543576962,174.05487117815025,310.2027017124243,1.5709020138939138
8.44,11.271,0.0449,0.0407,189.75191496173073,231.00233125775918,567.0491211290354,197.60019775063745,169.09166331976786,174.96857799770584,312.24891708395086,1.5776334574298463
8.45,11.2634,0.047,0.0407,190.88383751271374,232.38032392852108,566.9695962951959,199.014842614425,172.40871015968574,175.6744163751816,314.202458337456,1.5881634535933369
8.46,11.2651,0.047,0.0409,190.9373199137057,232.44543293842432,567.0694233120728,199.04971885710302,172.42681077509448,175.73600668034345,314.2968426116996,1.5882897333716464
8.47,11.2667,0.0479,0.0411,191.3087902999324,232.8976577564395,567.1672627053748,199.8593660371689,174.05227229643774,176.0743070506567,315.1673142154962,1.591322348235333
8.48,11.2749,0.0491,0.0413,192.00471797869469,233.74487406101966,567.3918416324266,200.6402635133029,175.87008021886942,176.51266109515078,316.2788375881222,1.5969091508904691
8.49,11.3895,0.0501,0.0413,192.6732393023671,234.55872610722955,569.6528383788802,201.52088447407516,177.25503790006314,177.12398029781372,317.2272160274441,1.5957503024825153
8.5,11.6953,0.0504,0.0414,193.31139167507257,235.3356072566101,575.510935304378,202.11703554299496,177.0754672690932,177.9474035966966,317.63035315604867,1.5830315341906915
8.51,11.7794,0.0517,0.0415,194.0883222852577,236.28143582553113,577.1547645057566,203.11192720872154,178.93416861268122,178.56637908280896,318.79537795760507,1.5848313206109992
8.52,11.8253,0.053,0.0417,194.8169161000524,237.1684196000638,578.080184841898,204.03179871350872,180.83903478615753,179.09352298020602,319.9305009051357,1.5884235701043767
8.53,11.8521,0.053,0.0417,194.89680115905023,237.26567097623504,578.6471418318856,204.10924455692327,180.81659327638522,179.21034465951428,320.03082318505324,1.5873283473968778
8.54,11.8826,0.0535,0.0419,195.22015295400575,237.65931663965918,579.2830529278211,204.50177680583934,181.53726927703218,179.4749032052416,320.5228039325376,1.58819297495028
8.55,11.9094,0.0537,0.0419,195.3954561926861,237.87272927805267,579.8486184894172,204.70222778623432,181.813739084441,179.6471830433241,320.7786273837497,1.5879547764056445
8.56,11.8826,0.054,0.0421,195.42255870545392,237.90572364142218,579.4179628377308,205.06731558094285,182.55124327034312,179.73036838611665,321.10062551341184,1.589490673992075
8.57,11.875,0.0541,0.0421,195.5217296532019,238.0264534908545,579.3434301572773,205.1385478270239,182.7226364000587,179.79975910963668,321.2712304373614,1.5905630798545682
8.58,11.7221,0.0541,0.0423,195.4601651961503,237.951505456183,576.5518293695819,204.84877580203408,182.92164589348278,179.52272953019028,321.335216109958,1.5987013465548252
8.59,11.638,0.0541,0.0423,195.44820531079066,237.93694559574513,575.0356371248438,204.7007295703813,183.0399445770167,179.3947702960728,321.4128014370862,1.6033296273746958
8.6,11.508,0.054,0.0425,195.34680749495482,237.81350477646674,572.6419165079553,204.39597320657612,183.06898600804863,179.1352496806911,321.4033885903031,1.6099698807171632
8.61,11.3972,0.054,0.0425,195.30713351361834,237.76520601657884,570.5966887080932,204.187570057273,183.22260073150417,178.9436606975523,321.4748837594163,1.6161098031155448
8.62,11.229,0.0537,0.0427,195.06471622033587,237.47008931171325,567.433522695251,203.6783110369213,183.00859061277524,178.53600986050475,321.3011461749112,1.624070123118405
8.63,11.0455,0.0526,0.0427,194.40425952658765,236.66605507584583,563.9407209878608,202.6616036124724,181.62902871786278,177.86452451730597,320.492746802795,1.6293639555233936
8.64,10.8849,0.0524,0.0429,194.20454578849353,236.42292530773125,560.8618103231349,202.21564353935275,181.55172014218013,177.49080539791993,320.39320764886935,1.6376173858245653
8.65,10.7282,0.0512,0.0429,193.35909091652817,235.39367589838213,557.8299600224757,201.38093223605256,180.2053926786511,176.83717796951967,319.48893695215435,1.639803906757212
8.66,10.4797,0.0496,0.0431,192.31077661730484,234.11746718628416,552.926352073722,199.92824861892956,178.17161432109665,175.8340626468082,318.21084844108105,1.6464132867665409
8.67,10.473,0.0481,0.0433,191.61659756626082,233.27237964588275,552.8553657182498,198.9758128281202,175.84609533266018,175.42658630676723,317.03409706403,1.6400918052865183
8.68,10.4851,0.0488,0.0433,192.02906998618826,233.7745199831857,553.1622006879019,199.48185925540514,176.94465443561162,175.72259288545345,317.7254912160588,1.6428845220506367
8.69,10.4972,0.0478,0.0434,191.73400213977985,233.41530695277547,553.4692546117813,198.70278550123706,175.16201136477534,175.50618104166873,316.96647429677085,1.6390403418084933
8.7,10.5219,0.0475,0.0435,191.65390013992055,233.31779147468592,554.0294476416803,198.6016850526657,174.6882417604106,175.52998079332227,316.8048286999562,1.636366853495888
8.71,10.5715,0.0473,0.0435,191.65043276266516,233.3135703197663,555.0879642481516,198.61902706419926,174.33845977394137,175.64347356275425,316.73416219232377,1.6327524458814302
8.72,10.6976,0.0471,0.0437,191.7200397421738,233.39830925134203,557.6700976676108,198.81002987871025,173.90013999853517,175.9378887808372,316.67943618378257,1.624786142620903
8.73,10.992,0.0471,0.0437,192.04323344685673,233.791762457043,563.5428297095076,199.49857147989593,173.58145560279678,176.68332583313776,316.8349224394148,1.6085262453260532
8.74,11.0608,0.0471,0.0439,192.15574924749686,233.928738214344,564.9513891583389,199.67855859642646,173.52137772468052,176.89843805226738,316.94133739704534,1.6049668187476764
8.75,11.0646,0.0471,0.0441,192.21150035744486,233.99660913080245,565.0902142562292,199.7145225899491,173.53361546350877,176.96343530988025,317.03385025182956,1.604986700032349
8.76,11.0914,0.0485,0.0443,193.03152620998245,234.9949014730221,565.6770021003206,200.66465021851613,175.6435405002642,177.51234687959942,318.34103168391647,1.6105562634832664
8.77,11.0837,0.0488,0.0443,193.23487632098667,235.24245812989685,565.5909536223242,200.85862398614108,176.12196740880518,177.64179830003192,318.6866688353143,1.6126512187608983
8.78,11.1105,0.0489,0.0444,193.36344244825275,235.39897341526424,566.1768241458726,201.00630610414606,176.25841628449822,177.79009937072223,318.8691090294501,1.6118908905116518
8.79,11.1411,0.049,0.0444,193.49515799286857,235.55932277392697,566.8353839752737,201.16212185228525,176.39039869811853,177.94699045026772,319.0521671827654,1.6109266453573332
8.8,11.1219,0.0489,0.0445,193.47830723427109,235.53880880693873,566.5264796600155,201.08651275318425,176.27812286671482,177.92886775589724,319.05514155491477,1.6117252021100597
8.81,11.1563,0.052,0.0445,195.15461933764539,237.57953658495964,567.2584486051632,203.05086144101406,180.89251923526817,178.97497465781444,321.71458062272524,1.624619165944945
8.82,11.1907,0.0523,0.0446,195.38952593001034,237.86550982783868,567.9896186567753,203.3311792057474,181.31181498613486,179.1963561640702,322.0550182270049,1.6243456961984113
8.83,11.3972,0.0522,0.0447,195.5746476158065,238.09087535837313,572.0321583641062,203.7489879418587,180.9299859233733,179.69685932972172,322.11079911463526,1.6129673466233012
8.84,11.6418,0.052,0.0449,195.72840636788132,238.2780599261164,576.7528339494907,204.18194756084188,180.36356013392637,180.24645397401264,322.09290778236857,1.5993417202067206
8.85,11.8329,0.0498,0.0449,194.9486790212311,237.32882663454222,580.4133949206973,203.08109053191396,176.672542280571,180.0790619407037,320.4181379660378,1.5809328940653404
8.86,11.9209,0.0473,0.045,193.80500303642143,235.9365254356435,582.1227195856933,201.660556946203,172.76651004782005,179.55866790550868,318.38831626601836,1.565495830015427
8.87,11.8712,0.0461,0.045,193.17878355427976,235.174171283471,581.2600352587497,200.82078937524926,171.01653707324118,179.12450022077996,317.4072275906014,1.5625336654255144
8.88,11.8903,0.0455,0.0451,192.92824401704507,234.8691666294462,581.6820937516612,200.48991799591232,170.0894396345729,179.0273315289324,316.96123044250476,1.5589865432431833
8.89,11.875,0.0449,0.0453,192.64283278794312,234.52170948097424,581.4618074149795,200.09636057977895,169.20525454416537,178.85298792957957,316.5018216976902,1.5570848897494132
8.9,11.7565,0.045,0.0453,192.63453078502417,234.51160269481204,579.3046003046878,199.9839048416326,169.533589414366,178.68369408327396,316.6599300076887,1.563545041739082
8.91,11.7374,0.0449,0.0455,192.612437066506,234.4847059940073,579.0102947621875,199.91409755780484,169.42391615739564,178.66464689655416,316.6545049303106,1.5642077434324595
8.92,11.7183,0.0448,0.0455,192.59013053549324,234.45755021712222,578.7147304963484,199.84399313504449,169.31408563185042,178.64539751252985,316.648768641073,1.5648731716181457
8.93,11.703,0.0444,0.0456,192.40986594928822,234.23809767739434,578.4907417976581,199.5803039027007,168.73396790927885,178.53448397465243,316.36640534071677,1.563911925294164
8.94,11.6915,0.0423,0.0457,191.29940407555554,232.88623104850242,578.3381487725754,198.1718369832041,165.4962646887787,177.84809490682292,314.46667967479465,1.5544415413138468
8.95,11.638,0.0411,0.0457,190.62679567306054,232.06740342807373,577.3904598204873,197.28109469689275,163.69637608219773,177.3617563761291,313.3703625109318,1.5512905532834267
8.96,11.6388,0.0402,0.0457,190.1656012915091,231.50594939835892,577.4694465070867,196.68789631586645,162.29563960353883,177.09283632669192,312.5581225043129,1.5468948540353755
8.97,11.6396,0.0398,0.0458,189.98589743165732,231.28717948201765,577.5487505308578,196.43998815556333,161.6820703300756,177.0025394434711,312.24032080624204,1.5450106309066287
8.98,11.6416,0.0395,0.0458,189.86358288634767,231.1382748181624,577.6503428793461,196.26335147937166,161.22472180954122,176.9505954721398,312.02169000767884,1.543571341626871
8.99,11.6456,0.0393,0.0458,189.80017447006313,231.06108196355513,577.7897533035529,196.1601306527775,160.92327751913467,176.93954580636603,311.9044613717159,1.5425432762270592
9.0,11.7565,0.039,0.0459,189.77484802598744,231.0302497707673,579.9480160777218,196.18184750638474,160.34788401728258,177.1232783710491,311.7034195688056,1.5357710032940148
9.01,11.8177,0.0364,0.0459,188.33207377112672,229.27382893876296,581.1624143597517,194.4667994979786,156.17203466436658,176.29803678420834,309.0189064442014,1.5193255629534765
9.02,11.7833,0.0354,0.0461,187.7408111555256,228.5540309719442,580.5806121178588,193.70588786305305,154.62349129507464,175.87129028517785,307.98162689701905,1.5157767695182178
9.03,11.7412,0.0354,0.0463,187.75246458709742,228.56821775820558,579.8523202812571,193.65786849657118,154.68207632231216,175.83482207724856,308.0598167189981,1.5179989199948454
9.04,11.7336,0.0354,0.0463,187.7935385765386,228.61822087578614,579.772551296515,193.6736595856343,154.7091546755961,175.87253423687702,308.1446158897,1.5185600520089422
9.05,11.7068,0.0354,0.0464,187.81796253896334,228.64795439525975,579.3305236566946,193.65361886142583,154.75376377354692,175.8686781610505,308.2256042723774,1.5200506981710324
9.06,11.6418,0.0354,0.0465,187.80866097408006,228.63663075105399,578.1642192390095,193.56183435240098,154.83362095033013,175.7816885701362,308.2990329582226,1.523405155139547
9.07,11.5768,0.0354,0.0465,187.79837585585895,228.6241097375674,576.9929567789808,193.46925466584233,154.91389322230614,175.69389379981513,308.37231295188553,1.526780206148653
9.08,11.3284,0.0353,0.0466,187.55510669575696,228.32795597744328,572.2985942508856,192.9529896100435,155.0071541672796,175.158518920841,308.29539252461115,1.5387585127360277
9.09,11.206,0.0351,0.0466,187.3619567702696,228.0928169377195,569.9926224309585,192.59864898244663,154.81926540245644,174.8557676729909,308.12878934757225,1.544032861789668
9.1,11.0608,0.0346,0.0467,186.9580285159914,227.60107819338086,567.2244457380325,191.9738964171023,154.16090793695636,174.3732684225509,307.6104895731968,1.548868974885595
9.11,10.9117,0.0335,0.0467,186.1707550323352,226.64265830023416,564.3551841023105,190.8838136812111,152.50795035049555,173.6197629291903,306.37557094290355,1.550568620501107
9.12,10.8047,0.0324,0.0469,185.41358354018226,225.7208843097871,562.2984160265398,189.86211816265703,150.7954860030703,172.94653072403372,305.11111915327785,1.5500183031472796
9.13,10.6862,0.0324,0.0469,185.33386946648702,225.62384108963636,559.9974086499848,189.64937858792848,150.92162237869513,172.72471705690216,305.1708208508198,1.5564669177879185
9.14,10.6021,0.0324,0.0471,185.28863554018767,225.56877370109802,558.3725600380475,189.50500494518815,151.017581646124,172.5808224487532,305.2375045071247,1.5611447964580876
9.15,10.5333,0.0324,0.0471,185.258646782826,225.53226564865776,557.0471562521677,189.39081624640403,151.1000945916573,172.47152535202895,305.30725215516134,1.565038595178072
9.16,10.281,0.0326,0.0472,185.1392523747063,225.38691593442505,551.9767322787296,189.0458659317576,151.6989306258904,172.010483741727,305.58121963175444,1.5801902000801809
9.17,10.086,0.0329,0.0472,185.06489931794155,225.296399169668,548.0166616799396,188.97317844662481,152.50569871038368,171.71937085614485,305.9864425017624,1.5924003474010935
9.18,9.852,0.0333,0.0473,185.13289080496037,225.37917141473437,543.1881948521633,188.71287151991402,153.36690596618487,171.3635591985224,306.4988043604596,1.6090653170768336
9.19,9.579,0.0335,0.0475,185.00730257522727,225.22628139592888,537.4528186421172,188.19581714236188,153.93754086352715,170.80805961237184,306.758195225793,1.6272944119671688
9.2,9.2561,0.0342,0.0475,184.91488406999554,225.11377191129893,530.5227869397332,188.1359228427271,155.66109197633287,170.31019385481713,307.5905842392996,1.6504693588738044
9.21,8.8831,0.0343,0.0477,184.4219380259323,224.5136636837437,522.3177531039601,187.375999597277,156.33996381060567,169.3966071293758,307.6982704619786,1.6749434589300556
9.22,8.5179,0.0344,0.0479,183.88801695599673,223.86367281599604,514.0735089312682,186.60510801384825,157.043731621691,168.46716019696748,307.8036296337705,1.69997459086309
9.23,8.2218,0.0344,0.0479,183.37450184282386,223.23852398256818,507.2346035903462,185.89939093674474,157.49976167922807,167.66155176918292,307.80745806474323,1.7206566240938945
9.24,7.9912,0.0344,0.048,182.95723875066855,222.73055152255304,501.81292341919914,185.33925104131774,157.87437000192332,167.02639580869808,307.82698627145743,1.7373597415414797
9.25,7.7682,0.0336,0.048,182.06832704634158,221.64839814337236,496.47647017925084,184.1651684977731,156.79556415872028,166.0724230096368,306.90650304601013,1.7491367948252405
9.26,7.7581,0.0319,0.048,181.0866170999938,220.4532729912968,496.2831768949672,182.8213071007522,153.70505437800418,165.3769879464433,304.9223889199181,1.7395214159257026
9.27,7.7642,0.0305,0.0481,180.29193474327715,219.4858336005113,496.48555511065075,181.7319453341335,151.11393163923043,164.8302064484117,303.2331119661248,1.730308518161408
9.28,7.7703,0.0305,0.0483,180.3499041463905,219.55640504777972,496.68832879267126,181.76987928204377,151.11901218576756,164.89826581872558,303.31760080651196,1.7300731333795172
9.29,7.8149,0.0305,0.0483,180.4883258122841,219.72491838017194,497.8271744826459,181.90970622200837,151.0702208785894,165.08364575035495,303.4131110323667,1.7269946238108425
9.3,7.995,0.0306,0.0483,180.96289554295402,220.30265544359622,502.2271055021799,182.48481117783516,151.0222869716174,165.72072344099345,303.67607916292667,1.7147367989130895
9.31,8.514,0.0311,0.0484,182.29812440751894,221.9281514526318,514.4805217486806,184.22462051135733,151.27754393200354,167.50361783813912,304.5410664663069,1.6819672926576685
9.32,9.2099,0.0322,0.0484,184.17586400348742,224.21409530859341,530.1944557658343,186.78181129486947,152.41947383083237,169.94961759557881,306.1813481202508,1.6438865702735808
9.33,10.6632,0.0334,0.0484,186.86286261840328,227.48522405718663,560.7447502378786,190.90419555618314,152.97514188108957,174.15329053161415,308.05851663439995,1.5673734720592618
9.34,11.3131,0.0345,0.0485,188.25934027505474,229.18528381311015,573.6117758236552,193.06268109523393,154.20728377222136,176.1687990062755,309.578293181333,1.5400534177334437
9.35,11.8559,0.037,0.0487,190.32576187923362,231.700927505154,584.0270034491584,195.9531628765925,157.74945457474104,178.44762240709733,312.5996105296062,1.5270832981202185
9.36,12.2687,0.0405,0.0487,192.78353643448673,234.69300087676646,591.7692044369786,199.19875183263716,162.85867975777205,180.73333671727983,316.45998809300715,1.525727721367843
9.37,12.5631,0.0415,0.0489,193.6357775466817,235.73051179596038,597.2135519228103,200.43912509594634,164.12301308745293,181.77299497394267,317.60654313823574,1.5172497095847848
9.38,12.7657,0.0406,0.0489,193.30930206743068,235.33306338643735,600.9350479025679,200.2130962124132,162.5660133274359,181.9149117886271,316.8255432239903,1.5037776919257613
9.39,12.9224,0.0425,0.0491,194.562196119931,236.85832571122037,603.8045259866401,201.80362769506883,165.3275339719175,182.98207863886378,318.8296120300975,1.5062721359960491
9.4,13.1479,0.0427,0.0493,194.87536069315905,237.239569539498,607.8697318308926,202.3559337950329,165.42817351238605,183.56429066742444,319.15103959308175,1.4974566540549823
9.41,13.3123,0.0429,0.0495,195.14221325638817,237.56443352951607,610.824907130274,202.7997889712768,165.59046697754698,184.01877674028262,319.4602675372245,1.4914438298591428
9.42,13.4423,0.0428,0.0495,195.21233814161428,237.64980295500868,613.159467272782,202.9835354191597,165.33802957318105,184.29519098598146,319.47216751038053,1.4855547984783244
9.43,13.5952,0.0432,0.0497,195.57924129551833,238.0964676641093,615.8778169065146,203.53639650460852,165.81234345732997,184.79267452691056,319.97139461316135,1.481131939482362
9.44,13.7404,0.0433,0.0497,195.76646392698862,238.32439086763833,618.4453274792768,203.87496853592944,165.84721611662127,185.16565805608815,320.1785930423189,1.475672415691211
9.45,13.8169,0.0433,0.0499,195.85628212079916,238.4337347557555,619.8230793894168,204.03282045874892,165.79820860373678,185.36830963651062,320.2775281505659,1.4726574535679495
9.46,13.6793,0.0433,0.0499,195.82822076281482,238.39957310255718,617.5241784149085,203.83655018469688,165.94569047426208,185.15577072896477,320.33951382083666,1.478605520422648
9.47,13.5761,0.0433,0.0501,195.81708718527545,238.38601918207448,615.8067722332931,203.6957458830802,166.06259063559736,185.00830175238985,320.4071963873008,1.4831521694741605
9.48,13.492,0.0432,0.0503,195.7584109935369,238.3145872964797,614.4127091631248,203.51951213667814,166.01324260398312,184.8615898132646,320.3817112188124,1.4864424449410525
9.49,13.3429,0.0429,0.0505,195.54434736617307,238.05398809794983,611.8765758625946,203.09901457738061,165.72617139767002,184.51336048758444,320.1506639630412,1.4916019815105686
9.5,13.2129,0.0426,0.0505,195.3386182920041,237.803535312005,609.6576791034452,202.70759003757897,165.41974166266314,184.20003794814122,319.92078865184305,1.495993591314605
9.51,13.0409,0.0424,0.0507,195.15943734950045,237.5854019906962,606.6799741719493,202.30730928860623,165.30307934291065,183.83477256181138,319.77923816636104,1.5027709741972028
9.52,12.8956,0.042,0.0507,194.8786914312697,237.24362435111092,604.1537595901325,201.81518031752015,164.8576839696036,183.4476570743799,319.4438847019993,1.5074784115531152
9.53,12.7122,0.0417,0.0509,194.62407884853988,236.93366120691812,600.922775155137,201.31874368820158,164.59909511369273,183.01417362740992,319.1972783940385,1.5144611780105082
9.54,12.5172,0.0407,0.0509,193.9490220468375,236.1118529265848,597.4495762106309,200.31921476511286,163.27641094512276,182.2928533087067,318.2396738018564,1.5186126562696058
9.55,12.2955,0.0406,0.0511,193.76697096143167,235.89022551826463,593.4505971822518,199.87646446795716,163.35768363740803,181.8401885568411,318.1801737223689,1.5286074911973848
9.56,11.9706,0.0405,0.0511,193.48731461255977,235.54977431094235,587.4765600500614,199.23420497109052,163.5482513965732,181.15593893788045,318.09937292348206,1.5437586449390477
9.57,11.8024,0.0381,0.0513,191.97896394263165,233.71352132146464,584.3734241372431,197.2721376111688,159.9664092218921,179.9251370345662,315.63365392005016,1.5397480854627177
9.58,11.6342,0.0379,0.0515,191.75629567145276,233.44244690437728,581.2416146983694,196.83517575621977,159.82963979625566,179.5273203573884,315.4676108931817,1.5471495595544242
9.59,11.4775,0.0375,0.0515,191.418740791385,233.0315105286426,578.300912034355,196.27341658826901,159.3627532643253,179.07130658507913,315.0843247708206,1.5530309732953946
9.6,11.4663,0.0361,0.0517,190.6080054177199,232.04452833461556,578.1458895324448,195.27392720634418,157.14776682515622,178.5333190178047,313.61010367427394,1.5462517861990337
9.61,11.4667,0.036,0.0517,190.59330482931287,232.02663196612002,578.2131810128724,195.22962208233972,157.00471174589558,178.54478479766036,313.5797013224664,1.54587884204459
9.62,11.4672,0.0354,0.0518,190.27094769105778,231.63419718911385,578.282727665783,194.82217815266603,156.05627363289787,178.34856836470703,312.9777451608423,1.542763736502396
9.63,11.4725,0.0349,0.0518,190.01174263002213,231.31864320176606,578.4442141571013,194.4946902049701,155.26294894939488,178.2014374098455,312.482701997004,1.5399338551862043
9.64,11.5042,0.0313,0.0519,187.7835326973148,228.60603980542672,579.1135857758323,191.8979463245401,149.40248545481873,176.71960958461582,308.17850667910466,1.5181148993077895
9.65,11.6112,0.0312,0.0519,187.85550643344843,228.6936600059372,581.2230827869677,192.0644840601942,149.18506962828633,176.95936477236492,308.15225736047387,1.5124675030551489
9.66,11.7336,0.0312,0.0521,188.00356184295327,228.87390137403008,583.6145337806228,192.3367830466785,149.12293429734103,177.27781881744968,308.2569358347188,1.5067066005013106
9.67,11.9553,0.0313,0.0521,188.29323753249827,229.22655003956314,587.8590501789081,192.879138611585,149.1620007788059,177.8546694344575,308.5086638076305,1.496866206090326
9.68,12.1655,0.0313,0.0522,188.49850702075506,229.47644332961485,591.8436160395087,193.31810314636238,149.05155901104717,178.35285553357,308.62915260836985,1.4871845788493951
9.69,12.3261,0.0323,0.0523,189.31862873034837,230.47485236738063,594.8747605647981,194.40422883996789,150.5693667485862,179.20847381224425,310.0045791796019,1.485614624464504
9.7,12.3911,0.0323,0.0523,189.4100230000472,230.5861149565792,596.1310016133788,194.55677985684267,150.54766551047234,179.3956857604312,310.097557180451,1.4828138017892536
9.71,12.284,0.0323,0.0524,189.3786860302951,230.5479656020984,594.2201012672347,194.37966664651563,150.63375767931925,179.22290422858947,310.15848243385057,1.4879151254954888
9.72,12.1808,0.0323,0.0525,189.3480091597194,230.51061984661496,592.370495909271,194.20847069486388,150.71836310513763,179.05653293287182,310.2198970268578,1.4928820420161522
9.73,12.0356,0.0323,0.0527,189.2828921629292,230.43134698095727,589.7262012110489,193.95375140407137,150.83147565965632,178.79870020756042,310.2730774129736,1.4998716253727995
9.74,11.8521,0.0323,0.0527,189.1825141750279,230.30914769133835,586.3378970956932,193.62032631275326,150.97264207531617,178.45451757732508,310.31844094095385,1.5087879697725775
9.75,11.703,0.0323,0.0529,189.10422140636823,230.21383475557872,583.571742919116,193.35112175022937,151.09335287382453,178.1803111740545,310.3699386694659,1.5161739727021288
9.76,11.5233,0.0322,0.0529,188.92924929772923,230.0008252320182,580.1943536335621,192.94157039721375,151.0754698695045,177.78862810497213,310.2897942493108,1.5245992828009158
9.77,11.2749,0.0322,0.0531,188.74822599493817,229.78044903731603,575.4480936534119,192.46130015525367,151.274008394766,177.28205516271657,310.32015057387287,1.5372105144783623
9.78,10.7206,0.0322,0.0531,188.23590971523254,229.1567596533266,564.5401762717075,191.3246733258628,151.72409024643906,176.04983049957607,310.2847064501769,1.5662169339584155
9.79,10.4644,0.0319,0.0533,187.71960773423405,228.52821811124144,559.4105198742716,190.6652656700526,151.54447522453447,175.35126442789453,309.93202319509373,1.5777134015017678
9.8,10.1892,0.0305,0.0533,186.55995836758908,227.1164710561954,553.8060837786481,188.96690417706552,149.38262017966605,174.07954033115325,308.1478687225622,1.5849835118364104
9.81,9.9635,0.029,0.0534,185.34722273809345,225.64009724637464,549.148339848389,187.27711598883448,146.97716513636476,172.84314424722174,306.1625047542909,1.588793477252375
9.82,9.7366,0.0284,0.0534,184.73134268841986,224.89033022938074,544.3971768417994,186.25190258111627,146.08193222097316,172.02077270835338,305.3581812631668,1.5986402754906222
9.83,9.5483,0.0277,0.0534,184.0722274444592,224.08792906281994,540.4099838038803,185.23222640347603,144.98030315070298,171.23118957936157,304.40348360646755,1.6056757162377693
9.84,9.3406,0.0271,0.0534,183.44560343030457,223.32508243689256,535.9479478724379,184.22455539999586,144.04993058360967,170.4279731225671,303.5668166694975,1.6147528548779484
9.85,9.1522,0.0265,0.0535,182.827005305375,222.5720064587174,531.8511771878482,183.25321821464917,143.09745034993512,169.66105956306438,302.7166955884844,1.622801807761176
9.86,8.9869,0.023,0.0534,180.071835026443,219.217886119148,528.2179929310034,179.91197205509764,136.8674960362189,167.28570951622052,297.22952462822536,1.6084198546454587
9.87,8.6524,0.0242,0.0534,180.4323648709876,219.6567920168545,520.6808181068192,180.13909975694818,139.3336600963295,167.1253522343609,299.19394721283567,1.6383935582630687
9.88,8.5025,0.0227,0.0534,179.13153841493627,218.07317720079197,517.2724680077791,178.4375231423538,136.62206788430922,165.86895784696895,296.7531030772942,1.6375556282785628
9.89,8.3295,0.022,0.0533,178.35494280724694,217.1277564609963,513.282431070713,177.35653488029584,135.40009607980207,164.99569041730334,295.57789082853594,1.6441052492110335
9.9,8.118,0.0218,0.0533,177.86656398650618,216.5332083313988,508.32149965260624,176.60534799622545,135.14612954469942,164.3073377320559,295.2464787805021,1.6572795521716157
9.91,7.8893,0.0216,0.0531,177.32567951279017,215.87474027644024,502.85933065574454,175.79009684968514,134.9029524331174,163.55337111910976,294.9059006985085,1.672071495166594
9.92,7.6605,0.0214,0.0531,176.7610901951284,215.1874141505911,497.2949631163772,174.95735684754274,134.66159480279467,162.78164609986172,294.5604954649199,1.6873490132169762
9.93,7.6413,0.0212,0.0531,176.61235764734525,215.0063484402464,496.8686876936677,174.73394241520734,134.2898309604625,162.64161369581916,294.27069492848966,1.6873918608751381
9.94,7.5336,0.0198,0.0531,175.35780615661704,213.4790683645773,494.2347571503911,173.10879423097532,131.56413106464302,161.43690279504804,291.71234222197523,1.6843334668971848
9.95,7.4606,0.0197,0.0531,175.16671646935208,213.2464374409504,492.45142652218766,172.80984122753313,131.41139628935952,161.18801871667043,291.57355368111274,1.6891898400396956
9.96,7.4605,0.0189,0.0532,174.57864080795224,212.53051924446362,492.49838751958754,172.05617095815563,129.80317533417153,160.67889316456836,290.0800658170944,1.682750600487318
9.97,7.4674,0.0182,0.0532,174.0744969979886,211.9167789540731,492.7210384739938,171.41269248084896,128.38907636975125,160.24238418940968,288.73562030182154,1.67652375157091
9.98,7.4743,0.0178,0.0532,173.80588282700222,211.58977039808968,492.9435806714581,171.05914606558696,127.58370637032154,160.0129490383247,287.97766402626826,1.6727908453345246
9.99,7.503,0.0175,0.0532,173.66195335001703,211.41455190436858,493.713703810349,170.8708166033282,126.97639311732752,159.9200876224524,287.4229939167819,1.6682769036445337
10.0,7.5606,0.0174,0.0533,173.74022880642363,211.50984376434184,495.20564823695145,170.9703211605929,126.77184279832144,160.06468059475364,287.29791487795933,1.6633616124971984
10.01,7.7605,0.0172,0.0533,174.020879822734,211.85150587115447,500.2094831145796,171.40927073468788,126.34197575100768,160.55782447136633,286.99442398866057,1.6473823668481802
10.02,7.9719,0.0171,0.0534,174.38767350502187,212.2980373104614,505.4148400384177,171.97336751150297,126.12684911182006,161.14715108587396,286.9064692409497,1.6318833609396963
10.03,8.1719,0.0171,0.0535,174.86043453872938,212.87357248193143,510.2659977484326,172.52660246958467,126.068987746383,161.76802295991791,287.0315104096964,1.619065079340109
10.04,8.4256,0.0171,0.0535,175.29457777636878,213.40209468427506,516.303488740953,173.3468884975127,126.11435599351147,162.52680311767324,287.16884755161567,1.601927710936988
10.05,8.5102,0.0171,0.0537,175.46158772440825,213.60541114275787,518.327224458525,173.62994979874546,126.13999023223647,162.80584462977643,287.2624218872651,1.5964666317128213
10.06,8.5409,0.0171,0.0538,175.54776563798754,213.71032338537614,519.0913775462489,173.74469107486894,126.15777905330678,162.9353292490273,287.3423675480941,1.5946230080249528
10.07,8.564,0.0172,0.0538,175.7072775992684,213.90451185997892,519.6776791750138,173.92846238239676,126.36448723153657,163.12266788775017,287.638302324469,1.5941326208373883
10.08,8.5409,0.0171,0.0538,175.6298249803619,213.81022171522318,519.1934532480424,173.78367673330138,126.1836810163968,163.02531642577284,287.48678842317497,1.5950095796151904
10.09,8.514,0.0172,0.0539,175.71596755778424,213.91509093991124,518.6203482870128,173.81272858153466,126.38290241277983,163.07510743764354,287.77025891672884,1.597829468138168
10.1,8.4987,0.0173,0.054,175.81888766850426,214.04038498774435,518.3158773389106,173.8776689461712,126.58428976614027,163.15626369886104,288.05556169397016,1.5998830091151504
10.11,8.491,0.0177,0.0542,176.1854483564785,214.48663278179993,518.1883621081657,174.24410540125314,127.35898877531888,163.48973822781198,288.9832146289944,1.603950544439619
10.12,8.4948,0.0202,0.0542,178.2053866902348,216.94568814463366,518.3275536616273,176.63576656786233,132.19175846350814,165.34848648357854,294.06398378584294,1.62359251673442
10.13,8.4602,0.021,0.0543,178.80546355019985,217.6762164958955,517.5721637276378,177.29324628657196,133.7473848844742,165.8304430296883,295.6174524623195,1.632246830847192
10.14,8.4025,0.0217,0.0544,179.28018270726565,218.2541354697147,516.2735108435393,177.78879916275145,135.12250418001537,166.16416115445503,296.93934518294753,1.6416302332232537
10.15,8.2987,0.0225,0.0544,179.73880567452773,218.81245908203377,513.8811608319787,178.2397129876507,136.7161753261227,166.41174747915477,298.38711534488317,1.654889004042828
10.16,8.0834,0.0228,0.0544,179.60926369346302,218.6547558007376,508.80328992333153,177.9210293225285,137.43165918893848,166.01082667273755,298.91767095291453,1.6722656093783395
10.17,7.8874,0.0229,0.0545,179.3485333865514,218.33734499232347,504.1107649089626,177.46739219727135,137.76501634781698,165.53044008152128,299.10789731285064,1.6871966853068538
10.18,7.6605,0.0229,0.0546,178.93280423600785,217.83123993948783,498.57778381035496,176.8215941542487,137.93619420270812,164.88117555013068,299.11766271551437,1.7040599447360874
10.19,7.203,0.0229,0.0548,177.97454025781738,216.66465770516902,487.05158539430727,175.45278747406775,138.30428226470366,163.47017325926646,299.05566657455586,1.739541529511471
10.2,6.9915,0.0229,0.0548,177.51498267676226,216.10519630214537,481.59338450700903,174.80643836375066,138.49825565327197,162.81452551890092,299.06392736218334,1.7568830105828592
10.21,6.9915,0.023,0.0552,177.62795503175937,216.24272786475055,481.6422087193539,174.91585524144344,138.711011927058,162.9177943627817,299.3075744723684,1.757866111479775
10.22,6.9941,0.0231,0.0552,177.7468961998595,216.38752580852463,481.7572021107675,175.03308199091805,138.9212825286425,163.02955794743772,299.55143542214785,1.7586398976520612
10.23,6.9967,0.0232,0.0552,177.86568962228617,216.53214388800058,481.87215192593334,175.15011277809074,139.13131355517453,163.14109777578943,299.794691754778,1.759411892107774
10.24,7.0405,0.0236,0.0552,178.29806522017648,217.0585141810844,483.06717316594586,175.66942324753293,139.90406965311718,163.5640334485796,300.54981899058123,1.7591141477704166
10.25,7.1299,0.0235,0.0552,178.48070471222468,217.2808579105344,485.4444851455398,175.87753254689002,139.63391185762268,163.84821156396308,300.48620091335283,1.7512743454991713
10.26,7.3106,0.0235,0.0552,178.9384518322249,217.83811527401295,490.14811726825485,176.45557031868984,139.4875687570187,164.48437806972458,300.6160140989967,1.7370637802203126
10.27,7.3991,0.0234,0.0552,179.10508841432917,218.04097720005294,492.45042439779735,176.65442857369604,139.22817879698297,164.75594088815959,300.5502288135248,1.729583320847189
10.28,7.4183,0.0234,0.0552,179.18825070003103,218.14221824351606,492.9849487203711,176.73113658643388,139.2243813535747,164.86203547091108,300.6300072922926,1.7282968403417915
10.29,7.5221,0.0234,0.0552,179.45462177989762,218.46649607987536,495.6525229888355,177.06381493042363,139.15351291583582,165.23690210817193,300.73489000038774,1.7205148651427982
10.3,7.5721,0.0235,0.0552,179.67436851010515,218.7340138383889,496.95444995482103,177.32224615458045,139.32216138865869,165.49785035678497,300.9903668416991,1.7176690204667837
10.31,7.6567,0.0235,0.0553,179.89307366902867,219.00026359707837,499.11351676601726,177.5935631600095,139.2692019717367,165.80757186672471,301.08902677795595,1.7114889865668104
10.32,7.8105,0.0237,0.0554,180.3929251248026,219.60877841280316,502.963116266154,178.24467090459075,139.55425933915552,166.44495805743756,301.5392339566567,1.7017751048879655
10.33,8.0104,0.0235,0.0554,180.68118549694952,219.9597040832429,507.8839692402607,178.66693388625032,139.040328319937,166.97926697874394,301.3373744539024,1.6860031470363723
10.34,8.1334,0.0244,0.0554,181.6041083197322,221.08326230228272,510.8938674246082,179.8294970760127,140.68352150894157,167.91406491657887,302.9215308460718,1.6840892560461636
10.35,8.1949,0.0245,0.0555,181.83114541122637,221.35965528323212,512.4136435373147,180.10995303146962,140.84144641356193,168.19857499250173,303.17366784782246,1.6806895719519017
10.36,8.1988,0.0245,0.0556,181.87958004865212,221.41861918966347,512.5561366466611,180.14049333783862,140.85139822745353,168.2552646856783,303.24881793414704,1.6806120647830112
10.37,7.8835,0.0245,0.0556,181.31705876085843,220.7338106653929,504.99372219242804,179.25763374759862,141.09896934179255,167.35267116478656,303.2348365252063,1.7033413684469696
10.38,7.6605,0.0243,0.0557,180.76130207443762,220.05723730801105,499.54450765945796,178.44551127840103,140.90359757478814,166.59387605930496,302.92143401142164,1.7185895916152805
10.39,7.5144,0.0241,0.0558,180.34913004342516,219.55546266156108,495.93655599863666,177.8492347239433,140.64704050872848,166.06309977349574,302.6267559319031,1.7284009044437119
10.4,7.3491,0.0213,0.0558,177.9746557644387,216.6647983219254,491.79356124559314,174.81392202572422,135.24473749899624,163.8876836325795,297.8301577043372,1.7197054612493807
10.41,7.2684,0.0228,0.0558,178.94737362715082,217.84897658957493,489.7733319234888,175.96105650730996,138.3081849383074,164.59813427130908,300.52525017107365,1.7380675819718596
10.42,7.1722,0.02,0.0558,176.66068226830907,215.06517841359366,487.337029640518,173.06041162120627,132.7416486138872,162.54906768562682,295.49219590777045,1.7234072233670026
10.43,7.0953,0.0194,0.0558,176.0535952236631,214.32611592445946,485.3835632040256,172.25082522106146,131.56319293693159,161.9303274821539,294.3724036112047,1.724711738953931
10.44,7.0691,0.0169,0.0559,174.00757122916397,211.83530410506918,484.7457019164804,169.70694093395997,126.3941019166795,160.04407183841957,289.2021702516667,1.7052479966897285
10.45,7.0566,0.0163,0.056,173.5138125977696,211.234206640763,484.4650469759492,169.07238340545425,125.14905184295196,159.56641028719932,287.9122690072544,1.7010210459546655
10.46,7.0545,0.016,0.056,173.29315386742903,210.96557862121796,484.45592652876525,168.7752648950757,124.52968281635185,159.35611306469445,287.2866992064591,1.6986469836703963
10.47,7.0538,0.0158,0.0561,173.1594881439253,210.80285513173516,484.4839462203839,168.5844744865716,124.11993001550874,159.229844558714,286.88643808258126,1.6970606473566072
10.48,7.0531,0.0158,0.0562,173.19618932315734,210.84753482819156,484.51192206110824,168.59910476449522,124.13128868918874,159.26983266053023,286.95552666708767,1.6973054933991116
10.49,7.0684,0.0158,0.0562,173.27018793504485,210.9376200948372,484.95829733875286,168.66822324188297,124.14160919590043,159.36178586531244,287.0293790772672,1.6962902591209499
10.5,7.0108,0.0158,0.0563,173.17331939625504,210.81969317804965,483.49339510198723,168.48825238358668,124.15677761324096,159.2162964778181,287.08119771232265,1.7010367801400859
10.51,7.005,0.0158,0.0564,173.19786724009222,210.84957750967752,483.38688328996545,168.48523145864695,124.16841517656343,159.2394571466216,287.14858736650694,1.7016877943757287
10.52,7.0022,0.0176,0.0564,174.73734364554997,212.7237226989304,483.35869073544524,170.32083082196561,127.96516808556132,160.70504831601903,291.2735974999212,1.7183547614633943
10.53,7.0146,0.0178,0.0564,174.96916219301883,213.00593658280553,483.7304642240366,170.57912032992454,128.39045767823902,160.9393302070836,291.77572385685926,1.7193163704674284
10.54,7.027,0.0177,0.0565,174.95541848464325,212.9892051117396,484.1024298989773,170.5379445862641,128.1890445366318,160.94747482896915,291.6359458119237,1.7176320018290399
10.55,7.0531,0.0177,0.0566,175.05552317229493,213.11107168801124,484.8334475349639,170.6424283381658,128.19244525814213,161.07588043216873,291.71392762828606,1.7157331802151092
10.56,7.1915,0.0177,0.0566,175.4135142629854,213.5468869288518,488.4859296509765,171.1200658009167,128.16514750885392,161.56979694977142,291.82582067769783,1.7049718272906464
10.57,7.4452,0.0172,0.0568,175.59909260674397,213.77280839081874,495.03566560045925,171.4728173691622,127.09597847130067,162.03533362594857,290.88498912500984,1.6813284491854223
10.58,7.7643,0.0163,0.0568,175.5435360563472,213.70517432946616,503.070750800598,171.6254680674267,125.26016136553145,162.33461751014096,289.0185880179095,1.6503038238962393
10.59,8.168,0.0163,0.057,176.35329289875358,214.69096526804785,512.9412728701233,172.9104492192799,125.2913899895958,163.56679201206438,289.19613087733984,1.6224751453517476
10.6,8.6601,0.0163,0.0572,177.23907396747336,215.76930743866325,524.5675162694233,174.42609032127663,125.36666818848065,164.9938373660299,289.3904515167784,1.5904425958929582
10.61,9.1023,0.0168,0.0572,178.39499495937852,217.1765156027217,534.6792002418608,176.19776124832296,126.38246673485766,166.642255452773,290.7057839195037,1.5674817301484674
10.62,9.9327,0.0174,0.0574,180.06351753502238,219.20776047741856,552.8419989790319,179.0628260242434,127.62756919970516,169.28704341802236,292.293366014291,1.5246740242641814
10.63,10.3268,0.0199,0.0576,182.56835070475577,222.25712259709402,561.1642998528862,182.31189063190655,132.08235148668362,172.19080096439316,297.5958824078239,1.5219091127790283
10.64,10.7167,0.0209,0.058,183.8089710021718,223.76744295916566,569.2111266401444,184.16146221428068,133.82228744459465,173.86354557877647,299.65219023913744,1.5086667775544635
10.65,11.0799,0.0212,0.0582,184.44007800064725,224.53574713122276,576.5511597683891,185.3134699220452,134.3368196788618,174.9524592086515,300.3533175587549,1.4924742581737498
10.66,11.4583,0.0215,0.0584,185.05414873709293,225.28331150602617,584.0422318922916,186.4767754888721,134.8482477840074,176.05161980770345,301.0487424379784,1.4761259814105512
10.67,11.875,0.0215,0.0584,185.43940757783344,225.7523222686668,592.1132342525954,187.45826752626837,134.8673849461402,177.0056645112627,301.1997742944344,1.4566192710979406
10.68,12.3299,0.0231,0.0586,187.02551708040332,227.6832381848388,600.7255108119818,189.78335912904672,137.46921672647855,179.07650155912373,304.18019952343343,1.446377614856252
10.69,13.5226,0.0247,0.0588,188.96064247297986,230.03904301058418,622.3308865237824,193.55816905492424,139.94223515174124,182.5324744499287,307.1224504486122,1.4053203360676292
10.7,14.0615,0.034,0.0592,195.72237510742613,238.27071752208403,631.7424626735342,201.46440504646984,153.99761470649952,188.5453478323915,320.3181478335195,1.4358768628418772
10.71,14.4667,0.0343,0.0594,196.12699600486744,238.76329948418646,638.6895794911029,202.4385797653655,154.28570054162483,189.50554073693633,320.82740701420965,1.4213652959090586
10.72,14.7955,0.0346,0.0594,196.48416220682913,239.19811051266157,644.2513195995266,203.26143243440166,154.60905858050504,190.30664747696002,321.320096211473,1.4102404894220808
10.73,15.0478,0.0349,0.0596,196.80455149822637,239.5881496500147,648.483274756189,203.9403589780463,154.96430351055167,190.95681819145335,321.79707397839877,1.402282466579615
10.74,15.281,0.0399,0.0598,200.1108200136452,243.6131721905246,652.3618403920594,207.75105863054887,162.1290848728672,193.56891657479213,327.5616410170654,1.418479946537412
10.75,15.8849,0.0412,0.06,201.11688598575893,244.8379481565761,662.1465845319319,209.63412727365525,163.66768602335304,195.22148448273003,329.1016200217979,1.4023970873835856
10.76,16.1908,0.0425,0.0602,202.0222696997433,245.94015441707882,667.047228341946,210.99854621292567,165.34796140875898,196.314578544701,330.55779771970185,1.397556622055392
10.77,16.508,0.0433,0.0606,202.61068566822962,246.65648690045347,672.0688219384778,212.04359984071473,166.3048023599885,197.21969652734322,331.4856204745809,1.3901185164881076
10.78,16.7489,0.0456,0.0608,204.07034610625652,248.43346482500797,675.8584924712976,213.89948792335122,169.36700131715617,198.5335673021402,333.8375849921316,1.3921686647311933
10.79,16.9094,0.048,0.061,205.54293251168966,250.2261787098831,678.3863481666327,215.65982990024423,172.57645698034912,199.7060711469746,336.17366619055224,1.3972302868495678
10.8,17.0164,0.0487,0.0612,206.00737469603217,250.79158658647398,680.0847718554877,216.2803819109733,173.47953170052108,200.1794435023582,336.90166039960883,1.3966963325097572
10.81,16.9629,0.0509,0.0614,207.29196620013923,252.35543711321301,679.3306230356743,217.5571978373072,176.52240130631142,200.87549340864305,338.9138120945709,1.4079881328896353
10.82,16.8635,0.0505,0.0618,207.0959167894574,252.11676826542643,677.8715860521446,217.1973722721452,176.07246357992136,200.62574254106465,338.6308686408307,1.4099301222560006
10.83,16.7833,0.0528,0.0622,208.40269173489253,253.70762472073875,676.7022837813138,218.4745790326287,179.26577332395948,201.2822548840722,340.6647968109578,1.4224387319915632
10.84,16.7718,0.0561,0.0626,210.2230595053903,255.92372461525775,676.588301064947,220.40986215293293,183.72904348390827,202.32956794313822,343.43869509781246,1.4363110049120507
10.85,16.703,0.0567,0.0632,210.56936119946062,256.3453092862999,675.5910474893709,220.6801555513703,184.60950462061413,202.44035461582524,343.9837731782892,1.4412824754743443
10.86,16.6227,0.0607,0.064,212.65198841979276,258.8806815545303,674.4134190356563,222.84470947247928,190.01752557278735,203.49990060189577,347.11423370031923,1.4597731802019815
10.87,16.4851,0.0648,0.0642,214.67621509647157,261.344957508748,672.3388858657923,224.90900133251628,195.56358372889673,204.41442996190955,350.1362358694856,1.480145451969285
10.88,16.3551,0.0653,0.0644,214.91813029631064,261.63946296942163,670.3717981519885,225.00819980704503,196.37107900557172,204.3640549715287,350.54728933777295,1.4868734466725995
10.89,16.1831,0.0658,0.0644,215.1393654552631,261.9087927281464,667.7327462168979,225.03941791412123,197.2256352513227,204.23454873481538,350.9491798846968,1.4951913176429081
10.9,15.5524,0.068,0.0645,215.93546788163104,262.87796089937694,657.7377054095732,225.23888888342702,200.82852046818405,203.6758124318895,352.4310135996523,1.5271178425929668
10.91,15.1969,0.0684,0.0646,215.97863776280053,262.9305155373224,652.0177203942787,224.8994935314582,201.79120864734017,203.14937051025976,352.72130901841433,1.5426209000388933
10.92,14.8758,0.0688,0.0648,216.0198416727458,262.98067681899494,646.7841248445305,224.60454186850433,202.72719080664453,202.67525330911863,353.0148170277273,1.5570730559392467
10.93,14.4037,0.0695,0.065,216.04953453102468,263.01682464646484,638.9303340668401,224.2256112623273,204.30582185160839,201.95714961010466,353.4771860987655,1.5789952100251834
10.94,14.2766,0.0698,0.0652,216.15286882789445,263.142622920915,636.8310044405424,224.16915617668695,204.8625476268418,201.82297729597408,353.7338054863949,1.5856950069455225
10.95,14.1495,0.0698,0.065,216.11855903893488,263.1008544821816,634.7179795015517,223.95757312918113,205.0273666809525,201.61445477099875,353.7921696428266,1.5913700815680654
10.96,14.0921,0.0698,0.065,216.1282940956883,263.11270585562056,633.7913299780386,223.87530598589598,205.11009960369185,201.5476135936431,353.8632409969346,1.594052585038241
10.97,13.9277,0.0698,0.065,216.06326405048415,263.03353884406766,631.0162138862989,223.59023179030967,205.32248968659945,201.258346213475,353.9141646738402,1.601440201111692
10.98,13.88,0.0698,0.065,216.07720240593164,263.05050727678633,630.2474100007806,223.5247916799015,205.39468367765184,201.20990534708267,353.98677290335354,1.6037340583878104
10.99,13.8712,0.07,0.0652,216.20685515359443,263.20834540437585,630.1523652633006,223.63505562576,205.6833650241613,201.29025019009887,354.1983719424624,1.6050290120335227
11.0,13.87,0.0703,0.0652,216.38567713836503,263.4260417336618,630.1882998795512,223.81029316944358,206.0943948358509,201.41012168921048,354.4766745666819,1.606346147620061
11.01,13.8703,0.0713,0.0658,216.87108496159644,264.0169729967261,630.2522769993558,224.34164002264959,207.42315516929193,201.69795349230736,355.20986718893244,1.610077682462081
11.02,13.8705,0.0724,0.066,217.39513836653958,264.6549510549178,630.313087258734,224.91886084622217,208.87839810979946,202.00581533676666,355.9993410421573,1.6141328875935887
11.03,13.8742,0.0744,0.0662,218.23978353506806,265.68321473834374,630.4345511350143,226.0283544632667,211.60251707274819,202.5220496245819,357.3453873135892,1.6206217333186956
11.04,13.9775,0.0752,0.0666,218.70623225344133,266.25106535201553,632.2799076649586,226.63880126998322,212.5147033859084,202.96967406463378,357.9442815158333,1.6190110251640046
11.05,14.1265,0.0823,0.0668,221.73335679863982,269.9362604505181,634.9013487364664,230.38392339810096,221.47107695263426,204.85930794470784,362.27857113635395,1.6358711470821277
11.06,14.1227,0.0856,0.067,223.0456756396437,271.53386599608797,634.8937040815796,231.95244612453214,225.67902304724421,205.57259798172188,364.2174783094813,1.6464773669265589
11.07,14.0119,0.0885,0.0676,224.07389305655948,272.78560893842024,633.0468194577028,233.11344537163538,229.52007631165097,205.95992513148317,365.86073851704055,1.660240959901088
11.08,13.9507,0.0884,0.0678,224.02692343650364,272.72842853139576,632.0473815116871,232.9820655064425,229.50682606711652,205.86249800124946,365.87869352063495,1.6627999599318786
11.09,13.8436,0.0911,0.068,224.9507083554112,273.85303625876145,630.2481952206983,234.03199361139127,233.07564033907676,206.2000091433818,367.37539709092493,1.6756912005579574
11.1,13.8016,0.0938,0.0682,225.91397836006496,275.0257127861661,629.5746735648414,235.17860085200851,236.5141352337412,206.66183703360758,368.84874987686413,1.6855669312598627
11.11,13.7634,0.0965,0.0682,226.85835758373707,276.17539184107125,628.9651830340275,236.31148271650923,239.92355446435846,207.11836246059886,370.2887634917897,1.695118822577207
11.12,13.7558,0.0992,0.0682,227.81497340092372,277.33996761851586,628.8886321102256,237.4813634792684,243.25521955357425,207.62870032918624,371.70258317951425,1.7031567912325278
11.13,13.7547,0.1018,0.0682,228.72694129099554,278.4501893977337,628.9254047414936,238.60273588732363,246.42979573695197,208.12464300871514,373.03946657683804,1.710484153938645
11.14,13.7587,0.1016,0.0682,228.71508040712547,278.4357500608484,629.0511218711214,238.54963412867176,246.18879138456913,208.15134888756015,373.0296592083414,1.709962915739029
11.15,13.7627,0.1025,0.0682,229.0646661983655,278.86133276322755,629.176793664167,238.95770270130708,247.28046500881243,208.36445843791847,373.5431754183242,1.7124046236876505
11.16,13.771,0.1034,0.0682,229.41730230476423,279.29062889275644,629.3774250474629,239.37175246705823,248.3611828944291,208.58578236655694,374.0544374731745,1.714638979601839
11.17,13.771,0.1069,0.0682,230.590619562808,280.7190151199402,629.4332343907381,240.83594495142174,252.5742455510243,209.21498304346042,375.76182323687453,1.724046780400286
11.18,13.7978,0.1086,0.0684,231.20778729491596,281.4703497503325,629.9569250739005,241.5992291871041,254.55927927715808,209.5999321130345,376.6240089228232,1.7274406910405795
11.19,13.771,0.1084,0.0684,231.1630383991528,281.4158728337513,629.5454159937901,241.49092173177647,254.38003390876568,209.5612818851886,376.6135303061938,1.7283174814044064
11.2,13.6219,0.1081,0.0684,230.93912856231503,281.143286945427,626.9909290622061,241.10998855351016,254.31697324155937,209.23685950018782,376.5326269543724,1.7344226019021898
11.21,13.469,0.1071,0.0684,230.48691254844508,280.5927631024549,624.3510216102449,240.4346117878472,253.42492694232232,208.78774330253964,376.1314846504919,1.7389614834553022
11.22,13.2512,0.1078,0.0685,230.47788471027857,280.58177269077396,620.5339763996509,240.31837520275315,254.69951917957485,208.4625012902835,376.48967953169495,1.750982268130591
11.23,12.9721,0.1067,0.0686,229.8153068261095,279.7751561361333,615.568305705306,239.3441322245607,253.94345435411168,207.6990564155406,376.0135404602727,1.7613993316731866
11.24,12.6663,0.1064,0.0686,229.3461856868421,279.20405214050345,610.043822456409,238.62817365694116,254.21321867023912,206.98962585854878,375.89422373932297,1.775475558542239
11.25,11.7489,0.1052,0.0686,227.6127035012162,277.0937260014806,592.843422278029,236.23127745657024,254.73251572058015,204.6186092415573,375.21601707749676,1.8187609173179773
11.26,11.1411,0.1022,0.0687,225.69531883756656,274.75951858486366,581.0006936473078,233.67070307126568,252.41683378804714,202.6224500204673,373.74453620379575,1.8436308189167125
11.27,10.6365,0.0914,0.0688,221.42440940024903,269.56015057421627,570.8676332001173,227.93311495740056,239.87806211709398,199.46661843098298,368.3136566719708,1.8417506923451088
11.28,10.2542,0.0886,0.0687,219.8219589865242,267.6093413748991,563.000242956611,225.80179033620703,237.1123641116309,197.95506050244464,366.8098713986926,1.856077808228342
11.29,10.2509,0.0874,0.0686,219.4661260186301,267.1761534139845,562.9800837163293,225.27404425275267,235.5470963283434,197.77068388900858,366.24141033998364,1.8528199451038898
11.3,10.2534,0.0843,0.0686,218.47359048366215,265.9678492844583,563.0818099560558,223.8892583117684,231.44454583610724,197.23423348003502,364.60834868869415,1.8432176994551288
11.31,10.2558,0.082,0.0686,217.73047155952952,265.0631827681229,563.1814032718498,222.8481845690235,228.37476145615048,196.83693373994188,363.38146366722395,1.8359376211120193
11.32,10.3305,0.0804,0.0686,217.3530411375783,264.60370225444314,564.7921976412433,222.2942247471747,226.07159090167787,196.76907995718608,362.55231759194464,1.826485657506641
11.33,10.4836,0.0759,0.0686,216.03407084430143,262.9979992887148,568.0205867262133,220.51416729211726,219.66895670410847,196.29412837944122,359.96736646003774,1.8026110002488815
11.34,10.8352,0.0662,0.0686,212.81577169636506,259.080069891227,575.2646537300953,216.41923826476665,205.60183663909453,195.05091120817332,353.79051882077476,1.7478553385017368
11.35,10.8735,0.063,0.0686,211.55452767508172,257.544642387056,576.089866731435,214.8129085338635,201.02275167930074,194.39680632774284,351.6066764667236,1.7336442478218732
11.36,10.9882,0.0624,0.0687,211.50107118761275,257.47956492405035,578.451656481698,214.764664147,199.99528335710977,194.58382852282688,351.27506791392267,1.7251067861389568
11.37,11.2213,0.0624,0.0688,211.86469305243003,257.9222350203496,583.1542426448475,215.30263952561307,199.64150815751933,195.22065703251525,351.4078583083481,1.7125294069263997
11.38,11.5386,0.0624,0.0688,212.3185168366432,258.47471614895693,589.4427753700799,216.01377511344796,199.17228341046172,196.05401552728512,351.55856042922716,1.695767962281308
11.39,11.9209,0.0631,0.069,213.13410622958415,259.4676075838416,596.871986907804,217.22715614126471,199.60708320593267,197.20701412929398,352.2319614749173,1.6788648281396794
11.4,12.3643,0.0638,0.069,213.98150177452519,260.4992195515959,605.3001138538812,218.54192467280828,199.96586094470678,198.4768692949755,352.91118717842556,1.659555843021662
11.41,12.6816,0.0717,0.0692,217.77853930112494,265.1217000187608,611.2348028548477,223.33369569113097,210.2681524715776,201.190924078549,358.45447095950436,1.6732254873003716
11.42,12.6128,0.0691,0.0694,216.65479505246648,263.75366354213315,610.0209652605653,221.88715350195332,206.88434932516535,200.46683566057703,356.8021240088955,1.6674802868987595
11.43,12.5057,0.0732,0.0694,218.29674157423568,265.7525549599391,608.091898328406,223.78057354038526,212.5627009998631,201.22996315362084,359.5427132720801,1.6873556514023471
11.44,12.349,0.0739,0.0695,218.44726295244018,265.9357983768837,605.2258999198069,223.83306786622924,213.75255921863078,201.07252146519875,360.0338974575999,1.6976654353603493
11.45,12.1846,0.0754,0.0696,218.89631135638942,266.48246599908276,602.1912266270457,224.25835597610495,216.02505336050552,201.06866472973846,361.0196342978154,1.7111819378701247
11.46,12.0394,0.0804,0.0696,220.68842839142596,268.6641736939099,599.4947494310471,226.3921472813489,222.8793774734631,201.84337356194177,364.09375160359554,1.7353210497540474
11.47,11.875,0.0816,0.0698,220.96064790035308,268.9955713569516,596.410234550439,226.6306919564714,224.74985808111126,201.74091088862934,364.83904441311057,1.7478249890322965
11.48,11.7794,0.0829,0.07,221.35129131335017,269.47113725103503,594.6257445951121,227.0540556789922,226.62874069765084,201.81964148519398,365.64821151735595,1.7571370080962798
11.49,11.68,0.0832,0.07,221.36413026742824,269.4867672820866,592.7573329954607,226.99830790209091,227.21103653000853,201.6827695011251,365.87760883300047,1.763493782813455
11.5,11.6227,0.0833,0.0701,221.36323421916865,269.48567644072705,591.6974829317774,226.93965840536748,227.4556126333017,201.60883952237992,366.00197693215404,1.7670313473296784
11.51,11.4736,0.0833,0.0702,221.1871151114736,269.2712705704896,588.84091856446,226.63141320455594,227.7432464000051,201.28298096572564,366.0474959512927,1.775167124719934
11.52,11.3207,0.0833,0.0706,220.99856518486948,269.0417315294063,585.8865599661954,226.31048293157377,228.04181175147892,200.9430083551219,366.0915839923973,1.7836142442323968
11.53,11.0531,0.0833,0.0708,220.61630212715562,268.5763678069721,580.6143654067387,225.72334508741977,228.56971870921754,200.30030741651333,366.1071432749007,1.798533966698629
11.54,10.6518,0.0833,0.0708,219.9768435474001,267.7978964924871,572.5292885388021,224.8071714490695,229.38532222704146,199.28448353917278,366.08725152527586,1.8215135136416192
11.55,10.3574,0.0832,0.071,219.45069472227732,267.1573674879898,566.4897402239196,224.07276515949766,229.87433223501478,198.50980308115376,366.0343856445498,1.838675310328437
11.56,10.1013,0.0805,0.071,218.0622758189093,265.46711838823745,561.1530752164409,222.20620815551243,226.8189900157389,197.30199916099465,364.48020248963024,1.845586817200986
11.57,9.8289,0.0807,0.0709,217.63602479411176,264.94820409717954,555.3789339455714,221.6329834686877,227.68373919430633,196.61457468668604,364.60380037150105,1.8633173109641643
11.58,9.629,0.0786,0.0708,216.5296267904986,263.6012847884331,551.0897076299146,220.14792131004558,225.28281814283943,195.6521229921586,363.3803615610575,1.869254889581394
11.59,9.3983,0.0772,0.0708,215.5856561923619,262.45210319070145,546.06232430427,218.89442749672864,223.88481811195675,194.72618432241816,362.5464680833656,1.8797137905844448
11.6,9.1215,0.0759,0.0708,214.5515514762548,261.1931931015276,539.9174273801646,217.5453705100901,222.72104763211266,193.6630437272027,361.74584197110977,1.8939375566655872
11.61,8.8908,0.0722,0.0708,212.72644315217428,258.97132209829914,534.7135083795004,215.11907572312478,218.0712840008811,192.19728504003095,359.4134331405483,1.896957515912677
11.62,8.6601,0.0692,0.0708,211.11139395733616,257.00517525240923,529.4239077769805,212.9839776646623,214.32551853686184,190.8434377259068,357.4442931150916,1.902457192682039
11.63,8.3103,0.0679,0.0708,209.8004578868144,255.40925307960015,521.2088281538605,211.33106594419905,213.25640696683874,189.4606312901773,356.53293759748186,1.923270319230828
11.64,8.218,0.0677,0.0708,209.53102809335883,255.0812515919151,519.0377792323587,210.9715766578024,213.1858121883825,189.15504752550115,356.4442848903871,1.9296337846875438
11.65,8.1411,0.0676,0.0708,209.33550293973516,254.84322097011238,517.2242313737403,210.7062259769881,213.22573644577122,188.92105879822972,356.4284318381292,1.935285218068226
11.66,8.1315,0.0672,0.0709,209.20396828199134,254.6830918215547,517.0359661115717,210.48594015875628,212.66739233921723,188.8409800366791,356.22775761330075,1.9347109705984404
11.67,8.1267,0.0675,0.071,209.34760448567113,254.85795328690398,516.9639172498231,210.63987492634692,213.11998610482863,188.9397702650783,356.5098535137337,1.9364341131368907
11.68,8.1259,0.0657,0.071,208.70816467787955,254.07950482524467,516.9883474157299,209.71973936204117,210.48740682177092,188.5586026704318,355.3361083069986,1.929807021017666
11.69,8.1258,0.0603,0.071,206.6193349309649,251.5365816550877,517.0297242508708,206.84620052415622,202.45075989752792,187.26530254770915,351.4722864740794,1.9084274706655842
11.7,8.1911,0.0565,0.071,205.23462955981915,249.85085337717115,518.654126969659,204.93163221639583,196.54164243789634,186.5154423442695,348.6067637466262,1.8876441860540618
11.71,8.2564,0.0527,0.071,203.75787584994455,248.05306625210645,520.2710078172897,202.93330682486925,190.54147772689655,185.69695626252806,345.5606491760775,1.866121053630059
11.72,8.4564,0.0505,0.0711,203.23776642223007,247.41988955749747,525.0864266163779,202.20963718063194,186.74102870274558,185.72381582474566,343.78545080385817,1.8415239702921424
11.73,8.8293,0.0494,0.0712,203.53733892364525,247.78458651574203,533.8448318883371,202.602719942876,184.39963006519903,186.58442586223833,342.9860923083261,1.8101911779763822
11.74,9.2945,0.0484,0.0712,203.96981785222042,248.31108260270312,544.4485152823802,203.2591381532062,182.1327982796025,187.69481153291164,342.2792357202889,1.7743598847664186
11.75,9.7943,0.0483,0.0714,204.80859402493854,249.3322014216643,555.4828384693848,204.50747678911736,181.2849317742943,189.1281314001609,342.39362172858966,1.7422376210512116
11.76,10.2848,0.0482,0.0714,205.54280532987343,250.22602387984594,565.9820763100447,205.6805716494733,180.50134536534313,190.47595738484262,342.49889295296174,1.712310562851924
11.77,10.9155,0.0461,0.0716,205.30972750871877,249.9422769671359,579.0291019125772,205.88176532749213,176.56385228207628,191.45166153763876,340.7444914789047,1.666523300029783
11.78,10.969,0.0385,0.0714,201.08245036105222,244.7960265264984,580.1581281662351,201.01634124673382,164.71586876880053,188.78761830546242,332.9405133321747,1.6253102097445142
11.79,10.7588,0.0385,0.0714,200.88684370919546,244.55789668945533,575.9397519858317,200.54106977275632,164.90401238000743,188.30675242798372,332.96431824413565,1.637033125088892
11.8,10.3574,0.0377,0.0712,199.961905589903,243.43188506596888,567.692806105986,199.03836778539332,163.98069134587618,186.99649267857598,332.034441106223,1.655590393810681
11.81,9.8674,0.0368,0.071,198.80650991505317,242.0253164183256,557.3398665883157,197.19988155705275,162.96495047511712,185.3676128507934,330.94535976863403,1.6797610395530957
11.82,9.3983,0.0365,0.071,197.96990562156034,241.00684162624736,547.1265479728893,195.78297500825298,162.9212598722306,183.99028367387157,330.5450167645716,1.707409685681903
11.83,8.737,0.035,0.071,195.9937511150019,238.60108831391537,532.155639323078,192.90824689794783,161.06200221471607,181.47692257663823,328.6395466731674,1.7426615126676763
11.84,8.4679,0.0344,0.071,195.17037804187567,237.59872109445735,525.8882472780583,191.7144293004702,160.31894054622327,180.4445006667543,327.89581519862105,1.7580582571872192
11.85,8.4156,0.0339,0.071,194.80507682063637,237.154006564253,524.6910624211275,191.20925554150872,159.5163074451578,180.10690015621188,327.32719468196626,1.758954742311191
11.86,8.3899,0.0336,0.0712,194.61129985494307,236.91810417123506,524.1241473478257,190.92755456238802,159.03029451637147,179.9370116496682,327.0115468755128,1.759156077912565
11.87,8.3907,0.0334,0.0712,194.5293360140897,236.8183221041092,524.1869411767848,190.79700129838002,158.69041541787834,179.89248434477224,326.82775790753146,1.7580697422120415
11.88,8.3916,0.0317,0.072,193.50513464805124,235.57146826719284,524.255898215211,189.534018065308,155.71715320640263,179.15888864362194,324.68518318676774,1.7476273209383861
11.89,8.3948,0.0299,0.0726,192.38482851464755,234.20761732217963,524.3786627433341,188.1685212802037,152.52926422445293,178.34320956246773,322.2965789906567,1.7360405838835962
11.9,8.6178,0.0295,0.0732,192.56470149749634,234.4265931273869,529.6945745277709,188.52614124861566,151.65232020970393,178.85957265445217,321.86365014439747,1.7180254090350913
11.91,8.9139,0.0291,0.0736,192.84035482550775,234.76217109192248,536.6093486221807,189.0793493032798,150.74361496805258,179.57015928825476,321.44155551419675,1.6955699587010917
11.92,10.0784,0.0292,0.074,194.6221574707112,236.9313221382571,562.3850061727632,192.32772286949984,150.24335352710742,182.8680306049856,321.9456166653532,1.6239960897354233
11.93,10.8391,0.0293,0.0744,195.5997365378531,238.12141839390813,578.2634736724633,194.3354623415424,150.06795029463925,184.88977883920762,322.330593729952,1.5821668099966744
11.94,11.6418,0.0295,0.0748,196.53164905622975,239.25592059019274,594.2915034710413,196.42277206628071,150.10070463056633,186.95072447909135,322.85481007525215,1.541858456209227
11.95,12.3872,0.0307,0.0768,197.98113557446086,241.0205128732567,608.5890100266054,199.02372560423782,151.77463302321775,189.29830244377936,324.7504978772477,1.512965588821276
11.96,13.1326,0.0361,0.0772,202.11227700139324,246.04972852343525,622.3628307226486,204.47893879553789,159.82948108007912,193.52750244071234,331.8772443650058,1.5088103629965663
11.97,14.3903,0.0434,0.0776,207.34434300760444,252.41920018317066,644.5196804175171,211.8194212774526,169.92216325457736,199.159809628947,340.22087498921906,1.4913210764760203
11.98,15.5638,0.0457,0.0776,209.18784452911657,254.6634629050115,664.1468290620545,215.43162992110527,172.48623632544368,202.3329042639876,342.78364466830806,1.4554812179331318
11.99,16.3857,0.0495,0.0776,211.65445319367782,257.6662908444774,677.3749661330816,219.1878050941145,177.23821718823208,205.24129550951372,346.5666158633552,1.4416807986160538
12.0,17.1923,0.0522,0.0776,213.37809138834314,259.7646329945047,689.9689897953031,222.13932346593603,180.3819916707737,207.6275380840237,349.1654370439759,1.424465339918643
12.01,18.4499,0.0564,0.0772,215.87287399721959,262.8017596487891,708.8700080539093,226.54156855918848,185.11083841176585,211.14951250967576,352.9545424315745,1.3991721297887623
12.02,18.8666,0.0646,0.0768,220.27516191571428,268.16106668,714.9964353303983,231.6695202142955,195.29879647596016,214.27941322286006,359.3734145167471,1.416572038496946
12.03,19.0768,0.067,0.0762,221.5451129278557,269.7070939991287,718.0839859686032,233.26901920431263,198.16281134731796,215.32213227701246,361.18726094943315,1.4185540337849556
12.04,19.138,0.069,0.0762,222.5860061849072,270.9742683990175,719.021562106423,234.4222969106213,200.61898587126936,215.99791756527492,362.6558378178104,1.4237277020231265
12.05,19.2603,0.0692,0.0762,222.73739829382623,271.1585718359624,720.831195527787,234.73217281517347,200.78742459703847,216.29800147942044,362.88563526773214,1.4207067090752645
12.06,19.44,0.071,0.0762,223.67242909959177,272.2968702081987,723.450321813183,235.93996763452003,202.88071431424444,217.09962787796536,364.2005203413648,1.421362461231294
12.07,19.4897,0.0773,0.0762,226.69777758519157,275.97990314718976,724.2151678775648,239.17055059982061,210.53017493984154,218.76774200809274,368.33211526089457,1.4407008540745436
12.08,19.5279,0.0885,0.0766,231.66899024421764,282.0318142103519,724.8172106014787,244.52384126622067,223.8423343067921,221.3518317905419,374.95242435164084,1.4739602343605007
12.09,19.6846,0.0959,0.077,234.77087624147904,285.8080232504962,727.0924825729975,248.07439353994832,232.29560415291778,223.1400410318295,378.9889653764001,1.4902791770709514
12.1,19.8146,0.1005,0.0776,236.6494022685477,288.0949245008407,728.9829733255459,250.27166584743895,237.43379161282718,224.273429243381,381.40267389064473,1.4989103370748982
12.11,19.7955,0.1019,0.0776,237.22918811389852,288.80075074735475,728.7742748526173,250.86522721819142,239.0598471876937,224.55148143606638,382.1663631818671,1.5033959912150654
12.12,19.5355,0.1094,0.0778,239.9815207590562,292.15141657624235,725.1655589749414,253.61532010913635,247.8110636282499,225.50112950596022,385.7538521339257,1.5310955243886106
12.13,19.2259,0.1153,0.0782,241.99084760229573,294.59755360279485,720.8172742164287,255.539333572001,254.75947646307156,226.0177982556382,388.4320969761107,1.5556998977348266
12.14,18.8092,0.119,0.0788,243.10933338713556,295.9591884712955,714.8738550823684,256.3675423967664,259.37855574399714,225.948957778601,390.04842496270294,1.5783022577988968
12.15,18.1594,0.1225,0.079,243.95705701313761,296.9911998420806,705.4032522817957,256.7085364388969,264.1089947510521,225.4010521293485,391.50074814823523,1.6084452312860438
12.16,17.9148,0.1234,0.079,244.1457679194296,297.22093485843607,701.818801025993,256.67872339827375,265.4484342073983,225.14952648282554,391.9157249590632,1.6191031646855494
12.17,17.6816,0.1238,0.0792,244.1721012097522,297.2529927770897,698.3753643091335,256.4728869511944,266.22925214954574,224.8368655327759,392.1241723656684,1.6283183736704627
12.18,17.4446,0.124,0.0792,244.1241954814915,297.1946727600766,694.8443236385324,256.18018347758357,266.8014163297878,224.48170654794097,392.24880569349324,1.6373193063023537
12.19,17.1235,0.1237,0.0791,243.85071671328518,296.8617420857385,689.99075142954,255.5531326315143,266.9538609771717,223.88802419835807,392.1528166258719,1.6483246506054912
12.2,16.9094,0.1234,0.0791,243.64595061323445,296.61246161611155,686.7411742643312,255.10010002918875,266.95199490090124,223.48865130145634,392.07388132732495,1.6556127983354318
12.21,16.7871,0.122,0.079,243.16455571741392,296.0264156559822,684.8965582127765,254.38865939813752,265.5970416982306,223.09464251904362,391.5528743153419,1.657039772448334
12.22,16.787,0.1171,0.079,241.65646782660497,294.1904825715191,684.9505127030318,252.54774370851732,260.1517957465489,222.38729152632885,389.55247479597756,1.6455957539071726
12.23,16.7871,0.1144,0.0789,240.8250629130409,293.17833745935417,685.0072291862509,251.5247297357465,257.1304947812495,222.00780126724177,388.4533330955971,1.6392032164140466
12.24,16.7872,0.1119,0.0789,240.044058509108,292.22754948934886,685.0642165025052,250.56659495777734,254.31780008402447,221.65157643319043,387.4192575615349,1.6331894738589605
12.25,16.7947,0.1073,0.0789,238.5331036222486,290.3881261488244,685.2364062575738,248.76300105191123,249.08278083170168,220.94502990033638,385.39175957640964,1.6214273716049512
12.26,16.875,0.1072,0.0789,238.59822195773225,290.46740064419583,686.5403961655988,248.88245459910715,248.8691244605165,221.12988773904684,385.43821415138905,1.6183890459525025
12.27,16.9362,0.1072,0.0789,238.6848486583281,290.5728592362255,687.5450643725085,249.0097453869797,248.79650285822876,221.2953451527462,385.5280574811439,1.616319985388782
12.28,16.875,0.1073,0.0789,238.72774763815863,290.6250840812366,686.6511915991709,248.97041569351958,249.00408747847058,221.2472342660169,385.64393892638844,1.618993560973426
12.29,16.8827,0.1073,0.079,238.78013868944342,290.68886449149636,686.8264067247337,249.00719210640545,249.00389802025364,221.31184433267208,385.72466960863574,1.6188835088508946
12.3,16.8291,0.1074,0.079,238.82737756491113,290.74637268771795,686.0486298627691,248.98017395336024,249.2011761490279,221.27765872965915,385.84169411479303,1.6212849352799614
12.31,16.6877,0.1073,0.079,238.74650936652827,290.6479244462083,683.8980374283088,248.72149860839986,249.29003548595364,221.0418121170212,385.85020971913093,1.6264312112280774
12.32,16.3513,0.1072,0.079,238.5248864626068,290.37812265013,678.65806653803,248.12147265245875,249.6514946519819,220.42725696715038,385.82456348653886,1.6389752131662707
12.33,15.9538,0.1068,0.079,238.13677799761984,289.9056427797111,672.3679746261474,247.279814614271,249.7646597470466,219.6288607978572,385.6460356693269,1.653383773480059
12.34,15.4606,0.1059,0.079,237.474854901758,289.0998233586619,664.4120072912889,246.04404644206215,249.45159698042016,218.53368832182596,385.2114969995124,1.6707101103600908
12.35,14.9599,0.1042,0.079,236.4995340521938,287.91247623745335,656.1698409330745,244.44169294308838,248.22953758437072,217.25710557889198,384.3870708828344,1.68686198701455
12.36,13.794,0.099,0.079,233.59070798760126,284.3712966805581,636.2162587825223,240.038481287539,243.8968571569297,213.8710841477217,381.68642260402174,1.7233913954640045
12.37,13.2282,0.0989,0.0789,232.93857562569613,283.57739641389094,626.1797599454716,238.85073373532518,244.71002402183947,212.61504861309007,381.5960871946622,1.7493393171954905
12.38,12.7619,0.0958,0.0789,231.34054526899817,281.631968153563,617.7138842853891,236.5746074725215,241.7418200027269,211.00818799122717,379.9963002193445,1.763154125693023
12.39,12.5134,0.0937,0.0789,230.3358746992889,280.40889093826473,613.1459491741555,235.1574685510809,239.59494781593742,210.07195607055507,378.9252276165347,1.769555668896833
12.4,12.3528,0.0939,0.0789,230.22805135007812,280.2776277305299,610.1804360659521,234.90617707373292,240.12446325595187,209.76571884247846,379.0714118411207,1.778362437349526
12.41,12.2037,0.0931,0.0789,229.78867292822505,279.7427322604479,607.4085482484626,234.24824258561523,239.40095316097768,209.29747120550365,378.6932044809375,1.7837922247159972
12.42,12.0661,0.0923,0.079,229.36073459803336,279.2217638584754,604.8351897004304,233.61129511311495,238.65484208223347,208.85313774685838,378.31393229806474,1.7887056425067975
12.43,11.3092,0.0904,0.079,227.57482484281618,277.0476128521241,590.1176313180032,231.04104092249258,237.65345834188665,206.60316384992387,377.18832602448873,1.823635936395419
12.44,10.8391,0.078,0.0791,222.41096502592762,270.76117481417276,580.6841092851539,224.30559948415154,222.49170864207326,202.8900573429848,369.9819694382989,1.8110695205307468
12.45,10.4415,0.0728,0.0791,219.79042153221297,267.57094795225925,572.510834737324,220.82808492537978,216.22095697195266,200.69366490002344,366.65155063028436,1.8166141995989324
12.46,10.0975,0.0725,0.0792,219.09986238211502,266.7302672477922,565.2874955627367,219.81272312618404,216.42285096779824,199.7039658362464,366.4383707715129,1.8365725574108258
12.47,9.8097,0.0726,0.0792,218.63145602975956,266.1600334275334,559.1319206654296,219.1163994054358,217.08876852146687,198.9412585836628,366.5000018781371,1.8551201321759536
12.48,9.5367,0.0726,0.0792,218.12235271852958,265.54025548342736,553.1895947824079,218.39089713251548,217.60754452744573,198.17850444732895,366.49778335109283,1.872900892719298
12.49,9.3476,0.0728,0.0793,217.8397796913318,265.19625353727355,549.0244974142325,217.9786817348467,218.25368095189626,197.6969196855249,366.6488376350073,1.8862997553086018
12.5,9.3308,0.0729,0.0793,217.88378034865622,265.24981955488585,548.6914660050284,217.99428214723372,218.42793739058786,197.71221895819875,366.78364922172256,1.887980127421296
12.51,9.3236,0.0729,0.0794,217.91109619109417,265.28307362394077,548.5738432387491,217.98805021008047,218.44533496314853,197.73419635150887,366.8557684550786,1.8886628878832172
12.52,9.3283,0.0728,0.0792,217.92666461652385,265.3020264896812,548.7217911479172,217.9663519827563,218.301533283876,197.76994446619082,366.8658343469543,1.8881976576902781
12.53,9.3329,0.0724,0.0792,217.82924724582293,265.1834314296975,548.868346506111,217.798130898617,217.74387629582236,197.73744303126554,366.67855642425803,1.886665099569434
12.54,9.6444,0.0702,0.0792,217.67773584492127,264.9989827677303,555.8277078189813,217.5884226447938,214.115735826507,198.210268271185,365.3730355030037,1.8584507869258418
12.55,10.2542,0.0656,0.0792,216.98987823413495,264.1615908937295,569.0227586170188,216.8785180753516,206.67398274577343,198.8903235752782,362.40550858749606,1.8033616559144936
12.56,10.5218,0.0566,0.0792,213.46914237224834,259.8754776705632,574.6868890283215,212.71081457481404,193.47962178104248,197.24303327908606,355.6589455337297,1.7514893687926125
12.57,10.7167,0.0522,0.0792,211.65894022219186,257.6717533139727,578.769858785028,210.6818140713225,186.81359770958326,196.48458165633372,352.0555522928269,1.7213053878224946
12.58,10.8544,0.0517,0.0794,211.63421669015204,257.64165510105465,581.6419141198456,210.74260140222742,185.92505927493656,196.7324473784196,351.7193090302258,1.7114202434434105
12.59,10.927,0.0519,0.0794,211.87138002198847,257.9303756789425,583.1686710950597,211.0546846705355,186.1454639936965,197.02802430520575,351.9840050690009,1.7084056436244475
12.6,10.8735,0.0521,0.0796,211.94346345563181,258.01812942424743,582.1244629388214,211.05952771571035,186.5103135437254,196.99515872992754,352.21799506465,1.7124870115516841
12.61,11.0378,0.0538,0.0796,213.04562120366708,259.3598866827252,585.5100815699457,212.46626874559013,188.8129818825639,197.99153784553582,353.80152359265645,1.7109350860421133
12.62,11.1258,0.061,0.0798,216.61127478294125,263.70068234445023,587.3332392165157,216.71983476946613,199.00168539930755,200.33941431327287,359.71910317561697,1.736194981493882
12.63,11.1066,0.0736,0.08,221.96350012635438,270.2164349364314,586.9932374123404,223.15350364647333,216.2997170489068,203.4803593567829,368.6771480882058,1.7844271877091846
12.64,11.0914,0.0802,0.0802,224.5123623117361,273.3193975968961,586.7334542557595,226.268554833767,225.0459929539816,204.94060744369003,372.8870767145509,1.8077809888160923
12.65,10.9499,0.0816,0.0802,224.83772264302002,273.7154884349809,583.9125839689175,226.58143079115794,227.11989822923056,204.90112095617044,373.76619048160654,1.8205405123046638
12.66,10.797,0.0813,0.0804,224.5118612179975,273.3187875697361,580.8352512901514,226.07819460231056,227.00359211903944,204.46903864823403,373.6230804759886,1.828535847276536
12.67,10.5103,0.0809,0.0804,223.90197054754438,272.5763119709236,574.9483499819227,225.1815439899853,227.00124395538708,203.6395015942711,373.38382349345716,1.844234280972672
12.68,10.1969,0.0799,0.0806,222.99786422238685,271.475660792471,568.3934388436448,223.91953958597287,226.26809388938904,202.58895919698816,372.7714751089289,1.8600614739205161
12.69,9.9135,0.0751,0.0806,220.7246610527335,268.708283020719,562.3598637523936,220.92303313463756,220.38544829826486,200.77746117799043,369.7777857057576,1.8616363827506406
12.7,9.5905,0.0725,0.0806,219.13540753365538,266.77353960618916,555.3437575897107,218.80060793881313,217.44851509270447,199.28217381347253,368.0710523848156,1.8733874823021333
12.71,9.5252,0.0718,0.0806,218.775834195683,266.33579815126626,553.9418717498411,218.29140792202736,216.6119052778863,198.96948956537022,367.66172950338284,1.8753488243651897
12.72,9.4252,0.0716,0.0806,218.53205133167742,266.0390190124769,551.7598240344602,217.9275013784239,216.52648940136757,198.66477217059673,367.572860222657,1.8814232712533299
12.73,9.3368,0.0722,0.0806,218.61309499802456,266.1376808671604,549.8233785746952,217.9846783609366,217.5240067433477,198.57621418136452,368.01934058925843,1.8896708452422344
12.74,9.3069,0.0727,0.0807,218.7789624942844,266.33960651478105,549.1944109338428,218.15630385876509,218.27249823293087,198.6416010376517,368.414106981477,1.8936636829679327
12.75,9.2929,0.0764,0.0807,220.15407768059336,268.0136597850702,548.9218660337644,219.89823749709103,223.3540142587079,199.462007227153,370.8687906544497,1.9077564765829766
12.76,9.2933,0.0781,0.0807,220.80712130803968,268.8086694184831,548.9734838166465,220.7078127142319,225.6516594773963,199.87147621749168,372.00524924594373,1.9137227618603403
12.77,9.2937,0.0788,0.0808,221.09884621454873,269.1638127829289,549.0255232331815,221.04640558205526,226.59361824186774,200.06436224056435,372.5109613995598,1.9162537007239482
12.78,9.2983,0.0787,0.0808,221.1167813825413,269.18564690048504,549.1716903285601,221.02630493870524,226.45152657005863,200.10107184710688,372.5246050368801,1.9158102595550717
12.79,9.6405,0.0786,0.0809,221.87721966576333,270.1113978539728,556.8365975659061,221.96201440009435,225.63560913212834,201.1676961264105,372.63639600586794,1.8930157344853993
12.8,10.2122,0.0676,0.0809,218.8091711941584,266.3763823233233,569.2504173160168,218.18414190172388,209.67119223649937,200.36458038290218,365.63219621643094,1.818271020567589
12.81,11.0837,0.065,0.081,219.13833233724134,266.7771002366417,587.3576092615855,219.06697778450877,204.78084085294714,202.1263322588711,364.06513373064774,1.757711076341647
12.82,13.7404,0.065,0.0812,222.05876254559436,270.3324065772453,637.5819197127166,224.98940570744261,201.56346387685323,208.52321523257808,364.71645466428885,1.6249590769124838
12.83,15.5103,0.065,0.0818,223.22219922925444,271.74876427909237,667.8049036329397,228.4048593588972,199.8209918471783,212.23937134746987,365.1156304374356,1.5506647244498142
12.84,17.5898,0.0652,0.0822,224.040055957467,272.7444159482207,700.7061634719854,232.17578325401803,198.3935397100583,216.2215716912987,365.67378286512195,1.4742473961563298
12.85,21.1169,0.0658,0.0828,224.47918687146847,273.27901010439643,751.3867518818904,237.91785241600283,196.7820688179211,222.20426225347873,366.6771744445157,1.3649262736855958
12.86,22.8569,0.0692,0.083,225.98194034701444,275.10844911810455,774.5032961241176,242.0826405114312,199.86735155405736,225.7429070102319,369.3756317180979,1.328488618351224
12.87,25.407,0.0726,0.0832,227.02794742458164,276.3818490386211,806.4778453037039,247.06324770131002,202.4623022151581,230.17157335617543,372.05020102920076,1.2753485840168084
12.88,26.3175,0.0742,0.0836,227.55502505523435,277.02350876289404,817.4549692865949,248.9764440476765,203.83894027012934,231.81054286622387,373.2766180750803,1.2591230125608446
12.89,27.5019,0.0749,0.0836,227.4544603080159,276.9010821141063,831.372723942473,250.72960029491625,204.06041422597548,233.51691981875157,373.9277219934832,1.2346295793754865
12.9,28.4047,0.0756,0.0838,227.43740700920083,276.8803215764184,841.7529599186719,252.1217678149501,204.4336103052955,234.83739882681803,374.5431623925553,1.2172591238318151
12.91,28.9718,0.0756,0.084,227.19520157766078,276.5854627901957,848.1952902025732,252.78272123003552,204.1939851488842,235.55758669365352,374.6714030552123,1.2053506344793097
12.92,29.2535,0.0757,0.0842,227.14483754895193,276.5241500595937,851.4002006976967,253.17290739417408,204.1996715662041,235.96270597196417,374.83604914645093,1.1998937707534754
12.93,29.5853,0.076,0.0844,227.17078127745734,276.5557337290785,855.140071551064,253.7115167711377,204.4049026921773,236.47469927051978,375.1335538860247,1.1940733476095675
12.94,29.8939,0.0855,0.085,231.9384867991584,282.3598969728885,858.601627495154,258.54612132701294,214.65028423441854,239.20630934940132,381.02549267624175,1.2159747799440361
12.95,29.6964,0.09,0.086,234.28583447510047,285.2175376218615,856.4992234249822,260.4150008382221,219.63565362936896,240.0492175694258,383.63086513732,1.2328748696054017
12.96,29.9161,0.0932,0.088,235.75652202108657,287.0079398517576,858.9829052154739,262.1125959841163,222.96690252067663,241.05372706784956,385.4735524492905,1.237271906067111
12.97,30.1359,0.0979,0.088,237.89449748920816,289.6106925955578,861.4526721438269,264.43911825948584,227.86253701255404,242.34731902893276,388.04361528427216,1.2454963356589375
12.98,30.4612,0.0993,0.088,238.43466896942235,290.26829265842724,865.057012319231,265.4219914744367,229.1713584187243,243.06058806371257,388.86726245879277,1.2426780443321246
12.99,31.0352,0.1011,0.088,239.0359134550528,291.00024246702077,871.3109078258908,266.828629110867,230.74658494159107,244.1307964125807,389.9062928708228,1.2359558571518992
13.0,31.261,0.1028,0.088,239.74618503578805,291.8649209131333,873.7923037113246,267.8203307425276,232.4133774214299,244.7766102514069,390.8494900502983,1.2359690425332337
13.01,31.1424,0.1066,0.088,241.54142626781555,294.05043197821027,872.5916045167774,269.32823737386224,236.46260152842137,245.43328416764444,392.76352890928786,1.2480423135686387
13.02,30.928,0.1045,0.088,240.75239512751912,293.0898723291537,870.3593966416108,268.26067375865375,234.43141089025892,244.8369683100344,391.8050738403996,1.2471667545199334
13.03,30.6372,0.1108,0.0882,243.66954356968398,296.64118347613703,867.2922946649194,270.5986548568548,241.17526654935506,245.747459586388,394.8472381308526,1.268791435215355
13.04,30.3884,0.1157,0.0884,245.87019265767483,299.3202345397781,864.6626898077157,272.3464234325592,246.4069247109096,246.3948296535757,397.1278647189438,1.2857571809139385
13.05,30.2583,0.1152,0.0884,245.757416102044,299.1829413416188,863.3130564043818,272.04066163742226,246.0027435850519,246.20661233646143,396.9687197047281,1.2873652242779974
13.06,30.0287,0.1161,0.0886,246.25707253161738,299.79121873414294,860.8719376392291,272.185711365724,247.1049531372151,246.14802807133768,397.42514199264195,1.294360895156593
13.07,29.9634,0.1162,0.0888,246.36713721493877,299.9252105225342,860.2223786995522,272.187998593194,247.27305239455777,246.14083085214347,397.5401980967719,1.296080474531673
13.08,29.7396,0.1163,0.0886,246.53121347081205,300.12495552968426,857.8282738342165,272.0169274355982,247.5513924620806,245.94508606493198,397.63953518423097,1.3011083443070415
13.09,29.5428,0.1161,0.0885,246.56161616256082,300.161967502248,855.7211686567846,271.7543277428477,247.50330299482533,245.72715768665952,397.6079110456954,1.3048942249439308
13.1,29.2535,0.116,0.0884,246.66099087812688,300.2829454168501,852.5765407940553,271.42730572701305,247.62387577321147,245.4137346171761,397.61123532323995,1.3109078758198482
13.11,29.1146,0.1148,0.0884,246.26168318738272,299.796831706379,851.0930976441989,270.8268873476684,246.50336594799555,245.0860019016735,397.1367724745781,1.3111437215387505
13.12,29.0835,0.1139,0.0884,245.948435746769,299.41548699606665,850.8101275842879,270.464284736113,245.61416360894611,244.94017211951643,396.8040399565158,1.309785173582855
13.13,29.0715,0.113,0.0884,245.62706677977607,299.02425521016215,850.7402591208074,270.12155513829674,244.71002980319997,244.81624877249436,396.47023463556786,1.308006870940528
13.14,29.0596,0.1131,0.0884,245.7181869489777,299.13518411179894,850.6714098074034,270.18081151035136,244.84159331917013,244.87161061193729,396.5910094672957,1.3086353798906931
13.15,29.103,0.1127,0.0884,245.58426580938166,298.9721496809864,851.2203142036772,270.1004798812033,244.41652642031158,244.90401476472798,396.4890697633513,1.3068736003293675
13.16,28.9988,0.1122,0.0884,245.45683582053897,298.8170175206561,850.1194860877299,269.8143860154115,243.98946428878364,244.73894929199852,396.3256485636951,1.3080242822786972
13.17,28.9545,0.1112,0.0888,245.10060142026518,298.3833408594533,849.6882466097337,269.39219371316074,243.0004330250632,244.55496244248403,395.93626118319213,1.3066708749862643
13.18,28.9497,0.108,0.0888,243.79756031726149,296.7970299514488,849.6983145836059,268.11152233900947,239.68586365107524,244.00865131297812,394.5114465091119,1.2990149740937604
13.19,28.9448,0.1014,0.089,240.97143255731066,293.35652659150867,849.7076529100185,265.38016314506416,232.76553167433588,242.78015596337747,391.3652352679324,1.2824738712040502
13.2,29.0451,0.0982,0.089,239.53792580577274,291.6113879374625,850.89436871465,264.1559455397497,229.32896532575725,242.30653294602797,389.82186300546243,1.2720734448602329
13.21,28.9101,0.0967,0.0892,238.95256851323802,290.8987790595941,849.4464766543845,263.38907629202726,227.83281836636903,241.88578412255615,389.10371464626934,1.2710945954968291
13.22,28.6246,0.0963,0.0897,238.92861008067055,290.86961227212066,846.298693003482,262.9269891464826,227.5976758988299,241.50805860184389,388.93999353497514,1.2762930989183794
13.23,28.7172,0.0958,0.0897,238.70646979563952,290.59918062077855,847.4062526011112,262.84573329661805,227.02732087979967,241.5668066772731,388.76052832168347,1.273079987531932
13.24,28.4124,0.0958,0.0899,238.87201133799243,290.8007094549473,844.0248640832274,262.53295884860063,227.23088505455078,241.24657738289704,388.8041487453091,1.2798138443762959
13.25,27.6061,0.0958,0.0899,239.21577484165283,291.21920415505565,834.8619591155693,261.6365861116009,227.74730649249875,240.29896630798314,388.7955864298906,1.2977729732754757
13.26,27.2434,0.0957,0.09,239.33940997381032,291.36971648985605,830.7197895848843,261.1988580704808,227.8876918652289,239.87127398973703,388.7789590214795,1.305828555293791
13.27,26.7843,0.0887,0.0901,236.30385116660122,287.67425359412323,825.4094293881251,257.58585697375474,220.57055923513488,237.83094599021456,384.9838255145089,1.2970534921627699
13.28,26.0783,0.0889,0.0901,236.67621345907668,288.1275642110499,817.0962974362207,256.8528591222464,221.2394155157049,237.01178982392622,385.09383318018195,1.3142692396344988
13.29,26.167,0.0872,0.0903,235.8911639734986,287.17185179382443,818.2175499563093,256.2229934101058,219.32738204011073,236.7975488121982,384.2112681856983,1.3074322210494735
13.3,25.5861,0.0855,0.0903,235.31061239441277,286.4650933497199,811.2959129597033,254.76258333679866,217.8113138734482,235.69716353783082,383.23842420979753,1.3165010110269009
13.31,25.307,0.0857,0.0903,235.53246488231136,286.7351746393356,807.9663323957783,254.53473182959667,218.22328137314443,235.4200168349883,383.3966300368666,1.3239976477850843
13.32,25.3083,0.0764,0.0903,231.00644047651232,281.2252318844498,808.042253101249,250.2044788523815,207.7682903178189,233.23655307948408,377.78578002543355,1.2959654400220353
13.33,25.3097,0.0671,0.0905,226.14147117181705,275.3026605569947,808.1198413941735,245.64500240684856,197.12056534067406,230.78729734846902,371.5352587090172,1.2659092795112292
13.34,25.3299,0.0445,0.0901,212.69079991505936,258.9279303313766,808.4250248216183,233.56647708732152,170.66975774249786,223.1250059200093,352.2880157320718,1.1830625944393065
13.35,25.3954,0.0371,0.0901,207.86286086117138,253.05043930925214,809.2824215116797,229.49954521271965,162.1289947179869,219.90969574777753,344.12823838698245,1.1522429276468846
13.36,25.4803,0.0373,0.09,207.9945548428962,253.21076241743887,810.373965469043,229.75993578242532,162.382887762336,220.15943637973515,344.4425938260918,1.15126219929524
13.37,25.4572,0.0376,0.0899,208.24184442211794,253.51181060083925,810.1532068820527,229.9257294858811,162.74106066837737,220.32291896274364,344.8644437359279,1.1530988114638094
13.38,25.0598,0.0381,0.0899,208.7919936931134,254.1815575394424,805.3616385510693,229.68149911943704,163.30522033886095,220.1112144591668,345.48232466041264,1.1642229508872564
13.39,25.054,0.0392,0.0898,209.55943241950374,255.11583077156976,805.3497992792338,230.32794393520413,164.594614830448,220.67028987576808,346.8279751738887,1.1689146945679694
13.4,25.0482,0.0408,0.0897,210.65295722970885,256.4470783666021,805.3378991357686,231.25889471502623,166.47300446784104,221.4428028142415,348.7016776763604,1.1756034577617152
13.41,25.3607,0.0425,0.0897,211.65711765411368,257.6695345354427,809.218325476064,232.67921406275428,168.46502112683572,222.63760553905942,350.6554476031992,1.1753057767056234
13.42,24.8052,0.0451,0.0901,213.6340781982753,260.0762691109438,802.4660205679556,233.42216055796882,171.57861879000131,223.07136713530332,353.38141759084965,1.1986611523000383
13.43,23.9062,0.0464,0.0897,214.88971807950736,261.6048741837481,791.294883497476,232.94978316900966,173.26784419075636,222.45873633304095,354.6592588335671,1.2256949303278546
13.44,23.8792,0.047,0.0892,215.3213118279652,262.13029266013154,791.0106488011266,233.2799533297925,174.01211580593238,222.70593413646645,355.31606045199686,1.228873246111787
13.45,22.9919,0.0477,0.0892,216.13952443072733,263.126377567842,779.7172316800069,232.4568927867307,175.04568326382986,221.81270783985107,355.9668345365774,1.2542565728016717
13.46,22.0467,0.0477,0.0892,216.48900802033262,263.5518358508397,767.3796119956328,231.11655941051615,175.27245245837867,220.52145659755323,355.9231918455225,1.2793866909074123
13.47,21.1169,0.0477,0.0892,216.7792099550902,263.90512516271855,754.9176228866614,229.75442235687416,175.52149998915132,219.20264164658946,355.87658106224984,1.3052516255743145
13.48,20.6848,0.0477,0.0892,216.91563506338247,264.0712079032482,749.039086233772,229.11899813567166,175.65540027877353,218.59611010516232,355.88895280662587,1.317757682850666
13.49,20.6617,0.0486,0.0892,217.51621752010985,264.802351763612,748.7746782514373,229.62819997417043,176.81592427196315,218.94542097025874,356.81879517756374,1.322264741775482
13.5,19.7764,0.0487,0.0897,217.7662294979979,265.1067141714757,736.4191393907643,228.3247777574498,177.23597258549765,217.65102494597093,356.8654086439089,1.3491206508163867
13.51,19.417,0.0488,0.0899,217.90962463105805,265.28128215954894,731.3366823866799,227.83076915328297,177.50126896178276,217.15862446784314,356.97901209298954,1.3607138002166996
13.52,19.3865,0.0488,0.0899,217.95299509770214,265.33408098850697,730.9515851058226,227.80562494567832,177.52751383660637,217.15413497762466,357.04169113036,1.3617998715301785
13.53,18.8245,0.0489,0.0907,218.09579177059138,265.50792041637214,722.8463342788738,226.96823613811523,177.87291199714338,216.31738415048008,357.1257810079317,1.3800924104490515
13.54,18.9125,0.0501,0.0909,218.85231010967794,266.42889926395577,724.1876161296985,227.83127697148828,179.40894825810418,216.94327421354876,358.3324376827711,1.3824093893505136
13.55,18.6143,0.0561,0.0909,222.37099417150452,270.7125146435707,719.8611503459704,230.74640979944778,187.26779497005703,218.53388708619335,363.66577807944645,1.416364514925825
13.56,18.2855,0.0621,0.0911,225.65367185898108,274.7088179152814,715.0346674271229,233.4656285303126,195.07869828591043,219.86495158626946,368.5216063149563,1.4503017560648226
13.57,18.3352,0.0709,0.0919,230.14813925523612,280.18034344115705,715.830334981535,238.08329812421795,205.99655876695527,222.4291959865958,375.00303384229403,1.4801122982644088
13.58,17.995,0.0709,0.0917,230.12823596098977,280.1561133438137,710.7836538846736,237.53451700681634,206.26201170023356,221.87555825486604,375.0209515899261,1.491865617377395
13.59,17.9339,0.071,0.0921,230.20614898420743,280.25096398077426,709.9146531914333,237.50304332177404,206.44401072547873,221.83825379831174,375.1500912308396,1.4944648356939951
13.6,17.9096,0.0711,0.0925,230.29142289715742,280.35477570088733,709.6003055542074,237.5337575537056,206.59833945179304,221.86621989089525,375.2848070466717,1.495796701030304
13.61,17.9051,0.0713,0.0925,230.42881699264154,280.52203807799845,709.5838943447309,237.64746191410052,206.86071030129477,221.9552719201879,375.49099645184674,1.4967884005566912
13.62,17.9043,0.0767,0.0927,233.00035962277101,283.6526117146778,709.6239982783881,240.29462349313215,213.46075157360838,223.34844438611125,379.14195514003933,1.514990411489674
13.63,17.963,0.0884,0.0926,238.17247988622736,289.9491059484507,710.5622433859438,245.77341224153267,227.3047479931585,226.1485284804712,386.2854988319946,1.5495540828850165
13.64,18.0218,0.0887,0.0929,238.3631483241792,290.1812240468269,711.5015084959651,246.02566154188185,227.6072750340175,226.36475820784327,386.5367298129691,1.5485662498956716
13.65,18.8857,0.0889,0.0933,238.72646233459622,290.62351936385625,724.3828518312514,247.61320713901182,227.09722024733142,227.9852292327967,386.85563743471374,1.5198912487497072
13.66,20.11,0.0888,0.0931,238.95143124243177,290.8973945560039,742.0102762482611,249.5512996746878,225.9483895360721,230.08204657119953,387.0505752128415,1.4805210402978313
13.67,21.0475,0.0947,0.0937,241.58941808770783,294.10885680242694,755.0829776917727,253.59133957416017,231.88775357776413,232.88386113037845,390.50479478530525,1.4690472503445737
13.68,23.5243,0.1007,0.0937,244.12359529319068,297.19394209605827,787.8932256677183,259.72476438936303,236.57314454993954,237.90283109521133,394.0329978648944,1.4159662948285565
13.69,22.5901,0.1004,0.0937,244.0889258699182,297.15173584163955,775.8568463215762,258.3187160483126,236.98878367717947,236.50814066454376,393.83490536980224,1.4406488078428734
13.7,23.2038,0.1093,0.0937,247.6998582315239,301.5476534992465,783.8919441593006,262.8573794502462,246.14876856874926,239.15095884858508,398.360085941815,1.4470060258341773
13.71,23.8175,0.1181,0.0941,251.10937776977107,305.6983729371126,791.7998906914784,267.19330618794487,254.9701578451342,241.6484567794586,402.5425096240263,1.4522131100402313
13.72,25.2141,0.1187,0.0933,251.3228982819381,305.95831095192466,809.2672147343773,269.33281587583315,254.45285064341633,243.7913742357166,403.05201875727926,1.4180223021503096
13.73,25.9433,0.119,0.0931,251.4031913451734,306.05605902890676,818.1810111309178,270.4234019075934,254.20181441986045,244.89519355410516,403.34371395330504,1.4009855075371305
13.74,26.0745,0.1188,0.0925,251.353841419708,305.995980858775,819.8156645438381,270.54179370188444,253.90816234055458,245.08853831204397,403.34486694947503,1.3974936879245519
13.75,25.9896,0.1185,0.0919,251.29539380631354,305.92482724246867,818.853197512903,270.34456354946445,253.6783568303683,244.97159953776287,403.2768021151706,1.3989752871626449
13.76,25.9047,0.1143,0.0915,249.71365303120223,303.9992297771158,817.8889608955822,268.6238941031543,249.39020739548542,244.17325822408012,401.45348331278177,1.3911561614500854
13.77,26.0204,0.1053,0.0909,246.07206842133806,299.5659963390203,819.3389852477112,265.1757585867626,239.8413277664005,242.72148732173395,397.28215127708205,1.3661570088354738
13.78,25.5845,0.1017,0.0901,244.68557918134906,297.8780963946858,814.1286187944194,263.1527408447318,236.31686137030806,241.48236640814628,395.51281592939375,1.3675516218783335
13.79,24.3653,0.0938,0.0888,241.5325588558673,294.0396368680124,799.1492751262587,258.21321533143293,228.5891765621405,238.23450235005723,391.30734042646355,1.3769061326372498
13.8,23.5397,0.0918,0.0886,240.8222658461697,293.1749323344675,788.7587186127038,256.24713715539593,226.95970106071226,236.67886862075252,390.1845238257595,1.3929600592758768
13.81,22.9225,0.0852,0.0882,237.95680498381859,289.6865451976922,780.8546896706175,252.46744632086006,219.99393155460595,234.3666850828296,386.41310073487216,1.3905618006105467
13.82,22.093,0.0823,0.088,236.74877376849946,288.215898500782,770.0005763067961,249.9812495241903,217.25301827158378,232.50372810688265,384.64292945329885,1.4049205643013303
13.83,20.8545,0.0795,0.0878,235.55053299886012,286.757170607308,753.2839225018093,246.8656509187886,214.86391244168544,229.96493997553688,382.82260315074444,1.4323062286301866
13.84,20.2488,0.0794,0.0877,235.54060296555804,286.74508187111417,744.9103338823446,245.91053444119981,215.183923546061,229.01306313649454,382.74648084567883,1.4504830182345527
13.85,18.4652,0.0793,0.0876,235.31530112089894,286.47080136457265,719.202929430138,242.9963495331805,216.42141207544518,226.01408917073903,382.4926394364547,1.5077971936114916
13.86,17.5669,0.074,0.0876,232.69954907367534,283.2864075679526,705.6946525148579,238.94837693334753,210.75360002371443,223.15690647578995,378.99782722657847,1.5217696112732966
13.87,16.4201,0.0621,0.0875,226.5844679492329,275.84196098167484,687.795284168089,230.8882712882639,196.72330193981392,217.84911344071682,370.3401421971092,1.521635765196327
13.88,15.625,0.0569,0.0875,223.6858146008124,272.313165600989,674.9395288035171,226.52907586860292,190.42227205896288,214.776369250773,366.0860273255198,1.532720001960978
13.89,14.6044,0.0564,0.0875,222.88112696855646,271.3335458747644,657.8128150198361,224.3709994373226,190.60625564281705,212.58414392119585,365.5500828085629,1.5717931337480553
13.9,13.8551,0.0559,0.0875,222.2540289762084,270.5701222319059,644.771928986705,222.4827083114003,190.42876788005248,210.86422752401714,365.05133955084926,1.6028986610492506
13.91,13.167,0.0545,0.0875,221.06050631909957,269.1171381275995,632.4075673546855,220.21233099538577,189.05435483512102,208.92469611866744,363.77870046090135,1.6288038343388225
13.92,11.9514,0.0532,0.0877,219.30710662076174,266.9825645817969,609.5101049975603,216.66470711057985,188.25819574989092,205.65936972283114,362.4448165360487,1.683559327531136
13.93,11.099,0.0494,0.0882,216.38338236373878,263.4232480949863,592.5928481390189,212.34466526625832,183.55375791441242,202.27231488781322,358.8384662350437,1.712734401233052
13.94,10.3803,0.0441,0.0884,212.5940611383182,258.8101613857787,577.6966862999526,207.22848690049463,176.27081239781174,198.49314064749416,353.47215455357485,1.7290416698794262
13.95,9.7559,0.0431,0.0888,211.1476793866111,257.04934881848305,564.2324499912472,204.86222655070515,175.26879250069325,196.39280051549807,352.32191136757774,1.762622932740043
13.96,9.1753,0.0432,0.0899,210.2571832750224,255.96526659567948,551.2298597738768,203.22567670332683,175.96197665606655,194.74146805297863,352.3319628892894,1.8014392253457088
13.97,8.6601,0.0433,0.0905,209.35870467424675,254.8714665599526,539.2596489217167,201.70328646387844,176.64287867770273,193.20315667094593,352.3510274195128,1.838161188574437
13.98,8.095,0.0437,0.0911,208.3771281123858,253.67650378899143,525.6060853652557,200.1195973311386,177.9128564587687,191.51906056448462,352.6602095999594,1.8826349831270666
13.99,6.8724,0.0444,0.0911,205.47241121801895,250.140326700197,493.84877038744395,196.16110487249352,180.679774203421,187.34044519768108,353.02545843305535,1.989582866702955
14.0,6.263,0.0446,0.0941,203.5661109778325,247.8196133643178,476.73680788787584,193.84167652720708,181.99370444779615,184.9578964520398,353.05297051862317,2.0496542654339347
14.01,6.1736,0.0447,0.0945,203.32430101169135,247.52523601423295,474.16942369048024,193.5340773324311,182.31676910147564,184.64633471697076,353.18200398124327,2.059520831720863
14.02,6.0842,0.0455,0.0945,203.40367375496598,247.62186370169775,471.57599667777856,193.65065611916515,183.80780402042507,184.5669851056716,354.0230914666745,2.0732193867993307
14.03,5.669,0.0478,0.0947,202.8131407177105,246.9029539172128,459.0868723485721,193.19452608583197,188.4304785858467,183.48362038798837,356.17786022983194,2.1304431440103055
14.04,5.3306,0.0484,0.0949,201.59807586872392,245.42374453583784,448.487988568222,191.95605712755122,190.16890575970245,182.08903807758207,356.65775684067034,2.173213955329775
14.05,4.9116,0.0484,0.0947,199.5628448195869,242.9460719542797,434.75942153064017,189.8520887137995,191.18555383566166,179.9907210742387,356.5059746811811,2.226238504776247
14.06,4.1388,0.0476,0.0943,194.77334801854542,237.1153801964901,407.37484297446144,185.04094490263546,192.00687457534573,175.39977771837533,355.3479515638661,2.333628257043139
14.07,3.812,0.0469,0.0941,192.30759660204276,234.11359586335644,394.8588851319643,182.573700299237,191.85340683901825,173.15576064561975,354.5121817567659,2.3840921700464452
14.08,3.6467,0.0432,0.0939,189.6583100347207,230.88837743357303,388.2871350010065,179.25816701282304,185.791527487594,170.9181240068464,350.69306233320293,2.3931728007185944
14.09,3.3007,0.0354,0.0937,183.63745538655544,223.55864134015445,373.88005940669717,171.74841170273012,172.12175884970515,165.75308547698526,341.5406066785557,2.411138326390696
14.1,3.1084,0.034,0.0937,181.43747114083584,220.8803996497132,365.478911270508,169.3247515922055,169.93518757292804,163.8093926419011,339.6637680974383,2.4415528012562424
14.11,2.8624,0.0327,0.0927,178.68288945753403,217.52699586134577,354.2326566491522,166.42558492198262,168.10521699565993,161.3849242965669,337.8011331916104,2.4875034322983853
14.12,2.5087,0.0329,0.0927,175.30096563217737,213.40987120438984,336.96744520133586,163.44557268362186,169.90620013801933,158.46003419870192,337.7997478154927,2.577871833508766
14.13,2.2049,0.0318,0.0917,171.39044541449584,208.649237895908,320.8900205798871,159.62651523146658,168.93691658016962,155.1339305734971,336.0487821125155,2.6581752572744444
14.14,2.1742,0.0307,0.0891,170.55015975208437,207.6262814373201,319.1835109432524,158.4895198035267,166.6599081527439,154.39967106235736,334.5395443499518,2.65987676740872
14.15,2.2203,0.0277,0.0885,169.71466974853536,206.60916317213,321.74721118578594,156.6866665620955,159.66263472381797,153.58090167541837,330.20751352083965,2.6216605705379905
14.16,2.0434,0.0238,0.0882,165.59006961214672,201.5879108321786,311.80252443067343,151.55446417640388,151.12021964993073,149.8856939219795,323.616292430696,2.6443120795629134
14.17,2.0434,0.0235,0.0884,165.45716944646736,201.42611932613417,311.82662901928546,151.29336589966238,150.37385267335165,149.75735533619624,323.1407768367748,2.6417093133288687
14.18,1.9896,0.0235,0.0887,164.80919486535595,200.6372807056507,308.7169662492646,150.68160211846165,150.59196640763855,149.2123323650122,323.13465025798683,2.6603837929556553
14.19,1.9243,0.0237,0.0893,164.13456937447202,199.81599749935725,304.86985309027324,150.02387082691456,151.2831602983088,148.63063113846098,323.468656709517,2.6863246350716614
14.2,1.8205,0.0239,0.0905,162.86262867298484,198.2675479497207,298.575405026007,148.92779727289965,152.25916482911128,147.58032653202696,323.74706857987997,2.7272152002367775
14.21,1.7263,0.0292,0.0917,164.0479762445908,199.71057977602362,292.67241511825665,151.94282970057435,165.58924188410896,148.9397073955854,332.21595666500633,2.8118887028742545
14.22,1.7224,0.029,0.0925,163.9339997671745,199.5718258035168,292.45295479342803,151.7384264772291,165.1359790098632,148.8354013962253,331.9727871997623,2.8120904301794805
14.23,1.7184,0.0294,0.0935,164.0807329875238,199.75045755002898,292.2292737567061,151.98223612063936,166.08595722566233,148.98395794806873,332.61793856129617,2.817246469980053
14.24,1.7205,0.0297,0.0943,164.27488317717706,199.98681430265034,292.39478465636404,152.23078790426658,166.75971587767896,149.16490601336264,333.11943077654644,2.819044529923412
14.25,1.709,0.0305,0.0957,164.47309401420884,200.22811445208035,291.69311095288407,152.66088149915726,168.67206446682312,149.37918959497162,334.3152490822186,2.830427285578682
14.26,1.6859,0.031,0.0905,164.33658151434707,200.06192532181385,290.1499959759811,152.68690797707563,169.97353258812424,149.31720515612875,335.048417456862,2.8448620166168643
14.27,1.6667,0.0377,0.0796,166.51630523219316,202.71550202180038,288.7739380907188,156.9895328156075,185.05512084267718,151.54146810726363,343.7123531760406,2.901813536842857
14.28,1.6579,0.0417,0.0688,167.6668071709563,204.11611307768595,288.0739330133737,159.34754116872693,193.61975935983628,152.72845448103698,348.295938931516,2.931812723042874
14.29,1.6577,0.0418,0.0617,167.70049192686014,204.15712060661235,287.987215383673,159.38180522584628,193.83269210918553,152.78589725935112,348.4658071800321,2.9334110517247396
14.3,1.6593,0.0419,0.0546,167.76521279719125,204.23591123136327,288.0190182530776,159.43968448002636,194.025395839866,152.86715845029929,348.6382558420942,2.93423632377627
14.31,1.6609,0.0419,0.0538,167.82050918478424,204.30322857278082,288.13379092040503,159.45375901522652,193.99674399369843,152.91809072633487,348.7024088628604,2.933922523003882
14.32,1.7205,0.0419,0.0527,168.86189581867507,205.57100360534358,292.0216325781854,160.21785199623176,193.33889271421694,153.72624513921568,348.855043875561,2.909294004073754
14.33,1.7128,0.0419,0.0491,168.75099227293683,205.4359905931405,291.49835514919795,160.10562009703202,193.41594895700737,153.6568005570106,348.9050808495221,2.9130685483261134
14.34,1.7397,0.0419,0.0409,169.20410026424864,205.987600321694,293.144097792304,160.42146916287768,193.13630410170288,154.03185985301707,349.0069086463195,2.9030079574626724
14.35,1.7166,0.0421,0.0397,168.90730602398182,205.62628559441265,291.66269234308777,160.24128161663447,193.7820408077199,153.82623730799222,349.2500767611498,2.914068209709793
14.36,1.6858,0.042,0.0377,168.37674106706487,204.98038042947027,289.6555896845365,159.77362860301446,193.90114082490345,153.42513692156456,349.15687771592536,2.9268105365399966
14.37,1.6709,0.0419,0.0374,168.11880490242777,204.66637118556426,288.6952679280801,159.51275921193778,193.84665080039426,153.22845921126276,349.0872396464797,2.9328686946368854
14.38,1.6784,0.0415,0.0373,168.15224684954268,204.7070831211824,289.2059991171384,159.36370478477303,192.923385518968,153.23491548936522,348.72512019733443,2.927587092075412
14.39,1.6858,0.0406,0.0371,168.02167843612423,204.5481302700643,289.7075982637497,158.9039365114234,190.95768189834914,153.08282059922954,347.80505152133725,2.9193049636241035
14.4,1.7013,0.0387,0.0377,167.69136014119783,204.1460036501539,290.7456155770943,157.91003022541588,186.77881903265882,152.70563236918946,345.7288885734284,2.901176063677829
14.41,1.7628,0.0306,0.0357,165.6454819119428,201.6553692841043,294.6939705892463,153.2197960264881,168.46343641564678,150.55477220370554,335.48061501276857,2.8188989947123053
14.42,1.7859,0.0304,0.0345,165.93332926363684,202.00579214703615,296.16250673257065,153.3733477008055,167.8530498008085,150.7842918173047,335.2858882897744,2.8083515170694198
14.43,1.8089,0.0301,0.0325,166.1688751694402,202.29254368453593,297.603578869761,153.44595212247302,167.01928097289218,150.9671924978991,334.9443446276346,2.7972396598349247
14.44,1.7628,0.0299,0.0317,165.42518891567246,201.38718650603604,294.70375234264264,152.68551521462564,166.8360875203663,150.35277544209396,334.6489080792641,2.8145438877777234
14.45,1.6647,0.0298,0.0311,163.89593855117545,199.52549041012665,288.36286400633566,151.25920026782816,167.23351652877454,149.10541487608836,334.42006064875187,2.855542112458343
14.46,1.6273,0.0296,0.0306,163.19632556501543,198.6737876443666,285.89291922929056,150.66660836967782,167.15060915236782,148.56385440057176,334.12972740574344,2.8699887046632475
14.47,1.6258,0.0294,0.0305,163.1165265707061,198.57664104259874,285.81082273062805,150.4928195652199,166.6836212704789,148.48909770109344,333.89148479213236,2.869337128430798
14.48,1.6244,0.0286,0.0305,162.81993354882846,198.21557127683468,285.7366750089631,149.78692665247655,164.67692177761288,148.15955099702452,332.7521834650112,2.864412533352434
14.49,1.6513,0.0257,0.0305,161.96154118314706,197.17057187513555,287.54800859467065,147.9022882013666,157.48418828311642,147.22658030397778,328.256455147069,2.827480879238417
14.5,1.6167,0.019,0.0305,157.8856824934227,192.2086569485146,285.25943268358395,141.48003396692533,140.1745358187995,143.17174413814226,315.6223041046802,2.7745339758993293
14.51,1.6167,0.012,0.0306,152.96290226999054,186.21570711129283,285.28024603173884,133.65351697619676,119.05617774526337,137.8402481238396,297.3712857262137,2.679556950519325
14.52,1.5667,0.0117,0.0306,152.00677959366362,185.0517316792427,281.909320074711,132.54444120251054,118.1553592275786,136.95627341854282,296.37691055487693,2.6972610931886627
14.53,1.509,0.0117,0.0309,151.16828500598172,184.030955659456,277.93611564353284,131.68867109668403,118.27580556689828,136.24429966064287,296.34623787520883,2.7244015532489643
14.54,1.3783,0.0117,0.0315,149.12199214709432,181.53981652689745,268.54874155554154,129.6287000674743,118.59773115254816,134.504141061167,296.19918286400053,2.790566748687849
14.55,1.1669,0.0117,0.0337,145.35278962981096,176.95122215803073,252.13266919192014,125.97944344812292,119.44517734646494,131.34271996614186,295.8859229474375,2.9144303342649587
14.56,1.0285,0.0119,0.0399,142.70050015119205,173.72234801014685,240.4587594927476,123.61181351264723,121.07848435743026,129.18274293640425,296.3132009713235,3.0138414044970987
14.57,0.9535,0.0121,0.0417,141.2182103783545,171.9178213301707,233.7066824862039,122.2749407249436,122.42787056478535,127.98319404862612,296.8411417139919,3.077269619576453
14.58,0.916,0.0121,0.0439,140.39187151954104,170.9118435890065,230.2406628903864,121.42414992825155,122.76759352304062,127.2701478470314,296.80453581950786,3.1097193636087472
14.59,0.9011,0.0119,0.0451,139.933489718585,170.35381357045134,228.85505708506878,120.80965137318604,122.15226437952204,126.8185847966499,296.17757255508565,3.119816703856221
14.6,0.8956,0.0116,0.0455,139.6166581576555,169.96810558323278,228.3489602881329,120.27396278938677,121.0581213999175,126.46267333078076,295.2338913083966,3.1198429540419057
14.61,0.8928,0.011,0.0461,139.13606098875908,169.3830307689241,228.10578495354898,119.38115203127143,118.75419606522877,125.87363617376361,293.24653558008595,3.111775831354409
14.62,0.89,0.0029,0.0469,129.86667173251553,158.09855689175805,227.86596101397208,103.45186112750157,79.40654619447669,112.65860969999103,246.62021183669782,2.8886045822420425
14.63,0.89,0.0029,0.0473,129.89075411848123,158.1278745790206,227.889129269843,103.45044681152415,79.40577700000063,112.6800265010563,246.66287871753931,2.888812056232413
14.64,0.8747,0.0028,0.0473,129.40067228826064,157.5312532204912,226.41578887603,102.7404191608327,78.68935229785849,112.0934079601143,245.55113700072172,2.8980505294458547
14.65,0.8622,0.0032,0.0476,129.88493121110457,158.12078582221426,225.20876812825034,103.59690411474189,81.23657431304214,113.1294525564585,249.86744211839894,2.927586399985259
14.66,0.862,0.0036,0.0479,130.58663960537064,158.97503951958163,225.21016416497503,104.70210371244082,83.71949120992566,114.25868477019459,253.7661721516155,2.9448650975027904
14.67,0.8635,0.0053,0.0481,133.10308160301824,162.03853412541352,225.3773028652702,108.84959468965816,93.3246940170222,118.0380616241886,266.90135498662204,3.004569778884212
14.68,0.8651,0.0059,0.0485,133.9038803538244,163.01341956117753,225.55807714091074,110.15642760320189,96.41821905019054,119.14777383131181,270.6989054221543,3.0215994563058266
14.69,0.8862,0.0064,0.0491,134.98255248417217,164.32658563290528,227.64801766796995,111.67481928810155,98.82371160451969,120.39470625774237,273.6726523641127,3.016540253293156
14.7,0.94,0.0063,0.0491,136.07654816529205,165.6584064620947,232.79130177648202,112.73965473453943,98.15675465560847,121.28517483729449,273.2791251149739,2.9671865022890804
14.71,0.9938,0.0062,0.0495,137.13003177138552,166.94090824342584,237.7659750009969,113.73028422394455,97.53301522871321,122.12194460688639,272.8705672975821,2.9214510543701637
14.72,1.0746,0.0057,0.0495,138.17407715781692,168.2119200182119,244.9198112232123,114.41064433986973,95.0189083855845,122.66858386326065,270.1067200042794,2.848436818790251
14.73,1.0823,0.0047,0.0499,136.96397574922267,166.73875308601023,245.60601871702698,112.47193379480822,90.10002111642002,120.86717502580558,263.47653572641184,2.8121150416805505
14.74,1.1399,0.0004,0.0503,130.35160378626694,158.68890895719454,250.498660353845,102.79864807090809,67.57098980588493,99.27043277985682,191.3719277113614,2.604653050672945
14.75,1.1784,0.0001,0.0501,136.06837214581705,165.64845304708163,253.68353684029273,110.55499122869288,81.7439593599583,88.92178218773603,159.87910292222344,2.691295130325341
14.77,1.1883,0.0008,0.0501,131.5198231034413,160.11108899549376,254.52288301818086,104.17930381840674,68.60537964976739,105.84038906038589,209.58933135558598,2.58303390193788
14.78,1.1999,0.0018,0.0502,133.88733781287266,162.99328081567108,255.47999916404353,107.32439146949396,74.32516411771311,113.3892339606536,232.94773189774773,2.6228344576137084
14.79,1.2115,0.0037,0.0502,137.81946856358542,167.7802225991475,256.4300636527624,112.77002627227063,85.23034102305587,120.56695446950856,255.88481888160507,2.696002193942929
14.8,1.2373,0.0058,0.0503,141.40218598841747,172.14179163807344,258.5045161422753,117.83370964234275,95.57867288907923,125.55427517758707,271.3725550433489,2.747684542033486
14.81,1.3514,0.0075,0.0507,145.37581105814166,176.97924824469422,267.3178242905398,122.94813107979141,102.91947903373212,129.92570972091528,280.8251182468066,2.726775206607185
14.82,1.4667,0.009,0.0525,148.81133408431734,181.1616241026472,275.7929350231131,127.23425326788188,108.69590019378263,133.49619826852953,287.78410471641723,2.7002006836559302
14.83,1.6052,0.0125,0.0552,154.08366415817636,187.5801128882147,285.4536241818197,134.13618127542455,120.64452126757757,139.0063986369773,300.59218410980947,2.697835914829938
14.84,1.709,0.0149,0.054,157.4482058427503,191.6760766781308,292.3262957189567,138.43271526320927,127.88707332670623,142.35271834525767,307.7294343232851,2.688933426904331
14.85,1.7359,0.0149,0.0525,157.84500593042193,192.1591376544267,294.0648889562543,138.78693606417517,127.81414357192652,142.6999413628962,307.81745692794897,2.6782544682783995
14.86,1.7589,0.0149,0.054,158.19168595123998,192.5811828971617,295.577166193967,139.09294176877395,127.75182388110944,142.99743181347847,307.89987570831,2.6690939525352766
14.87,1.8243,0.0149,0.0521,159.0892691297047,193.67389285355355,299.69934924903896,139.93099709426858,127.59197785261624,143.7780515037353,308.03549103753306,2.643817736799562
14.88,1.8512,0.0138,0.0509,158.61660084355177,193.09847059214997,301.37555905742295,138.99142201799182,124.22624804674291,143.19395461594817,305.06454265540907,2.618552645602026
14.89,1.8589,0.0138,0.0499,158.74017364325684,193.24890704396486,301.858930128259,139.0839200839137,124.20982169135716,143.30633231402538,305.12577097327727,2.6159901708256643
14.9,1.8704,0.0138,0.0437,158.8985664785487,193.44173310432015,302.51100839804775,139.21045450737927,124.18844478983675,143.4604328668221,305.19153095311026,2.612411347062878
14.91,1.834,0.0139,0.0419,158.53198103093592,192.99545516809593,300.2565550071136,138.86608789425227,124.5605727725122,143.16746659769794,305.48555429833095,2.627956360890646
14.92,1.8368,0.0146,0.0417,159.1367085123485,193.73164514546775,300.44824221876854,139.71323791983104,126.66200441940028,143.81088279903156,307.4986381824474,2.636999314981549
14.93,1.8397,0.016,0.0416,160.23154024515114,195.06448377670574,300.6472391549417,141.30818009220567,130.76101451360526,144.96794324126424,311.23728082147875,2.6548625329342426
14.94,1.852,0.0149,0.0417,159.61640377574037,194.31562198785787,301.4312880041134,140.24333142721008,127.51483230670958,144.27864363040572,308.43610827733505,2.6358519292831186
14.95,1.8781,0.0189,0.0417,162.73830592203927,198.11619851378694,303.05988568986277,144.77333733476172,138.73019492221567,147.47890314652574,318.20685421538985,2.675992223812282
14.96,1.9243,0.0194,0.0417,163.685401996293,199.2691850389654,305.8942040813839,145.82650140673672,139.91716967709644,148.34456175162205,319.40027963960557,2.6647565991672644
14.97,1.9358,0.0196,0.0445,163.99430664575826,199.64524287309703,306.6422614762229,146.16333369304093,140.4051378974794,148.62595128219408,319.89461381339487,2.6628444420847734
14.98,1.9281,0.0196,0.0473,163.93055881647402,199.56763682005536,306.23194517043004,146.0745040950485,140.4240186425321,148.5682531216245,319.93922773070244,2.665711222923432
14.99,1.9089,0.0197,0.053,163.7859836782037,199.39163230390017,305.15857235965564,145.94718232906433,140.7438678381445,148.44451370741157,320.1813072447878,2.673714484325734
15.0,1.8666,0.0197,0.0645,163.2861903164718,198.78318821135696,302.73355234358155,145.44843481478827,140.87436122399538,147.9937147591957,320.1822356205278,2.688942223435259
15.01,1.8089,0.02,0.0874,162.77717292977363,198.16351487102878,299.4558884208302,145.05495139423854,141.85507413057437,147.5383226023515,320.791489243393,2.712989476952435
15.02,1.7512,0.0204,0.0882,162.23854805558122,197.5077976328815,295.8357821867884,144.6726110425722,143.13014548484776,147.11999991538974,321.59541967550484,2.740639075681296
15.03,1.709,0.0249,0.0578,163.98701467285065,199.63636568868776,292.74410837000994,147.93427282871298,154.822278683397,149.07740434707068,330.0339246294313,2.806225974180531
15.04,1.6895,0.0259,0.0577,164.20848734232837,199.90598459066064,291.490118709679,148.46479733577056,157.36278683264965,149.34606428964943,331.7552757415449,2.8240492883939843
15.05,1.6913,0.027,0.0577,164.78446109362434,200.60717002702097,291.6270964905485,149.34920751828142,159.99206147727065,149.9132211523314,333.61272841445333,2.8333581369958094
15.06,1.6931,0.027,0.0582,164.84285622816822,200.67825975603088,291.7705394971351,149.3712890727424,159.97264488682208,149.96387484134567,333.67142336170747,2.8328345633260263
15.07,1.7013,0.0271,0.0574,165.04173364985584,200.92037139982452,292.31464157906527,149.55671615027504,160.15675975688455,150.14200397536746,333.89982753458986,2.830552086408388
15.08,1.7397,0.0272,0.0576,165.6997436825882,201.72142709184652,294.82291492548876,150.16127686724337,160.1712318618341,150.69919184553927,334.17100334438953,2.8154767330520385
15.09,1.7974,0.0277,0.0556,166.80925744611008,203.0721394996123,298.4908987955301,151.31353665674592,161.03031673812217,151.66595171353705,335.10034434196155,2.7966280504065697
15.1,1.8512,0.0289,0.0538,168.16086568605976,204.7175756178119,301.8496958660849,152.91551261556398,163.51739505656604,152.87667079711323,337.08295880379416,2.785870669235301
15.11,1.8145,0.0289,0.0537,167.66058868385187,204.10854274555882,299.5813446693595,152.43118369423198,163.70667861392332,152.46454747620248,337.0894698441124,2.8005907669872445
15.12,1.8146,0.0295,0.0538,167.9598091141582,204.47281109549695,299.60849142389236,152.8715872227679,165.07078285086092,152.75410811064614,338.0478665108427,2.8057393772225243
15.13,1.8146,0.0297,0.0538,168.07773348302825,204.61637119673006,299.62810280404716,153.01352071090398,165.51708695546876,152.8678934082072,338.4015326420275,2.8076470326674277
15.14,1.8154,0.0294,0.054,167.98686711299197,204.50575126799026,299.7003700846104,152.80040253624009,164.81998741565553,152.77688835901986,338.0128026527121,2.8051716470068513
15.15,1.8743,0.029,0.0556,168.68753373712977,205.35873672346233,303.396174739686,153.27152566743527,163.58013927207176,153.33468308123037,337.5475037534469,2.7790711860512163
15.16,1.8743,0.0273,0.0528,167.91850093530607,204.42252287776392,303.3815659568771,151.97205605005632,159.6475590519175,152.5957829326304,334.9629763187973,2.7652898752564132
15.17,1.9281,0.0254,0.0524,167.74968706669853,204.2170103420678,306.67594264160874,151.1398820796719,154.8984499265581,152.33218405847137,331.9612943020305,2.728580363907493
15.18,1.905,0.0246,0.0524,167.05503751927077,203.37135002346008,305.29473115109624,150.19392796169524,153.06357785601125,151.69241534738947,330.6087171298105,2.730087973259222
15.19,1.905,0.0243,0.0524,166.9272650770923,203.2158009634167,305.3146357706183,149.94165107924323,152.32742820941138,151.56575317053174,330.13677965871346,2.7275542254722045
15.2,1.8469,0.0243,0.0524,166.15825197975565,202.2796111057895,301.76297986563986,149.2006183999771,152.5714321847449,150.91885724585865,330.1160802726351,2.7499789779936896
15.21,1.8359,0.0243,0.0525,166.033647303224,202.1279184560988,301.09988999209986,149.05515421781186,152.61343300471165,150.81666199243418,330.1564186346974,2.7545366298570992
15.22,1.8316,0.0239,0.0527,165.7938486125039,201.83598961522216,300.85390206945135,148.66212396427795,151.64195771973107,150.585700508656,329.4938677484359,2.752681487725658
15.23,1.8274,0.0238,0.0535,165.71336233174466,201.73800631690654,300.62123341300617,148.5220113944082,151.40614526518232,150.51102901154258,329.36345077597747,2.753587738536059
15.24,1.8935,0.0237,0.057,166.61053467058127,202.83021612070766,304.7684718852292,149.2894105635433,150.87030391977822,151.25786328182284,329.3244690671297,2.7271986121509078
15.25,1.7935,0.0238,0.0554,165.29623450048535,201.23019852233,298.5539024126367,148.0742091948721,151.54126283442912,150.16050696290617,329.42717386701537,2.767471266079998
15.26,1.7551,0.0239,0.0567,164.82648568258847,200.65833039619466,296.14678844430676,147.64269975722652,151.95662208013727,149.77263752602394,329.608659773549,2.7842440401489865
15.27,1.682,0.0242,0.058,163.92429370603807,199.56000972908984,291.4400010306899,146.87934528060651,153.04668997751915,149.03926270942895,330.09438863245475,2.818225521516778
15.28,1.5552,0.0253,0.0608,162.43073048579492,197.74175885227208,282.9606408219588,146.04959441005312,156.64435550394884,147.93820278165856,331.8698889551977,2.8850228530128286
15.29,1.4728,0.0255,0.0684,161.14323382179919,196.17437160914685,277.30931510744415,145.03407919665315,157.78239842769145,146.9056985402531,332.13094151473416,2.926084319553047
15.3,1.4525,0.0255,0.0798,160.84456610059564,195.81077612246426,276.03816658912086,144.7667596823635,157.93722710585084,146.63903705999195,332.15176939993745,2.9353439065270654
15.31,1.4426,0.0252,0.0866,160.5810826115987,195.49001361412016,275.4416405598268,144.3886810857235,157.24471267376347,146.3774524780719,331.67919356752674,2.9372221837062296
15.32,1.4393,0.025,0.0822,160.441392702041,195.31995633291945,275.157900834019,144.15642469113507,156.76488505703276,146.25899043297264,331.384921856786,2.93780623020155
15.33,1.4511,0.0241,0.0712,160.22720994440684,195.05921210623444,275.8674727646288,143.53432315166626,154.3552162970663,146.0126132735619,329.8835780533396,2.924907399636215
15.34,1.4629,0.0233,0.0606,160.04752145251032,194.84046089870824,276.5800585023557,142.98095396318683,152.18054473957304,145.8004023882313,328.5129010685012,2.912733727258619
15.35,1.5013,0.0225,0.0547,160.32448821148253,195.1776378226744,279.243580179083,142.83563840895718,149.80848883591807,145.94809119850927,327.14083831140675,2.8866767704922403
15.36,1.4898,0.0224,0.0487,160.08818723802355,194.8899670723765,278.36335335764466,142.54335051133216,149.61217337065418,145.75907184491228,326.98672560306784,2.8923022045901083
15.37,1.4905,0.0223,0.0485,160.0750971209163,194.87403127763724,278.4280878022838,142.46302794209421,149.34035384033888,145.74117513164913,326.8515378931998,2.8912358981442696
15.38,1.4913,0.0214,0.0473,159.63591087664065,194.33936976286688,278.48571667437204,141.67777427672607,146.95761900809336,145.28119051033775,325.16057281384565,2.881818400150256
15.39,1.4975,0.0185,0.0491,158.19166274076161,192.5811546409272,278.9680469943982,138.93898692570693,138.82232561143775,143.64755437578452,319.12524811431524,2.8476064158105974
15.4,1.5706,0.0109,0.0459,153.75640429704276,187.1817095790086,284.0349674645817,131.38857099817233,115.22714755046601,138.44855525667296,298.07038456787467,2.7043807380598315
15.41,1.7243,0.0101,0.0435,155.1738761669829,188.90732750763135,294.2773689580756,132.47340472954784,112.34123658338147,139.46263865231128,295.383707024067,2.624142553533307
15.42,1.8666,0.0099,0.0405,156.82589145566624,190.91847655472412,303.2659455053128,134.06164297732082,111.59755136177509,140.85568555426173,294.83800002802866,2.565715376890523
15.43,1.9973,0.0097,0.0403,158.21578428771815,192.6105200024395,311.19245295662716,135.39349971383757,110.90609145311382,142.01997762423647,294.25235043289325,2.51593162919651
15.44,2.105,0.0096,0.0402,159.35546163184728,193.9979532909445,317.4930208327477,136.51497625698462,110.58283932316623,143.0008391789424,294.01862831033077,2.4787923901577136
15.45,2.1819,0.0095,0.0404,160.10885513987242,194.91512799636644,321.8810497257355,137.24201735066492,110.27030647092006,143.6425869553166,293.74474659758323,2.4531305494983813
15.46,2.2068,0.0091,0.0406,159.97020859076855,194.74634089310956,323.29714159483706,136.94118316270786,108.94847075401223,143.39049537459258,292.17898987138864,2.438596236399264
15.47,2.2318,0.0054,0.0409,155.67869258266194,189.52188662237106,324.7103674304673,131.21690956243063,95.78062296525205,137.55968467598314,273.0813508921961,2.3552444528747687
15.48,2.4702,0.0031,0.0425,154.5586606923593,188.15836953852437,337.5392120891779,129.71247738238517,87.97480194252711,133.32469362530412,254.3050855629152,2.2362025694265952
15.49,2.6086,0.0028,0.0431,155.46901370704398,189.26662538248831,344.64613354557724,130.75076336862332,87.62691244778567,133.26893044901882,251.10463177169873,2.198067739679461
15.5,2.7047,0.0028,0.0429,156.38496297513078,190.38169405668094,349.446852273121,131.81577858672938,88.11952184376693,133.9890482489967,251.21287884809743,2.177810776794438
15.51,2.7932,0.0027,0.0443,157.08003669988827,191.22787076508138,353.79386584616475,132.62516493472006,88.28015685899089,134.230061148972,250.12838824288485,2.1579319708568483
15.52,2.8278,0.0027,0.0445,157.41191501765158,191.631896543228,355.4809682328022,132.99925562685704,88.46357184551165,134.49233203592803,250.19197155116115,2.1512637351273822
15.53,2.8208,0.0024,0.0449,157.0111879571173,191.14405490431673,355.1721035377844,132.50364257033644,87.6188290050091,133.16025901187373,246.42589928967874,2.1473420175314395
15.54,2.8353,0.0021,0.0455,156.86080957664532,190.96098557156822,355.8946329239654,132.309702952698,87.02759318990641,131.8134311660717,242.23372245300115,2.1401174196799038
15.55,2.8499,0.0013,0.0459,156.83814533074786,190.93339431569305,356.61787738597053,132.26642731609547,86.72475447078688,126.78609799551342,227.6386073054459,2.134826184127747
15.56,2.9354,0.001,0.0465,158.3014469584563,192.71480499290334,360.68325929815114,133.9821612995443,88.71776176987004,124.60646613471361,220.08929552176463,2.1291029698268455
15.57,3.0046,0.0009,0.0471,159.44179447540782,194.10305414397473,363.92655515958273,135.31520204262029,90.25534527897605,123.95882902922068,217.16804509066603,2.124223258739789
15.58,3.0507,0.0008,0.0473,160.4821096109472,195.36952474376181,366.0680193192731,136.52250308494584,91.9125483877779,123.04432049657727,213.92698760421513,2.125208502748619
15.59,3.0584,0.0008,0.0479,160.59218613186212,195.5035309431365,366.44835961000075,136.6305685811691,92.00575777089561,123.11095181051603,213.96570969672166,2.124271959471195
15.6,3.0419,0.0008,0.0485,160.42761540477036,195.3031839710248,365.72296591460383,136.40910992433462,91.81239003681644,123.03701908966609,213.99185802695052,2.1266252168396247
15.61,3.0394,0.0008,0.0485,160.42054064520818,195.29457122025343,365.6316790921527,136.37662658003816,91.78338137416448,123.04437105309924,214.0252526287313,2.127092032657371
15.62,3.046,0.0009,0.0491,160.0097597337159,194.79449011061067,365.9624968415029,135.8782482331793,90.72000554475665,124.31409794366817,217.36628521947733,2.118914431507981
15.63,3.0527,0.0009,0.0495,160.1055845249575,194.91114637820914,366.2956636912695,135.9695639767837,90.7954859780226,124.3755635109752,217.40501882417155,2.118087256169427
15.64,3.0661,0.0012,0.0493,159.38097019596333,194.0290071950858,366.9284713167239,135.11693946191141,88.97263089328689,127.48412631354694,225.73346786932152,2.1034258924190548
15.65,3.0854,0.0019,0.0464,159.2466232234175,193.86545435894303,367.803186921776,134.95221909025892,88.39657805125047,132.5837234140706,239.67942655298722,2.0957844643317642
15.66,3.0746,0.0021,0.0456,159.27938210840438,193.9053347406662,367.3282776221109,134.95943114464032,88.55981555959374,133.645916874161,242.85117788129477,2.099298495121568
15.67,3.0747,0.0022,0.0447,159.37348612613454,194.01989615355512,367.3478523246849,135.0443350103668,88.71876490881063,134.18738272625077,244.36381705509413,2.100499781806954
15.68,3.0748,0.0022,0.0443,159.3958523055307,194.04712454586345,367.3719641686831,135.04699661670907,88.7206177714835,134.21181185531555,244.4033202375986,2.100634889603928
15.69,3.0796,0.0022,0.0441,159.45926215487594,194.12431914506635,367.6116886051848,135.09989038768953,88.75138892422453,134.26575694999414,244.44556743208835,2.099965691229195
15.7,3.1776,0.0025,0.0433,160.56555252038657,195.4711074161228,372.0410322575501,136.41129386316882,89.88450987870905,136.3355880673838,248.63948803133954,2.0873749383249303
15.71,3.2891,0.0029,0.0431,161.88465546119846,197.07697186580685,376.98360041411917,137.97649496229107,91.35492304038127,138.737203248119,253.58901706168447,2.074873061219927
15.72,3.3276,0.0029,0.0429,162.20386216962723,197.4655713369375,378.6809458368578,138.34682512924215,91.54617951535496,138.99447710984379,253.65168895717935,2.068764146335862
15.73,3.3199,0.0029,0.0431,162.16820739820093,197.42216552824462,378.3723942495095,138.27694822550828,91.5107185843347,138.97268299916448,253.68815325053063,2.0701466972542732
15.74,3.3213,0.0028,0.0433,162.09771407850127,197.33634757382762,378.45872747643887,138.1748591879198,91.29331151668327,138.60140131642623,252.57489182284968,2.0685936664856666
15.75,3.3228,0.0026,0.0437,161.93932391313822,197.14352476382047,378.55111505631044,137.9734726026642,90.8857176092546,137.78476857221307,250.19429521770945,2.065774554167408
15.76,3.3369,0.0026,0.0445,162.07394581711756,197.30741229909964,379.1930846965332,138.1153494287605,90.96418894834589,137.89313893505414,250.2423167992323,2.0636581040726854
15.77,3.3699,0.0027,0.0445,162.4450074346571,197.75913948566952,380.6413451153876,138.5412393777169,91.33826647236731,138.54634596350095,251.53175966679566,2.0598857521702216
15.78,3.4006,0.0027,0.0449,162.7041323500441,198.07459590440152,381.98620858828536,138.8387657402739,91.50045066983711,138.75184298466502,251.58898703392518,2.0552229141936333
15.79,3.4352,0.0028,0.0446,163.0828872672361,198.53568884707002,383.4838546694757,139.27500064140065,91.88100074052146,139.39887332898644,252.84072291288015,2.0513173925483925
15.8,3.4177,0.0027,0.0447,162.88025813466373,198.28900990306892,382.7631882011388,139.00752905428047,91.5935075999817,138.90100010972324,251.67896476556237,2.0528656520814583
15.81,3.4241,0.0027,0.0449,162.95219741830584,198.37658816141584,383.0618187311327,139.0718743310253,91.62916624602231,138.96286602303,251.722740639344,2.05201373865093
15.82,3.4305,0.0024,0.0451,162.78510860393436,198.1731756917462,383.36015174993776,138.86733793941926,91.1549426689401,137.6721916932417,247.94085871168957,2.0478675748367063
15.83,3.446,0.0021,0.0449,162.77771405632734,198.16417363378983,384.041500862821,138.85206264271,90.92579880696134,136.26713283695426,243.72106555622702,2.0436162549190398
15.84,3.4775,0.0019,0.0451,163.02840769731176,198.46936589237953,385.40107374943995,139.14314134290305,91.0738230721455,135.3408124221225,240.62522902158827,2.038851293882148
15.85,3.539,0.002,0.0453,163.54916191340385,199.10332754675252,388.0098892694907,139.76813331068473,91.48193244530819,136.2856876375072,242.30522288416824,2.0303729556499457
15.86,3.589,0.0017,0.0457,164.06214269503144,199.7278258896035,390.1172779976179,140.3729604790684,92.00343018003021,134.75520415825434,237.30212325517257,2.0248528027031303
15.87,3.5582,0.0015,0.0459,164.01942851818043,199.67582602213272,388.8641696183652,140.2707090966081,92.18657726259299,133.22046779440964,233.49451668718936,2.0316420207846875
15.88,3.5761,0.0005,0.0461,170.56978464274923,207.6501726085643,389.6343332927952,147.78100079844708,106.89794473460489,121.71938856947136,202.45861587580387,2.115993086036271
15.89,3.594,0.0005,0.0469,170.80793634387678,207.9400964186326,390.40723957703227,148.04163236091213,107.18034937874862,121.82825376856087,202.49834574034284,2.1144448837190626
15.9,3.6372,0.0006,0.0471,169.6943851967944,206.584468935228,392.21467786954577,146.73010072635515,103.86268616651695,123.92052698000165,207.4065977862126,2.0883381998305257
15.91,3.7236,0.0007,0.0473,169.41028774227007,206.2386111645027,395.76512261787315,146.42816481093664,102.08963132985002,125.96327551490685,211.67529925292177,2.063284408613081
15.92,3.7582,0.0009,0.0479,168.03764097031632,204.5675629203851,397.19190662690636,144.87085570613613,98.54590804079534,128.8122679681278,218.75486880471198,2.036603579714514
15.93,3.8158,0.0009,0.0479,168.61989063385738,205.27638859773944,399.52540902272125,145.55804918421856,99.17438277154967,129.11724887802046,218.81425248013886,2.0307796090750725
15.94,3.7659,0.001,0.0483,167.54599307619003,203.96903504927482,397.5544155673575,144.2804907722164,97.2881261539168,130.02734054145398,221.8455535741623,2.027911736204322
15.95,3.7723,0.001,0.0493,167.62998766861168,204.07128933570118,397.8444473867164,144.3593366783403,97.35660137414496,130.08181572093613,221.8835447213603,2.0273193231373052
15.96,3.7788,0.001,0.0491,167.71260333533942,204.17186492997843,398.12859227146714,144.43650720156148,97.42364746118756,130.13674148446563,221.92155903714232,2.026743471808913
15.97,3.8043,0.001,0.0499,167.97574187058223,204.49220749462185,399.18125664947655,144.7352473666381,97.68645262491316,130.28552121831012,221.96777688647984,2.024131286855071
15.98,3.8581,0.0011,0.0501,167.99026175549898,204.50988387625964,401.34922583287306,144.78582612160142,97.12757249944693,131.60898521461522,224.79409164223762,2.011899817147763
15.99,3.8428,0.0011,0.0505,167.87423213613093,204.3686304265942,400.7700565548735,144.61840831828562,96.98289974943043,131.55657835072762,224.8230624970146,2.013640641289707
16.0,3.8466,0.0011,0.0507,167.9307240910164,204.43740324123738,400.9474067818515,144.66388409386616,97.0210544870762,131.59817392343706,224.86027118461402,2.013343587794564
16.01,3.6736,0.0011,0.0507,166.36443683088748,202.53061875064563,394.003863723646,142.71109845001882,95.36093181497812,130.75172732151324,224.81924823936083,2.0325966904130297
16.02,3.636,0.0011,0.0758,166.0820421075287,202.18683387003495,392.6933359943319,142.34014621405186,95.04884040478694,130.5808322045324,224.83764959568717,2.0364620983585784
16.03,3.619,0.0011,0.077,165.94657513462664,202.02191755519766,392.0279860689455,142.1497850142756,94.88881473189453,130.51537966432107,224.86535101390007,2.038526349231219
16.04,3.6156,0.0011,0.0766,165.93543802239782,202.00835933161477,391.90874662789025,142.11205986077118,94.85654591450502,130.52034210701265,224.89926875265252,2.0390493579998266
16.05,3.6121,0.005,0.0768,167.5717684255654,204.00041373547094,391.79021607147774,143.93327245778093,98.44903036745794,148.00343661678264,273.86621683437977,2.0617841220009097
16.06,3.6121,0.0053,0.077,167.98293568269844,204.50096517893724,391.8160262297794,144.37726290921128,99.32297909740954,148.74671617364922,275.9921073611049,2.0671469373263403
16.07,3.5467,0.0053,0.0774,167.5843453484267,204.01572477199772,389.12970336662283,143.851223970484,99.14140714697841,148.38153360367195,275.9982549997157,2.077883843015421
16.08,3.2699,0.0053,0.078,165.72421950659506,201.75122374715923,377.31792099226226,141.53124045450514,98.36690220063811,146.68077786137914,275.87576011933277,2.125582006596321
16.09,3.1911,0.0054,0.0778,165.31672247437024,201.25514040358118,373.85622292793613,141.00430030582092,98.46619088630084,146.41868596067093,276.54052462347437,2.142089038363675
16.1,3.1123,0.0056,0.0784,165.03207898756304,200.90861789790284,370.3479539338757,140.62843935845467,98.89789591879153,146.35877032529064,277.8433126488099,2.160991427748701
16.11,3.0815,0.0061,0.0784,165.49213995911518,201.46869212414023,368.9733448376062,141.14652339960577,100.4346040885763,147.21583016277756,280.97303702113345,2.1767239471025635
16.12,3.0238,0.0073,0.079,166.69587932041358,202.9341139552861,366.3602692356634,142.3970276797986,104.09085215589435,149.04614298499948,287.6147631000816,2.2118098855662827
16.13,2.97,0.0141,0.0794,173.40376201133012,211.10023201379317,363.89558986781844,150.81453276076792,123.96568717241404,157.03710926922219,313.32001071938777,2.327298800797764
16.14,2.7816,0.0143,0.0794,172.05533791181293,209.45867224046793,354.9692983499971,149.39526603570908,124.57169000244436,155.77090000418158,313.7912390670226,2.373326522639352
16.15,2.5932,0.0145,0.0798,170.5813847442582,207.66429447127086,345.6652361701164,147.8763254329078,125.21897895563467,154.4101039963712,314.2444610484843,2.422883945977492
16.16,2.6163,0.0154,0.0802,171.5634771119141,208.85988517972152,346.8563775611599,149.09527840855714,127.65776113290521,155.4088496835003,316.78455567648746,2.428656693011757
16.17,2.4241,0.0163,0.0808,170.4510854903282,207.50566929257346,336.98163640305546,148.1796962483008,130.27196282879,154.46356577293201,319.0020345622164,2.4916322109368334
16.18,2.1434,0.0181,0.0818,168.75937575449765,205.44619657069282,321.64375532634136,147.01693333659415,135.5156208187426,153.10170849978005,323.1317992869665,2.59815994565621
16.19,1.8243,0.0189,0.0866,165.32867076599186,201.26968614990315,302.66708845632195,143.9037220933791,138.41849351097892,150.15252433837978,324.617071132612,2.721590922620189
16.2,1.3629,0.0189,0.0977,158.10549443834174,192.47625409885083,271.276530286316,137.23613343326411,140.55935040880112,144.00319953684954,323.9680054919747,2.9339931646337805
16.21,1.1053,0.0189,0.1129,153.04035314387414,186.30999513167288,251.00148847338977,132.7942404328452,142.82772909933803,139.74779861589445,323.5166568024507,3.091699401750933
16.22,1.0438,0.0188,0.1233,151.70855243332397,184.68867252752486,245.88047580578717,131.49499885121168,143.18345272637058,138.56321481474203,323.20711212693885,3.1345764366285214
16.23,1.0323,0.0185,0.133,151.36267960691134,184.26760995623988,245.05269101366085,130.99459317018884,142.38063731439317,138.1814286495149,322.5557806623252,3.1386735600015885
16.24,1.0208,0.0182,0.1416,151.00936288975623,183.83748525709456,244.2005188260153,130.4845292845843,141.5730469607885,137.79520916494238,321.8944294374076,3.1429847113166627
16.25,1.0361,0.0182,0.1552,151.43840830622702,184.35980141627635,245.8093565168951,130.85842683425653,141.3623687310269,138.11435665236456,321.98001009161413,3.129345834403052
16.26,1.0189,0.0181,0.1613,151.05262472086812,183.89015183410032,244.4115794232194,130.4185324213488,141.23418140272207,137.7423855272335,321.7596943045605,3.1408022718939135
16.27,1.0104,0.0176,0.1671,150.64262989158212,183.39102769409996,243.77305754513364,129.7503689791403,139.76676156677553,137.2802795128495,320.6200694227939,3.140711653903384
16.28,1.0104,0.0149,0.1725,149.11785147707644,181.53477571122352,243.88421066017747,126.84868489474786,131.06060869255904,135.41888924926732,313.8020557297145,3.1042214261304313
16.29,1.0104,0.0142,0.1773,148.71899113266082,181.04920659628274,243.98461231409323,126.05239023224085,128.69459484275086,134.90214576068425,311.89364452759605,3.093629140856296
16.3,1.0131,0.0142,0.1817,148.82215612363248,181.17479875920478,244.31815130279404,126.12383159770584,128.65897917828732,134.9770222993471,311.9482339134831,3.0911456322998037
16.31,1.0515,0.0142,0.1863,149.69673526727206,182.23950380363556,247.7903438849125,126.92928581576595,128.30998472379082,135.7252007388259,312.0825464577657,3.061644303178302
16.32,1.0784,0.0141,0.1909,150.24468165891315,182.9065689760682,250.20533645529167,127.36020798056356,127.74082441039144,136.1631265045769,311.90261092000435,3.0402724324220793
16.33,1.0126,0.0141,0.1955,148.88088624956026,181.2462963038125,244.56352218169624,126.04132940030577,128.29022090419664,134.95725295418615,311.8056535679303,3.0888309007835577
16.34,1.0144,0.0075,0.2054,143.59444125850848,174.81062414079292,244.91377290621793,116.72139706964181,103.09487931554355,128.12270790777364,287.2873062908209,2.9639220528923387
16.35,1.0162,0.0072,0.21,143.3550241560497,174.51915984214745,245.16952943685692,116.24371272420593,101.76720868091165,127.74366149241958,285.81473741062774,2.954962003767585
16.36,1.0202,0.0072,0.2142,143.4771855194504,174.66787802367875,245.61215102731018,116.34121291215287,101.75144598355575,127.83767497636397,285.86726461219956,2.951637745243808
16.37,1.0285,0.0071,0.2184,143.57791133171077,174.7905007516479,246.4316209290209,116.34698841252063,101.28124009533525,127.86015231538222,285.4092001245915,2.9427326304201986
16.38,1.0554,0.0072,0.2226,144.26832623500854,175.63100585131477,248.8630205083186,117.08608303381648,101.64514732414293,128.50728392844044,286.02742903699146,2.925461767676328
16.39,0.9811,0.0069,0.2266,142.46568211735104,173.43648257764474,242.3889732929205,115.01259282368302,100.51379300259705,126.73657266685278,284.33956239769407,2.972896259095136
16.4,0.9447,0.0067,0.2304,141.51949127946477,172.28459807934846,239.1531995982392,113.85336124220372,99.70431455273796,125.76243721762889,283.21884561412554,2.996524749365322
16.41,0.9421,0.0062,0.2367,140.9389782158244,171.5778865236123,239.04401625292587,112.86140227075406,97.35711164388924,124.9270507350535,280.41514374044834,2.984551344124708
16.42,0.9424,0.0058,0.2393,140.49529092362033,171.03774547223344,239.1340960899836,112.07719142094273,95.42180224419066,124.26418130903072,278.0379919491237,2.972937494273763
16.43,0.9426,0.0054,0.2417,140.0251150614291,170.4653574660876,239.2112290096475,111.25793086768668,93.4367123422552,123.55402514206162,275.50993909309324,2.960904514198564
16.44,0.9439,0.0047,0.2445,139.1350210613156,169.38176477029725,239.39706814767177,109.75518693076728,89.82883841780688,122.18333956873093,270.6263548785914,2.937643095752287
16.45,0.9449,0.0047,0.2473,139.1896066178918,169.4482167522161,239.55511549454084,109.78757440591487,89.82777571223085,122.22263102084926,270.6701137781904,2.9366661674208876
16.46,0.946,0.0048,0.2503,139.38847418271376,169.6903163963472,239.72590484464038,110.05059116555655,90.35255290956457,122.47759851838131,271.456007855345,2.938849011770313
16.47,0.9559,0.005,0.2533,139.90538849551865,170.3196033858488,240.70259463269562,110.73093968212162,91.38545923957119,123.09843976309429,272.96338097882847,2.9371872317017864
16.48,0.9785,0.0085,0.2593,144.3913468481857,175.78077007605214,242.8756132482314,117.83063282735267,107.44368779842131,129.0964967179921,292.5529888119749,3.0097420813616247
16.49,1.1745,0.012,0.2617,151.36371858751096,184.26887480218727,259.6361648592546,126.73696565259854,119.76702567723237,136.40680719754818,306.42701854257865,2.938466195135842
16.5,1.3476,0.0136,0.2629,155.79198926127106,189.65981301372128,273.09673067958954,131.6176075117288,124.2454400387703,140.61086283657622,311.81858957526487,2.863898609126727
16.51,1.5552,0.014,0.2573,159.3990276762589,194.05099021457605,287.8480379143804,135.3604793425528,124.9192767711259,143.91211505357649,313.3759242266993,2.7666059209082516
16.52,1.6628,0.0142,0.2292,161.05128881512508,196.0624385575436,294.7127086582921,137.08531314623087,125.31884569027325,145.50084309609625,314.1579086490731,2.7242475147661014
16.53,2.0742,0.0142,0.1661,166.14751968220725,202.2665457000784,319.3193848688318,142.22551804398694,124.7402348187595,150.2325710009778,314.72045235268587,2.5738845561192876
16.54,2.5163,0.0141,0.1095,170.59282650986117,207.6782235772223,342.8524348946425,146.74112295555884,124.12077522051715,154.40653171649853,314.92951529690356,2.444229808032382
16.55,2.8662,0.014,0.0558,173.5405989586343,211.2668161235548,359.6997527128926,149.80616613768765,123.72203240516015,157.2622294628786,314.9897063758612,2.3587047822006233
16.56,3.143,0.0129,0.0467,174.7220740937087,212.70513367929757,372.48445367325803,150.88588163112465,120.72004961870206,158.3117436488753,311.9169892963396,2.2840246691281716
16.57,3.3429,0.0121,0.0465,175.40714465094496,213.53913261854171,381.35751655064104,151.54432039359887,118.5997643119913,158.90385509583342,309.52017426709676,2.2333965683937502
16.58,3.2564,0.0113,0.0465,174.0308711748432,211.86366925633087,377.59058922816945,149.8755967840095,116.33956813048788,157.43528241272296,306.7673237259077,2.2392189374114744
16.59,3.3766,0.0112,0.0465,174.78634474643155,212.78337621304712,382.8632320040689,150.7110023968173,116.13988559435063,158.16896724390136,306.54199759841214,2.2147500754358513
16.6,3.4967,0.0111,0.0465,175.50675276478182,213.66039467016918,388.01829528819246,151.5198400722476,115.95098127692748,158.87533690558416,306.31069513882454,2.19124759279524
16.61,3.8581,0.0106,0.0471,177.13960899590322,215.64821964718652,402.86467391867797,153.6631755985167,114.98556649368557,160.55311971823463,304.74893646242174,2.121320118039476
16.62,3.862,0.008,0.0483,174.26545960351837,212.14925516950063,403.0533712498263,150.31059781652326,107.81206397334182,156.89557029957726,293.8485232124397,2.082473832903098
16.63,3.5294,0.006,0.0503,169.77026124827628,206.67683978051028,389.4983500376895,144.92377707152394,101.32085764215837,151.2451123973158,282.91641323377735,2.10364959080228
16.64,3.531,0.006,0.0507,169.80589312016872,206.72021771150975,389.5921470223921,144.94090389618378,101.32753870653312,151.28026326731032,282.96039399720775,2.103529366704768
16.65,3.5325,0.006,0.0525,169.84268954108524,206.76501335436467,389.69348216679026,144.95949040060407,101.33466945403887,151.31478582341953,283.00429602508075,2.103378885661066
16.66,3.5357,0.0061,0.0538,170.01881964264652,206.97943260843925,389.8619872339699,145.1384145357953,101.64420076233782,151.5675767941218,283.65805863426556,2.1047088426783325
16.67,3.5907,0.0063,0.0566,170.65810398346423,207.75769180595645,392.2072293119091,145.88144518229404,102.37419054495804,152.3375542821526,284.92598550755196,2.0990356229515146
16.68,3.7063,0.0072,0.0576,172.53360944556457,210.04091584677428,397.00037242285833,148.07768169782912,105.26117851341469,154.7655741185244,290.02720671732857,2.0952567871700545
16.69,3.9427,0.0097,0.0562,176.8617777969862,215.30999036154842,406.4732951373128,153.16616359772982,112.657495822761,160.08735754942094,301.6688082926443,2.0961299543846863
16.7,4.8424,0.0122,0.0503,183.993817375226,223.9924733263621,439.57172917634017,161.94067586371318,119.97416666899097,168.0929902775474,311.3172958812777,2.0030468661578866
16.71,5.0692,0.0164,0.0405,188.9395296065507,230.01334039058347,447.26999029403487,167.70384258961587,129.91721439912496,173.43973162285116,323.68237290135727,2.02193493925097
16.72,4.4118,0.016,0.0396,185.60319848738348,225.95171989768423,424.21355387519316,163.46358596046835,128.88534980409017,169.6852696990132,322.36233085037367,2.105415620389406
16.73,3.4967,0.0167,0.0396,180.9946679419792,220.34133488588773,388.25967587282946,157.85773982622905,130.53539433501317,164.71075863352178,323.6535997364505,2.264472761359845
16.74,2.4471,0.0173,0.0396,172.84194632472625,210.41628248227542,338.9191943688992,149.33484994264663,132.80371284005938,156.94428756517448,324.333569136045,2.5115225241470096
16.75,1.8666,0.0173,0.0396,166.16433959221976,202.28702211226755,305.74884745128406,142.61173246674707,133.78446855085684,150.9673906858174,323.7332263030644,2.703243615353711
16.76,1.8281,0.0173,0.0401,165.67810484049116,201.69508415364143,303.35886103717513,142.09705143496745,133.86881091397134,150.53996757288,323.7321816864951,2.718614945577499
16.77,1.7743,0.0171,0.0475,164.8536113022387,200.69135288968192,300.0449754468842,141.17766343585373,133.43733732654778,149.774054674134,323.22051267773867,2.7376282067572917
16.78,1.4514,0.0158,0.0511,159.09324400506017,193.6787318322472,278.07665216895884,135.01948668410762,130.71927107169932,144.57588858783052,319.48815869879996,2.8699312205865373
16.79,1.2591,0.0131,0.0542,153.76081872101872,187.1870836603706,263.5533583543588,128.79857877020868,123.21559626663819,139.48390786236695,311.5181073693239,2.9379456948321154
16.8,1.1976,0.0131,0.0574,152.6043421289808,185.77919911354184,258.6704362145044,127.72342023551359,123.58023324301445,138.50460665359876,311.4496013687546,2.9761236204716077
16.81,1.2015,0.013,0.0602,152.6446865687547,185.8283140837014,259.0497756831272,127.67623001894435,123.21048539711944,138.5042720963334,311.1938306757702,2.972002237858781
16.82,1.1323,0.013,0.0622,151.2873350727036,184.17588617546528,253.35305492261207,126.39323602734571,123.66169631504148,137.34890579960856,311.1040624255112,3.0181362398512674
16.83,1.0861,0.0129,0.0644,150.2908884517675,182.9628207238909,249.45015558479386,125.36565777465702,123.64449801465638,136.4625261000389,310.74284365271126,3.0495124618379736
16.84,0.9958,0.0125,0.0684,148.1041101151386,180.30065579234267,241.4996733195791,122.96923129204833,122.9451171898997,134.43775140385617,309.3207673272862,3.1131070216895456
16.85,0.9956,0.0105,0.07,146.61450375932296,178.48722196787145,241.52483357571433,120.27868194446559,115.50819703048624,132.52430409007772,302.4335508255609,3.078384392504673
16.86,0.9961,0.0085,0.0716,144.90241758488784,176.40294314681998,241.61394171969783,117.26049308938643,107.4750148315368,130.25116659780343,294.2839812403185,3.0376768265098137
16.87,0.9966,0.0087,0.0728,145.12985121185156,176.67981886660192,241.69570899029503,117.5951753107874,108.30384798220982,130.5337819721612,295.2204437386708,3.041695173378857
16.88,0.9977,0.007,0.0742,143.46718670906978,174.65570555886757,241.8358492603682,114.72658179356411,100.9432186593825,128.24088170205553,287.0386166292673,3.001491610892612
16.89,1.0054,0.0052,0.0754,141.4810843389113,172.23784180389202,242.5727466151493,111.34044667242388,92.34930479970102,125.2748645830602,276.2153432348551,2.9457407745360102
16.9,1.0131,0.0043,0.0768,140.38541587435574,170.90398454269393,243.30986899324108,109.47536619188558,87.66096790473567,123.47019729635299,269.5304386106455,2.9106649249632075
16.91,1.0746,0.0039,0.0782,141.01729595545567,171.6732298588156,248.80724145256545,109.8351739859752,85.57377923524425,123.53774018016682,266.2868459274511,2.8518261762945167
16.92,1.3975,0.0047,0.08,147.73072250908277,179.84609696757903,274.7691614326985,118.12941416111252,90.59787139536706,130.3250518915048,273.39676482031615,2.6815856969701177
16.93,1.955,0.0056,0.0828,156.50854574172266,190.53214264209717,312.0310485794922,128.3405401658774,95.95196231533309,138.8063062036053,280.4328562503638,2.4731569170529624
16.94,2.4394,0.0074,0.0822,163.98138952321895,199.62951768044047,339.36121476647435,137.05263979581423,103.51299459441739,146.67994465418735,291.30025515572027,2.3665359567366733
16.95,2.847,0.0084,0.0702,168.7575943360862,205.4440278874093,359.7686313379769,142.56954700272777,107.39656180774693,151.59119492808836,296.52305411278616,2.28572698244051
16.96,3.0661,0.0094,0.0686,171.6338030318267,208.94549934309336,370.06089018258956,145.92831280997282,110.73072252619498,154.68074315900603,301.10076203034697,2.2551579637541783
16.97,3.1622,0.0092,0.0682,172.1424534828175,209.5647259790822,374.4482846254423,146.48258693934082,110.25063049437401,155.11801157874365,300.37348969428314,2.2324230643008005
16.98,3.2584,0.0095,0.0681,173.19128215079442,210.841560879228,378.76241412542214,147.69342051112918,111.24914087008882,156.22991342878188,301.74097628515784,2.2183103103587256
16.99,3.6659,0.0097,0.0683,176.11513649512403,214.4010357331945,396.1562631586181,151.16769235706937,112.30614979620253,159.20461200660387,302.868385356569,2.1472351905212586
17.0,3.8581,0.0106,0.0684,178.2684265006415,217.02243226165055,403.96121733129996,153.71983391019472,114.9857485247524,161.592347868982,306.54360379265694,2.128401969667632
