Depth,Qc,Fs,u,andrus_2007_holocene Vs,andrus_2007_pleistocene Vs,andrus_2007_tertiary_age_cooper_marl Vs,robertson_2009 Vs,hegazy_2006 Vs,mcgann_2015 Vs,mcgann_2018 Vs,Ic,Measure Vs
0.83,0.0274,0.0008,0.0917,37.868229288564415,46.10045304694799,54.55134150718511,39.40239648746984,37.83958803689001,27.62575033860101,98.38469990233898,4.048756295941718,583
0.84,0.0274,0.0016,0.0457,37.23774027408271,45.33290120323112,50.2732092096867,41.17610060621223,48.41364405342965,29.359286983398377,107.98846468837452,4.359310383033951,583
0.85,0.0178,0.0033,0.0228,35.05198223067915,42.67197836778331,41.75934890113659,41.04478728471808,68.07718484159888,29.39635082224894,118.62129578079434,5.033332881807166,583
0.86,0.0159,0.0066,0.0114,35.26505557073034,42.93137199914998,38.68833014543319,43.09489922057671,96.54486518155444,30.73489437960021,130.08251170066222,5.523746266700882,583
0.87,0.0152,0.0064,0.0058,35.155421897631804,42.79790491885611,37.24189555908216,41.15710755868636,98.57102650759654,30.5564283684277,129.89940610207657,5.74638025202923,583
0.88,0.0155,0.0062,0.003,35.2800710304242,42.94965168921208,37.08046756872109,40.61558301758636,98.20162844262242,30.659162030022006,129.7577318941712,5.795636073447201,583
0.89,0.0158,0.0057,0.0016,35.33573131382064,43.017412034216434,37.151953971733526,40.04431441619367,94.98231600851776,30.626155157199403,128.73280157202544,5.791446208174896,583
0.9,0.0158,0.0029,0.0012,34.58817454578891,42.107342925308245,37.1259235674463,35.84284420558764,70.88352503709291,29.045770061491627,118.24013379210254,5.660236221636967,583
0.91,0.0274,0.0016,0.0008,35.86725088276243,43.66447933553688,45.7116550446156,39.43934538757117,50.66784612323589,30.019908879614377,110.19761103330988,4.651294649278614,583
0.92,0.0429,0.0009,0.0008,38.38978737884376,46.73539333076632,54.26799794547284,40.42589486310937,40.370688866582896,30.621525135524077,102.87972291890443,4.124196968044068,583
0.93,0.0544,0.0002,0.0004,38.52054461297033,46.89457605057258,59.43654480955964,37.08762111796661,27.6530849063678,28.05225731533915,84.98910830232755,3.732938447437997,583
0.94,0.0467,0.0002,0.0004,37.30147887252772,45.4104960187294,56.13475437714808,35.92345847325578,27.410337870769844,27.5241861735774,85.12320102277286,3.8438788744438495,583
0.95,0.0474,0.0002,0.0004,37.49194300566568,45.6423653982017,56.5133566800827,36.11595507804206,27.50586394681276,27.664482852643182,85.36080198041145,3.83509497355536,583
0.96,0.0482,0.0001,0.0004,37.10632454211524,45.17291683387943,56.93424328616386,34.842455714030514,24.54562324519982,26.25717503754069,78.22200171851027,3.759164865099891,583
0.97,0.0506,0.0001,0.0004,37.58147582770916,45.75136187721116,58.05882510721207,35.33157678931503,24.762933666644408,26.51783350750921,78.45555843652323,3.727454818495438,583
0.99,0.0969,0.0001,0.0002,43.965763420387226,53.52353807699314,74.53357723465074,41.41509500899529,27.58752316425046,29.284312387737376,79.24178604017978,3.3336377356185825,583
1.0,0.1201,0.0001,-0.0001,46.41085772611876,56.500174623101096,80.96597188488626,43.65321099141554,28.816799841635227,30.288098994001377,79.56981964222331,3.21978517234378,583
1.01,0.0622,0.0001,-0.0003,39.64920557076305,48.268598086146326,63.01544312450016,37.42401728780189,25.725641742359088,27.62644355443771,79.38292767453098,3.5988341893245863,583
1.02,0.0564,0.0001,-0.0003,38.82526385845998,47.2655386102991,60.7597022365093,36.60859732239283,25.40798993799335,27.314475263722787,79.52342276290061,3.664459834241936,583
1.03,0.0554,0.0002,-0.0002,39.32389228148649,47.872564516592256,60.411710713499296,37.96778963740402,28.34721301519299,28.93593147259384,87.2254954478676,3.739509134132153,583
1.04,0.0544,0.0002,-0.0001,39.23349268583768,47.76251283493282,60.05794657537955,37.88443219645352,28.36970858882137,28.9377541432392,87.42719032319397,3.754145080337509,583
1.05,0.0544,0.0002,0.0004,39.31286188078697,47.85913620269718,60.15496571363203,37.96804974761015,28.43580359555877,29.01483995473297,87.6391142055359,3.7547416074571487,583
1.06,0.039,0.0002,0.0,36.71420979454492,44.69555974988078,52.99505080676101,35.10440195499547,27.84629084595148,27.73011346463592,87.63345146997722,4.020837010233271,583
1.07,0.0313,0.0002,0.0,35.32422624571606,43.00340586434999,48.76972236298773,33.09952618280691,27.59155070128844,26.93583155211593,87.69902774709885,4.234033766141479,583
1.08,0.0293,0.0002,0.0,35.02624384651667,42.64064468271595,47.59877052774828,32.47218772878795,27.57672231025873,26.75001648560349,87.86272841933209,4.311131000594526,583
1.09,0.0316,0.0001,0.0002,34.90439412648354,42.4923058931104,49.06009918635254,31.566579488735155,23.899919788959565,25.59630811471821,80.52418608642394,4.149032717834803,583
1.1,0.0338,0.0002,0.0006,36.043357789303535,43.878870352195605,50.42501222620506,33.98385724883956,27.86977138973739,27.44571087381737,88.36494017657077,4.165156000709747,583
1.11,0.0392,0.0002,0.0006,37.11480135017232,45.183236426296745,53.400751685856285,35.42081562931971,28.15257775669825,28.10841095185201,88.6646870191169,4.029528050569764,583
1.12,0.0506,0.0002,0.0005,39.1493479027496,47.66007570769517,58.899636591415074,37.78301044101803,28.69721363008197,29.233687312393773,89.03413185982097,3.822212791544339,583
1.13,0.0506,0.0012,0.0004,41.71534629960528,50.78389984299773,58.94305036681921,44.861173871569406,46.47647750379711,34.00504454946382,112.640061112023,4.093475561933468,583
1.14,0.0544,0.0023,0.0004,43.64157794075816,53.128877493096894,60.64672079492811,49.40699814834179,58.33536320777216,36.35691489814942,122.92061751132078,4.163582532843069,583
1.15,0.0757,0.0044,0.0,48.45829001564629,58.99270088861288,68.82830340517111,57.13847996675866,73.19908250362874,40.33557026860482,134.3601458088457,4.044998630044821,583
1.16,0.0969,0.0055,-0.0001,51.90567874531072,63.18952195081306,75.695113301714,61.34362799066186,78.68689552764693,42.67935732859564,138.87164254183352,3.914973728095304,583
1.17,0.1548,0.0065,-0.0001,58.36478866280034,71.05278619819173,90.60786437815212,67.25624746128071,81.40151042452139,46.405805868148754,142.7229520156557,3.630306475116823,583
1.18,0.3787,0.007,0.0,71.5022001378175,87.04615668951696,127.63461643646234,76.70863971618647,79.16389822750989,53.237626165607466,145.37443294802108,3.074809972703889,583
1.19,0.4058,0.0075,0.0001,72.95347115114491,88.81292140139381,131.16122653446752,78.30413999117135,81.12679181761976,54.20594215241618,147.0728844310984,3.047046556657436,583
1.2,0.4058,0.0128,0.0004,75.67913076878257,92.13111571851792,131.27697586864755,84.7389608443649,100.9511693981975,56.79702275879266,157.99066090396832,3.168296616918063,583
1.21,0.9308,0.0275,0.0002,95.22931064685308,115.9313347005168,180.40518352722896,105.89549867496376,132.74051796826816,68.36157932922157,175.94917768882374,2.8420409689385093,583
1.22,2.726,0.0361,0.001,117.8757696791427,143.50093700069547,272.19203562775573,125.82382857864444,137.584773678929,81.81156044315883,184.12282095425496,2.2522261235089966,583
1.23,3.0098,0.0369,0.0006,119.97491425767136,146.05641735716517,282.9121633034599,128.05937969603005,138.16398325993725,83.32667496079112,185.1656204484575,2.197417275028267,583
1.24,3.2936,0.0389,0.0007,122.3108600892633,148.90017749997273,293.0549520587173,130.86115964303391,140.85394830855313,84.97662364249956,186.94749673903976,2.15609271447012,583
1.25,4.1198,0.0385,0.0008,125.84684595745676,153.20485594820823,319.46717935116226,134.40825554074985,137.87213481479714,87.88084221324681,187.38635648606515,2.016807485678432,583
1.26,4.8726,0.0489,0.0012,132.18734537356127,160.92372480259635,340.88854647948443,142.953502531391,152.3894559307492,92.0388151982312,193.93361128694207,1.9771158300323963,583
1.27,5.6409,0.0604,0.0016,138.13290781620978,168.16180081973366,360.7812427952039,151.16012150951104,167.1622944202191,95.87281805032966,199.9479137125873,1.9452447173803251,583
1.28,6.3088,0.0703,0.0019,142.7703880871235,173.80742897562865,376.8307149869314,157.7009962477896,179.06491678816067,98.88076550839638,204.50676365332967,1.9194933943370824,583
1.29,6.8223,0.09,0.0019,149.09865330971593,181.51140402921945,388.56357166276325,166.9870223917258,202.8073571498191,102.2939450407802,211.71984450520335,1.943846578752252,583
1.3,7.5365,0.1113,0.002,155.48140783604117,189.2817138873545,403.9344886753406,176.37402260235268,226.07406297099172,105.84384567435808,218.23422000275815,1.9473340023934316,583
1.31,8.0654,0.1169,0.0025,157.87323829048006,192.19350748406268,414.8528506906704,179.90133061264677,231.39927824248963,107.54791092230812,220.16805783535517,1.9208713014887653,583
1.32,8.3163,0.1176,0.0027,158.6564565819075,193.1469906214526,420.0526426507814,181.1905822249722,232.07439498719864,108.30565291911432,220.8133847596261,1.9038953102214493,583
1.33,8.0461,0.1158,0.0029,157.91202545699517,192.24072664329847,415.09706053114473,180.4284803141134,231.40617781466813,107.8799386864571,220.73828572060864,1.9194172724571408,583
1.34,7.7064,0.114,0.0069,156.9906535309285,191.11905647243472,408.6318734126695,179.45683887041724,230.93183914106447,107.29579016757468,220.636622909332,1.9410433879892175,583
1.35,7.2624,0.1121,0.0065,155.75306228911415,189.6124236563129,399.7672642987295,178.1225598494859,230.67658476883688,106.45435190741156,220.47275128239917,1.9723741986592316,583
1.36,6.552,0.1113,0.0069,153.914333114324,187.3739707478727,384.6375872066481,176.27123914606523,232.636992154146,105.04093482491209,220.511192242287,2.033553523039209,583
1.37,6.054,0.1106,0.0364,152.46481159670364,185.6093358568566,373.6012371574664,174.94611609931252,234.15533113741935,104.00924029496178,220.61007348555933,2.079741517139514,583
1.38,6.0418,0.1107,0.4504,152.8295701133982,186.05338970326736,375.4311059328043,175.60658684584266,234.5822126762298,104.19728793528914,221.03904011052032,2.073320664306206,583
1.39,6.0363,0.1104,0.3783,152.85174883282843,186.0803898834433,375.2494408931544,175.86501360933312,234.8553011419025,104.36944355713108,221.36358695195784,2.0744335582549223,583
1.4,6.0917,0.1101,0.0124,152.8884274734945,186.12504214164548,375.1839817870064,176.1358138680351,235.10377990039905,104.69166563849646,221.7019764677244,2.0750370205069144,583
1.41,6.147,0.1094,0.0023,153.05686976751605,186.33010232567173,376.7013577869012,176.49391097629007,234.6207387440371,104.9800261814726,221.93231867749063,2.067709130315226,583
1.42,6.2586,0.1081,-0.0013,153.27681173264202,186.59785776147723,379.5488148626723,176.8368633824761,233.20769357788785,105.35477684309258,222.0138039389833,2.0530162808894,583
1.43,6.8068,0.1057,-0.0017,154.44751545897495,188.02306229788252,392.191312839125,178.12238064445663,228.9910736927702,106.64567710339618,221.8979547701262,1.994384955786361,583
1.44,7.4747,0.0952,-0.0021,153.82104407874755,187.26040148717087,406.7477899708077,176.78394179044807,214.82618657723123,107.36604734118704,219.4385187671405,1.9048320771974288,583
1.45,8.3974,0.0843,0.0017,152.8407384348852,186.06698592072985,425.5479422613978,175.40535389663722,199.500295111717,108.29257321173677,216.561931638226,1.7967673559052924,583
1.46,8.4437,0.0762,-0.0116,150.7355481584783,183.5041455842345,426.6841427639345,172.62713771576583,189.5578009508687,107.67897230634178,214.11718095758624,1.7640197550555483,583
1.47,8.3434,0.072,-0.0175,149.45462555315467,181.9447615429709,425.0056383749192,170.986576581001,184.7179292293417,107.19241133192392,212.8934031477809,1.7551330481089735,583
1.48,8.1079,0.0723,-0.0196,149.3416492220961,181.80722513994303,420.6549930438401,170.92885587168504,186.0123410980817,106.98967439168194,213.32898650318864,1.7739716621318484,583
1.49,7.467,0.0705,-0.0217,147.9070115671452,180.0607097339159,407.8861823468369,168.93683583049716,185.46120014702805,105.70519899408288,212.86376923303277,1.8174352705023524,583
1.5,6.579,0.0699,-0.0217,146.1265139929752,177.89314746970894,388.8744972282954,166.63863733824647,187.2746803774693,103.91489957921712,212.7880623793091,1.8928930129503752,53
1.51,5.6332,0.0685,-0.0223,143.48085105583647,174.67234041580093,366.7125023104105,163.31397589603625,188.2833331883136,101.63527728401132,212.3421868084686,1.982670356885764,53
1.52,4.6564,0.067,-0.0228,139.96874904887207,170.3967379725399,341.182431722767,159.36234133197183,189.7470614878304,98.88576768865246,211.787088288523,2.09369569181149,53
1.53,4.0001,0.067,-0.0231,137.2911297884188,167.13702756850984,322.1341283656522,156.80639341484596,192.696938361778,96.92246515745023,211.90038024719848,2.1874410889454654,53
1.54,3.475,0.067,-0.0231,134.667038149896,163.94248122596036,305.4519994695299,154.48355388299933,195.4897066619596,95.15032685987678,212.0290110555004,2.2743811095896262,53
1.55,3.0851,0.0669,-0.0231,132.34635743098298,161.117304698588,292.0457273537519,152.52349996893346,197.7636678055565,93.69041750486042,212.1483521578868,2.3475729403764665,53
1.56,3.0602,0.066,-0.023,132.08691022820412,160.80145592998764,291.3278730978582,152.14686889494772,196.72377923509748,93.64327215906884,212.10726255225703,2.3487145801437825,53
1.57,3.0812,0.0619,-0.0175,131.39424563690815,159.95821207971426,292.313781722118,150.64437294277425,190.41487602300504,93.40366430196786,210.69715866870027,2.325932337343564,53
1.58,3.1022,0.0582,-0.0085,130.7429196896281,159.16529353519945,293.32013420842856,149.2429728784611,184.60016176539807,93.18232688998614,209.36223356069976,2.303949545244361,53
1.59,3.282,0.0533,0.0297,130.6872090876299,159.0974719327669,300.1453398174467,148.04461264217773,175.85247324596267,93.42186586437867,207.3992542737412,2.2432547737351336,53
1.6,3.5831,0.0521,0.0442,132.0904228472338,160.80573216184985,310.6465400434598,149.075524990702,172.6220613130695,94.59626625414022,207.2490417163237,2.1825616188705803,53
1.61,4.1699,0.0478,0.044,133.49119765277365,162.5110232294636,329.3361318193451,149.5638887511842,163.41181941088055,96.162561709469,205.4949995428535,2.0661306466103357,53
1.62,4.6487,0.0456,0.1658,134.6439350571675,163.91435572176914,344.13307499357137,150.4494240459411,158.30880646536426,97.46592704086724,204.7249326370178,1.9840265386660507,53
1.63,4.722,0.044,0.078,134.34463008605357,163.54998445258698,345.9281577209216,149.89026749093856,155.63673829237308,97.56334698423146,204.11766873811263,1.9672634041016623,53
1.64,4.5946,0.0426,0.0372,133.48830199335794,162.50749807887055,342.33123828141686,148.71808178625668,153.81862234242877,97.08431696286333,203.53501329503564,1.97652005006005,53
1.65,4.3939,0.0399,0.0172,131.8659759962703,160.53249251719865,336.6405062429078,146.47670839322825,149.93074356975288,96.10136008911716,202.0536782946555,1.98733019072374,53
1.66,3.8958,0.0376,0.0083,129.19442396951496,157.2801683107139,321.66893164890314,143.16480809008272,147.52237790547065,94.14437588160727,200.628181521324,2.0457944646859128,53
1.67,3.7986,0.0336,0.005,127.26088707186544,154.92629730487965,318.74983569954355,140.30291092742635,140.62023190469208,93.08612572771692,197.9795546774193,2.0328639378868627,53
1.68,3.7821,0.0266,0.0034,124.05332973673454,151.02144489689422,318.3987207863011,135.39389811495926,127.234711143105,91.39291558463373,192.3414300595209,1.978942817999396,53
1.69,3.7772,0.0179,0.0031,119.11461363107404,145.00909485522058,318.4263044451445,128.16998279361198,108.9193028715368,88.5665251457034,182.96037576812697,1.8922723637842689,53
1.7,3.8674,0.0154,0.003,117.76672340906325,143.36818501972917,321.4965660983877,126.2289226637608,103.1866856526231,87.909374990054,179.71648983961617,1.8483256520439093,53
1.71,3.9576,0.0144,0.0029,117.39118536890618,142.91100827519014,324.52790639449427,125.68574210369268,100.84584586009488,87.85470438441025,178.44972842222197,1.8221161765704637,53
1.72,4.1622,0.0137,0.0029,117.53286418933529,143.08348683919078,331.0274391157051,125.902991351058,99.12660914265636,88.27242190980743,177.62541924816904,1.7837176059832036,53
1.73,4.3282,0.0133,0.0029,117.74672182343495,143.34383526331214,336.2021075571311,126.24592516648688,98.16785723151672,88.69570295584906,177.25349493811544,1.7558776661030964,53
1.74,4.3109,0.0132,0.0029,117.7061270398262,143.29441552674493,335.8798012828064,126.15685471096114,98.0128534272566,88.73111418369378,177.332823550806,1.7568834855436095,53
1.75,4.2935,0.0132,0.0055,117.74669504180476,143.3438026595884,335.5664035885348,126.1746005143097,98.08932159043428,88.82084246075385,177.5848029182601,1.7591695074906328,53
1.76,4.2394,0.0133,0.0057,117.76781690924074,143.36951623733654,334.1348396611728,126.14624431434936,98.41951545357502,88.85499848603791,177.9988621948003,1.7678261858637794,53
1.77,4.1468,0.0136,0.0048,117.83645044609034,143.4530701082839,331.50920218874006,126.16682176516314,99.24565615708292,88.8768810209403,178.74262298004115,1.7846097479435248,53
1.78,4.0541,0.0141,0.0046,118.0466341315194,143.70894589924103,328.8413154073322,126.38969801841688,100.55230877817444,88.99314845949803,179.8096185090512,1.8043161317177068,53
1.79,4.0039,0.0157,0.0046,119.18682591184744,145.09700545790125,327.46176870870846,127.89955958014043,104.382602095506,89.76937897911739,182.58155557708076,1.831902946536508,53
1.8,3.946,0.0157,0.0048,119.0908257148823,144.9801356529002,325.8259526583307,127.74217267124844,104.51722199993404,89.72012505173466,182.81937353300637,1.840463929321098,53
1.81,3.9398,0.016,0.005,119.37248343946492,145.32302331760948,325.81019140090945,128.1031488158617,105.28863053578694,89.97931999085517,183.524707892278,1.8450960448986045,53
1.82,3.9419,0.0161,0.0048,119.53418163355978,145.51987329302932,326.0531034871839,128.29955784891376,105.58977743674072,90.17077936046334,183.9303519690785,1.846034661633596,53
1.83,3.944,0.0161,0.0057,119.62410243557882,145.62934209548726,326.3017909409743,128.39758976240898,105.6606455037862,90.31516676272764,184.1862382456202,1.8457210953029377,53
1.84,3.9499,0.0159,0.0061,119.58061659253622,145.57640280830498,326.6667106780436,128.3122549362769,105.26619658530647,90.377752596323,184.14292099721757,1.84241061395436,53
1.85,4.031,0.0157,0.0038,119.76635537151928,145.80251958271913,329.37509240917274,128.5425784461832,104.79066464944144,90.68400194695984,184.1201042891496,1.828117026797221,53
1.86,4.0889,0.0157,0.0023,120.02132177465772,146.1129134648007,331.34204043813446,128.8720015879572,104.80361072220634,91.00671266756454,184.39085289127183,1.819823922584772,53
1.87,4.0966,0.0156,0.0015,120.0509912530659,146.14903282981936,331.75158984852345,128.8906564046755,104.6379424308079,91.11882778089532,184.49041764097552,1.817538368649236,53
1.88,4.0812,0.0155,0.0014,120.01170249196171,146.10120303369254,331.4490368134417,128.81257110334678,104.49420909539548,91.1558805184095,184.58000028952236,1.8185366292937704,53
1.89,4.031,0.0151,0.0014,119.64145247364787,145.65046388096266,330.0590968726027,128.2808831353022,103.68588375485524,90.93032307350128,184.18389364891013,1.820812652446494,53
1.9,3.9383,0.0151,0.0015,119.43467002555737,145.39872872676548,327.31048966331645,127.96945126198402,103.84660565223275,90.75924558230376,184.3982115934264,1.834445827965,53
1.91,3.8148,0.0149,0.0031,118.96503430536563,144.82699828479295,323.52920171612965,127.30844257576554,103.56982559398702,90.37566269092076,184.28004233154888,1.850530804243492,53
1.92,3.6758,0.0147,0.0031,118.41829985402664,144.16140851794546,319.13994870667466,126.55760706716974,103.30837828935374,89.92357681693042,184.1491945572088,1.86971357763378,53
1.93,3.5445,0.0146,0.0052,117.94752068812852,143.58828605511297,314.91240268240847,125.92753949438335,103.28133404610112,89.53234492396645,184.1782459985137,1.889691757173184,53
1.94,3.3862,0.0144,0.0057,117.2653635084884,142.75783383642067,309.62711764127704,125.03804125139364,103.0465709671267,88.97119135252599,184.0265949091205,1.9138591025519889,53
1.95,3.2665,0.0142,0.0059,116.70201201813516,142.07201463077325,305.5577335400224,124.3106811486164,102.76578237091404,88.53505898306601,183.8824190988288,1.932316719146577,53
1.96,3.1855,0.0136,0.0056,115.9761470087348,141.1883528801989,302.7930857851225,123.32457346121434,101.4171697924524,88.0250572089578,183.0560613715676,1.9387865577064136,53
1.97,3.143,0.0127,0.0052,115.16122412355185,140.1962728460631,301.39303009681186,122.1745689656984,99.21188897629294,87.48079751044074,181.649640532551,1.9337563296724127,53
1.98,3.1295,0.0115,0.0057,114.19201980854211,139.0163719408339,301.0523635341986,120.78398457333708,96.12335031091824,86.83145138451881,179.54498641582893,1.918146557956273,53
1.99,3.116,0.0107,0.0048,113.51717585844553,138.19482278419454,300.69941384363534,119.8177677531129,94.03818797755558,86.38053001199448,178.0910506166184,1.908028953664419,53
2.0,3.1005,0.0107,0.0055,113.52240255763208,138.2011857223347,300.2812056978587,119.8072575590042,94.10525219288904,86.43889079827511,178.3104640512307,1.9109114418044435,297
2.01,3.0851,0.0098,0.0044,112.71837261135174,137.22236665729778,299.85104275930325,118.66743059356122,91.69565348345212,85.86829954884074,176.50147545249905,1.8989361425284588,297
2.02,3.0542,0.0083,0.0039,111.2227657037464,135.40162781325648,298.8437777953629,116.59241202105204,87.52040304207736,84.6865072431454,172.9346603168146,1.878258471678,297
2.03,2.9075,0.0078,0.0038,110.12377590316795,134.06372718646534,293.42099552461707,115.12470720312932,86.10231578080518,83.77075193692166,171.6953752694658,1.89667518837751,297
2.04,2.7801,0.0073,0.0038,109.06112985398228,132.7700711265871,288.5831022249164,113.71168000347258,84.63050328044652,82.88873411506734,170.37827098743568,1.9121031587127169,297
2.05,2.726,0.0065,0.0039,108.00244465764764,131.48123697452755,286.5648705011914,112.25750162390582,82.20185393658498,81.97339602953966,168.00999152876912,1.9066525074049443,297
2.06,2.6836,0.0067,0.004,108.06715659648115,131.560016726151,284.9924644958828,112.34769738827664,82.84559192423912,82.1055433891153,168.8614048596637,1.9196231423012209,297
2.07,2.6411,0.0061,0.0042,107.25041943656238,130.56572800972813,283.39771620873427,111.2208631729092,80.9815333586631,81.39111031812214,166.9991802066395,1.9156518285628144,297
2.08,2.6218,0.0051,0.0044,106.06441300152126,129.1218940888085,282.741492044062,109.575404409388,77.81325745412822,80.21324598374314,163.34714144779804,1.8972001990415608,297
2.09,2.5986,0.0047,0.0044,105.52679780042617,128.46740601791012,281.917257555562,108.82450388222053,76.532690367736,79.67555388572181,161.8074669341111,1.8926983763272125,297
2.1,2.5639,0.0047,0.005,105.398199997353,128.31085217069062,280.6110284959608,108.63634886542464,76.51721172360708,79.62705707828786,161.98687473752233,1.8999334182594865,297
2.11,2.5632,0.0045,0.0055,105.2170598298318,128.0903337058822,280.71773496244515,108.35706301546712,75.90457001800746,79.44190747278493,161.2671213770276,1.8953225258795392,297
2.12,2.5656,0.0039,0.0055,104.5622094939703,127.29312460135516,280.9495493336479,107.43848864489183,74.0121048211406,78.61777764466258,158.4853507519526,1.8804202836358916,297
2.13,2.568,0.004,0.0054,104.76077700250823,127.53485895957526,281.1800474559776,107.67060107070309,74.37203779970075,78.89691371574634,159.19836278762295,1.8823748034146064,297
2.14,2.5793,0.0033,0.0052,104.03705313425792,126.65380381561836,281.78090630601537,106.66634270272662,72.24182595780357,77.79752423617136,155.45559809776796,1.8633977813076008,297
2.15,2.5871,0.0028,0.0046,103.56386036587848,126.07774305411291,282.23147471119154,106.0050510310938,70.8427986676656,76.87673575326092,152.3533638758951,1.8505463906522823,297
2.16,2.5986,0.0025,0.0046,103.37533378309548,125.8482324315945,282.8398031118138,105.72209289685006,70.12823699395858,76.30402810648731,150.30652261568645,1.842147144123324,297
2.17,2.6218,0.0024,0.0046,103.48020236438174,125.97589853055167,283.931248887568,105.8255058580309,70.01031979435932,76.24116055781613,149.69564512363962,1.8359594845482892,297
2.18,2.645,0.0024,0.0046,103.68224133790916,126.22185902006332,285.01778704954364,106.0568766112904,70.13313894575133,76.43557882083577,149.87964636370097,1.8317401067685817,297
2.19,2.6488,0.0024,0.0048,103.76578357969498,126.32356261875913,285.30488820196854,106.13149188752242,70.17770507289757,76.5487141938255,150.0548861699669,1.831068120663118,297
2.2,2.6411,0.0022,0.0055,103.60379743618292,126.12636209622268,285.1219398944186,105.88436200758213,69.74989726404885,76.06229559800357,148.5350169151108,1.8290663482946543,297
2.21,2.5909,0.0022,0.0052,103.34748182303848,125.81432569761206,283.1650099992658,105.50831483577036,69.55646374561574,75.94808912162878,148.68442716149085,1.8382070935796395,297
2.22,2.5446,0.0021,0.0053,103.0255904104976,125.42245789104054,281.3484941091653,105.04948114710902,69.17395953715148,75.55398274940863,147.9371169374862,1.8451488295886096,297
2.23,2.4983,0.0021,0.0054,102.77958357039594,125.12297130309072,279.50776933874937,104.69240372829324,68.98862652446392,75.44867149037854,148.08530495263724,1.8538680505105467,297
2.24,2.4597,0.002,0.0057,102.4960532511856,124.77780395796508,277.9763919081662,104.2875203867768,68.63343011872253,75.06876828004447,147.29870589474842,1.8596126340208656,297
2.25,2.4597,0.0018,0.0069,102.41536654440247,124.67957666275088,278.1088438064397,104.14448178839608,68.31929519403079,74.50736580983458,145.45876167505278,1.8568080744046755,297
2.26,2.394,0.0018,0.0065,102.00645548252494,124.18177189176949,275.36648003780755,103.58028862880018,67.99759572539233,74.3090080666871,145.592879288465,1.8693723397538613,297
2.27,2.3709,0.0018,0.0071,101.89789221780532,124.04960791732825,274.4739524012345,103.4058324984348,67.90165644551574,74.29646237232932,145.74513971579074,1.873880323741726,297
2.28,2.3438,0.0017,0.0065,101.69183350621242,123.79875383364993,273.3857954815005,103.10480334792469,67.62470087912776,73.91277879385812,144.8148315912891,1.877970019214935,297
2.29,2.2936,0.0017,0.0063,101.3717201122878,123.40905057148082,271.2510184745002,102.6631356626708,67.37129056345726,73.7723967921709,144.95203707027645,1.8880014037546649,297
2.3,2.2666,0.0017,0.0062,101.22224473011296,123.2270805410071,270.1430591115246,102.44048548619324,67.24647508514937,73.73597126808964,145.09920463422506,1.8935211262662224,297
2.31,2.2686,0.0016,0.0061,101.23341511590613,123.2406792715379,270.349270235452,102.41759372059708,67.13497201429239,73.46374326503465,144.11918341657562,1.8919178945139865,297
2.32,2.2706,0.0016,0.0061,101.30456174433714,123.32729255832348,270.5559224742625,102.47468797840786,67.17127615763953,73.56135030019865,144.27771448941226,1.891542476763444,297
2.33,2.2753,0.0016,0.0059,101.39615147600011,123.43879310121756,270.8832025644618,102.55788616321678,67.22310809300419,73.67129358382354,144.4370092747097,1.8906313332412747,297
2.34,2.3014,0.0016,0.0059,101.65280379110465,123.75123939786654,272.18080695654385,102.8508427923603,67.40023061430514,73.88030056366873,144.60579808241113,1.8854431299090104,297
2.35,2.3786,0.0016,0.0059,102.2928563910417,124.53043386735511,275.747776466958,103.63587620673896,67.87660417277321,74.32021048630682,144.79724566239844,1.87045537900525,297
2.36,2.4481,0.0016,0.0059,102.8613919535036,125.22256411730876,278.9140081998414,104.33628097147977,68.30873644245459,74.71722203153227,144.98378240579208,1.8574674253910208,297
2.37,2.5253,0.0016,0.0059,103.47305908417846,125.96720236334768,282.35834299420753,105.09952409628364,68.7868922263062,75.14029412319306,145.17231444786873,1.8435608309679477,297
2.38,2.5755,0.0016,0.0059,103.8828510271088,126.4660795112629,284.6071314804732,105.60356348616246,69.10711074999892,75.44183431798194,145.34821371427063,1.8348060760500533,297
2.39,2.6411,0.0016,0.0059,104.39312652104948,127.08728446040809,287.47293034358404,106.24414682548064,69.51853221278343,75.80387656221062,145.52956457901976,1.8236730042747895,297
2.4,2.6913,0.0016,0.006,104.79071395930372,127.5713039504567,289.6676861451643,106.73892537612716,69.83992284460126,76.09796635213333,145.70367871183674,1.8153864204754937,297
2.41,2.7106,0.0017,0.0061,104.98399881798956,127.80660725668297,290.57948918653835,106.96188618627478,69.9974190533124,76.64913247475076,147.01888041658535,1.81240915891769,297
2.42,2.7299,0.0021,0.0063,105.343705169618,128.2445106412741,291.48878861067897,107.4009328154732,70.55267449374419,78.17498859632713,151.2798332680415,1.8126082333284608,297
2.43,2.7531,0.0026,0.0067,105.96289612579292,128.99830832705226,292.5546900605115,108.17779196500938,71.69509544818965,79.76153824590374,155.7110239315606,1.81658186188492,297
2.44,2.7569,0.0026,0.0074,106.04105714864968,129.09346087661703,292.8332306132086,108.25237065431148,71.73923798956287,79.86851479712548,155.87448521617438,1.815913695504445,297
2.45,2.7878,0.0029,0.0069,106.58067992223312,129.75039294880557,294.1973318520319,108.9319541092099,72.62547610198766,80.8169954718348,158.27978454567403,1.8162757291800464,297
2.46,2.8805,0.004,0.0076,108.39429723318838,131.95827489257718,298.02026962153644,111.28419826615566,76.0312927477518,83.48955316499668,165.2472339739531,1.8231294902270216,297
2.47,2.9615,0.0061,0.0076,111.31099537034852,135.50903784216342,301.3135803892923,115.1087690593878,82.60235186112239,86.90957825761063,174.78097190036013,1.853567963507753,297
2.48,3.0426,0.008,0.0073,113.80033010620753,138.53953230320917,304.55744173301014,118.41936819207702,88.39882762968737,89.33448110546577,181.2732582514355,1.8759722764382576,297
2.49,2.9229,0.0105,0.0071,115.7158545461854,140.87147509970396,300.04373941589625,121.13619465187789,95.72958879555084,90.94883977227408,187.9316048222412,1.943059686467859,297
2.5,2.6681,0.014,0.0071,117.3044975711831,142.805475304049,289.8894932510768,123.88759422312256,105.82280958754606,92.03369852042306,195.15923982597283,2.0506466567814816,164
2.51,2.2473,0.019,0.0072,117.85697887336724,143.47806123714273,271.610484651953,126.39520171472678,120.1469246886855,92.19404243526245,203.01001666353508,2.2190037835804564,164
2.52,2.2473,0.0225,0.0074,119.809539529517,145.85509160115114,271.7191761224608,129.64032286851167,128.91009253303477,93.60035885980268,207.7304258248638,2.258108172608449,164
2.53,1.8574,0.0244,0.0078,117.29279908448386,142.79123366806732,252.75891354447063,128.33720207686642,135.52381661346314,91.78275023403376,209.84557947003648,2.3944811506797907,164
2.54,1.5447,0.0244,0.0084,113.84128237937897,138.58938724446134,235.68485499308605,125.59925486100016,137.62959099605817,89.47640135534743,209.7687594412167,2.5083418343284256,164
2.55,1.3516,0.0243,0.0093,111.26821015154252,135.45695148883436,224.07405974603356,123.59339942934363,138.97593406953737,87.8382049972954,209.6580360069704,2.590212276245942,164
2.56,1.2397,0.0241,0.0114,109.560647856715,133.37817999947913,216.9180334030101,122.23082934867487,139.5430109739043,86.78677264316771,209.5063665630185,2.6418764029123523,164
2.57,1.1316,0.0235,0.0198,107.62062533947116,131.0164134567475,209.69499021597417,120.50137777353962,139.1024166247131,85.56765831607659,208.8858325581471,2.6917836339303287,164
2.58,1.0659,0.0226,0.0341,106.20487798730868,129.29289494107144,205.25169585693573,119.00122683202218,137.43634065965497,84.65064513403347,207.94033529945625,2.717941140857572,164
2.59,0.9733,0.0224,0.0525,104.48329156423948,127.19705059994372,198.63779146169483,117.65321468009172,137.97376275250386,83.57824955112976,207.76379230648152,2.7704223274250346,164
2.6,0.8806,0.0224,0.0765,102.69724631424327,125.02273464342665,191.71104542332435,116.37878850733748,139.1586891910748,82.47059527976947,207.81247611604016,2.8299127100834296,164
2.61,0.7648,0.0224,0.0976,100.1389835679012,121.90832782179278,182.25549269812765,114.5585538517053,140.84831334091598,80.89941183948996,207.79749147155647,2.9149192323427404,164
2.62,0.7643,0.0221,0.1323,100.23498330343357,122.02519706504955,182.86494366065688,114.48225584746552,139.98149573928504,80.88726228199675,207.63335919753123,2.9066959483672323,164
2.63,0.7645,0.0219,0.1795,100.43948602460752,122.27415689952224,183.7425777832135,114.54012987206198,139.3519913422621,80.91494460530546,207.58849873765683,2.897165838283424,164
2.64,0.7648,0.0213,0.2095,100.41545363351484,122.24490007558327,184.3379454818073,114.2011687586816,137.61686085387674,80.81837545836724,207.0394721074169,2.8855418760374647,164
2.65,0.8111,0.0206,0.2187,101.3239917153438,123.35094643607071,188.5383585699729,114.47428285081608,134.99653787989905,81.3650450166518,206.42906749871503,2.840425156593698,164
2.66,0.8497,0.0203,0.2209,102.12185944441735,124.32226367146464,191.8601623645239,114.9031886359126,133.70017394258036,81.89763077045285,206.30315038217972,2.808533752868252,164
2.67,0.9077,0.0203,0.2209,103.39218012877512,125.86874102633492,196.60788009982588,115.85936427829228,133.0824924079766,82.76635341248954,206.6000216744212,2.768798927604684,164
2.68,1.0235,0.0252,0.2324,107.63462884099216,131.0334611977296,205.67877201178732,121.6883755956806,145.23181895337805,85.82388909079708,212.87986134176785,2.7491141083169737,164
2.69,1.2397,0.0301,0.2381,113.13467401357704,137.72916836435468,220.842140151086,128.14726694361983,155.14657560544535,89.62879683642124,218.3691429155824,2.678307619521799,164
2.7,1.3555,0.0359,0.2274,116.7739395563323,142.15957859031758,228.20011777553543,133.38288782071808,167.38816395853138,92.22148683690692,223.78687023689952,2.671534000545667,164
2.71,1.3555,0.0369,0.1631,116.93774212412892,142.35899041198306,227.5198997746211,133.94895527177798,169.8452710872909,92.52706905854409,224.79774482212093,2.684479502617364,164
2.72,1.591,0.0378,0.1201,120.47244021717222,146.6621011339488,241.19384265268903,136.99665661631172,169.5516739994141,94.97303212560466,225.9810287792753,2.5957608668113603,164
2.73,1.591,0.0387,-0.0363,120.40325403850156,146.5778744816541,239.57457116786784,137.33192776621584,171.87770666423737,95.255827654085,226.8839057779857,2.6137874713544345,164
2.74,1.6605,0.0387,-0.0396,121.36304314739444,147.746313396828,243.5894525415901,138.10161459160074,171.317358039475,95.94158485485352,227.165743718723,2.5872001338740427,164
2.75,1.6798,0.0387,-0.0397,121.66604930189251,148.11519045447787,244.75921047665503,138.37397175575128,171.24463423420062,96.19874649719732,227.3946582773709,2.580007605421679,164
2.76,1.8033,0.0386,-0.039,123.19606610893642,149.97781961087912,251.6101804050851,139.55584227868138,170.03060890886874,97.26376654090826,227.6465148389732,2.5347862285798377,164
2.77,1.9269,0.038,-0.0384,124.4558635859305,151.51148610461104,258.1877889162442,140.3597030215183,167.85478064950303,98.16777750400774,227.50291332198125,2.489097070994192,164
2.78,2.3438,0.0375,-0.0318,128.36484374985818,156.27024456504475,278.47436090200307,143.39592148921054,163.99195491390745,100.96606501565824,227.64838080624264,2.363123416462421,164
2.79,2.9461,0.037,-0.039,132.6817767734356,161.52564128939986,304.0135288704674,147.043161265053,159.82807467180453,104.33455602345876,227.84330639092948,2.218165604156839,164
2.8,3.3939,0.033,-0.0444,133.6480138958492,162.70192996016425,321.01560888354294,146.85845675425853,149.9888265487712,105.58083072233669,224.9182638048445,2.1019234343997613,164
2.81,3.7491,0.0304,-0.0471,134.16336270275704,163.32931111639988,333.5868542998383,146.79783507447013,143.58143957359542,106.4834660208088,222.89641331838183,2.020681350230537,164
2.82,4.1198,0.0295,-0.0475,135.2444283831726,164.64539107516663,345.968748032426,147.87707666782956,140.78749617095716,107.77659670837726,222.38204788881612,1.9558573772944272,164
2.83,4.3707,0.026,-0.0477,134.266331278896,163.4546641656125,354.01064832992705,146.25940449363392,133.03062612584773,107.67046376610216,219.0525616182392,1.8902947320962005,164
2.84,4.6023,0.0238,-0.0476,133.71357315107434,162.78174122739486,361.2035056196089,145.43419286735443,128.00954828001386,107.78655663925797,216.8254789080569,1.8391797284692823,164
2.85,4.7645,0.0227,-0.0474,133.52056262386958,162.54677188992818,366.1522668394899,145.19555976223702,125.46505606935568,108.00636151464522,215.74274227076344,1.80800470495802,164
2.86,4.9073,0.0223,-0.0458,133.68242388815662,162.74382038558198,370.451209879827,145.47073245665928,124.46513820466124,108.41221544985304,215.482611022367,1.786458001548824,164
2.87,5.0193,0.0225,-0.0453,134.14275668189967,163.3042255257909,373.795972473386,146.14974918048262,124.80194681256408,108.95138451386968,215.95952420485025,1.7748755196443418,164
2.88,5.139,0.0227,-0.0441,134.6100946198441,163.8731586676363,377.31852109191584,146.84936992638512,125.12849624465132,109.50793807311146,216.4362088003306,1.7626644566385845,164
2.89,5.305,0.0231,-0.0422,135.29666104229003,164.70897866017918,382.077201924625,147.87917070767784,125.81052908018074,110.27623076631906,217.1696537327105,1.7473716109898512,164
2.9,5.2857,0.0231,-0.0405,135.31546084975847,164.73186538231465,381.6842300353349,147.8993459243144,125.91167587281348,110.324259781148,217.3536636049413,1.7495347235717569,164
2.91,5.2857,0.0283,-0.039,138.56318730597167,168.685619329009,381.8222027582887,152.2893439779986,136.5871634454936,112.30655605939704,223.36127335892505,1.794748048048992,164
2.92,5.1197,0.0299,-0.0373,139.11998451320318,169.36345940737775,377.3269716399508,153.03036118576793,140.15542386073463,112.4103174451279,225.1061087544291,1.826877396555998,164
2.93,5.0963,0.031,-0.0382,139.71437963226808,170.0870708566742,376.7889970977649,153.870259436241,142.45108169783742,112.78069328357768,226.35389416692175,1.838260197423452,164
2.94,5.1073,0.0311,-0.0371,139.85701424581407,170.26071299490408,377.2330282984856,154.0796483784286,142.71094019141375,112.95281276962484,226.6475854324888,1.83771370346882,164
2.95,5.1184,0.0311,-0.0361,139.9463615609569,170.3694836394258,377.6787395882127,154.2143147248816,142.77503200341195,113.09483825721804,226.84602275559908,1.8363926736952152,164
2.96,5.1428,0.0297,-0.0329,139.3107585949276,169.59570611556404,378.5103157198698,153.33589489067458,140.05677525992687,112.8465929507195,225.69283610891543,1.8225522520000088,164
2.97,5.4247,0.0284,-0.0329,139.29738639149022,169.5794269113794,386.4439272352519,153.41285078333476,137.03904314595002,113.4017202445132,224.663697223671,1.7798579315050114,164
2.98,5.7374,0.0269,-0.0306,139.10935538041494,169.35051959354865,394.9587512466848,153.36473095072546,133.62824072627782,113.91328136591116,223.36687000847712,1.7337070466663105,164
2.99,5.9883,0.0267,-0.0285,139.50321849476035,169.83000512405607,401.6193881782503,154.11015355197745,132.9424883762657,114.6532999661022,223.4102406126036,1.7062899029261356,164
3.0,6.1968,0.0267,-0.0321,139.90825910306225,170.32309803851058,407.0267677467896,154.85649317513514,132.73457495176785,115.32675800590468,223.6556821167419,1.685829150639983,89
3.01,6.386,0.0268,-0.0336,140.32155859954278,170.82624525161734,411.8631617384619,155.60982550889852,132.75953964289508,115.9704815034856,224.00272211745752,1.6686587734971192,89
3.02,6.579,0.027,-0.0344,140.78362026713037,171.38875510781088,416.7122026560065,156.4423971319397,132.98116572886093,116.64818056485412,224.4570157417901,1.6524769909569348,89
3.03,6.7026,0.0275,-0.0346,141.32567541758672,172.04864833445342,419.8250193675627,157.3006490711988,133.86957328775225,117.24721155088358,225.2123441697668,1.6453821228861998,89
3.04,6.6717,0.0284,-0.0339,141.90339646240795,172.75196091075753,419.2238118490866,158.01910268831068,135.7131279474997,117.59047883810514,226.33801690920663,1.6553169528942848,89
3.05,6.6485,0.0295,-0.0333,142.59944517785866,173.59932456434967,418.8046801415511,158.90524505287908,137.9191793565579,118.010490262457,227.64212552555432,1.6659807247483822,89
3.06,6.5713,0.0314,-0.0323,143.66279813590424,174.89384120892691,417.0782662752762,160.22252657157208,141.6959706208433,118.53192205758673,229.66708071219625,1.6873612781538094,89
3.07,6.5134,0.0339,-0.0312,145.03085893819173,176.5593065334508,415.8086821086957,161.98911592485368,146.52010670023415,119.24417749556706,232.14209662706745,1.710759276662686,89
3.08,6.413,0.0363,-0.0299,146.19639510527225,177.97822012815752,413.48545547678856,163.4887163597609,151.17827984555112,119.76336519650658,234.3814307993808,1.7367047268338698,89
3.09,6.2933,0.0395,-0.0287,147.639038730155,179.7344819323626,410.6548842774105,165.40127557430353,157.26485563756725,120.38776001365628,237.13113147751488,1.7690945932011997,89
3.1,6.0347,0.0449,-0.0293,149.63923496144983,182.1695034313302,404.2458016383194,168.14597685431937,167.43538808375854,121.050681513001,241.23656749088263,1.8275595372475684,89
3.11,5.8301,0.0451,-0.0283,149.31758772528983,181.7779328829616,399.0816752397544,167.70210329520256,168.39047686713246,120.60330482904936,241.5110948375328,1.84988420269663,89
3.12,5.5212,0.0446,-0.0272,148.39606575918313,180.6560800546577,390.9903924713258,166.4427217402135,168.4169126054794,119.65763487877116,241.26006865627636,1.8803966804218983,89
3.13,5.2239,0.0442,-0.0266,147.47133636494988,179.5303225312433,382.9267393687285,165.23234524874937,168.62534479823958,118.72452925892816,241.0740864893136,1.912058533439124,89
3.14,4.8417,0.0432,-0.0255,145.9446564299326,177.671755653831,372.0852716190573,163.2615308612533,168.04499729563418,117.31380209878417,240.41680854825472,1.9527877163138625,89
3.15,4.4209,0.0418,-0.0251,143.9594964826318,175.25503919624742,359.4861154928456,160.7637104791675,166.90098038055132,115.57378271307486,239.4208791898084,2.000150311001877,89
3.16,4.0078,0.0416,-0.024,142.27302860471283,173.20194786660696,346.3646928238503,158.90800695815025,168.0621184322161,114.00766430961195,239.28982109422031,2.0593383386483364,89
3.17,3.5522,0.0415,-0.0238,140.13042973627856,170.59356663546956,330.8467720034872,156.7222814784307,169.76857243277428,112.11969739796588,239.1925683750073,2.1332389577173463,89
3.18,3.0774,0.0414,-0.0228,137.43915908503897,167.31723714700396,313.2825508049647,154.1564679303019,171.85592590578636,109.9011101477428,239.05422422784977,2.221432464994867,89
3.19,2.6797,0.0394,-0.0217,134.05665025061433,163.1994003050957,297.22962759611823,150.52300571043875,170.06695510901454,107.38465561694848,237.4658403046288,2.294220750221198,89
3.2,2.3052,0.0336,-0.0209,128.9678217462831,157.00430473460554,280.68671538689097,144.1212815724454,160.09035321986428,103.79243887975996,232.5256407022308,2.3462391245841028,89
3.21,2.0002,0.031,-0.016,125.18925484412756,152.40431024502485,265.9775998874394,139.95379364515767,156.26595583236295,101.10294716258429,230.04377839740897,2.413706529522245,89
3.22,1.8033,0.0298,-0.0082,122.70397778182408,149.3787555604815,255.79712426490383,137.44146558581951,154.92315224790465,99.3654708389382,228.87075820404343,2.4678631397247703,89
3.23,1.6431,0.0265,0.0683,119.73990335223549,145.77031712446058,247.76682910206333,133.59471757579269,148.0544852084945,97.17647629888008,225.42696848825275,2.4908680858942787,89
3.24,1.563,0.0236,0.1028,117.64133428920394,143.21553739555264,243.57906750365945,130.5307913162126,141.24411985604036,95.63814081374252,222.1475356355544,2.49053567779272,89
3.25,1.5345,0.0192,0.1378,115.28992058080492,140.3529467940234,242.3627736770954,126.34312785613449,129.48387168978547,93.84575484661784,216.4071275261872,2.4496908543466023,89
3.26,1.5634,0.0182,0.1789,115.23547353419696,140.28666343293546,244.59917382431587,125.77274792078045,126.48013459206672,93.76145464926432,215.10435711189345,2.4228797261907227,89
3.27,1.5923,0.018,0.2398,115.63688220803212,140.77533486195216,247.02306787343915,126.02286971784334,125.742648384297,94.00291065535168,214.99123115842832,2.404920116653632,89
3.28,1.6528,0.018,0.3199,116.5203881814092,141.85090735128077,251.400672207916,126.7974739771684,125.40368405444642,94.58931780859284,215.21676237815348,2.377081030092396,89
3.29,2.5369,0.0182,0.4013,124.1438811432743,151.13168139181218,295.4624764221171,133.97205813504064,122.53462766677914,100.78685419567192,216.377173216634,2.1216378887506475,89
3.3,5.5559,0.0184,0.2936,134.8405087574866,164.15366283520106,395.7581230097341,148.1409982142892,118.27589286364024,113.02882532516672,218.1128647373252,1.667582813060709,89
3.31,7.0925,0.0198,0.0417,139.45577727888187,169.77225060037793,433.10868893126974,152.50904508240322,118.59733794163296,117.88765304478343,220.76927310906,1.561977734370788,89
3.32,8.2507,0.0212,0.0214,142.20906261728695,173.1240762297407,458.89913965418856,156.2323933060071,120.10060150453074,121.27038641127405,223.15847473925183,1.4944183918041032,89
3.33,9.2275,0.0225,0.0117,144.46269962262858,175.8676343232,479.035172795068,159.03660858690375,121.42126813521809,123.9540076080397,225.24932376957472,1.4480477857459966,89
3.34,10.0614,0.0255,0.0071,147.36678685479913,179.403044866712,495.25858101253743,162.97310998324207,125.92121785504294,126.92436155708212,229.2648667647017,1.4250493076514117,89
3.35,10.737,0.0267,0.0025,148.832316031214,181.18716734234744,507.8405968534137,164.94826230326206,127.2583234412248,128.7146142002326,230.925072912752,1.4000969992926684,89
3.36,11.3122,0.0278,0.0025,150.06315819967537,182.685583895257,518.218471942748,166.64589172073178,128.51322389673342,130.22868011993933,232.40510547957552,1.3806651804155656,89
3.37,11.9068,0.0279,0.0022,150.64744613670834,183.39689094903625,528.6134985140477,167.50038790636248,128.08103812860222,131.3404720317421,232.7767231260069,1.3555914230479078,89
3.38,12.3469,0.0281,0.0021,151.1407184924248,183.99739642556065,536.1503530347478,168.23867253705274,128.01067347043795,132.2158837586557,233.23033219384897,1.338702131104969,89
3.39,12.6712,0.0292,0.0021,152.07527197052642,185.1351137032496,541.6449834988412,169.55072252175813,129.5021882267714,133.2434506321168,234.6177691787175,1.3321966020741127,89
3.4,13.0071,0.0309,0.0024,153.3436436193662,186.6792183192284,547.2459096302385,171.31847124963735,131.90072319156198,134.48613257610765,236.57206418962005,1.328702033175616,89
3.41,13.5399,0.0322,0.0027,154.4462393990358,188.0215088336088,555.8651232383312,172.94431876520025,133.42476078664006,135.84016596471554,238.0903705860948,1.3155704612246066,89
3.42,13.8024,0.0339,0.0025,155.61700744619284,189.44679167362608,560.1190026245512,174.55968394214509,135.8094694066208,136.9106143313077,239.8998548036682,1.3150014702990662,89
3.43,13.8912,0.0346,0.0026,156.1352541896608,190.07770075263053,561.6554271910512,175.2374746673725,136.8303017062027,137.38123956652365,240.7272944935707,1.3156203052791096,89
3.44,13.9839,0.035,0.0027,156.48524683814145,190.50377875947652,563.2468069106325,175.69328762238587,137.38565539203617,137.7555783096119,241.27678464368097,1.314539493918383,89
3.45,14.0109,0.0348,0.0023,156.4728745925754,190.4887168953092,563.8228101747552,175.64073283595732,137.10057729787806,137.83950901892405,241.27767364536157,1.3128127509652778,89
3.46,14.1267,0.0355,0.0023,156.9968905328488,191.1266493443377,565.7604364013566,176.33793464131222,138.08320649914376,138.3425561329749,242.0950978972105,1.3124288603547445,89
3.47,14.3738,0.0353,0.0021,157.07073261869388,191.2165440575404,569.6825618432861,176.49877522474796,137.56288488489045,138.73467707421486,242.125122835589,1.3027712028557064,89
3.48,14.5746,0.0362,0.0021,157.73024964799848,192.0194343540851,572.8727404670875,177.4149275498349,138.74433536202656,139.41438297630444,243.12075371831017,1.3004212974234823,89
3.49,14.7637,0.0376,0.0021,158.65006157321733,193.139205393482,575.8642577787882,178.66887068860814,140.668628025855,140.22582161469094,244.52375301613924,1.300944601742707,89
3.5,15.227,0.0387,0.002,159.4818846677696,194.15185959554563,582.8662510271425,179.94084405099687,141.82567105544285,141.30099352818962,245.67600552956148,1.2905311183864412,160
3.51,15.3699,0.0405,0.002,160.57222381681288,195.4792289943809,585.1149523518018,181.3965117199225,144.3389932174577,142.1387848580034,247.32782287905195,1.2944570038238237,160
3.52,15.5166,0.0406,0.0021,160.75547568317722,195.7023182229984,587.4076925903346,181.66554577724887,144.36699453941455,142.4751259457229,247.60267266015416,1.2902556823814455,160
3.53,15.5822,0.0407,0.002,160.91468132590165,195.89613378805416,588.5200804281105,181.8636412864268,144.48809779391257,142.7033178493943,247.8674403670728,1.2888023985134789,160
3.54,15.6362,0.0409,0.0019,161.1230361289666,196.1497831135245,589.4631088210793,182.12038975298725,144.7666463784206,142.94489817597187,248.20937542350228,1.2882050664399691,160
3.55,15.7405,0.041,0.0021,161.2913332334606,196.35466654508247,591.1276046106794,182.3514167546684,144.84401604273324,143.22308782300388,248.4776706867421,1.285477911522961,160
3.56,15.8293,0.041,0.0019,161.40178099305413,196.48912468719635,592.5637209717229,182.5000365568831,144.7957968195464,143.45129355373652,248.66492041340035,1.2828231672054204,160
3.57,15.8447,0.041,0.0019,161.49332978727475,196.60057539320408,592.9485090911636,182.5853786688854,144.829523757044,143.5833051607919,248.8432456638054,1.2825912836140383,160
3.58,15.8138,0.041,0.0019,161.57314544435417,196.69774228008333,592.6706263851432,182.63059619570197,144.91446888466749,143.65461526665715,249.01581539549912,1.2838834060592774,160
3.59,15.7945,0.0404,0.0019,161.33727690934347,196.41059797659204,592.5578303743973,182.27260698309448,144.12395458423742,143.56500157570966,248.7122474129815,1.282020291318061,160
3.6,15.6787,0.0406,0.0019,161.5008852247512,196.6097733170884,591.0572636971142,182.3805495063984,144.58934486812473,143.58273652954222,249.03361152904583,1.2870559682464235,160
3.61,15.3119,0.039,0.0019,160.62976541227877,195.5492796323394,585.897421525216,181.0111898158331,142.72167850261943,142.72740693969644,247.86584780562328,1.292143758646604,160
3.62,14.922,0.038,0.002,160.05295692407486,194.84707799452596,580.3121361703528,180.01574655181594,141.72869376502453,142.0011747609725,247.1560304174608,1.3010255505571413,160
3.63,14.2734,0.0352,0.0021,158.36038683234423,192.78655788285383,570.7004651722483,177.4376224163568,138.29637830895726,140.3094288339391,244.7993051916785,1.3104447916972517,160
3.64,13.7329,0.0338,0.0027,157.4282293560155,191.65175747688843,562.5016087851374,175.91762560583777,136.7823455146858,139.1687924337582,243.61106882569828,1.323440463114195,160
3.65,13.0727,0.0314,0.0019,155.8087229782665,189.68018449528097,552.1619424650502,173.45001051041552,133.78680001044896,137.4475498795143,241.3691758507501,1.33624901008358,160
3.66,12.4936,0.0322,0.0015,156.02042241875972,189.9379055532727,542.8332310525839,173.4857156138854,135.72977319835968,136.94324545313626,242.24633852640656,1.3642564350099653,160
3.67,12.0496,0.029,0.0013,153.94185148779334,187.40747137644408,535.5256020444899,170.5000523529359,131.0834598768986,135.15561139282622,239.07337187887944,1.365070001497935,160
3.68,11.1192,0.0276,0.0013,152.4780987194537,185.6255114845524,519.476689973375,168.2504206478676,129.79278525822625,133.15379859416592,237.56276883542077,1.3981687959409694,160
3.69,10.7216,0.0259,0.0016,151.16891060085325,184.03171725321263,512.4397773878043,166.34475943175954,127.35354619004023,131.85980091666192,235.7058255657097,1.4065044367241837,160
3.7,10.3625,0.0241,0.0019,149.77763674761152,182.3379925623097,505.95111581288495,164.33820781104055,124.622696757,130.53056297163232,233.61000825117893,1.412488938572812,160
3.71,9.8992,0.0217,0.0019,147.82235006602212,179.95764355863565,497.3208381805908,161.55467230961236,120.8228237360929,128.6460162318215,230.5252813142675,1.419617708249864,160
3.72,9.3163,0.0189,0.0021,145.33679057082202,176.93174504273986,486.0547728519067,158.050950553521,116.21050259287604,126.1671082121054,226.4746282144092,1.4300510544158147,160
3.73,8.7719,0.0173,0.0021,143.58199830312583,174.79547619510973,475.129346298701,155.58725002605436,113.60934919791536,124.25566374184992,223.9375778230797,1.4478839232362168,160
3.74,8.27,0.0157,0.0022,141.76882291968167,172.58813225004724,464.67909050226905,153.07096602341642,110.84916835802194,122.30848675239132,221.18352052938505,1.4642170878531853,160
3.75,7.8415,0.0157,0.0027,141.14841445125393,171.8328523754396,455.4532180092089,152.26283800403377,111.14410176447475,121.46514242072408,221.24587111053629,1.49061047793185,160
3.76,7.4631,0.0153,0.0044,140.5684819939837,171.12684764484973,447.0547250031791,150.77203332826952,110.34240722123664,120.43419281817803,220.572704750314,1.51544720712507,160
3.77,7.1311,0.0148,0.0034,139.58772423042527,169.93288167182206,439.46264699298064,149.60405355668442,109.59858943210251,119.4062283377477,219.69567043023497,1.5332514766141034,160
3.78,6.7566,0.0144,0.0038,138.52883452862125,168.6437985565824,430.61479106461104,148.41897751678863,109.09477564086278,118.30020365841952,218.973869805003,1.555875695896862,160
3.79,6.4246,0.0125,0.0048,136.36277981316283,166.00686238124172,422.5220618194762,145.49645385168236,105.14858298454546,116.15900730907973,215.04623248691323,1.56237394278747,160
3.8,6.1505,0.0125,0.0036,135.72207231935272,165.2268706496468,415.6465295874812,144.89390130653513,105.37896268272658,115.5165726066474,215.1202253554446,1.5834113520101956,160
3.81,5.7876,0.0125,0.0038,134.78639696568453,164.08778761039855,406.2094753448974,144.05764995273762,105.72248888007032,114.59305098824647,215.16645512517223,1.6128020742945763,160
3.82,5.4749,0.0125,0.0035,133.72110746062873,162.79091343033062,397.784155042984,143.5462167644409,106.2646180590397,113.76302733484307,215.220715926066,1.637178402389475,160
3.83,5.1892,0.0128,0.0031,133.4838302566362,162.50205422547018,389.8227822270024,142.79872280535665,107.02153829149412,113.19310379943242,215.94247978605847,1.671777463799595,160
3.84,4.556,0.0135,0.0031,131.64227082157242,160.2601557827838,371.015940330332,142.2740466735705,110.09849811557103,111.66463770201489,217.37643629053937,1.7413426799033291,160
3.85,4.2587,0.0151,0.0031,131.69727299547856,160.32711495101736,361.6685458829591,143.5605963805236,115.10720371480048,111.6983833094414,220.59972833401824,1.793168187513693,160
3.86,4.031,0.0156,0.0031,131.4414379945791,160.0156636455746,354.2480135157709,143.12953211437969,116.68461016919726,111.19823099744112,221.59124419681157,1.831792840860396,160
3.87,3.7916,0.0156,0.0031,130.6582296802998,159.062192654278,346.1487024336601,142.0296942048916,117.03266858371424,110.3014584897372,221.6359032259457,1.86806718081959,160
3.88,3.5715,0.0164,0.0044,130.4855190061635,158.85193618141645,338.42736443585574,141.86731752357235,119.5057681172206,109.88934287287184,223.12846465681028,1.913569301948948,160
3.89,3.421,0.0175,0.0044,130.71673139515494,159.13341213323213,332.993206811332,142.3326999953349,122.70600266561678,109.87882659368276,225.09439640397613,1.9526819067466208,160
3.9,3.2202,0.0193,0.0045,131.08616087756155,159.58315237268363,325.4723038564412,143.17622541082568,127.8610730510772,109.89303560587663,228.02364528677563,2.0100083462414395,160
3.91,3.0619,0.0206,0.0046,131.1640249528121,159.67794342081473,319.3484134127236,143.63421180350483,131.6628004526469,109.76822594100427,230.02738753839375,2.0549787647106106,160
3.92,2.95,0.0217,0.0048,131.26635322529765,159.8025169699276,314.92124788472154,144.0997446882502,134.84921466190588,109.73164197894558,231.6741502085611,2.08942329863074,160
3.93,2.8728,0.0231,0.0048,131.67672802890058,160.30210368735723,311.8268682740568,145.0077737932173,138.68179641903666,109.9599978829372,233.6695315691154,2.120063406439064,160
3.94,2.5678,0.0248,0.0049,130.64999369556827,159.05216623808312,298.82022866505696,144.6180899170525,144.15786952951734,108.91359018619563,235.7923826051927,2.2058421729941915,160
3.95,2.3824,0.0257,0.0049,129.75989309092034,157.96856550199,290.46304844298515,144.15260689046735,147.31181906617948,108.1400033787894,236.90816849335167,2.260790991624652,160
3.96,2.2242,0.0269,0.0052,129.0682906669936,157.1266147250357,283.014872648507,144.03827071962542,151.18058297936722,107.557216970287,238.3491021166012,2.3146252530617617,160
3.97,2.0388,0.0272,0.0052,127.54645427101283,155.2739443299287,273.83256525865056,142.84393857635925,153.0834743694362,106.38998530713394,238.69157126735996,2.371632129100765,160
3.98,1.8999,0.0273,0.0051,126.22952464489867,153.6707256546593,266.61925606988706,141.7768104540437,154.3078319317722,105.42025046446447,238.83277473393272,2.4167065413166,160
3.99,1.784,0.0269,0.005,124.83298915922605,151.97059549818823,260.3519423410197,140.43484687867783,154.17462662623785,104.41396445866933,238.41524183514863,2.4525241350739564,160
4.0,1.6605,0.0265,0.005,123.25175744039248,150.0456177535213,253.38064124645445,138.9494455005655,154.1422024572992,103.28429913846384,237.9757282622932,2.4939151671840576,161
4.01,1.4829,0.0246,0.005,120.18077402892912,146.30702925260937,242.7312126618822,135.50280151124528,150.60231424437114,101.06009009451088,235.63677673404035,2.5467333231771074,161
4.02,1.3401,0.022,0.0052,117.02018436896148,142.4593548839531,233.58793704835796,131.56463299756152,144.6359251491718,98.74645334344623,232.2120276421865,2.583290522439701,161
4.03,1.1856,0.0195,0.0057,113.4442726488807,138.1060710508113,222.9792319710129,127.24323100501928,138.6872571026641,96.11974235640136,228.5354487242424,2.6318185182611926,161
4.04,1.0235,0.0179,0.0057,109.80684896524087,133.67790308811936,210.86481398817784,123.33776256360038,135.32175198184453,93.50423772076569,225.9018486124204,2.705316557784096,161
4.05,0.8961,0.0162,0.0063,106.407334773838,129.53936407249842,200.49476339390853,119.49606311620651,131.12524417630394,91.03730619300354,222.91036659569792,2.767250568443313,161
4.06,0.6915,0.0146,0.0078,100.68957895646196,122.57861786004064,181.69510033131127,113.7909160222524,128.14709906877246,87.00804728641167,219.63278841250863,2.9120770224695165,161
4.07,0.6374,0.0133,0.0107,98.54123025081176,119.96323682707518,176.24098292034077,111.06546291263868,124.06747301410869,85.38863900980132,216.9903915614883,2.943842670085889,161
4.08,0.5679,0.0124,0.0185,96.02405475237772,116.8988492637642,168.8706728035332,108.30129703914206,121.6272903010448,83.55077781494602,214.97264874616485,3.0033237811864484,161
4.09,0.5293,0.0103,0.0276,93.63916496857615,113.9955051791362,164.66209672487915,104.49243718227586,113.35648562201132,81.49959770919283,209.86981783797995,3.0062679999366613,161
4.1,0.4907,0.0086,0.0487,91.38444628252503,111.250630256987,160.54615186054784,100.94687593737724,106.07665793658887,79.47172118233388,205.01748831976568,3.0120396339761304,161
4.11,0.4559,0.0075,0.0588,89.45528667174116,108.90208812211968,156.4654007782005,98.1315054432124,101.11666121737548,77.79884609610895,201.4166347619425,3.029374414006365,161
4.12,0.4559,0.0066,0.0676,88.82090350954121,108.12979557683278,156.71682424077403,96.54748469847247,96.37528787932898,77.02977281528035,198.2189164049657,3.000186475620895,161
4.13,0.4405,0.0067,0.0756,88.44057310918669,107.66678465466204,154.96483767953563,96.33533228801144,97.128304030433,76.79701810012368,198.6781203525989,3.0242352776276085,161
4.14,0.4458,0.0058,0.0803,87.90150502727013,107.01052785928538,155.8047346204722,94.75880554335876,92.07520492544089,76.06495462667036,195.1237425618592,2.985503785779501,161
4.15,0.4511,0.0054,0.0864,87.77536876496848,106.8569706703964,156.67235397403317,94.12669347158536,89.71813093198492,75.79475667300366,193.45445329638025,2.961928220873088,161
4.16,0.464,0.0043,0.094,87.10664988584348,106.0428781218964,158.5292360541891,92.00888755662682,82.90453582607105,74.72780743343885,187.96349007730785,2.898052313452599,161
4.17,0.4907,0.0037,0.1001,87.2851616416883,106.26019678118575,162.00827427771745,91.26708093147715,78.87279817309472,74.44814854659941,184.5153240510753,2.8337860445655774,161
4.18,0.6644,0.0036,0.1087,91.97094388387772,111.96462733689464,181.42053282389543,95.3677495951308,77.82810714728693,77.64398244555352,184.38375662110468,2.6394790624216604,161
4.19,1.0428,0.0036,0.1197,99.33793772046214,120.93314157273652,214.8199717220256,102.31209527003476,77.90029919511234,82.90626995557732,185.11171988284624,2.371259622706151,161
4.2,1.6489,0.0036,0.133,106.88319091982996,130.11866720674954,255.35035279491527,110.18841363034215,78.94870902401978,88.6196876740692,185.85249209922569,2.1120837527838185,161
4.21,2.5176,0.0036,0.1298,113.82602524392234,138.5708133404272,299.5997431313148,118.33058789844236,81.0088949803403,94.25045214728928,186.5476371527948,1.8878362046443056,161
4.22,4.1429,0.0037,0.0246,123.90656437788596,150.84277402525248,361.2822689239045,127.67440235044091,84.43280387348986,101.5563931892604,188.01741723970352,1.675576331772319,161
4.23,4.5522,0.0039,0.0017,125.61459840488412,152.92211979725025,374.4582207784691,130.30875798233316,86.00663008851951,103.46243126473544,189.5540662247258,1.6331310769726266,161
4.24,5.0849,0.0041,0.0012,128.29143885496728,156.18088208430802,390.7148283260863,132.76704798041223,87.39370940157986,105.6309678903145,191.0608512582315,1.592618593294323,161
4.25,5.4015,0.0048,0.001,130.0044899330885,158.26633557071645,399.926502612103,134.76370862071286,89.13208409763732,108.027677451505,195.2199161884128,1.5737277239754992,161
4.26,5.7104,0.0059,0.0012,131.91832788769298,160.59622525458278,408.6092003691668,137.11440015182566,91.60816824344155,110.84966601282883,200.72916491324392,1.5605888041718965,161
4.27,5.9729,0.0068,0.0015,133.50152727510803,162.52359842187064,415.7826767816799,139.0669327858609,93.69191964782708,112.96546311926096,204.6576284416246,1.5501573014653127,161
4.28,6.2161,0.0091,0.0019,136.1220903957628,165.71384917745038,422.26957675452365,142.59523632087962,98.76309550346558,116.47325625884432,212.74650935532532,1.5559141483169832,161
4.29,6.4169,0.0113,0.0031,138.50474070330858,168.6144669431583,427.5334555531474,145.84535554788286,103.68786727471016,119.20687417552192,219.0008775018712,1.563595991645777,161
4.3,6.5868,0.0121,0.0038,139.62936026076991,169.98356901311124,431.92522030940296,147.26450206954735,105.43471870594652,120.41549188527918,221.1299480753537,1.5592624146594631,161
4.31,6.7682,0.0136,0.0036,141.2949001360801,172.01118277435836,436.5300280954237,149.48737828928344,108.6777501416134,122.14462821695146,224.69223512553648,1.5607024544056538,161
4.32,6.9033,0.0146,0.0038,142.42896822078472,173.39178739921618,439.9398180788144,150.97488066405998,110.7946824861376,123.29565248178714,226.94051419235944,1.5605287935669878,161
4.33,7.1041,0.0159,0.0041,143.90185929136507,175.18487218079227,444.8876071169655,152.90060373993566,113.45687746598384,124.76556137913003,229.6539853474119,1.5582611293758106,161
4.34,7.2199,0.017,0.0046,145.010092587668,176.53402575890016,447.7481797281402,154.380931789026,115.7167258605707,125.83333834702708,231.82280026033408,1.5599612790565247,161
4.35,7.2624,0.017,0.0043,145.16341449538498,176.72067851612084,448.8539735811592,154.5090055006714,115.70021236705448,126.020338182783,231.9678997711188,1.557323210085855,161
4.36,7.3589,0.0175,0.0043,145.78368672636182,177.47579253644048,451.22531900287606,155.28059829005088,116.68042402166402,126.64506839203966,233.00175864372568,1.555216834582334,161
4.37,7.4014,0.0178,0.0043,146.1470142190311,177.91810426664657,452.3214954014893,155.72559140561202,117.29216445836518,127.00994290349595,233.66253387486864,1.5550985287090675,161
4.38,7.44,0.0178,0.0043,146.28949591996545,178.09156025039275,453.3236401544736,155.84415408894623,117.27845385558376,127.18590618791728,233.80669632716956,1.5527754280965096,161
4.39,7.44,0.0178,0.0046,146.35411019814777,178.1702211107886,453.4273253349712,155.88640712156703,117.307629365629,127.26656504229564,233.94163404163717,1.5530406859629984,161
4.4,7.467,0.0178,0.0048,146.47272686232478,178.31462400630843,454.158303064183,155.9820377850058,117.30714621935088,127.41353734101902,234.0826171296389,1.5515008315378531,161
4.41,7.3782,0.0152,0.0048,144.47193841502784,175.87888154872954,452.1893604931505,153.04789447511243,111.96756268056498,125.61735066049526,229.4379312314428,1.5357424696629902,161
4.42,7.2431,0.0152,0.0048,144.25431260377832,175.61394577851274,449.1094531779996,152.79946310841865,112.09853779636052,125.36241705795705,229.53805491526543,1.54504985152729,161
4.43,7.2214,0.0143,0.0048,143.5949827994392,174.81128340801294,448.6954308907267,151.79609469900802,110.22894335746216,124.7534118427394,227.84913353512465,1.5388342753509856,161
4.44,7.2139,0.0135,0.0048,143.03107847297056,174.1247911844859,448.6175131509361,150.9258062247765,108.56224881429654,124.21798739707982,226.27756449230736,1.5324291301586186,161
4.45,7.2285,0.0128,0.005,142.58424722096075,173.58082270377832,449.0649943328597,150.21346559435787,107.1031090646626,123.7836464877226,224.84803204613257,1.525373954965236,161
4.46,7.2431,0.0128,0.0055,142.67685432910076,173.69356179194875,449.5133442788143,150.2870640691583,107.1247085669145,123.89690752933824,224.97911904957851,1.5246530107602188,161
4.47,7.3936,0.0126,0.0054,142.90115230998532,173.9666202034604,453.1581453045371,150.4528447185583,106.68575272002802,124.17933410035003,224.6804389475715,1.513280689095589,161
4.48,7.6253,0.0125,0.0052,143.35827381522213,174.52311594896608,458.6311187336561,150.91717050351994,106.45249484401424,124.72733429099206,224.6260374600189,1.497979886981796,161
4.49,7.8994,0.0124,0.0052,143.8782046806237,175.156075263368,464.9619743644957,151.4746114329988,106.2371739470073,125.35736562424664,224.57690645474295,1.4806635331205789,161
4.5,7.9689,0.0124,0.0052,143.7515444164403,175.00188015914475,466.6229968583104,151.98137767613812,106.4919054225505,125.59324106147024,224.71791073482692,1.4731878856530394,183
4.51,7.9496,0.0125,0.0051,143.85801407425328,175.13149539474315,466.2930544281036,152.07991498052576,106.71486354187115,125.71067333962516,225.0750095499984,1.475489548542804,183
4.52,7.8569,0.0125,0.0052,144.05500675986872,175.3713125772315,464.3109074591948,151.6074002631473,106.52342225112578,125.5758178914932,225.1816205034349,1.484781591746755,183
4.53,7.7952,0.0125,0.0052,143.99645260176095,175.3000292543177,463.0161230229623,151.50736711617736,106.55985126366004,125.51041917438822,225.2944140453447,1.4887482311011504,183
4.54,7.6986,0.0125,0.0052,143.86775144414293,175.14334958417402,460.916719034329,151.3262662208592,106.60282339247782,125.36207556837176,225.39933731379628,1.4948942659460904,183
4.55,7.6214,0.0125,0.0052,143.77451778185414,175.02984773443114,459.2458731324408,151.18811086829845,106.64397377355915,125.25686195461032,225.50802303533115,1.4999174201393348,183
4.56,7.5403,0.0124,0.0052,143.5937971438875,174.80984000125437,457.4725742078528,150.92965833187466,106.48293784450962,125.05700144182552,225.37999011213483,1.5043566458534483,183
4.57,7.3898,0.0123,0.0057,143.2654915371492,174.41016361044248,454.0639816784221,150.5044391020822,106.33421805966776,124.68659278561476,225.23407816219412,1.5132854360435757,183
4.58,7.1774,0.0122,0.0055,142.79238219066795,173.83420440603055,449.1305932510624,149.92254601594485,106.1999249079878,124.15538514512818,225.07105996852624,1.526519704063627,183
4.59,7.0385,0.0121,0.0056,142.46546479313966,173.4362180090396,445.8874913874361,149.5089017188,106.04910142661184,123.79698615208063,224.92193746500652,1.535171653720805,183
4.6,6.9574,0.0122,0.0057,142.4203874661435,173.38134126313122,444.01428599178985,149.46156162210525,106.31170116337005,123.74986398124034,225.2674134300583,1.541902163323207,183
4.61,6.8609,0.0121,0.0057,142.17813002895073,173.08641916567916,441.7468949850221,149.14474567038027,106.150939584517,123.49140816108908,225.12690859665773,1.5479063803158604,183
4.62,6.8107,0.0121,0.0058,142.11998581665307,173.0156349072298,440.6045705217623,149.05635861575496,106.192085870079,123.43521847388692,225.23811925986337,1.5516814239744214,183
4.63,6.6717,0.012,0.0059,141.76769129604037,172.58675462126655,437.2422191752659,148.62583466536964,106.0445226036354,123.05844964353984,225.08401753517876,1.560883405723607,183
4.64,6.6138,0.012,0.0061,141.68576663667088,172.48702025333847,435.8830752294844,148.514526928346,106.0897277426281,122.97782770546418,225.192386957042,1.565330239116735,183
4.65,6.4786,0.0121,0.006,141.48936050452454,172.24791713594294,432.54987440384167,148.32147748408448,106.39081318183828,122.77055458161864,225.5238159027344,1.5765332335583564,183
4.66,6.2007,0.0121,0.006,140.82807976890314,171.4428797186647,425.4577226637216,147.6312071440558,106.54698591071924,122.070790583674,225.573226632038,1.5980510226823614,183
4.67,6.2007,0.0121,0.006,140.88662569869365,171.5141530244966,425.5480223429293,147.6658702126243,106.57071610814393,122.14355758558116,225.69559646393935,1.5983135846571876,183
4.68,6.0964,0.0122,0.0063,140.74499262925377,171.34173015735243,422.8908825556926,147.54496231525312,106.88377321772606,122.00134358926732,226.03114122994384,1.6078489093807748,183
4.69,5.9304,0.0124,0.0063,140.5047074087393,171.04920901933482,418.543911813813,147.37901584779036,107.48249113837986,121.75364374513856,226.58550563509556,1.6236682134153675,183
4.7,5.6023,0.0129,0.0057,140.10838356853887,170.56672782256905,409.62745569521593,147.02021865293105,108.87530340502296,121.2284994347992,227.77973684856445,1.6585690247343774,183
4.71,5.3899,0.0129,0.0055,139.39930103981695,169.703496918038,403.70898414633166,146.58079400518238,109.20949896948206,120.62691001481303,227.83707920813404,1.676725217109651,183
4.72,5.3899,0.0129,0.0054,139.45732016585956,169.77412889756815,403.7932154802334,146.61265862348407,109.23143998041218,120.6980535599649,227.9593661022198,1.6770093342522807,183
4.73,4.8726,0.0131,0.0055,137.90640557707488,167.88605896339553,388.61073361765335,145.40105660322303,110.39370643182518,119.17915098254886,228.36751288284896,1.7300533133687008,183
4.74,4.6757,0.0134,0.0056,137.46448241040872,167.3480655431063,382.61727288652,145.22709990840707,111.4973502839266,118.76591423073856,229.0931821796969,1.7545378196680603,183
4.75,4.3977,0.014,0.0063,136.8778773178902,166.63393760438808,373.8465254345047,145.17965782982156,113.61650868177011,118.22021906807583,230.4197773925829,1.792765127963001,183
4.76,4.0541,0.0166,0.0057,137.56568329379382,167.47126661853162,362.48199166963866,147.09190706226826,121.15359479786022,118.5764185723518,235.56284175764895,1.8667642345449589,183
4.77,3.753,0.016,0.0061,135.75127348705558,165.26241989728507,352.03067539013176,145.3378005866822,120.40411676580008,116.9764410994998,234.4287675832768,1.9017408271875296,183
4.78,3.4712,0.0177,0.0065,135.4798766165931,164.93202370715682,341.76607422513325,146.427683882556,126.06921987204414,116.71041870598172,237.5150245961596,1.9622211627202808,183
4.79,3.2279,0.0192,0.0065,135.05984194040298,164.4206771448384,332.4815092186396,147.3127204448689,131.2630948847973,116.3454993896308,240.03789443554444,2.0174822407671016,183
4.8,2.9693,0.0221,0.0065,135.13913501665957,164.51720784636817,322.1136137781923,149.52215631629122,140.54963577104817,116.37230405187782,244.44571246844689,2.0925079297812403,183
4.81,2.7878,0.0221,0.0066,134.07724333251568,163.22447014393217,314.5142008919737,148.4108737354802,141.23165226848215,115.38686802271349,244.4603286308564,2.1313033255152023,183
4.82,2.5253,0.0257,0.0067,134.31184877195548,163.51007676585886,302.92294899683185,150.02126979225932,151.70050883719802,115.25570134739226,249.25224470943343,2.228161136458512,183
4.83,2.2743,0.0269,0.0068,132.934089100983,161.83280412293584,291.11472846725013,149.22751171218408,156.11701187575045,114.02777255449232,250.6725905666772,2.3045904885113533,183
4.84,2.0852,0.0274,0.0071,131.48575291779795,160.069612247754,281.68567632542465,148.1470472394874,158.5888124891406,112.84839883262973,251.2435366590607,2.363570107915225,183
4.85,1.9848,0.0277,0.007,130.6632011975184,159.06824493610932,276.4844526057686,147.57281537483536,160.08590364605058,112.21503760951542,251.63896440047736,2.397374775902754,183
4.86,1.8419,0.0278,0.007,129.21791743802302,157.30876905498457,268.7643883200356,146.3793708964631,161.42840544024386,111.11091776084548,251.7488664642892,2.445472181301463,183
4.87,1.5061,0.0274,0.0071,124.90250723429725,152.05522619827488,248.94155806683327,142.55310723655185,163.24848350615713,107.86861917477766,251.03153051523785,2.569763823454383,183
4.88,1.3014,0.0271,0.0074,121.7419380297346,148.20757673185082,235.49461419894396,139.82407545666433,164.60029739813533,105.58692453228043,250.53166122168048,2.6607891019613774,183
4.89,1.2088,0.0255,0.0095,119.59337092984026,145.59192982763165,229.0297348689768,137.2572641380903,161.21745826268534,104.0034059050276,248.55044393289677,2.6928787244466466,183
4.9,1.1007,0.0246,0.0114,117.31396889835932,142.81700561539398,221.06320084876717,134.93920538278468,159.99406582146926,102.3623572135376,247.34849824781512,2.7445092802941917,183
4.91,1.0814,0.0225,0.0145,116.120784286603,141.3644330445602,219.66725652874945,132.79711770248412,154.00141708473873,101.40600263431904,244.5899449932422,2.733347092079264,183
4.92,1.0428,0.0212,0.0206,114.8652445586895,139.83594989753504,216.7814945367521,131.02158473539498,150.50206850065294,100.43635551048136,242.76455406025647,2.741628004465008,183
4.93,0.9849,0.0211,0.0253,113.71252456500515,138.43263860087586,212.23584489627245,130.03965530455878,150.97142294928366,99.63069919529798,242.6374577583069,2.7772793359077546,183
4.94,0.9347,0.0199,0.0331,112.18736799020118,136.57592624894056,208.2243989098801,128.06799545844854,147.81967963680052,98.45902325084802,240.8277610032656,2.796175827274047,183
4.95,0.8845,0.018,0.0404,110.2670083935108,134.23809717470883,204.071037231276,125.27290667817964,142.1856506986072,96.92374242674542,237.73102364790768,2.807002739689023,183
4.96,0.8304,0.0158,0.0491,108.00313104096946,131.482072571615,199.44226343760388,121.88613897565249,135.1898484973635,95.0665304816495,233.7463118886678,2.8160537306011526,183
4.97,0.7416,0.0138,0.0522,104.8160611798371,127.60216143632344,191.20158171193452,117.7358078183898,128.9084092253406,92.53782828640222,229.5944887509845,2.858474246609916,183
4.98,0.6413,0.0112,0.0544,100.63627527380136,122.51372642027992,181.10022657149568,112.04134090317407,119.69036338965026,89.11472981910818,223.32090299717356,2.9071110187993443,183
4.99,0.6258,0.0093,0.0617,98.97494572693216,120.49123827626524,179.62745794560004,108.84822421480946,111.40630896225998,87.49043581694923,218.0597952175796,2.8809445061551364,183
5.0,0.6236,0.0085,0.0681,98.37041210506992,119.75528430182428,179.55708216724733,107.5261208973124,107.66396352515754,86.84398314568814,215.62838593318705,2.862791397932798,201
5.01,0.6404,0.0081,0.0697,98.54521261913168,119.96808492763856,181.4209354503932,107.27038786030954,105.5769691818703,86.87722850506341,214.43194867197676,2.8348468131871347,201
5.02,0.6571,0.0076,0.0765,98.62803053662572,120.06890674024002,183.3487479021712,106.819812482696,102.97209353305291,86.7880470608783,212.8109819796861,2.8035241289680872,201
5.03,0.6915,0.0078,0.082,99.73347955691294,121.4146707649375,187.0232372885505,108.00968303755708,103.68533893698589,87.66528508105687,213.7190407016931,2.774730268715096,201
5.04,0.6799,0.0075,0.0841,99.2193403541514,120.78876217027128,185.92246150022743,107.24090412715373,102.3294740332649,87.21590325359864,212.7123661946332,2.7774473846870205,201
5.05,0.6374,0.0074,0.0849,98.06352598967244,119.38168381351429,181.55193601866088,106.10868449753464,102.2213436842266,86.36035032050135,212.34656832851783,2.8168186753367803,201
5.06,0.5139,0.0075,0.0866,94.57852780740212,115.1390773307504,167.6634535963941,103.10445029160554,104.087931634092,83.86259029680717,212.48501221119344,2.962745589585902,201
5.07,0.5139,0.0075,0.0902,94.62941714273347,115.20102956506685,167.7788136690965,103.14894185957148,104.11045544883515,83.90863216632762,212.5911763853423,2.962043960386417,201
5.08,0.4714,0.0085,0.0973,94.05595997109296,114.50290779089578,162.71983653545,103.70035717649372,109.89570095006802,83.78336618219393,216.0482823259413,3.046158020306485,201
5.09,0.4289,0.0086,0.106,92.68121812990836,112.82930902771452,157.4277519853677,102.5504272511334,111.16443639960076,82.77668092301657,216.3334058921289,3.1117243739349707,201
5.1,0.3826,0.0089,0.1153,91.172084722061,110.99210313990037,151.2998674637058,101.4513598131872,113.67782540547316,81.70280701284446,217.2241085212192,3.1967820257459025,201
5.11,0.3826,0.0089,0.1235,91.26511592312592,111.10535851510984,151.55159957069543,101.53432969980106,113.67776319704538,81.74731156364867,217.3317898877253,3.194183984008504,201
5.12,0.371,0.0088,0.1247,90.76037319584078,110.49088910798008,149.94506556953212,100.95135241109648,113.46350142110084,81.353600216172,217.070681556144,3.2132646665243607,201
5.13,0.344,0.0086,0.1247,89.50629955370214,108.9641907610287,145.9689149520178,99.5363602352228,113.12425971061064,80.36338800508453,216.40873176783157,3.2623775836300397,201
5.14,0.344,0.0083,0.1274,89.35772232266544,108.78331413194051,146.0748368922423,99.07596044079364,111.53986001674448,80.17029238391494,215.5182783161743,3.253612661841779,201
5.15,0.3324,0.0076,0.13,88.41108809080905,107.6308898496806,144.40359014819427,97.39419586870982,107.99737289232536,79.23680344831033,213.114521288098,3.2579189345536936,201
5.16,0.3312,0.0078,0.1365,88.58483962746031,107.8424134595169,144.43673244850007,97.77253342274798,109.14926121312428,79.40928750057147,213.9346331398625,3.263940511374215,201
5.17,0.3321,0.0066,0.1437,87.80521755732144,106.8933083306522,144.81419174837242,95.648800719258,102.2207207425506,78.38862718204231,209.44546636814053,3.222757582078555,201
5.18,0.333,0.0062,0.1513,87.60179998818532,106.64566955083431,145.2020289402897,94.96087723684742,99.78843615744364,78.05522430285272,207.85582107787303,3.204691743339259,201
5.19,0.3401,0.006,0.1578,87.80908111111107,106.89801178743956,146.49902772059636,94.91508903152436,98.42825235214865,78.12180287554693,207.10503083704305,3.180628976851877,201
5.2,0.3478,0.006,0.1606,88.17928480586644,107.3486945462722,147.76354617270448,95.27373270147108,98.3054784777874,78.41601450566554,207.24024773614124,3.164205072026086,201
5.21,0.3826,0.0061,0.1572,89.65849355193328,109.1494704110492,152.75286571581017,96.83701216391071,98.36574018183327,79.65194064638028,207.93370439143675,3.1032374588065794,201
5.22,0.4096,0.0062,0.1549,90.77816611353396,110.51255005125871,156.46813046387953,98.02714484678776,98.58785838583658,80.58951935154255,208.58005417320544,3.0610632838531115,201
5.23,0.3865,0.0068,0.1502,90.41887013654429,110.07514625318434,153.17383385551375,98.3887448457894,102.48752293293698,80.57662263777239,211.11143005117447,3.1220649413181567,201
5.24,0.5486,0.0081,0.1493,97.02804448099342,118.12109762903546,173.74680286364233,105.92689610641952,107.13997194177652,86.02981976235375,216.63275179721248,2.92388989876324,201
5.25,0.5679,0.0081,0.149,97.62710152061454,118.85038445987858,175.9712176302062,106.46371016265418,106.9412920725847,86.50506066128493,216.792734552278,2.9014049803137607,201
5.26,0.6413,0.0085,0.1526,100.03611338252566,121.78309455263994,184.0578301191956,109.01989115227116,108.12785732621288,88.43220403557852,218.45694812238128,2.831868511859045,201
5.27,0.9617,0.0087,0.1562,107.25280681601076,130.56863438470873,213.7794754288051,115.63178921061228,106.65355511676955,93.97643731461618,219.88208024559412,2.579370478450446,201
5.28,1.6335,0.0087,0.1635,116.50312363700142,141.82988964504523,260.6279574495014,124.40143844916324,104.31518878248744,101.47973102246704,220.8516876430126,2.2559019761637327,201
5.29,2.506,0.0092,0.1574,125.28223561830372,152.51750423097843,306.1570944511835,131.18700040528574,103.40694276396536,108.48911416266644,223.27439327113325,2.035249371273362,201
5.3,3.3939,0.0116,0.1024,133.24745702244982,162.2142955055911,343.0220429970762,139.2269307394457,109.3280619592276,115.59450508293764,230.73222916435137,1.914105509678741,201
5.31,4.1391,0.0176,0.0567,141.62182712499686,172.40918084782226,369.67238191347707,149.84784583825163,124.36634179819424,123.19869389679778,244.05652308025049,1.8798749177243768,201
5.32,4.1391,0.0176,0.0457,141.6668681203503,172.4640133639047,369.6701011415033,149.86615085659415,124.38900355330698,123.2631495987184,244.17272442900463,1.880459724805964,201
5.33,5.3436,0.0205,0.043,148.2343922407889,180.45926011922128,407.54481141030703,156.9829465034777,128.77335153668147,129.57811119104915,249.65238100233327,1.769274305382319,201
5.34,5.8185,0.0222,0.0419,150.9116237733797,183.7184985067231,421.0702780374141,159.99119026644564,131.59681255894412,132.1156844069406,252.5301180783892,1.7386941160741598,201
5.35,5.8185,0.0241,0.0409,152.16291371597666,185.24180800205852,421.1430295686144,161.93258089325244,135.83939190633274,133.08845348841567,255.361299345786,1.754086462424952,201
5.36,6.0656,0.0258,0.0392,153.98188557569918,187.45620852693816,427.9490150115782,164.18942241843885,138.93994476556023,134.71746207015212,257.83523997614515,1.745004386383718,201
5.37,5.8918,0.0273,0.0354,154.3959335529117,187.96026693397948,423.28689497036686,165.23644811161478,142.6445554360373,134.85525841443425,259.80304027305675,1.7719433416757258,201
5.38,5.5637,0.03,0.0353,154.88558714114433,188.55636695443656,414.2090696073581,166.97091422581968,149.45430117442208,134.86794284559093,263.0202133308274,1.8222734204031967,201
5.39,5.1853,0.0323,0.0354,154.76622591629874,188.41105763723328,403.3010196768761,168.11388532279446,155.78111260188268,134.3973634343384,265.54453485410363,1.8765858150954895,201
5.4,4.7799,0.0342,0.0356,154.3275116873187,187.8769707497793,391.0415618603676,168.33261953347642,161.12764564253715,133.5315111348964,267.4893341227512,1.9373041244572624,201
5.41,4.7799,0.0372,0.0364,155.754029806789,189.61360150391704,391.1179373753748,170.81329203624165,167.50017533805268,134.5358526402958,270.5558600388477,1.9564290040612475,201
5.42,4.3012,0.0374,0.0362,153.6733163785382,187.0805590695248,375.75572029306375,169.61318799114278,170.39291326115054,132.6340024562556,270.65960676420457,2.017303782649284,201
5.43,3.7414,0.0374,0.0363,150.67817460340595,183.43429951718983,356.36342284625863,167.8365598181024,173.77030980213914,130.06409848323648,270.5066046427066,2.096385173834422,201
5.44,3.1816,0.0373,0.0364,147.01891542052417,178.97954920759466,335.0722707332415,165.72433126645322,177.62798846681724,127.10045737950036,270.21409708490864,2.188161209331403,201
5.45,2.6759,0.0371,0.0423,142.9394020114143,174.01318505737393,313.78893940994766,163.50400343367892,181.79460280165983,123.97946210451846,269.80497647349733,2.2854638362977213,201
5.46,2.2782,0.0363,0.0478,139.29707486192277,169.57904765799293,295.2470411780563,159.93378065319092,182.66900913896097,120.98258329720244,268.84597256931164,2.3804297927724614,201
5.47,1.9076,0.0363,0.0594,135.54039375729755,165.0056967480144,276.13972130088666,156.66803533951642,185.68311719436215,117.9887833219792,268.61732279786645,2.4920815504195466,201
5.48,1.6373,0.0322,0.0727,130.78473846702198,159.2162033511572,260.779449366344,150.87200171319807,178.031230981284,114.33661362734304,264.2877594607808,2.5569154406472663,201
5.49,1.4018,0.0273,0.091,125.64032987887528,152.95344506993513,246.1664209165069,144.21242066142602,167.32907437852248,110.34260342279534,258.49859055811464,2.612062775788816,201
5.5,1.2011,0.0236,0.1087,120.95502809894542,147.2495994248031,232.52353818308123,138.3324491024223,158.83067065026688,106.67183032432804,253.47723558283735,2.672651355242324,218
5.51,1.0466,0.0203,0.138,116.807518457504,142.20045725261355,221.29857713279355,132.93243556369012,150.32506689004057,103.33050783694549,248.42309733263352,2.7206451273700027,218
5.52,0.8304,0.017,0.1595,110.8049655109992,134.8930014916512,203.47435172702532,125.73312952497588,141.86419513784315,98.53295878059431,242.45515823833503,2.824096971804864,218
5.53,0.7802,0.0144,0.1595,108.2723897039162,131.80986572650667,198.89222997039343,121.69236488641538,132.93470706737517,96.36451780107627,237.27864936335357,2.8253092670437114,218
5.54,0.7571,0.0111,0.1916,105.8373816368621,128.84550807965823,197.3233968100381,116.903457379748,119.8161804574209,93.9449440902151,229.43805223277172,2.7804492506646814,218
5.55,0.7339,0.0092,0.2297,104.08472672752742,126.71184123351163,195.83264264834588,113.63208597635922,111.59616819523426,92.12497304921932,223.95667479277955,2.7534598164173567,218
5.56,0.7339,0.0074,0.2504,102.64957438509354,124.96469925141824,196.2454214031404,110.54990832189644,102.9849796559529,90.52041985259038,217.8058369685684,2.705276818171737,218
5.57,0.7223,0.007,0.2514,102.0360161305548,124.21775876763196,195.18061993443152,109.5675479881654,101.07220445855523,89.94231076881559,216.310885586893,2.704066170057218,218
5.58,0.717,0.007,0.2577,101.96953354776446,124.1368234494524,194.81729741332123,109.50754038539306,101.1270927178424,89.89178948364997,216.39727854434835,2.7077334891855065,218
5.59,0.7149,0.007,0.2668,101.98818127001384,124.1595250243647,194.8157761182752,109.52574538835202,101.15750362593856,89.89856630607025,216.4906294748176,2.7081854184433807,218
5.6,0.7167,0.007,0.2719,102.07858062269584,124.26957641023844,195.11915952249868,109.60995759453988,101.16721950676866,89.975820988321,216.5925768558388,2.705924462454624,218
5.61,0.7185,0.0081,0.2809,103.20103711216912,125.63604518003196,195.49369726754372,111.77658230546348,106.63990849496416,91.15053252127052,220.8452027625669,2.732503494618449,218
5.62,0.7339,0.01,0.2904,105.16482484501364,128.02674328958184,197.1817162181372,115.36143231003084,115.33446328971176,93.08854250371436,227.11653628440448,2.762391587985473,218
5.63,0.7957,0.0197,0.3014,112.22980451130358,136.62758810071742,203.1700093058216,128.84158450886468,151.88588029542194,99.67993844123062,248.3044677833305,2.867463021859626,218
5.64,0.927,0.0247,0.3014,117.30037016623928,142.80045063716085,214.62927186898293,136.10333122097347,166.0070487184884,103.878756636065,256.11815384410926,2.8281642732791714,218
5.65,1.2397,0.0243,0.3161,123.012670603447,149.75455551723982,238.7216188914961,140.6540843974574,160.79664677581414,108.22564998325284,256.2402628329425,2.6408541094417908,218
5.66,2.8998,0.0323,0.3222,144.42954955610588,175.82727772047673,327.011223947618,160.93278115228026,167.69041025985018,125.29842120251556,267.69494108398675,2.203941665348955,218
5.67,5.0734,0.0429,0.3393,161.11467436722253,196.1396035774883,403.7077873340137,176.71727643282514,177.73836317997018,139.11403249814498,279.0325902582872,1.956563356780175,218
5.68,7.7179,0.0492,0.3686,171.82844321710652,209.18245261212968,473.3115928151985,187.19190029693183,179.35246859298235,149.54077981947856,285.0577424665417,1.753114377942787,218
5.69,10.1888,0.0545,0.2708,178.50085568678637,217.30538953173996,525.5791555299976,194.78848896837863,181.44496128111413,157.04700559171096,289.5975041076034,1.6231396066033008,218
5.7,11.7717,0.0598,0.0021,182.8900331111512,222.64873596140143,554.4228934187317,199.9082058839457,185.7176653566733,161.66576954622195,293.5563355519235,1.5689089724941163,218
5.71,12.5593,0.0648,-0.0023,185.82659618944604,226.22368231758648,568.3938240108221,203.8644942924516,191.3742551776899,164.3517789052604,296.9106568539819,1.5520676041394157,218
5.72,12.7021,0.0696,-0.0019,187.92253092111704,228.7752550344034,570.9542310238552,206.81916485952613,198.01852501185064,165.67941859730922,299.8394901616947,1.5632213220732163,218
5.73,12.7562,0.0743,-0.0023,189.8112102301358,231.07451680190448,571.9795747808996,209.52216270234555,204.61601065395783,166.76340326138137,302.5406658066637,1.577179250672367,218
5.74,12.5052,0.0778,-0.0026,190.86776125298667,232.36075282972288,567.7507297242096,211.159121257686,210.2266324637328,167.00431332433297,304.4460071129351,1.6001492116947462,218
5.75,12.4232,0.0811,-0.0028,191.98894429283757,233.7256713130196,566.4225731613069,212.84063641644295,215.10933927723065,167.50348045510708,306.21450503804107,1.614674109393718,218
5.76,12.4101,0.0816,-0.0028,191.99867910944,233.7375223941009,566.2917354300308,213.50142631695175,216.39997838234316,167.6444564469042,306.5916349846167,1.615120323280273,218
5.77,12.3971,0.0816,-0.0028,192.06385905119797,233.8168718884149,566.1622626052538,213.51596858227143,216.43959979792103,167.70000566577986,306.7238349655866,1.6160739914313336,218
5.78,12.3894,0.0816,-0.0028,192.13274556415448,233.90073373027505,566.1249421608691,213.54077139491932,216.47055086896663,167.76574308716005,306.85682786145,1.6167639968254777,218
5.79,12.262,0.0805,-0.0028,191.70251516420748,233.37697498251347,563.9904540486173,212.81856573281075,215.2354863738017,167.4080550140522,306.426450243677,1.6196506671921989,218
5.8,12.0574,0.0777,-0.0019,190.5635165981328,231.99036803250956,560.4755321120377,211.13265838139404,211.8365344035497,166.59281934842414,305.11464065214204,1.6204819385863731,218
5.81,11.845,0.0743,-0.0009,189.1577211334977,230.27896485817112,556.7814904513423,209.10791547198227,207.58601623504015,165.6303458579065,303.4373397107472,1.6194092767967736,218
5.82,11.7022,0.0702,-0.0004,187.4813084139718,228.23811459092215,554.303781717442,206.8262095230644,202.1852381139504,164.64286523515264,301.31050595986693,1.6117433631512903,218
5.83,11.5671,0.0671,-0.0015,186.44691482139595,226.97885282604727,551.9404290297948,204.5650355405252,197.49433619977515,163.83096033687406,299.65097049899595,1.6097095348329962,218
5.84,11.3818,0.0639,-0.0011,185.03919482796607,225.26510674708916,548.6403699953722,202.5210204693209,193.23377781205303,162.86641713591112,297.847033056431,1.6072140915022846,218
5.85,11.2235,0.0636,-0.0021,184.55801233009143,224.6793193583722,545.801719921618,202.5440761327495,193.6783393104448,162.5520950063253,297.7628852828319,1.6120201863062251,218
5.86,11.1578,0.0632,-0.0038,184.40354141584757,224.491267810597,544.665033876444,202.23068324230587,193.2247143926508,162.4067936199656,297.6344200091827,1.6142868184572987,218
5.87,11.0304,0.063,-0.0032,184.2840615071374,224.34581400868905,542.3744735045583,201.8931537815396,193.15113986702693,162.17265337785767,297.61488050404404,1.6208008236535676,218
5.88,10.9561,0.0628,-0.0042,184.2054732718324,224.2501413744047,541.063466750454,201.66530692487385,192.9972777410956,162.04880482963975,297.60513943236293,1.624428728216212,218
5.89,10.9199,0.062,-0.0049,183.897437207598,223.8751409483801,540.4682052461282,201.19610574079493,191.91758222225803,161.87577937852762,297.2300145325375,1.6234099301237892,218
5.9,10.9071,0.0625,-0.0052,184.17375357173728,224.21152608733237,540.3157455144972,201.47370066375385,192.67944647969944,162.03277212333805,297.6656805263915,1.6265395464541412,218
5.91,10.9126,0.0609,-0.0053,183.54833360831304,223.4501452622941,540.5100699519488,200.65958783724105,190.3733380587508,161.77225675768642,296.7920783614284,1.6197585530617769,218
5.92,10.918,0.0599,-0.0053,183.1781139680124,222.99944309149333,540.7027263969604,200.16224601139768,188.92910386711733,161.63756102921013,296.28174442061584,1.6154589094844738,218
5.93,10.93,0.0585,-0.0053,182.86972140428892,222.6240086660909,541.0200789174503,199.0792746379477,186.41314559563511,161.42183054961097,295.5007888744264,1.6113401164147196,218
5.94,10.9185,0.0575,-0.0038,182.5022434991681,222.17664425985683,540.8981516435394,198.49182182003477,184.92977369973065,161.24206621231556,294.962599360954,1.6081366791755094,218
5.95,10.9918,0.0564,-0.0023,182.19509235842915,221.80272113200076,542.3781987146181,197.95361703925929,183.09006004776228,161.21431966228823,294.36267473871845,1.6001400407899724,218
5.96,10.9957,0.0562,-0.0019,182.17920492856368,221.78337991303405,542.5433270456181,197.8772747414614,182.80048319939613,161.25028558098927,294.352568288828,1.5993712227561705,218
5.97,10.9841,0.0552,-0.0017,181.79840764716437,221.31980061393924,542.4153398487999,197.2773824040534,181.30795433907304,161.06074935156394,293.78863974552945,1.5960693980643197,218
5.98,10.9223,0.054,-0.0017,181.26173250607167,220.66645696391336,541.3371721581808,196.47474193484712,179.60948495189862,160.7113927491313,293.06224222591675,1.594433572402873,218
5.99,10.8798,0.0519,-0.0011,180.33872766173792,219.5427988925505,540.6231132179247,195.1087928370881,176.44392334261738,160.16764190592943,291.66981940985926,1.5878449973755775,218
6.0,10.6868,0.0492,-0.0013,178.92624963077694,217.82326042007628,537.0272286516489,193.10164398793376,172.6070227531761,159.1222973409305,289.73499786320366,1.586107370562918,131
6.01,10.3509,0.0456,-0.0015,176.85275064218007,215.29900078178443,530.6021387687356,190.2074917153164,167.51956781244613,157.46928531717893,286.9401126084259,1.5874186750503378,131
6.02,10.1463,0.0424,-0.0015,175.06670962356915,213.12468997651897,526.657515417734,187.6871061343456,162.68227350689446,156.14400780027245,284.3163964301664,1.5831245773369915,131
6.03,9.9494,0.0399,-0.0015,173.584761644842,211.3205793937207,522.8154659584026,185.6050277306455,158.8929119370193,154.99209139304432,282.1565970071419,1.5814487597620015,131
6.04,9.9413,0.0376,-0.0013,172.4168825131978,209.89881349432773,522.7393360417917,183.9170417674193,155.02984994050777,154.28315130844038,280.1028967795656,1.569983401401785,131
6.05,9.9955,0.0359,-0.0016,171.61885741908134,208.92730468409903,523.910878991068,182.74837244321884,152.0576822305692,153.8829515798047,278.55098400824056,1.5579965948842611,131
6.06,10.0497,0.0354,-0.0017,171.46950455664663,208.7454838080916,525.0797782868474,182.4901822470648,151.1402374558845,153.89429814676606,278.1708940230191,1.5525210950688866,131
6.07,10.1618,0.0351,-0.0015,171.5012043070133,208.78407480853792,527.3964054040154,182.4789735004272,150.4787643699103,154.10209480685126,278.0020523767783,1.5450440316419822,131
6.08,10.625,0.0351,-0.0014,172.10559118349994,209.5198501364347,536.5414861012399,183.25413905674637,149.82039564303167,155.1653966300801,278.2096053919082,1.5210166576347444,131
6.09,11.1848,0.0351,-0.0011,172.75278588922876,210.3077393434089,547.2595453290563,184.1544567512292,149.08120008478025,156.3883455057127,278.4310751686283,1.4933615729050662,131
6.1,11.6327,0.0352,-0.0014,173.28923345672226,210.96080594731404,555.6191094831443,184.93872871299368,148.70376052558296,157.38399105133834,278.73068738779966,1.4728541170747889,131
6.11,12.0188,0.0354,-0.0014,173.79300247777493,211.57408997294343,562.6841783361152,185.6926183130207,148.59185923106972,158.2721674423458,279.11911399489804,1.4564762832433698,131
6.12,12.3006,0.0355,-0.0015,174.132380863143,211.9872462681741,567.779547406002,186.21210139733,148.4563100930349,158.91066983994372,279.38494871910694,1.4446966925452025,131
6.13,12.872,0.0365,-0.0016,175.17842167043548,213.26068725096496,577.8070081139152,187.7890821975231,149.43222146553674,160.39512751751266,280.6058420031327,1.4255797379824329,131
6.14,13.0264,0.0365,-0.0016,175.3392205820972,213.4564424477705,580.5385634419504,188.0434309770085,149.29615717893242,160.74358609607285,280.7463549378461,1.4193493214896968,131
6.15,13.2735,0.0365,-0.0016,175.55287086023094,213.716538438542,584.8151740602033,188.42042089168285,149.0667857322721,161.2520774047903,280.9010253283106,1.4094132581496173,131
6.16,13.3044,0.0365,-0.0015,175.63062047232526,213.81119014022207,585.4293492696244,188.50752986146384,149.0668446839556,161.3789520737543,281.02134830439115,1.4083662748305827,131
6.17,13.4356,0.0352,-0.0011,175.00687686516167,213.05185009671857,587.7236971622931,187.77481099146624,146.95489115304989,161.19410569935488,279.8346894749869,1.3966213849835705,131
6.18,13.6171,0.0348,-0.0004,174.93020955271714,212.95851597722088,590.8409841332733,187.7685798054453,146.19904818132375,161.42540422378988,279.5615035553504,1.38754963348506,131
6.19,13.7406,0.0348,-0.0002,175.05476164359268,213.11014460959112,592.9778130823113,187.97913210958032,146.1191281574307,161.70808015366498,279.6945689939028,1.382907699038617,131
6.2,13.9414,0.0351,-0.0002,175.39430219726586,213.52349832710627,596.3685294989033,188.5107644505011,146.4310910995826,162.23454055792004,280.1513020494655,1.3768661002895748,131
6.21,14.4317,0.0354,0.0,175.85968530495785,214.09005167560088,604.3919938993532,189.41186853132476,146.49342865467142,163.23236670618587,280.6475813395703,1.3600546675521543,131
6.22,14.8602,0.0375,0.0002,177.05350208003065,215.54339383655903,611.2831753578218,191.79609648420376,149.56944648701148,164.781212974474,282.93441075667806,1.352629849013018,131
6.23,15.2096,0.0391,0.001,178.1624121695691,216.89337133686675,616.8346164832127,193.3995282932289,151.65594456685335,165.9820533790955,284.6399676234752,1.3479816043909576,131
6.24,15.559,0.0401,0.0019,178.9025005885361,217.7943485425657,622.3110003833233,194.56421167976083,152.83945468584483,166.9496388462342,285.7399007056552,1.340568776184115,131
6.25,16.3042,0.0439,0.0034,181.2914657220901,220.70265392254447,633.6368902693247,198.04344322364247,157.6412180625521,169.42135474089187,289.3402175629128,1.332626232123636,131
6.26,16.7867,0.0453,0.0036,182.2198568937795,221.83286926199247,640.8372185134564,199.55520312672496,159.19668690641276,170.6540681887679,290.7037080439736,1.323001645338067,131
6.27,17.0068,0.0478,0.0034,183.67629835837627,223.60592843628416,644.1351149624617,201.45484683544424,162.4993507707829,171.81472044343468,292.88739211850543,1.3268060224225793,131
6.28,17.3774,0.0496,0.0029,184.75411870798823,224.91805755755087,649.562298841175,203.0418113415101,164.64897785432342,172.9551084686549,294.4638938715863,1.3226526648700576,131
6.29,17.3967,0.053,0.0029,186.85787525991597,227.47915249033247,649.9401504582511,204.9000947380749,168.9733149368457,174.01425619823692,297.13491487194887,1.3382425162800853,131
6.3,17.4624,0.054,0.0025,187.4351305493022,228.18189806002007,650.9779546006554,205.63218322464945,170.29728111848067,174.45609378768725,297.9858708654105,1.3402989401114895,131
6.31,17.3543,0.056,0.0027,188.46431292522792,229.43481573506008,649.5381669554453,206.78790119608,173.1720068030542,174.90419003087683,299.504422336946,1.3517090248265646,131
6.32,17.0956,0.0576,0.0021,189.24034978342664,230.37955625808465,645.921939102437,207.5364398390184,175.69304084770832,175.0119013143354,300.69031721060423,1.3663840701298315,131
6.33,16.9257,0.0578,0.002,189.3528546839621,230.51651874569305,643.5626929233042,207.53419701493604,176.21564973529874,174.8875045877039,300.92395299907616,1.372907705857635,131
6.34,16.5396,0.0579,0.0019,189.34720702591392,230.5096433358952,638.0142233881356,207.24510872562823,176.88696248047373,174.40886578922735,301.06040113596305,1.386355334306285,131
6.35,16.1729,0.0579,0.0017,189.28418750582,230.43292392012867,632.6714584189225,206.90836305197797,177.4113207685417,173.9228715485138,301.13050444353166,1.3990737248174727,131
6.36,15.7636,0.0579,0.0008,189.18790877716,230.31571503306435,626.6017040084907,206.5166494053141,178.0096652507325,173.35788522664075,301.1932737419201,1.413607976168446,131
6.37,15.5127,0.0579,0.0002,189.14280109101716,230.2608013281948,622.8681827947969,206.2903273497379,178.3991945432575,173.0333797615501,301.2772453195564,1.4227937862333468,131
6.38,15.339,0.0578,0.0001,189.07933873490103,230.18354280770563,620.2907103855638,206.08611328955428,178.54359116323397,172.80358856642485,301.30400487557125,1.4289197377993157,131
6.39,15.2519,0.0564,0.0001,188.4423664598494,229.40809829894712,619.038831359033,205.1924363619188,176.73947429378043,172.38595370170796,300.45148388125006,1.426854046753383,131
6.4,15.2177,0.0562,0.0001,188.39347540921997,229.3485787590504,618.6039685570609,205.08084959544027,176.54061499826534,172.35434193636897,300.4266067703314,1.427532175767195,131
6.41,15.2224,0.0545,0.0002,187.64312878837245,228.43511330758383,618.7728743588082,204.0953384253073,174.17043434588004,171.99777768105608,299.3482732593224,1.4208065934212624,131
6.42,15.227,0.0551,0.0006,187.99591243211063,228.8645890477869,618.9409867538935,204.51726384612743,175.04506764226477,172.23626916116976,299.8935819856298,1.4232447723965127,131
6.43,15.3699,0.0528,0.0005,186.99950458120875,227.651570794515,621.2488560467076,203.30848937528472,171.63719081065352,171.93318923020323,298.3739524014118,1.4089652414224934,131
6.44,15.4316,0.0522,0.0004,186.78848591099896,227.39467850034657,622.2957801405296,203.05300373557128,170.742495758857,171.94356373496856,298.0569728530015,1.4044862853411408,131
6.45,15.5243,0.052,0.0003,186.78673393842885,227.39254566417424,623.8166575462789,203.0821636375853,170.37621053807794,172.11131905941363,298.03844366815315,1.4005386320940227,131
6.46,15.5899,0.0521,0.0003,186.92306126228988,227.55850936278767,624.918137902226,203.2679131695387,170.46920786333703,172.31751915512007,298.23906362377977,1.3988072854681557,131
6.47,15.7077,0.0523,0.0003,187.12852848562025,227.80864337379856,626.8137151611305,203.57502737888584,170.63830379772384,172.63349672428282,298.5210710918925,1.3956410782861184,131
6.48,15.8254,0.0536,0.0003,187.8787603145238,228.72196907855076,628.6998681807399,204.56245420196936,172.349550922555,173.24608466540505,299.60901672524307,1.3969591615807937,131
6.49,16.115,0.0547,0.0007,188.58401152479664,229.58053576931763,633.1679520900296,205.60889936401588,173.55218754015178,174.0668064094481,300.55885003977136,1.3914414442703993,131
6.5,16.3312,0.0554,0.0015,189.05951977661525,230.15941538022727,636.4987908688875,206.3218355183664,174.28456365800218,174.66007916134504,301.20310044354005,1.386962533806819,203
6.51,16.5937,0.0562,0.001,189.5920040639003,230.80765712126995,640.4837052424674,207.13962316881535,175.09321160126694,175.3449561316987,301.91802818782145,1.38138595989959,203
6.52,16.8099,0.0573,0.0008,190.2489135746261,231.6073730473709,643.7559320954332,208.0804028752057,176.36332667121223,176.03007213768532,302.8263625255413,1.3785961064002843,203
6.53,16.9489,0.0573,0.0008,190.3482907577882,231.72835396600303,645.882183319203,208.27837227377685,176.2269673132958,176.31404109508264,302.9622645589341,1.3741883471243077,203
6.54,16.9296,0.0577,0.0008,190.5972593637556,232.0314461819633,645.6989455217254,208.54633213550997,176.82975202010144,176.46198242570915,303.3512347383004,1.376552123440015,203
6.55,16.8871,0.0584,0.0008,190.9826110196156,232.5005699369233,645.1768457883167,208.9664329370989,177.8685458511446,176.64978025944035,303.9389662252973,1.3808199342447962,203
6.56,16.7211,0.0584,0.001,190.9955284008122,232.516295444467,642.8444340173326,208.8393313103841,178.1139002565286,176.47349800295507,304.0340724152185,1.3865543202932358,203
6.57,16.4702,0.0584,0.001,190.9779891399034,232.494943300752,639.238917156237,208.6180900095284,178.47163943186166,176.16429890093275,304.11723669201206,1.395233815315337,203
6.58,16.3196,0.0584,0.001,190.98846832097567,232.50770056466604,637.0957089857781,208.50284990814257,178.70299693244024,176.00583144975698,304.21360106329905,1.4005903938884805,203
6.59,16.1729,0.0584,0.0015,190.99774643605497,232.51899566128432,634.9988080863886,208.39022516574303,178.93105426685878,175.85134418422166,304.3101694663732,1.4058597060190805,203
6.6,15.8331,0.0582,0.0013,190.83459357635547,232.32037478860667,629.9629161249786,207.94039128430904,179.14672500336636,175.33844162057673,304.243386959402,1.4172290056559005,203
6.61,15.6401,0.0578,0.0012,190.62716261381564,232.0678501385582,627.1121484244055,207.53090220963787,178.88997045239847,175.00253149660793,304.0595974117906,1.422786972949269,203
6.62,15.5938,0.0567,0.0009,190.14579474033167,231.4818370751864,626.4952190879977,206.86577418181795,177.45600408131145,174.72249398440877,303.4104041051428,1.420381298723248,203
6.63,15.5764,0.0557,0.0009,189.71877741744544,230.9619898994988,626.321675357094,206.2886986524001,176.11671481205235,174.50980219503887,302.8224786797262,1.4172784834237069,203
6.64,15.559,0.0557,0.0009,189.77195021340435,231.02672199892703,626.1477402111218,206.31568917147203,176.17265981871086,174.5548388001662,302.9354647494739,1.4181098722239132,203
6.65,15.559,0.0557,0.0009,189.8322834148289,231.1001711137048,626.2410332974629,206.36268442314145,176.2054515765549,174.6278807963679,303.05082559111304,1.4183140010110564,203
6.66,15.4702,0.0547,0.001,189.37016013102917,230.53758624647028,624.9665641876213,205.6974005673637,174.95434788253672,174.2946355131288,302.4400893418452,1.4177490641178936,203
6.67,14.8718,0.0545,0.001,189.05934350930187,230.1592007939327,615.7108407560444,204.91016855409487,175.50657014370495,173.32693757296565,302.3226090219266,1.439291373931532,203
6.68,14.7734,0.0546,0.001,189.11806624536644,230.23068934218523,614.2425393736678,204.8977460963288,175.816198188012,173.25981833598615,302.49444197585984,1.4436331067182928,203
6.69,14.7787,0.0546,0.0012,189.180781664684,230.3070385483109,614.4182945437733,204.9494772283759,175.84015168076976,173.3408375591905,302.60974869361064,1.4436384566387892,203
6.7,14.784,0.0548,0.0017,189.33998031139865,230.50084559648528,614.5948385890548,205.12385859845224,176.14830954771764,173.47442069591222,302.86885350374774,1.444448802661692,203
6.71,14.8101,0.0552,0.0015,189.60570492978815,230.82433643626385,615.0992915847788,205.44535204603616,176.71126347932835,173.69526427688075,303.2737087105241,1.4452754904787326,203
6.72,14.9568,0.057,0.0016,190.59757144229903,232.0318261036684,617.510946223506,206.75895242489997,179.0796560471791,174.47807649053382,304.6784370080856,1.44708178562406,203
6.73,15.1923,0.0569,0.0017,190.7254772638233,232.1875375385676,621.298862377895,207.0261408340699,178.63949587517857,174.91784451845066,304.75874424188424,1.4380896026182828,203
6.74,15.5011,0.0578,0.0019,191.3526846251713,232.95109432629556,626.1855297692243,207.97542889258563,179.50162199565813,175.726592369895,305.5413624413361,1.4304620558319916,203
6.75,15.5706,0.0584,0.0019,191.72631218436453,233.405945267922,627.3485739077104,208.4596803277656,180.27136491265188,176.06316646010225,306.0767488556027,1.430461761258597,203
6.76,15.5706,0.0581,0.002,191.64507296685764,233.3070453509571,627.4408161455963,208.327698558008,179.88720779472166,176.06036326125903,305.986472001223,1.4295086503284071,203
6.77,15.478,0.0595,0.0021,192.32025921570457,234.12901121911864,626.1047186832677,209.09350130472944,181.98866217605135,176.32963898892064,307.03634248278297,1.4384540184093215,203
6.78,15.4007,0.0585,0.0021,191.87830712282636,233.5909825843103,624.9997537027292,208.4575566589701,180.7413826745576,176.02706231919598,306.4636219220894,1.4376560296138616,203
6.79,15.1382,0.0599,0.0021,192.46314910552715,234.30296412846783,620.9994159755478,209.01726211819053,183.09514361306785,176.0089438284769,307.4828123130006,1.4529505896475228,203
6.8,15.0291,0.0596,0.0023,192.3296372585232,234.14042796689785,619.3768294381362,208.7548634049209,182.8679108723527,175.8243775381036,307.3801570106158,1.456107719550082,203
6.81,14.9794,0.0594,0.0028,192.27184187083287,234.07006836449224,618.6851272324172,208.6218372752625,182.69228554535215,175.76329727878124,307.3525858086102,1.457422462965828,203
6.82,14.9297,0.0587,0.0034,191.98183452060715,233.7170159381305,617.9917773040823,208.19227660560003,181.81616527670516,175.57804024396987,306.98569130923534,1.456812571579849,203
6.83,14.9683,0.0572,0.003,191.3584281184401,232.9580864050575,618.6901564930102,207.3893334336553,179.68681948420024,175.3377729138614,306.07365768340924,1.449718244817615,203
6.84,14.8718,0.057,0.0029,191.27427344533572,232.85563723780007,617.2525940153795,207.1954514797778,179.57238464911362,175.19486854301903,306.0329372245103,1.4527956540178206,203
6.85,14.7676,0.0559,0.0028,190.75672687294127,232.225580540972,615.6857257701856,206.44712498685087,178.1961070651663,174.8057083046993,305.3556065969723,1.4526158644699978,203
6.86,14.0225,0.0554,0.0029,190.14994756579952,231.48689268879943,603.71682574544,205.24118805047672,178.58690930525577,173.44832183130285,304.99486987597925,1.4800800550621953,203
6.87,13.7715,0.0548,0.0023,189.7617882744187,231.01435094277065,599.6504580017537,204.58757305823093,178.12570099380375,172.9115013767537,304.63496146323234,1.488075519377953,203
6.88,13.6557,0.0547,0.0021,189.695233468641,230.9333277009543,597.8047898950232,204.41446961682928,178.18431149279317,172.74503276528966,304.65569861931016,1.4926598791800216,203
6.89,13.6441,0.0546,0.0021,189.69878507375049,230.937651394131,597.6966973907456,204.37912903608077,178.08509578345706,172.7674092310524,304.6932648031489,1.492945166731592,203
6.9,13.6625,0.0529,0.0021,188.95391844023635,230.0308572315921,598.0903345092612,203.3919301283404,175.6122110741443,172.4173779363042,303.5573382330677,1.4853582565239358,203
6.91,13.6808,0.0535,0.0023,189.31478829103344,230.47017704995372,598.4826557396178,203.83135327400365,176.48784845852222,172.68162990659764,304.11715435676393,1.4873117190521945,203
6.92,13.7213,0.05,0.0025,187.67721193662635,228.47660583589297,599.24523297721,201.7231821083431,171.3396853219968,171.85680955014956,301.5708935409897,1.4710350790172226,203
6.93,13.7059,0.05,0.0029,187.72549588558735,228.5353862954977,599.075141972525,201.7439159424635,171.38900117666734,171.8980147550682,301.6785835323794,1.471873332698486,203
6.94,13.8758,0.05,0.0034,187.88835829658692,228.7336535784537,601.9885506113669,202.0141319046034,171.1879920850468,172.27228837188576,301.8161753895597,1.465141878257701,203
6.95,14.1035,0.0501,0.0029,188.13011481378155,229.02796586025585,605.8278111425442,202.42281679801985,171.0617465256085,172.77432460886075,302.0409547594538,1.4566216936144452,203
6.96,14.3854,0.0508,0.0031,188.696542784632,229.71753034650848,610.512614113213,203.2791996282949,171.74056646846094,173.53642223309873,302.740691097445,1.4486734178681264,203
6.97,14.756,0.0505,0.0032,188.7891049654729,229.8302147405757,616.5612917664529,203.61090728245605,170.8696870086853,174.15710819158906,302.6745430367871,1.43329212855027,203
6.98,15.4162,0.0507,0.0038,189.2342114694903,230.3720835280752,627.0470818275588,204.6114629695322,170.3937925318794,175.3856382308756,303.0381069475842,1.4097349938186663,203
6.99,15.5166,0.0508,0.0036,189.3816621254888,230.55158867450808,628.6923754859798,204.84228316813,170.44970782499146,175.64826782207626,303.24011875652747,1.4067059449660926,203
7.0,15.4278,0.0508,0.0038,189.4053542608128,230.58043127403292,627.4049634049734,204.7765669749842,170.583086341684,175.57292413164876,303.33693326085177,1.4101247358704874,224
7.01,15.2309,0.0508,0.0037,189.384072684514,230.554523268104,624.422091665141,204.57475459029573,170.84430258348638,175.31803798085286,303.4176677249075,1.4175420330566642,224
7.02,14.9297,0.0513,0.0038,189.5651147340534,230.77492228493455,619.7638803763363,204.5510900082884,171.9498859485042,175.0260280126249,303.8689185588694,1.4310783260253297,224
7.03,14.7908,0.0519,0.004,189.8601458032946,231.1340905431413,617.6426386434043,204.79164042504203,173.00961479483038,175.0286301282761,304.41717226828223,1.4390554612760622,224
7.04,14.4973,0.0545,0.0048,191.05073765449333,232.583506709818,613.0207341978702,206.0626772178661,177.13728817942643,175.3029716467182,306.42253999290665,1.4612965534808915,224
7.05,14.1344,0.0522,0.0036,189.77686703785028,231.03270769825247,607.1948246970044,204.205888756623,174.35643421194797,174.1089079979055,304.762003526554,1.4663578011558456,224
7.06,13.7947,0.0568,0.0034,191.83242368705743,233.5351244885917,601.6623974927703,206.61405192048412,181.5018943375158,174.78936605461084,308.18145350931184,1.4992106181333045,224
7.07,13.5901,0.0573,0.0034,191.98033115560472,233.71518575464924,598.3217814915384,206.6781684957116,182.56448665887888,174.6092776210554,308.60916222354086,1.509929596903502,224
7.08,13.5129,0.0578,0.0034,192.2130732894228,233.99852400451476,597.1047509266763,206.91239061697823,183.43283468525365,174.6605696597354,309.05539410669365,1.5153805445828692,224
7.09,13.2194,0.0581,0.0037,192.18440578457336,233.9636244333937,592.2008658357563,206.7256175300425,184.36740898897352,174.25232701549672,309.32364347715526,1.5293146729704383,224
7.1,13.1422,0.0584,0.004,192.3172337257444,234.1253280139497,590.9608707684021,206.83578416009263,184.9549582536502,174.2481246305623,309.6277889537517,1.5340639564312797,224
7.11,13.1249,0.0611,0.0039,193.56563361611236,235.6451191848324,590.7455815838371,208.44122814486195,188.8972583547606,174.93826578354873,311.56024174821675,1.5455732104073392,224
7.12,13.1075,0.0594,0.0039,192.85608778334432,234.7813242579844,590.528468497414,207.4583536443357,186.50884936954813,174.56388425928338,310.526793396418,1.539952458083622,224
7.13,13.2272,0.0577,0.0039,192.2418838033248,234.0335976736128,592.6649649790528,206.6548283906164,183.8811427646581,174.4398422749639,309.48750851227294,1.5282540817363128,224
7.14,13.1036,0.0534,0.0044,190.19025749890164,231.5359656508368,590.6269761167648,203.8984405404411,177.83322445036103,173.15542416684593,306.47457893835224,1.5162398372201846,224
7.15,13.1654,0.0493,0.0055,188.2772081979533,229.2070360670736,591.7750198114751,201.4363928554392,171.70608351247537,172.19466877766982,303.42621211955435,1.4961775305478382,224
7.16,13.0611,0.0452,0.0044,186.14052170224656,226.6058525070828,590.0578957770009,198.63849815588733,165.7222348876961,170.82885026805334,300.10898413393414,1.482396855975003,224
7.17,12.8411,0.0455,0.0042,186.1971045432621,226.6747359657104,586.321890863251,198.55227094717995,166.4854811367679,170.5712432964104,300.4354940946144,1.4935592843309573,224
7.18,12.7484,0.045,0.0041,185.9203366280873,226.33780111245412,584.7818432226286,198.11789170000168,165.8719163986945,170.3031477947282,300.0939490702889,1.4955289162422631,224
7.19,12.7166,0.0445,0.0041,185.68708464897315,226.05384218135865,584.3047287965929,197.7722098250825,165.17620360807058,170.14992460871213,299.7583652099309,1.4948051390448598,224
7.2,12.7113,0.0437,0.0042,185.31101285951576,225.59601565506264,584.2924198894023,197.26149099707573,163.9852870753394,169.94937499826284,299.1565179472296,1.491472374461765,224
7.21,12.7472,0.043,0.0042,185.0148068512262,225.23541703627535,585.0025813370997,196.8773504861213,162.89373649327936,169.85621396612484,298.6402538844708,1.4867605201764793,224
7.22,12.7832,0.0434,0.0042,185.3129840176896,225.59841532588305,585.7134701534699,197.24175110003813,163.48797965202976,170.1213857003561,299.1110546615558,1.4872897523846351,224
7.23,12.8681,0.0428,0.0095,185.10408588446225,225.3441045549976,587.2943517241349,197.00047719947705,162.49138767503922,170.15243949421364,298.68942124041,1.4808701238452615,224
7.24,12.953,0.0426,0.0067,185.1087903374844,225.3498317151984,588.8426433725057,197.0286653709559,162.11136230511065,170.3128724796568,298.626539209111,1.4764488606854396,224
7.25,13.231,0.0432,0.0074,185.6780618379449,226.0428578896721,593.721591953687,197.88936508247716,162.72553969650446,171.0985323333477,299.321521338262,1.4675851955773818,224
7.26,13.1345,0.0438,0.0071,185.99590717161465,226.42980003500912,592.1436687016197,198.1902950058501,163.77408284125138,171.1796386195169,299.94706385837014,1.474735011915634,224
7.27,13.0534,0.0451,0.0074,186.6934142385337,227.2789390729976,590.8259478080718,198.9798552903065,165.8659675241023,171.50834150148933,301.1807890764965,1.4844968198356734,224
7.28,12.9685,0.0451,0.0065,186.68899672050676,227.27356122496477,589.4324482089415,198.8909043745648,165.99821696770834,171.41275019323172,301.27099996171546,1.4883894607751629,224
7.29,12.8064,0.0452,0.0064,186.67970445213865,227.2622488982557,586.6867330199091,198.7515927818609,166.38127635585334,171.19933090056884,301.43437496329176,1.4961593298394682,224
7.3,12.8064,0.0459,0.0062,187.1037498458636,227.77847807322527,586.7656922991576,199.25439333257623,167.46868884069198,171.48317981421093,302.14196434425304,1.4996086161234023,224
7.31,12.787,0.0466,0.0063,187.5100621609475,228.27311915245784,586.5058281084501,199.72491932433547,168.57908617660644,171.72660048505497,302.8385158103246,1.5038860761362247,224
7.32,12.8758,0.0486,0.0057,188.6605415732057,229.67370278477216,588.135853997949,201.2001816877448,171.4947151556213,172.5640011169832,304.61837930210305,1.5092009888729272,224
7.33,12.706,0.0493,0.0057,188.937243348424,230.01055711982053,585.2402226421136,201.4335808034837,172.80805952130646,172.5044476167934,305.2606509525587,1.520061762437806,224
7.34,12.7077,0.05,0.0055,189.34432448808187,230.50613415940404,585.3484605858606,201.92150244132864,173.8793631758576,172.77522982557613,305.92646933514936,1.5232845609562322,224
7.35,12.7095,0.0501,0.0055,189.4514522260632,230.6365505360769,585.4590352953978,202.0248910248229,174.05108772244245,172.8728267809769,306.1116844737147,1.52385399255572,224
7.36,12.7313,0.0501,0.0055,189.5249087899766,230.7259759182324,585.9212699419207,202.09458760333743,174.04419266476293,172.9808643768041,306.22088349428503,1.5230892102739202,224
7.37,12.7755,0.0504,0.0055,189.76524350606104,231.0185573117265,586.7762988617873,202.38905814467137,174.45295960498692,173.2183660642043,306.57179456062335,1.5226384720589596,224
7.38,12.8372,0.0504,0.0056,189.86998415002867,231.1460676609045,587.936387397192,202.518681094066,174.38869943246843,173.40393573285917,306.6879163876657,1.5201031020771965,224
7.39,12.7677,0.0504,0.0057,189.8707216827828,231.146965526866,586.7975111392649,202.4508609154669,174.5134676043511,173.33367135009652,306.7806772181679,1.5234061290545604,224
7.4,12.6789,0.0494,0.0059,189.35607250975693,230.52043609883447,585.3142832075229,201.71417660078225,173.1696163339403,172.93676268419907,306.0713559439251,1.5231949040685189,224
7.41,12.4936,0.0472,0.0069,188.14363594914275,229.04442637286945,582.1131695014025,200.03940037473788,170.1348567049959,171.98377791203671,304.3348660640719,1.5218893046395308,224
7.42,12.2504,0.0454,0.0063,187.06136266677112,227.72687628998224,577.8338125004368,198.50326631225656,167.74396119977837,171.00916375782444,302.85971986864894,1.5249486987882486,224
7.43,12.2002,0.0446,0.0063,186.65221493035492,227.2287833934756,577.0051588243593,197.92283022228904,166.6041371142224,170.71997848036398,302.25435868204454,1.523720490986783,224
7.44,12.0304,0.0432,0.0063,185.813785524044,226.2080867249232,574.000888491664,196.73608515044137,164.6832436266068,169.9889063474819,301.07498104821707,1.525169331515235,224
7.45,11.7717,0.0389,0.0063,183.26621766757083,223.10669976921668,569.3302516515231,193.3418840008181,158.25940681935322,168.05209328178813,297.0523213430044,1.5161888154707863,224
7.46,11.5284,0.0378,0.0063,182.4708072724764,222.13837407084085,564.881683636381,192.17212724683608,156.80689702720255,167.21135943613106,296.00135805695083,1.5224070599734831,224
7.47,11.0381,0.0371,0.0058,181.64028907785504,221.12730844260616,555.6537961949768,190.8385145925294,156.27840897995523,165.9723592863985,295.2880649874862,1.5433163751670516,224
7.48,10.8065,0.0358,0.0057,180.694411951629,219.97580585415707,551.2440665523833,189.4928811259485,154.44053093884295,165.0385528138194,293.97535437307147,1.548382689491682,224
7.49,10.5556,0.0348,0.0057,179.8816922667358,218.98640797689575,546.3922740802905,188.31171386630916,153.09635260236433,164.15585849086082,292.94273412120293,1.5562200024860997,224
7.5,10.2467,0.0342,0.0055,179.21665831023856,218.17680142116,540.2993335424512,187.3033664837688,152.4785647455559,163.28004826870622,292.3155849445941,1.5696947885489123,213
7.51,9.9958,0.0326,0.0055,177.99862045834342,216.6939727318964,535.2779531882151,185.61106812891973,150.06696413653816,162.1125042528535,290.54512802110713,1.574532543678255,213
7.52,9.7487,0.0312,0.0055,176.8737236427977,215.32453313036245,530.2544754455309,184.0435082970024,147.94741312646988,161.00135816763571,288.9356778353742,1.5803813594474427,213
7.53,9.6637,0.0305,0.0055,176.37673343924132,214.7195015782069,528.5532988105268,183.3396467796848,146.837446968227,160.55519719680606,288.16280632697885,1.5812136716994762,213
7.54,9.6671,0.0301,0.0059,176.18150005699752,214.4818261563448,528.6953673514404,183.0537168998884,146.1499234707052,160.4466784092725,287.76604124048026,1.5787637733466855,213
7.55,9.6705,0.03,0.0061,176.17383125013538,214.47249021755613,528.8365621560683,183.0095277630344,145.99007640447107,160.46960571293295,287.73879423061464,1.5781609247647888,213
7.56,9.7062,0.0302,0.0059,176.39777290402137,214.7451148396782,529.6500009980605,183.27408612015287,146.32308477392465,160.7024686906706,288.09175988913665,1.5775595576580417,213
7.57,9.9456,0.0304,0.006,176.88309415469612,215.33594071006488,534.6725609726642,183.95111168845864,146.43620521299368,161.4149839569365,288.4875318455772,1.5654281239003005,213
7.58,10.4513,0.0329,0.006,179.08673964337922,218.01863956585296,544.9689499101444,186.94184737110675,150.20420238714556,163.70187243795513,291.67109460286457,1.5528273984835956,213
7.59,10.93,0.033,0.0061,179.7164491142363,218.78524239993988,554.4441185088771,187.95151571898,149.88631431547506,164.86292355942882,291.9802836210309,1.5285983818814548,213
7.6,11.5671,0.0332,0.0063,180.49519174358295,219.73327690523143,566.647295369841,189.2920946102756,149.61742471099365,166.35765474430346,292.4296512798791,1.498368551569186,213
7.61,12.2427,0.0333,0.0067,181.15564132299485,220.53730248016768,579.1442863375144,190.57726274656275,149.2040854825539,167.8262717486574,292.7642986478423,1.4675832817418313,213
7.62,12.8218,0.0338,0.007,181.91834505328748,221.46581136921955,589.5363926989255,191.9550166955838,149.54872116255362,169.21780094610284,293.52990686924664,1.44488266502978,213
7.63,13.2503,0.0342,0.0074,182.4784375995199,222.14766316463292,597.0643024458886,192.98193961375475,149.86585348651522,170.24889969474825,294.1482896996682,1.4290095316554003,213
7.64,13.6904,0.0361,0.0084,183.93552045622152,223.92150316409572,604.6442100282429,195.0886005407744,152.47348706857989,171.8837413246238,296.3928964174853,1.421009829245646,213
7.65,13.6171,0.0375,0.0074,184.7913794074917,224.96341840912032,603.4805682197975,196.00730762122737,154.69343534830207,172.35682426577267,297.9493137982251,1.4313399653095007,213
7.66,13.5824,0.04,0.007,186.2914770170974,226.78962419472728,602.9694017588794,197.7390198871559,158.5462792154797,173.28182711529115,300.5532712408753,1.4454287455381518,213
7.67,13.4511,0.042,0.0067,187.40741116474615,228.1481527222997,600.8129340411499,198.94605577656696,161.72426805795834,173.80479296450477,302.5437585951624,1.460802502531739,213
7.68,13.4356,0.0425,0.0067,187.73121989717947,228.5423546574359,600.6258646679361,199.2977933184294,162.5191632213642,174.00973307782291,303.1068891146534,1.4640419029428648,213
7.69,13.4936,0.0429,0.0066,188.04203403317757,228.92073708386832,601.6920989570258,199.6927671198415,163.08463559695235,174.31618337038287,303.58584153795005,1.463708240494141,213
7.7,13.3584,0.0432,0.0067,188.1791193459848,229.08762355163367,599.4596288561795,199.7240303823816,163.70542322942518,174.22723142857686,303.9382641828802,1.4710198826761816,213
7.71,13.3353,0.0446,0.0067,188.98488996481305,230.06856169629415,599.1404453414001,200.660621688744,165.8595443349517,174.70854030492023,305.2973715989683,1.4787751051772169,213
7.72,13.2889,0.0459,0.0067,189.7082502221085,230.9491741834365,598.4200930365635,201.4841197522734,167.88388719416596,175.1008709247948,306.53241046434374,1.4869637734777812,213
7.73,13.0998,0.0462,0.0078,189.79369108321083,231.0531891447784,595.2329878103276,201.4256305841449,168.58326019327822,174.89730524331893,306.8600720775538,1.4966869527333524,213
7.74,13.0988,0.0465,0.0074,190.00535468242532,231.31086656990917,595.2904990049028,201.65577592033287,169.05793125385253,175.05226834622806,307.2186776600957,1.498307173176927,213
7.75,13.1012,0.0469,0.0073,190.2714969777366,231.63486588594023,595.4079302720202,201.95583461135035,169.6773558818297,175.24427428648,307.6618574344113,1.500227024209455,213
7.76,13.1036,0.0473,0.0072,190.53667656254655,231.95769320657843,595.5252790327384,202.2548576682394,170.2957884336614,175.43534955842614,308.1026330539598,1.5021381521367028,213
7.77,13.4897,0.0469,0.0072,190.6377837376704,232.08078020238133,602.2443463954335,202.62254292291232,169.25650750694592,176.1094019042151,307.929119155848,1.4839686660753673,213
7.78,14.0611,0.0473,0.0073,191.2394601731121,232.81325586291908,611.9417266716908,203.77055587470807,169.2132407792331,177.35294497674906,308.4642830755567,1.4623336258284196,213
7.79,14.3622,0.0505,0.0076,193.1297941770681,235.11453204164812,616.9935873990523,206.27731231093256,173.53619165637437,178.92797230447647,311.2504919517136,1.4644307597069168,213
7.8,14.563,0.0518,0.0075,193.95346427476693,236.117260856238,620.3528405558487,207.40961375682795,175.18824297521283,179.72877529032186,312.4140917566445,1.4622060472855498,213
7.81,14.5938,0.0546,0.0074,195.4283000012792,237.91271304503556,620.9321003660331,209.2026336292239,179.1566028892248,180.63506011779972,314.6663891949282,1.472797930946025,213
7.82,14.5746,0.0548,0.0063,195.5714358251792,238.08696535239204,620.6951669008323,209.3335668264656,179.48924344078546,180.71991078018164,314.9148580971421,1.4745739685458192,213
7.83,14.7135,0.0549,0.0061,195.74775238946552,238.30161160456677,623.0262482339839,209.62624805557317,179.48154172493793,181.05861775051,315.1134817530555,1.4697271177207791,213
7.84,14.7483,0.0548,0.006,195.77067487041376,238.3295172335472,623.6671876322546,209.65219451889797,179.3226168723173,181.1570823521585,315.1460603724563,1.4681587512305834,213
7.85,14.6363,0.0548,0.0059,195.7678466680131,238.3260742045377,621.9320127053742,209.53249433901527,179.48731303198835,181.02246795531445,315.2299280129604,1.4727359755106175,213
7.86,14.5591,0.0548,0.0059,195.78174813583024,238.342997730576,620.7551734699832,209.46074830273972,179.6092443364315,180.94869250563767,315.31913584355704,1.4759723592250114,213
7.87,14.1306,0.0548,0.0057,195.5938013311948,238.1141929249328,613.7887379899531,208.88321752080083,180.18426682064964,180.23565608126768,315.35086294471137,1.4933618069021732,213
7.88,13.7252,0.0549,0.0057,195.4401388125765,237.92712551096272,607.0782509676161,208.38387041846147,180.893493298931,179.57228386972903,315.4590066669064,1.510743608056963,213
7.89,13.2388,0.0568,0.0057,196.05104564025964,238.67083817075087,598.8440238600388,208.82560223624156,184.34045635407375,179.21004266652906,316.8744337944564,1.5395310077786444,213
7.9,12.6982,0.0564,0.0057,195.47271611938243,237.96678484098732,589.4569454833231,207.77866367986783,184.6047747965104,178.09560061846128,316.5872241983265,1.5622421059815712,213
7.91,12.2311,0.0576,0.0057,195.6449355381829,238.1764432638748,581.1514699171393,207.7746349470612,187.1294341830322,177.50924874693504,317.46845131404683,1.5890663787623946,213
7.92,11.8103,0.0576,0.0063,195.2381367417697,237.68120994650224,573.5055616464109,207.1442959688422,187.91037044580247,176.6786464631873,317.4876820231353,1.6093821010017422,213
7.93,11.0845,0.0575,0.0059,194.420103714554,236.68534365250048,559.8474804448811,205.8214733982585,189.05413354280623,175.10853704497578,317.3683330828471,1.6463240162983308,213
7.94,10.7254,0.0572,0.006,193.86906488879816,236.01451377766733,552.9185632893236,205.0235767141244,189.31179504754508,174.26546793515715,317.1764150854545,1.6644969114388015,213
7.95,10.4668,0.0552,0.0061,192.6768193148929,234.56308438334787,547.8567123435016,203.3683783992047,186.7969108409146,173.202451030539,315.75580394153616,1.6705562679733623,213
7.96,10.127,0.0543,0.0068,191.8305298632557,233.5328189639635,541.0639261860065,202.2005696027399,186.10229138304945,172.20639622900944,315.10500209863574,1.6861467742478875,213
7.97,10.0151,0.0518,0.0076,190.57940055894755,232.009705028284,538.842652238885,200.45936673721695,182.44903923059115,171.31956704376734,313.25385815403547,1.681868911517413,213
7.98,9.8683,0.0508,0.0069,189.9444273206161,231.23669412944565,535.875932448467,199.56624521386848,181.1789133136219,170.73879515206545,312.52600675257094,1.6861977850939456,213
7.99,9.6599,0.0492,0.0063,188.91927269735572,229.9886798054766,531.5885090063314,198.15169838096705,179.05890988555552,169.82240616932137,311.2779455227076,1.6915078362474285,213
8.0,9.5904,0.0492,0.0058,188.85969615271543,229.9161518380884,530.1880690876204,198.03755726523175,179.21067596520442,169.704918998499,311.3598269518332,1.6959375726323351,218
8.01,9.4852,0.0491,0.0056,188.6923491058928,229.7124249984782,528.0236080727698,197.78428183609392,179.27329451128742,169.4658215112006,311.3504659505758,1.7021161087935543,218
8.02,9.4355,0.0488,0.0055,188.5204853021852,229.50319949831243,527.0298172939403,197.51424208041777,178.90553485465608,169.31026558093484,311.18862082598963,1.7040017262362326,218
8.03,9.3858,0.0459,0.0061,187.0944476602916,227.76715367339847,526.035084772056,195.5290868083653,174.3165751968651,168.38176753405057,308.8052854835233,1.6934470075999395,218
8.04,9.4051,0.0444,0.0052,186.43254075303253,226.96135396021356,526.509186911574,194.58525734431495,171.84040759471827,168.025858568196,307.57583461308553,1.6851070662053833,218
8.05,9.3819,0.0405,0.0057,184.4304893965817,224.52407404801252,526.0795009254099,191.8559703657357,165.42118513400607,166.74688124154952,304.0116441156935,1.666768434850506,218
8.06,9.3124,0.0357,0.0051,181.71984356714347,221.2241573860877,524.6495720606199,188.2281788152719,157.38426250925397,164.8903728980747,299.14410233115336,1.6449468290435996,218
8.07,9.3184,0.0346,0.0049,181.1412166930461,220.5197420610996,524.842265913996,187.4351795411112,155.49266389398662,164.53456074524485,298.0243699544804,1.6384739956070855,218
8.08,9.3245,0.0342,0.0049,181.08759617148775,220.45446490441992,525.0378366563989,187.0147814271952,154.64974875528782,164.44793630109308,297.66889313613,1.63720236650985,218
8.09,9.3433,0.034,0.0049,181.03668289994116,220.3924835303631,525.5062652832161,186.9427604155968,154.3098114217632,164.4721253110153,297.5395437785474,1.6349956456757673,218
8.1,9.4475,0.0341,0.0049,181.27138060702757,220.67820247812048,527.801685760019,187.3071763096248,154.40251563860656,164.8317636222777,297.7706435363723,1.6292010180415528,218
8.11,9.6908,0.0342,0.005,181.6557747707033,221.1461605904214,533.0182246078626,188.0184456179352,154.37655254807694,165.5333766308411,298.03309068881504,1.614834011358056,218
8.12,9.9996,0.0344,0.005,182.1504770571366,221.7484068521663,539.5087882803939,188.94958869974928,154.4704869982312,166.42027996789696,298.4213562429137,1.5975352570934906,218
8.13,10.3239,0.0344,0.0052,182.67510082980957,222.3870792710725,546.1934902708829,189.55098339860663,154.02691819551603,167.2441174435329,298.58480661000664,1.5803153047116516,218
8.14,10.5517,0.0344,0.0057,182.99012257948908,222.77058400981284,550.8347943321684,190.03571209676127,153.79577450119564,167.82791105090328,298.72592418232495,1.5681406632990138,218
8.15,10.8412,0.0345,0.0061,183.417651884312,223.2910544678581,556.6282459308154,190.70912755017756,153.67611211548973,168.58144126286473,298.9913920730682,1.553573370502281,218
8.16,11.0227,0.0345,0.0057,183.65548427547893,223.580589552757,560.2359689641772,191.089624969566,153.51133077651951,169.04259158438882,299.12091389956623,1.544383089656928,218
8.17,11.5593,0.0345,0.0063,184.2161284607813,224.2631129087773,570.5718758158712,192.1344342039163,153.0160526657986,170.26158839937042,299.3188799540461,1.517721863059855,218
8.18,11.7485,0.0345,0.0064,184.4305013711935,224.5240886258008,574.1910046700181,192.51470588394392,152.865161021018,170.71814966022762,299.44750129450307,1.5087593152065333,218
8.19,11.8412,0.0347,0.0065,184.680782820274,224.828779085551,575.9873219507865,192.8631458686252,153.12535554654738,171.0515749475597,299.7826833041398,1.505619100458017,218
8.2,11.8643,0.0353,0.0065,185.1158498783948,225.35842593891545,576.4858896176372,193.3772392477145,154.0882521844283,171.40135060934165,300.5486374720653,1.5079849692342238,218
8.21,11.7524,0.0365,0.0069,185.7931405908824,226.18295376281336,574.4737356111605,194.07862203801523,156.13587122069512,171.70136736318088,301.9295245481297,1.520005854048814,218
8.22,11.706,0.0378,0.0072,186.57040056584336,227.12918329754845,573.676557392226,194.96047303001035,158.2787335513347,172.16102296036013,303.3908524881544,1.529341609564277,218
8.23,11.6327,0.0387,0.0079,187.07745040613676,227.74646136399255,572.3732160375405,195.49823638119764,159.80952773929647,172.39988958268393,304.3998086380805,1.5378160459968404,218
8.24,11.4107,0.0382,0.0095,186.6307486264736,227.202650501794,568.2503094977004,194.76441226579024,159.27293061617203,171.79472175404482,303.9356812294778,1.5463691516511702,218
8.25,11.1887,0.0391,0.0097,186.97739343456607,227.62465287686317,564.0705637332044,195.0192732464564,160.98782958675164,171.69868072439735,304.9064082760471,1.5624985042106951,218
8.26,10.8683,0.0397,0.0107,187.02497016930536,227.68257238002397,557.916422298495,194.8637268369893,162.35952694492948,171.2557496545461,305.53858938079844,1.58245026974747,218
8.27,10.7177,0.0402,0.0102,187.09714246275388,227.770434302483,555.0156169715685,195.06267708059863,163.49265224077865,171.14717973416975,306.0982086623044,1.5924588097465888,218
8.28,10.6714,0.0398,0.0097,186.87500933963216,227.50001136998696,554.1630684778271,194.71368399665556,162.91715493991333,170.9560335984919,305.7842189142391,1.5931145593670144,218
8.29,10.544,0.0404,0.0095,187.15915555839385,227.84592850587077,551.6920303077234,194.8483196466516,164.0066239596086,170.93004738057957,306.4459379811477,1.6038312192661857,218
8.3,10.5131,0.0418,0.0088,187.9808872659112,228.8462975411093,551.1370787549016,195.731796837596,166.26996464521957,171.39904532463302,307.893299206092,1.6133478457214483,218
8.31,10.4011,0.0421,0.0088,188.09142229864696,228.9808619287876,548.9525442264764,195.6940283882805,166.87457534151164,171.2938366083354,308.2491399204255,1.621627723009207,218
8.32,10.3832,0.0428,0.0088,188.51537012783015,229.4969723295324,548.6568428962036,196.13599969386607,168.0131594686515,171.54325091979737,309.00072468470273,1.6265829164766443,218
8.33,10.3838,0.0435,0.0089,188.95391893041443,230.03085782833065,548.7345863417394,196.61782335939225,169.12841073800016,171.8331893695543,309.747336719466,1.6304240666598464,218
8.34,10.3845,0.0444,0.0093,189.49721254658897,230.6922587523692,548.8154308275347,197.2247019594672,170.551876730801,172.18459628329586,310.66748792554193,1.6352453322680325,218
8.35,10.4436,0.0443,0.009,189.5558403377139,230.7636317154778,550.0703838015147,197.32476656110748,170.34620259178098,172.3505229643242,310.6836579311237,1.6315230105260088,218
8.36,10.6521,0.0444,0.009,189.87019404956365,231.14632319077316,554.3048309722532,197.8972753410303,170.2905097570374,172.9317070323204,310.9143381434047,1.6202943096334868,218
8.37,11.0381,0.0445,0.009,190.33164163663787,231.7080854706896,561.958834994774,198.8604388321103,170.05562334153626,173.91064425114314,311.1813178551393,1.5995018393619596,218
8.38,11.4705,0.0447,0.009,190.99649005658287,232.51746615584003,570.3345717512495,199.77102092307123,169.73837737009632,174.99878881538734,311.5454260250864,1.5788760490474794,218
8.39,11.9415,0.0446,0.0091,191.4479048424279,233.0670145907818,579.237004028438,200.5868119028829,169.0014072846309,176.04144330519372,311.64150920467785,1.5553683123135251,218
8.4,13.0032,0.0453,0.0093,192.72882021127356,234.62638982241995,598.4622166745671,202.9081855902144,168.840251875957,178.50354696550335,312.56414160559234,1.509797122885094,218
8.41,13.3623,0.0472,0.0093,194.0454451338977,236.22923755431023,604.7929472198462,204.76364350272763,171.2887096411287,179.87681583413172,314.3960805179453,1.5030276105913187,218
8.42,13.8951,0.0491,0.0097,195.4326446024435,237.91800212471384,613.9661290454176,206.8552834109324,173.49807282713627,181.54589347829256,316.1997228542607,1.4891361425307557,218
8.43,14.5012,0.05,0.0095,196.2837920340685,238.9541816066921,624.1331309830836,208.38661997964212,174.15676333237843,183.0014651556558,317.14262864093666,1.468602889176167,218
8.44,15.1845,0.0511,0.01,197.22115550029457,240.09531973948907,635.2826599017856,210.11735081540712,175.02582162413424,184.61272350710976,318.24491645218546,1.446912164890411,218
8.45,15.9721,0.0518,0.0105,197.9223396594479,240.9489352375888,647.7496379630039,211.70657889965344,175.24252259305584,186.23336441584493,319.0231879022209,1.4208573701381362,218
8.46,17.2307,0.0534,0.0107,199.1222309333304,242.4096724405761,666.8686587191236,214.41605054391343,176.28221533596712,188.81666775011263,320.5630505497881,1.3838626770780682,218
8.47,17.416,0.0555,0.0116,200.30550464423624,243.85017956689632,669.6796443572995,215.9403608234774,178.96293592028175,189.77644223148985,322.29633303821987,1.3862163613452774,218
8.48,17.4739,0.0593,0.0122,202.30193034595325,246.2806108559431,670.6091409446208,218.25514290242137,183.99594638687876,190.9763317938218,325.1881422879933,1.3991318353862083,218
8.49,17.4585,0.0596,0.0107,202.50123335005168,246.52324060006293,670.4573828357084,218.44427210369145,184.43505860738168,191.09468059030337,325.4964572965434,1.4009636019468692,218
8.5,17.3079,0.0617,0.0099,203.5555772259732,247.80678966640215,668.3180749339623,219.47592505625704,187.3939403982296,191.46841550680836,327.04146783343174,1.4140389415348118,234
8.51,17.0724,0.0631,0.0099,204.2255964411428,248.6224652326956,664.9074283695196,219.98968258197684,189.5227189832607,191.50984143815325,328.0610954078637,1.4273598529399232,234
8.52,16.918,0.0633,0.0096,204.33156125508867,248.7514658757601,662.6803356200425,219.93510449985524,189.98417306947013,191.3721769721872,328.27154408075813,1.433575165675411,234
8.53,16.9296,0.0633,0.0093,204.38806594066227,248.82025418863236,662.9299793734895,219.98749514666136,189.9960489090007,191.45348933108852,328.3706466123716,1.4333577211986186,234
8.54,16.5705,0.0627,0.009,204.04650267110915,248.4044380343937,657.5987893448222,219.2108732795555,189.63128775025228,190.7746411142141,328.00952897028134,1.4438494799722243,234
8.55,16.4045,0.0622,0.0088,203.8062742203903,248.11198600743168,655.1500388458636,218.74266747946632,189.1788390222343,190.43364342673465,327.7409125643541,1.4480578974953926,234
8.56,16.2964,0.0617,0.0093,203.58306907326664,247.84025800223768,653.5747458137971,218.35045299813044,188.6577970142434,190.18681239564447,327.47802882863266,1.4502319813267404,234
8.57,16.1111,0.0602,0.0084,202.84745940324564,246.94473318655992,650.7987515665275,217.28144084223848,186.8763468505749,189.5479222013285,326.50074280229006,1.451434942904747,234
8.58,15.8988,0.0581,0.0081,201.795135968093,245.66364378724367,647.5835860293623,215.81475686480672,184.29153193392708,188.6906471013551,325.06112390613833,1.4512672713537087,234
8.59,15.6208,0.0576,0.0081,201.4935641255857,245.29651284853915,643.3090625775909,215.1656736186282,183.94154250447508,188.13788602139417,324.7493966824888,1.4597693044798823,234
8.6,15.4316,0.0572,0.0082,201.2700674655197,245.024429958024,640.3957388503211,214.6954944382456,183.6284830442869,187.7601574278846,324.521584961345,1.4654761284060351,234
8.61,15.0842,0.0562,0.0082,200.67232444688213,244.2967428049,634.9233667809546,213.63610809208012,182.6642856702764,186.93215898691136,323.81900846387424,1.474946487867969,234
8.62,15.0898,0.0555,0.0084,200.3773825279515,243.93768307750625,635.0869784267383,213.26513706253576,181.70841184278788,186.80804788625463,323.38765657736803,1.472099001808409,234
8.63,15.0955,0.0555,0.0086,200.4318044007188,244.0039357921794,635.252121096262,213.30764096566483,181.72456280834828,186.87843228794424,323.4834349316188,1.4720629016779658,234
8.64,15.1512,0.0554,0.0084,200.45846003546677,244.03638613013345,636.2187344067569,213.3647099801953,181.5460906276063,187.00978303534424,323.5111918834985,1.4697013031165596,234
8.65,15.2772,0.0552,0.008,200.46438747588667,244.0436021445577,638.3063578774141,213.4657306245928,181.15242843099756,187.23694496224888,323.4735945261333,1.46425986766741,234
8.66,15.5281,0.0551,0.0079,200.56796763853464,244.16969973386827,642.3635022974938,213.80700232065556,180.76631823154665,187.70870679249495,323.53089972925443,1.4545624345022907,234
8.67,15.6826,0.0549,0.0078,200.5764967686975,244.18008302276215,644.8706640027731,213.94639199984465,180.35062375556345,187.9800834788724,323.496127008694,1.4481801733843498,234
8.68,15.6787,0.0527,0.0078,199.4907654057896,242.85832310270035,644.8829948290706,212.65924856721128,177.3357521176815,187.39639626588337,321.8740171277553,1.4395163749635704,234
8.69,15.505,0.0522,0.0078,199.2176964533623,242.525891334528,642.2178656403413,212.1382526422061,176.83620964225577,187.0078802892193,321.54252313961666,1.4440813666869656,234
8.7,15.2232,0.0523,0.0075,199.21139551754231,242.51822063005156,637.8059422877835,211.8170169979297,177.2829689809986,186.603881288354,321.67246709025187,1.4553222530229852,234
8.71,14.922,0.052,0.0071,198.9770751962335,242.23296110845817,633.0267675664411,211.2163928930777,177.19553845759745,186.0382479278336,321.4778856785078,1.4658530849386242,234
8.72,14.889,0.0512,0.0074,198.59507068000897,241.76791213218485,632.5644519537251,210.711104319688,176.1233884197478,185.7990328001388,320.9184795601585,1.463939962528828,234
8.73,14.8741,0.0512,0.0071,198.6392099842577,241.8216469373572,632.3934080279353,210.7215878015176,176.16092552254662,185.83144755050665,321.00917180534555,1.4647059683218762,234
8.74,14.8807,0.0512,0.0069,198.69294885824948,241.88706817526025,632.5716488704576,210.7647569425577,176.17634025278656,185.9024751293837,321.10321630585923,1.4646326273904575,234
8.75,14.8873,0.0518,0.0069,199.06078046233196,242.33486317153452,632.7504278656447,211.17462080607484,177.03840248021774,186.15338044650963,321.6840290037136,1.467096003048037,234
8.76,14.9876,0.0524,0.0067,199.4687303464883,242.83149781311616,634.4465047279308,211.7246868249441,177.80053082225115,186.5708898269555,322.27512021183384,1.4658973572603629,234
8.77,15.1382,0.053,0.0065,199.8959028304375,243.35153388053263,636.9453994339151,212.3476111250851,178.5067526808309,187.07566492292676,322.8695325601864,1.4627661327065111,234
8.78,15.1768,0.0536,0.0069,200.27268889629136,243.81022996070257,637.6384246854348,212.7997117629302,179.32633373878883,187.37857263335124,323.4417098192432,1.463943917647788,234
8.79,15.1768,0.0538,0.0063,200.42634907948835,243.99729453155103,637.7084558690959,212.95273608416463,179.62744814240986,187.4958284032891,323.6915559261557,1.4649535806713585,234
8.8,15.2502,0.0539,0.0065,200.55970066959,244.15963559776176,638.9572869174388,213.15581917809448,179.7117349634021,187.71438332396795,323.874421249868,1.4627346207468144,234
8.81,15.1575,0.0539,0.0061,200.571281154901,244.17373357987947,637.5413922634184,213.05012943920204,179.83143562467637,187.60886848925549,323.95287890008325,1.4664717216200338,234
8.82,14.7328,0.0539,0.006,200.42611539243225,243.99701004296105,630.728653188894,212.4372160767856,180.31041564954856,186.9016086841544,323.9777299664194,1.483226138156384,234
8.83,14.6093,0.054,0.0061,200.46572476851208,244.04523015297124,628.7746967479402,212.33881311436784,180.60873243904928,186.76273074516536,324.128530159459,1.4887357153365794,234
8.84,14.4973,0.0541,0.0061,200.5088076418125,244.09767886829343,626.9993220455237,212.25663299765665,180.8959531204228,186.6432429797489,324.2808835571631,1.4938279362085924,234
8.85,14.3661,0.0542,0.0064,200.53911025791348,244.13456900963385,624.8967012313431,212.14286643140207,181.20653471257165,186.48623994124404,324.4297096644996,1.4997364071737176,234
8.86,14.2889,0.0541,0.007,200.4965187299897,244.0827184539005,623.6835254474639,211.99316949254887,181.17436545834664,186.37154155156068,324.43158075690883,1.5026541675663716,234
8.87,14.0572,0.0541,0.0082,200.41241896742704,243.980336134259,619.8741525867555,211.6557789315314,181.4631707993974,185.99162675926388,324.4849264502932,1.512392108320438,234
8.88,13.702,0.0536,0.0075,199.98871390551847,243.46452127628336,613.9103602329853,210.80973220365928,181.1924758392701,185.222693643554,324.12449993357114,1.5254758069594492,234
8.89,13.1847,0.0524,0.0072,199.0753995275126,242.35266029436315,605.0185291661974,209.24931720889472,180.1134270585222,183.9107543433482,323.17182301594374,1.5431144856901733,234
8.9,13.0264,0.0509,0.0072,198.2470234172614,241.3442024210139,602.3006184013753,208.08790148411967,178.14249787157186,183.20635565754685,322.01673288196554,1.5438955524731763,234
8.91,12.8334,0.0491,0.0072,197.2217822747028,240.0960827692034,598.9429671115047,206.66089404971453,175.74752322778167,182.32440200539276,320.5687157191928,1.5448630074258292,234
8.92,12.8265,0.0482,0.0072,196.79535419943943,239.57695293844804,598.886447248568,206.1100175078932,174.44287817393817,182.0873319963454,319.88816964489416,1.5413247257540954,234
8.93,12.8364,0.0472,0.0072,196.32286984328596,239.0017545918264,599.1294180073902,205.51995035698823,172.96575245652102,181.84758644397496,319.1097798306751,1.5365199159907907,234
8.94,12.8464,0.0473,0.0072,196.43311684236448,239.135968329835,599.3740588808337,205.63067944998485,173.12234020354927,181.9565339088136,319.2898248404732,1.536713772026518,234
8.95,12.9183,0.0471,0.0073,196.4293190804956,239.13134496755984,600.7200035216679,205.65815002364027,172.7640789890594,182.09538314308475,319.21744777494007,1.5327374267662843,234
8.96,13.7329,0.047,0.0074,196.96291039348648,239.7809343920705,614.9842762740758,207.016027788012,171.77657967957856,183.73053388101667,319.3639154027627,1.4968987299709562,234
8.97,14.339,0.047,0.0074,197.3387852508124,240.23852117490208,625.2825041097589,208.0416693214851,171.2073530579843,184.9340841602942,319.5561680088273,1.4720125415460403,234
8.98,14.8834,0.0472,0.0076,197.7436707423631,240.7314252515725,634.3165276085626,209.0662978716516,171.01692291932238,186.0522560682094,319.9109638907003,1.4514856095212472,234
8.99,15.4741,0.0474,0.0078,198.12351859546823,241.19384872491784,643.8885648033939,210.13743764055087,170.81016293116693,187.2215330643513,320.26923453121583,1.4300133019369237,234
9.0,15.9721,0.0486,0.0078,198.990072792346,242.24878426894296,651.7980326427167,211.6671026040153,172.09818887270734,188.52640321267853,321.4775902464707,1.41708229767545,263
9.01,16.308,0.05,0.0082,199.89736236539,243.3533107056921,657.0736081454586,213.05589683770705,173.78152620542792,189.5970284911626,322.8070368353198,1.4111737464593497,263
9.02,16.2578,0.0514,0.0082,200.69324195772796,244.3222076007123,656.372377109204,213.86845422352383,175.77587371812012,190.0063324435903,324.0515268071885,1.419015169383173,263
9.03,16.1767,0.0525,0.0082,201.30878553771888,245.0715650024404,655.1916752999178,214.44695235619017,177.38232567082818,190.26214555872875,325.023865590052,1.4266600104817126,263
9.04,15.9837,0.0524,0.008,201.24879422284468,244.9985320973761,652.2656963203314,214.13750885450847,177.4433191629075,189.96197557496328,325.0054530610971,1.4334121599472571,263
9.05,15.6671,0.0524,0.0078,201.195301929406,244.9334110444943,647.3704998281721,213.70027428148344,177.76053930130846,189.473721581622,325.0482475976041,1.4452484217564827,263
9.06,15.3042,0.0521,0.0076,200.9527766671985,244.6381628991982,641.670920214287,213.00282452832343,177.71281909751872,188.8033622701637,324.84014234887286,1.457844479170772,263
9.07,14.6634,0.0515,0.0082,200.40771824325932,243.97461351353317,631.3435505336226,211.6738314660092,177.5276735481907,187.5212300002394,324.3392256097512,1.480457479342148,263
9.08,14.451,0.0501,0.0069,199.61413972320943,243.0085179239072,627.8991561166832,210.5075213067204,175.77584505701816,186.75727045777293,323.2344371095427,1.4831631630203308,263
9.09,14.1151,0.0494,0.0069,199.11537682365,242.40132830705213,622.3516670462036,209.55896639631385,175.13306380429967,185.9655116987912,322.6774249661559,1.4940185532578965,263
9.1,13.6634,0.0477,0.0068,197.9930210096528,241.0349820987078,614.7345065008071,207.770399812846,173.15098601438032,184.61578030366903,321.2238270276572,1.505624824574629,263
9.11,13.1036,0.0459,0.0067,196.70252477733573,239.4639432071913,605.0552136711508,205.68507929392595,171.0943335840133,182.97789834396008,319.611387544509,1.521970839577222,263
9.12,12.5747,0.0435,0.0069,195.0410614956476,237.44129225557103,595.6734348524527,203.1983784452901,168.0542812024942,181.1417901996521,317.3791081306708,1.534795704300708,263
9.13,11.9879,0.0406,0.0067,192.9700639000436,234.9200777913574,584.9617163418291,200.1782156493152,164.21223279553806,178.92678892043128,314.52121560276987,1.54842836877361,263
9.14,11.4088,0.0385,0.0069,191.2702859946368,232.8507829499926,574.06590740403,197.6163811174869,161.50239155795666,176.92803786457944,312.32921778087547,1.5664803745105045,263
9.15,10.6482,0.0361,0.007,189.0739929407007,230.1770348843313,559.1962742741791,194.38550273890047,158.42881729002698,174.29854336576471,309.6542694376713,1.5934430782679077,263
9.16,10.212,0.0374,0.0074,189.47071576432987,230.66000180005372,550.3946096559147,194.27233449207847,160.90755967640837,173.8141239110782,311.0713675691277,1.6260559115611346,263
9.17,9.8799,0.031,0.0067,185.12293168227365,225.3670472653766,543.5440733574181,188.8413994048139,150.56557002979508,170.36637626556254,303.5829566977959,1.6078176100787265,263
9.18,9.5518,0.0292,0.0066,183.58732141187832,223.49760867533013,536.635143507262,186.6421736223485,147.70272960731427,168.7513037412096,301.2391094788104,1.616434071563714,263
9.19,9.1696,0.0282,0.0065,182.365710968576,222.01043074435336,528.386581417713,184.99186765702356,146.32349059439449,167.32801823801762,299.869542289687,1.6330331242550002,263
9.2,8.6986,0.0275,0.0065,181.1982202893519,220.58913774355884,517.9067308950166,183.24728455571935,145.47538225827788,165.76626818191045,298.8568751778415,1.6587837288776976,263
9.21,8.409,0.0267,0.0065,180.2070858081133,219.3825392446597,511.3070274749752,181.83963559876307,144.27225006348218,164.6059849007592,297.7193170218289,1.6729452623391183,263
9.22,8.3665,0.026,0.0074,179.69985888121707,218.76504559452516,510.3772745302419,181.1539188612935,143.02113445291175,164.17314442785437,296.76319485511283,1.6711849139357222,263
9.23,8.1532,0.0254,0.0069,178.9423220738264,217.84282687248435,505.4198880973089,180.0800691299848,142.08802665086506,163.29629836536594,295.8884391151702,1.6819297422117074,263
9.24,8.0475,0.0246,0.0097,178.23170397824126,216.9777265822068,502.97380010267705,179.1137366455537,140.6707205216412,162.60632207166762,294.7122712044011,1.6838008668756494,263
9.25,8.0335,0.0246,0.0101,178.24853286263195,216.99821391972583,502.69508774299095,179.09496987889668,140.69503960987157,162.61444809844522,294.7891353170892,1.6849905915809775,263
9.26,8.0397,0.0236,0.008,177.5953107524788,216.2029870030177,502.8874790661213,178.24941867524876,138.79221173652428,162.1219844255885,293.2848775110574,1.6774501054970938,263
9.27,8.0458,0.0232,0.008,177.36270388989,215.91981343117047,503.0869264676553,177.93022447618378,138.03330288936598,161.95839391574572,292.7154046361939,1.6742454455902362,263
9.28,8.0615,0.023,0.008,177.2906701516021,215.83212018455907,503.515376270127,177.81563130905406,137.65152693356188,161.93601747719222,292.47011065680346,1.671842661724983,263
9.29,8.3743,0.0237,0.0081,178.40601732094507,217.1899341298462,510.9444975534288,179.3270220038724,138.79332557937653,163.28071383470336,293.7750000689934,1.6556121362789888,263
9.3,9.1117,0.0244,0.0084,180.1876364566756,219.35886177334416,527.7390077754437,181.85680805695608,139.61084445150277,165.72642182251403,295.1533076102248,1.6134465162076492,263
9.31,9.7178,0.0245,0.0082,181.02878659085945,220.3828706323506,540.9372962065709,183.60716859136252,139.59985029831043,167.37724111444788,295.5313914240801,1.5768782219135784,263
9.32,10.4436,0.0246,0.0084,182.07707195500845,221.65904411914076,556.0856222874933,185.369702545462,139.4093201869504,169.2300542207507,295.925940713569,1.537931412432349,263
9.33,11.3084,0.0271,0.0086,184.74892406864348,224.91173364878335,573.3038375574353,189.36020915622132,143.31212582907935,172.61206113445908,299.93074598372647,1.5095511755459616,263
9.34,11.9802,0.0295,0.0088,186.9984922117192,227.65033834470165,586.1437239589934,192.66490845522785,146.9554988885006,175.33487487655887,303.46947355265434,1.491742211687283,263
9.35,12.7562,0.0304,0.0097,188.1908681127077,229.10192639807897,600.4311475347727,194.9160315094069,148.0417476775158,177.4213291029688,304.8814467320499,1.461675501794127,263
9.36,13.5399,0.0314,0.0111,189.3475393940548,230.51004795797976,614.3312458840892,197.1686583079873,149.26810982757922,179.4858828310327,306.38489734092724,1.4337997710129362,263
9.37,14.6865,0.0332,0.0103,191.06769943401335,232.604155832712,633.768239268936,200.54243415067705,151.52087498169934,182.49548604062025,308.88229701574926,1.3978034725897857,263
9.38,15.2309,0.0358,0.0099,192.968418502836,234.91807469910472,642.7070844152486,203.30976828872636,155.1233462793543,184.66091573482245,312.09300595375106,1.390760649887944,263
9.39,15.7868,0.0378,0.0099,194.42364003454372,236.68964873770545,651.6364374846629,205.60849887605505,157.76417602773273,186.51124815855005,314.474518345676,1.3804637521725496,263
9.4,16.4316,0.0408,0.01,196.4536723255063,239.1609923962685,661.7468706398852,208.64033749484872,161.70322687119832,188.83828990042133,317.7919958159826,1.372079161543897,263
9.41,16.8987,0.0424,0.0101,197.5400874393929,240.48358470882616,668.9405494338276,210.41666695099408,163.69847279082208,190.2645941465798,319.5373328718082,1.3635481563843477,263
9.42,17.1612,0.0459,0.0098,199.6901432113074,243.1010439094177,672.9605320033379,213.05411365188792,168.38697325615814,192.0035634046988,322.9727902886473,1.3704535608449309,263
9.43,17.2577,0.048,0.0096,200.9576150866282,244.64405314893872,674.4736955859232,214.52807849052328,171.21252173794136,192.9303872737878,324.95726295150337,1.3764499876450105,263
9.44,17.2346,0.0505,0.0096,202.40656999579247,246.40799825574737,674.199456712677,216.04962419051785,174.6433517392771,193.76484969888847,327.1936888282919,1.3879408986242396,263
9.45,16.9219,0.0499,0.0095,202.0723449162317,246.00111555019515,669.570578133686,215.26660344483344,174.08454423699848,193.1198364492832,326.72893520078,1.396257371836948,263
9.46,16.3891,0.0506,0.0097,202.39683177270257,246.39614302763792,661.5082729049718,214.93560004327887,175.4771866758261,192.51119371222305,327.33126426151256,1.4180243863634352,263
9.47,15.7791,0.0507,0.0098,202.33051310005652,246.3154072522428,652.0621435542492,214.1011624095549,176.14215158625296,191.5502039396566,327.4109072901685,1.4407838863724585,263
9.48,15.3235,0.0508,0.0105,202.2751150331393,246.2479661273,644.8752671701458,213.48184363068157,176.70019459386134,190.8309344697378,327.5112302164705,1.458528373932342,263
9.49,14.6749,0.0507,0.009,201.99523160809855,245.9072384794244,634.3716195678925,212.4078858464532,177.17845726507932,189.6707285389324,327.40989306561204,1.4836482141568117,263
9.5,13.6248,0.0507,0.0084,201.46139098120557,245.2573455423372,616.6965707946443,210.66576474082464,178.2517779971673,187.7086064394265,327.31725869049137,1.527475370092268,271
9.51,13.316,0.0491,0.0086,200.46223924100744,244.040986902096,611.3844184538558,209.1634772623816,176.27937916581465,186.64725011285927,325.9870787838338,1.5341070989090495,271
9.52,12.9029,0.0475,0.0084,199.3617417387436,242.70125081238348,604.1315131128724,207.44278681716764,174.38542623159762,185.34609480321544,324.59674378329,1.5456095286261151,271
9.53,12.455,0.0442,0.0084,197.26157093324133,240.1445211361199,596.0958693444396,204.51386543746375,169.93668463426636,183.36025114505463,321.5738297829725,1.5510984279161883,271
9.54,12.1384,0.0431,0.0083,196.43281811666787,239.1356046637696,590.3232188645993,203.20922813742945,168.6021434558186,182.35309241757292,320.5459794830418,1.56104503350767,271
9.55,11.9939,0.0433,0.0088,196.46551254721453,239.17540657921768,587.69188445663,203.0861474428155,169.07198526491547,182.16190388173047,320.79555506467534,1.5692194125027814,271
9.56,11.986,0.0421,0.008,195.830809408843,238.40272449772195,587.6020379192233,202.2971840009644,167.25526791132512,181.7731052501987,319.7087071146985,1.5638938444207042,271
9.57,11.9985,0.041,0.0077,195.2600893038982,237.7079348047457,587.8958014386001,201.6065630992453,165.5637371033382,181.45405730897764,318.6969568347065,1.5579752341912163,271
9.58,12.011,0.0406,0.0075,195.0863769590461,237.49645890666488,588.1897620430002,201.3854104667329,164.9501869258538,181.38630559939105,318.37759618535654,1.5555350521657605,271
9.59,12.1655,0.0402,0.0074,195.0296869541627,237.4274449876764,591.1289278494744,201.4423317560893,164.20714871681116,181.62384808758733,318.0820865838299,1.5462376615066926,271
9.6,12.177,0.0399,0.0074,194.9098295293533,237.2815316009518,591.4033164839167,201.28589979851577,163.750298400776,181.58826544159368,317.85851645478044,1.544344755759878,271
9.61,11.845,0.0398,0.0076,194.61550601870397,236.9232247184222,585.2529155551031,200.58571121854345,163.9117873814428,180.8815492698373,317.77353948393426,1.5601328362796765,271
9.62,11.5323,0.04,0.0074,194.4386275850881,236.7078944514116,579.3617181138353,200.1770512981072,164.59968718327292,180.31313590824823,318.0013951910346,1.5765203306244313,271
9.63,11.1771,0.0402,0.007,194.29810345695,236.5368215997653,572.537351609104,199.536207430696,165.21645940695123,179.6288497451419,318.2176238869905,1.5965375067779273,271
9.64,11.155,0.042,0.007,195.36825356069176,237.8396130304074,572.1634811884904,200.7014684920669,168.05014574025572,180.2837355657493,320.114191211418,1.6073323664136192,271
9.65,11.1569,0.0464,0.007,197.76782202283883,240.7608268104125,572.2594385114437,203.66591648981284,174.93379349666222,181.83759483142325,324.3727220826185,1.6286420134858248,271
9.66,11.1588,0.0457,0.007,197.44719192824644,240.3704945213435,572.3553447399627,203.24213567946356,173.869564396603,181.66506888322272,323.8175956774164,1.6253982402827645,271
9.67,11.5053,0.0466,0.0071,198.39166173917255,241.52028385638403,579.1393040168307,204.4993540205969,174.78049832372315,182.81495433458656,324.79809049179875,1.6122022779695293,271
9.68,12.3122,0.0475,0.0076,199.5900831442628,242.9792316538852,594.3916384710153,206.81375916159897,175.3573010985579,184.95457448928877,325.85536363747565,1.5757108516806728,271
9.69,13.177,0.0476,0.0084,200.41400400265212,243.98226574235915,610.0696491424261,208.45696169306865,174.5420345975487,186.85761129574468,326.19343586853074,1.5367668675058948,271
9.7,13.98,0.05,0.0089,202.2574246225597,246.22642997529013,624.0761121404939,211.4009756630992,177.23974519261628,189.2813863448784,328.5154943822978,1.5127955518540923,271
9.71,14.7637,0.0521,0.0095,203.82643518704535,248.13652979292485,637.2809090716863,214.02941638438452,179.47429639981056,191.48131901251344,330.4967317685852,1.4898391819599996,271
9.72,15.2849,0.0546,0.0093,205.4103458691364,250.06476888416609,645.8472342308635,216.39121606504636,182.467421871267,193.24570429168855,332.6885906325521,1.4799265238004238,271
9.73,15.7135,0.059,0.009,207.86334574060905,253.05102959726315,652.7709750583174,219.63573094212805,188.06148376420296,195.3247204750637,336.2137612689539,1.4812621938299473,271
9.74,15.8756,0.0596,0.0085,208.2725609128789,253.5492045895917,655.4000670676108,220.2565900588145,188.72454325034565,195.83386436727304,336.7693730123464,1.4776742121101036,271
9.75,15.6903,0.0599,0.0089,208.39712394934168,253.70084654702464,652.5350204763719,220.1674580465288,189.33688021410956,195.64035043186144,337.04747761069507,1.4859701582811131,271
9.76,15.3776,0.0599,0.0092,208.3123470792441,253.59763992255807,647.6034761884778,219.7041379777007,189.683488834495,195.12964354800263,337.0846851265744,1.498101599302026,271
9.77,15.1614,0.0594,0.0099,208.01607523901745,253.23696116054296,644.1780317670923,219.10564325903528,189.2550112153421,194.6521686804504,336.76952839512245,1.5047502168107707,271
9.78,15.1717,0.0588,0.009,207.77439128755665,252.94273721963415,644.4076369749838,218.81138675343487,188.4471368303171,194.56256100724408,336.4141012029908,1.502189781596996,271
9.79,15.182,0.0584,0.0091,207.6299216586321,252.7668611496391,644.64022903121,218.62982814870267,187.91037624972503,194.5266249336408,336.2043134448954,1.5003941197808346,271
9.8,15.2217,0.0586,0.0091,207.79600566088143,252.96905036976875,645.3487950121572,218.83673963559,188.15979905105323,194.71027447263975,336.4471625586499,1.4998045308599013,271
9.81,15.4278,0.0587,0.0095,207.9861471137765,253.20052692111923,648.7391699000195,219.25321606964548,188.1007819421245,195.1706666216204,336.64209203978874,1.4923805791964433,271
9.82,15.9335,0.0591,0.0103,208.43528075842983,253.74729831461025,656.849142510265,220.3053961529037,188.1500169903702,196.24535592775257,337.10674105060025,1.47495523583235,271
9.83,16.6091,0.0595,0.0106,208.90265514861977,254.31627583310237,667.4188624260372,221.593174801706,188.05288229771813,197.5888563410646,337.5931004051728,1.452026179510627,271
9.84,18.1611,0.0598,0.0109,209.4054327243084,254.9283528817668,690.654881368861,224.04079995573892,187.0952026013784,200.2871691111701,338.12425156062875,1.4004169937788584,271
9.85,18.5742,0.0612,0.0105,210.21049715033695,255.9084313134537,696.6826930616176,225.42273955739347,188.5835931594414,201.38008510344915,339.2866263992487,1.3925001457000548,271
9.86,19.1186,0.0933,0.0101,224.64073186475008,273.4756735744784,704.4822306913518,242.17696603963225,227.5807535977308,209.48139547292925,358.5733458419592,1.4788331027948165,271
9.87,19.4004,0.0946,0.0101,225.271667422816,274.2437690364717,708.5016094914195,243.1687573444043,228.7880177059835,210.22370909539455,359.3499939087516,1.4738148110261935,271
9.88,19.3271,0.0968,0.0097,226.1522713156472,275.3158085581792,707.5478018394498,244.0844047483648,231.47605726525077,210.56971637309988,360.5078222109535,1.4823600354583546,271
9.89,18.7248,0.0991,0.0088,226.8832894645671,276.2057436959947,699.1107239759847,244.31572169518276,234.9542296294114,210.0799379268972,361.61786639930136,1.507950206322235,271
9.9,18.6823,0.1029,0.0084,228.3103860653765,277.94307868828446,698.5730049326428,245.9303732756052,239.4543421008115,210.72732413470612,363.4779273230024,1.5196423513964987,271
9.91,18.6013,0.1047,0.0085,228.9758200704147,278.7531722596353,697.4845415983125,246.61598717882683,241.66672446342875,210.9580528806988,364.3796203491429,1.5271606741512078,271
9.92,18.5259,0.1055,0.0086,229.28102092571848,279.1247211269616,696.4730856028106,246.8808140241551,242.7126134754168,211.02710615878303,364.8224832544464,1.5318746352374704,271
9.93,18.5064,0.1059,0.0085,229.4666623427944,279.3507193738367,696.2621516554227,247.05352023365907,243.2186447298002,211.12051607947183,365.0922150521847,1.5337246838784595,271
9.94,18.5615,0.1063,0.0084,229.6835177354612,279.61471724317016,697.1224376921856,247.3298269935241,243.62011907265568,211.3361448565876,365.37226020981694,1.5331294463279883,271
9.95,18.6167,0.1065,0.008,229.82976178912992,279.792753482419,697.9819850018837,247.52199514322248,243.79091428108205,211.51864015436607,365.5625716519415,1.532021351069437,271
9.96,18.7055,0.1066,0.0078,229.9543290791959,279.9444006181516,699.3208085810377,247.7187943546132,243.8002952492349,211.73923972785627,365.71298243441305,1.5295684050020075,271
9.97,18.6785,0.1065,0.0078,229.96095339548827,279.95246500320314,699.0045105551471,247.67104792143644,243.73989228709004,211.7377734968104,365.75730628212153,1.5303650797350794,271
9.98,18.7248,0.1065,0.0078,230.03258309068215,280.0396663712653,699.735280494145,247.76692948068916,243.69336833924825,211.8723121085258,365.8567891266261,1.5290388276714706,271
9.99,18.775,0.1046,0.0078,229.4308691100465,279.30714500353486,700.5206946989599,247.0683454745165,241.45535691074343,211.69649653247228,365.10134639853794,1.5226796512789025,271
10.0,18.5434,0.0992,0.0086,227.431872883466,276.8735843798716,697.2785548276153,244.46200891665924,235.5115646859973,210.44933637137584,362.6526656875285,1.5160559678258196,333
10.01,18.0762,0.0954,0.0105,225.88477631358853,274.9901624687165,690.5888488983693,242.16606668853245,231.67069538546556,209.05686790484447,360.8389899978978,1.5212531782472591,333
10.02,17.9242,0.0932,0.0082,225.0400578473714,273.9618095533217,688.4266479380407,240.99709602793035,229.2731243936588,208.4567194287632,359.81462522531587,1.520376666922458,333
10.03,17.9008,0.0933,0.008,225.1204820751524,274.0597173088812,688.1506165250906,241.0391798158226,229.4405244578421,208.4938697961321,359.95214109291504,1.5216281996331669,333
10.04,17.8997,0.0934,0.0078,225.20975647308097,274.16839918462034,688.2017970718467,241.11314205114172,229.5788355150395,208.5683350176704,360.0928824330977,1.52212552370962,333
10.05,18.0382,0.0935,0.0078,225.35410473481784,274.3441275032565,690.2989672894859,241.3871896671696,229.53622282241392,208.87630313283677,360.2542459569421,1.5179137704103218,333
10.06,18.1766,0.0936,0.0078,225.4963331871249,274.5172751843259,692.3854144701264,241.6600553910206,229.49533159827524,209.18270694024093,360.4153660029583,1.5137398435032,333
10.07,18.3851,0.0937,0.0078,225.6611941970463,274.7179755442303,695.4768093212302,242.03073303011809,229.36748889604095,209.60300532700023,360.5864530982567,1.507285109967948,333
10.08,18.4121,0.0934,0.0078,225.60630387994743,274.65115254950126,695.9351432654587,241.96541023776277,228.99615239247584,209.64935010171567,360.53059769669335,1.5057224993261311,333
10.09,18.5086,0.0932,0.0095,225.6129181188603,274.65920466643865,697.399223684253,242.0427756280412,228.65657266808427,209.82772985775875,360.534520139541,1.5021519690399043,333
10.1,18.1148,0.0923,0.0084,225.17805820042395,274.12980998312486,691.7586491690022,241.11127701510767,228.0987020451695,209.0680826485433,360.11294423023145,1.5128076206327576,333
10.11,18.0685,0.0921,0.0085,225.1346789669102,274.0770004814559,691.1507550436842,240.98552161437547,227.9365428611825,209.0109195633885,360.09473641605706,1.5139609165109114,333
10.12,17.2423,0.0919,0.0086,224.7611873176455,273.6223149953945,678.9711317401438,239.71708446154625,228.78562541380435,207.6265565485041,359.9583447037719,1.5419435792463494,333
10.13,16.4817,0.0918,0.0095,224.33921857045107,273.10861391185347,667.4390630477127,238.6012468021003,229.7980774341848,206.32007170092885,359.8771798271235,1.5689121019436871,333
10.14,16.3543,0.0916,0.0103,224.2502305975908,273.00028072750183,665.5311227338987,238.32716980214417,229.73184164860515,206.10887892331576,359.8443151891329,1.5732912436793478,333
10.15,15.0649,0.0909,0.0094,223.1889133757583,271.7082423704884,645.0394346722811,235.89945844958208,230.7335383693793,203.61197922488435,359.3568429422947,1.621583691686958,333
10.16,14.6016,0.0898,0.0084,222.45708487928985,270.8173207226137,637.4482491879662,234.63665357568547,230.11094964790425,202.54889308756492,358.7949738163551,1.637549710654295,333
10.17,14.0572,0.0596,0.0088,209.466590564856,255.0028059050421,628.3262571093877,218.52054719922867,191.47909567909983,194.758274473712,340.16405624138724,1.5582198682737098,333
10.18,13.2079,0.0553,0.0082,206.78809503903727,251.7420287431758,613.6043809732943,214.56394281313737,186.4894879382733,191.8748062921697,336.7971286057968,1.578209305437518,333
10.19,12.5747,0.053,0.0078,205.2010399711356,249.80996170399115,602.2547630419759,211.97486434166808,183.88845399668224,189.90342715612684,334.90371840103,1.5983754199050957,333
10.2,12.1037,0.0483,0.0078,202.40489321711232,246.4059569599628,593.5944269448321,208.19440196305464,177.54516876688285,187.4634029448488,330.8737550106753,1.6005428988348098,333
10.21,12.095,0.0501,0.0078,203.39738572539807,247.61420870918036,593.4889955328816,209.29227656309004,180.210338139851,188.06533686139664,332.5320088725544,1.6094371910451528,333
10.22,12.1275,0.0482,0.0078,202.4636416443901,246.47747678447493,594.1551875380318,208.2301705857638,177.40317120123606,187.58631021979724,330.95340564489663,1.5992648416456463,333
10.23,12.16,0.0467,0.0082,201.7227613697728,245.57553558059297,594.8218594892903,207.39592414649155,175.16947598633007,187.21773427055248,329.68409329410565,1.5907881764853078,333
10.24,12.3431,0.0467,0.0109,201.91414242468457,245.80852121265949,598.2944084478327,207.80813849120565,175.01739884917453,187.6720524760568,329.8020708972686,1.5819311340656237,333
10.25,12.7446,0.0469,0.0128,202.36437553703928,246.3566310885696,605.7191190357485,208.79126559819,174.97380156847026,188.65719704988732,330.1450399294456,1.5637421032817345,333
10.26,13.455,0.0471,0.0114,203.06104870153632,247.20475494100077,618.4537396013569,210.2471742541209,174.57085689471054,190.25530605167745,330.54188162674467,1.5330159166306083,333
10.27,14.9375,0.0487,0.0093,204.76420071481692,249.27815739195103,643.6986742991832,213.9186655753009,175.62929630721942,193.7293094153717,332.31925011086827,1.4784740778908394,333
10.28,15.5861,0.052,0.0097,206.86176272192048,251.8317111397293,654.2986070422069,217.02981613332477,179.71501680186452,196.0353445837276,335.351849052226,1.467622793332283,333
10.29,15.949,0.0561,0.0091,209.20220564345237,254.6809460007246,660.1378575404517,220.0454095143732,185.0146515075796,197.98251307642795,338.8178207468294,1.4709129646270325,333
10.3,16.0416,0.0606,0.0086,211.56479254174283,257.55713874646955,661.6613249063449,222.7616446490906,190.97756300831225,199.4745369630696,342.3322757987086,1.485216081166442,333
10.31,16.1111,0.0608,0.0085,211.7363630792315,257.7660072268905,662.8181821214657,223.01177396309512,191.19488102504752,199.70721572372508,342.57399274308955,1.483561289406122,333
10.32,15.3351,0.0608,0.0085,211.46705876379636,257.4381584950564,650.5001469043757,221.77449389078444,191.9767015046176,198.3460920441333,342.53287918224487,1.5133054151895236,333
10.33,14.8448,0.0607,0.0087,211.2206117103713,257.1381359952347,642.5385050390483,220.9184877950478,192.36832061081145,197.44633659181292,342.4611547815439,1.5325871650159746,333
10.34,14.2811,0.0606,0.0089,210.8911714501696,256.737078287163,633.1687653399974,219.90846316257716,192.86149668301192,196.37465707989844,342.3734894348716,1.5556261199481514,333
10.35,13.7213,0.0593,0.0097,209.9195067206605,255.5541820947172,623.6339042951332,218.22488783498272,191.7536344376162,194.94840990016283,341.3921250630922,1.5745906264793512,333
10.36,13.1731,0.0579,0.0095,208.90484649482696,254.31894355891976,614.0553367469481,216.39664246060576,190.4131893916111,193.47516520597333,340.31389205973585,1.5939403686989642,333
10.37,12.6056,0.0558,0.0092,207.4744195990183,252.57755429445703,603.870366519775,214.0818961170596,188.09513569492327,191.71500400122687,338.655705439676,1.612226230548761,333
10.38,12.0998,0.0549,0.0091,206.5605535778527,251.4650217469511,594.5547652177795,212.6186110846714,187.49487731980955,190.38172235526395,337.920585690504,1.6329360986489636,333
10.39,11.6481,0.0542,0.0091,205.7879969584224,250.5245180363404,586.0333882111247,211.29339243344904,187.0645601856255,189.19062810044835,337.3445388112812,1.6530397667774857,333
10.4,10.7795,0.0529,0.0091,204.145405030302,248.52484090645464,568.9956318499479,208.652008547914,186.32357478388064,186.76440687072463,336.170544344543,1.6942795780477429,333
10.41,10.3702,0.0501,0.0091,202.2583541303548,246.22756154999715,560.6984002140466,206.0422031835161,182.6867432889496,184.93921254541283,333.7878461297028,1.7052423978760038,333
10.42,10.0923,0.0492,0.0092,201.45120355835343,245.24494346234331,554.9645295225988,204.852451080898,181.70814729590444,183.9893708137792,333.01613708985985,1.7176452675643945,333
10.43,9.8529,0.0443,0.0095,198.62243407348876,241.80122408946457,549.9527332566511,201.1813079147324,174.39773829479023,181.8132779336246,328.5266037200253,1.70866318583287,333
10.44,9.7255,0.0429,0.0091,197.7252351154914,240.70898187972867,547.2761890725645,199.9665027940337,172.34197183520234,181.03803870206303,327.20578839226874,1.7095940322173426,333
10.45,9.6946,0.042,0.0088,197.23395386668264,240.1109003594397,546.6620111471278,199.30927513943223,170.9477427889922,180.6850198227342,326.37651882332995,1.7070701602651015,333
10.46,9.6637,0.042,0.0086,197.2302573194488,240.1064002149812,546.0467568203651,199.25147636393203,170.99693161082982,180.65000489144472,326.4477959776099,1.709177220606403,333
10.47,9.656,0.0409,0.0086,196.6575467227254,239.40918731462224,545.932183692365,198.51000460112047,169.241492964112,180.2797055638436,325.4001850799566,1.704102825888091,333
10.48,9.6444,0.0389,0.0086,195.55766118021072,238.070196219387,545.7331765029796,197.1275082388856,166.00875281354104,179.54764260259347,323.3614507909406,1.6943170337628144,333
10.49,9.5286,0.037,0.0086,194.32473120146415,236.5692379843912,543.2724564586075,195.5187835424404,163.01086639331243,178.53951129317974,321.31203548677,1.691213134117489,333
10.5,9.4398,0.0344,0.009,192.6736269944668,234.55919808022043,541.3858862426957,193.43083017736652,158.75490048254207,177.27089652056253,318.3376238527853,1.682046718925514,476
10.51,9.4205,0.0339,0.009,192.3795262412472,234.2011623806488,541.0138496568386,193.0311580365694,157.93817337588592,177.0502736645555,317.80399377345515,1.6805030558333645,476
10.52,9.2352,0.0322,0.0088,191.07501635035885,232.6130633830456,536.9742153420947,191.29235494181623,155.209446499665,175.83871606135486,315.7150634816161,1.6822088857346136,476
10.53,9.2025,0.0315,0.0087,190.62030050885957,232.0594962716551,536.2972670837403,190.6913558484714,154.04017473943463,175.4749491065526,314.8816905566484,1.6801833985890051,476
10.54,9.1892,0.0309,0.0086,190.2550409370649,231.6148324451225,536.0510524976422,190.21368417512275,153.02203455231023,175.20482252737006,314.16752254377104,1.6774889778864954,476
10.55,9.2025,0.0306,0.0088,190.1226758471216,231.45369233562636,536.3984461030964,190.03608017348185,152.5015562137113,175.14563737780978,313.847964447556,1.6749408787887432,476
10.56,9.2159,0.0306,0.0086,190.1849739944792,231.5295335584964,536.7461203902848,190.090260354509,152.5029580857638,175.22848542947395,313.9265820156666,1.674274563365227,476
10.57,9.4089,0.0307,0.0084,190.5826426771716,232.0136519548176,541.0616549497257,190.696954700881,152.54150634679274,175.8461035139733,314.183160055364,1.6629086942995048,476
10.58,9.5595,0.0307,0.0085,190.84243430157088,232.32992001930367,544.404487485639,191.109156238928,152.4430116748941,176.29499762595177,314.2952651725214,1.653767629709343,476
10.59,9.6715,0.0317,0.0085,191.6919609380401,233.3641263593532,546.8829685175702,192.1808952340025,154.08431509896408,177.1078989851316,315.71032971639016,1.6532676693956323,476
10.6,9.9224,0.0326,0.0086,192.6532420693176,234.53438164960403,552.3108081348026,193.5142461698564,155.43053899312306,178.22257886424447,316.99717443547536,1.6438130880959632,476
10.61,10.1038,0.0335,0.0087,193.50344224374052,235.5694079489016,556.1980805434955,194.65353549126075,156.8106136155472,179.13944378132524,318.23999542302005,1.6386496551621534,476
10.62,10.293,0.0334,0.0088,193.71953656936944,235.8324793018411,560.2058760097451,195.06359615422977,156.51355264435244,179.62113631685168,318.23585519656194,1.627318267290104,476
10.63,10.4745,0.0337,0.009,194.16990223685207,236.38075054921123,564.0117454123542,195.74320541383275,156.88848394979487,180.25467935117004,318.7231029558368,1.6189545679177508,476
10.64,10.6868,0.0341,0.0093,194.70924875024207,237.0373463046425,568.4049041492394,196.5615659941146,157.40389321491767,181.00070865123763,319.3357414523735,1.6096273169315924,476
10.65,10.6289,0.0343,0.0091,194.8124426350438,237.162973642662,567.2787128055511,196.59015951613367,157.78591123424405,180.99423590116143,319.64171735610154,1.6141524601462776,476
10.66,10.5362,0.0343,0.0092,194.74812447281724,237.08467327125572,565.4368743619257,196.3896927741304,157.86741583762296,180.81324263392207,319.6969002720306,1.6194926526324422,476
10.67,10.4822,0.0343,0.0093,194.7272270604872,237.05923294320175,564.3810540651057,196.28050856658876,157.92067576838008,180.72660702310424,319.7605904531744,1.6227011125463526,476
10.68,10.2583,0.0343,0.0093,194.49797676441133,236.7801456262399,559.797921346931,195.7580821397986,158.10489815640304,180.2124953262686,319.78528512773613,1.63562184254145,476
10.69,10.1154,0.0336,0.0093,193.9198764687276,236.0763713532336,556.8582421336572,194.91365991559715,157.0682401682233,179.58801321511345,318.9716577763708,1.6400170154566207,476
10.7,9.8761,0.032,0.0089,192.62781708758976,234.50342949793537,551.8390157875556,193.14252841249413,154.57753674087297,178.29299086987552,316.9737376143564,1.6448021481437003,476
10.71,9.6637,0.0314,0.0088,191.9907937972961,233.7279228836649,547.3259065914623,192.1636546694684,153.7254572910439,177.50276066622618,316.2185968330578,1.654132273748504,476
10.72,9.1773,0.0293,0.0088,189.935435606408,231.22574769475756,536.6856229069923,189.27087450484305,150.4508904311027,175.22373589581142,313.34005637258264,1.671483363766884,476
10.73,8.9418,0.0288,0.0088,189.26930634990524,230.41480773031944,531.4324563708619,188.24768169021607,149.74440517243497,174.36500045679225,312.6533260441855,1.683693024849929,476
10.74,8.6599,0.0288,0.0088,188.83708034518924,229.88861955066517,525.0186405891991,187.47314246963847,149.95896130984852,173.60748434947968,312.652897102928,1.7027212502341855,476
10.75,8.621,0.0288,0.0088,188.8100540249762,229.8557179434493,524.1649573427853,187.37946167191677,149.99897653245452,173.53986427235117,312.71610406038405,1.7055604531413964,476
10.76,8.604,0.0288,0.0088,188.82096146876935,229.86899657067576,523.8181671670253,187.34800529675084,150.02260631255538,173.5353950408207,312.7851070892119,1.7069112270913336,476
10.77,8.6204,0.0293,0.0087,189.2223017924434,230.35758479080067,524.2470433454591,187.80902123244348,150.91483069930524,173.8760434430515,313.5638743474664,1.709265262443981,476
10.78,8.6368,0.0299,0.0087,189.68623934253367,230.92237833004108,524.6759432562019,188.34549196450007,151.98077558371895,174.26146444798624,314.46952709691794,1.7122349037637628,476
10.79,9.1194,0.0322,0.0088,192.0184530982819,233.76159507616927,535.7349789074425,191.4735975657273,155.61637409167065,176.76039532721182,317.71607929708784,1.6947359597995075,476
10.8,9.4282,0.032,0.0088,192.40956354443423,234.23772953235476,542.6421425658239,192.16721542043948,155.03268982584447,177.56395938212685,317.611512345681,1.673992503455878,476
10.81,10.1347,0.0334,0.0093,194.3177220326298,236.56070508320155,557.8799860211482,195.04279810951343,156.86628083272717,180.1063777583423,319.63011960538626,1.63985966081794,476
10.82,10.212,0.0333,0.0093,194.39361648439797,236.6530983288323,559.5525543526678,195.1805288362571,156.6556260128427,180.30502439091805,319.5982721435867,1.6349672126552317,476
10.83,10.1695,0.0336,0.0093,194.57236725266705,236.87070795976865,558.7130822536681,195.3149746575525,157.19704948299992,180.3772811526574,320.0360326745072,1.6393681786740113,476
10.84,10.0421,0.0338,0.0093,194.57639367441425,236.8756096905913,556.0801790820673,195.1626967145433,157.63802367320213,180.18506202806407,320.3279515205494,1.6481728930038635,476
10.85,9.8799,0.0338,0.0095,194.40182404301103,236.66309013931783,552.6837254253026,194.7719665836723,157.77693303048488,179.80913151688404,320.3640822717335,1.6579926617248155,476
10.86,9.7139,0.0338,0.009,194.21309403821272,236.4333318726068,549.1665458156194,194.3653233293069,157.9226032206257,179.41687291916503,320.39858180864354,1.6682232857112542,476
10.87,9.6676,0.0338,0.0088,194.18884195772333,236.40380760070676,548.2144770975237,194.26407807862012,157.97225872275695,179.3393582352933,320.4618675419756,1.6712431323394474,476
10.88,9.4282,0.0335,0.0086,193.69100497939004,235.7977451923009,543.0379224693768,193.43448750559267,157.67774633792644,178.60644247443136,320.1057415284675,1.6845326888730945,476
10.89,9.428,0.0333,0.0093,193.6072510160555,235.6957838456328,543.0858404548627,193.3042256896977,157.35005946842833,178.56274910710349,319.9309563266449,1.6835288894505354,476
10.9,9.4281,0.0332,0.0089,193.58599975373883,235.6699127436821,543.1357195402261,193.2481223789448,157.19165677735427,178.56401084408355,319.88019287211824,1.6831143533408173,476
10.91,9.4282,0.0332,0.0086,193.62749578073837,235.72042964611623,543.185976025913,193.26625242824556,157.20286590271,178.6098105804931,319.9544399776514,1.683296739356917,476
10.92,9.4861,0.0326,0.0081,193.37604933679145,235.4143209317461,544.50491894097,192.9903314200968,156.14840920358745,178.5424154290587,319.2852235083604,1.6762479278865006,476
10.93,9.7178,0.032,0.0079,193.36552085073887,235.40150364437775,549.5957056194566,193.16632770315107,154.9664655151312,178.93341967194007,318.6457691326986,1.6585195417593654,476
10.94,10.0228,0.0315,0.0078,193.4904816274844,235.5536298073723,556.1711004392121,193.59338477534664,153.92384811067012,179.54232290398087,318.1404045154086,1.637429477310741,476
10.95,10.1734,0.0303,0.0078,192.9269975582108,234.8676492013001,559.3988558620235,193.08426563446855,151.82104359290994,179.39478239543467,316.6462277307379,1.621492505709209,476
10.96,10.1618,0.0303,0.0079,192.9537684217878,234.90023981782863,559.2060819642943,193.0739762212553,151.8399450101792,179.41083515179878,316.71669007884714,1.622337973026595,476
10.97,10.1678,0.0299,0.0079,192.7334574614908,234.63203517051053,559.3826724633662,192.80209391418447,151.1732005458018,179.27373281365283,316.24434363122543,1.6196920156374115,476
10.98,10.1738,0.03,0.008,192.84913758830703,234.7728631509825,559.5595974159689,192.91299823589736,151.35113327560632,179.3840883887153,316.4559649634992,1.6201419697577366,476
10.99,10.1965,0.0301,0.0093,192.9854417654793,234.93879867101828,560.0917817005319,193.0666670381056,151.51948248315423,179.53666863256703,316.6710443537174,1.6196159968588342,476
11.0,10.3857,0.0303,0.0082,193.3867707625261,235.4273731022057,564.0850362257082,193.71351624699813,151.76458184575458,180.15714009963528,317.0598655930653,1.6102515862421751,211
11.01,10.6328,0.0309,0.0082,194.12319731403844,236.3238923823077,569.2250507837888,194.7839874040106,152.63106708026856,181.1083660275436,317.9975265802207,1.6003971892431543,211
11.02,11.015,0.0325,0.0082,195.6229224503921,238.1496447222165,577.0067233247506,196.92168353555505,155.06762846249376,182.84218117203483,320.2485861387281,1.5892687024158714,211
11.03,11.3122,0.0331,0.008,196.34323447237864,239.0265463142001,582.9557641678102,198.08501153058117,155.89170736259967,183.8697636118742,321.1480191378429,1.5772023203984404,211
11.04,11.6057,0.034,0.0078,197.2345427194923,240.11161722372975,588.7391628186637,199.4349240841561,157.18590683463202,185.00720773653688,322.4049923485231,1.5673786059455186,211
11.05,11.8605,0.0355,0.0077,198.45633127611129,241.59901198830937,593.695867097555,201.09639140849688,159.42408379817763,186.29977109986336,324.3459353773481,1.563065059737723,211
11.06,12.0304,0.0367,0.0078,199.39551357437293,242.74236435141052,596.9837797096015,202.33183694319408,161.2096202760273,187.2446256732484,325.8595574674595,1.5613367002411296,211
11.07,12.177,0.0372,0.0079,199.8664170433773,243.31563813976368,599.8060088081962,203.02063778458864,161.9089887288206,187.82946854649137,326.5372146696633,1.5569985198001997,211
11.08,12.7098,0.0388,0.0084,201.30771152380504,245.0702575072409,609.7539319944233,205.25452453371,164.02530758856554,189.7006787560049,328.5088437288248,1.540284374454846,211
11.09,12.8758,0.0395,0.0088,201.8929039891958,245.7826657259775,612.8396699624158,206.0919648217739,164.99256068221544,190.3854872324208,329.3801236599382,1.536343412122983,211
11.1,13.0226,0.0432,0.0088,204.2379556135465,248.6375111817088,615.5539860707402,208.8442948988444,170.43076512316026,192.1671861998635,333.3405280956732,1.5481116209066514,211
11.11,13.1268,0.0439,0.009,204.7575081837555,249.2700099628328,617.4863220246688,209.52707709001717,171.40060186299243,192.69292252645275,334.1336197795412,1.5468902862730132,211
11.12,13.37,0.0445,0.0093,205.30524341666043,249.9368180724562,621.8875293510463,210.41904370086343,172.1137692419817,193.46916506504851,334.8454796534538,1.5389523299342551,211
11.13,13.6904,0.0457,0.0095,206.23101093565128,251.06383939992327,627.5946165881643,211.82923200981924,173.63437738244286,194.60789141584831,336.1411003661942,1.5305945236873566,211
11.14,14.0765,0.0459,0.0097,206.6026690089652,251.5162927065663,634.3539890940175,212.7213695244885,173.65520288139066,195.50847742958564,336.4776471248824,1.515072161108638,211
11.15,15.0764,0.0457,0.0099,206.97293395495612,251.96705003212057,651.2593392010409,214.4758863621321,172.71395056205256,197.4277256679782,336.53388994721456,1.473418350898432,211
11.16,15.5899,0.0456,0.0102,207.1275411917008,252.15526753772272,659.7036416369103,215.3550469643533,172.27609177202407,198.39557912820752,336.5977951352364,1.4532116564797513,211
11.17,16.0416,0.0453,0.0109,207.11353562408536,252.13821728149523,667.0012502921725,215.98233166675007,171.6167957418516,199.15371964260763,336.45641049825144,1.435061072535514,211
11.18,16.254,0.0434,0.0107,206.06294196163543,250.85923369242585,670.4195303168331,215.18804874126465,168.88688229463386,198.87242467014616,334.69583073185,1.4188040178896966,211
11.19,16.3157,0.0432,0.0107,205.99646312971103,250.77830294051785,671.4498530831596,215.1940659588685,168.59638140911508,198.95413071931029,334.5799690486454,1.41580480544126,211
11.2,16.1652,0.0432,0.0101,206.0102378347366,250.79507214663587,669.1347785894852,214.96047384571216,168.68639641496543,198.73815794393735,334.6326419652273,1.4214340337248026,211
11.21,15.6787,0.0432,0.0098,205.93927955670944,250.7086881559941,661.4278058357919,214.13487064269484,168.94832291969274,197.91466771864768,334.632529943191,1.4396529824261204,211
11.22,14.6132,0.0432,0.0097,205.6227769095605,250.323380585552,643.9413034925133,212.2216340354321,169.55580038240515,195.9676187686436,334.5337591520374,1.4815263270052692,211
11.23,14.173,0.0432,0.01,205.46888265270235,250.1360310554637,636.5193192133421,211.4124088642648,169.83924233397175,195.15471281830747,334.53344127514987,1.4998645059768922,211
11.24,13.4163,0.0432,0.0103,205.09903248004483,249.68577867135892,623.3746386544583,209.9543727953367,170.35095793699443,193.6667774445217,334.47295081713537,1.532709988192715,211
11.25,13.4704,0.0432,0.01,205.1748093559251,249.77802878112624,624.3874979701218,210.08479521029216,170.328228937106,193.82695188194617,334.55817491796444,1.5304788139673324,211
11.26,13.3044,0.0428,0.0099,204.880524056208,249.4197684162532,621.4916652791549,209.51687531280672,169.86877227500048,193.37959692952856,334.19828996550655,1.5361148552927562,211
11.27,13.1306,0.0423,0.0099,204.51693306125972,248.97713590066405,618.4324796975351,208.8630900459584,169.2640594686375,192.87320641801472,333.7306234386472,1.5416950370769626,211
11.28,12.9955,0.04,0.0101,203.0925934764084,247.24315727562765,616.0491644218966,207.09902683689887,165.94213091553863,191.74185431304903,331.3628559366773,1.5366062087130317,211
11.29,12.7098,0.0381,0.0086,201.77354281510551,245.63735647056328,610.8890905889854,205.24782126042936,163.26347752973632,190.4054990781418,329.2927705104173,1.540253950071584,211
11.3,12.4473,0.0373,0.0086,201.1278170784986,244.8512555738244,606.0920744954622,204.16294248970985,162.20988033141592,189.5467253784772,328.4084370324479,1.5485980018378542,211
11.31,12.0728,0.0366,0.0084,200.4369377626476,244.01018510235363,599.1129937227267,202.8853793119744,161.36609720114885,188.46456661781804,327.59986551363085,1.5631256934463678,211
11.32,11.706,0.0366,0.0082,200.16722478606616,243.6818388699936,592.1452938711719,202.08008099556773,161.60015995186257,187.67519967874472,327.5983197125916,1.581626140290174,211
11.33,11.4821,0.0366,0.0076,200.00305529518093,243.4819803593507,587.8426900105233,201.5861006566368,161.75492423892084,187.19995449216717,327.6246888585081,1.5932904887468633,211
11.34,11.4599,0.0361,0.0075,199.71067990096844,243.1260450968312,587.4592532186299,201.20629382841065,160.9945287472379,186.9801006234817,327.10767379064947,1.591880716061067,211
11.35,11.4829,0.0357,0.0075,199.5217695430095,242.89606726975072,587.9606126727347,200.9995283531219,160.3618634694434,186.90699809857597,326.7119036728482,1.5886591327047577,211
11.36,11.506,0.0359,0.0075,199.71078583860685,243.12617406439097,588.4634066203118,201.21323708189536,160.67613230497648,187.09360687702872,327.0269860999527,1.5887357377507094,211
11.37,11.6597,0.0353,0.008,199.5124607910139,242.8847348760169,591.5069366968884,201.16655608505195,159.65180318197594,187.23520689565808,326.41593442673474,1.5777177549689492,211
11.38,12.0844,0.0347,0.0093,199.52676840061807,242.90215283553505,599.7022495594675,201.72693916037588,158.4928241325212,187.98064332384865,325.8479890470422,1.5533844916979778,211
11.39,12.2427,0.0346,0.0086,199.62778727585632,243.0251323358251,602.7405846980342,202.02748283860092,158.26928679797803,188.33413961981745,325.8295298662847,1.5453345813521404,211
11.4,12.316,0.0348,0.0084,199.85406081649973,243.3005957766084,604.1681790603088,202.35086138526611,158.55763842525323,188.6323098759792,326.16057204570325,1.543078616525997,211
11.41,12.2697,0.035,0.0082,199.9897139067378,243.4657386690721,603.3513133009005,202.4097379561116,158.90482586207938,188.66570717544136,326.46696392342733,1.5465655983225215,211
11.42,12.2628,0.0354,0.0082,200.2832308815068,243.82306368183436,603.2740126475082,202.6952184722408,159.54264276734867,188.87443558935777,327.02071755231015,1.5492474852951752,211
11.43,12.3001,0.0364,0.0081,200.9910012325117,244.684697152623,604.0262138756548,203.4925564482519,161.082717530236,189.44054496809304,328.2872043218391,1.5530235979866265,211
11.44,12.3375,0.0385,0.0081,202.37223797985172,246.3662027580804,604.7794133998567,205.03025409285348,164.29822429184773,190.45404906166848,330.7703063263107,1.5624881531970318,211
11.45,12.5438,0.0413,0.0081,204.26586675733347,248.67148996544944,608.6748715762948,207.3607171253536,168.41729499889914,192.0717069589946,333.91768877797915,1.567044821203056,211
11.46,13.2388,0.042,0.0082,205.20910040722387,249.8197744087943,621.3958171525068,209.2951035325117,169.007509150697,193.88626265560197,334.85558836318523,1.5384428708088564,211
11.47,14.2348,0.042,0.0083,205.7955699461598,250.53373732575972,638.9085972874615,211.3033590451735,168.41744316323954,195.96961595028728,335.1093211592289,1.4953604228360091,211
11.48,15.2811,0.0439,0.0084,207.39079419913264,252.47574945981364,656.5109731155577,214.5046718318204,170.5654137470621,198.75794051244932,337.2936653736699,1.4622826565021487,211
11.49,16.6709,0.0446,0.0088,208.1825484832691,253.43962424050156,678.765920232741,217.42148479079364,170.8494842804404,201.5782576038604,338.28033440865727,1.413909429458449,211
11.5,17.887,0.0465,0.0097,209.48283215445863,255.02257827499315,697.3308180459991,220.62658109154083,172.8743578519223,204.38819989658572,340.3721127821072,1.3806728515291924,288
11.51,19.4197,0.0507,0.0097,211.97478451187104,258.05625940575607,719.6381765901849,225.5225408184872,177.70102120446086,208.36239751547512,344.5052476274598,1.3496090179803029,288
11.52,19.7865,0.0517,0.0096,212.5668511191713,258.7770361450781,724.8620960509093,226.6741732766793,178.83406496617823,209.3140882668612,345.504838493738,1.3426590330999078,288
11.53,19.9332,0.0532,0.0096,213.46002893837635,259.8643830554147,726.9726247238996,227.7763703337121,180.69905110041503,210.08552359186675,346.8869423986033,1.3443796154130878,288
11.54,19.7826,0.0563,0.0097,215.26684508750455,262.06398532391864,724.9322650750072,229.33048882980336,184.7367341992531,210.89585295365788,349.50743054956,1.3611648954200288,288
11.55,19.385,0.0574,0.0095,215.93949110511508,262.88285873666183,719.3932411238951,229.38298250583628,186.3775321560249,210.6688757719727,350.41185480687164,1.3777305222491547,288
11.56,18.941,0.0579,0.0093,216.26147679391528,263.2748413143317,713.1149862423345,229.02075704205825,187.29941606418652,210.16889451798409,350.823827332665,1.3937377313489976,288
11.57,18.5318,0.058,0.0093,216.3476397076968,263.37973529632654,707.251207440742,228.47759854457237,187.70154941189045,209.589323231758,350.9225888949432,1.407432314150872,288
11.58,17.443,0.0571,0.0084,215.79719518132453,262.70962891639505,691.1383146377126,226.2811918238139,187.2723019910336,207.5501490213094,350.12950657588027,1.4406333294854397,288
11.59,16.7945,0.0563,0.0082,215.2893142045329,262.0913390316053,681.2661741926846,224.78906066190723,186.6888653985024,206.22878081319797,349.466211916944,1.4605172434056135,288
11.6,16.169,0.0534,0.0082,213.60924825389225,260.0460413525645,671.5179803618821,222.0956242409403,183.27828226372856,204.25535133427027,347.05015722586035,1.471850762373013,288
11.61,15.505,0.0521,0.0076,212.72957551355069,258.97513540780085,660.9025206025965,220.1932148328657,181.99781657685872,202.65935033187125,345.90807633659745,1.4918872516698871,288
11.62,14.6093,0.0497,0.0074,211.07813790972688,256.96468962923274,646.1050835775909,217.14709881097164,179.3421349803729,200.1932091732404,343.7173809903588,1.517630565114097,288
11.63,13.7599,0.048,0.0075,209.72979104726,255.32322388362084,631.544504214105,214.48603220913807,177.57337581091508,197.94867833232732,342.0885491597068,1.5464265590137287,288
11.64,12.5786,0.0473,0.0077,208.532279317985,253.86538351754697,610.3114714824268,211.66155388817745,177.53773980726163,195.2150419400564,341.28333874780185,1.597472650813306,288
11.65,12.3771,0.045,0.0082,207.12456608244236,252.151645665582,606.6118927521964,209.813515847212,174.3344670263902,194.0037793754896,339.1120491508584,1.5965885290666375,288
11.66,12.2796,0.0433,0.0075,206.11472367155432,250.92227229580527,604.8311246591245,208.5377430273343,171.89330659366362,193.2106417980418,337.4721034311837,1.593325074598226,288
11.67,12.238,0.0411,0.0074,204.83670816462936,249.36642733085316,604.0985835276676,207.0347869143605,168.62685888232127,192.3280803335693,335.2564763677967,1.5846393118455957,288
11.68,12.3967,0.0412,0.0074,205.0692171287521,249.6494817219591,607.1303389538074,207.4666495232176,168.67805985780785,192.77001421652807,335.46707174311314,1.577599642970554,288
11.69,12.5554,0.041,0.0074,205.11827752419,249.70920742075305,610.1390723325151,207.6978859015842,168.2800574354843,193.09139356089923,335.35908358660066,1.569161791596621,288
11.7,12.9646,0.0409,0.0074,205.4020502885157,250.05466991645392,617.7115586952191,208.52048008149063,167.8732839078756,193.992009016531,335.4047632717433,1.5496855674846026,288
11.71,13.2388,0.041,0.0074,205.6735351828981,250.38517326613683,622.7220965841756,209.19342664560315,167.87939892877415,194.6632193184164,335.63576379456487,1.5377500976214664,288
11.72,13.4395,0.041,0.0074,205.8372527025317,250.58448155090824,626.3641452751286,209.63046720186088,167.77520082971543,195.1317445134096,335.74563686466473,1.5289186747590575,288
11.73,13.3507,0.041,0.0074,205.82590212382505,250.57066345509136,624.8328703072098,209.4681288767896,167.8403085554586,194.9917836070396,335.801617493725,1.533043932138246,288
11.74,13.1924,0.0411,0.0074,205.82985164474528,250.575471567516,622.0450948607732,209.22464982839963,168.09518948070598,194.74264034548224,335.9507515438611,1.5408373972179876,288
11.75,13.2001,0.0412,0.0074,205.93680705980807,250.70567815976636,622.2361941362053,209.3267796334032,168.25182713458037,194.8444046764471,336.1307505078652,1.5411473881700162,288
11.76,13.0611,0.0412,0.0072,205.9001737336896,250.66108106710035,619.7768047468162,209.0416625496536,168.33582429607807,194.59362661989667,336.1767668458345,1.5477499051171328,288
11.77,12.8102,0.0411,0.0073,205.70387053255743,250.4221032570265,615.2541353379543,208.4697759987756,168.36237480921162,194.05757587708405,336.0946126382998,1.5589931077799462,288
11.78,12.5477,0.041,0.0073,205.4858375634361,250.156671816357,610.4590967997163,207.8642586841435,168.40098236886192,193.48642846094145,336.0089069117007,1.5710249412092925,288
11.79,12.0304,0.041,0.0076,205.0904213999465,249.6752956173262,600.7725990811774,206.75289329423344,168.77893664560995,192.36233965591035,335.976361063889,1.59636809101494,288
11.8,11.598,0.041,0.0076,204.745020860088,249.2548080035854,592.4813318183413,205.76555951507336,169.0868397941445,191.39617231704696,335.9574216916819,1.6186936731671695,288
11.81,10.5208,0.0408,0.0073,203.4639164844613,247.69520267673545,570.8744289741904,203.04846210363505,169.65593197683688,188.69618082153443,335.5737348822015,1.6767174644939031,288
11.82,10.0112,0.039,0.0072,201.77704184634857,245.6416161607722,560.1970987739834,200.5480477152188,167.25762142109085,186.69549896763016,333.56000625380983,1.6973974823962368,288
11.83,9.4321,0.0401,0.0071,201.57454223574584,245.39509489569065,547.6372428318614,199.75109988734175,169.58013247248613,185.57188277988595,334.692334965288,1.7396516231499142,288
11.84,9.1811,0.0382,0.0071,200.10735437668671,243.6089531542273,542.0699435241872,197.77502312498788,166.74439426987138,184.15253208307183,332.59169022065447,1.7458472910919818,288
11.85,9.054,0.0363,0.0071,198.8114622832197,242.03134538826745,539.2364646695754,196.10499917150076,163.72949607224805,183.04960871148225,330.4296260854477,1.7437502864400032,288
11.86,9.0337,0.0356,0.0071,198.39590355992897,241.52544781208744,538.8193605957696,195.56590869900296,162.58693025211747,182.7377915492052,329.65911423588983,1.741246387202753,288
11.87,9.0283,0.0354,0.0076,198.30549481899064,241.41538499703208,538.7434347213954,195.4233701869187,162.26534753518737,182.6794330102058,329.4865535772484,1.7406196587903382,288
11.88,9.2148,0.0351,0.0078,198.47453565135152,241.62117383642797,543.0133142581352,195.7565127498668,161.61303234532429,183.131585635582,329.2421551255117,1.7266874067589104,288
11.89,9.4012,0.035,0.0077,198.75082299736383,241.95752364896467,547.2278459918623,196.22425696124424,161.3041878869157,183.65993247615356,329.2389187473291,1.7141960765732724,288
11.9,10.7679,0.0351,0.0078,200.67824363842195,244.3039487772093,576.3939056046866,199.92135488857105,160.52028419071988,187.3730969211368,329.7621692131896,1.6333487971624627,288
11.91,11.7099,0.0352,0.0078,201.7189043994208,245.57084013842527,595.205490644565,202.3061865665685,160.16925379489976,189.7387314231312,330.1590991583961,1.583869966112034,288
11.92,12.8913,0.0373,0.0084,204.0209549799502,248.3733364973307,617.5165260760164,206.42543794496203,162.80972470092556,193.35579025731516,332.9630122448066,1.5381350768424653,288
11.93,14.1422,0.0394,0.008,206.081581157668,250.88192488759583,639.8027030660965,210.4570547866354,165.35041944130106,196.89037998177503,335.6434080000974,1.4938727285125224,288
11.94,15.2154,0.0441,0.0093,209.42965028679865,254.95783513175485,657.9884872077171,215.57058071396605,171.56920892900646,200.8918113654464,340.853504587956,1.472917268222463,288
11.95,16.0146,0.0475,0.0095,211.7178979346036,257.743527920387,671.0372376658482,219.146603300128,175.87775778335367,203.6769993008651,344.3637462888868,1.4577231370690578,288
11.96,17.1844,0.0495,0.0101,213.1446438744903,259.48043602111863,689.4116132497393,222.40264257378763,177.97532852640256,206.5088518961674,346.4690251326718,1.4241736454226317,288
11.97,17.3813,0.0507,0.0097,213.90315639461247,260.4038425673544,692.47433977609,223.46301585978375,179.48591836207106,207.3077328947492,347.6523895976992,1.4225360780950305,288
11.98,17.4932,0.0528,0.0099,215.15152381424664,261.92359420864807,694.2317520177465,224.89044953547796,182.21772206650044,208.24788898707067,349.58192767923947,1.427505191217496,288
11.99,17.4932,0.0544,0.0101,216.0865351403984,263.061868866572,694.2896762558346,225.82833497537973,184.33663356337044,208.81295448697375,351.0153415359687,1.4341448516761452,288
12.0,17.5434,0.0561,0.0099,217.0685954883361,264.2574205944961,695.1068062815654,226.89409055760288,186.5442938635508,209.4819023413152,352.5041420623907,1.439343842397582,364
12.01,17.5936,0.0605,0.0097,219.4607013166144,267.16954942892187,695.9226771863716,229.42426693158245,192.22256277664545,210.9344689739621,356.06391268501864,1.45478026603422,364
12.02,17.7519,0.0622,0.0096,220.40939494242977,268.3244807994798,698.3650067351437,230.6233110838853,194.30363580020347,211.7420553057893,357.447898055787,1.4558541319218945,364
12.03,18.111,0.0617,0.0095,220.24600721570263,268.125574001725,703.7852996401211,230.96232786960317,193.4306142681978,212.26043309533603,357.2011138254046,1.4419465332939334,364
12.04,18.497,0.0636,0.0095,221.31059860889397,269.42159830647955,709.5357105337785,232.61439780004952,195.58558444218667,213.4919547500569,358.7436572021452,1.4362494938128647,364
12.05,18.8985,0.0642,0.0095,221.69261672713935,269.8866638417349,715.4382515083435,233.5851767785748,196.079350146409,214.36958422077515,359.3143766075573,1.4254871513709952,364
12.06,19.3618,0.069,0.0095,224.1765203430756,272.9105465046138,722.1467646187359,236.80625260420703,201.72186758189977,216.4596910203768,362.83937022991057,1.4277918375229988,364
12.07,20.022,0.0715,0.0095,225.46665009245768,274.481139242992,731.5148991036198,239.0839142238733,204.31297697090253,218.20109183418896,364.6889759309491,1.4159317006763064,364
12.08,20.2536,0.0717,0.0095,225.60839404470215,274.6536970978983,734.7957141222493,239.5515866965329,204.4062126805685,218.6637750545765,364.92893233513087,1.4097093164469472,364
12.09,20.5548,0.0728,0.0095,226.1830077274425,275.3532267986256,739.011143960789,240.5649103050005,205.5347382004619,219.45665125871616,365.76845421530913,1.404480019797467,364
12.1,20.8791,0.074,0.0095,226.7969258111484,276.10060533531106,743.5040580676949,241.6517015653126,206.75931290365423,220.301210856573,366.66583450677126,1.398985599040316,364
12.11,21.2343,0.077,0.0095,228.25983231338685,277.88153499021007,748.3714663752925,243.6463877444468,210.08412301798876,221.6175194923433,368.6880816943696,1.3984708948895377,364
12.12,21.7323,0.0797,0.0097,229.54222703674995,279.4427111751739,755.0897142189983,245.6638839444491,212.9103715804788,223.04670482259428,370.4845333166635,1.3928749190938594,364
12.13,22.238,0.0827,0.0098,230.9338548273105,281.13686674629105,761.8158940058693,247.79920269677285,216.04074536965996,224.52560095320277,372.4095098896427,1.3880819316598891,364
12.14,22.5353,0.0839,0.0099,231.4988949529052,281.8247416817976,765.7528937576412,248.78826487786017,217.22155027183223,225.2761327938609,373.2220781951388,1.383668898423086,364
12.15,22.6627,0.0842,0.0098,231.66716129146783,282.0295876591782,767.4658930700759,249.1268921973472,217.49012812960177,225.57751570401848,373.4886700508745,1.3812408457400829,364
12.16,22.682,0.0843,0.0098,231.75624622795291,282.1380388862036,767.7780093139714,249.2276034538847,217.6082703344416,225.6790055153899,373.6264181983758,1.3811594123896866,364
12.17,22.4813,0.0837,0.0099,231.5501828056925,281.8871790677996,765.2384487113017,248.70798287845597,217.08399305853524,225.30825365465876,373.3327245476905,1.384978916460284,364
12.18,22.3423,0.0831,0.0099,231.33521993980597,281.6254851441116,763.4898190255559,248.26900179605133,216.51278067445983,225.02411829987963,373.044119833576,1.387135488036719,364
12.19,21.7439,0.083,0.0099,231.38293710325524,281.68357560396294,755.6748578137571,247.4276772234619,216.8587815973754,224.1748699566056,372.9882425075604,1.4037016336165284,364
12.2,21.4543,0.0825,0.0099,231.2144081021761,281.4784098635187,751.8756178552231,246.81676331201152,216.5152207615733,223.68125973516632,372.73571830005767,1.4105914892364315,364
12.21,21.0953,0.082,0.0099,231.04112087274947,281.26745149726025,747.1055021917444,246.10107496233564,216.22497430108845,223.0766269031153,372.4719678537344,1.4196121465477938,364
12.22,20.7864,0.0811,0.0099,230.67712101350384,280.8243212338308,742.9679826373853,245.26144610617837,215.42800439315232,222.45007961381785,371.9743968343077,1.4260836322978303,364
12.23,19.8695,0.0802,0.0099,230.27134721952763,280.33033574551195,730.3342816595131,243.51063333028077,215.11160656693875,220.8552715410776,371.38802840527273,1.4512533210209675,364
12.24,18.9526,0.0801,0.0099,230.15284178304407,280.18606825761896,717.3310955504464,242.08120358001565,215.77385349391605,219.38496589000545,371.2747636582521,1.4802520335341314,364
12.25,19.1765,0.08,0.0101,230.1899314151333,280.23122085320574,720.615029424319,242.40814975748503,215.4781633063589,219.78341148732537,371.3234503772287,1.4728377413718314,364
12.26,18.6862,0.0785,0.0102,229.47715579992712,279.36349401730257,713.5791192727718,240.951532895726,214.11364109528736,218.6710942472712,370.4163560608927,1.4842293976984835,364
12.27,18.4546,0.0769,0.0103,228.75246631412256,278.48126333893185,710.2455591245168,239.83992769673435,212.39510747765303,217.95536579749148,369.4681689472749,1.4869354853696166,364
12.28,18.3985,0.0753,0.0099,228.05375285583017,277.6306556505759,709.476204814915,238.99961394909383,210.5151571817364,217.5292287568261,368.5273116031112,1.4837497284562569,364
12.29,18.3751,0.0707,0.0098,225.93128759294623,275.04678489576065,709.1882781287256,236.71382064332332,204.9152708869628,216.4034280817021,365.5915973136562,1.469262720251173,364
12.3,18.3994,0.0699,0.0099,225.5938948151014,274.63604586186256,709.6037734101517,236.3749559508075,203.9240220571636,216.2891713485409,365.129841434314,1.465855013095204,364
12.31,18.4237,0.0696,0.0099,225.49634933372224,274.5172948410532,710.0187122472039,236.2870010258365,203.54963432661168,216.3019304664436,365.00434361269146,1.464161038489564,364
12.32,18.7518,0.0696,0.0101,225.5834409958593,274.6233194732201,714.8800884884874,236.83551345087045,203.31906535744324,216.90139902741456,365.12702917710527,1.4534645246349105,364
12.33,19.8521,0.07,0.0098,225.89089592082615,274.9976124253536,730.6784890917208,238.76628098207152,203.03982471803332,218.84308333204612,365.6284040206655,1.4199769800928337,364
12.34,20.4698,0.0705,0.0096,226.1730157332802,275.3410626318194,739.339195010821,239.9664357729513,203.24411541052396,219.99027997600015,366.1249426462905,1.4030242197820402,364
12.35,20.8675,0.0706,0.0095,226.2439837729425,275.4274585061909,744.8527608399417,240.62532373374927,203.1201435790194,220.67633786235865,366.31962669326657,1.3917068565743669,364
12.36,21.049,0.0707,0.0095,226.3233647290368,275.5240961918709,747.3806119279271,240.9649255263426,203.1400113215816,221.02739268648887,366.48555798430834,1.386877825238646,364
12.37,20.9872,0.0713,0.0095,226.67196809702045,275.94848290072053,746.601468230922,241.20209533657464,203.9156715484476,221.13856071803536,366.9554917456263,1.3908375128037604,364
12.38,20.8096,0.072,0.009,227.0751564683037,276.43932091793494,744.2401131256819,241.3187547169741,204.887426241468,221.096942515987,367.4738628680453,1.3985377807910355,364
12.39,19.829,0.0719,0.0088,227.0876648389249,276.4545484995608,730.7020241632972,239.8352754207812,205.4553363706744,219.58944503261168,367.3512971256549,1.428011440660532,364
12.4,19.2769,0.0718,0.0089,227.05492262406855,276.4146884119096,722.9210318913805,238.9617748285904,205.74682677386755,218.7221349286332,367.2830571841457,1.4451944606303873,364
12.41,18.7789,0.0715,0.0089,226.90400250541143,276.2309595718053,715.7868145298594,238.0532395635477,205.7658641338452,217.87243199396968,367.0869627863434,1.4604437960367247,364
12.42,18.2461,0.0709,0.009,226.57953650489048,275.83595748421453,708.0173446076191,236.9192882612747,205.4508040726593,216.8681383944049,366.6816594380871,1.4762813185313055,364
12.43,17.9681,0.0704,0.0089,226.33090408948863,275.53327454372527,703.9331698828391,236.23590357865044,205.06406359716655,216.31051830638057,366.3774305752482,1.4841802546748926,364
12.44,17.6322,0.0701,0.009,226.1563901935188,275.3208228442838,698.9333165125767,235.54867446833072,204.97145725970609,215.6952696006157,366.1974553239325,1.494930343275354,364
12.45,16.6709,0.0698,0.0091,225.76986385125508,274.8502690363106,684.1804795063074,233.76589351449329,205.40356609494285,213.93261779807463,365.9159186048825,1.5286318120299365,364
12.46,15.9992,0.068,0.0093,224.7213764040476,273.5738495353623,673.571182156144,231.640197750914,203.68323884753164,212.25612385379975,364.6383191887194,1.5480084320972058,364
12.47,15.532,0.0674,0.009,224.2366016302007,272.98368894111394,666.0414458839435,230.52541146560463,203.38178919891735,211.24391683580455,364.2124919011466,1.5641276596827174,364
12.48,15.1768,0.0655,0.0088,223.1831572840348,271.7012349544771,660.233737645884,228.91140036424093,201.2792850538802,210.08906876171417,362.87257626195975,1.5715709797344417,364
12.49,14.8448,0.0636,0.0087,222.11945447949648,270.40629240982184,654.731005760164,227.31301434064503,199.1257628001275,208.95647244480705,361.5006874818552,1.578235813781824,364
12.5,14.1035,0.0595,0.0087,219.72392812319035,267.4899994543187,642.0957032193405,223.6310883883738,194.31259669265,206.3225937358441,358.3193101574933,1.5943937128960473,245
12.51,13.6055,0.0574,0.0087,218.37004159823724,265.8417897717671,633.3895915552886,221.4699938274654,191.91810478382664,204.69155776860765,356.6267272781514,1.6082967531067374,245
12.52,13.1615,0.0529,0.0087,215.7663179547544,262.6720392492662,625.4630723894995,218.00253098754524,186.0906980966027,202.38514072715785,352.8464463522754,1.610078144795141,245
12.53,12.8411,0.0512,0.0088,214.65426950169413,261.31824113249723,619.65243326985,216.33455013735136,183.97173630967143,201.166818890543,351.3582276900769,1.6179830744542028,245
12.54,12.6094,0.0495,0.0088,213.5897399728221,260.0222921408269,615.4064934796195,214.8338530726286,181.7478596527072,200.12289020566988,349.8427246473169,1.6217500366858424,245
12.55,12.5014,0.0481,0.009,212.7751537865408,259.0306220010062,613.4370137642791,213.76962595922168,179.82939469658302,199.443949585576,348.5884329261804,1.6208188383049518,245
12.56,12.069,0.0454,0.0089,210.9269761914874,256.7806666678977,605.2920936996065,211.14236849846208,176.2293381630782,197.5300819536473,345.95989973905137,1.6298724502227695,245
12.57,11.8721,0.0453,0.0089,210.72423387712576,256.5338499373705,601.5485658220082,210.63546521057992,176.2402643635283,197.0702863377868,345.8882832162511,1.6396165740259727,245
12.58,11.7254,0.0452,0.0089,210.5632224924749,256.3378360777955,598.7457290569271,210.24182212594675,176.21470021929375,196.725163712372,345.8266827759578,1.6469096482377783,245
12.59,11.6365,0.0453,0.0088,210.56902885886964,256.3449046977544,597.054371135071,210.1079455858303,176.44246250601358,196.58915166420832,345.9761144606848,1.6522191587901276,245
12.6,11.6492,0.0455,0.0088,210.7343365144963,256.5461488002564,597.3501222558991,210.2797017597536,176.73944480647648,196.7353576220096,346.2466466729571,1.6526820784273353,245
12.61,11.6618,0.0458,0.0089,210.95499456999016,256.81477599824893,597.6441258584209,210.51285684292336,177.18425046564306,196.91676686355476,346.6149175052573,1.6536257151150404,245
12.62,11.6954,0.0466,0.009,211.47315103274744,257.44557517030125,598.348551106801,211.1032764147406,178.34974957228246,197.32518846281727,347.4731512889545,1.6558356855964944,245
12.63,11.8721,0.0483,0.009,212.6224197236368,258.8446848809492,601.8325882723524,212.57463913383756,180.7070291304533,198.3844066821388,349.2041802704657,1.6547453837442891,245
12.64,12.2157,0.0483,0.0091,212.9957957874455,259.29922965428153,608.474812219593,213.3955352951174,180.4361422809259,199.24496942087657,349.34786058516045,1.637396196972704,245
12.65,12.6481,0.0483,0.0091,213.41615010490852,259.81096534510607,616.661240824027,214.399145892524,180.11044532162074,200.28952786298444,349.5077196269578,1.616232503158585,245
12.66,13.1886,0.0485,0.0101,213.9859118854324,260.5045883822655,626.6489680069634,215.73289368898733,180.0110533743745,201.61348179739076,349.87376567278613,1.591673518298693,245
12.67,13.5978,0.0487,0.0101,214.39131498944295,260.99812259584365,634.0546214440652,216.7808042891521,180.0530482780361,202.61617441605557,350.21010405540227,1.573845550466077,245
12.68,13.9453,0.0491,0.0095,214.89317558048228,261.60908331536973,640.2433456392847,217.738206953862,180.3635173253845,203.53652308292905,350.71818641218607,1.5605746580048068,245
12.69,14.1537,0.0503,0.0095,215.72716758215864,262.6243779261062,643.931311318025,218.889457673991,181.90335105392504,204.4257382039344,351.92962095479226,1.5570147287726384,245
12.7,14.285,0.0544,0.0094,218.03708094312256,265.4364463655405,646.2564859503797,221.571090548286,187.50033022193887,206.0785174584709,355.6280984396552,1.5688507090705202,245
12.71,14.1769,0.0544,0.0094,218.00572768243072,265.3982771786113,644.4343895032972,221.3817933289033,187.6057991912548,205.89827041624883,355.67892938338275,1.5736034910855212,245
12.72,14.2194,0.0544,0.0095,218.0752864502742,265.4829574177251,645.2221677491931,221.48465546705356,187.58144673369196,206.0320822396393,355.75758878738264,1.571945770863607,245
12.73,13.7406,0.0543,0.0095,217.7855590752066,265.1302458306863,636.8854572583309,220.42490239259735,187.7916182580157,205.0318476965256,355.65306971797713,1.5929423555661353,245
12.74,13.4163,0.0492,0.0096,214.8115745190264,261.5097428927278,631.1511729408977,216.85441769861825,180.9970319594153,202.7062526519032,351.1297008439214,1.5852505221514317,245
12.75,12.9839,0.0437,0.0099,211.4237901124124,257.3854836151108,623.3524417719051,212.555708453521,173.3806178773019,199.82046117569143,345.74476824885693,1.5799454285745824,245
12.76,12.5554,0.0427,0.0103,210.59340557547495,256.37458070057824,615.4626425886464,210.92867334411176,172.13374430594044,198.51870056890945,344.6886204739045,1.5959974502633685,245
12.77,12.0149,0.0427,0.0099,210.1747352397049,255.86489507442332,605.2507316077402,209.68756658773887,172.48378040437484,197.30773412768067,344.64470089258106,1.622987342898128,245
12.78,11.8334,0.0427,0.0095,210.0453805424002,255.7074197907481,601.7873532174088,209.27146714349007,172.61397813406248,196.9185768793073,344.67413616098025,1.632449081198463,245
12.79,11.54,0.0426,0.0095,209.73663038768916,255.3315500371868,596.0903649423665,208.5127753414653,172.67384766973896,196.2124079643188,344.573261799791,1.6474596936835078,245
12.8,10.9571,0.0425,0.0094,209.07586180236683,254.5271361072292,584.4507329565786,207.0059170051377,172.95394660967673,194.7577039101263,344.4039995563868,1.6788591590699424,245
12.81,10.8258,0.0372,0.0093,205.79947162474372,250.5384871953402,581.8104430452656,203.18430783602437,164.84287050180734,192.3241337569192,338.52852690754304,1.6584951140696735,245
12.82,10.6868,0.0364,0.0093,205.17777679598927,249.7816413168565,578.9905956066721,202.2890137849746,163.66989117866316,191.66207030890143,337.6074941882456,1.6621023895814406,245
12.83,10.432,0.0343,0.0092,203.57599663119788,247.83164807276265,573.722658822426,200.1621911548282,160.45999027801446,190.0987130454629,335.01577335664786,1.665015238834498,245
12.84,10.4224,0.0325,0.0093,202.42666694391056,246.43246410563023,573.5655907417263,198.86600490573667,157.55400718154655,189.2659864714288,332.7396110335796,1.6551940228799622,245
12.85,10.4127,0.0315,0.0093,201.7847085304613,245.6509495153442,573.4058433441438,198.1283862503374,155.93232098240435,188.79121947351425,331.4534833658364,1.6499298241421958,245
12.86,10.4436,0.0299,0.0095,200.76693069820087,244.4119156325924,574.1001581640394,197.04696614231625,153.2964428716345,188.0970368219537,329.286909930644,1.6385270357421686,245
12.87,10.3085,0.0279,0.0093,199.23776101192053,242.5503177536424,571.295410129072,195.17932656102465,150.01406731614298,186.7093024246109,326.36931557201336,1.6338651325867934,245
12.88,10.1,0.0272,0.009,198.51651297380897,241.67227666376743,566.8966273701133,194.0701475766756,148.890959318326,185.80865078455733,325.30774594303097,1.6416752311992169,245
12.89,9.7796,0.0256,0.009,196.96982971024423,239.78935790812343,560.0026137221661,191.9075202594009,146.22450406686912,184.05952138481956,322.7403867317177,1.6503626685421342,245
12.9,9.3973,0.0265,0.009,197.12536130952904,239.97870072464409,551.5807490594792,191.50277876618856,147.87190960367863,183.57080617817,324.16128003189806,1.6803850145114816,245
12.91,9.0151,0.0255,0.0091,195.8440927495427,238.41889552118244,542.9447207879493,189.5504855071068,146.21733072855022,181.93401855920305,322.5084516388848,1.6985019588324797,245
12.92,8.6522,0.0247,0.0093,194.68320675052956,237.00564300064465,534.5330477685853,187.7642737767857,144.87867997462158,180.4217421729355,321.140080394522,1.7175735924845466,245
12.93,8.5914,0.0242,0.0093,194.2406841252444,236.46691980464536,533.1361709796718,187.1686280259898,143.99475619095696,179.97164886083297,320.33342183335884,1.718352276291062,245
12.94,8.5867,0.024,0.0093,194.1185754218336,236.31826573092783,533.0655595990172,187.0006342352964,143.6405248920125,179.872209994339,320.04931593934595,1.71739425088511,245
12.95,8.5905,0.0239,0.0093,194.0860578593269,236.2786791330936,533.1964205375016,186.942977604614,143.4661942410139,179.85996314257693,319.93921170283414,1.716569556559601,245
12.96,8.5943,0.0239,0.0094,194.1286532904196,236.3305344405108,533.327692577538,186.9684360306392,143.47374648460604,179.9100203072494,320.00274644014195,1.716472061716456,245
12.97,8.853,0.0239,0.0095,194.6062731661244,236.91198472397755,539.4445236352085,187.81461470359352,143.43989134990747,180.71873959846715,320.1354483639519,1.6989617925209062,245
12.98,9.0692,0.024,0.0095,195.0670395341622,237.4729176937627,544.4799753357313,188.59289804744816,143.59817037993977,181.4494489452088,320.4289336244245,1.6854923426737494,245
12.99,9.2043,0.0242,0.0095,195.4636045237789,237.9556924637309,547.605323197928,189.19065795650312,143.94589138350943,182.0004712935632,320.8724275047365,1.6782923291650598,245
13.0,9.1831,0.0244,0.0097,195.61763702020872,238.1432102854715,547.1658120297122,189.3022291003233,144.31225085688789,182.103331753807,321.27299497281166,1.6812417443883978,279
13.01,9.2188,0.0251,0.0096,196.2306706993733,238.8895121557588,548.018530869309,189.99395782295605,145.55352031092917,182.67240347361235,322.528491796116,1.6840130859561129,279
13.02,9.2545,0.0258,0.0097,196.837242059355,239.62794685486696,548.8702675428473,190.67929771003588,146.78660448975873,183.23099435345492,323.75606141367655,1.6867183013849258,279
13.03,9.3472,0.0262,0.0098,197.3057045104717,240.19824896926997,551.0058892593801,191.2938539321636,147.4744934247002,183.76784345206644,324.4911852942439,1.683660137453505,279
13.04,10.1502,0.0263,0.01,198.50988831769587,241.66421186502103,568.66982308637,193.7474745539496,147.5052412923538,186.0602768774875,324.9130428312605,1.6353337212971173,279
13.05,10.6521,0.027,0.0105,199.644533104522,243.04551856202676,579.2954545029995,195.70859571483163,148.61888588789162,187.806842639772,326.20418234792606,1.6113759696577088,279
13.06,11.1231,0.0265,0.0101,199.74267167310384,243.16499160203944,588.9909444078455,196.6776795484045,147.8074876935169,188.72783371046935,325.57977148573855,1.5821584656365013,279
13.07,11.459,0.0288,0.0101,201.7709092377117,245.63415037634468,595.7670262459595,199.3029579608101,151.51536173515038,190.8926207703104,329.2578880677589,1.5791398439191269,279
13.08,11.6481,0.0289,0.01,202.06760615769488,245.99534662675904,599.5480881751673,199.85665749454543,151.63785215021042,191.4388293110326,329.50994137081926,1.5703528015142416,279
13.09,11.7601,0.029,0.0099,202.28312094752613,246.2577124578579,601.7885470503933,200.2195472741306,151.78127244467234,191.79852576306615,329.7450366436748,1.5655261740902924,279
13.1,11.8334,0.0291,0.0097,202.45954947064104,246.4724950077369,603.2632827439536,200.4877408614856,151.93450556106646,192.065842558535,329.9715466541949,1.5626525080643583,279
13.11,12.0805,0.0297,0.0099,203.14181555253808,247.30307980308984,608.0905913772701,201.53936624086745,152.84008805391468,193.00581041610047,330.9626636226861,1.5542899882393697,279
13.12,12.4087,0.0318,0.0095,204.90185176770325,249.4457325867692,614.3931618113752,203.8568205076063,156.06401038605486,194.89534448561457,334.0458769907332,1.5507970719980346,279
13.13,12.4936,0.0316,0.0095,204.8744213629223,249.4123390505141,616.0418110341259,203.9230490202969,155.7359262676868,195.02597543445984,333.853197498502,1.5458374666087995,279
13.14,12.6249,0.032,0.0095,205.28900131840743,249.91704508327865,618.5532405646003,204.52672364167884,156.32847693899248,195.56521378997076,334.4898677440221,1.5421098919821778,279
13.15,12.8411,0.0319,0.0098,205.4273844640639,250.0855115214691,622.6257921807637,204.95662814020005,156.11851370306402,196.03450925663287,334.46017769124103,1.5317821641689875,279
13.16,13.3082,0.0345,0.0101,207.4585660684204,252.558254344164,631.2293527801639,207.917190382606,160.02276573808095,198.3732584549424,338.0387294625601,1.5244632125195456,279
13.17,14.1499,0.0342,0.0105,207.71342823889557,252.86852133430764,646.2395305443192,209.59678309125823,159.40151234026922,200.03008551769403,337.87334016930924,1.4863523306621484,279
13.18,15.1652,0.0374,0.0103,210.25805397297103,255.96632657579084,663.6213895487147,213.8743340155501,163.8275746014077,203.5845341303544,342.0660232800683,1.4616488429405254,279
13.19,17.86,0.041,0.0109,213.03116840483355,259.34229197110176,706.4566848324342,221.3074259870982,168.20569579925302,210.07668987653057,346.6630173726444,1.3812579550957658,279
13.2,19.0028,0.0451,0.0116,215.63232504551823,262.508917446718,723.4486894799708,225.79046197328745,173.36034913371233,213.6897853925174,351.2134673571366,1.3625200733616407,279
13.21,19.9332,0.0492,0.0114,218.09410155557208,265.5058627633052,736.833191254852,229.73692095400187,178.38525651692618,216.77091027984227,355.4025189667297,1.3511828717265857,279
13.22,20.8443,0.0528,0.0114,220.13888134095035,267.9951598933309,749.5759763287768,233.23200467169644,182.6374431703382,219.49920745952136,358.86758294476215,1.3387743106930303,279
13.23,21.462,0.0622,0.0109,225.40858969672544,274.41045702210056,758.0394322160159,239.2701141096029,193.96171552409504,223.4892144813793,366.742723157346,1.356550649428701,279
13.24,21.5007,0.0659,0.0107,227.43491480298567,276.8772875862434,758.6174736661344,241.2656765578059,198.4220672630248,224.6691005356041,369.58358067902526,1.3687199436161075,279
13.25,22.018,0.0707,0.0105,229.89032448152065,279.86648197750344,765.5946691457087,244.46546333786503,203.8788923412831,226.80658599457823,373.11392066927374,1.3706049204258557,279
13.26,22.0643,0.0791,0.0105,234.078607289146,284.965261047656,766.2664299586118,248.6129136693132,213.67857245047608,229.04718201129864,378.677513703173,1.3965943228473472,279
13.27,21.9215,0.0792,0.0105,234.1851167608064,285.0949247522861,764.4254073220576,248.47676444674545,213.89951449423307,228.9050891189816,378.7937568382497,1.4010821762262875,279
13.28,21.6512,0.0792,0.0105,234.2533462781561,285.17798677340744,760.868072714734,248.10426674426077,214.08737363881303,228.5443461090199,378.8311728793014,1.4089363699782806,279
13.29,20.744,0.0792,0.0107,234.3367584399637,285.2795320138689,748.5856885326925,246.76351590071613,214.70306069902165,227.1875239515273,378.7833264928856,1.435709992132577,279
13.3,20.1069,0.0792,0.0103,234.36538624847591,285.31438325901416,739.7732888683162,245.79733222163188,215.1593971860152,226.21659767744447,378.7679714774027,1.4552853920229438,279
13.31,19.6359,0.0791,0.0101,234.327406906154,285.2681475379266,733.159729630847,245.024170463988,215.39332700394596,225.46923299491596,378.7113510116801,1.4698910553632358,279
13.32,19.1302,0.079,0.0101,234.26308413267827,285.1898415528257,725.9434058075669,244.1778809681205,215.6620239911933,224.64701671861727,378.6479156838975,1.4859949193952204,279
13.33,19.1345,0.0786,0.0101,234.12379701404117,285.0202746257892,726.0596694470356,244.01928377840528,215.1973223250748,224.6065106133995,378.4706106173312,1.4847301169143186,279
13.34,19.1388,0.0783,0.0102,234.02977565604516,284.9058138421419,726.1761726010811,243.90737788439228,214.8508580140278,224.5893133100197,378.3549133888324,1.4837800035488822,279
13.35,19.1495,0.0781,0.0103,233.98228157093817,284.8479949559247,726.3853770074228,243.85291227003825,214.61817305177476,224.60650078160555,378.30241616764687,1.482939072758656,279
13.36,19.4352,0.0781,0.0105,234.0605982963616,284.9433370564402,730.5605616257154,244.34222043228104,214.42204875123133,225.13285156476064,378.4155570855452,1.4738482362562997,279
13.37,19.8444,0.0782,0.0103,234.18647755419968,285.09658137033,736.4519678007105,245.07105702274575,214.2610452258088,225.88031398938057,378.60853523526816,1.4613227528970736,279
13.38,19.9564,0.0785,0.0109,234.37643678252627,285.32783608307545,738.0930630763166,245.41388228801884,214.5488231225716,226.1823129579352,378.8844798697688,1.4589100259385714,279
13.39,19.9332,0.0792,0.0105,234.7426893014648,285.77370871482674,737.8186960777289,245.72835342840173,215.4015680517217,226.3581339205725,379.3904415535743,1.4620002541414456,279
13.4,19.9564,0.0797,0.0105,235.0181663386524,286.1090720644464,738.2011403235574,246.021955489148,215.9851194980904,226.5613555485521,379.7759505873327,1.4629958520875117,279
13.41,19.9795,0.0802,0.0103,235.29284174772107,286.4434595189648,738.5814122994092,246.3145524338016,216.5676812892482,226.7637761771357,380.1598347971939,1.4639898002970173,279
13.42,20.6281,0.0805,0.0103,235.50170382844345,286.6977263998442,747.7045351486148,247.4964371273735,216.4758377141536,227.92722830677727,380.50608352109714,1.4451330858630498,279
13.43,21.1995,0.0822,0.0103,236.32683395128367,287.70223263634534,755.6045732358222,249.1830764066788,218.06750567780884,229.27051387463507,381.6903081058872,1.4334758895643351,279
13.44,21.6705,0.0874,0.0103,238.71368453596995,290.60796378292,762.0295156824704,252.2743956242981,223.69993653288265,231.2189341071328,384.8811900506966,1.4354856964966487,279
13.45,22.4774,0.0911,0.0107,240.3556340358659,292.60685882627155,772.803113700128,255.12349046155543,227.3088977640868,233.2889014440323,387.1388924795748,1.4234511093107296,279
13.46,23.0758,0.0925,0.0107,240.96341269046232,293.34676327534544,780.6553013138217,256.61866884133013,228.46400738837536,234.5182732414803,388.0555873118044,1.4111059058298736,279
13.47,23.7283,0.0944,0.0107,241.76103146520083,294.3177774358967,789.072318847419,258.3835562858556,230.12846399777013,235.9082256232656,389.2360793586923,1.3990877055075726,279
13.48,23.9908,0.0982,0.0103,243.4097545614058,296.32491859649406,792.4525569027074,260.3946371809374,234.11735419285617,237.1064169384525,391.34349795277785,1.4027133049982308,279
13.49,24.1954,0.0995,0.0101,243.9798241072681,297.01891630450024,795.0851183188923,261.24942189595174,235.4004357806921,237.704818199723,392.1113395542861,1.4010129827699858,279
13.5,23.9947,0.1008,0.0101,244.5968845269968,297.77012029373526,792.6176096176039,261.54218451713774,236.9633557407768,237.72477308984344,392.8230120989432,1.4098338049433694,297
13.51,23.6047,0.1008,0.0101,244.6800037140769,297.871308869311,787.7295545811571,261.02342580469247,237.25773347901065,237.21328951989776,392.8489680633391,1.420260948874424,297
13.52,23.529,0.1009,0.0101,244.7722543358134,297.9836139740337,786.8212857895413,260.9834049485735,237.4349269566908,237.17188741365865,392.9638279185802,1.4226829016260316,297
13.53,23.5258,0.101,0.0103,244.85845321459595,298.08855173950815,786.8384879005932,261.0453521948172,237.55932486493677,237.2355003555419,393.0875646507714,1.4231720293335717,297
13.54,23.5344,0.1009,0.01,244.86058660896043,298.0911489152562,787.0051767424918,261.04058656937383,237.45843019554997,237.27721120146091,393.11148506722816,1.4228189309880248,297
13.55,23.543,0.1008,0.0097,244.862646798953,298.0936569726384,787.1718187724983,261.03578609171296,237.35753594845733,237.31886948345223,393.1353020976666,1.4224656404979987,297
13.56,23.5623,0.1004,0.0095,244.73861160628647,297.94265760765313,787.4752702962884,260.92106035914736,236.9236350069397,237.31722475873215,393.00787283967736,1.421029590779068,297
13.57,23.6047,0.0995,0.0093,244.4019651751736,297.53282716977657,788.0732696399347,260.629318819367,235.93013499053856,237.24994380420608,392.6265339522725,1.4176409904214442,297
13.58,23.6472,0.0974,0.0091,243.5518642230492,296.4979216628425,788.6719844592822,259.82913855540914,233.62784709943156,236.94013567516265,391.6174467190544,1.410995005048081,297
13.59,23.5584,0.0967,0.0091,243.30614268645527,296.1987824009021,787.5968058957303,259.431952611611,232.9390052262312,236.7185125924635,391.3123894622635,1.4115912343964605,297
13.6,23.431,0.0966,0.0091,243.32063159388983,296.21642107082243,786.0244231724298,259.2341125821978,232.9321070511367,236.5618019662213,391.31687599497167,1.4148609814608657,297
13.61,23.2496,0.0965,0.0091,243.3389257017496,296.2386921586517,783.7514533566664,258.9582325935447,232.9632289497773,236.3251698643517,391.3144509908165,1.419606462491238,297
13.62,23.0372,0.094,0.0091,242.32525421412956,295.0046573041577,781.0655433381108,257.6088871376742,230.37594942467967,235.54752567024792,390.0274416651839,1.4186097222307488,297
13.63,22.8326,0.0928,0.0095,241.86441305340117,294.44363328240144,778.4661040611887,256.8198880249549,229.20393874167067,235.0423529105153,389.4231393805459,1.4209879365692009,297
13.64,22.6512,0.0923,0.009,241.7037008482747,294.2479836413779,776.15300415612,256.3634764435663,228.78817978114057,234.715134568923,389.1989744523807,1.4247268225846732,297
13.65,22.3462,0.0924,0.009,241.80891509656544,294.37607055234054,772.2003352261968,255.98341210174848,229.12528661053952,234.3261752193293,389.2868913115248,1.433657302223618,297
13.66,22.1377,0.0921,0.0091,241.73054727324896,294.2806662456944,769.4963113842871,255.5679419602626,228.9514260527663,233.99455220990268,389.167455436128,1.4388341627226682,297
13.67,21.9022,0.0918,0.0091,241.6496571136321,294.18219126876954,766.4147389028875,255.10895678615543,228.79704039393744,233.61872383033568,389.0436646091359,1.4448398240502531,297
13.68,21.5933,0.0911,0.0095,241.39133719982115,293.86771485195624,762.3240271333975,254.360674910754,228.2477495608808,233.04067096999307,388.6877806976839,1.4519046158667874,297
13.69,21.381,0.0906,0.0093,241.2152959770033,293.65340379809106,759.5068670304686,253.84107880151123,227.8522562742326,232.6503209225915,388.4531976341032,1.456821027753385,297
13.7,20.8521,0.0882,0.0089,240.1944088280537,292.4105846602393,752.3282411529257,251.988685532438,225.5365074056511,231.3436611679394,387.0995651739682,1.465734130977744,297
13.71,20.4467,0.0878,0.0089,240.0357731631455,292.21746298122065,746.7613843507895,251.1936191027994,225.39056845073648,230.65030044278043,386.8861032825063,1.4770329473992674,297
13.72,19.8174,0.0867,0.0088,239.5301429754764,291.6019131875365,737.9505076081066,249.711075745402,224.6146606715889,229.42068509524736,386.23441957829226,1.4935605920098487,297
13.73,19.3502,0.0857,0.0088,239.06448764612665,291.0350284387629,731.3089944934007,248.5140288893668,223.83079458339563,228.46009158401185,385.6553678349759,1.5057066809840831,297
13.74,18.3812,0.0817,0.0088,237.2220016484085,288.79200200675825,717.1499023143978,244.970300782576,219.8040239176999,225.92401698847436,383.1912933266381,1.5264257135460693,297
13.75,17.721,0.0784,0.0088,235.56541087638476,286.7752828060336,707.2508430136371,242.3582907021305,216.4847833470852,224.01469629198576,381.1099075308303,1.5387754781323062,297
13.76,17.196,0.0759,0.0088,234.26804585546824,285.1958819110048,699.2234550387273,240.2986577470956,213.95598824334087,222.49249485162184,379.4930381212081,1.5493826900041867,297
13.77,16.667,0.0704,0.0088,231.5625314671965,281.90221222093487,690.9776413318812,236.6809407674795,207.6392155584923,220.15951499081123,375.78222453463616,1.5504616813466474,297
13.78,15.976,0.0687,0.0084,230.4421470376743,280.53826595890786,679.9396905556598,234.62469228558285,206.1573370148645,218.4217659826068,374.5414149629348,1.570627969221329,297
13.79,14.783,0.0654,0.0084,228.35697424342663,277.99979473112813,660.1268977084546,230.468022384446,202.7847046767282,215.15698664375392,372.00678850238944,1.6080470232006108,297
13.8,14.2155,0.0599,0.0084,225.34111467381584,274.32831351594973,650.3769546246722,226.4179231315895,196.0569763920749,212.43613109036949,367.7435727014882,1.6117114473672185,297
13.81,13.9684,0.0563,0.0084,223.379664197152,271.9404607617503,646.0817983625618,223.95210153210647,191.43978095576975,210.8555233889391,364.8118465322257,1.608345508097664,297
13.82,13.5592,0.0494,0.009,219.4282001103056,267.1299827429808,638.8339425561151,219.1548948111348,182.25876966565997,207.7304210284589,358.65040513200444,1.5974522661071369,297
13.83,13.2658,0.0475,0.0086,218.1937376871898,265.62715892353543,633.562345074803,217.3853848333872,179.7719208097116,206.4455732288648,356.83394694504096,1.6025589195157446,297
13.84,13.0303,0.0457,0.0084,217.02870770527213,264.2088615542444,629.2869571984932,215.7766486760826,177.3540348789204,205.29583396191225,355.0642563444276,1.605429404777709,297
13.85,12.5824,0.0433,0.0085,215.31525855375807,262.122923456749,620.9803026820904,213.26093171682933,174.13630140942942,203.3926700624184,352.55609275885405,1.615668757831246,297
13.86,11.679,0.043,0.0086,214.35991834331963,260.9599005918674,603.6011840226155,210.8561332318085,174.2008101888657,201.14641548092507,352.1077253822362,1.6603689134821231,297
13.87,11.4126,0.0429,0.0093,214.061195190856,260.59623762365084,598.3503119780839,210.12298142275912,174.21868763682738,200.48062901048343,352.0052931372064,1.674308131457494,297
13.88,11.3984,0.043,0.0088,214.14198423510268,260.6945895036033,598.1066215550543,210.16285820352405,174.38480427880114,200.5236019210614,352.1728195431034,1.6757461682563488,297
13.89,11.438,0.043,0.0093,214.2228184696593,260.79299639784614,598.9440253147465,210.28030413911608,174.36887782197925,200.6639432937853,352.2460351983725,1.6737539213577048,297
13.9,11.4776,0.0429,0.0091,214.24470916122743,260.8196459354073,599.7771575671742,210.33452435305287,174.20420718521308,200.76520612033872,352.21256560940475,1.67127682707593,297
13.91,11.5632,0.0428,0.0092,214.31413912947207,260.9041693750095,601.5249221990758,210.50725291473412,174.0128826306938,200.98138530264973,352.189161639073,1.6663356453106049,297
13.92,12.5284,0.0427,0.0093,215.1813775639155,261.9599379038971,620.2733995502151,212.86563480040576,173.35188754891155,203.3162130645732,352.3550767433003,1.6164603862872695,297
13.93,12.9415,0.0426,0.0095,215.4747946777299,262.31714134680163,628.0522467396104,213.80404322177912,173.01647069459355,204.2692596735424,352.3962854274208,1.596135306516718,297
13.94,13.4511,0.0429,0.0105,216.03633068868865,263.00075040362094,637.434332039266,215.18931274671576,173.22994291956024,205.56915597791755,352.88280172945707,1.573984124771176,297
13.95,13.6943,0.0431,0.0099,216.27494582946625,263.29123840108934,641.855405126805,215.9577871871346,173.49699461727138,206.2209592983586,353.2071365014583,1.5635624604565166,297
13.96,14.0263,0.0446,0.0103,217.42907826124292,264.69626918760014,647.8022130371492,217.60657607567012,175.46468937942365,207.56330264311455,354.9087257365082,1.5563280626193294,297
13.97,14.81,0.0444,0.0107,217.8412697576025,265.1980675309944,661.443268212419,219.0517665439052,174.73100910684127,209.1583171206434,354.9084501101245,1.5231214362743055,297
13.98,15.2579,0.0458,0.0105,218.8087151992658,266.3758271991062,669.0602871598438,220.94616371976025,176.59829283796486,210.6414799283809,356.48679158657546,1.5107732439001285,297
13.99,15.6942,0.0462,0.0108,219.22764122738187,266.8858241028997,676.3529113096952,222.0933768198094,176.98841259848442,211.69318346272905,357.02905791423143,1.495425158182128,297
14.0,16.142,0.0463,0.0111,219.44359411881385,267.1487232750777,683.7091732632111,223.0650231464083,176.97045028991366,212.63291674722996,357.26836427918994,1.4787661720000682,346
14.01,16.7636,0.0463,0.0109,219.60198777850627,267.34155033905114,693.6965372337619,224.2931282862071,176.76874262991362,213.8354655835492,357.43283881523706,1.4557771537830648,346
14.02,16.945,0.0463,0.0109,219.66694627816275,267.4206302516764,696.6033546219392,224.65887384241617,176.72202484434789,214.20962434226252,357.5258430008621,1.44933692670307,346
14.03,17.0454,0.0463,0.0109,219.71863389886465,267.4835543116613,698.2262409680256,224.86886689159036,176.7023648449508,214.43442823902728,357.60597644019185,1.4458665791219645,346
14.04,17.1496,0.0464,0.0109,219.8307911843342,267.6200936157112,699.90283897283,225.1442976272519,176.8151654719223,214.7036594188704,357.78691271989914,1.442722944525741,346
14.05,17.5936,0.0465,0.0107,219.9690794003492,267.78844448738164,706.8186144162315,226.0519673535377,176.8254974752079,215.57654883799967,358.0192465025473,1.4276885147149043,346
14.06,18.1225,0.0496,0.0105,221.91005698242307,270.15137371773244,714.9101754129155,228.8340248405113,180.7315118225911,217.70385977459003,361.179816892937,1.4229992143200043,346
14.07,19.0993,0.0536,0.0105,224.2987426998804,273.05933893898487,729.441490189954,232.82156365240007,185.5319875582865,220.8161189602613,365.0472775048224,1.4073027805761829,346
14.08,20.2305,0.0546,0.0105,224.81858621809775,273.6921919176843,745.7030199082326,235.2913440236324,186.40066561665975,223.03925366123573,366.1472018880728,1.3760237050080055,346
14.09,21.686,0.057,0.0105,225.9816484115165,275.108093718368,765.8105643195037,238.93184608390567,188.87802887227363,226.13226533602557,368.4560532943191,1.3426850427087147,346
14.1,25.3575,0.0618,0.0118,227.5474851008852,277.01432968803414,813.016519209076,246.8017888201247,193.4325354552612,232.8863886028948,372.84736681064174,1.264157059115801,346
14.11,27.0678,0.0605,0.0107,226.01791155645597,275.1522401556855,833.5967579701884,248.4349093463113,191.49536259683035,234.7173833692852,372.0646765472217,1.2197549043328708,346
14.12,28.7124,0.0649,0.0107,227.72390548189105,277.2291023257804,852.6509512131034,252.7708344481814,196.0464077914979,238.14978068612749,375.7071486378528,1.1987194440151834,346
14.13,30.4652,0.0704,0.0109,229.85840121498032,279.82761887041084,872.2316560537845,257.60764910833365,201.637761751922,241.8653502327092,379.9358878207016,1.1802472709219962,346
14.14,30.9208,0.0703,0.0099,229.5608809299303,279.4654202625239,877.250675742657,258.11779989636665,201.419290190039,242.4019754265932,379.9754198980199,1.170910357995698,346
14.15,31.1177,0.0711,0.0099,229.92824101771825,279.9126412389613,879.4418506927399,258.7598457544628,202.24982766711025,242.8993589552105,380.6207303040062,1.16963248328055,346
14.16,31.2219,0.0719,0.0099,230.35191571653547,280.42841913317363,880.627153339479,259.2928769332931,203.10397315530665,243.2898824893738,381.2523359351363,1.1701878612431758,346
14.17,30.7393,0.0737,0.0099,231.6912716157042,282.0589393582486,875.4638481618888,259.62493313863604,205.21285025504196,243.29118574051364,382.5040486521237,1.185508546580354,346
14.18,30.3803,0.0745,0.0099,232.38654270699735,282.9053563389533,871.6050478983899,259.6151736666839,206.2114337516473,243.14539132648085,383.07634801192495,1.1953620758676244,346
14.19,29.9865,0.0761,0.0105,233.52447852906025,284.29066951363853,867.3338450179597,259.9367769011034,208.09613547527488,243.16505749187564,384.16744355282674,1.208473855175709,346
14.2,29.334,0.0802,0.0103,236.09468176208543,287.4196125799302,860.1353522112782,261.1001191740284,212.79812864549044,243.5016569178676,386.8030785382341,1.23465694237727,346
14.21,27.9326,0.0835,0.0105,238.50369374187616,290.35232281619705,844.2606638347003,260.9208591632085,216.9777574445934,242.64927067245893,388.7644306429553,1.2751055795833746,346
14.22,27.0562,0.0861,0.0107,240.19721229209085,292.4139975729802,834.1012949626187,261.00873163001154,220.22567873492235,242.20081023788592,390.2945952877899,1.3027753652149918,346
14.23,25.7745,0.0896,0.0171,242.35264715719097,295.0380052348412,818.8535267223803,260.905644062319,224.7011413625552,241.35802639159903,392.2504443433689,1.343387099512045,346
14.24,24.4927,0.0903,0.0141,243.05051123101163,295.8875788899272,803.1025255622579,259.47769339097084,226.19236879469912,239.7932549249284,392.5690541162833,1.3776126559522237,346
14.25,23.8827,0.0901,0.0127,243.1220112581084,295.97462240117545,795.4550669360668,258.54865685235063,226.34242727483877,238.9266126058305,392.4523701252992,1.3930647712817847,346
14.26,22.4002,0.0899,0.0114,243.25965833398465,296.1421927544161,776.2711583582272,256.2998946799568,227.04546241444825,236.7344046110977,392.2226045798548,1.433027283824788,346
14.27,21.5586,0.0894,0.0116,243.11232494815712,295.96283037166955,765.052673527953,254.80801938258037,227.0476777468964,235.3694331793977,391.8967755070415,1.4558840449561714,346
14.28,20.9061,0.0863,0.0109,241.7694491966323,294.3280251089437,756.17475347525,252.4298889921193,223.9987294509669,233.69018699675456,390.0833518614588,1.4663219993976768,346
14.29,20.6347,0.0845,0.0101,240.99280322352664,293.3825430547281,752.4600855172752,251.2094280451152,222.14129517630357,232.88848965978724,389.0472123804135,1.469314750217921,346
14.3,20.6031,0.0842,0.0095,240.8978423396561,293.266938500451,752.0702259376361,251.0441668958997,221.8308565501197,232.81364758805552,388.93179305314345,1.46951878404245,346
14.31,20.6137,0.084,0.0086,240.8496444947856,293.20826286321727,752.2676731132308,250.99206601228573,221.6067966322997,232.83018268880892,388.8818230190521,1.4687348402279363,346
14.32,20.6243,0.0836,0.0083,240.71029278167387,293.03861729942906,752.4666508927387,250.84991191759187,221.15377859051583,232.8003936392377,388.7107587638987,1.467338706496366,346
14.33,21.5624,0.0836,0.0083,240.74664715617584,293.0828747988228,765.4135560765048,252.36628917462656,220.57337046109183,234.341803058682,388.90740836200393,1.439444246529736,346
14.34,22.5662,0.0836,0.0082,240.70138147912684,293.0277687571979,778.8867093358269,253.92907452655172,219.98831721213688,235.9280740501038,389.10704961233785,1.4109316331352075,346
14.35,23.6511,0.0835,0.0082,240.51591732007324,292.80198630269786,793.0376975550441,255.50895300859568,219.28195627538665,237.55119668547496,389.250364697735,1.381229628104501,346
14.36,25.5081,0.0841,0.0081,240.35906545104703,292.6110362012747,816.324233708112,258.41040437925113,219.0013449570456,240.3402302640357,389.899543023992,1.3356645691737064,346
14.37,25.9945,0.0846,0.0083,240.48390139429324,292.76301039305264,822.2925537924539,259.3174652473721,219.32816193992937,241.1601115692119,390.3233997004478,1.325410811909188,346
14.38,26.3536,0.0845,0.0085,240.3505061015414,292.6006161236156,826.6706318986905,259.77580208690046,219.06105100808267,241.660045518462,390.3717138587318,1.3166319648680462,346
14.39,26.5196,0.0939,0.0088,244.7923647633235,298.0080962336112,828.7134976694425,264.15709440085914,229.18324409269985,244.05269705163613,395.84946183295096,1.3395598064355168,346
14.4,26.6161,0.0972,0.0101,246.30348265760543,299.8477180179545,829.9240847132577,265.71473111117706,232.67219241759832,244.92870834962457,397.7115000679559,1.3463771887275149,346
14.41,26.9365,0.1001,0.0111,247.5421388756636,301.3556473268948,833.7856188067924,267.3772222716087,235.5837899514308,245.99799411664247,399.3398930139775,1.3466744026959696,346
14.42,27.3998,0.1028,0.013,248.63000246874844,302.6800030054329,839.2964222804229,269.1231736740337,238.17837070392736,247.19587451159435,400.8449364698165,1.343073635737435,346
14.43,27.7511,0.1085,0.0128,251.01813209725915,305.58729124883723,843.447964822081,271.913149749539,243.92474030840907,248.80945530065136,403.77579104141904,1.3496313943295106,346
14.44,28.0368,0.1145,0.013,253.47657904065184,308.580183179924,846.8127431865558,274.6731665629382,249.9329662775725,250.34057995037415,406.7130981619341,1.3579655387131837,346
14.45,28.2376,0.116,0.0137,254.07589575716955,309.3097861391629,849.1839441753508,275.5374897536247,251.3532157570891,250.9171223672064,407.4947191062501,1.35715461517436,346
14.46,28.4885,0.1179,0.0147,254.8182293108817,310.2134965523777,852.1186252455182,276.61431317521505,253.14188806544269,251.62435475477835,408.4544981186962,1.356165598120772,346
14.47,28.5966,0.1187,0.0145,255.153493537801,310.6216443068882,853.4101818736083,277.08315014074816,253.8986916733196,251.95138962470503,408.896707735031,1.3557697885475477,346
14.48,29.1487,0.1184,0.0143,254.91053644405304,310.3258704536298,859.7247585649337,277.687405893148,253.27908005761745,252.64158536207148,408.8915210018346,1.343059249438786,346
14.49,30.4845,0.1211,0.0137,255.5988118357989,311.1637709305378,874.6242103743067,280.378735464009,255.2231068560076,254.8022067962697,410.2994933674661,1.3210266156238395,346
14.5,30.9787,0.131,0.012,259.39457254615803,315.78469701271416,880.0698286172931,284.68482874475575,264.728227594291,257.113419526914,414.6340807987356,1.3331159565213797,411
14.51,31.662,0.1347,0.0124,260.6293500972353,317.2879044661996,887.4960281554604,286.8644616540076,267.93966418348026,258.5689642191229,416.27792582514746,1.327347649176098,411
14.52,32.5152,0.1355,0.0107,260.6733629161023,317.341485289168,896.6138352865964,288.1736330210711,268.2281828972091,259.7382736900057,416.7531175737808,1.312275471982137,411
14.53,33.2411,0.1355,0.009,260.4350529770268,317.0513688415978,904.2659544310018,289.0298513298479,267.8283443046907,260.6152835838434,416.8938246446543,1.2983679461394575,411
14.54,33.1368,0.1354,0.0076,260.4826872975851,317.10935844923404,903.2398589365922,288.9031312491137,267.8061846533454,260.53123534561854,416.9166839288508,1.3002799100330038,411
14.55,32.8048,0.135,0.0069,260.5032318532179,317.13436921261314,899.8321441622459,288.4078717518606,267.6238510369846,260.1395728072732,416.797801341786,1.3059560872379716,411
14.56,31.8782,0.1342,0.0066,260.5846976113923,317.23354491821675,890.0972976917113,287.07208519114994,267.399585482957,258.99015167624185,416.4599708524001,1.322593907679732,411
14.57,29.5232,0.1274,0.0063,258.7638550557336,315.01686702437127,864.4402969414501,281.7688139584292,262.16482969081835,255.08926041663068,413.4911864526685,1.356695724295039,411
14.58,28.3032,0.1213,0.0067,256.7543899780455,312.5705617124032,850.6756177429547,277.97367767488976,256.8473654223789,252.56151786145855,410.8051657562252,1.369830229400967,411
14.59,26.9674,0.1168,0.0061,255.32628619279984,310.83200058253897,835.165380410097,274.5335021440898,253.14047425185728,250.07125703893163,408.7158904780273,1.390158802364547,411
14.6,24.4464,0.1115,0.0052,253.63620196122815,308.77450673540824,804.4871040353198,268.99476222761496,249.3402783271857,245.6601306376636,406.0313349968122,1.4398689475276742,411
14.61,23.153,0.1077,0.0036,252.22960322214425,307.0621256617408,788.0043275744155,265.6043662176589,246.25288734843932,243.09047013404685,404.1126033245396,1.4650793681596577,411
14.62,21.713,0.1033,0.0006,250.46663273311725,304.9159007185775,768.9551132819435,261.6255000363492,242.59423745726784,240.0662868169744,401.80580722887913,1.494733097655779,411
14.63,20.2266,0.0919,0.0006,245.6496321640925,299.0517261128083,748.4555584850533,254.4813271856848,231.15974375812257,235.37689456034465,395.6046755362607,1.5087394638655802,411
14.64,18.9371,0.0852,0.0006,242.6051598577725,295.34541200076654,729.9055469711761,249.319709970362,224.4387358720642,231.73832776429296,391.6074225358021,1.5311801118351662,411
14.65,16.8138,0.077,0.0006,238.3138271184614,290.12118083986604,697.536225653028,241.70411092132292,216.39861444363245,225.9411314119206,386.2161197235694,1.5807254261777597,411
14.66,15.8602,0.0698,0.0006,234.60304585450663,285.6037079967907,682.1968594580877,236.3865184985078,208.31254340259892,222.2734107880528,381.2195276605807,1.593402141926268,411
14.67,15.115,0.0626,0.0015,230.76100848834037,280.9264451162404,669.818248943659,231.2398124642032,199.74236057762988,218.794216625246,375.7931486002587,1.5976147540186891,411
14.68,14.5205,0.0515,0.0023,224.6158490582783,273.4453814622518,659.6767604947302,223.9819480312584,185.47507537401083,214.0784800965517,366.3321635242992,1.5780628753189243,411
14.69,13.9993,0.0496,0.0021,223.29243553597576,271.8342693481444,650.5727266692619,221.7469299230232,183.153269016208,212.33137470330627,364.5105263918728,1.5927446913013774,411
14.7,13.751,0.0494,0.0038,223.0637821955508,271.555908759801,646.1899133060865,221.07909478147624,183.0098820386733,211.7539476401931,364.3335941650646,1.60317069093511,411
14.71,13.6372,0.0492,0.0038,222.914514034572,271.3741909986093,644.1853147676528,220.7150892778429,182.79944379204525,211.46947143211423,364.1817609268912,1.6076218477037845,411
14.72,13.6784,0.0488,0.0042,222.75240599843468,271.1768420850509,644.972783010182,220.5940746881557,182.23384633768444,211.45800112345336,363.8661615702668,1.6040906575178138,411
14.73,13.7196,0.0484,0.0023,222.58817238985444,270.9769055180837,645.7510814804152,220.4710906955032,181.66844532819667,211.44504890963572,363.5475934328253,1.6005780271745833,411
14.74,13.8294,0.0464,-0.0049,221.53253960623044,269.69178734671533,647.7393923791449,219.5607757404744,178.84628681672535,210.98753417209164,361.6420320974968,1.5866906758378383,411
14.75,14.3776,0.0437,-0.0127,220.17143254517907,268.03478744630496,657.449077662769,219.27575798162889,174.9500600362303,211.1586151468465,358.9993007673343,1.5496157399203123,411
14.76,14.6788,0.0397,-0.0283,217.97277912916604,265.3581658963761,662.6709168398057,217.31703928384076,169.09431571418116,210.1487843669293,354.66218049839125,1.5189456455079169,411
14.77,15.3428,0.0373,-0.0329,216.5682661965445,263.64832406535857,674.0001331217641,217.3573840264404,165.69718733684624,210.43971239556893,351.9742264002606,1.4794822459149732,411
14.78,16.1845,0.0349,-0.039,215.1574578946015,261.9308183064714,687.9249718173327,217.62497047661677,162.30363676387154,210.9366883584958,349.14194540414763,1.43522849953359,411
14.79,17.0145,0.0327,-0.0416,213.751239784554,260.2189006072831,701.2389752265603,217.9411362640636,159.3242671171879,211.3559129990695,346.38651254130986,1.3942884526985393,411
14.8,17.9565,0.029,-0.0429,211.16467071481964,257.0700339136935,715.8740557732533,217.4849552911644,154.53640349080766,210.92960387604452,341.21565595833965,1.3439317130554072,411
14.81,18.0916,0.0258,-0.0435,208.879124343376,254.2876296354143,717.9739724153064,215.72999336268117,150.4287862739979,209.15740723315736,336.14455178279576,1.323566281981579,411
14.82,18.1611,0.0248,-0.0436,208.19068749603807,253.44953260387248,719.074577218478,215.2580530423922,149.1975929882709,208.6265530692332,334.4881383205619,1.3164743858157757,411
14.83,18.053,0.0183,-0.0436,203.68781175382048,247.967770830738,717.4837111280533,211.12573448118735,141.43232295441638,203.2926206831364,321.570035593442,1.2884972582969587,411
14.84,17.8021,0.0181,-0.0436,203.54373652762544,247.7923749031962,713.7039542030972,210.458612717811,141.01042394349005,202.73635181067607,321.1324807419764,1.29521090087339,411
14.85,17.4122,0.0178,-0.0432,203.29472862038276,247.4892348422051,707.7373921719757,209.403512113464,140.3515653750142,201.8485167748858,320.43759642487146,1.3058233922201703,411
14.86,17.1458,0.0178,-0.0443,203.2612306911075,247.44845475439172,703.6229794112098,208.79418195788804,140.12609664275428,201.43856952840736,320.45561220103593,1.314225771580867,411
14.87,17.0917,0.0178,-0.0439,203.2807626072088,247.4722327392107,702.8216421804653,208.68366523796288,140.08964859159377,201.38457836754463,320.5026625078953,1.3160424994367943,411
14.88,17.1004,0.0178,-0.0447,203.31678931334145,247.51609133798084,703.0027462072758,208.72095250410624,140.1084845829612,201.43697958083183,320.5583866824831,1.31589279741316,411
14.89,17.1091,0.0176,-0.0445,203.2201932547752,247.39849613624807,703.186782808747,208.6439001797411,139.90504690555466,201.300480772388,320.14346548473026,1.3147960913445855,411
14.9,17.1381,0.0175,-0.0455,203.1958950964089,247.3689157695412,703.6858647297948,208.6723954975598,139.83215974768387,201.2919413999301,319.9647617810588,1.3135457106461177,411
14.91,17.3234,0.0171,-0.0453,203.0219180571341,247.157117634772,706.6315906566939,208.90690714620968,139.5847330630022,201.25489686176303,319.0839640448225,1.306090903027232,411
14.92,17.3736,0.0167,-0.0462,202.81828070933045,246.9092112983153,707.4577916763913,208.82714781025055,139.22760298033026,200.98107127670244,318.1644069942739,1.3029064237453494,411
14.93,17.1574,0.0167,-0.0475,202.78703034784544,246.8711673799857,704.1228669487692,208.32412755731215,139.0250301072617,200.6563598045622,318.1888587505977,1.3096631636831977,411
14.94,16.8022,0.0167,-0.048,202.7073153402192,246.7741230228756,698.5602312486511,207.47974039212943,138.68817094325738,200.0900449564558,318.1935026514402,1.3209031772311912,411
14.95,16.5705,0.0167,-0.0485,202.66204829258004,246.71901531270612,694.9071019532735,206.92923954934264,138.47415416065712,199.7275018410637,318.2146734994316,1.3284326415907708,411
14.96,16.4673,0.0171,-0.0485,202.92569837819065,247.03998063431905,693.2956464183508,206.92372363303707,138.83450619963995,199.97748785712025,319.2345946757372,1.3338129947256947,411
14.97,16.4978,0.0176,-0.0493,203.3083500335364,247.50581743213127,693.8296183732875,207.3095015246745,139.44637435071405,200.54709890005265,320.4914665076235,1.3353837023267916,411
14.98,16.5283,0.018,-0.0501,203.62668781900229,247.8933590840028,694.3630723445149,207.6393384721661,139.95071683292116,201.01227738427644,321.4878456853421,1.336490251625868,411
14.99,16.6053,0.018,-0.0503,203.6832756915989,247.96224866803348,695.6430549574675,207.8409333767732,140.0274744465022,201.18417824081027,321.5531881903723,1.3340876940418882,411
15.0,17.1458,0.018,-0.0505,203.8654000721173,248.1839653051863,704.2579899762105,209.14412577273148,140.50582174177572,202.15176030731968,321.6836863851641,1.3168689168870409,366
15.01,18.0453,0.018,-0.0502,204.10111709750737,248.47092516218288,718.204989965047,211.2557627943755,141.31462885505636,203.6834322924912,321.85969143970226,1.2895249499446335,366
15.02,18.5627,0.0181,-0.0508,204.29010436455027,248.7009966177134,726.0529729955637,212.50579698797088,141.89673390715308,204.6462123523395,322.21325901484295,1.275005860463445,366
15.03,19.1495,0.0184,-0.0519,204.58996205718657,249.06604076527063,734.7861824707571,213.991494327888,142.73784359897317,205.88417673476943,323.03134043428327,1.2598426174376354,366
15.04,19.856,0.0192,-0.0533,205.16890392983527,249.770839566756,745.0765715288804,215.95514089621085,144.1537771581019,207.73187328625448,324.96532061648725,1.2439615853639592,366
15.05,20.6436,0.0246,-0.0538,208.6870008639115,254.05374018215315,756.2847331914096,220.53305313383945,150.47254981660046,213.2797812198988,335.7588479303342,1.246075554100178,366
15.06,22.7284,0.0257,-0.054,209.0630454829701,254.51153363144184,784.6616429169856,225.08479077484276,152.81396235200629,217.0818583977892,337.97096279477006,1.1974496206101135,366
15.07,23.6009,0.0254,-0.054,208.68140392055355,254.04692651197823,796.091777960285,226.52197479825003,153.0009514032575,218.09023424405257,337.6062381817489,1.1755989985782656,366
15.08,24.4425,0.0265,-0.054,209.16382797268403,254.6342253580501,806.8764876226969,228.59050391847111,154.58394611936083,220.00663235390945,339.6170897082685,1.160716330747022,366
15.09,25.1799,0.0265,-0.054,208.9564523221019,254.381768044298,816.1474020728613,229.88092536689976,154.99969469877416,220.9910143622129,339.7487724800848,1.1445149634543883,366
15.1,27.0369,0.0266,-0.0541,208.3761383177169,253.67529882156845,838.699760796579,233.0625217935004,156.16245421934792,223.37799220598487,340.1512073901252,1.106288512525948,366
15.11,27.3805,0.027,-0.0542,208.5065832783853,253.83410138238216,842.8120403619819,233.82969379950868,156.7290330732769,224.1032188519884,340.9008000003228,1.1009083091528875,366
15.12,27.5851,0.0274,-0.0542,208.6893847523584,254.0566423072189,845.2685636716291,234.36641247480384,157.21317198473648,224.6589137503493,341.62915244118176,1.0983190830945095,366
15.13,27.7087,0.0265,-0.0542,208.16272998623984,253.41549737455284,846.7693056039714,234.1874606638285,156.5207629150463,224.2224936688352,340.21724804344063,1.093062449080411,366
15.14,26.786,0.0255,-0.0542,207.98558388880247,253.19984125593348,835.9356072988845,232.24360536451,155.115554868418,222.4612554271129,338.4919489921215,1.1080856134575403,366
15.15,25.7899,0.0232,-0.0544,207.0817043735264,252.09946619385823,823.970133235263,229.5577055770063,152.54282609968718,219.5618029962853,334.3199683519859,1.1209639927738646,366
15.16,24.8749,0.0185,-0.0544,205.1629468427342,249.7635874607199,812.7265684206695,226.19910979849436,148.55405834600887,214.3962021342567,324.5918506038915,1.1269831048336876,366
15.17,23.6897,0.0192,-0.0543,205.55662833566723,250.24285188689927,797.7566089230236,224.1036182903144,147.80752836944467,213.59072664348253,326.09940607871897,1.1533945899532965,366
15.18,22.3963,0.0133,-0.0542,203.8896538700896,248.2134916679352,780.8727998227049,220.09410607272625,143.8701907521054,205.54950984037643,310.82327449442965,1.1711884900736786,366
15.19,21.2845,0.0131,-0.0543,203.52327062942663,247.7674598966933,765.8740879771939,217.465600321731,142.17221416551988,203.82879585940796,310.14644691114995,1.194850268273426,366
15.2,20.3733,0.0129,-0.0543,203.1797745577641,247.34929076597368,753.2224951121016,215.250708324675,140.76382849594705,202.3271318859088,309.47808418901354,1.2153584471608352,366
15.21,19.246,0.0126,-0.0543,202.6686729949596,246.72708016777688,737.0606945090055,212.4115041527133,138.97847469323926,200.3205616053233,308.45423472758193,1.2421633234385423,366
15.22,17.5357,0.0126,-0.0542,201.83648116455532,245.71397706989347,711.350391007441,207.9990551036224,136.41155990761536,197.6900353353188,308.29314228799484,1.2873465602463283,366
15.23,16.9296,0.0127,-0.054,201.56930632746463,245.3887207464787,701.8965509535183,206.434396151134,135.594322848239,196.8562597752957,308.58108393997435,1.3051062881828035,366
15.24,16.9246,0.0128,-0.0531,201.63896684932612,245.4735248600492,701.8656251003579,206.47140812061696,135.6626709340891,197.0120194994132,308.946503443068,1.3056457490093771,366
15.25,16.9449,0.0134,-0.0531,201.94200337684552,245.84243889355108,702.2328831036889,206.76234981654255,136.12265648572733,197.83273509629032,310.84618261074854,1.307001667645289,366
15.26,16.9653,0.0146,-0.0529,202.58766074815196,246.6284565629676,702.6021021941151,207.3461550602943,137.1427551363404,199.31690402417604,314.38634817208856,1.310782573452982,366
15.27,17.2848,0.0178,-0.0525,204.68130343248112,249.17723896128135,707.6775748914183,209.81999102431067,140.71177531615737,203.2046319068693,322.6891390576132,1.314848393922926,366
15.28,18.0762,0.0179,-0.0521,204.9581722081286,249.5142966012,719.9388577956502,211.74700070770572,141.55132686456076,204.651223266818,323.0847437619808,1.2913805713758266,366
15.29,19.0993,0.0186,-0.0524,205.5883237454627,250.281437603172,735.2954134498337,214.454027951232,143.20227365509973,206.97561951243867,324.88604786662273,1.2650759922200157,366
15.3,20.188,0.0182,-0.0527,205.49186936474135,250.1640148788156,751.0885441608506,216.67141256574004,143.8397259509887,208.2962256769173,324.15569666576533,1.2343041635792182,366
15.31,20.9408,0.0187,-0.0519,205.84184733725863,250.5900750192714,761.7232016877608,218.53584043805856,144.99779979951475,209.9069460505065,325.44172835307216,1.217034045036513,366
15.32,21.8558,0.0192,-0.0538,206.14584211611827,250.96015561962227,774.3206516340653,220.68600184835796,146.27663561376872,211.70512306907077,326.7173338514559,1.1965253476799724,366
15.33,21.8327,0.0202,-0.0559,206.72758055018528,251.6683589306604,774.0523703107764,221.103552026104,147.12663335316674,212.60534472069187,328.9326574533501,1.2006813063622983,366
15.34,21.8365,0.0212,-0.058,207.3422140345116,252.41660838984023,774.1484274778469,221.6048383944852,148.0592471561828,213.5037491834192,331.0603636274259,1.2044080424917942,366
15.35,21.6165,0.0216,-0.0595,207.6397992098912,252.77888599465012,771.2040660607355,221.3838461233689,148.28839690039072,213.5623584372052,331.89566115030016,1.211507951578833,366
15.36,21.5702,0.0216,-0.0599,207.6786833007244,252.826223148708,770.6209647245927,221.3108397412514,148.26662096016872,213.53508542124968,331.94508417819475,1.212777619268799,366
15.37,21.3501,0.0217,-0.0603,207.79593469656217,252.96896397842357,767.6544678023303,220.94135145194457,148.2154661056177,213.34030106563307,332.17394829499744,1.2188279816235157,366
15.38,21.2806,0.0217,-0.0604,207.8365574329168,253.01841774442047,766.7475164516878,220.82130064332625,148.1771982346771,213.27871686321689,332.2205969900224,1.2207055020524091,366
15.39,21.0876,0.0218,-0.0605,207.9506335605447,253.1572930302284,764.1311263397619,220.50468335344112,148.15050692132633,213.11889642334103,332.4514805118713,1.2261641947797512,366
15.4,20.9331,0.0217,-0.0605,207.93388153798605,253.1368992636352,762.0354812140113,220.15956878196025,147.94936956322698,212.85054780546747,332.2893570688261,1.2298605313232436,366
15.41,20.4312,0.0217,-0.0605,208.00040685478965,253.21788660583087,755.0482557693651,219.1563866372277,147.60137806888503,212.14628572145844,332.2842549851229,1.2431893505556624,366
15.42,19.8869,0.0215,-0.0605,207.9236031214579,253.12438640873137,747.3437593877518,217.94007849940644,147.01275462931028,211.1987444405432,331.8726767680208,1.2572019331124358,366
15.43,19.0298,0.0212,-0.0603,207.75109301178105,252.9143741012987,734.9123423434589,215.97573817628935,146.08554518124922,209.65631835995345,331.21333214774535,1.2801555337240804,366
15.44,18.3851,0.0205,-0.0603,207.2667214447441,252.32470436751456,725.3406701143226,214.184690249247,144.83831701081112,208.07525965146175,329.7407121856856,1.2959846207744392,366
15.45,17.7982,0.0204,-0.0601,207.1645150214575,252.200279156557,716.4476506538133,212.8330291252244,144.3033765548532,207.05866104408344,329.506029949769,1.31350805955036,366
15.46,17.4759,0.0203,-0.0599,207.0802691481653,252.09771896298383,711.5065853482766,212.0587835111801,143.96130849226125,206.46741842657235,329.3049765019192,1.323244459874486,366
15.47,17.4196,0.0204,-0.0601,207.1756954353378,252.21389009519385,710.6744297742331,212.00785392112607,144.05153192340242,206.49280880719863,329.56145308595285,1.3256505430464287,366
15.48,17.3985,0.0205,-0.0601,207.27705551131595,252.3372849702977,710.3907007206221,212.03754767615308,144.16795497694403,206.57769137321824,329.8219816305998,1.3269420204498423,366
15.49,17.6312,0.0208,-0.0601,207.55866779253083,252.68011731264627,714.0533089344098,212.7656008142234,144.70443740785188,207.26022414857997,330.53197870557784,1.321172810257704,366
15.5,17.8639,0.0213,-0.0601,207.97582769610665,253.18796415178204,717.6869474579825,213.60843140056463,145.47594752700445,208.0990637760414,331.6405662198286,1.3164662492080663,458
15.51,18.3619,0.0222,-0.0601,208.6878628849312,254.0547895990467,725.3159821042841,215.2649450910312,146.89108985763596,209.6811243210054,333.5518988132222,1.3056415915811976,458
15.52,18.9449,0.0231,-0.0592,209.37178302698783,254.88738803285477,734.0830046187596,217.06912330093863,148.33218992932848,211.36078259943056,335.4118177860162,1.2925855410212677,458
15.53,19.0723,0.0242,-0.0597,210.1823623315878,255.87418022975908,736.0115039108326,218.01463726948887,149.7306384565776,212.421369805008,337.5181360641661,1.2941982353771826,458
15.54,18.9951,0.0252,-0.0596,210.9338818157798,256.7890735148624,734.9184598576592,218.48196258106776,150.91815655056152,213.0501469297511,339.3445511264806,1.301444428743425,458
15.55,19.0279,0.0252,-0.0595,210.9669503644896,256.82933087850904,735.4503763685788,218.5672262969495,150.9459365744703,213.14119734095692,339.4041182164864,1.3005809502985792,458
15.56,19.0607,0.0254,-0.0586,211.14325562094572,257.04396336462963,735.984053687335,218.77506062053243,151.21879498526792,213.3721248211697,339.8126898417216,1.300682742047069,458
15.57,19.1534,0.0255,-0.059,211.2443925154543,257.16708654055304,737.3959105800593,219.0433980972409,151.3974635405561,213.6290448798274,340.05378827526187,1.2985214076995146,458
15.58,19.1032,0.0253,-0.0591,211.1385189206136,257.0381969468339,736.7031431941012,218.836516039784,151.14039522960277,213.44690404857536,339.7544660098232,1.2991718316995051,458
15.59,18.2422,0.0251,-0.0591,211.046986789834,256.9267665267545,723.8764725366921,216.94009015405544,150.48967262147545,211.93226546018929,339.34337721875414,1.3246533602039998,458
15.6,17.6013,0.0239,-0.0591,210.17638950157115,255.8669089584345,714.0932170297777,214.82327994844556,148.66080678381942,210.0254531625011,337.15455935195644,1.339144609312766,458
15.61,16.9412,0.0225,-0.059,209.1027741120216,254.55989891898284,703.7802897628596,212.4748828193459,146.51665661539542,207.8657513758864,334.4788058948404,1.3537713088954328,458
15.62,16.1536,0.0214,-0.059,208.1602718653021,253.4125048794982,691.132773115606,209.95089451473223,144.62579805767663,205.62517037886232,332.2431528683749,1.375044868046792,458
15.63,15.3776,0.0208,-0.059,207.51475434299317,252.6266574610352,678.2905060981707,207.6968494138692,143.349242229654,203.72748708260207,330.9501526461402,1.3998031284367805,458
15.64,14.3197,0.0187,-0.059,205.49501634574293,250.16784598612185,660.0998342198201,203.5897335572882,139.76377260087452,199.90929008746863,326.283395127391,1.4281988152182976,458
15.65,12.316,0.0171,-0.0584,203.06746424615005,247.21256516922617,623.1751916635244,196.75638733969137,135.81822344389266,194.20442498547743,322.2039452674789,1.5047616210867738,458
15.66,11.4937,0.0157,-0.0582,201.00938401863831,244.7070761966032,606.9650904825426,193.3575110924196,133.09854883665375,190.9571051409451,318.5344639574855,1.5331628392561465,458
15.67,10.7447,0.0152,-0.0584,199.82891255929343,243.269980506966,591.5616207817404,190.52939102314772,131.5984596106875,188.63922355637067,317.09012392827844,1.5683189002715443,458
15.68,10.212,0.0144,-0.0584,198.49406624026267,241.6449502055372,580.206487345109,188.09458676421423,129.78707344002316,186.4575915350651,314.80154279859937,1.5914018368235232,458
15.69,9.7718,0.0141,-0.0584,197.63966106291525,240.60480477224468,570.5475177287931,186.3137419343561,128.84876185053494,184.98756070571105,313.8894048511989,1.6143042890968802,458
15.7,9.3356,0.0135,-0.0584,196.46125207338773,239.17021991542853,560.7050278222662,184.22928435012025,127.37276616280468,183.14544045868985,312.0648184227323,1.6356848549145646,458
15.71,9.1618,0.0127,-0.0583,195.4862628535715,237.9832765173914,556.7250473734629,182.8962314880857,125.79891925092696,181.75892586294145,309.6032221714132,1.6399536364787162,458
15.72,8.9842,0.0115,-0.0582,194.12930905411227,236.331332761528,552.6077462641593,181.1834369703448,123.51875327459923,179.7920919310717,305.638961487247,1.6412061570352434,458
15.73,8.9032,0.0111,-0.0578,193.65330526484055,235.75184988763203,550.7333224457025,180.52947000862736,122.7334131330686,179.06258828512892,304.2641264017399,1.643087055295512,458
15.74,8.768,0.0106,-0.0578,192.98059069637665,234.93289302167597,547.5539357667491,179.56726870946108,121.69777993359692,178.01770677021082,302.4608568076037,1.6475849597316636,458
15.75,8.5287,0.0107,-0.058,192.62353221260983,234.49821312839455,541.8222954208306,178.68561136498738,121.51994630592668,177.47933812087155,302.81693593710355,1.663952457710781,458
15.76,8.4013,0.0106,-0.0579,192.3008246713221,234.10535177378347,538.7464217105371,178.07894860582772,121.16358881167132,176.9883710237902,302.46240693970555,1.671626399170575,458
15.77,8.3383,0.0107,-0.0578,192.28996149783205,234.09212704083905,537.2317325136546,177.9144439752674,121.2531894292967,176.9656801735354,302.8635708776248,1.6768419792256155,458
15.78,8.3309,0.0107,-0.0576,192.30389635456933,234.1090912142583,537.0839551807977,177.8926340921981,121.24840688850269,176.9742412086932,302.91015795226707,1.6774731665292628,458
15.79,8.3314,0.011,-0.0578,192.60969390199176,234.4813664893813,537.1290341607462,178.17314138695184,121.78941787687504,177.4136529012284,304.0498520821164,1.680213116430701,458
15.8,8.3318,0.0118,-0.0576,193.37949397567928,235.4185144051748,537.1735030994147,178.90979019257043,123.24229059915224,178.48309663349346,306.8867420917168,1.687394047228325,458
15.81,8.714,0.0134,-0.0573,195.62356153747743,238.15042274127688,546.5039599468656,181.890751276953,126.60291106324264,181.5774484829741,312.1553281058675,1.6758100755451526,458
15.82,9.1387,0.0142,-0.0575,197.12396463784555,239.97700042868155,556.5756414972577,184.22342425600988,128.47477744939286,183.7403390351212,314.67846580053936,1.6552540007007095,458
15.83,9.602,0.0145,-0.0573,198.1614941891339,241.24007988242383,567.2387924874753,186.1867286520306,129.45638115595523,185.4074353485414,315.7008445873626,1.629346458230445,458
15.84,10.5247,0.0149,-0.0571,199.82250033851645,243.26217432515045,587.532816904128,189.73766310211852,131.0250946462365,188.3312647830188,317.0854996226473,1.5800576313859749,458
15.85,10.8181,0.0152,-0.0573,200.4693348689972,244.0496250579096,593.7790729545156,190.9676175899261,131.7970981060221,189.42474867446484,318.0237421862232,1.5667442894937422,458
15.86,11.0188,0.0156,-0.0572,201.07228417963083,244.78365030563756,598.0051985297891,191.9533013159356,132.62962163173245,190.37012224825347,319.1938038658543,1.5592994664776774,458
15.87,11.3316,0.0168,-0.0572,202.29118343919671,246.26752766510907,604.47804354748,194.0559089089957,134.92185372769904,192.352049024379,322.40196465469006,1.5506002635589409,458
15.88,11.6597,0.0172,-0.0571,203.0609869933231,247.20467981795855,611.1498255027466,195.325858010404,135.7685895401187,193.55576214093853,323.5095578547105,1.53778999269261,458
15.89,12.1616,0.0176,-0.057,204.0049317553932,248.3538299630873,621.1167908497346,197.0435143954804,136.7007843446854,195.14008096637576,324.63076823431703,1.5175165104324324,458
15.9,12.6403,0.0179,-0.0568,204.7929040380115,249.313100568014,630.3928588332718,198.57332856784575,137.44973816868,196.53779896906016,325.4896074238198,1.4985225040517578,458
15.91,13.1692,0.0182,-0.0563,205.28035266330772,249.906516285766,640.3915266498298,200.4601133805131,138.4144734836397,198.00885424838816,326.3445248231362,1.4758429157495825,458
15.92,13.9993,0.0182,-0.0564,205.8240594536379,250.56842020442875,655.5733491911209,202.75857673613365,139.0694008278155,199.79436258728504,326.5440821993001,1.4413052659786554,458
15.93,14.2194,0.0204,-0.0565,207.69143643592105,252.84174870459952,659.5353305172163,204.8973209848248,142.32503199219505,202.1845732249864,331.5153100923582,1.445717777506338,458
15.94,13.9954,0.0215,-0.0565,208.47808833293448,253.7994118835724,655.5846637152539,205.1054786547755,143.77787959566427,202.63938221436203,333.8001986114378,1.4616241936566676,458
15.95,13.814,0.0221,-0.0567,208.8911965232227,254.30232620218416,652.3629096645858,205.07377801261336,144.56404971222423,202.7569986457972,335.0175581421699,1.4729830399855317,458
15.96,13.6325,0.022,-0.0568,208.74937165216056,254.12966983741285,649.11264052382,204.5387383715391,144.33261884923084,202.33029792989603,334.8404239110267,1.4802235699031736,458
15.97,13.1345,0.0218,-0.0568,208.4751133771948,253.79579019832408,639.9825676451817,202.94427200592304,143.6879917251233,201.1314706488095,334.4040307587617,1.5019998903648406,458
15.98,12.7214,0.0214,-0.0567,207.81239786715523,252.9890060991455,632.250581158209,201.62326271854457,142.9515174968492,199.93532660016325,333.5738737124887,1.517513355147433,458
15.99,12.123,0.0203,-0.0567,206.372972631914,251.236662334504,620.7488430588471,199.23220452589683,141.0295642684055,197.71959956220243,331.2276752247472,1.5376460318915406,458
16.0,11.401,0.0192,-0.0567,204.9456056553223,249.49899818908804,606.3824166495295,196.16253243379643,138.80116505385672,195.10884784990677,328.7400739786136,1.5670213628957728,458
